tag,name,region,regular_land,levy_land,mercenary_land,regular_navy,coastal_locations,patrol_navy,transport_navy,land_floor,levy_floor,mercenary_floor,naval_patrol_floor,naval_transport_floor,inland_exclusion_floor
ROM,Roman Empire,Rome,antq_batavian_auxiliary_cohort;antq_bow_infantry;antq_household_retainers;antq_javelin_skirmishers;antq_legionaries;antq_roman_alae;antq_roman_marines;antq_roman_sagittarii;antq_roman_scouts;antq_spear_and_shield_infantry,antq_auxilia;antq_district_spear_muster;antq_seasonal_skirmishers,antq_armenian_horse;antq_balearic_slingers;antq_caravan_guard_company;antq_cilician_marines;antq_cretan_archers;antq_dacian_falxmen;antq_frontier_spear_company;antq_galatian_swordsmen;antq_germanic_bodyguards;antq_iberian_swordsmen;antq_numidian_horse_company;antq_syrian_archers;antq_thracian_peltasts,antq_liburnian;antq_merchant_roundship;antq_quinquereme;antq_trireme,abbeville;adra;agde;aix_en_provence;ajaccio;ajdabiya;ajim;akcasehir;al_bayda;al_khums;al_mima;alaiye;albenga;alcacer_do_sal;alcobaca;aleria;alexandria;algeciras;alghero;alicante;almeria;almunecar;amasra;amorgos;ancona;andravida;andritsaina;andros;angelokastron;annaba;antalya;antioch;aquileia;ares_del_maestre;argos;argyrokastro;arles;arques;arta;ascolipiceno;astros;atalanti;athens;atpazari;atri;aumale;aviles;avlonya;avranches;ayamonte;ayasuluk;ayvacik;azeffoun;babadag;bafra;balat;ballsh;bandirma;bar_cg;barca;barcelona;barcelos;bari;barletta;bartin;bastia;bayeux;bayonne;bayramlu;beauvoir;bejaia;benauges;benghazi;bergama;betanzos;beziers;biga;bilbao;bizerte;blain;bodonitsa;bodrum;bonifacio;bordeaux;bosa;boulogne_sur_mer;brac;bracciano;brest;brindisi;bruges;bursa;butrint;cadiz;caen;cagliari;calais;calvi;campagna;canakkale;candia;cangas;cartagena;caserta;cassano;castellon_ampurias;castellon_de_la_plana;castelnau_de_medoc;castelsardo;castropol;catania;catanzaro;cefalu;cephalonia;cesena;cesme;chalandritsa;chania;chateaulin;chatelaudren;chebba;cherbourg;chieti;chioggia;chios;ciudadela_de_menorca;civitavecchia;collo;comacchio;constanta;corfu;coria_del_rio;corinth;corneto;coruna;cotrone;coutances;crikvenica;csantangelo;dakahla;damala;damietta;demetrias;denia;derna;dol;dubrovnik;dunkirk;durres;edremit;el_agheila;el_alamein;el_arish;el_burullus;el_jundi;el_kala;el_milia;el_qoseir;el_tor;elche;elounda;enisala;eregli;eretreia;ermioni;esgueira;faran;faro;fecamp;feira;fermo;ferrol;figueira;finalborgo;finike;finisterre;foca;fontenay;fosdinovo;frejus;gabes;gaeta;gallipoliita;gandia;genoa;gerace;gergeri;gerze;gibraltar;giresun;girgenti;girona;gokabat;gonen;gorele;grasse;grosseto;guerande;hagios_pavlos;hammamet;hatera;hennebont;huelva;hulst;ibiza;ikaria;imbros;inebolu;izmit;iznik;jersey;jijel;jonzac;kalamata;kaliakra;karahisar_i_teke;karpathos;karvuna;karystos;kas;kaseg;kassandreia;kavaje;kavala;kelibia;khupati;kleisoura;kos;kotor;krk;kruje;kure_i_mamure;kymi;kyparissia;kythira;kythnos;la_rochelle;la_teste_de_buch;lagonegro;lagos;lanciano;lapseki;laredo;larino;lavagna;le_faou;lecce;leiria;lemnos;lesparre_medoc;leukas;leuktron;lezha;libourne;lisbon;lisieux;livadeia;livorno;llanes;longueville;lorca;lucca;machecoul;mahdia;mahres;makarska;malaga;malta;manacor;manavgat;manfredonia;mansouria;marbella;marmaris;marseille;martinafr;massa;matera;matruh;mazara;medenine;megara;megri;melgueil;menemen;messina;mestre;metkovic;milas;milos;mimizan;misratah;mistretta;mitilene;modica;modon;mojacar;molyvos;monastir;mondonedo;monemvasia;monopoli;monteleone;montpellier;montreuil;mount_athos;mula;muravera;murcia;mykonos;mystras;nabeul;nafpaktos;nafplio;nantes;naples;narbonne;naxos;negroponte;nicastro;nice;niebla;nimes;noto;novigrad;noya;nuweiba;odemira;oitylo;oleron;oreos;orihuela;oristano;orosei;ostend;pag;palermo;palma;palmi;pangalia;paola;parga;patras;patti;pazin;peniscola;perpignan;pesaro;piombino;pisa;pitigliano;pola;pollensa;polygyros;pont_audemer;pontevedra;pontikokastro;porto;posada;preveza;qaminis;qatya;quimper;quimperle;ras_gharib;ras_lanuf;rashid;ravenna;redon;reggiocal;rentina;rethymno;rijeka;rimini;rize;rochefort;rodos;rome;rossano;rotondo;rovinj;royan;safaga;saint_anthony;saint_brieuc;saint_katrine;saint_malo;saint_paul_anchorite;salacon;salemi;salerno;sallum;salona;samos;samsun;san_sebastian;san_vicente_barquera;sanlucar;sansevero;sant_feliu;santander;santarcangelo;sartene;sarzana;sassari;savona;scalea;sciacca;sejnane;selinti;senj;setubal;sevilla;sfaqes;shkoder;sibenik;sidi_fredj;silli;silves;sines;sinop;sint_niklaas;sirte;siteia;sitges;skikda;slano;smyrna;sousse;split;sporades;st_pol_de_leon;st_sauveur;stomio;suez;surmene;syracuse;tabarka;talmont;tancarville;taranto;tarifa;tarragona;tartas;tavira;tawurgha;tebourba;tedelles;tekouch;tempiopausania;terme;termini;terracina;terralba;terranova_pausania;terranovasic;thasos;thebes;thessaloniki;tinnis;tmimi;tobruk;tolosa;torres_vedras;tortoli;tortosa;tosse;toulon;trapani;tratalias;trebizond;treguier;trieste;tripoli;tulcea;tunis;tuy;udine;unye;urla;uskudar;valencia;vallo;valmaseda;vannes;varna;vasto;velez_malaga;velletri;venice;ventimiglia;veurne;viana_do_castelo;viannos;vico;villa_di_chiesa;villaviciosa;vivero;vonitsa;vostitsa;warrada;xylokastro;yuksekkum;zadar;zakynthos;zarzis;zawiya;zetounion;zliten;zuwarah,antq_liburnian;antq_quinquereme;antq_trireme,antq_merchant_roundship,pass,pass,pass,pass,pass,pass
JUD,Herodian Judea,Levant,antq_bow_infantry;antq_household_retainers;antq_javelin_skirmishers;antq_spear_and_shield_infantry,antq_district_spear_muster;antq_seasonal_skirmishers,antq_caravan_guard_company;antq_frontier_spear_company;antq_syrian_archers,,,,,pass,pass,pass,pass,pass,pass
GAL,Herodian Galilee-Peraea,Levant,antq_bow_infantry;antq_household_retainers;antq_javelin_skirmishers;antq_spear_and_shield_infantry,antq_district_spear_muster;antq_seasonal_skirmishers,antq_caravan_guard_company;antq_frontier_spear_company,,,,,pass,pass,pass,pass,pass,pass
BAT,Herodian Batanea,Levant,antq_bow_infantry;antq_household_retainers;antq_javelin_skirmishers;antq_spear_and_shield_infantry,antq_district_spear_muster;antq_seasonal_skirmishers,antq_caravan_guard_company;antq_frontier_spear_company,,,,,pass,pass,pass,pass,pass,pass
NAB,Nabataea,Arabia,antq_bow_infantry;antq_camelry;antq_household_retainers;antq_javelin_skirmishers;antq_nabataean_caravan_guards;antq_spear_and_shield_infantry,antq_district_spear_muster;antq_seasonal_skirmishers,antq_caravan_guard_company;antq_frontier_spear_company,antq_mesopotamian_river_transport;antq_persian_gulf_patrol_craft,al_azlam;al_hawra;al_muwaylih;al_wajh;aynuna;duba;haql;makna;umluj,antq_persian_gulf_patrol_craft,antq_mesopotamian_river_transport,pass,pass,pass,pass,pass,pass
CAP,Cappadocia,Anatolia,antq_bow_infantry;antq_household_retainers;antq_javelin_skirmishers;antq_spear_and_shield_infantry;antq_thureophoroi,antq_district_spear_muster;antq_seasonal_skirmishers,antq_caravan_guard_company;antq_frontier_spear_company;antq_galatian_swordsmen;antq_thracian_peltasts,,,,,pass,pass,pass,pass,pass,pass
COM,Commagene,Anatolia,antq_bow_infantry;antq_household_retainers;antq_javelin_skirmishers;antq_spear_and_shield_infantry;antq_thureophoroi,antq_district_spear_muster;antq_seasonal_skirmishers,antq_caravan_guard_company;antq_frontier_spear_company;antq_galatian_swordsmen;antq_thracian_peltasts,antq_merchant_roundship;antq_trireme,adana;anamur;ayas;corycus;famagusta;iskenderun;kyrenia;larnaca;limassol;morphou;paphos;silifke;tarsus,antq_trireme,antq_merchant_roundship,pass,pass,pass,pass,pass,pass
EME,Emesa,Levant,antq_bow_infantry;antq_household_retainers;antq_javelin_skirmishers;antq_spear_and_shield_infantry;antq_thureophoroi,antq_district_spear_muster;antq_seasonal_skirmishers,antq_caravan_guard_company;antq_frontier_spear_company,,,,,pass,pass,pass,pass,pass,pass
THR,Odrysian Thrace,Balkans,antq_bow_infantry;antq_household_retainers;antq_javelin_skirmishers;antq_spear_and_shield_infantry,antq_district_spear_muster;antq_seasonal_skirmishers,antq_caravan_guard_company;antq_frontier_spear_company,antq_merchant_roundship;antq_trireme,ahtopol;anhialo;burgas;catalca;constantinople;corlu;enez;gallipoli;kesan;kiyikoy;komotini;rodoscuk;rusokastro;silivri;sozopol;traianopolis;xanthia,antq_trireme,antq_merchant_roundship,pass,pass,pass,pass,pass,pass
BOS,Bosporan Kingdom,Pontic,antq_bow_infantry;antq_hellenistic_phalanx;antq_household_retainers;antq_javelin_skirmishers;antq_spear_and_shield_infantry;antq_thureophoroi,antq_district_spear_muster;antq_seasonal_skirmishers,antq_caravan_guard_company;antq_cilician_marines;antq_cretan_archers;antq_frontier_spear_company;antq_galatian_swordsmen;antq_thracian_peltasts,antq_merchant_roundship;antq_pontic_monoxylon_patrol;antq_pontic_river_sea_transport;antq_trireme,aqmecit;kaffa;kezlev;lusta;or_qapi;qirq_yer;soldaia;taman;theodoro;vosporo,antq_pontic_monoxylon_patrol;antq_trireme,antq_merchant_roundship;antq_pontic_river_sea_transport,pass,pass,pass,pass,pass,pass
MAU,Mauretania,Africa,antq_bow_infantry;antq_household_retainers;antq_javelin_skirmishers;antq_numidian_light_horse;antq_spear_and_shield_infantry,antq_district_spear_muster;antq_seasonal_skirmishers,antq_balearic_slingers;antq_caravan_guard_company;antq_frontier_spear_company;antq_iberian_swordsmen;antq_nile_bow_company;antq_numidian_horse_company;antq_sahel_javelin_company,antq_merchant_roundship;antq_quinquereme;antq_trireme,agadir;aguz;ait_daoud;al_mazamma;algiers;anfa;aouint_yghomane;arzew;asfi;asilah;azemmour;badis;brashk;ceuta;cherchell;ghassasa;ifni;ksar_ibn_senane;la_mamora;larache;massa_MOR;mazaghan;melilla;mogador;mostaganem;nedroma;noul_lamta;oran;rabat;ras_kebdana;sale;tafedna;tamazaghrane;tamentfoust;tangier;tazroute;temsamane;tenes;tetouan;tit;tizgane;tiznit,antq_quinquereme;antq_trireme,antq_merchant_roundship,pass,pass,pass,pass,pass,pass
PAR,Parthian Empire,Iran,antq_bow_infantry;antq_cataphracts;antq_household_retainers;antq_javelin_skirmishers;antq_parthian_horse_archers;antq_parthian_noble_lancers;antq_spear_and_shield_infantry,antq_district_spear_muster;antq_parthian_foot_archers;antq_seasonal_skirmishers,antq_armenian_horse;antq_caravan_guard_company;antq_frontier_spear_company;antq_germanic_bodyguards;antq_saka_horse;antq_syrian_archers,antq_caspian_oared_boat;antq_merchant_roundship;antq_mesopotamian_river_patrol;antq_mesopotamian_river_transport;antq_persian_gulf_patrol_craft,abadan;acre;al_mamtir;al_tiz;amol;aqaba;arsuz;ashraf;astara;astarabad;bandar_e_anzali;bandar_e_jask;baniyas;beirut;chalus;deir_qamar;dulab;etrek;gaza;gwadar;gwatar;hinglaj;jableh;jaffa;jagin_zir;kojur;lahijan;langarud;lankaran;latakia;machul;majdal;minab;mubarakabad;ormara;pasni;quban;rasht;sari;senderk;sidon;sirik;sonamiani;tammisha;tartus;tonekabon;tripoli_syria;zarabad;zuwayr,antq_caspian_oared_boat;antq_mesopotamian_river_patrol;antq_persian_gulf_patrol_craft,antq_merchant_roundship;antq_mesopotamian_river_transport,pass,pass,pass,pass,pass,pass
CHA,Characene,Iran,antq_bow_infantry;antq_household_retainers;antq_javelin_skirmishers;antq_spear_and_shield_infantry,antq_district_spear_muster;antq_seasonal_skirmishers,antq_caravan_guard_company;antq_frontier_spear_company,,,,,pass,pass,pass,pass,pass,pass
ELY,Elymais,Iran,antq_bow_infantry;antq_household_retainers;antq_javelin_skirmishers;antq_spear_and_shield_infantry,antq_district_spear_muster;antq_seasonal_skirmishers,antq_caravan_guard_company;antq_frontier_spear_company,,,,,pass,pass,pass,pass,pass,pass
PRS,Persis,Iran,antq_bow_infantry;antq_household_retainers;antq_javelin_skirmishers;antq_spear_and_shield_infantry,antq_district_spear_muster;antq_seasonal_skirmishers,antq_caravan_guard_company;antq_frontier_spear_company,antq_mesopotamian_river_patrol;antq_mesopotamian_river_transport;antq_persian_gulf_patrol_craft,bandar_charak;bandar_deylam;bandar_deyr;bandar_khamir;bandar_lengeh;bandar_rig;gamrun;hendijan;hormuz;jannaba;khormoj;kish;reyshahr;siraf,antq_mesopotamian_river_patrol;antq_persian_gulf_patrol_craft,antq_mesopotamian_river_transport,pass,pass,pass,pass,pass,pass
ATR,Media Atropatene,Iran,antq_bow_infantry;antq_cataphracts;antq_household_retainers;antq_javelin_skirmishers;antq_parthian_horse_archers;antq_parthian_noble_lancers;antq_spear_and_shield_infantry,antq_district_spear_muster;antq_parthian_foot_archers;antq_seasonal_skirmishers,antq_caravan_guard_company;antq_frontier_spear_company,,,,,pass,pass,pass,pass,pass,pass
ADI,Adiabene,Mesopotamia,antq_bow_infantry;antq_household_retainers;antq_javelin_skirmishers;antq_spear_and_shield_infantry,antq_district_spear_muster;antq_seasonal_skirmishers,antq_caravan_guard_company;antq_frontier_spear_company,,,,,pass,pass,pass,pass,pass,pass
OSR,Osroene,Mesopotamia,antq_bow_infantry;antq_household_retainers;antq_javelin_skirmishers;antq_spear_and_shield_infantry,antq_district_spear_muster;antq_seasonal_skirmishers,antq_caravan_guard_company;antq_frontier_spear_company,,,,,pass,pass,pass,pass,pass,pass
GOR,Gordyene,Mesopotamia,antq_bow_infantry;antq_household_retainers;antq_javelin_skirmishers;antq_spear_and_shield_infantry,antq_district_spear_muster;antq_seasonal_skirmishers,antq_caravan_guard_company;antq_frontier_spear_company,,,,,pass,pass,pass,pass,pass,pass
SKT,Sakastan,Iran,antq_bow_infantry;antq_cataphracts;antq_household_retainers;antq_javelin_skirmishers;antq_parthian_horse_archers;antq_spear_and_shield_infantry,antq_district_spear_muster;antq_seasonal_skirmishers,antq_caravan_guard_company;antq_frontier_spear_company,,,,,pass,pass,pass,pass,pass,pass
MRG,Margiana,Central Asia,antq_bow_infantry;antq_household_retainers;antq_javelin_skirmishers;antq_spear_and_shield_infantry,antq_district_spear_muster;antq_seasonal_skirmishers,antq_caravan_guard_company;antq_frontier_spear_company,,,,,pass,pass,pass,pass,pass,pass
ARM,Kingdom of Armenia,Caucasus,antq_bow_infantry;antq_cataphracts;antq_household_retainers;antq_javelin_skirmishers;antq_parthian_horse_archers;antq_spear_and_shield_infantry;antq_thureophoroi,antq_district_spear_muster;antq_seasonal_skirmishers,antq_armenian_horse;antq_caravan_guard_company;antq_frontier_spear_company;antq_galatian_swordsmen;antq_thracian_peltasts,,,,,pass,pass,pass,pass,pass,pass
IBR,Caucasian Iberia,Caucasus,antq_bow_infantry;antq_household_retainers;antq_javelin_skirmishers;antq_spear_and_shield_infantry,antq_district_spear_muster;antq_seasonal_skirmishers,antq_caravan_guard_company;antq_frontier_spear_company,,,,,pass,pass,pass,pass,pass,pass
CLZ,Colchis,Caucasus,antq_bow_infantry;antq_hellenistic_phalanx;antq_household_retainers;antq_javelin_skirmishers;antq_spear_and_shield_infantry;antq_thureophoroi,antq_district_spear_muster;antq_seasonal_skirmishers,antq_caravan_guard_company;antq_cilician_marines;antq_cretan_archers;antq_frontier_spear_company;antq_galatian_swordsmen;antq_thracian_peltasts,antq_merchant_roundship;antq_pontic_monoxylon_patrol;antq_pontic_river_sea_transport;antq_trireme,anacopia;anaklia;batumi;bedia;ozurgeti;pitsunda;poti_caucasus;sukhumi,antq_pontic_monoxylon_patrol;antq_trireme,antq_merchant_roundship;antq_pontic_river_sea_transport,pass,pass,pass,pass,pass,pass
ALC,Caucasian Albania,Caucasus,antq_bow_infantry;antq_household_retainers;antq_javelin_skirmishers;antq_spear_and_shield_infantry,antq_district_spear_muster;antq_seasonal_skirmishers,antq_caravan_guard_company;antq_frontier_spear_company,antq_caspian_oared_boat;antq_pontic_monoxylon_patrol;antq_pontic_river_sea_transport,baciravan;baku;derbent;mahmudabad;maraza;niyazabad;qobustan;salyan;shabran;shirvan,antq_caspian_oared_boat;antq_pontic_monoxylon_patrol,antq_pontic_river_sea_transport,pass,pass,pass,pass,pass,pass
HAN,Western Han,China,antq_bow_infantry;antq_han_crossbow_infantry;antq_household_retainers;antq_javelin_skirmishers;antq_spear_and_shield_infantry,antq_district_spear_muster;antq_seasonal_skirmishers,antq_caravan_guard_company;antq_frontier_spear_company;antq_han_frontier_crossbow_company;antq_yellow_river_escort_company,antq_byeonhan_cargo_ferry;antq_byeonhan_coastal_patrol;antq_merchant_roundship,amarendrapura;anak;anbang;andong_huaian;anyuan_lianzhou;baekcheon;banpu;baoan_dongguan;baoning;beihai;bo_hai_khau;changguo;changhua;changle_fujian;changli;changshi;changshu;changyi;chaoyang;chengmai;chengshan;chongming;cixi;co_dang;dagu;dasong;dien_chau;dinghai;dongguan;duling;fenghua;fuan;funing;funing_huaian;fuqing;fushan_jiaozhou;fushan_muping;ganen;ganyu;guanfu;guanghai;guishan;haeju;haifeng;haikang;hailing;haimen;haining;haiyan;haiyang;hangzhou;hepu;hoan_chau;huangxian;huangyan;huating;huian;huilai;jangyeon;jiading;jiangyin;jiaoxi;jieyang;jimo;jinghai;jinghai_tongzhou;jinjiang;juegang;khet_theu;kunshan;laiyang;laoting;lean;lehui;lianjiang;liguo;lijin;lingao;lingshanwei;lingshui;linhai;longxi;lufeng_haifeng;luoyuan;lutai;macheng_luanzhou;minxian;muping;nam_sach;nanan_quanzhou;nanhui;nghe_ann;nhat_nam;ningde;ninghai;ningyuan_wananjun;ongjin;panyu;penglai;phon_nha;pingshan_huiyang;pingyang;pungcheon;putian;qingdao;qiongshan;quang_yen;qushan;quynh_lam;rizhao;rugao;ruian;rushan;ruxi;sanrao;shangyu;shaoxing;shicheng;shicheng_jizhou;shouguang;shuangxi;shunde;suixi;thanh_hoa;thien_truong;tongan;trang_an;van_don;visnupura;vrddha_ratnapura;wanan_wananjun;weihai;wenchang;wendeng;wenling;wuchuan_huazhou;wudi;xiangshan;xiangshan_xinhui;xianyou;xianzhu;xiaoshan;xinghua;xinhui;xixi;xuwen;yancheng;yande;yangjiang;yanshan;yexian_laizhou;yilun;yinxian;yongjia;yueqing;yuyao;zhanchuan;zhangpu;zhanhua;zhaoan;zhaoyuan,antq_byeonhan_coastal_patrol,antq_byeonhan_cargo_ferry;antq_merchant_roundship,pass,pass,pass,pass,pass,pass
XIO,Xiongnu Confederation,Steppe,antq_bow_infantry;antq_household_retainers;antq_javelin_skirmishers;antq_spear_and_shield_infantry;antq_steppe_horse_archers,antq_district_spear_muster;antq_seasonal_skirmishers,antq_caravan_guard_company;antq_frontier_spear_company,,,,,pass,pass,pass,pass,pass,pass
KHT,Khotan,Tarim,antq_bow_infantry;antq_household_retainers;antq_javelin_skirmishers;antq_spear_and_shield_infantry,antq_district_spear_muster;antq_seasonal_skirmishers,antq_caravan_guard_company;antq_frontier_spear_company,,,,,pass,pass,pass,pass,pass,pass
KUC,Kucha,Tarim,antq_bow_infantry;antq_household_retainers;antq_javelin_skirmishers;antq_spear_and_shield_infantry,antq_district_spear_muster;antq_seasonal_skirmishers,antq_caravan_guard_company;antq_frontier_spear_company,,,,,pass,pass,pass,pass,pass,pass
KAS,Kashgar,Tarim,antq_bow_infantry;antq_household_retainers;antq_javelin_skirmishers;antq_spear_and_shield_infantry,antq_district_spear_muster;antq_seasonal_skirmishers,antq_caravan_guard_company;antq_frontier_spear_company,,,,,pass,pass,pass,pass,pass,pass
LOU,Loulan,Tarim,antq_bow_infantry;antq_household_retainers;antq_javelin_skirmishers;antq_spear_and_shield_infantry,antq_district_spear_muster;antq_seasonal_skirmishers,antq_caravan_guard_company;antq_frontier_spear_company,,,,,pass,pass,pass,pass,pass,pass
TUR,Turfan,Tarim,antq_bow_infantry;antq_household_retainers;antq_javelin_skirmishers;antq_spear_and_shield_infantry,antq_district_spear_muster;antq_seasonal_skirmishers,antq_caravan_guard_company;antq_frontier_spear_company,,,,,pass,pass,pass,pass,pass,pass
GOG,Goguryeo,Korea,antq_bow_infantry;antq_household_retainers;antq_javelin_skirmishers;antq_spear_and_shield_infantry,antq_district_spear_muster;antq_seasonal_skirmishers,antq_caravan_guard_company;antq_frontier_spear_company,antq_byeonhan_cargo_ferry;antq_byeonhan_coastal_patrol,bukcheong;buryeong;dancheon;deungju;gilju;goju;goseong;gyeongseong;hamheung;heoryeong;hwaju;ingnyeong;jeongju_jeongju;jeungsan;munju;myeongcheon;myeongju;north_jeongju;onseong;samcheok;samhwa;seonju;sukju;tongcheon;uiju;uljin,antq_byeonhan_coastal_patrol,antq_byeonhan_cargo_ferry,pass,pass,pass,pass,pass,pass
BUY,Buyeo,Korea,antq_bow_infantry;antq_household_retainers;antq_javelin_skirmishers;antq_spear_and_shield_infantry,antq_district_spear_muster;antq_seasonal_skirmishers,antq_caravan_guard_company;antq_frontier_spear_company,,,,,pass,pass,pass,pass,pass,pass
MAH,Mahan,Korea,antq_bow_infantry;antq_household_retainers;antq_javelin_skirmishers;antq_spear_and_shield_infantry,antq_district_spear_muster;antq_seasonal_skirmishers,antq_caravan_guard_company;antq_frontier_spear_company,antq_byeonhan_cargo_ferry;antq_byeonhan_coastal_patrol,boseong;gimje;haenam;heungyang;jangheung;jeongeup;jindo;muan;musong;seongwi;suncheon;tamna;yeonggam;yeonggwang,antq_byeonhan_coastal_patrol,antq_byeonhan_cargo_ferry,pass,pass,pass,pass,pass,pass
JIN,Jinhan,Korea,antq_bow_infantry;antq_household_retainers;antq_javelin_skirmishers;antq_spear_and_shield_infantry,antq_district_spear_muster;antq_seasonal_skirmishers,antq_caravan_guard_company;antq_frontier_spear_company,antq_byeonhan_cargo_ferry;antq_byeonhan_coastal_patrol,gyeongju;yeongdeok;yeongil,antq_byeonhan_coastal_patrol,antq_byeonhan_cargo_ferry,pass,pass,pass,pass,pass,pass
BYE,Byeonhan,Korea,antq_bow_infantry;antq_household_retainers;antq_javelin_skirmishers;antq_spear_and_shield_infantry,antq_district_spear_muster;antq_seasonal_skirmishers,antq_caravan_guard_company;antq_frontier_spear_company,antq_byeonhan_cargo_ferry;antq_byeonhan_coastal_patrol,dongnae;geoje;hadong;namhae;sacheon;uian;ulju,antq_byeonhan_coastal_patrol,antq_byeonhan_cargo_ferry,pass,pass,pass,pass,pass,pass
WAA,Wa Polities,Japan,antq_bow_infantry;antq_household_retainers;antq_javelin_skirmishers;antq_spear_and_shield_infantry,antq_district_spear_muster;antq_seasonal_skirmishers,antq_caravan_guard_company;antq_frontier_spear_company,antq_byeonhan_cargo_ferry;antq_byeonhan_coastal_patrol,izumi;kawabe;muko;osaka,antq_byeonhan_coastal_patrol,antq_byeonhan_cargo_ferry,pass,pass,pass,pass,pass,pass
SAT,Satavahana,India,antq_bow_infantry;antq_household_retainers;antq_indian_longbowmen;antq_javelin_skirmishers;antq_spear_and_shield_infantry;antq_war_elephants,antq_district_spear_muster;antq_seasonal_skirmishers,antq_caravan_guard_company;antq_deccan_spear_company;antq_frontier_spear_company;antq_indian_longbow_company,antq_merchant_roundship;antq_monsoon_dhow,bassein;bhatkal;bombay;chaul;dabhol;durgarazpatnam;goa;gudur;honnavara;janjira;kandakura;karwar;kavali;madgaon;masulipatnam;motupalli;nellore;pallakolu;pazhaverkadu;peddapalli;pithapuram;raigarh;rajapur;tuni;visakhapatnam;vizianagaram,antq_monsoon_dhow,antq_merchant_roundship,pass,pass,pass,pass,pass,pass
ISK,Indo-Scythian Realm,India,antq_bow_infantry;antq_household_retainers;antq_indian_longbowmen;antq_javelin_skirmishers;antq_spear_and_shield_infantry;antq_war_elephants,antq_district_spear_muster;antq_seasonal_skirmishers,antq_caravan_guard_company;antq_deccan_spear_company;antq_frontier_spear_company;antq_indian_longbow_company;antq_saka_horse,antq_merchant_roundship;antq_monsoon_dhow,laribandar;manora;muhammad_tur,antq_monsoon_dhow,antq_merchant_roundship,pass,pass,pass,pass,pass,pass
IGR,Indo-Greek Rump,India,antq_bow_infantry;antq_household_retainers;antq_indian_longbowmen;antq_javelin_skirmishers;antq_spear_and_shield_infantry;antq_war_elephants,antq_district_spear_muster;antq_seasonal_skirmishers,antq_caravan_guard_company;antq_deccan_spear_company;antq_frontier_spear_company;antq_indian_longbow_company,,,,,pass,pass,pass,pass,pass,pass
YUE,Yuezhi Confederation,Central Asia,antq_bow_infantry;antq_household_retainers;antq_javelin_skirmishers;antq_spear_and_shield_infantry;antq_steppe_horse_archers,antq_district_spear_muster;antq_seasonal_skirmishers,antq_caravan_guard_company;antq_frontier_spear_company;antq_saka_horse,,,,,pass,pass,pass,pass,pass,pass
YDH,Yaudheya,India,antq_bow_infantry;antq_household_retainers;antq_indian_longbowmen;antq_javelin_skirmishers;antq_spear_and_shield_infantry;antq_war_elephants,antq_district_spear_muster;antq_seasonal_skirmishers,antq_caravan_guard_company;antq_deccan_spear_company;antq_frontier_spear_company;antq_indian_longbow_company,,,,,pass,pass,pass,pass,pass,pass
ARJ,Arjunayana,India,antq_bow_infantry;antq_household_retainers;antq_indian_longbowmen;antq_javelin_skirmishers;antq_spear_and_shield_infantry;antq_war_elephants,antq_district_spear_muster;antq_seasonal_skirmishers,antq_caravan_guard_company;antq_deccan_spear_company;antq_frontier_spear_company;antq_indian_longbow_company,,,,,pass,pass,pass,pass,pass,pass
KUN,Kuninda,India,antq_bow_infantry;antq_household_retainers;antq_indian_longbowmen;antq_javelin_skirmishers;antq_spear_and_shield_infantry;antq_war_elephants,antq_district_spear_muster;antq_seasonal_skirmishers,antq_caravan_guard_company;antq_deccan_spear_company;antq_frontier_spear_company;antq_indian_longbow_company,,,,,pass,pass,pass,pass,pass,pass
KAL,Kalinga,India,antq_bow_infantry;antq_household_retainers;antq_indian_longbowmen;antq_javelin_skirmishers;antq_spear_and_shield_infantry;antq_war_elephants,antq_district_spear_muster;antq_seasonal_skirmishers,antq_caravan_guard_company;antq_deccan_spear_company;antq_frontier_spear_company;antq_indian_longbow_company,antq_merchant_roundship;antq_monsoon_dhow,balasore;bhadrak;brahmapur;ganjam;harishpur;jalesar;kalingapattanam;kanthi;puri;ratnagiri,antq_monsoon_dhow,antq_merchant_roundship,pass,pass,pass,pass,pass,pass
CHE,Chera,India,antq_bow_infantry;antq_household_retainers;antq_indian_longbowmen;antq_javelin_skirmishers;antq_spear_and_shield_infantry;antq_war_elephants,antq_district_spear_muster;antq_seasonal_skirmishers,antq_caravan_guard_company;antq_deccan_spear_company;antq_frontier_spear_company;antq_indian_longbow_company,antq_merchant_roundship;antq_monsoon_dhow,kannur;kanyakumari;kasaragod;kochi;kodungallur;kollam;kozhikode;mangalore;ponnani;prakkad;thalassery;thiruvananthapuram;thrissur;udupi,antq_monsoon_dhow,antq_merchant_roundship,pass,pass,pass,pass,pass,pass
CHL,Chola,India,antq_bow_infantry;antq_household_retainers;antq_indian_longbowmen;antq_javelin_skirmishers;antq_spear_and_shield_infantry;antq_war_elephants,antq_district_spear_muster;antq_seasonal_skirmishers,antq_caravan_guard_company;antq_deccan_spear_company;antq_frontier_spear_company;antq_indian_longbow_company,antq_merchant_roundship;antq_monsoon_dhow,karaikal;nagapattinam;pattukkottai,antq_monsoon_dhow,antq_merchant_roundship,pass,pass,pass,pass,pass,pass
PND,Pandya Kingdom,India,antq_bow_infantry;antq_household_retainers;antq_indian_longbowmen;antq_javelin_skirmishers;antq_spear_and_shield_infantry;antq_war_elephants,antq_district_spear_muster;antq_seasonal_skirmishers,antq_caravan_guard_company;antq_deccan_spear_company;antq_frontier_spear_company;antq_indian_longbow_company,antq_merchant_roundship;antq_monsoon_dhow,kayal;ramesvaram;thondi;thoothukudi;vembar,antq_monsoon_dhow,antq_merchant_roundship,pass,pass,pass,pass,pass,pass
ANU,Anuradhapura,Lanka,antq_bow_infantry;antq_household_retainers;antq_indian_longbowmen;antq_javelin_skirmishers;antq_spear_and_shield_infantry;antq_war_elephants,antq_district_spear_muster;antq_seasonal_skirmishers,antq_caravan_guard_company;antq_deccan_spear_company;antq_frontier_spear_company;antq_indian_longbow_company,antq_merchant_roundship;antq_monsoon_dhow,devanagara;digavapi;galle;hambantota;jaffna;kotte;madakalapu;mahatittha;mullaitivu;negombo;salavata;tissamaharama;trincomalee,antq_monsoon_dhow,antq_merchant_roundship,pass,pass,pass,pass,pass,pass
KUS,Kush,Africa,antq_bow_infantry;antq_household_retainers;antq_javelin_skirmishers;antq_nubian_archers;antq_spear_and_shield_infantry,antq_district_spear_muster;antq_seasonal_skirmishers,antq_caravan_guard_company;antq_frontier_spear_company;antq_nile_bow_company;antq_sahel_javelin_company,,,,,pass,pass,pass,pass,pass,pass
AKS,Aksum,Africa,antq_bow_infantry;antq_household_retainers;antq_javelin_skirmishers;antq_nubian_archers;antq_spear_and_shield_infantry,antq_district_spear_muster;antq_seasonal_skirmishers,antq_caravan_guard_company;antq_frontier_spear_company;antq_nile_bow_company;antq_sahel_javelin_company,antq_kwale_coastal_patrol;antq_kwale_sewn_plank_transport,assab;bayul;buri;dahlak;edd;massawa;nafka;obock;rahayta;tadjoura;zula,antq_kwale_coastal_patrol,antq_kwale_sewn_plank_transport,pass,pass,pass,pass,pass,pass
GAR,Garamantes,Africa,antq_bow_infantry;antq_household_retainers;antq_javelin_skirmishers;antq_numidian_light_horse;antq_spear_and_shield_infantry,antq_district_spear_muster;antq_seasonal_skirmishers,antq_caravan_guard_company;antq_frontier_spear_company;antq_nile_bow_company;antq_numidian_horse_company;antq_sahel_javelin_company,,,,,pass,pass,pass,pass,pass,pass
BLM,Blemmyes,Africa,antq_bow_infantry;antq_household_retainers;antq_javelin_skirmishers;antq_nubian_archers;antq_spear_and_shield_infantry,antq_district_spear_muster;antq_seasonal_skirmishers,antq_caravan_guard_company;antq_frontier_spear_company;antq_nile_bow_company;antq_sahel_javelin_company,antq_kwale_coastal_patrol;antq_kwale_sewn_plank_transport,aydhab;badi;suakin,antq_kwale_coastal_patrol,antq_kwale_sewn_plank_transport,pass,pass,pass,pass,pass,pass
BEJ,Beja,Africa,antq_bow_infantry;antq_household_retainers;antq_javelin_skirmishers;antq_nubian_archers;antq_spear_and_shield_infantry,antq_district_spear_muster;antq_seasonal_skirmishers,antq_caravan_guard_company;antq_frontier_spear_company;antq_nile_bow_company;antq_sahel_javelin_company,,,,,pass,pass,pass,pass,pass,pass
DJN,Djenne-Djenno,West Africa,antq_bow_infantry;antq_household_retainers;antq_javelin_skirmishers;antq_spear_and_shield_infantry,antq_district_spear_muster;antq_seasonal_skirmishers,antq_caravan_guard_company;antq_frontier_spear_company;antq_nile_bow_company;antq_sahel_javelin_company,,,,,pass,pass,pass,pass,pass,pass
WAF,Kebbi River,West Africa,antq_bow_infantry;antq_household_retainers;antq_javelin_skirmishers;antq_spear_and_shield_infantry,antq_district_spear_muster;antq_seasonal_skirmishers,antq_caravan_guard_company;antq_frontier_spear_company;antq_nile_bow_company;antq_sahel_javelin_company,,,,,pass,pass,pass,pass,pass,pass
ZMP,Zamfara Plateau,West Africa,antq_bow_infantry;antq_household_retainers;antq_javelin_skirmishers;antq_spear_and_shield_infantry,antq_district_spear_muster;antq_seasonal_skirmishers,antq_caravan_guard_company;antq_frontier_spear_company;antq_nile_bow_company;antq_sahel_javelin_company,,,,,pass,pass,pass,pass,pass,pass
KPC,Katsina Plain,West Africa,antq_bow_infantry;antq_household_retainers;antq_javelin_skirmishers;antq_spear_and_shield_infantry,antq_district_spear_muster;antq_seasonal_skirmishers,antq_caravan_guard_company;antq_frontier_spear_company;antq_nile_bow_company;antq_sahel_javelin_company,,,,,pass,pass,pass,pass,pass,pass
GTC,Gobir Tarka,West Africa,antq_bow_infantry;antq_household_retainers;antq_javelin_skirmishers;antq_spear_and_shield_infantry,antq_district_spear_muster;antq_seasonal_skirmishers,antq_caravan_guard_company;antq_frontier_spear_company;antq_nile_bow_company;antq_sahel_javelin_company,,,,,pass,pass,pass,pass,pass,pass
NSK,Nsukka-Lejja Ironworkers,West Africa,antq_bow_infantry;antq_household_retainers;antq_javelin_skirmishers;antq_spear_and_shield_infantry,antq_district_spear_muster;antq_seasonal_skirmishers,antq_caravan_guard_company;antq_frontier_spear_company;antq_nile_bow_company;antq_sahel_javelin_company,,,,,pass,pass,pass,pass,pass,pass
OUE,Lower Oueme Forest,West Africa,antq_bow_infantry;antq_household_retainers;antq_javelin_skirmishers;antq_spear_and_shield_infantry,antq_district_spear_muster;antq_seasonal_skirmishers,antq_caravan_guard_company;antq_frontier_spear_company;antq_nile_bow_company;antq_sahel_javelin_company,,,,,pass,pass,pass,pass,pass,pass
VIC,Volta-Cong Interfluve,West Africa,antq_bow_infantry;antq_household_retainers;antq_javelin_skirmishers;antq_spear_and_shield_infantry,antq_district_spear_muster;antq_seasonal_skirmishers,antq_caravan_guard_company;antq_frontier_spear_company;antq_nile_bow_company;antq_sahel_javelin_company,,,,,pass,pass,pass,pass,pass,pass
BSW,Bosumtwi Forest,West Africa,antq_bow_infantry;antq_household_retainers;antq_javelin_skirmishers;antq_spear_and_shield_infantry,antq_district_spear_muster;antq_seasonal_skirmishers,antq_caravan_guard_company;antq_frontier_spear_company;antq_nile_bow_company;antq_sahel_javelin_company,,,,,pass,pass,pass,pass,pass,pass
BNT,Ngovo Horizon,Africa,antq_bow_infantry;antq_household_retainers;antq_javelin_skirmishers;antq_spear_and_shield_infantry,antq_district_spear_muster;antq_seasonal_skirmishers,antq_caravan_guard_company;antq_frontier_spear_company;antq_nile_bow_company;antq_sahel_javelin_company,,,,,pass,pass,pass,pass,pass,pass
URW,Urewe Horizon,Africa,antq_bow_infantry;antq_household_retainers;antq_javelin_skirmishers;antq_spear_and_shield_infantry,antq_district_spear_muster;antq_seasonal_skirmishers,antq_caravan_guard_company;antq_frontier_spear_company;antq_nile_bow_company;antq_sahel_javelin_company,,,,,pass,pass,pass,pass,pass,pass
KWL,Kwale Horizon,Africa,antq_bow_infantry;antq_household_retainers;antq_javelin_skirmishers;antq_spear_and_shield_infantry,antq_district_spear_muster;antq_seasonal_skirmishers,antq_caravan_guard_company;antq_frontier_spear_company;antq_nile_bow_company;antq_sahel_javelin_company,antq_kwale_coastal_patrol;antq_kwale_sewn_plank_transport,bagamoyo;dar_es_salaam;gedi;kilwa_kisiwani;kisiju;kisimani_mafia;lamu;malindi;mitimiri;mkwaja;mombasa;pangani;pate;ras_mkumbuu;rasini;songo_mnara;tanga;ungwana;utondwe;vumba_kuu;zanzibar,antq_kwale_coastal_patrol,antq_kwale_sewn_plank_transport,pass,pass,pass,pass,pass,pass
RUV,Ruvuma-Lurio Frontier,Africa,antq_bow_infantry;antq_household_retainers;antq_javelin_skirmishers;antq_spear_and_shield_infantry,antq_district_spear_muster;antq_seasonal_skirmishers,antq_caravan_guard_company;antq_frontier_spear_company;antq_nile_bow_company;antq_sahel_javelin_company,antq_kwale_coastal_patrol;antq_kwale_sewn_plank_transport,angoche;gomene;ibo;lindi;memba;mikindani;mozambique;nacala;quelimane;somana;tungi;vamizi,antq_kwale_coastal_patrol,antq_kwale_sewn_plank_transport,pass,pass,pass,pass,pass,pass
LMP,Limpopo Hunter-Herder Networks,Africa,antq_bow_infantry;antq_household_retainers;antq_javelin_skirmishers;antq_spear_and_shield_infantry,antq_district_spear_muster;antq_seasonal_skirmishers,antq_caravan_guard_company;antq_frontier_spear_company;antq_nile_bow_company;antq_sahel_javelin_company,antq_kwale_coastal_patrol;antq_kwale_sewn_plank_transport,chibuene;inhambane,antq_kwale_coastal_patrol,antq_kwale_sewn_plank_transport,pass,pass,pass,pass,pass,pass
ZHF,Zambezi Hunter-Herder Networks,Africa,antq_bow_infantry;antq_household_retainers;antq_javelin_skirmishers;antq_spear_and_shield_infantry,antq_district_spear_muster;antq_seasonal_skirmishers,antq_caravan_guard_company;antq_frontier_spear_company;antq_nile_bow_company;antq_sahel_javelin_company,antq_kwale_coastal_patrol;antq_kwale_sewn_plank_transport,sofala,antq_kwale_coastal_patrol,antq_kwale_sewn_plank_transport,pass,pass,pass,pass,pass,pass
WDP,Wadai Plateau,Africa,antq_bow_infantry;antq_household_retainers;antq_javelin_skirmishers;antq_spear_and_shield_infantry,antq_district_spear_muster;antq_seasonal_skirmishers,antq_caravan_guard_company;antq_frontier_spear_company;antq_nile_bow_company;antq_sahel_javelin_company,,,,,pass,pass,pass,pass,pass,pass
BCH,Bauchi Plateau,West Africa,antq_bow_infantry;antq_household_retainers;antq_javelin_skirmishers;antq_spear_and_shield_infantry,antq_district_spear_muster;antq_seasonal_skirmishers,antq_caravan_guard_company;antq_frontier_spear_company;antq_nile_bow_company;antq_sahel_javelin_company,,,,,pass,pass,pass,pass,pass,pass
BAR,Guban Pastoralists,Africa,antq_bow_infantry;antq_household_retainers;antq_javelin_skirmishers;antq_spear_and_shield_infantry,antq_district_spear_muster;antq_seasonal_skirmishers,antq_caravan_guard_company;antq_frontier_spear_company;antq_nile_bow_company;antq_sahel_javelin_company,antq_kwale_coastal_patrol;antq_kwale_sewn_plank_transport;antq_monsoon_dhow,ali_sabieh;alula;bandarbeyla;barbacadle;bosaso;el_ayum;el_darad;el_sheikh;las_khorey;ruguda;siyara,antq_kwale_coastal_patrol;antq_monsoon_dhow,antq_kwale_sewn_plank_transport,pass,pass,pass,pass,pass,pass
AVA,Avalites,Africa,antq_bow_infantry;antq_household_retainers;antq_javelin_skirmishers;antq_spear_and_shield_infantry,antq_district_spear_muster;antq_seasonal_skirmishers,antq_caravan_guard_company;antq_frontier_spear_company;antq_nile_bow_company;antq_sahel_javelin_company,antq_kwale_coastal_patrol;antq_kwale_sewn_plank_transport,zeila,antq_kwale_coastal_patrol,antq_kwale_sewn_plank_transport,pass,pass,pass,pass,pass,pass
MLA,Malao,Africa,antq_bow_infantry;antq_household_retainers;antq_javelin_skirmishers;antq_spear_and_shield_infantry,antq_district_spear_muster;antq_seasonal_skirmishers,antq_caravan_guard_company;antq_frontier_spear_company;antq_nile_bow_company;antq_sahel_javelin_company,antq_kwale_coastal_patrol;antq_kwale_sewn_plank_transport,berbera,antq_kwale_coastal_patrol,antq_kwale_sewn_plank_transport,pass,pass,pass,pass,pass,pass
MUN,Mundu,Africa,antq_bow_infantry;antq_household_retainers;antq_javelin_skirmishers;antq_spear_and_shield_infantry,antq_district_spear_muster;antq_seasonal_skirmishers,antq_caravan_guard_company;antq_frontier_spear_company;antq_nile_bow_company;antq_sahel_javelin_company,antq_kwale_coastal_patrol;antq_kwale_sewn_plank_transport,maydh,antq_kwale_coastal_patrol,antq_kwale_sewn_plank_transport,pass,pass,pass,pass,pass,pass
MOS,Mosyllon,Africa,antq_bow_infantry;antq_household_retainers;antq_javelin_skirmishers;antq_spear_and_shield_infantry,antq_district_spear_muster;antq_seasonal_skirmishers,antq_caravan_guard_company;antq_frontier_spear_company;antq_nile_bow_company;antq_sahel_javelin_company,antq_kwale_coastal_patrol;antq_kwale_sewn_plank_transport,qandala,antq_kwale_coastal_patrol,antq_kwale_sewn_plank_transport,pass,pass,pass,pass,pass,pass
ARO,Aromata Emporion,Africa,antq_bow_infantry;antq_household_retainers;antq_javelin_skirmishers;antq_spear_and_shield_infantry,antq_district_spear_muster;antq_seasonal_skirmishers,antq_caravan_guard_company;antq_frontier_spear_company;antq_nile_bow_company;antq_sahel_javelin_company,antq_kwale_coastal_patrol;antq_kwale_sewn_plank_transport,bargaal,antq_kwale_coastal_patrol,antq_kwale_sewn_plank_transport,pass,pass,pass,pass,pass,pass
OPO,Opone,Africa,antq_bow_infantry;antq_household_retainers;antq_javelin_skirmishers;antq_spear_and_shield_infantry,antq_district_spear_muster;antq_seasonal_skirmishers,antq_caravan_guard_company;antq_frontier_spear_company;antq_nile_bow_company;antq_sahel_javelin_company,antq_kwale_coastal_patrol;antq_kwale_sewn_plank_transport,ras_hafun,antq_kwale_coastal_patrol,antq_kwale_sewn_plank_transport,pass,pass,pass,pass,pass,pass
HAU,Haud Pastoralists,Africa,antq_bow_infantry;antq_household_retainers;antq_javelin_skirmishers;antq_spear_and_shield_infantry,antq_district_spear_muster;antq_seasonal_skirmishers,antq_caravan_guard_company;antq_frontier_spear_company;antq_nile_bow_company;antq_sahel_javelin_company,,,,,pass,pass,pass,pass,pass,pass
AZA,Northern Azania,Africa,antq_bow_infantry;antq_household_retainers;antq_javelin_skirmishers;antq_spear_and_shield_infantry,antq_district_spear_muster;antq_seasonal_skirmishers,antq_caravan_guard_company;antq_frontier_spear_company;antq_nile_bow_company;antq_sahel_javelin_company,antq_kwale_coastal_patrol;antq_kwale_sewn_plank_transport,barawa;garacad;haranka;harardhere;hobyo;jilib;kismayo;mareeg;merca;mogadishu;qoryooley;warsheikh,antq_kwale_coastal_patrol,antq_kwale_sewn_plank_transport,pass,pass,pass,pass,pass,pass
SAB,Saba,Arabia,antq_bow_infantry;antq_camelry;antq_household_retainers;antq_javelin_skirmishers;antq_spear_and_shield_infantry,antq_district_spear_muster;antq_seasonal_skirmishers;antq_south_arabian_highland_levies,antq_caravan_guard_company;antq_frontier_spear_company,antq_mesopotamian_river_transport;antq_monsoon_dhow;antq_persian_gulf_patrol_craft,al_hirda;al_luhayyah;as_salif;harad_asir;hudaida,antq_monsoon_dhow;antq_persian_gulf_patrol_craft,antq_mesopotamian_river_transport,pass,pass,pass,pass,pass,pass
HIM,Himyar,Arabia,antq_bow_infantry;antq_camelry;antq_household_retainers;antq_javelin_skirmishers;antq_spear_and_shield_infantry,antq_district_spear_muster;antq_seasonal_skirmishers;antq_south_arabian_highland_levies,antq_caravan_guard_company;antq_frontier_spear_company,antq_mesopotamian_river_transport;antq_monsoon_dhow;antq_persian_gulf_patrol_craft,adan;al_arah;al_ghulayfiqah;al_khosuf;al_mafalis;al_mandab;al_mukha;al_qunfudhah;al_shuqayq;al_sirrayn;farasan;hali;hays;jazan;sabya;zabid;zinjibar,antq_monsoon_dhow;antq_persian_gulf_patrol_craft,antq_mesopotamian_river_transport,pass,pass,pass,pass,pass,pass
QAT,Qataban,Arabia,antq_bow_infantry;antq_camelry;antq_household_retainers;antq_javelin_skirmishers;antq_spear_and_shield_infantry,antq_district_spear_muster;antq_seasonal_skirmishers;antq_south_arabian_highland_levies,antq_caravan_guard_company;antq_frontier_spear_company,antq_mesopotamian_river_transport;antq_monsoon_dhow;antq_persian_gulf_patrol_craft,ahwar;shuqra,antq_monsoon_dhow;antq_persian_gulf_patrol_craft,antq_mesopotamian_river_transport,pass,pass,pass,pass,pass,pass
HAD,Hadramawt,Arabia,antq_bow_infantry;antq_camelry;antq_household_retainers;antq_javelin_skirmishers;antq_spear_and_shield_infantry,antq_district_spear_muster;antq_seasonal_skirmishers;antq_south_arabian_highland_levies,antq_caravan_guard_company;antq_frontier_spear_company,antq_mesopotamian_river_transport;antq_monsoon_dhow;antq_persian_gulf_patrol_craft,al_mukalla;al_shihr;balhaf;birali;dhufar;hadibu;khalfut;khayrij;mirbat;qishn;qulensya;raysut,antq_monsoon_dhow;antq_persian_gulf_patrol_craft,antq_mesopotamian_river_transport,pass,pass,pass,pass,pass,pass
KIN,Kindah,Arabia,antq_bow_infantry;antq_camelry;antq_household_retainers;antq_javelin_skirmishers;antq_spear_and_shield_infantry,antq_district_spear_muster;antq_north_arabian_camel_scouts;antq_seasonal_skirmishers,antq_caravan_guard_company;antq_frontier_spear_company,,,,,pass,pass,pass,pass,pass,pass
THM,Thamud,Arabia,antq_bow_infantry;antq_household_retainers;antq_javelin_skirmishers;antq_spear_and_shield_infantry,antq_district_spear_muster;antq_north_arabian_camel_scouts;antq_seasonal_skirmishers,antq_caravan_guard_company;antq_frontier_spear_company,antq_mesopotamian_river_transport;antq_persian_gulf_patrol_craft,al_jar;al_juhfah;al_lith;asfan;ash_shibahah;jeddah;khulays;qudayd;yanbu,antq_persian_gulf_patrol_craft,antq_mesopotamian_river_transport,pass,pass,pass,pass,pass,pass
AGR,Agraeans,Arabia,antq_bow_infantry;antq_household_retainers;antq_javelin_skirmishers;antq_spear_and_shield_infantry,antq_district_spear_muster;antq_north_arabian_camel_scouts;antq_seasonal_skirmishers,antq_caravan_guard_company;antq_frontier_spear_company,antq_mesopotamian_river_transport;antq_persian_gulf_patrol_craft,ash_shuaybah;jannah;kazimah;qurain,antq_persian_gulf_patrol_craft,antq_mesopotamian_river_transport,pass,pass,pass,pass,pass,pass
GRH,Gerrha,Arabia,antq_bow_infantry;antq_household_retainers;antq_javelin_skirmishers;antq_spear_and_shield_infantry,antq_district_spear_muster;antq_seasonal_skirmishers,antq_caravan_guard_company;antq_frontier_spear_company,antq_mesopotamian_river_transport;antq_persian_gulf_patrol_craft,al_jubayl;al_qatif;al_uqayr;manama;sayhat,antq_persian_gulf_patrol_craft,antq_mesopotamian_river_transport,pass,pass,pass,pass,pass,pass
QTR,Cataraei,Arabia,antq_bow_infantry;antq_household_retainers;antq_javelin_skirmishers;antq_spear_and_shield_infantry,antq_district_spear_muster;antq_seasonal_skirmishers,antq_caravan_guard_company;antq_frontier_spear_company,antq_mesopotamian_river_transport;antq_persian_gulf_patrol_craft,abu_dhabi;al_bidda;al_dhaid;al_huwaila;al_mashqar;al_udayd;dubai;eglat_faisal;julfar;marawah;sharjah;sir_bani_yas;zubarah,antq_persian_gulf_patrol_craft,antq_mesopotamian_river_transport,pass,pass,pass,pass,pass,pass
OMN,Omanitae,Arabia,antq_bow_infantry;antq_household_retainers;antq_javelin_skirmishers;antq_spear_and_shield_infantry,antq_district_spear_muster;antq_omanite_coastal_warbands;antq_seasonal_skirmishers,antq_caravan_guard_company;antq_frontier_spear_company,antq_merchant_roundship;antq_mesopotamian_river_transport;antq_persian_gulf_patrol_craft,al_khaburah;as_sib;jalan_buani_buali;khor_fakkan;masirah;masqat;nakhal;qalhat;rustaq;saham;shinas;suhar;sur,antq_persian_gulf_patrol_craft,antq_merchant_roundship;antq_mesopotamian_river_transport,pass,pass,pass,pass,pass,pass
MCM,Marcomanni,Germania,antq_bow_infantry;antq_household_retainers;antq_javelin_skirmishers;antq_marcomannic_royal_retinue;antq_spear_and_shield_infantry,antq_district_spear_muster;antq_germanic_horse;antq_germanic_javelins;antq_germanic_spearmen;antq_seasonal_skirmishers;antq_suebian_household_retinue;antq_warbands,antq_caravan_guard_company;antq_dacian_falxmen;antq_frontier_spear_company;antq_germanic_bodyguards,,,,,pass,pass,pass,pass,pass,pass
CRU,Cherusci,Germania,antq_bow_infantry;antq_household_retainers;antq_javelin_skirmishers;antq_spear_and_shield_infantry,antq_district_spear_muster;antq_germanic_horse;antq_germanic_javelins;antq_germanic_spearmen;antq_seasonal_skirmishers;antq_warbands,antq_caravan_guard_company;antq_frontier_spear_company;antq_germanic_bodyguards,,,,,pass,pass,pass,pass,pass,pass
CHT,Chatti,Germania,antq_bow_infantry;antq_household_retainers;antq_javelin_skirmishers;antq_spear_and_shield_infantry,antq_district_spear_muster;antq_germanic_horse;antq_germanic_javelins;antq_germanic_spearmen;antq_seasonal_skirmishers;antq_warbands,antq_caravan_guard_company;antq_frontier_spear_company;antq_germanic_bodyguards,,,,,pass,pass,pass,pass,pass,pass
FRI,Frisii,Germania,antq_bow_infantry;antq_household_retainers;antq_javelin_skirmishers;antq_spear_and_shield_infantry,antq_district_spear_muster;antq_germanic_horse;antq_germanic_javelins;antq_germanic_spearmen;antq_seasonal_skirmishers;antq_warbands,antq_caravan_guard_company;antq_frontier_spear_company,antq_germanic_north_sea_patrol;antq_germanic_north_sea_transport,appingedam;emden;groningen;harlingen;jever;kampen;leer;leeuwarden;sloten;stavoren;wedde;wolvega,antq_germanic_north_sea_patrol,antq_germanic_north_sea_transport,pass,pass,pass,pass,pass,pass
BTV,Batavi,Germania,antq_batavian_auxiliary_cohort;antq_bow_infantry;antq_household_retainers;antq_javelin_skirmishers;antq_spear_and_shield_infantry,antq_district_spear_muster;antq_germanic_horse;antq_germanic_javelins;antq_germanic_spearmen;antq_seasonal_skirmishers;antq_warbands,antq_caravan_guard_company;antq_frontier_spear_company,antq_germanic_north_sea_patrol;antq_germanic_north_sea_transport,alkmaar;amersfoort;amsterdam;antwerp;bergen_zoom;dordrecht;geertruidenberg;harderwijk;hoorn;middelburg;rotterdam;the_hague,antq_germanic_north_sea_patrol,antq_germanic_north_sea_transport,pass,pass,pass,pass,pass,pass
LAN,Langobardi,Germania,antq_bow_infantry;antq_household_retainers;antq_javelin_skirmishers;antq_spear_and_shield_infantry,antq_district_spear_muster;antq_germanic_horse;antq_germanic_javelins;antq_germanic_spearmen;antq_seasonal_skirmishers;antq_warbands,antq_caravan_guard_company;antq_frontier_spear_company,antq_germanic_north_sea_patrol;antq_germanic_north_sea_transport,hamburg;neuhaus;ritzebuttel;stade,antq_germanic_north_sea_patrol,antq_germanic_north_sea_transport,pass,pass,pass,pass,pass,pass
SEM,Semnones,Germania,antq_bow_infantry;antq_household_retainers;antq_javelin_skirmishers;antq_spear_and_shield_infantry,antq_district_spear_muster;antq_germanic_horse;antq_germanic_javelins;antq_germanic_spearmen;antq_seasonal_skirmishers;antq_semnonian_grove_muster;antq_suebian_household_retinue;antq_warbands,antq_caravan_guard_company;antq_frontier_spear_company,,,,,pass,pass,pass,pass,pass,pass
HER,Hermunduri,Germania,antq_bow_infantry;antq_household_retainers;antq_javelin_skirmishers;antq_spear_and_shield_infantry,antq_district_spear_muster;antq_germanic_horse;antq_germanic_javelins;antq_germanic_spearmen;antq_seasonal_skirmishers;antq_suebian_household_retinue;antq_warbands,antq_caravan_guard_company;antq_frontier_spear_company,,,,,pass,pass,pass,pass,pass,pass
QUA,Quadi,Germania,antq_bow_infantry;antq_household_retainers;antq_javelin_skirmishers;antq_spear_and_shield_infantry,antq_district_spear_muster;antq_germanic_horse;antq_germanic_javelins;antq_germanic_spearmen;antq_seasonal_skirmishers;antq_suebian_household_retinue;antq_warbands,antq_caravan_guard_company;antq_frontier_spear_company,,,,,pass,pass,pass,pass,pass,pass
GUT,Gutones,Germania,antq_bow_infantry;antq_household_retainers;antq_javelin_skirmishers;antq_spear_and_shield_infantry,antq_district_spear_muster;antq_germanic_horse;antq_germanic_javelins;antq_germanic_spearmen;antq_seasonal_skirmishers;antq_warbands,antq_caravan_guard_company;antq_frontier_spear_company,antq_germanic_north_sea_patrol;antq_germanic_north_sea_transport,gdansk;goleniow;kamien;puck;stettin;ueckermunde,antq_germanic_north_sea_patrol,antq_germanic_north_sea_transport,pass,pass,pass,pass,pass,pass
VAN,Vandili,Germania,antq_bow_infantry;antq_household_retainers;antq_javelin_skirmishers;antq_spear_and_shield_infantry,antq_district_spear_muster;antq_germanic_horse;antq_germanic_javelins;antq_germanic_spearmen;antq_seasonal_skirmishers;antq_warbands,antq_caravan_guard_company;antq_frontier_spear_company,,,,,pass,pass,pass,pass,pass,pass
RUG,Rugii,Germania,antq_bow_infantry;antq_household_retainers;antq_javelin_skirmishers;antq_spear_and_shield_infantry,antq_district_spear_muster;antq_germanic_horse;antq_germanic_javelins;antq_germanic_spearmen;antq_seasonal_skirmishers;antq_warbands,antq_caravan_guard_company;antq_frontier_spear_company,antq_germanic_north_sea_patrol;antq_germanic_north_sea_transport,anklam;grimmen;ribnitz;rugen;stralsund;swinousjcie;wolgast,antq_germanic_north_sea_patrol,antq_germanic_north_sea_transport,pass,pass,pass,pass,pass,pass
BRG,Burgundiones,Germania,antq_bow_infantry;antq_household_retainers;antq_javelin_skirmishers;antq_spear_and_shield_infantry,antq_district_spear_muster;antq_germanic_horse;antq_germanic_javelins;antq_germanic_spearmen;antq_seasonal_skirmishers;antq_warbands,antq_caravan_guard_company;antq_frontier_spear_company,,,,,pass,pass,pass,pass,pass,pass
ANG,Angles,Germania,antq_bow_infantry;antq_household_retainers;antq_javelin_skirmishers;antq_spear_and_shield_infantry,antq_district_spear_muster;antq_germanic_horse;antq_germanic_javelins;antq_germanic_spearmen;antq_seasonal_skirmishers;antq_warbands,antq_caravan_guard_company;antq_frontier_spear_company,antq_germanic_north_sea_patrol;antq_germanic_north_sea_transport,eckernforde;flensburg;husum;slesvig,antq_germanic_north_sea_patrol,antq_germanic_north_sea_transport,pass,pass,pass,pass,pass,pass
SAX,Saxons,Germania,antq_bow_infantry;antq_household_retainers;antq_javelin_skirmishers;antq_spear_and_shield_infantry,antq_district_spear_muster;antq_germanic_horse;antq_germanic_javelins;antq_germanic_spearmen;antq_seasonal_skirmishers;antq_warbands,antq_caravan_guard_company;antq_frontier_spear_company,,,,,pass,pass,pass,pass,pass,pass
JUT,Jutes,Germania,antq_bow_infantry;antq_household_retainers;antq_javelin_skirmishers;antq_spear_and_shield_infantry,antq_district_spear_muster;antq_germanic_horse;antq_germanic_javelins;antq_germanic_spearmen;antq_seasonal_skirmishers;antq_warbands,antq_caravan_guard_company;antq_frontier_spear_company,antq_germanic_north_sea_patrol;antq_germanic_north_sea_transport,aarhus;kalo;kolding,antq_germanic_north_sea_patrol,antq_germanic_north_sea_transport,pass,pass,pass,pass,pass,pass
SUI,Suiones,Scandinavia,antq_bow_infantry;antq_household_retainers;antq_javelin_skirmishers;antq_spear_and_shield_infantry,antq_district_spear_muster;antq_seasonal_skirmishers,antq_caravan_guard_company;antq_frontier_spear_company,antq_germanic_north_sea_patrol;antq_germanic_north_sea_transport,gefle;grundsunda;hamrange;harnosand;hudiksvall;kastelholm;kolmarden;lulea;norrtalje;nykoping;selanger;sjalevad;soderala;sodertalje;stockholm;tierp;umea,antq_germanic_north_sea_patrol,antq_germanic_north_sea_transport,pass,pass,pass,pass,pass,pass
AES,Aestii,Baltic,antq_bow_infantry;antq_household_retainers;antq_javelin_skirmishers;antq_spear_and_shield_infantry,antq_aestian_amber_road_guards;antq_baltic_forest_skirmishers;antq_district_spear_muster;antq_seasonal_skirmishers,antq_caravan_guard_company;antq_frontier_spear_company,antq_baltic_sewn_plank_patrol;antq_baltic_sewn_plank_transport,balga;brandenburg_prussia;fischhausen;frombork;konigsberg;memel,antq_baltic_sewn_plank_patrol,antq_baltic_sewn_plank_transport,pass,pass,pass,pass,pass,pass
WBB,West Balt Barrow Culture,Baltic,antq_bow_infantry;antq_household_retainers;antq_javelin_skirmishers;antq_spear_and_shield_infantry,antq_baltic_forest_skirmishers;antq_district_spear_muster;antq_seasonal_skirmishers,antq_caravan_guard_company;antq_frontier_spear_company,antq_baltic_sewn_plank_patrol;antq_baltic_sewn_plank_transport,elblag,antq_baltic_sewn_plank_patrol,antq_baltic_sewn_plank_transport,pass,pass,pass,pass,pass,pass
BPC,Brushed Pottery Culture,Baltic,antq_bow_infantry;antq_household_retainers;antq_javelin_skirmishers;antq_spear_and_shield_infantry,antq_baltic_forest_skirmishers;antq_baltic_hillfort_spearmen;antq_district_spear_muster;antq_seasonal_skirmishers,antq_caravan_guard_company;antq_frontier_spear_company,antq_baltic_sewn_plank_patrol;antq_baltic_sewn_plank_transport,limbazi;riga;salaspils;straupe;tukums,antq_baltic_sewn_plank_patrol,antq_baltic_sewn_plank_transport,pass,pass,pass,pass,pass,pass
WSC,West Lithuanian Stone-Circle Culture,Baltic,antq_bow_infantry;antq_household_retainers;antq_javelin_skirmishers;antq_spear_and_shield_infantry,antq_baltic_forest_skirmishers;antq_baltic_hillfort_spearmen;antq_district_spear_muster;antq_seasonal_skirmishers,antq_caravan_guard_company;antq_frontier_spear_company,antq_baltic_sewn_plank_patrol;antq_baltic_sewn_plank_transport,dundaga;durbe;grobina;kandava;ventspils,antq_baltic_sewn_plank_patrol,antq_baltic_sewn_plank_transport,pass,pass,pass,pass,pass,pass
ETG,Early Tarand-Grave Horizon,Baltic,antq_bow_infantry;antq_household_retainers;antq_javelin_skirmishers;antq_spear_and_shield_infantry,antq_baltic_forest_skirmishers;antq_district_spear_muster;antq_seasonal_skirmishers,antq_caravan_guard_company;antq_frontier_spear_company,antq_baltic_sewn_plank_patrol;antq_baltic_sewn_plank_transport,hapsal;kaina;kuressaare;lihula;narva;padise;parnu;saarde;st_martin;tallinn;toolse;valjala,antq_baltic_sewn_plank_patrol,antq_baltic_sewn_plank_transport,pass,pass,pass,pass,pass,pass
VEN,Venedi,Eastern Europe,antq_bow_infantry;antq_household_retainers;antq_javelin_skirmishers;antq_spear_and_shield_infantry,antq_district_spear_muster;antq_seasonal_skirmishers,antq_caravan_guard_company;antq_frontier_spear_company,,,,,pass,pass,pass,pass,pass,pass
FIN,Fenni,Finland,antq_bow_infantry;antq_household_retainers;antq_javelin_skirmishers;antq_spear_and_shield_infantry,antq_district_spear_muster;antq_seasonal_skirmishers,antq_caravan_guard_company;antq_frontier_spear_company,antq_finnic_coastal_dugout_patrol;antq_finnic_coastal_transport,abo;beryozovskoye;bjorneborg;ekenas;helsinge;koppo;korsholm;kymi_fi;nystad;porvoo;raumo;sastmola;sauvo;sjundea;valkeasaari;veckelax;vederlax;vyborg,antq_finnic_coastal_dugout_patrol,antq_finnic_coastal_transport,pass,pass,pass,pass,pass,pass
CAT,Catuvellauni,Britain,antq_bow_infantry;antq_household_retainers;antq_javelin_skirmishers;antq_spear_and_shield_infantry,antq_british_chariots;antq_british_hillfort_spearmen;antq_district_spear_muster;antq_germanic_horse;antq_seasonal_skirmishers;antq_warbands,antq_caravan_guard_company;antq_frontier_spear_company,antq_british_coastal_warboat;antq_british_hide_transport,london,antq_british_coastal_warboat,antq_british_hide_transport,pass,pass,pass,pass,pass,pass
TRI,Trinovantes,Britain,antq_bow_infantry;antq_household_retainers;antq_javelin_skirmishers;antq_spear_and_shield_infantry,antq_british_chariots;antq_british_hillfort_spearmen;antq_district_spear_muster;antq_germanic_horse;antq_seasonal_skirmishers;antq_warbands,antq_caravan_guard_company;antq_frontier_spear_company,antq_british_coastal_warboat;antq_british_hide_transport,barking;colchester;prittlewell,antq_british_coastal_warboat,antq_british_hide_transport,pass,pass,pass,pass,pass,pass
ICE,Iceni,Britain,antq_bow_infantry;antq_household_retainers;antq_javelin_skirmishers;antq_spear_and_shield_infantry,antq_british_chariots;antq_british_hillfort_spearmen;antq_district_spear_muster;antq_germanic_horse;antq_seasonal_skirmishers;antq_warbands,antq_caravan_guard_company;antq_frontier_spear_company,antq_british_coastal_warboat;antq_british_hide_transport,fakenham;ipswich;lowestoft;lynn;yarmouth,antq_british_coastal_warboat,antq_british_hide_transport,pass,pass,pass,pass,pass,pass
BRI,Brigantes,Britain,antq_bow_infantry;antq_household_retainers;antq_javelin_skirmishers;antq_spear_and_shield_infantry,antq_british_chariots;antq_british_hillfort_spearmen;antq_district_spear_muster;antq_germanic_horse;antq_northern_british_skirmishers;antq_seasonal_skirmishers;antq_warbands,antq_caravan_guard_company;antq_frontier_spear_company,antq_british_coastal_warboat;antq_british_hide_transport,durham;lancaster;liverpool;preston;scarborough;stockton;whitby,antq_british_coastal_warboat,antq_british_hide_transport,pass,pass,pass,pass,pass,pass
ATB,Atrebates,Britain,antq_bow_infantry;antq_household_retainers;antq_javelin_skirmishers;antq_spear_and_shield_infantry,antq_british_chariots;antq_british_hillfort_spearmen;antq_district_spear_muster;antq_germanic_horse;antq_seasonal_skirmishers;antq_warbands,antq_caravan_guard_company;antq_frontier_spear_company,antq_british_coastal_warboat;antq_british_hide_transport,lymington;portsmouth;southampton;wight,antq_british_coastal_warboat,antq_british_hide_transport,pass,pass,pass,pass,pass,pass
SIL,Silures,Britain,antq_bow_infantry;antq_household_retainers;antq_javelin_skirmishers;antq_spear_and_shield_infantry,antq_british_chariots;antq_british_hillfort_spearmen;antq_district_spear_muster;antq_germanic_horse;antq_seasonal_skirmishers;antq_warbands,antq_caravan_guard_company;antq_frontier_spear_company,antq_british_coastal_warboat;antq_british_hide_transport,cardiff;monmouth;neath;newport;swansea,antq_british_coastal_warboat,antq_british_hide_transport,pass,pass,pass,pass,pass,pass
ORD,Ordovices,Britain,antq_bow_infantry;antq_household_retainers;antq_javelin_skirmishers;antq_spear_and_shield_infantry,antq_british_chariots;antq_british_hillfort_spearmen;antq_district_spear_muster;antq_germanic_horse;antq_seasonal_skirmishers;antq_warbands,antq_caravan_guard_company;antq_frontier_spear_company,antq_british_coastal_warboat;antq_british_hide_transport,anglesey;carnarvon;conwy;flint;harlech,antq_british_coastal_warboat,antq_british_hide_transport,pass,pass,pass,pass,pass,pass
DUM,Dumnonii,Britain,antq_bow_infantry;antq_household_retainers;antq_javelin_skirmishers;antq_spear_and_shield_infantry,antq_british_chariots;antq_british_hillfort_spearmen;antq_district_spear_muster;antq_germanic_horse;antq_seasonal_skirmishers;antq_warbands,antq_caravan_guard_company;antq_frontier_spear_company,antq_british_coastal_warboat;antq_british_hide_transport,barnstaple;bideford;bodmin;exeter;launceston;minehead;plymouth;truro,antq_british_coastal_warboat,antq_british_hide_transport,pass,pass,pass,pass,pass,pass
BRT,Cantiaci,Britain,antq_bow_infantry;antq_household_retainers;antq_javelin_skirmishers;antq_spear_and_shield_infantry,antq_british_chariots;antq_british_hillfort_spearmen;antq_district_spear_muster;antq_germanic_horse;antq_seasonal_skirmishers;antq_warbands,antq_caravan_guard_company;antq_frontier_spear_company,antq_british_coastal_warboat;antq_british_hide_transport,canterbury;dover;hythe;rochester,antq_british_coastal_warboat,antq_british_hide_transport,pass,pass,pass,pass,pass,pass
REG,Regni,Britain,antq_bow_infantry;antq_household_retainers;antq_javelin_skirmishers;antq_spear_and_shield_infantry,antq_british_chariots;antq_british_hillfort_spearmen;antq_district_spear_muster;antq_seasonal_skirmishers,antq_caravan_guard_company;antq_frontier_spear_company,antq_british_coastal_warboat;antq_british_hide_transport,chichester;hastings;lewes;shoreham,antq_british_coastal_warboat,antq_british_hide_transport,pass,pass,pass,pass,pass,pass
BLG,Belgae,Britain,antq_bow_infantry;antq_household_retainers;antq_javelin_skirmishers;antq_spear_and_shield_infantry,antq_british_chariots;antq_british_hillfort_spearmen;antq_district_spear_muster;antq_seasonal_skirmishers,antq_caravan_guard_company;antq_frontier_spear_company,antq_british_coastal_warboat;antq_british_hide_transport,portishead,antq_british_coastal_warboat,antq_british_hide_transport,pass,pass,pass,pass,pass,pass
DUR,Durotriges,Britain,antq_bow_infantry;antq_household_retainers;antq_javelin_skirmishers;antq_spear_and_shield_infantry,antq_british_chariots;antq_british_hillfort_spearmen;antq_district_spear_muster;antq_seasonal_skirmishers,antq_caravan_guard_company;antq_frontier_spear_company,antq_british_coastal_warboat;antq_british_hide_transport,dorchester;poole;weymouth,antq_british_coastal_warboat,antq_british_hide_transport,pass,pass,pass,pass,pass,pass
DOB,Dobunni,Britain,antq_bow_infantry;antq_household_retainers;antq_javelin_skirmishers;antq_spear_and_shield_infantry,antq_british_chariots;antq_british_hillfort_spearmen;antq_district_spear_muster;antq_seasonal_skirmishers,antq_caravan_guard_company;antq_frontier_spear_company,antq_british_coastal_warboat;antq_british_hide_transport,bristol;gloucester,antq_british_coastal_warboat,antq_british_hide_transport,pass,pass,pass,pass,pass,pass
COR,Corieltauvi,Britain,antq_bow_infantry;antq_household_retainers;antq_javelin_skirmishers;antq_spear_and_shield_infantry,antq_british_chariots;antq_british_hillfort_spearmen;antq_district_spear_muster;antq_seasonal_skirmishers,antq_caravan_guard_company;antq_frontier_spear_company,antq_british_coastal_warboat;antq_british_hide_transport,boston;grimsby;louth;spalding,antq_british_coastal_warboat,antq_british_hide_transport,pass,pass,pass,pass,pass,pass
CNV,Cornovii,Britain,antq_bow_infantry;antq_household_retainers;antq_javelin_skirmishers;antq_spear_and_shield_infantry,antq_british_chariots;antq_british_hillfort_spearmen;antq_district_spear_muster;antq_seasonal_skirmishers,antq_caravan_guard_company;antq_frontier_spear_company,antq_british_coastal_warboat;antq_british_hide_transport,chester;macclesfield,antq_british_coastal_warboat,antq_british_hide_transport,pass,pass,pass,pass,pass,pass
PBI,Parisii,Britain,antq_bow_infantry;antq_household_retainers;antq_javelin_skirmishers;antq_spear_and_shield_infantry,antq_british_chariots;antq_british_hillfort_spearmen;antq_district_spear_muster;antq_seasonal_skirmishers,antq_caravan_guard_company;antq_frontier_spear_company,antq_british_coastal_warboat;antq_british_hide_transport,bridlington;hull,antq_british_coastal_warboat,antq_british_hide_transport,pass,pass,pass,pass,pass,pass
CRV,Carvetii,Britain,antq_bow_infantry;antq_household_retainers;antq_javelin_skirmishers;antq_spear_and_shield_infantry,antq_british_hillfort_spearmen;antq_district_spear_muster;antq_northern_british_skirmishers;antq_seasonal_skirmishers,antq_caravan_guard_company;antq_frontier_spear_company,antq_british_coastal_warboat;antq_british_hide_transport,carlisle;cockermouth;egremont;kendal,antq_british_coastal_warboat,antq_british_hide_transport,pass,pass,pass,pass,pass,pass
DEM,Demetae,Britain,antq_bow_infantry;antq_household_retainers;antq_javelin_skirmishers;antq_spear_and_shield_infantry,antq_british_chariots;antq_british_hillfort_spearmen;antq_district_spear_muster;antq_seasonal_skirmishers,antq_caravan_guard_company;antq_frontier_spear_company,antq_british_coastal_warboat;antq_british_hide_transport,aberystwyth;cardigan;carmarthen;fishguard;kidwelly;pembroke,antq_british_coastal_warboat,antq_british_hide_transport,pass,pass,pass,pass,pass,pass
DEC,Deceangli,Britain,antq_bow_infantry;antq_household_retainers;antq_javelin_skirmishers;antq_spear_and_shield_infantry,antq_british_chariots;antq_british_hillfort_spearmen;antq_district_spear_muster;antq_seasonal_skirmishers,antq_caravan_guard_company;antq_frontier_spear_company,antq_british_coastal_warboat;antq_british_hide_transport,denbigh,antq_british_coastal_warboat,antq_british_hide_transport,pass,pass,pass,pass,pass,pass
VOT,Votadini,Britain,antq_bow_infantry;antq_household_retainers;antq_javelin_skirmishers;antq_spear_and_shield_infantry,antq_british_hillfort_spearmen;antq_district_spear_muster;antq_northern_british_skirmishers;antq_seasonal_skirmishers,antq_caravan_guard_company;antq_frontier_spear_company,antq_british_coastal_warboat;antq_british_hide_transport,alnwick;dunbar;edinburgh;linlithgow;morpeth;newcastle;stirling,antq_british_coastal_warboat,antq_british_hide_transport,pass,pass,pass,pass,pass,pass
SEL,Selgovae,Britain,antq_bow_infantry;antq_household_retainers;antq_javelin_skirmishers;antq_spear_and_shield_infantry,antq_british_hillfort_spearmen;antq_district_spear_muster;antq_northern_british_skirmishers;antq_seasonal_skirmishers,antq_caravan_guard_company;antq_frontier_spear_company,antq_british_coastal_warboat;antq_british_hide_transport,berwick;duns,antq_british_coastal_warboat,antq_british_hide_transport,pass,pass,pass,pass,pass,pass
NOV,Novantae,Britain,antq_bow_infantry;antq_household_retainers;antq_javelin_skirmishers;antq_spear_and_shield_infantry,antq_british_hillfort_spearmen;antq_district_spear_muster;antq_northern_british_skirmishers;antq_seasonal_skirmishers,antq_caravan_guard_company;antq_frontier_spear_company,antq_british_coastal_warboat;antq_british_hide_transport,ayr;dumfries;irvine;kirkcudbright;stranraer,antq_british_coastal_warboat,antq_british_hide_transport,pass,pass,pass,pass,pass,pass
DAM,Damnonii,Britain,antq_bow_infantry;antq_household_retainers;antq_javelin_skirmishers;antq_spear_and_shield_infantry,antq_british_hillfort_spearmen;antq_district_spear_muster;antq_northern_british_skirmishers;antq_seasonal_skirmishers,antq_caravan_guard_company;antq_frontier_spear_company,antq_british_coastal_warboat;antq_british_hide_transport,dumbarton;glasgow;paisley,antq_british_coastal_warboat,antq_british_hide_transport,pass,pass,pass,pass,pass,pass
VCN,Venicones,Britain,antq_bow_infantry;antq_household_retainers;antq_javelin_skirmishers;antq_spear_and_shield_infantry,antq_british_hillfort_spearmen;antq_district_spear_muster;antq_northern_british_skirmishers;antq_seasonal_skirmishers,antq_caravan_guard_company;antq_frontier_spear_company,antq_british_coastal_warboat;antq_british_hide_transport,arbroath;cupar;dundee;dunfermline;st_andrews;stonehaven,antq_british_coastal_warboat,antq_british_hide_transport,pass,pass,pass,pass,pass,pass
TAE,Taexali,Britain,antq_bow_infantry;antq_household_retainers;antq_javelin_skirmishers;antq_spear_and_shield_infantry,antq_british_hillfort_spearmen;antq_district_spear_muster;antq_northern_british_skirmishers;antq_seasonal_skirmishers,antq_caravan_guard_company;antq_frontier_spear_company,antq_british_coastal_warboat;antq_british_hide_transport,aberdeen;banff;buchan,antq_british_coastal_warboat,antq_british_hide_transport,pass,pass,pass,pass,pass,pass
EPD,Epidii,Britain,antq_bow_infantry;antq_household_retainers;antq_javelin_skirmishers;antq_spear_and_shield_infantry,antq_british_hillfort_spearmen;antq_district_spear_muster;antq_northern_british_skirmishers;antq_seasonal_skirmishers,antq_caravan_guard_company;antq_frontier_spear_company,antq_british_coastal_warboat;antq_british_hide_transport,ardtornish;arran;cowal;inverary;islay;kintyre;lochaber;mann;mull;oban,antq_british_coastal_warboat,antq_british_hide_transport,pass,pass,pass,pass,pass,pass
VAC,Vacomagi,Britain,antq_bow_infantry;antq_household_retainers;antq_javelin_skirmishers;antq_spear_and_shield_infantry,antq_british_hillfort_spearmen;antq_district_spear_muster;antq_northern_british_skirmishers;antq_seasonal_skirmishers,antq_caravan_guard_company;antq_frontier_spear_company,antq_british_coastal_warboat;antq_british_hide_transport,elgin;urquhart,antq_british_coastal_warboat,antq_british_hide_transport,pass,pass,pass,pass,pass,pass
DCT,Decantae,Britain,antq_bow_infantry;antq_household_retainers;antq_javelin_skirmishers;antq_spear_and_shield_infantry,antq_british_hillfort_spearmen;antq_district_spear_muster;antq_northern_british_skirmishers;antq_seasonal_skirmishers,antq_caravan_guard_company;antq_frontier_spear_company,antq_british_coastal_warboat;antq_british_hide_transport,dingwall;gairloch,antq_british_coastal_warboat,antq_british_hide_transport,pass,pass,pass,pass,pass,pass
CAE,Caereni,Britain,antq_bow_infantry;antq_household_retainers;antq_javelin_skirmishers;antq_spear_and_shield_infantry,antq_british_hillfort_spearmen;antq_district_spear_muster;antq_northern_british_skirmishers;antq_seasonal_skirmishers,antq_caravan_guard_company;antq_frontier_spear_company,antq_british_coastal_warboat;antq_british_hide_transport,durness,antq_british_coastal_warboat,antq_british_hide_transport,pass,pass,pass,pass,pass,pass
CRE,Creones,Britain,antq_bow_infantry;antq_household_retainers;antq_javelin_skirmishers;antq_spear_and_shield_infantry,antq_british_hillfort_spearmen;antq_district_spear_muster;antq_northern_british_skirmishers;antq_seasonal_skirmishers,antq_caravan_guard_company;antq_frontier_spear_company,antq_british_coastal_warboat;antq_british_hide_transport,skye,antq_british_coastal_warboat,antq_british_hide_transport,pass,pass,pass,pass,pass,pass
CNA,Carnonacae,Britain,antq_bow_infantry;antq_household_retainers;antq_javelin_skirmishers;antq_spear_and_shield_infantry,antq_british_hillfort_spearmen;antq_district_spear_muster;antq_northern_british_skirmishers;antq_seasonal_skirmishers,antq_caravan_guard_company;antq_frontier_spear_company,antq_british_coastal_warboat;antq_british_hide_transport,ullapool,antq_british_coastal_warboat,antq_british_hide_transport,pass,pass,pass,pass,pass,pass
LGB,Lugi,Britain,antq_bow_infantry;antq_household_retainers;antq_javelin_skirmishers;antq_spear_and_shield_infantry,antq_british_hillfort_spearmen;antq_district_spear_muster;antq_northern_british_skirmishers;antq_seasonal_skirmishers,antq_caravan_guard_company;antq_frontier_spear_company,antq_british_coastal_warboat;antq_british_hide_transport,dornoch,antq_british_coastal_warboat,antq_british_hide_transport,pass,pass,pass,pass,pass,pass
SME,Smertae,Britain,antq_bow_infantry;antq_household_retainers;antq_javelin_skirmishers;antq_spear_and_shield_infantry,antq_british_hillfort_spearmen;antq_district_spear_muster;antq_northern_british_skirmishers;antq_seasonal_skirmishers,antq_caravan_guard_company;antq_frontier_spear_company,antq_british_coastal_warboat;antq_british_hide_transport,tongue,antq_british_coastal_warboat,antq_british_hide_transport,pass,pass,pass,pass,pass,pass
NCR,Cornavii,Britain,antq_bow_infantry;antq_household_retainers;antq_javelin_skirmishers;antq_spear_and_shield_infantry,antq_british_hillfort_spearmen;antq_district_spear_muster;antq_northern_british_skirmishers;antq_seasonal_skirmishers,antq_caravan_guard_company;antq_frontier_spear_company,antq_british_coastal_warboat;antq_british_hide_transport,orkney;shetland;thurso,antq_british_coastal_warboat,antq_british_hide_transport,pass,pass,pass,pass,pass,pass
CAL,Caledoni,Britain,antq_bow_infantry;antq_household_retainers;antq_javelin_skirmishers;antq_spear_and_shield_infantry,antq_british_hillfort_spearmen;antq_district_spear_muster;antq_germanic_horse;antq_northern_british_skirmishers;antq_seasonal_skirmishers;antq_warbands,antq_caravan_guard_company;antq_frontier_spear_company,antq_british_coastal_warboat;antq_british_hide_transport,harris;inverness;lewis;perth;uist,antq_british_coastal_warboat,antq_british_hide_transport,pass,pass,pass,pass,pass,pass
VNI,Vennicnii,Ireland,antq_bow_infantry;antq_household_retainers;antq_javelin_skirmishers;antq_spear_and_shield_infantry,antq_district_spear_muster;antq_hibernian_coastal_warbands;antq_hibernian_javelin_bands;antq_seasonal_skirmishers,antq_caravan_guard_company;antq_frontier_spear_company,antq_hibernian_cargo_curragh;antq_hibernian_war_curragh,donegal;inishowen;kilmacrennan;raphoe,antq_hibernian_war_curragh,antq_hibernian_cargo_curragh,pass,pass,pass,pass,pass,pass
RHB,Rhobogdii,Ireland,antq_bow_infantry;antq_household_retainers;antq_javelin_skirmishers;antq_spear_and_shield_infantry,antq_district_spear_muster;antq_hibernian_coastal_warbands;antq_hibernian_javelin_bands;antq_seasonal_skirmishers,antq_caravan_guard_company;antq_frontier_spear_company,antq_hibernian_cargo_curragh;antq_hibernian_war_curragh,coleraine;derry,antq_hibernian_war_curragh,antq_hibernian_cargo_curragh,pass,pass,pass,pass,pass,pass
DAR,Darini,Ireland,antq_bow_infantry;antq_household_retainers;antq_javelin_skirmishers;antq_spear_and_shield_infantry,antq_district_spear_muster;antq_hibernian_coastal_warbands;antq_hibernian_javelin_bands;antq_seasonal_skirmishers,antq_caravan_guard_company;antq_frontier_spear_company,antq_hibernian_cargo_curragh;antq_hibernian_war_curragh,ballycastle;belfast;carrickfergus;dunluce,antq_hibernian_war_curragh,antq_hibernian_cargo_curragh,pass,pass,pass,pass,pass,pass
ERD,Erdini,Ireland,antq_bow_infantry;antq_household_retainers;antq_javelin_skirmishers;antq_spear_and_shield_infantry,antq_district_spear_muster;antq_hibernian_coastal_warbands;antq_hibernian_javelin_bands;antq_seasonal_skirmishers,antq_caravan_guard_company;antq_frontier_spear_company,antq_hibernian_cargo_curragh;antq_hibernian_war_curragh,dromahair,antq_hibernian_war_curragh,antq_hibernian_cargo_curragh,pass,pass,pass,pass,pass,pass
ULA,Voluntii,Ireland,antq_bow_infantry;antq_household_retainers;antq_javelin_skirmishers;antq_spear_and_shield_infantry,antq_district_spear_muster;antq_germanic_horse;antq_hibernian_coastal_warbands;antq_hibernian_javelin_bands;antq_seasonal_skirmishers;antq_warbands,antq_caravan_guard_company;antq_frontier_spear_company,antq_hibernian_cargo_curragh;antq_hibernian_war_curragh,downpatrick;drogheda;dundalk;iveagh;newtownards;oriel,antq_hibernian_war_curragh,antq_hibernian_cargo_curragh,pass,pass,pass,pass,pass,pass
NAG,Nagnatae,Ireland,antq_bow_infantry;antq_household_retainers;antq_javelin_skirmishers;antq_spear_and_shield_infantry,antq_district_spear_muster;antq_hibernian_coastal_warbands;antq_hibernian_javelin_bands;antq_seasonal_skirmishers,antq_caravan_guard_company;antq_frontier_spear_company,antq_hibernian_cargo_curragh;antq_hibernian_war_curragh,burrishoole;erris;sligo,antq_hibernian_war_curragh,antq_hibernian_cargo_curragh,pass,pass,pass,pass,pass,pass
AUT,Autini,Ireland,antq_bow_infantry;antq_household_retainers;antq_javelin_skirmishers;antq_spear_and_shield_infantry,antq_district_spear_muster;antq_hibernian_coastal_warbands;antq_hibernian_javelin_bands;antq_seasonal_skirmishers,antq_caravan_guard_company;antq_frontier_spear_company,antq_hibernian_cargo_curragh;antq_hibernian_war_curragh,clifden;galway,antq_hibernian_war_curragh,antq_hibernian_cargo_curragh,pass,pass,pass,pass,pass,pass
GAN,Gangani,Ireland,antq_bow_infantry;antq_household_retainers;antq_javelin_skirmishers;antq_spear_and_shield_infantry,antq_district_spear_muster;antq_hibernian_coastal_warbands;antq_hibernian_javelin_bands;antq_seasonal_skirmishers,antq_caravan_guard_company;antq_frontier_spear_company,antq_hibernian_cargo_curragh;antq_hibernian_war_curragh,bunratty;ennis;moyarta;skreen,antq_hibernian_war_curragh,antq_hibernian_cargo_curragh,pass,pass,pass,pass,pass,pass
VEL,Velabri,Ireland,antq_bow_infantry;antq_household_retainers;antq_javelin_skirmishers;antq_spear_and_shield_infantry,antq_district_spear_muster;antq_hibernian_coastal_warbands;antq_hibernian_javelin_bands;antq_seasonal_skirmishers,antq_caravan_guard_company;antq_frontier_spear_company,antq_hibernian_cargo_curragh;antq_hibernian_war_curragh,carbery;kilbrittain;killarney,antq_hibernian_war_curragh,antq_hibernian_cargo_curragh,pass,pass,pass,pass,pass,pass
IVN,Iverni,Ireland,antq_bow_infantry;antq_household_retainers;antq_javelin_skirmishers;antq_spear_and_shield_infantry,antq_district_spear_muster;antq_hibernian_coastal_warbands;antq_hibernian_javelin_bands;antq_seasonal_skirmishers,antq_caravan_guard_company;antq_frontier_spear_company,antq_hibernian_cargo_curragh;antq_hibernian_war_curragh,cork;kinsale;youghal,antq_hibernian_war_curragh,antq_hibernian_cargo_curragh,pass,pass,pass,pass,pass,pass
USD,Usdiae,Ireland,antq_bow_infantry;antq_household_retainers;antq_javelin_skirmishers;antq_spear_and_shield_infantry,antq_district_spear_muster;antq_hibernian_coastal_warbands;antq_hibernian_javelin_bands;antq_seasonal_skirmishers,antq_caravan_guard_company;antq_frontier_spear_company,antq_hibernian_cargo_curragh;antq_hibernian_war_curragh,adare;dingle;limerick;tralee,antq_hibernian_war_curragh,antq_hibernian_cargo_curragh,pass,pass,pass,pass,pass,pass
IBG,Hibernian Brigantes,Ireland,antq_bow_infantry;antq_household_retainers;antq_javelin_skirmishers;antq_spear_and_shield_infantry,antq_district_spear_muster;antq_hibernian_coastal_warbands;antq_hibernian_javelin_bands;antq_seasonal_skirmishers,antq_caravan_guard_company;antq_frontier_spear_company,antq_hibernian_cargo_curragh;antq_hibernian_war_curragh,carrickbeg;dungarvan;waterford,antq_hibernian_war_curragh,antq_hibernian_cargo_curragh,pass,pass,pass,pass,pass,pass
CND,Coriondi,Ireland,antq_bow_infantry;antq_household_retainers;antq_javelin_skirmishers;antq_spear_and_shield_infantry,antq_district_spear_muster;antq_hibernian_coastal_warbands;antq_hibernian_javelin_bands;antq_seasonal_skirmishers,antq_caravan_guard_company;antq_frontier_spear_company,,,,,pass,pass,pass,pass,pass,pass
MNP,Manapii,Ireland,antq_bow_infantry;antq_household_retainers;antq_javelin_skirmishers;antq_spear_and_shield_infantry,antq_district_spear_muster;antq_hibernian_coastal_warbands;antq_hibernian_javelin_bands;antq_seasonal_skirmishers,antq_caravan_guard_company;antq_frontier_spear_company,antq_hibernian_cargo_curragh;antq_hibernian_war_curragh,ferns;new_ross;wexford,antq_hibernian_war_curragh,antq_hibernian_cargo_curragh,pass,pass,pass,pass,pass,pass
CCI,Cauci,Ireland,antq_bow_infantry;antq_household_retainers;antq_javelin_skirmishers;antq_spear_and_shield_infantry,antq_district_spear_muster;antq_hibernian_coastal_warbands;antq_hibernian_javelin_bands;antq_seasonal_skirmishers,antq_caravan_guard_company;antq_frontier_spear_company,antq_hibernian_cargo_curragh;antq_hibernian_war_curragh,dublin;fingal;wicklow,antq_hibernian_war_curragh,antq_hibernian_cargo_curragh,pass,pass,pass,pass,pass,pass
EBL,Eblani,Ireland,antq_bow_infantry;antq_household_retainers;antq_javelin_skirmishers;antq_spear_and_shield_infantry,antq_district_spear_muster;antq_hibernian_coastal_warbands;antq_hibernian_javelin_bands;antq_seasonal_skirmishers,antq_caravan_guard_company;antq_frontier_spear_company,,,,,pass,pass,pass,pass,pass,pass
DAC,Dacian Kingdoms,Danube,antq_bow_infantry;antq_household_retainers;antq_javelin_skirmishers;antq_spear_and_shield_infantry,antq_district_spear_muster;antq_seasonal_skirmishers,antq_caravan_guard_company;antq_dacian_falxmen;antq_frontier_spear_company,,,,,pass,pass,pass,pass,pass,pass
GET,Getae,Danube,antq_bow_infantry;antq_household_retainers;antq_javelin_skirmishers;antq_spear_and_shield_infantry,antq_district_spear_muster;antq_seasonal_skirmishers,antq_caravan_guard_company;antq_frontier_spear_company,,,,,pass,pass,pass,pass,pass,pass
BAS,Bastarnae,Danube,antq_bow_infantry;antq_household_retainers;antq_javelin_skirmishers;antq_spear_and_shield_infantry,antq_district_spear_muster;antq_seasonal_skirmishers,antq_caravan_guard_company;antq_frontier_spear_company,antq_pontic_monoxylon_patrol;antq_pontic_river_sea_transport,cetatea_alba;chilia;sarata,antq_pontic_monoxylon_patrol,antq_pontic_river_sea_transport,pass,pass,pass,pass,pass,pass
IAZ,Iazyges,Danube,antq_bow_infantry;antq_household_retainers;antq_javelin_skirmishers;antq_spear_and_shield_infantry,antq_district_spear_muster;antq_seasonal_skirmishers,antq_caravan_guard_company;antq_frontier_spear_company,,,,,pass,pass,pass,pass,pass,pass
ROX,Roxolani,Pontic,antq_bow_infantry;antq_cataphracts;antq_household_retainers;antq_javelin_skirmishers;antq_parthian_horse_archers;antq_spear_and_shield_infantry,antq_district_spear_muster;antq_seasonal_skirmishers,antq_caravan_guard_company;antq_frontier_spear_company,antq_pontic_monoxylon_patrol;antq_pontic_river_sea_transport,akhtar;azok;balikley;balzimachi;berdiansk;copa;costa;dashev;domakha;enice;kanevskaya;kara_bazaar;khadjibey;kyrylivka;mapa;melitopol;oleshia;ordu_bazar;qalancaq;ryn;sarayjuk;shcherbinovka;shyrokyne;susaco;taganrog;tana;teligol;tuapse;vithold_hammami,antq_pontic_monoxylon_patrol,antq_pontic_river_sea_transport,pass,pass,pass,pass,pass,pass
AOR,Aorsi,Pontic,antq_bow_infantry;antq_cataphracts;antq_household_retainers;antq_javelin_skirmishers;antq_parthian_horse_archers;antq_spear_and_shield_infantry,antq_district_spear_muster;antq_seasonal_skirmishers,antq_caravan_guard_company;antq_frontier_spear_company,antq_pontic_monoxylon_patrol;antq_pontic_river_sea_transport,astrakhan;dardeling;ganyushkino;ikryanoye;krasny_yar,antq_pontic_monoxylon_patrol,antq_pontic_river_sea_transport,pass,pass,pass,pass,pass,pass
SIR,Siraces,Pontic,antq_bow_infantry;antq_cataphracts;antq_household_retainers;antq_javelin_skirmishers;antq_parthian_horse_archers;antq_spear_and_shield_infantry,antq_district_spear_muster;antq_seasonal_skirmishers,antq_caravan_guard_company;antq_frontier_spear_company,,,,,pass,pass,pass,pass,pass,pass
ALA,Alans,Pontic,antq_bow_infantry;antq_cataphracts;antq_household_retainers;antq_javelin_skirmishers;antq_parthian_horse_archers;antq_spear_and_shield_infantry,antq_district_spear_muster;antq_seasonal_skirmishers,antq_caravan_guard_company;antq_frontier_spear_company,antq_pontic_monoxylon_patrol;antq_pontic_river_sea_transport,boynak;tarki;terek,antq_pontic_monoxylon_patrol,antq_pontic_river_sea_transport,pass,pass,pass,pass,pass,pass
KNG,Kangju,Central Asia,antq_bow_infantry;antq_household_retainers;antq_javelin_skirmishers;antq_spear_and_shield_infantry;antq_steppe_horse_archers,antq_district_spear_muster;antq_seasonal_skirmishers,antq_caravan_guard_company;antq_frontier_spear_company;antq_saka_horse,,,,,pass,pass,pass,pass,pass,pass
WSN,Wusun,Central Asia,antq_bow_infantry;antq_household_retainers;antq_javelin_skirmishers;antq_spear_and_shield_infantry;antq_steppe_horse_archers,antq_district_spear_muster;antq_seasonal_skirmishers,antq_caravan_guard_company;antq_frontier_spear_company;antq_saka_horse,,,,,pass,pass,pass,pass,pass,pass
DAY,Dayuan,Central Asia,antq_bow_infantry;antq_household_retainers;antq_javelin_skirmishers;antq_spear_and_shield_infantry;antq_steppe_horse_archers,antq_district_spear_muster;antq_seasonal_skirmishers,antq_caravan_guard_company;antq_frontier_spear_company;antq_saka_horse,,,,,pass,pass,pass,pass,pass,pass
SOG,Sogdian Cities,Central Asia,antq_bow_infantry;antq_household_retainers;antq_javelin_skirmishers;antq_spear_and_shield_infantry,antq_district_spear_muster;antq_seasonal_skirmishers,antq_caravan_guard_company;antq_frontier_spear_company,,,,,pass,pass,pass,pass,pass,pass
KHW,Khwarazm,Central Asia,antq_bow_infantry;antq_household_retainers;antq_javelin_skirmishers;antq_spear_and_shield_infantry,antq_district_spear_muster;antq_seasonal_skirmishers,antq_caravan_guard_company;antq_frontier_spear_company,antq_pontic_monoxylon_patrol;antq_pontic_river_sea_transport,kabakty;ketik_kala;koshkar_ata;temir_baba,antq_pontic_monoxylon_patrol,antq_pontic_river_sea_transport,pass,pass,pass,pass,pass,pass
XIA,Xianbei,Steppe,antq_bow_infantry;antq_household_retainers;antq_javelin_skirmishers;antq_spear_and_shield_infantry;antq_steppe_horse_archers,antq_district_spear_muster;antq_seasonal_skirmishers,antq_caravan_guard_company;antq_frontier_spear_company,,,,,pass,pass,pass,pass,pass,pass
WHU,Wuhuan,Steppe,antq_bow_infantry;antq_household_retainers;antq_javelin_skirmishers;antq_spear_and_shield_infantry;antq_steppe_horse_archers,antq_district_spear_muster;antq_seasonal_skirmishers,antq_caravan_guard_company;antq_frontier_spear_company,antq_pontic_monoxylon_patrol;antq_pontic_river_sea_transport,dalinghe;dandong;fuzhou_liaoyang;gaizhou;haizhou_liaoyang;jinzhou_dalian;jinzhou_liaoyang;ningyuan_jinzhou;qiantun;zhuanghe,antq_pontic_monoxylon_patrol,antq_pontic_river_sea_transport,pass,pass,pass,pass,pass,pass
DNG,Dingling,Steppe,antq_bow_infantry;antq_household_retainers;antq_javelin_skirmishers;antq_spear_and_shield_infantry;antq_steppe_horse_archers,antq_district_spear_muster;antq_seasonal_skirmishers,antq_caravan_guard_company;antq_frontier_spear_company,,,,,pass,pass,pass,pass,pass,pass
PYU,Pyu Cities,Southeast Asia,antq_bow_infantry;antq_household_retainers;antq_javelin_skirmishers;antq_spear_and_shield_infantry,antq_district_spear_muster;antq_seasonal_skirmishers,antq_caravan_guard_company;antq_frontier_spear_company,antq_sulawesi_lashed_lug_patrol;antq_sulawesi_outrigger_transport,dala;donwun;kawthaung;martaban;maubin;mawlamyine;mergui;myaungmya;ngaputaw;pathein;pegu;sittaung;tavoy;thanlyin;thaton;thayetchaung;ye,antq_sulawesi_lashed_lug_patrol,antq_sulawesi_outrigger_transport,pass,pass,pass,pass,pass,pass
MON,Mon Precursors,Southeast Asia,antq_bow_infantry;antq_household_retainers;antq_javelin_skirmishers;antq_spear_and_shield_infantry,antq_district_spear_muster;antq_seasonal_skirmishers,antq_caravan_guard_company;antq_frontier_spear_company,antq_sulawesi_lashed_lug_patrol;antq_sulawesi_outrigger_transport,ayodhya;chaisri;chumphon;dong_lakhon;muang_khuan_kra_buri;muang_na_rang;phanat;phetchaburi;ratchaburi;rayong,antq_sulawesi_lashed_lug_patrol,antq_sulawesi_outrigger_transport,pass,pass,pass,pass,pass,pass
KHM,Proto-Khmer,Southeast Asia,antq_bow_infantry;antq_household_retainers;antq_javelin_skirmishers;antq_spear_and_shield_infantry,antq_district_spear_muster;antq_seasonal_skirmishers,antq_caravan_guard_company;antq_frontier_spear_company,antq_sulawesi_lashed_lug_patrol;antq_sulawesi_outrigger_transport,kampong_roessei;kampong_saom;koh_kong;kramuon_sa;mueng_thung_yai;or_keo;peam;phsar_dek;pouthi_loeu;srok_khleang;toek_khmau,antq_sulawesi_lashed_lug_patrol,antq_sulawesi_outrigger_transport,pass,pass,pass,pass,pass,pass
MAL,Malay Polities,Southeast Asia,antq_bow_infantry;antq_household_retainers;antq_javelin_skirmishers;antq_spear_and_shield_infantry,antq_district_spear_muster;antq_seasonal_skirmishers,antq_caravan_guard_company;antq_frontier_spear_company,antq_sulawesi_lashed_lug_patrol;antq_sulawesi_outrigger_transport,anambas_islands;asahan;badau;bagansiapipi;bandar_aceh;baru;barus;bengkalis;bengkulu;berbak;beruas;buantan;bujang;buluranriding;calang;chaiya;daik;daya;deli;dumai;dungun;gelanggi;inderapura;johor_lama;kajang;kalianda;kedah;kelantan;klang;ko_samui;koba;kota_kapur;kota_rentang;krabi;kraburi;krui;kuala_kampar;kualuh;kuantan;kubu_rokan;lalan;lampung;lebonghitam;liwa_lampung;lumpur;malacca;manjung;manna;mardelong;menara;menggala;mesuji;meulaboh;muar;muara_sabak;mukomuko;musi_hilir;natal;natuna_islands;padang;pahang;paka;palas_pasemah;pangkalpinang;pannai;pariaman;pasai;pasaman;pattani;pelalawan;perbaungan;perlis;peureulak;prasong;rengat;satingpura;semerlanga;siak;sibolga;sichon;sigli;singgora;singkil;sorkam;subi_islands;sukadana_lampung;susoh;takua_pa;tamiang;tanjung_balai;tanjungpinang;tapaktuan;temasek;tenggulang;tha_tong;thalang;thammarat;topos;trang;trengganu;tungkal,antq_sulawesi_lashed_lug_patrol,antq_sulawesi_outrigger_transport,pass,pass,pass,pass,pass,pass
JAV,Javanese Polities,Southeast Asia,antq_bow_infantry;antq_household_retainers;antq_javelin_skirmishers;antq_spear_and_shield_infantry,antq_district_spear_muster;antq_seasonal_skirmishers,antq_caravan_guard_company;antq_frontier_spear_company,antq_sulawesi_lashed_lug_patrol;antq_sulawesi_outrigger_transport,bagaluhan;bajrajinaparamitapura;balambangan;balibo;bangkalan;banten;bawean;bima;cibadak;cibuaya;cimanuk;cirebon;demak;dompu;gresik;jepara;julah;kandangwesi;kangean;lamakera;laran;larantuka;likusaen;lombok;lumajang;malang;mataram;melara;pacitan;pakembangan;pangandaran;pangguyangan;pati;pekalongan;purwalingga;sadeng;samprangan;sasak;semarang;sugeneb;sumbawa;sunda_kelapa;surabaya;taliwang;tegal;trowulan;tuban_java;tulungagung;tutuala,antq_sulawesi_lashed_lug_patrol,antq_sulawesi_outrigger_transport,pass,pass,pass,pass,pass,pass
LZC,Northwest Luzon Coastal,Southeast Asia,antq_bow_infantry;antq_household_retainers;antq_javelin_skirmishers;antq_spear_and_shield_infantry,antq_district_spear_muster;antq_seasonal_skirmishers,antq_caravan_guard_company;antq_frontier_spear_company,antq_sulawesi_lashed_lug_patrol;antq_sulawesi_outrigger_transport,agoo;binalatongan;bolinao,antq_sulawesi_lashed_lug_patrol,antq_sulawesi_outrigger_transport,pass,pass,pass,pass,pass,pass
CXR,Central Luzon River,Southeast Asia,antq_bow_infantry;antq_household_retainers;antq_javelin_skirmishers;antq_spear_and_shield_infantry,antq_district_spear_muster;antq_seasonal_skirmishers,antq_caravan_guard_company;antq_frontier_spear_company,antq_sulawesi_lashed_lug_patrol;antq_sulawesi_outrigger_transport,botolan;hubek,antq_sulawesi_lashed_lug_patrol,antq_sulawesi_outrigger_transport,pass,pass,pass,pass,pass,pass
MBL,Manila Bay-Laguna,Southeast Asia,antq_bow_infantry;antq_household_retainers;antq_javelin_skirmishers;antq_spear_and_shield_infantry,antq_district_spear_muster;antq_seasonal_skirmishers,antq_caravan_guard_company;antq_frontier_spear_company,antq_philippine_outrigger_patrol;antq_philippine_outrigger_transport;antq_sulawesi_lashed_lug_patrol;antq_sulawesi_outrigger_transport,kumintang;maynila;pulilu;tondo,antq_philippine_outrigger_patrol;antq_sulawesi_lashed_lug_patrol,antq_philippine_outrigger_transport;antq_sulawesi_outrigger_transport,pass,pass,pass,pass,pass,pass
BCP,Bicol Peninsula Metal-Age,Southeast Asia,antq_bow_infantry;antq_household_retainers;antq_javelin_skirmishers;antq_spear_and_shield_infantry,antq_district_spear_muster;antq_seasonal_skirmishers,antq_caravan_guard_company;antq_frontier_spear_company,antq_philippine_outrigger_patrol;antq_philippine_outrigger_transport;antq_sulawesi_lashed_lug_patrol;antq_sulawesi_outrigger_transport,binawangan;daet;ibalong;naga_bikol;sawangan;vidak,antq_philippine_outrigger_patrol;antq_sulawesi_lashed_lug_patrol,antq_philippine_outrigger_transport;antq_sulawesi_outrigger_transport,pass,pass,pass,pass,pass,pass
MDR,Mindoro Maritime,Southeast Asia,antq_bow_infantry;antq_household_retainers;antq_javelin_skirmishers;antq_spear_and_shield_infantry,antq_district_spear_muster;antq_seasonal_skirmishers,antq_caravan_guard_company;antq_frontier_spear_company,antq_sulawesi_lashed_lug_patrol;antq_sulawesi_outrigger_transport,basud;kalapang;mamburao;mangarin,antq_sulawesi_lashed_lug_patrol,antq_sulawesi_outrigger_transport,pass,pass,pass,pass,pass,pass
PNY,Panay Metal-Age,Southeast Asia,antq_bow_infantry;antq_household_retainers;antq_javelin_skirmishers;antq_spear_and_shield_infantry,antq_district_spear_muster;antq_seasonal_skirmishers,antq_caravan_guard_company;antq_frontier_spear_company,antq_sulawesi_lashed_lug_patrol;antq_sulawesi_outrigger_transport,aklan;araut;batan;irong_irong;malandog,antq_sulawesi_lashed_lug_patrol,antq_sulawesi_outrigger_transport,pass,pass,pass,pass,pass,pass
NGR,Negros Metal-Age,Southeast Asia,antq_bow_infantry;antq_household_retainers;antq_javelin_skirmishers;antq_spear_and_shield_infantry,antq_district_spear_muster;antq_seasonal_skirmishers,antq_caravan_guard_company;antq_frontier_spear_company,antq_sulawesi_lashed_lug_patrol;antq_sulawesi_outrigger_transport,bago_negros;binalbagan;ilog;tanjay,antq_sulawesi_lashed_lug_patrol,antq_sulawesi_outrigger_transport,pass,pass,pass,pass,pass,pass
CBH,Cebu-Bohol Island,Southeast Asia,antq_bow_infantry;antq_household_retainers;antq_javelin_skirmishers;antq_spear_and_shield_infantry,antq_district_spear_muster;antq_seasonal_skirmishers,antq_caravan_guard_company;antq_frontier_spear_company,antq_sulawesi_lashed_lug_patrol;antq_sulawesi_outrigger_transport,bool;kangdaya;singhapala;talibon,antq_sulawesi_lashed_lug_patrol,antq_sulawesi_outrigger_transport,pass,pass,pass,pass,pass,pass
PLW,Palawan Cave-Coast,Southeast Asia,antq_bow_infantry;antq_household_retainers;antq_javelin_skirmishers;antq_spear_and_shield_infantry,antq_district_spear_muster;antq_seasonal_skirmishers,antq_caravan_guard_company;antq_frontier_spear_company,antq_sulawesi_lashed_lug_patrol;antq_sulawesi_outrigger_transport,balabak;busuanga;taytay,antq_sulawesi_lashed_lug_patrol,antq_sulawesi_outrigger_transport,pass,pass,pass,pass,pass,pass
AGS,Agusan River,Southeast Asia,antq_bow_infantry;antq_household_retainers;antq_javelin_skirmishers;antq_spear_and_shield_infantry,antq_district_spear_muster;antq_seasonal_skirmishers,antq_caravan_guard_company;antq_frontier_spear_company,antq_sulawesi_lashed_lug_patrol;antq_sulawesi_outrigger_transport,butuan;cabadbaran;cantilan;langan;surigao,antq_sulawesi_lashed_lug_patrol,antq_sulawesi_outrigger_transport,pass,pass,pass,pass,pass,pass
LNO,Lanao Coast-Lake,Southeast Asia,antq_bow_infantry;antq_household_retainers;antq_javelin_skirmishers;antq_spear_and_shield_infantry,antq_district_spear_muster;antq_seasonal_skirmishers,antq_caravan_guard_company;antq_frontier_spear_company,antq_sulawesi_lashed_lug_patrol;antq_sulawesi_outrigger_transport,initao;malabang;tukuran,antq_sulawesi_lashed_lug_patrol,antq_sulawesi_outrigger_transport,pass,pass,pass,pass,pass,pass
PCT,Pulangi-Cotabato Basin,Southeast Asia,antq_bow_infantry;antq_household_retainers;antq_javelin_skirmishers;antq_spear_and_shield_infantry,antq_district_spear_muster;antq_seasonal_skirmishers,antq_caravan_guard_company;antq_frontier_spear_company,antq_sulawesi_lashed_lug_patrol;antq_sulawesi_outrigger_transport,kalamansig;kuta_watu,antq_sulawesi_lashed_lug_patrol,antq_sulawesi_outrigger_transport,pass,pass,pass,pass,pass,pass
MTT,Maitum-Sarangani Mortuary,Southeast Asia,antq_bow_infantry;antq_household_retainers;antq_javelin_skirmishers;antq_spear_and_shield_infantry,antq_district_spear_muster;antq_seasonal_skirmishers,antq_caravan_guard_company;antq_frontier_spear_company,antq_philippine_outrigger_patrol;antq_philippine_outrigger_transport;antq_sulawesi_lashed_lug_patrol;antq_sulawesi_outrigger_transport,makar;sarangani,antq_philippine_outrigger_patrol;antq_sulawesi_lashed_lug_patrol,antq_philippine_outrigger_transport;antq_sulawesi_outrigger_transport,pass,pass,pass,pass,pass,pass
ZBG,Zamboanga Peninsula,Southeast Asia,antq_bow_infantry;antq_household_retainers;antq_javelin_skirmishers;antq_spear_and_shield_infantry,antq_district_spear_muster;antq_seasonal_skirmishers,antq_caravan_guard_company;antq_frontier_spear_company,antq_sulawesi_lashed_lug_patrol;antq_sulawesi_outrigger_transport,dapitan;panaon;samboangan;sibugay;sindangan;siocon,antq_sulawesi_lashed_lug_patrol,antq_sulawesi_outrigger_transport,pass,pass,pass,pass,pass,pass
SLU,Sulu Island,Southeast Asia,antq_bow_infantry;antq_household_retainers;antq_javelin_skirmishers;antq_spear_and_shield_infantry,antq_district_spear_muster;antq_seasonal_skirmishers,antq_caravan_guard_company;antq_frontier_spear_company,antq_sulawesi_lashed_lug_patrol;antq_sulawesi_outrigger_transport,bongao;lamitan;maimbung,antq_sulawesi_lashed_lug_patrol,antq_sulawesi_outrigger_transport,pass,pass,pass,pass,pass,pass
NBR,Niah-Brunei Cave-River,Southeast Asia,antq_bow_infantry;antq_household_retainers;antq_javelin_skirmishers;antq_spear_and_shield_infantry,antq_district_spear_muster;antq_seasonal_skirmishers,antq_caravan_guard_company;antq_frontier_spear_company,antq_sulawesi_lashed_lug_patrol;antq_sulawesi_outrigger_transport,api_api;barulo;berune;niah;padas;tutong,antq_sulawesi_lashed_lug_patrol,antq_sulawesi_outrigger_transport,pass,pass,pass,pass,pass,pass
RSW,Rajang-Sarawak Coastal Networks,Southeast Asia,antq_bow_infantry;antq_household_retainers;antq_javelin_skirmishers;antq_spear_and_shield_infantry,antq_district_spear_muster;antq_seasonal_skirmishers,antq_caravan_guard_company;antq_frontier_spear_company,antq_sulawesi_lashed_lug_patrol;antq_sulawesi_outrigger_transport,igan;mukah;samarahan;santubong;saribas;sarikei;sebuyau;tandang_sari;tatau,antq_sulawesi_lashed_lug_patrol,antq_sulawesi_outrigger_transport,pass,pass,pass,pass,pass,pass
KSB,Kinabatangan-Sabah Littoral Networks,Southeast Asia,antq_bow_infantry;antq_household_retainers;antq_javelin_skirmishers;antq_spear_and_shield_infantry,antq_district_spear_muster;antq_seasonal_skirmishers,antq_caravan_guard_company;antq_frontier_spear_company,antq_sulawesi_lashed_lug_patrol;antq_sulawesi_outrigger_transport,kinabatangan;kota_marudu;kudat;lahad_datu;sandakan;sibumbong;sugut,antq_sulawesi_lashed_lug_patrol,antq_sulawesi_outrigger_transport,pass,pass,pass,pass,pass,pass
NEB,Northeast Borneo River-Sea Networks,Southeast Asia,antq_bow_infantry;antq_household_retainers;antq_javelin_skirmishers;antq_spear_and_shield_infantry,antq_district_spear_muster;antq_seasonal_skirmishers,antq_caravan_guard_company;antq_frontier_spear_company,antq_sulawesi_lashed_lug_patrol;antq_sulawesi_outrigger_transport,sambaliung;sebuku;sesayap;sungai_lati;tanjung_palas;tarakan;tawau;tong_talun,antq_sulawesi_lashed_lug_patrol,antq_sulawesi_outrigger_transport,pass,pass,pass,pass,pass,pass
SGK,Sangkulirang Karst,Southeast Asia,antq_bow_infantry;antq_household_retainers;antq_javelin_skirmishers;antq_spear_and_shield_infantry,antq_district_spear_muster;antq_seasonal_skirmishers,antq_caravan_guard_company;antq_frontier_spear_company,antq_sulawesi_lashed_lug_patrol;antq_sulawesi_outrigger_transport,bengalon;karangan;sandaran;sangata;sepinang,antq_sulawesi_lashed_lug_patrol,antq_sulawesi_outrigger_transport,pass,pass,pass,pass,pass,pass
MHK,Mahakam River Networks,Southeast Asia,antq_bow_infantry;antq_household_retainers;antq_javelin_skirmishers;antq_spear_and_shield_infantry,antq_district_spear_muster;antq_seasonal_skirmishers,antq_caravan_guard_company;antq_frontier_spear_company,antq_sulawesi_lashed_lug_patrol;antq_sulawesi_outrigger_transport,jembayan;kutai_lama;tuyuk,antq_sulawesi_lashed_lug_patrol,antq_sulawesi_outrigger_transport,pass,pass,pass,pass,pass,pass
KPM,Kapuas-Melawi River Networks,Southeast Asia,antq_bow_infantry;antq_household_retainers;antq_javelin_skirmishers;antq_spear_and_shield_infantry,antq_district_spear_muster;antq_seasonal_skirmishers,antq_caravan_guard_company;antq_frontier_spear_company,antq_sulawesi_lashed_lug_patrol;antq_sulawesi_outrigger_transport,kubu;pontianak,antq_sulawesi_lashed_lug_patrol,antq_sulawesi_outrigger_transport,pass,pass,pass,pass,pass,pass
WBC,Western Borneo Coastal Networks,Southeast Asia,antq_bow_infantry;antq_household_retainers;antq_javelin_skirmishers;antq_spear_and_shield_infantry,antq_district_spear_muster;antq_seasonal_skirmishers,antq_caravan_guard_company;antq_frontier_spear_company,antq_sulawesi_lashed_lug_patrol;antq_sulawesi_outrigger_transport,kendawangan;mandor;mempawah;monterado;pesaguan;sambas;sukadana;tanjungpura;teluk_melano,antq_sulawesi_lashed_lug_patrol,antq_sulawesi_outrigger_transport,pass,pass,pass,pass,pass,pass
CSB,Central-Southern Borneo River Networks,Southeast Asia,antq_bow_infantry;antq_household_retainers;antq_javelin_skirmishers;antq_spear_and_shield_infantry,antq_district_spear_muster;antq_seasonal_skirmishers,antq_caravan_guard_company;antq_frontier_spear_company,antq_sulawesi_lashed_lug_patrol;antq_sulawesi_outrigger_transport,air_hitam;jelai;kahayan_hilir;kotawaringin_lama;kumai;mendawai;sampit;seruyan,antq_sulawesi_lashed_lug_patrol,antq_sulawesi_outrigger_transport,pass,pass,pass,pass,pass,pass
BPR,Banjar-Paser River-Coast Networks,Southeast Asia,antq_bow_infantry;antq_household_retainers;antq_javelin_skirmishers;antq_spear_and_shield_infantry,antq_district_spear_muster;antq_seasonal_skirmishers,antq_caravan_guard_company;antq_frontier_spear_company,antq_sulawesi_lashed_lug_patrol;antq_sulawesi_outrigger_transport,bangkalan_borneo;banjar;cantung;pagatan;paser;pelaihari;sigam,antq_sulawesi_lashed_lug_patrol,antq_sulawesi_outrigger_transport,pass,pass,pass,pass,pass,pass
TON,Tonga-Samoa-Fiji,Oceania,antq_bow_infantry;antq_household_retainers;antq_javelin_skirmishers;antq_spear_and_shield_infantry,antq_district_spear_muster;antq_seasonal_skirmishers,antq_caravan_guard_company;antq_frontier_spear_company,antq_sulawesi_lashed_lug_patrol;antq_sulawesi_outrigger_transport,haapai;savaii;tongatapu;tutuila;upolu;vauvau,antq_sulawesi_lashed_lug_patrol,antq_sulawesi_outrigger_transport,pass,pass,pass,pass,pass,pass
TEO,Teotihuacan,Mesoamerica,antq_bow_infantry;antq_household_retainers;antq_javelin_skirmishers;antq_spear_and_shield_infantry,antq_district_spear_muster;antq_seasonal_skirmishers,antq_andean_sling_company;antq_caravan_guard_company;antq_frontier_spear_company;antq_mesoamerican_atlatl_company,,,,,pass,pass,pass,pass,pass,pass
CUI,Cuicuilco,Mesoamerica,antq_bow_infantry;antq_household_retainers;antq_javelin_skirmishers;antq_spear_and_shield_infantry,antq_district_spear_muster;antq_seasonal_skirmishers,antq_andean_sling_company;antq_caravan_guard_company;antq_frontier_spear_company;antq_mesoamerican_atlatl_company,,,,,pass,pass,pass,pass,pass,pass
MAY,Early Maya Polities,Mesoamerica,antq_bow_infantry;antq_household_retainers;antq_javelin_skirmishers;antq_spear_and_shield_infantry,antq_district_spear_muster;antq_seasonal_skirmishers,antq_andean_sling_company;antq_caravan_guard_company;antq_frontier_spear_company;antq_mesoamerican_atlatl_company,antq_caribbean_dugout_patrol;antq_caribbean_dugout_transport,bakhalal;calkini;chacchoben;chactemal;chakan_putum;chakan_yucatan;chalchuapa;dzilam;ekab;hunucma;itzcuintlan;kaan_peech;kakol_kiej;kuskatan;labcah;maxcanu;motul;nonualco;tho;titsimin;tixchel;tixmul;xicallanco;zama,antq_caribbean_dugout_patrol,antq_caribbean_dugout_transport,pass,pass,pass,pass,pass,pass
ZAP,Monte Alban,Mesoamerica,antq_bow_infantry;antq_household_retainers;antq_javelin_skirmishers;antq_spear_and_shield_infantry,antq_district_spear_muster;antq_seasonal_skirmishers,antq_andean_sling_company;antq_caravan_guard_company;antq_frontier_spear_company;antq_mesoamerican_atlatl_company,antq_caribbean_dugout_patrol;antq_caribbean_dugout_transport,cuauhtolco;huamelula;manialtepec;tehuantepec;tonameca;tututepec;zanatepec,antq_caribbean_dugout_patrol,antq_caribbean_dugout_transport,pass,pass,pass,pass,pass,pass
EPI,Epi-Olmec,Mesoamerica,antq_bow_infantry;antq_household_retainers;antq_javelin_skirmishers;antq_spear_and_shield_infantry,antq_district_spear_muster;antq_seasonal_skirmishers,antq_andean_sling_company;antq_caravan_guard_company;antq_frontier_spear_company;antq_mesoamerican_atlatl_company,antq_caribbean_dugout_patrol;antq_caribbean_dugout_transport,acayucan;atzaccan;cempoala;coatzacoalco;cuauhtochco;puctlan;quiahuiztlan;tlacotlalpan;tonala_coatzacoalco;tozlan;xamapan,antq_caribbean_dugout_patrol,antq_caribbean_dugout_transport,pass,pass,pass,pass,pass,pass
NYS,Nayarit Shaft-Tomb,Mesoamerica,antq_bow_infantry;antq_household_retainers;antq_javelin_skirmishers;antq_spear_and_shield_infantry,antq_district_spear_muster;antq_seasonal_skirmishers,antq_andean_sling_company;antq_caravan_guard_company;antq_frontier_spear_company;antq_mesoamerican_atlatl_company,antq_caribbean_dugout_patrol;antq_caribbean_dugout_transport,aztatlan;sentispac;xalisco,antq_caribbean_dugout_patrol,antq_caribbean_dugout_transport,pass,pass,pass,pass,pass,pass
TJC,Central Jalisco Teuchitlan Networks,Mesoamerica,antq_bow_infantry;antq_household_retainers;antq_javelin_skirmishers;antq_spear_and_shield_infantry,antq_district_spear_muster;antq_seasonal_skirmishers,antq_andean_sling_company;antq_caravan_guard_company;antq_frontier_spear_company;antq_mesoamerican_atlatl_company,,,,,pass,pass,pass,pass,pass,pass
SJB,Southern Jalisco Basin,Mesoamerica,antq_bow_infantry;antq_household_retainers;antq_javelin_skirmishers;antq_spear_and_shield_infantry,antq_district_spear_muster;antq_seasonal_skirmishers,antq_andean_sling_company;antq_caravan_guard_company;antq_frontier_spear_company;antq_mesoamerican_atlatl_company,,,,,pass,pass,pass,pass,pass,pass
COL,Colima-Coahuayana,Mesoamerica,antq_bow_infantry;antq_household_retainers;antq_javelin_skirmishers;antq_spear_and_shield_infantry,antq_district_spear_muster;antq_seasonal_skirmishers,antq_andean_sling_company;antq_caravan_guard_company;antq_frontier_spear_company;antq_mesoamerican_atlatl_company,antq_caribbean_dugout_patrol;antq_caribbean_dugout_transport,caxitlan;chucutitlan;coahuayana;tlacalahuastla;tomatlan;xihutla;zihuatlan,antq_caribbean_dugout_patrol,antq_caribbean_dugout_transport,pass,pass,pass,pass,pass,pass
BJC,Chupicuaro-Bajio,Mesoamerica,antq_bow_infantry;antq_household_retainers;antq_javelin_skirmishers;antq_spear_and_shield_infantry,antq_district_spear_muster;antq_seasonal_skirmishers,antq_andean_sling_company;antq_caravan_guard_company;antq_frontier_spear_company;antq_mesoamerican_atlatl_company,,,,,pass,pass,pass,pass,pass,pass
PHC,Patzcuaro Highland,Mesoamerica,antq_bow_infantry;antq_household_retainers;antq_javelin_skirmishers;antq_spear_and_shield_infantry,antq_district_spear_muster;antq_seasonal_skirmishers,antq_andean_sling_company;antq_caravan_guard_company;antq_frontier_spear_company;antq_mesoamerican_atlatl_company,,,,,pass,pass,pass,pass,pass,pass
MBC,Central Michoacan Basin,Mesoamerica,antq_bow_infantry;antq_household_retainers;antq_javelin_skirmishers;antq_spear_and_shield_infantry,antq_district_spear_muster;antq_seasonal_skirmishers,antq_andean_sling_company;antq_caravan_guard_company;antq_frontier_spear_company;antq_mesoamerican_atlatl_company,,,,,pass,pass,pass,pass,pass,pass
TVC,Toluca Valley Formative,Mesoamerica,antq_bow_infantry;antq_household_retainers;antq_javelin_skirmishers;antq_spear_and_shield_infantry,antq_district_spear_muster;antq_seasonal_skirmishers,antq_andean_sling_company;antq_caravan_guard_company;antq_frontier_spear_company;antq_mesoamerican_atlatl_company,,,,,pass,pass,pass,pass,pass,pass
MZC,Mezcala-Balsas Preurban,Mesoamerica,antq_bow_infantry;antq_household_retainers;antq_javelin_skirmishers;antq_spear_and_shield_infantry,antq_district_spear_muster;antq_seasonal_skirmishers,antq_andean_sling_company;antq_caravan_guard_company;antq_frontier_spear_company;antq_mesoamerican_atlatl_company,,,,,pass,pass,pass,pass,pass,pass
JZH,Jalisco-Zacatecas,Mesoamerica,antq_bow_infantry;antq_household_retainers;antq_javelin_skirmishers;antq_spear_and_shield_infantry,antq_district_spear_muster;antq_seasonal_skirmishers,antq_andean_sling_company;antq_caravan_guard_company;antq_frontier_spear_company;antq_mesoamerican_atlatl_company,,,,,pass,pass,pass,pass,pass,pass
SDR,Ancestral Sonoran Desert,North America,antq_bow_infantry;antq_household_retainers;antq_javelin_skirmishers;antq_spear_and_shield_infantry,antq_district_spear_muster;antq_seasonal_skirmishers,antq_andean_sling_company;antq_caravan_guard_company;antq_frontier_spear_company;antq_mesoamerican_atlatl_company,,,,,pass,pass,pass,pass,pass,pass
HOP,Hopewell Sphere,North America,antq_bow_infantry;antq_household_retainers;antq_javelin_skirmishers;antq_spear_and_shield_infantry,antq_district_spear_muster;antq_seasonal_skirmishers,antq_andean_sling_company;antq_caravan_guard_company;antq_frontier_spear_company;antq_mesoamerican_atlatl_company,,,,,pass,pass,pass,pass,pass,pass
BSK,Basketmaker II,North America,antq_bow_infantry;antq_household_retainers;antq_javelin_skirmishers;antq_spear_and_shield_infantry,antq_district_spear_muster;antq_seasonal_skirmishers,antq_andean_sling_company;antq_caravan_guard_company;antq_frontier_spear_company;antq_mesoamerican_atlatl_company,,,,,pass,pass,pass,pass,pass,pass
DOR,Dorset,North America,antq_bow_infantry;antq_household_retainers;antq_javelin_skirmishers;antq_spear_and_shield_infantry,antq_district_spear_muster;antq_seasonal_skirmishers,antq_andean_sling_company;antq_caravan_guard_company;antq_frontier_spear_company;antq_mesoamerican_atlatl_company,antq_caribbean_dugout_patrol;antq_caribbean_dugout_transport,altafjord;brattahlid;dyrnes;einarsfjord;gardr;herjolfsnes;hvalsey;iqaluit;ketilsfjord;lundey;petursvik;siglufjord;vatnahverfi,antq_caribbean_dugout_patrol,antq_caribbean_dugout_transport,pass,pass,pass,pass,pass,pass
PPA,Adirondack-St Lawrence,North America,antq_bow_infantry;antq_household_retainers;antq_javelin_skirmishers;antq_spear_and_shield_infantry,antq_district_spear_muster;antq_seasonal_skirmishers,antq_andean_sling_company;antq_caravan_guard_company;antq_frontier_spear_company;antq_mesoamerican_atlatl_company,antq_caribbean_dugout_patrol;antq_caribbean_dugout_transport,nikahionhwakowa,antq_caribbean_dugout_patrol,antq_caribbean_dugout_transport,pass,pass,pass,pass,pass,pass
MHP,Mohawk Point Peninsula,North America,antq_bow_infantry;antq_household_retainers;antq_javelin_skirmishers;antq_spear_and_shield_infantry,antq_district_spear_muster;antq_seasonal_skirmishers,antq_andean_sling_company;antq_caravan_guard_company;antq_frontier_spear_company;antq_mesoamerican_atlatl_company,,,,,pass,pass,pass,pass,pass,pass
FLP,Finger Lakes Peninsula,North America,antq_bow_infantry;antq_household_retainers;antq_javelin_skirmishers;antq_spear_and_shield_infantry,antq_district_spear_muster;antq_seasonal_skirmishers,antq_andean_sling_company;antq_caravan_guard_company;antq_frontier_spear_company;antq_mesoamerican_atlatl_company,antq_caribbean_dugout_patrol;antq_caribbean_dugout_transport,assorodus;irondequoit;oswego,antq_caribbean_dugout_patrol,antq_caribbean_dugout_transport,pass,pass,pass,pass,pass,pass
HVI,Havana-Illinois Valley,North America,antq_bow_infantry;antq_household_retainers;antq_javelin_skirmishers;antq_spear_and_shield_infantry,antq_district_spear_muster;antq_seasonal_skirmishers,antq_andean_sling_company;antq_caravan_guard_company;antq_frontier_spear_company;antq_mesoamerican_atlatl_company,,,,,pass,pass,pass,pass,pass,pass
ABW,American Bottom Woodland,North America,antq_bow_infantry;antq_household_retainers;antq_javelin_skirmishers;antq_spear_and_shield_infantry,antq_district_spear_muster;antq_seasonal_skirmishers,antq_andean_sling_company;antq_caravan_guard_company;antq_frontier_spear_company;antq_mesoamerican_atlatl_company,,,,,pass,pass,pass,pass,pass,pass
CMW,Mississippi Woodland,North America,antq_bow_infantry;antq_household_retainers;antq_javelin_skirmishers;antq_spear_and_shield_infantry,antq_district_spear_muster;antq_seasonal_skirmishers,antq_andean_sling_company;antq_caravan_guard_company;antq_frontier_spear_company;antq_mesoamerican_atlatl_company,,,,,pass,pass,pass,pass,pass,pass
MRW,Meramec-Missouri Woodland,North America,antq_bow_infantry;antq_household_retainers;antq_javelin_skirmishers;antq_spear_and_shield_infantry,antq_district_spear_muster;antq_seasonal_skirmishers,antq_andean_sling_company;antq_caravan_guard_company;antq_frontier_spear_company;antq_mesoamerican_atlatl_company,,,,,pass,pass,pass,pass,pass,pass
KCP,Lower Missouri Hopewell,North America,antq_bow_infantry;antq_household_retainers;antq_javelin_skirmishers;antq_spear_and_shield_infantry,antq_district_spear_muster;antq_seasonal_skirmishers,antq_andean_sling_company;antq_caravan_guard_company;antq_frontier_spear_company;antq_mesoamerican_atlatl_company,,,,,pass,pass,pass,pass,pass,pass
GER,Angrivarii,Germania,antq_bow_infantry;antq_household_retainers;antq_javelin_skirmishers;antq_spear_and_shield_infantry,antq_angrivarian_spear_following;antq_district_spear_muster;antq_germanic_horse;antq_germanic_javelins;antq_germanic_spearmen;antq_seasonal_skirmishers;antq_warbands,antq_caravan_guard_company;antq_frontier_spear_company,,,,,pass,pass,pass,pass,pass,pass
ARI,Aria,Central Asia,antq_bow_infantry;antq_household_retainers;antq_javelin_skirmishers;antq_spear_and_shield_infantry,antq_district_spear_muster;antq_seasonal_skirmishers,antq_caravan_guard_company;antq_frontier_spear_company,,,,,pass,pass,pass,pass,pass,pass
YNC,Yancai,Central Asia,antq_bow_infantry;antq_household_retainers;antq_javelin_skirmishers;antq_spear_and_shield_infantry,antq_district_spear_muster;antq_seasonal_skirmishers,antq_caravan_guard_company;antq_frontier_spear_company,antq_pontic_monoxylon_patrol;antq_pontic_river_sea_transport,tenteksor;ushkan,antq_pontic_monoxylon_patrol,antq_pontic_river_sea_transport,pass,pass,pass,pass,pass,pass
SRY,Saryarka Late Iron-Age Horizon,Central Asia,antq_bow_infantry;antq_household_retainers;antq_javelin_skirmishers;antq_spear_and_shield_infantry,antq_district_spear_muster;antq_seasonal_skirmishers,antq_caravan_guard_company;antq_frontier_spear_company,,,,,pass,pass,pass,pass,pass,pass
GMU,Gumo,Tarim,antq_bow_infantry;antq_household_retainers;antq_javelin_skirmishers;antq_spear_and_shield_infantry,antq_district_spear_muster;antq_seasonal_skirmishers,antq_caravan_guard_company;antq_frontier_spear_company,,,,,pass,pass,pass,pass,pass,pass
QIM,Qiemo,Tarim,antq_bow_infantry;antq_household_retainers;antq_javelin_skirmishers;antq_spear_and_shield_infantry,antq_district_spear_muster;antq_seasonal_skirmishers,antq_caravan_guard_company;antq_frontier_spear_company,,,,,pass,pass,pass,pass,pass,pass
YQI,Yanqi,Tarim,antq_bow_infantry;antq_household_retainers;antq_javelin_skirmishers;antq_spear_and_shield_infantry,antq_district_spear_muster;antq_seasonal_skirmishers,antq_caravan_guard_company;antq_frontier_spear_company,,,,,pass,pass,pass,pass,pass,pass
SHC,Shache,Tarim,antq_bow_infantry;antq_household_retainers;antq_javelin_skirmishers;antq_spear_and_shield_infantry,antq_district_spear_muster;antq_seasonal_skirmishers,antq_caravan_guard_company;antq_frontier_spear_company,,,,,pass,pass,pass,pass,pass,pass
PUL,Puli,Tarim,antq_bow_infantry;antq_household_retainers;antq_javelin_skirmishers;antq_spear_and_shield_infantry,antq_district_spear_muster;antq_seasonal_skirmishers,antq_caravan_guard_company;antq_frontier_spear_company,,,,,pass,pass,pass,pass,pass,pass
FJS,Further Jushi,Tarim,antq_bow_infantry;antq_household_retainers;antq_javelin_skirmishers;antq_spear_and_shield_infantry,antq_district_spear_muster;antq_seasonal_skirmishers,antq_caravan_guard_company;antq_frontier_spear_company,,,,,pass,pass,pass,pass,pass,pass
IWL,Yiwulu,Tarim,antq_bow_infantry;antq_household_retainers;antq_javelin_skirmishers;antq_spear_and_shield_infantry,antq_district_spear_muster;antq_seasonal_skirmishers,antq_caravan_guard_company;antq_frontier_spear_company,,,,,pass,pass,pass,pass,pass,pass
DNH,Danhuan,Tarim,antq_bow_infantry;antq_household_retainers;antq_javelin_skirmishers;antq_spear_and_shield_infantry,antq_district_spear_muster;antq_seasonal_skirmishers,antq_caravan_guard_company;antq_frontier_spear_company,,,,,pass,pass,pass,pass,pass,pass
HMR,Han River Mahan,Korea,antq_bow_infantry;antq_household_retainers;antq_javelin_skirmishers;antq_spear_and_shield_infantry,antq_district_spear_muster;antq_seasonal_skirmishers,antq_caravan_guard_company;antq_frontier_spear_company,antq_byeonhan_cargo_ferry;antq_byeonhan_coastal_patrol,inju;kaesong;suwon,antq_byeonhan_coastal_patrol,antq_byeonhan_cargo_ferry,pass,pass,pass,pass,pass,pass
GMR,Geum River Mahan,Korea,antq_bow_infantry;antq_household_retainers;antq_javelin_skirmishers;antq_spear_and_shield_infantry,antq_district_spear_muster;antq_seasonal_skirmishers,antq_caravan_guard_company;antq_frontier_spear_company,antq_byeonhan_cargo_ferry;antq_byeonhan_coastal_patrol,aju;boryeong;hansan;hongju;seosan,antq_byeonhan_coastal_patrol,antq_byeonhan_cargo_ferry,pass,pass,pass,pass,pass,pass
MAM,Middle Amur Pol'tse Horizon,Steppe,antq_bow_infantry;antq_household_retainers;antq_javelin_skirmishers;antq_spear_and_shield_infantry,antq_district_spear_muster;antq_seasonal_skirmishers,antq_caravan_guard_company;antq_frontier_spear_company,,,,,pass,pass,pass,pass,pass,pass
LAM,Lower Amur Estuary Networks,Steppe,antq_bow_infantry;antq_household_retainers;antq_javelin_skirmishers;antq_spear_and_shield_infantry,antq_district_spear_muster;antq_seasonal_skirmishers,antq_caravan_guard_company;antq_frontier_spear_company,antq_pontic_monoxylon_patrol;antq_pontic_river_sea_transport,bulava;datta;deren;kema;koppi;nurgan;samarginka;shantar;torom;tugur;tumzhdin;usalgin,antq_pontic_monoxylon_patrol,antq_pontic_river_sea_transport,pass,pass,pass,pass,pass,pass
SKH,Sakhalin Paleometal,Steppe,antq_bow_infantry;antq_household_retainers;antq_javelin_skirmishers;antq_spear_and_shield_infantry,antq_district_spear_muster;antq_seasonal_skirmishers,antq_caravan_guard_company;antq_frontier_spear_company,antq_pontic_monoxylon_patrol;antq_pontic_river_sea_transport,boluohe;guohuo;idy_sakhalin;kushunkotan;nanghaer;nayoro;wuliehe,antq_pontic_monoxylon_patrol,antq_pontic_river_sea_transport,pass,pass,pass,pass,pass,pass
YIL,Ussuri-Sanjiang Yilou Horizon,Steppe,antq_bow_infantry;antq_household_retainers;antq_javelin_skirmishers;antq_spear_and_shield_infantry,antq_district_spear_muster;antq_seasonal_skirmishers,antq_caravan_guard_company;antq_frontier_spear_company,,,,,pass,pass,pass,pass,pass,pass
MDN,Mudan Basin,Steppe,antq_bow_infantry;antq_household_retainers;antq_javelin_skirmishers;antq_spear_and_shield_infantry,antq_district_spear_muster;antq_seasonal_skirmishers,antq_caravan_guard_company;antq_frontier_spear_company,,,,,pass,pass,pass,pass,pass,pass
WJO,Northern Okjeo Corridor,Steppe,antq_bow_infantry;antq_household_retainers;antq_javelin_skirmishers;antq_spear_and_shield_infantry,antq_district_spear_muster;antq_seasonal_skirmishers,antq_caravan_guard_company;antq_frontier_spear_company,antq_pontic_monoxylon_patrol;antq_pontic_river_sea_transport,anju_nurgan;nogule;shili;tulazi;yongmingcheng,antq_pontic_monoxylon_patrol,antq_pontic_river_sea_transport,pass,pass,pass,pass,pass,pass
ZHZ,Zhang Zhung,Central Asia,antq_bow_infantry;antq_household_retainers;antq_javelin_skirmishers;antq_spear_and_shield_infantry,antq_district_spear_muster;antq_seasonal_skirmishers,antq_caravan_guard_company;antq_frontier_spear_company,,,,,pass,pass,pass,pass,pass,pass
SMP,Sumpa,Central Asia,antq_bow_infantry;antq_household_retainers;antq_javelin_skirmishers;antq_spear_and_shield_infantry,antq_district_spear_muster;antq_seasonal_skirmishers,antq_caravan_guard_company;antq_frontier_spear_company,,,,,pass,pass,pass,pass,pass,pass
CTP,Changtang Pastoral Networks,Central Asia,antq_bow_infantry;antq_household_retainers;antq_javelin_skirmishers;antq_spear_and_shield_infantry,antq_district_spear_muster;antq_seasonal_skirmishers,antq_caravan_guard_company;antq_frontier_spear_company,,,,,pass,pass,pass,pass,pass,pass
YAR,Bangga-Yarlung Horizon,Central Asia,antq_bow_infantry;antq_household_retainers;antq_javelin_skirmishers;antq_spear_and_shield_infantry,antq_district_spear_muster;antq_seasonal_skirmishers,antq_caravan_guard_company;antq_frontier_spear_company,,,,,pass,pass,pass,pass,pass,pass
UTV,Central Tsangpo Valley Network,Central Asia,antq_bow_infantry;antq_household_retainers;antq_javelin_skirmishers;antq_spear_and_shield_infantry,antq_district_spear_muster;antq_seasonal_skirmishers,antq_caravan_guard_company;antq_frontier_spear_company,,,,,pass,pass,pass,pass,pass,pass
TSG,Western Tsang Valley Network,Central Asia,antq_bow_infantry;antq_household_retainers;antq_javelin_skirmishers;antq_spear_and_shield_infantry,antq_district_spear_muster;antq_seasonal_skirmishers,antq_caravan_guard_company;antq_frontier_spear_company,,,,,pass,pass,pass,pass,pass,pass
QMC,Qamdo River-Corridor Network,Central Asia,antq_bow_infantry;antq_household_retainers;antq_javelin_skirmishers;antq_spear_and_shield_infantry,antq_district_spear_muster;antq_seasonal_skirmishers,antq_caravan_guard_company;antq_frontier_spear_company,,,,,pass,pass,pass,pass,pass,pass
DRC,Drichu Highland Network,Central Asia,antq_bow_infantry;antq_household_retainers;antq_javelin_skirmishers;antq_spear_and_shield_infantry,antq_district_spear_muster;antq_seasonal_skirmishers,antq_caravan_guard_company;antq_frontier_spear_company,,,,,pass,pass,pass,pass,pass,pass
EPC,Eastern Plateau Corridor Network,Central Asia,antq_bow_infantry;antq_household_retainers;antq_javelin_skirmishers;antq_spear_and_shield_infantry,antq_district_spear_muster;antq_seasonal_skirmishers,antq_caravan_guard_company;antq_frontier_spear_company,,,,,pass,pass,pass,pass,pass,pass
BED,Chaulotaeans,Arabia,antq_bow_infantry;antq_camelry;antq_household_retainers;antq_javelin_skirmishers;antq_spear_and_shield_infantry,antq_district_spear_muster;antq_north_arabian_camel_scouts;antq_seasonal_skirmishers,antq_caravan_guard_company;antq_frontier_spear_company,,,,,pass,pass,pass,pass,pass,pass
SIB,Tes-Tashtyk Transition,Steppe,antq_bow_infantry;antq_household_retainers;antq_javelin_skirmishers;antq_spear_and_shield_infantry,antq_district_spear_muster;antq_seasonal_skirmishers,antq_caravan_guard_company;antq_frontier_spear_company,,,,,pass,pass,pass,pass,pass,pass
GNG,Magadha,India,antq_bow_infantry;antq_household_retainers;antq_javelin_skirmishers;antq_spear_and_shield_infantry,antq_district_spear_muster;antq_seasonal_skirmishers,antq_caravan_guard_company;antq_deccan_spear_company;antq_frontier_spear_company;antq_indian_longbow_company,,,,,pass,pass,pass,pass,pass,pass
AUD,Audumbara,India,antq_bow_infantry;antq_household_retainers;antq_javelin_skirmishers;antq_spear_and_shield_infantry,antq_district_spear_muster;antq_seasonal_skirmishers,antq_caravan_guard_company;antq_deccan_spear_company;antq_frontier_spear_company;antq_indian_longbow_company,,,,,pass,pass,pass,pass,pass,pass
NMS,Northern Satrapy of Mathura,India,antq_bow_infantry;antq_household_retainers;antq_javelin_skirmishers;antq_spear_and_shield_infantry,antq_district_spear_muster;antq_seasonal_skirmishers,antq_caravan_guard_company;antq_deccan_spear_company;antq_frontier_spear_company;antq_indian_longbow_company,,,,,pass,pass,pass,pass,pass,pass
PCM,Panchala Mitra Kingdom,India,antq_bow_infantry;antq_household_retainers;antq_javelin_skirmishers;antq_spear_and_shield_infantry,antq_district_spear_muster;antq_seasonal_skirmishers,antq_caravan_guard_company;antq_deccan_spear_company;antq_frontier_spear_company;antq_indian_longbow_company,,,,,pass,pass,pass,pass,pass,pass
KSM,Kaushambi Mitra Kingdom,India,antq_bow_infantry;antq_household_retainers;antq_javelin_skirmishers;antq_spear_and_shield_infantry,antq_district_spear_muster;antq_seasonal_skirmishers,antq_caravan_guard_company;antq_deccan_spear_company;antq_frontier_spear_company;antq_indian_longbow_company,,,,,pass,pass,pass,pass,pass,pass
AYM,Ayodhya Mitra Kingdom,India,antq_bow_infantry;antq_household_retainers;antq_javelin_skirmishers;antq_spear_and_shield_infantry,antq_district_spear_muster;antq_seasonal_skirmishers,antq_caravan_guard_company;antq_deccan_spear_company;antq_frontier_spear_company;antq_indian_longbow_company,,,,,pass,pass,pass,pass,pass,pass
KSH,Kashi Janapada,India,antq_bow_infantry;antq_household_retainers;antq_javelin_skirmishers;antq_spear_and_shield_infantry,antq_district_spear_muster;antq_seasonal_skirmishers,antq_caravan_guard_company;antq_deccan_spear_company;antq_frontier_spear_company;antq_indian_longbow_company,,,,,pass,pass,pass,pass,pass,pass
MLL,Malla Assemblies,India,antq_bow_infantry;antq_household_retainers;antq_javelin_skirmishers;antq_spear_and_shield_infantry,antq_district_spear_muster;antq_seasonal_skirmishers,antq_caravan_guard_company;antq_deccan_spear_company;antq_frontier_spear_company;antq_indian_longbow_company,,,,,pass,pass,pass,pass,pass,pass
VDJ,Videha Janapada,India,antq_bow_infantry;antq_household_retainers;antq_javelin_skirmishers;antq_spear_and_shield_infantry,antq_district_spear_muster;antq_seasonal_skirmishers,antq_caravan_guard_company;antq_deccan_spear_company;antq_frontier_spear_company;antq_indian_longbow_company,,,,,pass,pass,pass,pass,pass,pass
AGA,Anga Janapada,India,antq_bow_infantry;antq_household_retainers;antq_javelin_skirmishers;antq_spear_and_shield_infantry,antq_district_spear_muster;antq_seasonal_skirmishers,antq_caravan_guard_company;antq_deccan_spear_company;antq_frontier_spear_company;antq_indian_longbow_company,,,,,pass,pass,pass,pass,pass,pass
PDR,Pundravardhana,India,antq_bow_infantry;antq_household_retainers;antq_javelin_skirmishers;antq_spear_and_shield_infantry,antq_district_spear_muster;antq_seasonal_skirmishers,antq_caravan_guard_company;antq_deccan_spear_company;antq_frontier_spear_company;antq_indian_longbow_company,,,,,pass,pass,pass,pass,pass,pass
RAR,Rarh,India,antq_bow_infantry;antq_household_retainers;antq_javelin_skirmishers;antq_spear_and_shield_infantry,antq_district_spear_muster;antq_seasonal_skirmishers,antq_caravan_guard_company;antq_deccan_spear_company;antq_frontier_spear_company;antq_indian_longbow_company,antq_merchant_roundship;antq_monsoon_dhow,satgaon;tamluk,antq_monsoon_dhow,antq_merchant_roundship,pass,pass,pass,pass,pass,pass
VNG,Vanga,India,antq_bow_infantry;antq_household_retainers;antq_javelin_skirmishers;antq_spear_and_shield_infantry,antq_district_spear_muster;antq_seasonal_skirmishers,antq_caravan_guard_company;antq_deccan_spear_company;antq_frontier_spear_company;antq_indian_longbow_company,antq_merchant_roundship;antq_monsoon_dhow,barguna;chandrawip;east_sundarban;jaynagar;kulpi;qasba;shahbazpur;west_sundarban,antq_monsoon_dhow,antq_merchant_roundship,pass,pass,pass,pass,pass,pass
SMT,Samatata,India,antq_bow_infantry;antq_household_retainers;antq_javelin_skirmishers;antq_spear_and_shield_infantry,antq_district_spear_muster;antq_seasonal_skirmishers,antq_caravan_guard_company;antq_deccan_spear_company;antq_frontier_spear_company;antq_indian_longbow_company,antq_merchant_roundship;antq_monsoon_dhow,chandpur;kobirhat,antq_monsoon_dhow,antq_merchant_roundship,pass,pass,pass,pass,pass,pass
HRK,Harikela,India,antq_bow_infantry;antq_household_retainers;antq_javelin_skirmishers;antq_spear_and_shield_infantry,antq_district_spear_muster;antq_seasonal_skirmishers,antq_caravan_guard_company;antq_deccan_spear_company;antq_frontier_spear_company;antq_indian_longbow_company,antq_merchant_roundship;antq_monsoon_dhow,chakaria;chittagong;ramu;sitakunda,antq_monsoon_dhow,antq_merchant_roundship,pass,pass,pass,pass,pass,pass
CNP,Chota Nagpur Megalithic Networks,India,antq_bow_infantry;antq_household_retainers;antq_javelin_skirmishers;antq_spear_and_shield_infantry,antq_district_spear_muster;antq_seasonal_skirmishers,antq_caravan_guard_company;antq_deccan_spear_company;antq_frontier_spear_company;antq_indian_longbow_company,,,,,pass,pass,pass,pass,pass,pass
AMB,Ambari Horizon,India,antq_bow_infantry;antq_household_retainers;antq_javelin_skirmishers;antq_spear_and_shield_infantry,antq_district_spear_muster;antq_seasonal_skirmishers,antq_caravan_guard_company;antq_deccan_spear_company;antq_frontier_spear_company;antq_indian_longbow_company,,,,,pass,pass,pass,pass,pass,pass
DDV,Doyang-Dhansiri Valley,India,antq_bow_infantry;antq_household_retainers;antq_javelin_skirmishers;antq_spear_and_shield_infantry,antq_district_spear_muster;antq_seasonal_skirmishers,antq_caravan_guard_company;antq_deccan_spear_company;antq_frontier_spear_company;antq_indian_longbow_company,,,,,pass,pass,pass,pass,pass,pass
KJH,Khasi-Jaintia Highlands,India,antq_bow_infantry;antq_household_retainers;antq_javelin_skirmishers;antq_spear_and_shield_infantry,antq_district_spear_muster;antq_seasonal_skirmishers,antq_caravan_guard_company;antq_deccan_spear_company;antq_frontier_spear_company;antq_indian_longbow_company,,,,,pass,pass,pass,pass,pass,pass
UBR,Upper Brahmaputra Foothills,India,antq_bow_infantry;antq_household_retainers;antq_javelin_skirmishers;antq_spear_and_shield_infantry,antq_district_spear_muster;antq_seasonal_skirmishers,antq_caravan_guard_company;antq_deccan_spear_company;antq_frontier_spear_company;antq_indian_longbow_company,,,,,pass,pass,pass,pass,pass,pass
SDY,Sadiya Foothills,India,antq_bow_infantry;antq_household_retainers;antq_javelin_skirmishers;antq_spear_and_shield_infantry,antq_district_spear_muster;antq_seasonal_skirmishers,antq_caravan_guard_company;antq_deccan_spear_company;antq_frontier_spear_company;antq_indian_longbow_company,,,,,pass,pass,pass,pass,pass,pass
MYL,Monyul Highlands,India,antq_bow_infantry;antq_household_retainers;antq_javelin_skirmishers;antq_spear_and_shield_infantry,antq_district_spear_muster;antq_seasonal_skirmishers,antq_caravan_guard_company;antq_deccan_spear_company;antq_frontier_spear_company;antq_indian_longbow_company,,,,,pass,pass,pass,pass,pass,pass
SKM,Sikkim Foothills,India,antq_bow_infantry;antq_household_retainers;antq_javelin_skirmishers;antq_spear_and_shield_infantry,antq_district_spear_muster;antq_seasonal_skirmishers,antq_caravan_guard_company;antq_deccan_spear_company;antq_frontier_spear_company;antq_indian_longbow_company,,,,,pass,pass,pass,pass,pass,pass
IMV,Imphal Valley Networks,India,antq_bow_infantry;antq_household_retainers;antq_javelin_skirmishers;antq_spear_and_shield_infantry,antq_district_spear_muster;antq_seasonal_skirmishers,antq_caravan_guard_company;antq_deccan_spear_company;antq_frontier_spear_company;antq_indian_longbow_company,,,,,pass,pass,pass,pass,pass,pass
ANR,Anarta-Sarasvati Settlement Networks,India,antq_bow_infantry;antq_household_retainers;antq_javelin_skirmishers;antq_spear_and_shield_infantry,antq_district_spear_muster;antq_seasonal_skirmishers,antq_caravan_guard_company;antq_deccan_spear_company;antq_frontier_spear_company;antq_indian_longbow_company,antq_merchant_roundship;antq_monsoon_dhow,ashaval;danduka;khambat,antq_monsoon_dhow,antq_merchant_roundship,pass,pass,pass,pass,pass,pass
LBR,Lata-Barygaza Trade Corridor,India,antq_bow_infantry;antq_household_retainers;antq_javelin_skirmishers;antq_spear_and_shield_infantry,antq_district_spear_muster;antq_seasonal_skirmishers,antq_caravan_guard_company;antq_deccan_spear_company;antq_frontier_spear_company;antq_indian_longbow_company,antq_merchant_roundship;antq_monsoon_dhow,baroda;broach;daman;rander;surat,antq_monsoon_dhow,antq_merchant_roundship,pass,pass,pass,pass,pass,pass
RKU,Rewa-Kantha Upland,India,antq_bow_infantry;antq_household_retainers;antq_javelin_skirmishers;antq_spear_and_shield_infantry,antq_district_spear_muster;antq_seasonal_skirmishers,antq_caravan_guard_company;antq_deccan_spear_company;antq_frontier_spear_company;antq_indian_longbow_company,,,,,pass,pass,pass,pass,pass,pass
SRS,Saurashtra Coastal Networks,India,antq_bow_infantry;antq_household_retainers;antq_javelin_skirmishers;antq_spear_and_shield_infantry,antq_district_spear_muster;antq_seasonal_skirmishers,antq_caravan_guard_company;antq_deccan_spear_company;antq_frontier_spear_company;antq_indian_longbow_company,antq_merchant_roundship;antq_monsoon_dhow,chhaya;diu;dwarka;nagnes;palitana;sihor;somnath,antq_monsoon_dhow,antq_merchant_roundship,pass,pass,pass,pass,pass,pass
KCH,Kutch Island-Coast Networks,India,antq_bow_infantry;antq_household_retainers;antq_javelin_skirmishers;antq_spear_and_shield_infantry,antq_district_spear_muster;antq_seasonal_skirmishers,antq_caravan_guard_company;antq_deccan_spear_company;antq_frontier_spear_company;antq_indian_longbow_company,antq_merchant_roundship;antq_monsoon_dhow,kapilkot;lakhpat,antq_monsoon_dhow,antq_merchant_roundship,pass,pass,pass,pass,pass,pass
MTS,Matsya-Dhundhar,India,antq_bow_infantry;antq_household_retainers;antq_javelin_skirmishers;antq_spear_and_shield_infantry,antq_district_spear_muster;antq_seasonal_skirmishers,antq_caravan_guard_company;antq_deccan_spear_company;antq_frontier_spear_company;antq_indian_longbow_company,,,,,pass,pass,pass,pass,pass,pass
CHB,Chambal-Gird,India,antq_bow_infantry;antq_household_retainers;antq_javelin_skirmishers;antq_spear_and_shield_infantry,antq_district_spear_muster;antq_seasonal_skirmishers,antq_caravan_guard_company;antq_deccan_spear_company;antq_frontier_spear_company;antq_indian_longbow_company,,,,,pass,pass,pass,pass,pass,pass
ABN,Ahar-Banas Highland,India,antq_bow_infantry;antq_household_retainers;antq_javelin_skirmishers;antq_spear_and_shield_infantry,antq_district_spear_muster;antq_seasonal_skirmishers,antq_caravan_guard_company;antq_deccan_spear_company;antq_frontier_spear_company;antq_indian_longbow_company,,,,,pass,pass,pass,pass,pass,pass
MRN,Marwar-Nagaur Caravan Networks,India,antq_bow_infantry;antq_household_retainers;antq_javelin_skirmishers;antq_spear_and_shield_infantry,antq_district_spear_muster;antq_seasonal_skirmishers,antq_caravan_guard_company;antq_deccan_spear_company;antq_frontier_spear_company;antq_indian_longbow_company,,,,,pass,pass,pass,pass,pass,pass
JGP,Jangladesh Pastoral Networks,India,antq_bow_infantry;antq_household_retainers;antq_javelin_skirmishers;antq_spear_and_shield_infantry,antq_district_spear_muster;antq_seasonal_skirmishers,antq_caravan_guard_company;antq_deccan_spear_company;antq_frontier_spear_company;antq_indian_longbow_company,,,,,pass,pass,pass,pass,pass,pass
BGT,Banggai-Tomini Maritime,Southeast Asia,antq_bow_infantry;antq_household_retainers;antq_javelin_skirmishers;antq_spear_and_shield_infantry,antq_district_spear_muster;antq_seasonal_skirmishers,antq_caravan_guard_company;antq_frontier_spear_company,antq_sulawesi_lashed_lug_patrol;antq_sulawesi_outrigger_transport,banggai;bulakan;gori_gori;lingketeng;tojo;una_una,antq_sulawesi_lashed_lug_patrol,antq_sulawesi_outrigger_transport,pass,pass,pass,pass,pass,pass
BNC,Bone-Cenrana Coastal,Southeast Asia,antq_bow_infantry;antq_household_retainers;antq_javelin_skirmishers;antq_spear_and_shield_infantry,antq_district_spear_muster;antq_seasonal_skirmishers,antq_caravan_guard_company;antq_frontier_spear_company,antq_sulawesi_lashed_lug_patrol;antq_sulawesi_outrigger_transport,bantayan;bone;buki;tosora,antq_sulawesi_lashed_lug_patrol,antq_sulawesi_outrigger_transport,pass,pass,pass,pass,pass,pass
BGU,Bungku-Kendari Coast,Southeast Asia,antq_bow_infantry;antq_household_retainers;antq_javelin_skirmishers;antq_spear_and_shield_infantry,antq_district_spear_muster;antq_seasonal_skirmishers,antq_caravan_guard_company;antq_frontier_spear_company,antq_sulawesi_lashed_lug_patrol;antq_sulawesi_outrigger_transport,bungku;kendari;mori_celebes;sambandete,antq_sulawesi_lashed_lug_patrol,antq_sulawesi_outrigger_transport,pass,pass,pass,pass,pass,pass
BTM,Buton-Muna Island,Southeast Asia,antq_bow_infantry;antq_household_retainers;antq_javelin_skirmishers;antq_spear_and_shield_infantry,antq_district_spear_muster;antq_seasonal_skirmishers,antq_caravan_guard_company;antq_frontier_spear_company,antq_sulawesi_lashed_lug_patrol;antq_sulawesi_outrigger_transport,andolo;butung;kalisusu;kolumba;kotano_muna;taubonto,antq_sulawesi_lashed_lug_patrol,antq_sulawesi_outrigger_transport,pass,pass,pass,pass,pass,pass
LRP,Lore-Poso Highland,Southeast Asia,antq_bow_infantry;antq_household_retainers;antq_javelin_skirmishers;antq_spear_and_shield_infantry,antq_district_spear_muster;antq_seasonal_skirmishers,antq_caravan_guard_company;antq_frontier_spear_company,antq_sulawesi_lashed_lug_patrol;antq_sulawesi_outrigger_transport,donggala;parigi;pendau;poso;sigi,antq_sulawesi_lashed_lug_patrol,antq_sulawesi_outrigger_transport,pass,pass,pass,pass,pass,pass
GRT,Gorontalo-Tomini,Southeast Asia,antq_bow_infantry;antq_household_retainers;antq_javelin_skirmishers;antq_spear_and_shield_infantry,antq_district_spear_muster;antq_seasonal_skirmishers,antq_caravan_guard_company;antq_frontier_spear_company,antq_sulawesi_lashed_lug_patrol;antq_sulawesi_outrigger_transport,atinggola;boalemo;gorontalo;guamonial;paguat;toli_toli;tomini,antq_sulawesi_lashed_lug_patrol,antq_sulawesi_outrigger_transport,pass,pass,pass,pass,pass,pass
MKS,South Sulawesi Coastal,Southeast Asia,antq_bow_infantry;antq_household_retainers;antq_javelin_skirmishers;antq_spear_and_shield_infantry,antq_district_spear_muster;antq_seasonal_skirmishers,antq_caravan_guard_company;antq_frontier_spear_company,antq_sulawesi_lashed_lug_patrol;antq_sulawesi_outrigger_transport,barru;bungi;gowa;sengkae;sidenreng,antq_sulawesi_lashed_lug_patrol,antq_sulawesi_outrigger_transport,pass,pass,pass,pass,pass,pass
KRM,Karama Valley Metal-Age,Southeast Asia,antq_bow_infantry;antq_household_retainers;antq_javelin_skirmishers;antq_spear_and_shield_infantry,antq_district_spear_muster;antq_seasonal_skirmishers,antq_caravan_guard_company;antq_frontier_spear_company,antq_sulawesi_lashed_lug_patrol;antq_sulawesi_outrigger_transport,balanipa;kurri_kurri;mamudju;managalang,antq_sulawesi_lashed_lug_patrol,antq_sulawesi_outrigger_transport,pass,pass,pass,pass,pass,pass
MNH,North Sulawesi Peninsula,Southeast Asia,antq_bow_infantry;antq_household_retainers;antq_javelin_skirmishers;antq_spear_and_shield_infantry,antq_district_spear_muster;antq_seasonal_skirmishers,antq_caravan_guard_company;antq_frontier_spear_company,antq_sulawesi_lashed_lug_patrol;antq_sulawesi_outrigger_transport,amurang;belang;manado;solimandungan,antq_sulawesi_lashed_lug_patrol,antq_sulawesi_outrigger_transport,pass,pass,pass,pass,pass,pass
LWM,Matano-Luwu Lake-Coast,Southeast Asia,antq_bow_infantry;antq_household_retainers;antq_javelin_skirmishers;antq_spear_and_shield_infantry,antq_district_spear_muster;antq_seasonal_skirmishers,antq_caravan_guard_company;antq_frontier_spear_company,antq_sulawesi_lashed_lug_patrol;antq_sulawesi_outrigger_transport,luwu;malangke;malili;palopo,antq_sulawesi_lashed_lug_patrol,antq_sulawesi_outrigger_transport,pass,pass,pass,pass,pass,pass
NHM,North Halmahera Metal-Age,Southeast Asia,antq_bow_infantry;antq_household_retainers;antq_javelin_skirmishers;antq_spear_and_shield_infantry,antq_district_spear_muster;antq_seasonal_skirmishers,antq_caravan_guard_company;antq_frontier_spear_company,antq_sulawesi_lashed_lug_patrol;antq_sulawesi_outrigger_transport,daratan;jailolo;loloda;moro;ternate;wasilei,antq_sulawesi_lashed_lug_patrol,antq_sulawesi_outrigger_transport,pass,pass,pass,pass,pass,pass
SHM,South Halmahera Metal-Age,Southeast Asia,antq_bow_infantry;antq_household_retainers;antq_javelin_skirmishers;antq_spear_and_shield_infantry,antq_district_spear_muster;antq_seasonal_skirmishers,antq_caravan_guard_company;antq_frontier_spear_company,antq_sulawesi_lashed_lug_patrol;antq_sulawesi_outrigger_transport,amassing;gane;maba_celebes;tidore;weda,antq_sulawesi_lashed_lug_patrol,antq_sulawesi_outrigger_transport,pass,pass,pass,pass,pass,pass
BER,Gaetuli,Africa,antq_bow_infantry;antq_household_retainers;antq_javelin_skirmishers;antq_numidian_light_horse;antq_spear_and_shield_infantry,antq_district_spear_muster;antq_seasonal_skirmishers,antq_caravan_guard_company;antq_frontier_spear_company;antq_nile_bow_company;antq_numidian_horse_company;antq_sahel_javelin_company,,,,,pass,pass,pass,pass,pass,pass
MUS,Musulamii,Africa,antq_bow_infantry;antq_household_retainers;antq_javelin_skirmishers;antq_spear_and_shield_infantry,antq_district_spear_muster;antq_seasonal_skirmishers,antq_caravan_guard_company;antq_frontier_spear_company;antq_nile_bow_company;antq_sahel_javelin_company,,,,,pass,pass,pass,pass,pass,pass
SLC,Basin South-Lake,Mesoamerica,antq_bow_infantry;antq_household_retainers;antq_javelin_skirmishers;antq_spear_and_shield_infantry,antq_district_spear_muster;antq_seasonal_skirmishers,antq_andean_sling_company;antq_caravan_guard_company;antq_frontier_spear_company;antq_mesoamerican_atlatl_company,,,,,pass,pass,pass,pass,pass,pass
PTF,Puebla-Tlaxcala Formative Centers,Mesoamerica,antq_bow_infantry;antq_household_retainers;antq_javelin_skirmishers;antq_spear_and_shield_infantry,antq_district_spear_muster;antq_seasonal_skirmishers,antq_andean_sling_company;antq_caravan_guard_company;antq_frontier_spear_company;antq_mesoamerican_atlatl_company,,,,,pass,pass,pass,pass,pass,pass
MRF,Morelos Formative,Mesoamerica,antq_bow_infantry;antq_household_retainers;antq_javelin_skirmishers;antq_spear_and_shield_infantry,antq_district_spear_muster;antq_seasonal_skirmishers,antq_andean_sling_company;antq_caravan_guard_company;antq_frontier_spear_company;antq_mesoamerican_atlatl_company,,,,,pass,pass,pass,pass,pass,pass
NHC,Northern Highland,Mesoamerica,antq_bow_infantry;antq_household_retainers;antq_javelin_skirmishers;antq_spear_and_shield_infantry,antq_district_spear_muster;antq_seasonal_skirmishers,antq_andean_sling_company;antq_caravan_guard_company;antq_frontier_spear_company;antq_mesoamerican_atlatl_company,,,,,pass,pass,pass,pass,pass,pass
TPC,Tamtoc-Panuco,Mesoamerica,antq_bow_infantry;antq_household_retainers;antq_javelin_skirmishers;antq_spear_and_shield_infantry,antq_district_spear_muster;antq_seasonal_skirmishers,antq_andean_sling_company;antq_caravan_guard_company;antq_frontier_spear_company;antq_mesoamerican_atlatl_company,antq_caribbean_dugout_patrol;antq_caribbean_dugout_transport,ozuluama;panuco,antq_caribbean_dugout_patrol,antq_caribbean_dugout_transport,pass,pass,pass,pass,pass,pass
GLS,Gulf Lowland-Sierra Networks,Mesoamerica,antq_bow_infantry;antq_household_retainers;antq_javelin_skirmishers;antq_spear_and_shield_infantry,antq_district_spear_muster;antq_seasonal_skirmishers,antq_andean_sling_company;antq_caravan_guard_company;antq_frontier_spear_company;antq_mesoamerican_atlatl_company,antq_caribbean_dugout_patrol;antq_caribbean_dugout_transport,cuyuxquihui;nauhtlan;papantla;teayotlan;tuxpan,antq_caribbean_dugout_patrol,antq_caribbean_dugout_transport,pass,pass,pass,pass,pass,pass
GPC,Guerrero Pacific,Mesoamerica,antq_bow_infantry;antq_household_retainers;antq_javelin_skirmishers;antq_spear_and_shield_infantry,antq_district_spear_muster;antq_seasonal_skirmishers,antq_andean_sling_company;antq_caravan_guard_company;antq_frontier_spear_company;antq_mesoamerican_atlatl_company,antq_caribbean_dugout_patrol;antq_caribbean_dugout_transport,cihuatlan;ixtapan;jicayan;ometepec;tecoanapa;tecpan;yopitzinco;zacatollan,antq_caribbean_dugout_patrol,antq_caribbean_dugout_transport,pass,pass,pass,pass,pass,pass
ONH,Oaxaca Northwest Highland,Mesoamerica,antq_bow_infantry;antq_household_retainers;antq_javelin_skirmishers;antq_spear_and_shield_infantry,antq_district_spear_muster;antq_seasonal_skirmishers,antq_andean_sling_company;antq_caravan_guard_company;antq_frontier_spear_company;antq_mesoamerican_atlatl_company,,,,,pass,pass,pass,pass,pass,pass
IZA,Izapa-Soconusco Center,Mesoamerica,antq_bow_infantry;antq_household_retainers;antq_javelin_skirmishers;antq_spear_and_shield_infantry,antq_district_spear_muster;antq_seasonal_skirmishers,antq_andean_sling_company;antq_caravan_guard_company;antq_frontier_spear_company;antq_mesoamerican_atlatl_company,antq_caribbean_dugout_patrol;antq_caribbean_dugout_transport,huehuetan;tonala_chiapas,antq_caribbean_dugout_patrol,antq_caribbean_dugout_transport,pass,pass,pass,pass,pass,pass
CPH,Chiapas Highland-Lowland Networks,Mesoamerica,antq_bow_infantry;antq_household_retainers;antq_javelin_skirmishers;antq_spear_and_shield_infantry,antq_district_spear_muster;antq_seasonal_skirmishers,antq_andean_sling_company;antq_caravan_guard_company;antq_frontier_spear_company;antq_mesoamerican_atlatl_company,antq_caribbean_dugout_patrol;antq_caribbean_dugout_transport,cupilco,antq_caribbean_dugout_patrol,antq_caribbean_dugout_transport,pass,pass,pass,pass,pass,pass
CHC,Chauci,Germania,antq_bow_infantry;antq_household_retainers;antq_javelin_skirmishers;antq_spear_and_shield_infantry,antq_district_spear_muster;antq_seasonal_skirmishers,antq_caravan_guard_company;antq_frontier_spear_company,,,,,pass,pass,pass,pass,pass,pass
CLC,Caulci,Germania,antq_bow_infantry;antq_household_retainers;antq_javelin_skirmishers;antq_spear_and_shield_infantry,antq_district_spear_muster;antq_seasonal_skirmishers,antq_caravan_guard_company;antq_frontier_spear_company,antq_germanic_north_sea_patrol;antq_germanic_north_sea_transport,heide;kiel;pinneberg;plon;steinburg,antq_germanic_north_sea_patrol,antq_germanic_north_sea_transport,pass,pass,pass,pass,pass,pass
CPS,Campsiani,Germania,antq_bow_infantry;antq_household_retainers;antq_javelin_skirmishers;antq_spear_and_shield_infantry,antq_district_spear_muster;antq_seasonal_skirmishers,antq_caravan_guard_company;antq_frontier_spear_company,antq_germanic_north_sea_patrol;antq_germanic_north_sea_transport,eutin;heiligenhafen;lubeck,antq_germanic_north_sea_patrol,antq_germanic_north_sea_transport,pass,pass,pass,pass,pass,pass
VCS,Vicus,Andes,antq_bow_infantry;antq_household_retainers;antq_javelin_skirmishers;antq_spear_and_shield_infantry,antq_district_spear_muster;antq_seasonal_skirmishers,antq_andean_sling_company;antq_caravan_guard_company;antq_frontier_spear_company;antq_mesoamerican_atlatl_company,antq_andean_balsa_patrol;antq_andean_balsa_transport,xllang,antq_andean_balsa_patrol,antq_andean_balsa_transport,pass,pass,pass,pass,pass,pass
VIR,Gallinazo,Andes,antq_bow_infantry;antq_household_retainers;antq_javelin_skirmishers;antq_spear_and_shield_infantry,antq_district_spear_muster;antq_seasonal_skirmishers,antq_andean_sling_company;antq_caravan_guard_company;antq_frontier_spear_company;antq_mesoamerican_atlatl_company,antq_andean_balsa_patrol;antq_andean_balsa_transport,chan_chan;chao;farfan;pakatnamu;paramonga;sana,antq_andean_balsa_patrol,antq_andean_balsa_transport,pass,pass,pass,pass,pass,pass
NAZ,Nazca,Andes,antq_bow_infantry;antq_household_retainers;antq_javelin_skirmishers;antq_spear_and_shield_infantry,antq_district_spear_muster;antq_seasonal_skirmishers,antq_andean_sling_company;antq_caravan_guard_company;antq_frontier_spear_company;antq_mesoamerican_atlatl_company,antq_andean_balsa_patrol;antq_andean_balsa_transport,cahuachi;chinchay;ica;puka_tampu,antq_andean_balsa_patrol,antq_andean_balsa_transport,pass,pass,pass,pass,pass,pass
LIM,Lima Culture,Andes,antq_bow_infantry;antq_household_retainers;antq_javelin_skirmishers;antq_spear_and_shield_infantry,antq_district_spear_muster;antq_seasonal_skirmishers,antq_andean_sling_company;antq_caravan_guard_company;antq_frontier_spear_company;antq_mesoamerican_atlatl_company,antq_andean_balsa_patrol;antq_andean_balsa_transport,chilca;collique;huarco;ishma;rimaq,antq_andean_balsa_patrol,antq_andean_balsa_transport,pass,pass,pass,pass,pass,pass
ATC,Atico-Caraveli Valley,Andes,antq_bow_infantry;antq_household_retainers;antq_javelin_skirmishers;antq_spear_and_shield_infantry,antq_district_spear_muster;antq_seasonal_skirmishers,antq_andean_sling_company;antq_caravan_guard_company;antq_frontier_spear_company;antq_mesoamerican_atlatl_company,antq_andean_balsa_patrol;antq_andean_balsa_transport,atico,antq_andean_balsa_patrol,antq_andean_balsa_transport,pass,pass,pass,pass,pass,pass
CBA,Cusco Basin,Andes,antq_bow_infantry;antq_household_retainers;antq_javelin_skirmishers;antq_spear_and_shield_infantry,antq_district_spear_muster;antq_seasonal_skirmishers,antq_andean_sling_company;antq_caravan_guard_company;antq_frontier_spear_company;antq_mesoamerican_atlatl_company,,,,,pass,pass,pass,pass,pass,pass
REC,Recuay,Andes,antq_bow_infantry;antq_household_retainers;antq_javelin_skirmishers;antq_spear_and_shield_infantry,antq_district_spear_muster;antq_seasonal_skirmishers,antq_andean_sling_company;antq_caravan_guard_company;antq_frontier_spear_company;antq_mesoamerican_atlatl_company,,,,,pass,pass,pass,pass,pass,pass
HUA,Huarpa,Andes,antq_bow_infantry;antq_household_retainers;antq_javelin_skirmishers;antq_spear_and_shield_infantry,antq_district_spear_muster;antq_seasonal_skirmishers,antq_andean_sling_company;antq_caravan_guard_company;antq_frontier_spear_company;antq_mesoamerican_atlatl_company,,,,,pass,pass,pass,pass,pass,pass
PUK,Pukara,Andes,antq_bow_infantry;antq_household_retainers;antq_javelin_skirmishers;antq_spear_and_shield_infantry,antq_district_spear_muster;antq_seasonal_skirmishers,antq_andean_sling_company;antq_caravan_guard_company;antq_frontier_spear_company;antq_mesoamerican_atlatl_company,,,,,pass,pass,pass,pass,pass,pass
TIW,Early Tiwanaku,Andes,antq_bow_infantry;antq_household_retainers;antq_javelin_skirmishers;antq_spear_and_shield_infantry,antq_district_spear_muster;antq_seasonal_skirmishers,antq_andean_sling_company;antq_caravan_guard_company;antq_frontier_spear_company;antq_mesoamerican_atlatl_company,,,,,pass,pass,pass,pass,pass,pass
WNK,Wankarani,Andes,antq_bow_infantry;antq_household_retainers;antq_javelin_skirmishers;antq_spear_and_shield_infantry,antq_district_spear_muster;antq_seasonal_skirmishers,antq_andean_sling_company;antq_caravan_guard_company;antq_frontier_spear_company;antq_mesoamerican_atlatl_company,,,,,pass,pass,pass,pass,pass,pass
MRH,Cajamarca-Marcahuamachuco,Andes,antq_bow_infantry;antq_household_retainers;antq_javelin_skirmishers;antq_spear_and_shield_infantry,antq_district_spear_muster;antq_seasonal_skirmishers,antq_andean_sling_company;antq_caravan_guard_company;antq_frontier_spear_company;antq_mesoamerican_atlatl_company,,,,,pass,pass,pass,pass,pass,pass
UTC,Upper Utcubamba,Andes,antq_bow_infantry;antq_household_retainers;antq_javelin_skirmishers;antq_spear_and_shield_infantry,antq_district_spear_muster;antq_seasonal_skirmishers,antq_andean_sling_company;antq_caravan_guard_company;antq_frontier_spear_company;antq_mesoamerican_atlatl_company,,,,,pass,pass,pass,pass,pass,pass
YUN,Eastern Yunga Valley Networks,Andes,antq_bow_infantry;antq_household_retainers;antq_javelin_skirmishers;antq_spear_and_shield_infantry,antq_district_spear_muster;antq_seasonal_skirmishers,antq_andean_sling_company;antq_caravan_guard_company;antq_frontier_spear_company;antq_mesoamerican_atlatl_company,,,,,pass,pass,pass,pass,pass,pass
MYB,Moyobamba Foothill,Andes,antq_bow_infantry;antq_household_retainers;antq_javelin_skirmishers;antq_spear_and_shield_infantry,antq_district_spear_muster;antq_seasonal_skirmishers,antq_andean_sling_company;antq_caravan_guard_company;antq_frontier_spear_company;antq_mesoamerican_atlatl_company,,,,,pass,pass,pass,pass,pass,pass
VRN,Varini,Germania,antq_bow_infantry;antq_household_retainers;antq_javelin_skirmishers;antq_spear_and_shield_infantry,antq_district_spear_muster;antq_seasonal_skirmishers,antq_caravan_guard_company;antq_frontier_spear_company,antq_germanic_north_sea_patrol;antq_germanic_north_sea_transport,doberan;grevesmuhlen;rostock;wismar,antq_germanic_north_sea_patrol,antq_germanic_north_sea_transport,pass,pass,pass,pass,pass,pass
MUG,Mugilones,Germania,antq_bow_infantry;antq_household_retainers;antq_javelin_skirmishers;antq_spear_and_shield_infantry,antq_district_spear_muster;antq_seasonal_skirmishers,antq_caravan_guard_company;antq_frontier_spear_company,antq_germanic_north_sea_patrol;antq_germanic_north_sea_transport,gryfia_gora;kolobrzeg;koszalin,antq_germanic_north_sea_patrol,antq_germanic_north_sea_transport,pass,pass,pass,pass,pass,pass
SBN,Sibini,Germania,antq_bow_infantry;antq_household_retainers;antq_javelin_skirmishers;antq_spear_and_shield_infantry,antq_district_spear_muster;antq_seasonal_skirmishers,antq_caravan_guard_company;antq_frontier_spear_company,antq_germanic_north_sea_patrol;antq_germanic_north_sea_transport,lebork;slawno;slupsk,antq_germanic_north_sea_patrol,antq_germanic_north_sea_transport,pass,pass,pass,pass,pass,pass
BRC,Bructeri,Germania,antq_bow_infantry;antq_household_retainers;antq_javelin_skirmishers;antq_spear_and_shield_infantry,antq_district_spear_muster;antq_seasonal_skirmishers,antq_caravan_guard_company;antq_frontier_spear_company,,,,,pass,pass,pass,pass,pass,pass
SGM,Sugambri,Germania,antq_bow_infantry;antq_household_retainers;antq_javelin_skirmishers;antq_spear_and_shield_infantry,antq_district_spear_muster;antq_seasonal_skirmishers,antq_caravan_guard_company;antq_frontier_spear_company,,,,,pass,pass,pass,pass,pass,pass
CTU,Chattuarii,Germania,antq_bow_infantry;antq_household_retainers;antq_javelin_skirmishers;antq_spear_and_shield_infantry,antq_district_spear_muster;antq_seasonal_skirmishers,antq_caravan_guard_company;antq_frontier_spear_company,antq_germanic_north_sea_patrol;antq_germanic_north_sea_transport,bremen;delmenhorst;elsfleth;gestenthorpe;osterholz,antq_germanic_north_sea_patrol,antq_germanic_north_sea_transport,pass,pass,pass,pass,pass,pass
GMB,Gamabrivii,Germania,antq_bow_infantry;antq_household_retainers;antq_javelin_skirmishers;antq_spear_and_shield_infantry,antq_district_spear_muster;antq_seasonal_skirmishers,antq_caravan_guard_company;antq_frontier_spear_company,,,,,pass,pass,pass,pass,pass,pass
CMB,Cimbri,Germania,antq_bow_infantry;antq_household_retainers;antq_javelin_skirmishers;antq_spear_and_shield_infantry,antq_district_spear_muster;antq_seasonal_skirmishers,antq_caravan_guard_company;antq_frontier_spear_company,antq_germanic_north_sea_patrol;antq_germanic_north_sea_transport,aalborg;ars;hjorring;randers;skagen;thisted;viborg,antq_germanic_north_sea_patrol,antq_germanic_north_sea_transport,pass,pass,pass,pass,pass,pass
RDN,Reudigni,Germania,antq_bow_infantry;antq_household_retainers;antq_javelin_skirmishers;antq_spear_and_shield_infantry,antq_district_spear_muster;antq_seasonal_skirmishers,antq_caravan_guard_company;antq_frontier_spear_company,antq_germanic_north_sea_patrol;antq_germanic_north_sea_transport,aabenraa;haderslev;ribe;tonder,antq_germanic_north_sea_patrol,antq_germanic_north_sea_transport,pass,pass,pass,pass,pass,pass
AVN,Aviones,Germania,antq_bow_infantry;antq_household_retainers;antq_javelin_skirmishers;antq_spear_and_shield_infantry,antq_district_spear_muster;antq_seasonal_skirmishers,antq_caravan_guard_company;antq_frontier_spear_company,antq_germanic_north_sea_patrol;antq_germanic_north_sea_transport,hammershus;helsingor;kalundborg;kobenhavn;ringsted;roskilde;slagelse;vordingborg,antq_germanic_north_sea_patrol,antq_germanic_north_sea_transport,pass,pass,pass,pass,pass,pass
SRD,Suardones,Germania,antq_bow_infantry;antq_household_retainers;antq_javelin_skirmishers;antq_spear_and_shield_infantry,antq_district_spear_muster;antq_seasonal_skirmishers,antq_caravan_guard_company;antq_frontier_spear_company,antq_germanic_north_sea_patrol;antq_germanic_north_sea_transport,assens;falster;navskov;odense;svendborg,antq_germanic_north_sea_patrol,antq_germanic_north_sea_transport,pass,pass,pass,pass,pass,pass
EUD,Eudoses,Germania,antq_bow_infantry;antq_household_retainers;antq_javelin_skirmishers;antq_spear_and_shield_infantry,antq_district_spear_muster;antq_seasonal_skirmishers,antq_caravan_guard_company;antq_frontier_spear_company,antq_germanic_north_sea_patrol;antq_germanic_north_sea_transport,bolling;holstebro_lundenes;ringkobing;varde,antq_germanic_north_sea_patrol,antq_germanic_north_sea_transport,pass,pass,pass,pass,pass,pass
SIT,Sitones,Germania,antq_bow_infantry;antq_household_retainers;antq_javelin_skirmishers;antq_spear_and_shield_infantry,antq_district_spear_muster;antq_seasonal_skirmishers,antq_caravan_guard_company;antq_frontier_spear_company,,,,,pass,pass,pass,pass,pass,pass
SUE,Suebi,Germania,antq_bow_infantry;antq_household_retainers;antq_javelin_skirmishers;antq_spear_and_shield_infantry,antq_district_spear_muster;antq_seasonal_skirmishers;antq_suebian_household_retinue,antq_caravan_guard_company;antq_frontier_spear_company;antq_germanic_bodyguards,,,,,pass,pass,pass,pass,pass,pass
NAR,Naristi,Germania,antq_bow_infantry;antq_household_retainers;antq_javelin_skirmishers;antq_spear_and_shield_infantry,antq_district_spear_muster;antq_seasonal_skirmishers;antq_suebian_household_retinue,antq_caravan_guard_company;antq_frontier_spear_company,,,,,pass,pass,pass,pass,pass,pass
LUG,Lugii,Germania,antq_bow_infantry;antq_household_retainers;antq_javelin_skirmishers;antq_spear_and_shield_infantry,antq_district_spear_muster;antq_seasonal_skirmishers,antq_caravan_guard_company;antq_frontier_spear_company,,,,,pass,pass,pass,pass,pass,pass
NHR,Naharvali,Germania,antq_bow_infantry;antq_household_retainers;antq_javelin_skirmishers;antq_spear_and_shield_infantry,antq_district_spear_muster;antq_seasonal_skirmishers,antq_caravan_guard_company;antq_frontier_spear_company,,,,,pass,pass,pass,pass,pass,pass
MSI,Marsigni,Germania,antq_bow_infantry;antq_household_retainers;antq_javelin_skirmishers;antq_spear_and_shield_infantry,antq_district_spear_muster;antq_seasonal_skirmishers,antq_caravan_guard_company;antq_frontier_spear_company,,,,,pass,pass,pass,pass,pass,pass
BUU,Buri,Germania,antq_bow_infantry;antq_household_retainers;antq_javelin_skirmishers;antq_spear_and_shield_infantry,antq_district_spear_muster;antq_seasonal_skirmishers,antq_caravan_guard_company;antq_frontier_spear_company,,,,,pass,pass,pass,pass,pass,pass
MIM,Manimi,Germania,antq_bow_infantry;antq_household_retainers;antq_javelin_skirmishers;antq_spear_and_shield_infantry,antq_district_spear_muster;antq_seasonal_skirmishers,antq_caravan_guard_company;antq_frontier_spear_company,,,,,pass,pass,pass,pass,pass,pass
HLV,Helveconae,Germania,antq_bow_infantry;antq_household_retainers;antq_javelin_skirmishers;antq_spear_and_shield_infantry,antq_district_spear_muster;antq_seasonal_skirmishers,antq_caravan_guard_company;antq_frontier_spear_company,,,,,pass,pass,pass,pass,pass,pass
HRI,Harii,Germania,antq_bow_infantry;antq_household_retainers;antq_javelin_skirmishers;antq_spear_and_shield_infantry,antq_district_spear_muster;antq_seasonal_skirmishers,antq_caravan_guard_company;antq_frontier_spear_company,,,,,pass,pass,pass,pass,pass,pass
HLS,Helisii,Germania,antq_bow_infantry;antq_household_retainers;antq_javelin_skirmishers;antq_spear_and_shield_infantry,antq_district_spear_muster;antq_seasonal_skirmishers,antq_caravan_guard_company;antq_frontier_spear_company,,,,,pass,pass,pass,pass,pass,pass
ZUM,Zumi,Germania,antq_bow_infantry;antq_household_retainers;antq_javelin_skirmishers;antq_spear_and_shield_infantry,antq_district_spear_muster;antq_seasonal_skirmishers,antq_caravan_guard_company;antq_frontier_spear_company,,,,,pass,pass,pass,pass,pass,pass
PRZ,Greater-Poland Przeworsk,Eastern Europe,antq_bow_infantry;antq_household_retainers;antq_javelin_skirmishers;antq_spear_and_shield_infantry,antq_district_spear_muster;antq_seasonal_skirmishers,antq_caravan_guard_company;antq_frontier_spear_company,,,,,pass,pass,pass,pass,pass,pass
LPR,Lesser-Poland Przeworsk,Eastern Europe,antq_bow_infantry;antq_household_retainers;antq_javelin_skirmishers;antq_spear_and_shield_infantry,antq_district_spear_muster;antq_seasonal_skirmishers,antq_caravan_guard_company;antq_frontier_spear_company,,,,,pass,pass,pass,pass,pass,pass
ILM,Msta-Ilmen Late Dyakovo Horizon,Eastern Europe,antq_bow_infantry;antq_household_retainers;antq_javelin_skirmishers;antq_spear_and_shield_infantry,antq_district_spear_muster;antq_seasonal_skirmishers,antq_caravan_guard_company;antq_frontier_spear_company,,,,,pass,pass,pass,pass,pass,pass
PLH,Pskov-Luga Pottery,Eastern Europe,antq_bow_infantry;antq_household_retainers;antq_javelin_skirmishers;antq_spear_and_shield_infantry,antq_district_spear_muster;antq_seasonal_skirmishers,antq_caravan_guard_company;antq_frontier_spear_company,antq_baltic_sewn_plank_patrol;antq_baltic_sewn_plank_transport,ivangorod;koporye;martyshkino;neva;soikino,antq_baltic_sewn_plank_patrol,antq_baltic_sewn_plank_transport,pass,pass,pass,pass,pass,pass
BLF,Beloe-Mologa Late Dyakovo Horizon,Finland,antq_bow_infantry;antq_household_retainers;antq_javelin_skirmishers;antq_spear_and_shield_infantry,antq_district_spear_muster;antq_seasonal_skirmishers,antq_caravan_guard_company;antq_frontier_spear_company,,,,,pass,pass,pass,pass,pass,pass
MOK,Moskva-Oka Late Dyakovo Culture,Finland,antq_bow_infantry;antq_household_retainers;antq_javelin_skirmishers;antq_spear_and_shield_infantry,antq_district_spear_muster;antq_seasonal_skirmishers,antq_caravan_guard_company;antq_frontier_spear_company,,,,,pass,pass,pass,pass,pass,pass
UVF,Nizhny-Novgorod Gorodets,Finland,antq_bow_infantry;antq_household_retainers;antq_javelin_skirmishers;antq_spear_and_shield_infantry,antq_district_spear_muster;antq_seasonal_skirmishers,antq_caravan_guard_company;antq_frontier_spear_company,,,,,pass,pass,pass,pass,pass,pass
UVD,Upper Volga Late Dyakovo Horizon,Finland,antq_bow_infantry;antq_household_retainers;antq_javelin_skirmishers;antq_spear_and_shield_infantry,antq_district_spear_muster;antq_seasonal_skirmishers,antq_caravan_guard_company;antq_frontier_spear_company,,,,,pass,pass,pass,pass,pass,pass
KLY,Klyazma Late Dyakovo Horizon,Finland,antq_bow_infantry;antq_household_retainers;antq_javelin_skirmishers;antq_spear_and_shield_infantry,antq_district_spear_muster;antq_seasonal_skirmishers,antq_caravan_guard_company;antq_frontier_spear_company,,,,,pass,pass,pass,pass,pass,pass
WHT,Late Kargopol Culture,Finland,antq_bow_infantry;antq_household_retainers;antq_javelin_skirmishers;antq_spear_and_shield_infantry,antq_district_spear_muster;antq_seasonal_skirmishers,antq_caravan_guard_company;antq_frontier_spear_company,antq_finnic_coastal_dugout_patrol;antq_finnic_coastal_transport,luda;maloshuyka;nyonoksa;sumsky_posad;unezhma;village_onega,antq_finnic_coastal_dugout_patrol,antq_finnic_coastal_transport,pass,pass,pass,pass,pass,pass
MZN,Late Belomorye Culture,Finland,antq_bow_infantry;antq_household_retainers;antq_javelin_skirmishers;antq_spear_and_shield_infantry,antq_district_spear_muster;antq_seasonal_skirmishers,antq_caravan_guard_company;antq_frontier_spear_company,antq_finnic_coastal_dugout_patrol;antq_finnic_coastal_transport,arkhangelsk;pomorye,antq_finnic_coastal_dugout_patrol,antq_finnic_coastal_transport,pass,pass,pass,pass,pass,pass
VYG,Pidzh Culture,Finland,antq_bow_infantry;antq_household_retainers;antq_javelin_skirmishers;antq_spear_and_shield_infantry,antq_district_spear_muster;antq_seasonal_skirmishers,antq_caravan_guard_company;antq_frontier_spear_company,,,,,pass,pass,pass,pass,pass,pass
MRV,Sura-Volga Gorodets Culture,Finland,antq_bow_infantry;antq_household_retainers;antq_javelin_skirmishers;antq_spear_and_shield_infantry,antq_district_spear_muster;antq_seasonal_skirmishers,antq_caravan_guard_company;antq_frontier_spear_company,,,,,pass,pass,pass,pass,pass,pass
TGD,Tsna-Upper Don Gorodets Horizon,Finland,antq_bow_infantry;antq_household_retainers;antq_javelin_skirmishers;antq_spear_and_shield_infantry,antq_district_spear_muster;antq_seasonal_skirmishers,antq_caravan_guard_company;antq_frontier_spear_company,,,,,pass,pass,pass,pass,pass,pass
SMD,Smolensk Dnieper-Dvina,Eastern Europe,antq_bow_infantry;antq_household_retainers;antq_javelin_skirmishers;antq_spear_and_shield_infantry,antq_district_spear_muster;antq_seasonal_skirmishers,antq_caravan_guard_company;antq_frontier_spear_company,,,,,pass,pass,pass,pass,pass,pass
RZM,Oka-Moksha Gorodets Culture,Finland,antq_bow_infantry;antq_household_retainers;antq_javelin_skirmishers;antq_spear_and_shield_infantry,antq_district_spear_muster;antq_seasonal_skirmishers,antq_caravan_guard_company;antq_frontier_spear_company,,,,,pass,pass,pass,pass,pass,pass
BLR,Upper Dnieper-Dvina Culture,Eastern Europe,antq_bow_infantry;antq_household_retainers;antq_javelin_skirmishers;antq_spear_and_shield_infantry,antq_district_spear_muster;antq_seasonal_skirmishers,antq_caravan_guard_company;antq_frontier_spear_company,,,,,pass,pass,pass,pass,pass,pass
NEM,Upper Neman Pottery,Eastern Europe,antq_bow_infantry;antq_household_retainers;antq_javelin_skirmishers;antq_spear_and_shield_infantry,antq_district_spear_muster;antq_seasonal_skirmishers,antq_caravan_guard_company;antq_frontier_spear_company,,,,,pass,pass,pass,pass,pass,pass
ZRB,Zarubintsy Horizon,Eastern Europe,antq_bow_infantry;antq_household_retainers;antq_javelin_skirmishers;antq_spear_and_shield_infantry,antq_district_spear_muster;antq_seasonal_skirmishers,antq_caravan_guard_company;antq_frontier_spear_company,,,,,pass,pass,pass,pass,pass,pass
PDL,Podolian Lipița,Eastern Europe,antq_bow_infantry;antq_household_retainers;antq_javelin_skirmishers;antq_spear_and_shield_infantry,antq_district_spear_muster;antq_seasonal_skirmishers,antq_caravan_guard_company;antq_frontier_spear_company,,,,,pass,pass,pass,pass,pass,pass
RLG,Red-Ruthenian Lipița,Eastern Europe,antq_bow_infantry;antq_household_retainers;antq_javelin_skirmishers;antq_spear_and_shield_infantry,antq_district_spear_muster;antq_seasonal_skirmishers,antq_caravan_guard_company;antq_frontier_spear_company,,,,,pass,pass,pass,pass,pass,pass
DNP,Desna Zarubintsy,Eastern Europe,antq_bow_infantry;antq_household_retainers;antq_javelin_skirmishers;antq_spear_and_shield_infantry,antq_district_spear_muster;antq_seasonal_skirmishers,antq_caravan_guard_company;antq_frontier_spear_company,,,,,pass,pass,pass,pass,pass,pass
RBD,Right-Bank Zarubintsy,Eastern Europe,antq_bow_infantry;antq_household_retainers;antq_javelin_skirmishers;antq_spear_and_shield_infantry,antq_district_spear_muster;antq_seasonal_skirmishers,antq_caravan_guard_company;antq_frontier_spear_company,,,,,pass,pass,pass,pass,pass,pass
LBD,Left-Bank Zarubintsy,Eastern Europe,antq_bow_infantry;antq_household_retainers;antq_javelin_skirmishers;antq_spear_and_shield_infantry,antq_district_spear_muster;antq_seasonal_skirmishers,antq_caravan_guard_company;antq_frontier_spear_company,,,,,pass,pass,pass,pass,pass,pass
KRL,Ladoga Early Iron-Age Horizon,Finland,antq_bow_infantry;antq_household_retainers;antq_javelin_skirmishers;antq_spear_and_shield_infantry,antq_district_spear_muster;antq_seasonal_skirmishers,antq_caravan_guard_company;antq_frontier_spear_company,antq_finnic_coastal_dugout_patrol;antq_finnic_coastal_transport,saarijoki,antq_finnic_coastal_dugout_patrol,antq_finnic_coastal_transport,pass,pass,pass,pass,pass,pass
PRM,Middle Kama Glyadenovo Culture,Finland,antq_bow_infantry;antq_household_retainers;antq_javelin_skirmishers;antq_spear_and_shield_infantry,antq_district_spear_muster;antq_seasonal_skirmishers,antq_caravan_guard_company;antq_frontier_spear_company,,,,,pass,pass,pass,pass,pass,pass
VYP,Vyatka Pyanobor Horizon,Finland,antq_bow_infantry;antq_household_retainers;antq_javelin_skirmishers;antq_spear_and_shield_infantry,antq_district_spear_muster;antq_seasonal_skirmishers,antq_caravan_guard_company;antq_frontier_spear_company,,,,,pass,pass,pass,pass,pass,pass
VLF,Lower Kama Pyanobor Culture,Finland,antq_bow_infantry;antq_household_retainers;antq_javelin_skirmishers;antq_spear_and_shield_infantry,antq_district_spear_muster;antq_seasonal_skirmishers,antq_caravan_guard_company;antq_frontier_spear_company,,,,,pass,pass,pass,pass,pass,pass
SUG,Kara-Abyz Culture,Finland,antq_bow_infantry;antq_household_retainers;antq_javelin_skirmishers;antq_spear_and_shield_infantry,antq_district_spear_muster;antq_seasonal_skirmishers,antq_caravan_guard_company;antq_frontier_spear_company,,,,,pass,pass,pass,pass,pass,pass
SMY,Dzhudzhydyag Culture,Finland,antq_bow_infantry;antq_household_retainers;antq_javelin_skirmishers;antq_spear_and_shield_infantry,antq_district_spear_muster;antq_seasonal_skirmishers,antq_caravan_guard_company;antq_frontier_spear_company,,,,,pass,pass,pass,pass,pass,pass
SRG,Omsk-Ishim Sargat Culture,Steppe,antq_bow_infantry;antq_household_retainers;antq_javelin_skirmishers;antq_spear_and_shield_infantry,antq_district_spear_muster;antq_seasonal_skirmishers,antq_caravan_guard_company;antq_frontier_spear_company,,,,,pass,pass,pass,pass,pass,pass
AKL,Forest-Steppe Altai Kulay,Steppe,antq_bow_infantry;antq_household_retainers;antq_javelin_skirmishers;antq_spear_and_shield_infantry,antq_district_spear_muster;antq_seasonal_skirmishers,antq_caravan_guard_company;antq_frontier_spear_company,,,,,pass,pass,pass,pass,pass,pass
ALT,Altai Xiongnu-Contact Horizon,Steppe,antq_bow_infantry;antq_household_retainers;antq_javelin_skirmishers;antq_spear_and_shield_infantry,antq_district_spear_muster;antq_seasonal_skirmishers,antq_caravan_guard_company;antq_frontier_spear_company,,,,,pass,pass,pass,pass,pass,pass
KUL,Kulay Horizon,Steppe,antq_bow_infantry;antq_household_retainers;antq_javelin_skirmishers;antq_spear_and_shield_infantry,antq_district_spear_muster;antq_seasonal_skirmishers,antq_caravan_guard_company;antq_frontier_spear_company,,,,,pass,pass,pass,pass,pass,pass
UGR,Lower Irtysh Kulay Horizon,Finland,antq_bow_infantry;antq_household_retainers;antq_javelin_skirmishers;antq_spear_and_shield_infantry,antq_district_spear_muster;antq_seasonal_skirmishers,antq_caravan_guard_company;antq_frontier_spear_company,,,,,pass,pass,pass,pass,pass,pass
HOK,Hokuriku Wa,Japan,antq_bow_infantry;antq_household_retainers;antq_javelin_skirmishers;antq_spear_and_shield_infantry,antq_district_spear_muster;antq_seasonal_skirmishers,antq_caravan_guard_company;antq_frontier_spear_company,antq_byeonhan_cargo_ferry;antq_byeonhan_coastal_patrol,fugeshi;higashikubiki;imizu;iwafune;kaga;kamo;kariwa;koshi;nei;niikawa;nishikanbara;nishikubiki;nomi;noto_jap;nutari;nyuu;sakai_echizen;sawata;suzu;tsuruga,antq_byeonhan_coastal_patrol,antq_byeonhan_cargo_ferry,pass,pass,pass,pass,pass,pass
SHK,Shikoku Wa,Japan,antq_bow_infantry;antq_household_retainers;antq_javelin_skirmishers;antq_spear_and_shield_infantry,antq_district_spear_muster;antq_seasonal_skirmishers,antq_caravan_guard_company;antq_frontier_spear_company,antq_byeonhan_cargo_ferry;antq_byeonhan_coastal_patrol,agawa;aki_shikoku;awa_shikoku;awaji;aya;hata;hidaka;higashimuro;iyo;kaifu;kaisou;kami_shikoku;kita_shikoku;miki;minamimuro;mitoyo;nagaoka;naka_shikoku;nakata;nii;nishimuro;ochi;takaoka;ukena;uwa,antq_byeonhan_coastal_patrol,antq_byeonhan_cargo_ferry,pass,pass,pass,pass,pass,pass
OHW,Northern Honshu,Japan,antq_bow_infantry;antq_household_retainers;antq_javelin_skirmishers;antq_spear_and_shield_infantry,antq_district_spear_muster;antq_seasonal_skirmishers,antq_caravan_guard_company;antq_frontier_spear_company,antq_byeonhan_cargo_ferry;antq_byeonhan_coastal_patrol,akita;hanawa;hiyama;inaka;iwaki;kamihei;kamikita;kesen;kikuta;kitahei;kuji;miyagi;motoyoshi;namekata;naraha;natori;nukanobu;oshika;shimohei;shimokita;shineha;tagawa;toshima;uda_mutsu;yuri;yuza,antq_byeonhan_coastal_patrol,antq_byeonhan_cargo_ferry,pass,pass,pass,pass,pass,pass
RYS,Ryukyu Shell-Midden,Japan,antq_bow_infantry;antq_household_retainers;antq_javelin_skirmishers;antq_spear_and_shield_infantry,antq_district_spear_muster;antq_seasonal_skirmishers,antq_caravan_guard_company;antq_frontier_spear_company,antq_byeonhan_cargo_ferry;antq_byeonhan_coastal_patrol,nakijin;oozato;urasoe,antq_byeonhan_coastal_patrol,antq_byeonhan_cargo_ferry,pass,pass,pass,pass,pass,pass
KYU,Northern Kyushu Wa,Japan,antq_bow_infantry;antq_household_retainers;antq_javelin_skirmishers;antq_spear_and_shield_infantry,antq_district_spear_muster;antq_seasonal_skirmishers,antq_caravan_guard_company;antq_frontier_spear_company,antq_byeonhan_cargo_ferry;antq_byeonhan_coastal_patrol,akita_kumamoto;amabe;amakusa;ashikita;gomu;hakata;hayami;higashimatsuura;higashisonogi;higashiusuki;ibusuki;izumi_satsuma;kagoshima;kamiagata;kimotsuki;kishima;koyu;kumage_oosumi;kunisaki;kuwabara;mashiki;mii;mikasa;mike;minamimatsuura;minamimorokata;miyazaki;naka_hyuuga;nakatsu;nishimatsuura;nishisonogi;onga;ooita;oosumi;saga;satsuma;shimoagata;soo;takaki;tamana;usa;yatsushiro_higo,antq_byeonhan_coastal_patrol,antq_byeonhan_cargo_ferry,pass,pass,pass,pass,pass,pass
IZM,Izumo Wa,Japan,antq_bow_infantry;antq_household_retainers;antq_javelin_skirmishers;antq_spear_and_shield_infantry,antq_district_spear_muster;antq_seasonal_skirmishers,antq_caravan_guard_company;antq_frontier_spear_company,antq_byeonhan_cargo_ferry;antq_byeonhan_coastal_patrol,aimi;futakata;houmi;izumo;kasa;keta_tajima;kume_houki;mino;naka_iwami;nima;oki;onyuu;ou;takakusa;yosa,antq_byeonhan_coastal_patrol,antq_byeonhan_cargo_ferry,pass,pass,pass,pass,pass,pass
KBI,Kibi Wa,Japan,antq_bow_infantry;antq_household_retainers;antq_javelin_skirmishers;antq_spear_and_shield_infantry,antq_district_spear_muster;antq_seasonal_skirmishers,antq_caravan_guard_company;antq_frontier_spear_company,antq_byeonhan_cargo_ferry;antq_byeonhan_coastal_patrol,abu;akashi;aki;akou;asa;asakuchi;ashida;joutou;kuga;kumage;ootsu;saba;saeki;sera;shikama;toyota;toyoura;tsuno;wake;yoshiki_suou,antq_byeonhan_coastal_patrol,antq_byeonhan_cargo_ferry,pass,pass,pass,pass,pass,pass
TKW,Tokai Wa,Japan,antq_bow_infantry;antq_household_retainers;antq_javelin_skirmishers;antq_spear_and_shield_infantry,antq_district_spear_muster;antq_seasonal_skirmishers,antq_caravan_guard_company;antq_frontier_spear_company,antq_byeonhan_cargo_ferry;antq_byeonhan_coastal_patrol,aichi;aikou;ashigara;awa;chiba;fuchi;fuji;hekikai;hoi;ibaraki;ichihara;ichishi;ihara;isumi;kamakura;kamo_izu;kashima;katori;katsushika;kitamuro;kitou;kuji_kanto;makuda;mie;musa;naka;nakajima;shida;shima;suntou;suzuka;tachibana;taga;tagata;taki;toshima_kanto;toyoda;watarai,antq_byeonhan_coastal_patrol,antq_byeonhan_cargo_ferry,pass,pass,pass,pass,pass,pass
EHW,Eastern Honshu,Japan,antq_bow_infantry;antq_household_retainers;antq_javelin_skirmishers;antq_spear_and_shield_infantry,antq_district_spear_muster;antq_seasonal_skirmishers,antq_caravan_guard_company;antq_frontier_spear_company,,,,,pass,pass,pass,pass,pass,pass
NOK,Late Nok Horizon,West Africa,antq_bow_infantry;antq_household_retainers;antq_javelin_skirmishers;antq_spear_and_shield_infantry,antq_district_spear_muster;antq_seasonal_skirmishers,antq_caravan_guard_company;antq_frontier_spear_company;antq_nile_bow_company;antq_sahel_javelin_company,,,,,pass,pass,pass,pass,pass,pass
LCH,Lake Chad Basin,West Africa,antq_bow_infantry;antq_household_retainers;antq_javelin_skirmishers;antq_spear_and_shield_infantry,antq_district_spear_muster;antq_seasonal_skirmishers,antq_caravan_guard_company;antq_frontier_spear_company;antq_nile_bow_company;antq_sahel_javelin_company,,,,,pass,pass,pass,pass,pass,pass
MNG,Middle Niger,West Africa,antq_bow_infantry;antq_household_retainers;antq_javelin_skirmishers;antq_spear_and_shield_infantry,antq_district_spear_muster;antq_seasonal_skirmishers,antq_caravan_guard_company;antq_frontier_spear_company;antq_nile_bow_company;antq_sahel_javelin_company,,,,,pass,pass,pass,pass,pass,pass
WGD,Western Sahel,West Africa,antq_bow_infantry;antq_household_retainers;antq_javelin_skirmishers;antq_spear_and_shield_infantry,antq_district_spear_muster;antq_seasonal_skirmishers,antq_caravan_guard_company;antq_frontier_spear_company;antq_nile_bow_company;antq_sahel_javelin_company,antq_kwale_coastal_patrol;antq_kwale_sewn_plank_transport,awlil;rosso,antq_kwale_coastal_patrol,antq_kwale_sewn_plank_transport,pass,pass,pass,pass,pass,pass
VLT,Volta Basin,West Africa,antq_bow_infantry;antq_household_retainers;antq_javelin_skirmishers;antq_spear_and_shield_infantry,antq_district_spear_muster;antq_seasonal_skirmishers,antq_caravan_guard_company;antq_frontier_spear_company;antq_nile_bow_company;antq_sahel_javelin_company,,,,,pass,pass,pass,pass,pass,pass
SNG,Senegambian,West Africa,antq_bow_infantry;antq_household_retainers;antq_javelin_skirmishers;antq_spear_and_shield_infantry,antq_district_spear_muster;antq_seasonal_skirmishers,antq_caravan_guard_company;antq_frontier_spear_company;antq_nile_bow_company;antq_sahel_javelin_company,antq_kwale_coastal_patrol;antq_kwale_sewn_plank_transport,albreda;bafata;beer_dun;bintang;bissau;cacheu;casamance;diaboudior;gambia;joal;juffure;ndar;portudal;sine_ngayene;tankular;tivaouane,antq_kwale_coastal_patrol,antq_kwale_sewn_plank_transport,pass,pass,pass,pass,pass,pass
AKF,Akan Forest,West Africa,antq_bow_infantry;antq_household_retainers;antq_javelin_skirmishers;antq_spear_and_shield_infantry,antq_district_spear_muster;antq_seasonal_skirmishers,antq_caravan_guard_company;antq_frontier_spear_company;antq_nile_bow_company;antq_sahel_javelin_company,,,,,pass,pass,pass,pass,pass,pass
LNC,Lower Niger,West Africa,antq_bow_infantry;antq_household_retainers;antq_javelin_skirmishers;antq_spear_and_shield_infantry,antq_district_spear_muster;antq_seasonal_skirmishers,antq_caravan_guard_company;antq_frontier_spear_company;antq_nile_bow_company;antq_sahel_javelin_company,antq_kwale_coastal_patrol;antq_kwale_sewn_plank_transport,eko;epe;ikorundu;ikosi;mahin;ughoton,antq_kwale_coastal_patrol,antq_kwale_sewn_plank_transport,pass,pass,pass,pass,pass,pass
GUR,Gur Iron-Age,West Africa,antq_bow_infantry;antq_household_retainers;antq_javelin_skirmishers;antq_spear_and_shield_infantry,antq_district_spear_muster;antq_seasonal_skirmishers,antq_caravan_guard_company;antq_frontier_spear_company;antq_nile_bow_company;antq_sahel_javelin_company,,,,,pass,pass,pass,pass,pass,pass
MUP,Mande Upland,West Africa,antq_bow_infantry;antq_household_retainers;antq_javelin_skirmishers;antq_spear_and_shield_infantry,antq_district_spear_muster;antq_seasonal_skirmishers,antq_caravan_guard_company;antq_frontier_spear_company;antq_nile_bow_company;antq_sahel_javelin_company,,,,,pass,pass,pass,pass,pass,pass
AIR,Air Massif,West Africa,antq_bow_infantry;antq_household_retainers;antq_javelin_skirmishers;antq_spear_and_shield_infantry,antq_district_spear_muster;antq_seasonal_skirmishers,antq_caravan_guard_company;antq_frontier_spear_company;antq_nile_bow_company;antq_sahel_javelin_company,,,,,pass,pass,pass,pass,pass,pass
GTL,Gutae,Germania,antq_bow_infantry;antq_household_retainers;antq_javelin_skirmishers;antq_spear_and_shield_infantry,antq_district_spear_muster;antq_seasonal_skirmishers,antq_caravan_guard_company;antq_frontier_spear_company,antq_germanic_north_sea_patrol;antq_germanic_north_sea_transport,handbord;hoborg;kalmar;norrkoping;oland;sevede;slite;soderkoping;tjust;utlandet;visby,antq_germanic_north_sea_patrol,antq_germanic_north_sea_transport,pass,pass,pass,pass,pass,pass
SKN,Chaedini,Germania,antq_bow_infantry;antq_household_retainers;antq_javelin_skirmishers;antq_spear_and_shield_infantry,antq_district_spear_muster;antq_seasonal_skirmishers,antq_caravan_guard_company;antq_frontier_spear_company,antq_germanic_north_sea_patrol;antq_germanic_north_sea_transport,asbo;bregne;gladsax;halmstad;helsingborg;kungsbacka;laholm;malmo;ronneby;solvesborg;varberg,antq_germanic_north_sea_patrol,antq_germanic_north_sea_transport,pass,pass,pass,pass,pass,pass
SNR,Dauciones,Germania,antq_bow_infantry;antq_household_retainers;antq_javelin_skirmishers;antq_spear_and_shield_infantry,antq_district_spear_muster;antq_seasonal_skirmishers,antq_caravan_guard_company;antq_frontier_spear_company,antq_germanic_north_sea_patrol;antq_germanic_north_sea_transport,aurland;bergen;borg;bragernes;eid;eidfjord;fana;flekkefjord;haugalandet;hornborg;jaeren;konghalla;kvinnherad;laerdal;lindesnes;moss;moster;nordhordland;oddernes;oslo;oyestad;ryfylke;sande;sirudal;ski;skien;sogndal;sondeled;stavanger;stromstad;stryn;suledal;sunnfjord;tonsberg;uddevalla;ullensvang;vik;voss,antq_germanic_north_sea_patrol,antq_germanic_north_sea_transport,pass,pass,pass,pass,pass,pass
NNR,Hilleviones,Germania,antq_bow_infantry;antq_household_retainers;antq_javelin_skirmishers;antq_spear_and_shield_infantry,antq_district_spear_muster;antq_seasonal_skirmishers,antq_caravan_guard_company;antq_frontier_spear_company,antq_germanic_north_sea_patrol;antq_germanic_north_sea_transport,alstahaug;alta;bardodalen;birndal;bodo;borgund;deatnu;fosna;gildeskal;hamaroy;hammerfest;kirkenes;langenes;lebesby;levanger;lofotr;molde;namdal;nidaros;ofoti;orkdal;orland;porsanger;raisa;rauma;senja;skaun;steigen;steinkjer;stjordal;stordal;sunndal;sunnmore;troms;trondenes;varanger;vardo,antq_germanic_north_sea_patrol,antq_germanic_north_sea_transport,pass,pass,pass,pass,pass,pass
TND,Tondai-Kanchi Polity,India,antq_bow_infantry;antq_household_retainers;antq_javelin_skirmishers;antq_spear_and_shield_infantry,antq_district_spear_muster;antq_seasonal_skirmishers,antq_caravan_guard_company;antq_deccan_spear_company;antq_frontier_spear_company;antq_indian_longbow_company,antq_merchant_roundship;antq_monsoon_dhow,madras;maduranthakam;parangipettai;pondicherry,antq_monsoon_dhow,antq_merchant_roundship,pass,pass,pass,pass,pass,pass
ATY,Atiyaman of Tagadur,India,antq_bow_infantry;antq_household_retainers;antq_javelin_skirmishers;antq_spear_and_shield_infantry,antq_district_spear_muster;antq_seasonal_skirmishers,antq_caravan_guard_company;antq_deccan_spear_company;antq_frontier_spear_company;antq_indian_longbow_company,,,,,pass,pass,pass,pass,pass,pass
UJJ,Ujjayini Urban Polity,India,antq_bow_infantry;antq_household_retainers;antq_javelin_skirmishers;antq_spear_and_shield_infantry,antq_district_spear_muster;antq_seasonal_skirmishers,antq_caravan_guard_company;antq_deccan_spear_company;antq_frontier_spear_company;antq_indian_longbow_company,,,,,pass,pass,pass,pass,pass,pass
VDS,Vedisa Urban Polity,India,antq_bow_infantry;antq_household_retainers;antq_javelin_skirmishers;antq_spear_and_shield_infantry,antq_district_spear_muster;antq_seasonal_skirmishers,antq_caravan_guard_company;antq_deccan_spear_company;antq_frontier_spear_company;antq_indian_longbow_company,,,,,pass,pass,pass,pass,pass,pass
CED,Chedi Janapada,India,antq_bow_infantry;antq_household_retainers;antq_javelin_skirmishers;antq_spear_and_shield_infantry,antq_district_spear_muster;antq_seasonal_skirmishers,antq_caravan_guard_company;antq_deccan_spear_company;antq_frontier_spear_company;antq_indian_longbow_company,,,,,pass,pass,pass,pass,pass,pass
NVM,Narmada-Vindhya Megalithic Networks,India,antq_bow_infantry;antq_household_retainers;antq_javelin_skirmishers;antq_spear_and_shield_infantry,antq_district_spear_muster;antq_seasonal_skirmishers,antq_caravan_guard_company;antq_deccan_spear_company;antq_frontier_spear_company;antq_indian_longbow_company,,,,,pass,pass,pass,pass,pass,pass
BGL,Son-Vindhya Iron-Age Networks,India,antq_bow_infantry;antq_household_retainers;antq_javelin_skirmishers;antq_spear_and_shield_infantry,antq_district_spear_muster;antq_seasonal_skirmishers,antq_caravan_guard_company;antq_deccan_spear_company;antq_frontier_spear_company;antq_indian_longbow_company,,,,,pass,pass,pass,pass,pass,pass
DKS,Dakshina Kosala,India,antq_bow_infantry;antq_household_retainers;antq_javelin_skirmishers;antq_spear_and_shield_infantry,antq_district_spear_muster;antq_seasonal_skirmishers,antq_caravan_guard_company;antq_deccan_spear_company;antq_frontier_spear_company;antq_indian_longbow_company,,,,,pass,pass,pass,pass,pass,pass
BSR,Bastar Megalithic Networks,India,antq_bow_infantry;antq_household_retainers;antq_javelin_skirmishers;antq_spear_and_shield_infantry,antq_district_spear_muster;antq_seasonal_skirmishers,antq_caravan_guard_company;antq_deccan_spear_company;antq_frontier_spear_company;antq_indian_longbow_company,,,,,pass,pass,pass,pass,pass,pass
MLD,Maldivian Atoll Networks,India,antq_bow_infantry;antq_household_retainers;antq_javelin_skirmishers;antq_spear_and_shield_infantry,antq_district_spear_muster;antq_seasonal_skirmishers,antq_caravan_guard_company;antq_deccan_spear_company;antq_frontier_spear_company;antq_indian_longbow_company,antq_merchant_roundship;antq_monsoon_dhow,addu_atoll;male_atoll;nilandhe_atoll;thiladhunmathi_atoll,antq_monsoon_dhow,antq_merchant_roundship,pass,pass,pass,pass,pass,pass
ARK,Arakan Littoral Networks,Southeast Asia,antq_bow_infantry;antq_household_retainers;antq_javelin_skirmishers;antq_spear_and_shield_infantry,antq_district_spear_muster;antq_seasonal_skirmishers,antq_caravan_guard_company;antq_frontier_spear_company,antq_sulawesi_lashed_lug_patrol;antq_sulawesi_outrigger_transport,akyab;ann;gwa;maungdaw;minbya;ramree;talak_burma;taungup;thandwe,antq_sulawesi_lashed_lug_patrol,antq_sulawesi_outrigger_transport,pass,pass,pass,pass,pass,pass
SHY,Sa Huynh Coastal Networks,Southeast Asia,antq_bow_infantry;antq_household_retainers;antq_javelin_skirmishers;antq_spear_and_shield_infantry,antq_district_spear_muster;antq_seasonal_skirmishers,antq_caravan_guard_company;antq_frontier_spear_company,antq_sulawesi_lashed_lug_patrol;antq_sulawesi_outrigger_transport,amaravati;aryaru;bal_cattinon;bong_son;camp_po_thit;chan_bo;dien_ban;ha_va_nguon;indrapura;kauthara;panduranga;simhapura;vijaya,antq_sulawesi_lashed_lug_patrol,antq_sulawesi_outrigger_transport,pass,pass,pass,pass,pass,pass
CHG,Central Vietnamese Highland Networks,Southeast Asia,antq_bow_infantry;antq_household_retainers;antq_javelin_skirmishers;antq_spear_and_shield_infantry,antq_district_spear_muster;antq_seasonal_skirmishers,antq_caravan_guard_company;antq_frontier_spear_company,,,,,pass,pass,pass,pass,pass,pass
KCN,Patkai-Upper Irrawaddy Highland Networks,Southeast Asia,antq_bow_infantry;antq_household_retainers;antq_javelin_skirmishers;antq_spear_and_shield_infantry,antq_district_spear_muster;antq_seasonal_skirmishers,antq_caravan_guard_company;antq_frontier_spear_company,,,,,pass,pass,pass,pass,pass,pass
UIR,Upper Irrawaddy Corridor Networks,Southeast Asia,antq_bow_infantry;antq_household_retainers;antq_javelin_skirmishers;antq_spear_and_shield_infantry,antq_district_spear_muster;antq_seasonal_skirmishers,antq_caravan_guard_company;antq_frontier_spear_company,,,,,pass,pass,pass,pass,pass,pass
PWB,Ping-Wang Basin Networks,Southeast Asia,antq_bow_infantry;antq_household_retainers;antq_javelin_skirmishers;antq_spear_and_shield_infantry,antq_district_spear_muster;antq_seasonal_skirmishers,antq_caravan_guard_company;antq_frontier_spear_company,,,,,pass,pass,pass,pass,pass,pass
KIB,Kok-Ing-Nan Basin Networks,Southeast Asia,antq_bow_infantry;antq_household_retainers;antq_javelin_skirmishers;antq_spear_and_shield_infantry,antq_district_spear_muster;antq_seasonal_skirmishers,antq_caravan_guard_company;antq_frontier_spear_company,,,,,pass,pass,pass,pass,pass,pass
UMK,Upper Mekong Upland Networks,Southeast Asia,antq_bow_infantry;antq_household_retainers;antq_javelin_skirmishers;antq_spear_and_shield_infantry,antq_district_spear_muster;antq_seasonal_skirmishers,antq_caravan_guard_company;antq_frontier_spear_company,,,,,pass,pass,pass,pass,pass,pass
USH,Upper Salween-Shweli Networks,Southeast Asia,antq_bow_infantry;antq_household_retainers;antq_javelin_skirmishers;antq_spear_and_shield_infantry,antq_district_spear_muster;antq_seasonal_skirmishers,antq_caravan_guard_company;antq_frontier_spear_company,,,,,pass,pass,pass,pass,pass,pass
KGT,Kengtung Basin Networks,Southeast Asia,antq_bow_infantry;antq_household_retainers;antq_javelin_skirmishers;antq_spear_and_shield_infantry,antq_district_spear_muster;antq_seasonal_skirmishers,antq_caravan_guard_company;antq_frontier_spear_company,,,,,pass,pass,pass,pass,pass,pass
SSH,Southern Plateau Corridor Networks,Southeast Asia,antq_bow_infantry;antq_household_retainers;antq_javelin_skirmishers;antq_spear_and_shield_infantry,antq_district_spear_muster;antq_seasonal_skirmishers,antq_caravan_guard_company;antq_frontier_spear_company,,,,,pass,pass,pass,pass,pass,pass
SVA,Soanes,Caucasus,antq_bow_infantry;antq_household_retainers;antq_javelin_skirmishers;antq_spear_and_shield_infantry,antq_district_spear_muster;antq_seasonal_skirmishers,antq_caravan_guard_company;antq_frontier_spear_company,,,,,pass,pass,pass,pass,pass,pass
HRC,Herrera Plateau,Northern Andes,antq_bow_infantry;antq_household_retainers;antq_javelin_skirmishers;antq_spear_and_shield_infantry,antq_district_spear_muster;antq_seasonal_skirmishers,antq_andean_sling_company;antq_caravan_guard_company;antq_frontier_spear_company;antq_mesoamerican_atlatl_company,,,,,pass,pass,pass,pass,pass,pass
SNE,Sierra Nevada Early,Northern Andes,antq_bow_infantry;antq_household_retainers;antq_javelin_skirmishers;antq_spear_and_shield_infantry,antq_district_spear_muster;antq_seasonal_skirmishers,antq_andean_sling_company;antq_caravan_guard_company;antq_frontier_spear_company;antq_mesoamerican_atlatl_company,antq_andean_balsa_patrol;antq_andean_balsa_transport,chayrama;yaharo,antq_andean_balsa_patrol,antq_andean_balsa_transport,pass,pass,pass,pass,pass,pass
LRC,Loja Regional-Development,Andes,antq_bow_infantry;antq_household_retainers;antq_javelin_skirmishers;antq_spear_and_shield_infantry,antq_district_spear_muster;antq_seasonal_skirmishers,antq_andean_sling_company;antq_caravan_guard_company;antq_frontier_spear_company;antq_mesoamerican_atlatl_company,,,,,pass,pass,pass,pass,pass,pass
DGU,Daga Highland,Oceania,antq_bow_infantry;antq_household_retainers;antq_javelin_skirmishers;antq_spear_and_shield_infantry,antq_district_spear_muster;antq_seasonal_skirmishers,antq_caravan_guard_company;antq_frontier_spear_company,antq_sulawesi_lashed_lug_patrol;antq_sulawesi_outrigger_transport,daga_papua,antq_sulawesi_lashed_lug_patrol,antq_sulawesi_outrigger_transport,pass,pass,pass,pass,pass,pass
KBC,Bomberai South-Coast,Oceania,antq_bow_infantry;antq_household_retainers;antq_javelin_skirmishers;antq_spear_and_shield_infantry,antq_district_spear_muster;antq_seasonal_skirmishers,antq_caravan_guard_company;antq_frontier_spear_company,antq_sulawesi_lashed_lug_patrol;antq_sulawesi_outrigger_transport,buruwai;kaimana,antq_sulawesi_lashed_lug_patrol,antq_sulawesi_outrigger_transport,pass,pass,pass,pass,pass,pass
EMR,Early Mariana Island,Oceania,antq_bow_infantry;antq_household_retainers;antq_javelin_skirmishers;antq_spear_and_shield_infantry,antq_district_spear_muster;antq_seasonal_skirmishers,antq_caravan_guard_company;antq_frontier_spear_company,antq_micronesian_double_outrigger_transport;antq_micronesian_outrigger_patrol;antq_sulawesi_lashed_lug_patrol;antq_sulawesi_outrigger_transport,guahan;saipan,antq_micronesian_outrigger_patrol;antq_sulawesi_lashed_lug_patrol,antq_micronesian_double_outrigger_transport;antq_sulawesi_outrigger_transport,pass,pass,pass,pass,pass,pass
WCR,Yap-Ulithi Island,Oceania,antq_bow_infantry;antq_household_retainers;antq_javelin_skirmishers;antq_spear_and_shield_infantry,antq_district_spear_muster;antq_seasonal_skirmishers,antq_caravan_guard_company;antq_frontier_spear_company,antq_micronesian_double_outrigger_transport;antq_micronesian_outrigger_patrol;antq_sulawesi_lashed_lug_patrol;antq_sulawesi_outrigger_transport,ulithi_atoll;yap,antq_micronesian_outrigger_patrol;antq_sulawesi_lashed_lug_patrol,antq_micronesian_double_outrigger_transport;antq_sulawesi_outrigger_transport,pass,pass,pass,pass,pass,pass
OLC,Orinoco-Llanos Ceramic,Caribbean-Amazon,antq_bow_infantry;antq_household_retainers;antq_javelin_skirmishers;antq_spear_and_shield_infantry,antq_district_spear_muster;antq_seasonal_skirmishers,antq_andean_sling_company;antq_caravan_guard_company;antq_frontier_spear_company;antq_mesoamerican_atlatl_company,,,,,pass,pass,pass,pass,pass,pass
WIC,Windward Island Ceramic,Caribbean-Amazon,antq_bow_infantry;antq_household_retainers;antq_javelin_skirmishers;antq_spear_and_shield_infantry,antq_district_spear_muster;antq_seasonal_skirmishers,antq_andean_sling_company;antq_caravan_guard_company;antq_frontier_spear_company;antq_mesoamerican_atlatl_company,antq_caribbean_dugout_patrol;antq_caribbean_dugout_transport,carucairi,antq_caribbean_dugout_patrol,antq_caribbean_dugout_transport,pass,pass,pass,pass,pass,pass
CCF,Central California Coast,North America,antq_bow_infantry;antq_household_retainers;antq_javelin_skirmishers;antq_spear_and_shield_infantry,antq_district_spear_muster;antq_seasonal_skirmishers,antq_andean_sling_company;antq_caravan_guard_company;antq_frontier_spear_company;antq_mesoamerican_atlatl_company,antq_californian_coastal_canoe_patrol;antq_californian_tule_transport;antq_caribbean_dugout_patrol;antq_caribbean_dugout_transport,awaswas;chochenyo;mutsun;tepotahal,antq_californian_coastal_canoe_patrol;antq_caribbean_dugout_patrol,antq_californian_tule_transport;antq_caribbean_dugout_transport,pass,pass,pass,pass,pass,pass
ACU,Acutuba Central-Amazon,Caribbean-Amazon,antq_bow_infantry;antq_household_retainers;antq_javelin_skirmishers;antq_spear_and_shield_infantry,antq_district_spear_muster;antq_seasonal_skirmishers,antq_andean_sling_company;antq_caravan_guard_company;antq_frontier_spear_company;antq_mesoamerican_atlatl_company,,,,,pass,pass,pass,pass,pass,pass
