profile,law,theme,category,law_name,law_description,option,stance,option_name,option_description,modifiers,estate_preferences,starting,source,confidence,boundary
roman,antq_s2_roman_status_law,status,socioeconomic,Roman Imperial Status and Incorporation,Defines who receives protected public standing and how outsiders enter it within the Roman Imperial political sphere.,antq_s2_roman_status_central,central,Censorial Status Register,A central register defines protected status efficiently but concentrates political authority.,global_integration_speed_modifier=0.06|global_pop_assimilation_speed_modifier=0.01|monthly_towards_centralization=societal_value_minor_monthly_move|global_crown_estate_power=0.02,crown_estate,no,P8.1;P11;P13;OCD,secure,Models Roman public law and imperial administration without assuming uniform provincial practice.
roman,antq_s2_roman_status_law,status,socioeconomic,Roman Imperial Status and Incorporation,Defines who receives protected public standing and how outsiders enter it within the Roman Imperial political sphere.,antq_s2_roman_status_mediated,mediated,Municipal Graduated Standing,"Recognized communities mediate several grades of status, trading speed for accommodation.",global_integration_speed_modifier=0.03|pop_join_rebel_threshold=-0.01|global_nobles_estate_power=0.03|global_nobles_estate_power=0.02,nobles_estate|burghers_estate,yes,P8.1;P11;P13;OCD,secure,Models Roman public law and imperial administration without assuming uniform provincial practice.
roman,antq_s2_roman_status_law,status,socioeconomic,Roman Imperial Status and Incorporation,Defines who receives protected public standing and how outsiders enter it within the Roman Imperial political sphere.,antq_s2_roman_status_local,local,Provincial Local Admission,"Local bodies admit households flexibly, easing friction while weakening uniform administration.",global_pop_assimilation_speed_modifier=0.025|global_monthly_control=-0.01|global_pop_assimilation_speed_modifier=0.01|global_burghers_estate_power=0.02,peasants_estate|tribes_estate|burghers_estate,no,P8.1;P11;P13;OCD,secure,Models Roman public law and imperial administration without assuming uniform provincial practice.
roman,antq_s2_roman_dependent_labor_law,dependent_labor,socioeconomic,Roman Imperial Dependent Labor and Manumission,"Defines the obligations, sale, protection, and release of dependent laborers within the Roman Imperial political sphere.",antq_s2_roman_dependent_labor_central,central,Censorial Recorded Obligations,"Officials record dependent obligations and taxable releases, improving oversight at social cost.",peasants_estate_max_tax=0.03|pop_join_rebel_threshold=0.01|monthly_towards_centralization=societal_value_minor_monthly_move|global_crown_estate_power=0.02,crown_estate|nobles_estate,no,P8.1;P11;P13;OCD,secure,Models Roman public law and imperial administration without assuming uniform provincial practice.
roman,antq_s2_roman_dependent_labor_law,dependent_labor,socioeconomic,Roman Imperial Dependent Labor and Manumission,"Defines the obligations, sale, protection, and release of dependent laborers within the Roman Imperial political sphere.",antq_s2_roman_dependent_labor_mediated,mediated,Municipal Protected Manumission,Protected routes to release improve incorporation while reducing elite extraction.,global_pop_assimilation_speed_modifier=0.02|nobles_estate_max_tax=-0.02|global_nobles_estate_power=0.03|global_nobles_estate_power=0.02,peasants_estate|burghers_estate|nobles_estate,yes,P8.1;P11;P13;OCD,secure,Models Roman public law and imperial administration without assuming uniform provincial practice.
roman,antq_s2_roman_dependent_labor_law,dependent_labor,socioeconomic,Roman Imperial Dependent Labor and Manumission,"Defines the obligations, sale, protection, and release of dependent laborers within the Roman Imperial political sphere.",antq_s2_roman_dependent_labor_local,local,Provincial Household Dependence,"Households regulate dependency locally, lowering provisioning burdens but entrenching private power.",global_pop_food_consumption=-0.01|peasants_estate_max_tax=0.02|global_pop_assimilation_speed_modifier=0.01|global_burghers_estate_power=0.02,nobles_estate|tribes_estate|burghers_estate,no,P8.1;P11;P13;OCD,secure,Models Roman public law and imperial administration without assuming uniform provincial practice.
roman,antq_s2_roman_revenue_law,revenue,administrative,Roman Imperial Revenue and Assessment,Defines how communities are assessed and how public obligations are collected within the Roman Imperial political sphere.,antq_s2_roman_revenue_central,central,Censorial Assessed Registers,Regular assessment improves extraction and control but enlarges the central administrative burden.,peasants_estate_max_tax=0.04|global_monthly_control=0.015|monthly_towards_centralization=societal_value_minor_monthly_move|global_crown_estate_power=0.02,crown_estate,no,P8.1;P11;P13;OCD,secure,Models Roman public law and imperial administration without assuming uniform provincial practice.
roman,antq_s2_roman_revenue_law,revenue,administrative,Roman Imperial Revenue and Assessment,Defines how communities are assessed and how public obligations are collected within the Roman Imperial political sphere.,antq_s2_roman_revenue_mediated,mediated,Municipal Negotiated Quotas,"Councils bargain fixed contributions, supporting legitimacy at the expense of maximum revenue.",burghers_estate_max_tax=0.025|stability_cost_efficiency=0.025|global_nobles_estate_power=0.03|global_nobles_estate_power=0.02,burghers_estate|nobles_estate,yes,P8.1;P11;P13;OCD,secure,Models Roman public law and imperial administration without assuming uniform provincial practice.
roman,antq_s2_roman_revenue_law,revenue,administrative,Roman Imperial Revenue and Assessment,Defines how communities are assessed and how public obligations are collected within the Roman Imperial political sphere.,antq_s2_roman_revenue_local,local,Provincial In-Kind Contributions,"Communities meet obligations in kind, sustaining production while leaving more local discretion.",global_production_efficiency=0.025|monthly_towards_decentralization=societal_value_minor_monthly_move|global_pop_assimilation_speed_modifier=0.01|global_burghers_estate_power=0.02,peasants_estate|tribes_estate|burghers_estate,no,P8.1;P11;P13;OCD,secure,Models Roman public law and imperial administration without assuming uniform provincial practice.
roman,antq_s2_roman_land_law,land,socioeconomic,Roman Imperial Land Tenure and Agrarian Duty,"Defines access to land, agrarian dues, and collective maintenance within the Roman Imperial political sphere.",antq_s2_roman_land_central,central,Censorial Surveyed Allotments,Surveyed allotments support control and predictable dues but privilege central claims.,global_max_rural_control=0.03|global_monthly_control=0.01|monthly_towards_centralization=societal_value_minor_monthly_move|global_crown_estate_power=0.02,crown_estate,no,P8.1;P11;P13;OCD,secure,Models Roman public law and imperial administration without assuming uniform provincial practice.
roman,antq_s2_roman_land_law,land,socioeconomic,Roman Imperial Land Tenure and Agrarian Duty,"Defines access to land, agrarian dues, and collective maintenance within the Roman Imperial political sphere.",antq_s2_roman_land_mediated,mediated,Municipal Estate Stewardship,Leading estates organize cultivation efficiently while increasing aristocratic leverage.,global_monthly_food_modifier=0.025|global_nobles_estate_power=0.04|global_nobles_estate_power=0.03|global_nobles_estate_power=0.02,nobles_estate,yes,P8.1;P11;P13;OCD,secure,Models Roman public law and imperial administration without assuming uniform provincial practice.
roman,antq_s2_roman_land_law,land,socioeconomic,Roman Imperial Land Tenure and Agrarian Duty,"Defines access to land, agrarian dues, and collective maintenance within the Roman Imperial political sphere.",antq_s2_roman_land_local,local,Provincial Communal Tenure,Communal tenure protects subsistence and local resilience while limiting direct control.,global_pop_food_consumption=-0.01|global_max_rural_control=-0.02|global_pop_assimilation_speed_modifier=0.01|global_burghers_estate_power=0.02,peasants_estate|tribes_estate|burghers_estate,no,P8.1;P11;P13;OCD,secure,Models Roman public law and imperial administration without assuming uniform provincial practice.
roman,antq_s2_roman_muster_law,muster,military,Roman Imperial Military Service and Muster,"Defines who serves, for how long, and through which public or household obligation within the Roman Imperial political sphere.",antq_s2_roman_muster_central,central,Censorial Registered Service,Registered service raises dependable forces but increases administrative and social pressure.,global_levy_size_modifier=0.075|global_levy_recruitment_speed_modifier=-0.05|monthly_towards_centralization=societal_value_minor_monthly_move|global_crown_estate_power=0.02,crown_estate,no,P8.1;P11;P13;OCD,secure,Models Roman public law and imperial administration without assuming uniform provincial practice.
roman,antq_s2_roman_muster_law,muster,military,Roman Imperial Military Service and Muster,"Defines who serves, for how long, and through which public or household obligation within the Roman Imperial political sphere.",antq_s2_roman_muster_mediated,mediated,Municipal Retinue Service,Elite retinues improve cohesion and morale while narrowing the military base.,land_morale_modifier=0.02|global_levy_size_modifier=-0.025|global_nobles_estate_power=0.03|global_nobles_estate_power=0.02,nobles_estate,yes,P8.1;P11;P13;OCD,secure,Models Roman public law and imperial administration without assuming uniform provincial practice.
roman,antq_s2_roman_muster_law,muster,military,Roman Imperial Military Service and Muster,"Defines who serves, for how long, and through which public or household obligation within the Roman Imperial political sphere.",antq_s2_roman_muster_local,local,Provincial Community Muster,A broad seasonal muster supplies numbers quickly but sacrifices some battlefield efficiency.,global_levy_recruitment_speed_modifier=0.10|levy_combat_efficiency_modifier=-0.04|global_pop_assimilation_speed_modifier=0.01|global_burghers_estate_power=0.02,peasants_estate|tribes_estate|burghers_estate,no,P8.1;P11;P13;OCD,secure,Models Roman public law and imperial administration without assuming uniform provincial practice.
roman,antq_s2_roman_local_rule_law,local_rule,administrative,Roman Imperial Local and Provincial Rule,"Defines the balance among central officers, intermediary councils, and local communities within the Roman Imperial political sphere.",antq_s2_roman_local_rule_central,central,Censorial Appointed Officers,Appointed officers improve coordination and control but strengthen the center.,country_cabinet_efficiency=0.04|global_monthly_control=0.015|monthly_towards_centralization=societal_value_minor_monthly_move|global_crown_estate_power=0.02,crown_estate,no,P8.1;P11;P13;OCD,secure,Models Roman public law and imperial administration without assuming uniform provincial practice.
roman,antq_s2_roman_local_rule_law,local_rule,administrative,Roman Imperial Local and Provincial Rule,"Defines the balance among central officers, intermediary councils, and local communities within the Roman Imperial political sphere.",antq_s2_roman_local_rule_mediated,mediated,Municipal Mediated Councils,Intermediary councils improve cabinet throughput while preserving negotiated authority.,legislative_efficiency=0.04|stability_cost_efficiency=0.02|global_nobles_estate_power=0.03|global_nobles_estate_power=0.02,nobles_estate|burghers_estate,yes,P8.1;P11;P13;OCD,secure,Models Roman public law and imperial administration without assuming uniform provincial practice.
roman,antq_s2_roman_local_rule_law,local_rule,administrative,Roman Imperial Local and Provincial Rule,"Defines the balance among central officers, intermediary councils, and local communities within the Roman Imperial political sphere.",antq_s2_roman_local_rule_local,local,Provincial Local Custody,Local custody lowers resistance and administrative reach together.,pop_join_rebel_threshold=-0.02|global_max_rural_control=-0.025|global_pop_assimilation_speed_modifier=0.01|global_burghers_estate_power=0.02,peasants_estate|tribes_estate|burghers_estate,no,P8.1;P11;P13;OCD,secure,Models Roman public law and imperial administration without assuming uniform provincial practice.
roman,antq_s2_roman_cult_law,cult,religious,Roman Imperial Public Cult and Ritual Custody,"Defines who maintains public rites, sanctuaries, vows, and tolerated local observances within the Roman Imperial political sphere.",antq_s2_roman_cult_central,central,Censorial Public Rite,"The central authority sponsors public rites, strengthening religious administration but narrowing plural practice.",global_pop_conversion_speed_modifier=0.08|tolerance_heathen=-1|monthly_towards_centralization=societal_value_minor_monthly_move|global_crown_estate_power=0.02,crown_estate|clergy_estate,no,P8.1;P11;P13;OCD,secure,Models Roman public law and imperial administration without assuming uniform provincial practice.
roman,antq_s2_roman_cult_law,cult,religious,Roman Imperial Public Cult and Ritual Custody,"Defines who maintains public rites, sanctuaries, vows, and tolerated local observances within the Roman Imperial political sphere.",antq_s2_roman_cult_mediated,mediated,Municipal Collegiate Custody,Recognized colleges and sanctuaries share ritual custody and stabilize elite bargains.,clergy_estate_target_satisfaction=small_permanent_target_satisfaction|stability_cost_efficiency=0.02|global_nobles_estate_power=0.03|global_nobles_estate_power=0.02,clergy_estate|nobles_estate,yes,P8.1;P11;P13;OCD,secure,Models Roman public law and imperial administration without assuming uniform provincial practice.
roman,antq_s2_roman_cult_law,cult,religious,Roman Imperial Public Cult and Ritual Custody,"Defines who maintains public rites, sanctuaries, vows, and tolerated local observances within the Roman Imperial political sphere.",antq_s2_roman_cult_local,local,Provincial Local Observance,Local observance broadens toleration while reducing the reach of an official cult.,tolerance_heathen=1|global_pop_conversion_speed_modifier=-0.05|global_pop_assimilation_speed_modifier=0.01|global_burghers_estate_power=0.02,tribes_estate|peasants_estate|burghers_estate,no,P8.1;P11;P13;OCD,secure,Models Roman public law and imperial administration without assuming uniform provincial practice.
roman,antq_s2_roman_household_law,household,socioeconomic,Roman Imperial Household and Inheritance,"Defines household succession, guardianship, property transmission, and kin obligation within the Roman Imperial political sphere.",antq_s2_roman_household_central,central,Censorial Recorded Succession,Recorded succession eases state integration but places family affairs under official scrutiny.,global_integration_speed_modifier=0.035|monthly_towards_centralization=societal_value_minor_monthly_move|monthly_towards_centralization=societal_value_minor_monthly_move|global_crown_estate_power=0.02,crown_estate,no,P8.1;P11;P13;OCD,secure,Models Roman public law and imperial administration without assuming uniform provincial practice.
roman,antq_s2_roman_household_law,household,socioeconomic,Roman Imperial Household and Inheritance,"Defines household succession, guardianship, property transmission, and kin obligation within the Roman Imperial political sphere.",antq_s2_roman_household_mediated,mediated,Municipal Lineage Arbitration,"Lineages arbitrate inheritance disputes, preserving elite consent at a cost to central uniformity.",nobles_estate_target_satisfaction=tiny_permanent_target_satisfaction|global_monthly_control=-0.005|global_nobles_estate_power=0.03|global_nobles_estate_power=0.02,nobles_estate|tribes_estate,yes,P8.1;P11;P13;OCD,secure,Models Roman public law and imperial administration without assuming uniform provincial practice.
roman,antq_s2_roman_household_law,household,socioeconomic,Roman Imperial Household and Inheritance,"Defines household succession, guardianship, property transmission, and kin obligation within the Roman Imperial political sphere.",antq_s2_roman_household_local,local,Provincial Household Custom,Household custom protects local practice and mobility while weakening predictable assessment.,global_pop_assimilation_speed_modifier=0.01|peasants_estate_max_tax=-0.015|global_pop_assimilation_speed_modifier=0.01|global_burghers_estate_power=0.02,peasants_estate|burghers_estate,no,P8.1;P11;P13;OCD,secure,Models Roman public law and imperial administration without assuming uniform provincial practice.
roman,antq_s2_roman_commerce_law,commerce,socioeconomic,Roman Imperial Commerce and Market Conduct,"Defines safe conduct, tolls, market oversight, and the standing of merchants within the Roman Imperial political sphere.",antq_s2_roman_commerce_central,central,Censorial Public Toll Schedule,Published toll schedules improve route revenue and enforcement but privilege official channels.,global_trade_through_owned_territory_efficiency=0.06|global_monthly_control=0.01|monthly_towards_centralization=societal_value_minor_monthly_move|global_crown_estate_power=0.02,crown_estate,no,P8.1;P11;P13;OCD,secure,Models Roman public law and imperial administration without assuming uniform provincial practice.
roman,antq_s2_roman_commerce_law,commerce,socioeconomic,Roman Imperial Commerce and Market Conduct,"Defines safe conduct, tolls, market oversight, and the standing of merchants within the Roman Imperial political sphere.",antq_s2_roman_commerce_mediated,mediated,Municipal Merchant Arbitration,Merchant arbitration improves production and exchange while increasing urban political weight.,global_production_efficiency=0.03|global_burghers_estate_power=0.04|global_nobles_estate_power=0.03|global_nobles_estate_power=0.02,burghers_estate|nobles_estate,yes,P8.1;P11;P13;OCD,secure,Models Roman public law and imperial administration without assuming uniform provincial practice.
roman,antq_s2_roman_commerce_law,commerce,socioeconomic,Roman Imperial Commerce and Market Conduct,"Defines safe conduct, tolls, market oversight, and the standing of merchants within the Roman Imperial political sphere.",antq_s2_roman_commerce_local,local,Provincial Open Local Exchange,Open local exchange reduces barriers and strengthens communities at the expense of central receipts.,global_trade_through_owned_territory_efficiency=0.03|burghers_estate_max_tax=-0.02|global_pop_assimilation_speed_modifier=0.01|global_burghers_estate_power=0.02,peasants_estate|tribes_estate|burghers_estate,no,P8.1;P11;P13;OCD,secure,Models Roman public law and imperial administration without assuming uniform provincial practice.
roman,antq_s2_roman_coinage_law,coinage,socioeconomic,Roman Imperial Coinage and Standards,"Defines mint authority, accepted standards, weighed media, and seigniorage within the Roman Imperial political sphere.",antq_s2_roman_coinage_central,central,Censorial Official Standard,An official standard increases mint receipts but makes price stability depend on central restraint.,minting_income_factor=0.10|minting_inflation_threshold=-0.01|monthly_towards_centralization=societal_value_minor_monthly_move|global_crown_estate_power=0.02,crown_estate,no,P8.1;P11;P13;OCD,secure,Models Roman public law and imperial administration without assuming uniform provincial practice.
roman,antq_s2_roman_coinage_law,coinage,socioeconomic,Roman Imperial Coinage and Standards,"Defines mint authority, accepted standards, weighed media, and seigniorage within the Roman Imperial political sphere.",antq_s2_roman_coinage_mediated,mediated,Municipal Multiple Civic Issues,Several recognized issues support commerce while sharing monetary authority with urban elites.,minting_income_factor=0.06|global_burghers_estate_power=0.04|global_nobles_estate_power=0.03|global_nobles_estate_power=0.02,burghers_estate|nobles_estate,yes,P8.1;P11;P13;OCD,secure,Models Roman public law and imperial administration without assuming uniform provincial practice.
roman,antq_s2_roman_coinage_law,coinage,socioeconomic,Roman Imperial Coinage and Standards,"Defines mint authority, accepted standards, weighed media, and seigniorage within the Roman Imperial political sphere.",antq_s2_roman_coinage_local,local,Provincial Weighed Exchange,Weighed and customary exchange is flexible but yields less direct mint revenue.,minting_income_factor=0.025|stability_cost_efficiency=0.02|global_pop_assimilation_speed_modifier=0.01|global_burghers_estate_power=0.02,tribes_estate|peasants_estate|burghers_estate,no,P8.1;P11;P13;OCD,secure,Models Roman public law and imperial administration without assuming uniform provincial practice.
roman,antq_s2_roman_courts_law,courts,administrative,Roman Imperial Courts and Petition,"Defines the hearing of disputes, appeals, testimony, and petitions within the Roman Imperial political sphere.",antq_s2_roman_courts_central,central,Censorial Central Appeal,A central appeal improves consistency and state control but increases administrative load.,legislative_efficiency=0.04|country_cabinet_efficiency=-0.015|monthly_towards_centralization=societal_value_minor_monthly_move|global_crown_estate_power=0.02,crown_estate,no,P8.1;P11;P13;OCD,secure,Models Roman public law and imperial administration without assuming uniform provincial practice.
roman,antq_s2_roman_courts_law,courts,administrative,Roman Imperial Courts and Petition,"Defines the hearing of disputes, appeals, testimony, and petitions within the Roman Imperial political sphere.",antq_s2_roman_courts_mediated,mediated,Municipal Collegiate Judgment,Collegiate judgment balances elite interests and lowers the political cost of legislation.,stability_cost_efficiency=0.035|global_nobles_estate_power=0.025|global_nobles_estate_power=0.03|global_nobles_estate_power=0.02,nobles_estate|clergy_estate,yes,P8.1;P11;P13;OCD,secure,Models Roman public law and imperial administration without assuming uniform provincial practice.
roman,antq_s2_roman_courts_law,courts,administrative,Roman Imperial Courts and Petition,"Defines the hearing of disputes, appeals, testimony, and petitions within the Roman Imperial political sphere.",antq_s2_roman_courts_local,local,Provincial Local Composition,Local composition resolves disputes accessibly while limiting uniform precedent.,pop_join_rebel_threshold=-0.015|global_monthly_control=-0.01|global_pop_assimilation_speed_modifier=0.01|global_burghers_estate_power=0.02,peasants_estate|tribes_estate|burghers_estate,no,P8.1;P11;P13;OCD,secure,Models Roman public law and imperial administration without assuming uniform provincial practice.
roman,antq_s2_roman_offices_law,offices,administrative,Roman Imperial Offices and Appointment,"Defines appointment, tenure, replacement, and accountability in public office within the Roman Imperial political sphere.",antq_s2_roman_offices_central,central,Censorial Direct Appointment,Direct appointment makes staffing faster but concentrates office in the ruler's hands.,set_cabinet_member_cost_modifier=-0.10|global_crown_estate_power=0.04|monthly_towards_centralization=societal_value_minor_monthly_move|global_crown_estate_power=0.02,crown_estate,no,P8.1;P11;P13;OCD,secure,Models Roman public law and imperial administration without assuming uniform provincial practice.
roman,antq_s2_roman_offices_law,offices,administrative,Roman Imperial Offices and Appointment,"Defines appointment, tenure, replacement, and accountability in public office within the Roman Imperial political sphere.",antq_s2_roman_offices_mediated,mediated,Municipal Rotating Office,Rotation broadens access and improves deliberation while making replacement less predictable.,country_cabinet_efficiency=0.03|replace_cabinet_member_cost_modifier=-0.05|global_nobles_estate_power=0.03|global_nobles_estate_power=0.02,burghers_estate|tribes_estate|nobles_estate,yes,P8.1;P11;P13;OCD,secure,Models Roman public law and imperial administration without assuming uniform provincial practice.
roman,antq_s2_roman_offices_law,offices,administrative,Roman Imperial Offices and Appointment,"Defines appointment, tenure, replacement, and accountability in public office within the Roman Imperial political sphere.",antq_s2_roman_offices_local,local,Provincial Patron-Nominated Office,Patron nomination secures elite cooperation but makes office-holders costly to dislodge.,replace_cabinet_member_cost_modifier=0.15|global_nobles_estate_power=0.04|global_pop_assimilation_speed_modifier=0.01|global_burghers_estate_power=0.02,nobles_estate|burghers_estate,no,P8.1;P11;P13;OCD,secure,Models Roman public law and imperial administration without assuming uniform provincial practice.
roman,antq_s2_roman_migration_law,migration,administrative,Roman Imperial Migration and Settlement,"Defines the admission, relocation, patronage, and settlement of mobile households within the Roman Imperial political sphere.",antq_s2_roman_migration_central,central,Censorial Directed Settlement,Directed settlement accelerates incorporation and control but privileges central priorities.,global_pop_assimilation_speed_modifier=0.02|global_monthly_control=0.01|monthly_towards_centralization=societal_value_minor_monthly_move|global_crown_estate_power=0.02,crown_estate,no,P8.1;P11;P13;OCD,secure,Models Roman public law and imperial administration without assuming uniform provincial practice.
roman,antq_s2_roman_migration_law,migration,administrative,Roman Imperial Migration and Settlement,"Defines the admission, relocation, patronage, and settlement of mobile households within the Roman Imperial political sphere.",antq_s2_roman_migration_mediated,mediated,Municipal Sponsored Communities,"Recognized communities sponsor newcomers, balancing integration with corporate autonomy.",global_integration_speed_modifier=0.025|global_burghers_estate_power=0.025|global_nobles_estate_power=0.03|global_nobles_estate_power=0.02,burghers_estate|tribes_estate|nobles_estate,yes,P8.1;P11;P13;OCD,secure,Models Roman public law and imperial administration without assuming uniform provincial practice.
roman,antq_s2_roman_migration_law,migration,administrative,Roman Imperial Migration and Settlement,"Defines the admission, relocation, patronage, and settlement of mobile households within the Roman Imperial political sphere.",antq_s2_roman_migration_local,local,Provincial Negotiated Passage,Negotiated passage reduces cultural friction while leaving migration weakly supervised.,tolerance_heathen=1|global_pop_assimilation_speed_modifier=-0.01|global_pop_assimilation_speed_modifier=0.01|global_burghers_estate_power=0.02,peasants_estate|tribes_estate|burghers_estate,no,P8.1;P11;P13;OCD,secure,Models Roman public law and imperial administration without assuming uniform provincial practice.
roman,antq_s2_roman_external_law,external,administrative,"Roman Imperial Envoys, Clients, and External Compacts","Defines envoys, tributary obligations, client rulers, hostages, and negotiated peace within the Roman Imperial political sphere.",antq_s2_roman_external_central,central,Censorial Central Envoys,Central envoys improve diplomatic standing but demand sustained court resources.,diplomatic_reputation=1|country_cabinet_efficiency=-0.01|monthly_towards_centralization=societal_value_minor_monthly_move|global_crown_estate_power=0.02,crown_estate,no,P8.1;P11;P13;OCD,secure,Models Roman public law and imperial administration without assuming uniform provincial practice.
roman,antq_s2_roman_external_law,external,administrative,"Roman Imperial Envoys, Clients, and External Compacts","Defines envoys, tributary obligations, client rulers, hostages, and negotiated peace within the Roman Imperial political sphere.",antq_s2_roman_external_mediated,mediated,Municipal Client Mediation,Client mediation strengthens subordinate loyalty while empowering intermediary rulers.,subject_loyalty=5|global_nobles_estate_power=0.03|global_nobles_estate_power=0.03|global_nobles_estate_power=0.02,nobles_estate|tribes_estate,yes,P8.1;P11;P13;OCD,secure,Models Roman public law and imperial administration without assuming uniform provincial practice.
roman,antq_s2_roman_external_law,external,administrative,"Roman Imperial Envoys, Clients, and External Compacts","Defines envoys, tributary obligations, client rulers, hostages, and negotiated peace within the Roman Imperial political sphere.",antq_s2_roman_external_local,local,Provincial Reciprocal Compacts,Reciprocal compacts broaden diplomatic capacity but bind the center to negotiated obligations.,diplomatic_capacity_modifier=0.05|monthly_towards_outward=societal_value_minor_monthly_move|global_pop_assimilation_speed_modifier=0.01|global_burghers_estate_power=0.02,burghers_estate|tribes_estate,no,P8.1;P11;P13;OCD,secure,Models Roman public law and imperial administration without assuming uniform provincial practice.
han,antq_s2_han_status_law,status,socioeconomic,Western Han Status and Incorporation,Defines who receives protected public standing and how outsiders enter it within the Western Han political sphere.,antq_s2_han_status_central,central,Imperial Secretariat Status Register,A central register defines protected status efficiently but concentrates political authority.,global_integration_speed_modifier=0.06|global_pop_assimilation_speed_modifier=0.01|global_monthly_control=0.02|global_crown_estate_power=0.02,crown_estate,no,P8.3;P11;P13;BHR;CTP-WM,secure,Uses Western Han commandery-county and court institutions without backdating later examination systems.
han,antq_s2_han_status_law,status,socioeconomic,Western Han Status and Incorporation,Defines who receives protected public standing and how outsiders enter it within the Western Han political sphere.,antq_s2_han_status_mediated,mediated,Commandery Graduated Standing,"Recognized communities mediate several grades of status, trading speed for accommodation.",global_integration_speed_modifier=0.03|pop_join_rebel_threshold=-0.01|country_cabinet_efficiency=0.02|global_nobles_estate_power=0.02,nobles_estate|burghers_estate,yes,P8.3;P11;P13;BHR;CTP-WM,secure,Uses Western Han commandery-county and court institutions without backdating later examination systems.
han,antq_s2_han_status_law,status,socioeconomic,Western Han Status and Incorporation,Defines who receives protected public standing and how outsiders enter it within the Western Han political sphere.,antq_s2_han_status_local,local,County Local Admission,"Local bodies admit households flexibly, easing friction while weakening uniform administration.",global_pop_assimilation_speed_modifier=0.025|global_monthly_control=-0.01|peasants_estate_target_satisfaction=tiny_permanent_target_satisfaction|global_peasants_estate_power=0.02,peasants_estate|tribes_estate,no,P8.3;P11;P13;BHR;CTP-WM,secure,Uses Western Han commandery-county and court institutions without backdating later examination systems.
han,antq_s2_han_dependent_labor_law,dependent_labor,socioeconomic,Western Han Dependent Labor and Manumission,"Defines the obligations, sale, protection, and release of dependent laborers within the Western Han political sphere.",antq_s2_han_dependent_labor_central,central,Imperial Secretariat Recorded Obligations,"Officials record dependent obligations and taxable releases, improving oversight at social cost.",peasants_estate_max_tax=0.03|pop_join_rebel_threshold=0.01|global_monthly_control=0.02|global_crown_estate_power=0.02,crown_estate|nobles_estate,no,P8.3;P11;P13;BHR;CTP-WM,secure,Uses Western Han commandery-county and court institutions without backdating later examination systems.
han,antq_s2_han_dependent_labor_law,dependent_labor,socioeconomic,Western Han Dependent Labor and Manumission,"Defines the obligations, sale, protection, and release of dependent laborers within the Western Han political sphere.",antq_s2_han_dependent_labor_mediated,mediated,Commandery Protected Manumission,Protected routes to release improve incorporation while reducing elite extraction.,global_pop_assimilation_speed_modifier=0.02|nobles_estate_max_tax=-0.02|country_cabinet_efficiency=0.02|global_nobles_estate_power=0.02,peasants_estate|burghers_estate|nobles_estate,yes,P8.3;P11;P13;BHR;CTP-WM,secure,Uses Western Han commandery-county and court institutions without backdating later examination systems.
han,antq_s2_han_dependent_labor_law,dependent_labor,socioeconomic,Western Han Dependent Labor and Manumission,"Defines the obligations, sale, protection, and release of dependent laborers within the Western Han political sphere.",antq_s2_han_dependent_labor_local,local,County Household Dependence,"Households regulate dependency locally, lowering provisioning burdens but entrenching private power.",global_pop_food_consumption=-0.01|peasants_estate_max_tax=0.02|peasants_estate_target_satisfaction=tiny_permanent_target_satisfaction|global_peasants_estate_power=0.02,nobles_estate|tribes_estate|peasants_estate,no,P8.3;P11;P13;BHR;CTP-WM,secure,Uses Western Han commandery-county and court institutions without backdating later examination systems.
han,antq_s2_han_revenue_law,revenue,administrative,Western Han Revenue and Assessment,Defines how communities are assessed and how public obligations are collected within the Western Han political sphere.,antq_s2_han_revenue_central,central,Imperial Secretariat Assessed Registers,Regular assessment improves extraction and control but enlarges the central administrative burden.,peasants_estate_max_tax=0.04|global_monthly_control=0.015|global_monthly_control=0.02|global_crown_estate_power=0.02,crown_estate,no,P8.3;P11;P13;BHR;CTP-WM,secure,Uses Western Han commandery-county and court institutions without backdating later examination systems.
han,antq_s2_han_revenue_law,revenue,administrative,Western Han Revenue and Assessment,Defines how communities are assessed and how public obligations are collected within the Western Han political sphere.,antq_s2_han_revenue_mediated,mediated,Commandery Negotiated Quotas,"Councils bargain fixed contributions, supporting legitimacy at the expense of maximum revenue.",burghers_estate_max_tax=0.025|stability_cost_efficiency=0.025|country_cabinet_efficiency=0.02|global_nobles_estate_power=0.02,burghers_estate|nobles_estate,yes,P8.3;P11;P13;BHR;CTP-WM,secure,Uses Western Han commandery-county and court institutions without backdating later examination systems.
han,antq_s2_han_revenue_law,revenue,administrative,Western Han Revenue and Assessment,Defines how communities are assessed and how public obligations are collected within the Western Han political sphere.,antq_s2_han_revenue_local,local,County In-Kind Contributions,"Communities meet obligations in kind, sustaining production while leaving more local discretion.",global_production_efficiency=0.025|monthly_towards_decentralization=societal_value_minor_monthly_move|peasants_estate_target_satisfaction=tiny_permanent_target_satisfaction|global_peasants_estate_power=0.02,peasants_estate|tribes_estate,no,P8.3;P11;P13;BHR;CTP-WM,secure,Uses Western Han commandery-county and court institutions without backdating later examination systems.
han,antq_s2_han_land_law,land,socioeconomic,Western Han Land Tenure and Agrarian Duty,"Defines access to land, agrarian dues, and collective maintenance within the Western Han political sphere.",antq_s2_han_land_central,central,Imperial Secretariat Surveyed Allotments,Surveyed allotments support control and predictable dues but privilege central claims.,global_max_rural_control=0.03|global_monthly_control=0.01|global_monthly_control=0.02|global_crown_estate_power=0.02,crown_estate,no,P8.3;P11;P13;BHR;CTP-WM,secure,Uses Western Han commandery-county and court institutions without backdating later examination systems.
han,antq_s2_han_land_law,land,socioeconomic,Western Han Land Tenure and Agrarian Duty,"Defines access to land, agrarian dues, and collective maintenance within the Western Han political sphere.",antq_s2_han_land_mediated,mediated,Commandery Estate Stewardship,Leading estates organize cultivation efficiently while increasing aristocratic leverage.,global_monthly_food_modifier=0.025|global_nobles_estate_power=0.04|country_cabinet_efficiency=0.02|global_nobles_estate_power=0.02,nobles_estate,yes,P8.3;P11;P13;BHR;CTP-WM,secure,Uses Western Han commandery-county and court institutions without backdating later examination systems.
han,antq_s2_han_land_law,land,socioeconomic,Western Han Land Tenure and Agrarian Duty,"Defines access to land, agrarian dues, and collective maintenance within the Western Han political sphere.",antq_s2_han_land_local,local,County Communal Tenure,Communal tenure protects subsistence and local resilience while limiting direct control.,global_pop_food_consumption=-0.01|global_max_rural_control=-0.02|peasants_estate_target_satisfaction=tiny_permanent_target_satisfaction|global_peasants_estate_power=0.02,peasants_estate|tribes_estate,no,P8.3;P11;P13;BHR;CTP-WM,secure,Uses Western Han commandery-county and court institutions without backdating later examination systems.
han,antq_s2_han_muster_law,muster,military,Western Han Military Service and Muster,"Defines who serves, for how long, and through which public or household obligation within the Western Han political sphere.",antq_s2_han_muster_central,central,Imperial Secretariat Registered Service,Registered service raises dependable forces but increases administrative and social pressure.,global_levy_size_modifier=0.075|global_levy_recruitment_speed_modifier=-0.05|global_monthly_control=0.02|global_crown_estate_power=0.02,crown_estate,no,P8.3;P11;P13;BHR;CTP-WM,secure,Uses Western Han commandery-county and court institutions without backdating later examination systems.
han,antq_s2_han_muster_law,muster,military,Western Han Military Service and Muster,"Defines who serves, for how long, and through which public or household obligation within the Western Han political sphere.",antq_s2_han_muster_mediated,mediated,Commandery Retinue Service,Elite retinues improve cohesion and morale while narrowing the military base.,land_morale_modifier=0.02|global_levy_size_modifier=-0.025|country_cabinet_efficiency=0.02|global_nobles_estate_power=0.02,nobles_estate,yes,P8.3;P11;P13;BHR;CTP-WM,secure,Uses Western Han commandery-county and court institutions without backdating later examination systems.
han,antq_s2_han_muster_law,muster,military,Western Han Military Service and Muster,"Defines who serves, for how long, and through which public or household obligation within the Western Han political sphere.",antq_s2_han_muster_local,local,County Community Muster,A broad seasonal muster supplies numbers quickly but sacrifices some battlefield efficiency.,global_levy_recruitment_speed_modifier=0.10|levy_combat_efficiency_modifier=-0.04|peasants_estate_target_satisfaction=tiny_permanent_target_satisfaction|global_peasants_estate_power=0.02,peasants_estate|tribes_estate,no,P8.3;P11;P13;BHR;CTP-WM,secure,Uses Western Han commandery-county and court institutions without backdating later examination systems.
han,antq_s2_han_local_rule_law,local_rule,administrative,Western Han Local and Provincial Rule,"Defines the balance among central officers, intermediary councils, and local communities within the Western Han political sphere.",antq_s2_han_local_rule_central,central,Imperial Secretariat Appointed Officers,Appointed officers improve coordination and control but strengthen the center.,country_cabinet_efficiency=0.04|global_monthly_control=0.015|global_monthly_control=0.02|global_crown_estate_power=0.02,crown_estate,no,P8.3;P11;P13;BHR;CTP-WM,secure,Uses Western Han commandery-county and court institutions without backdating later examination systems.
han,antq_s2_han_local_rule_law,local_rule,administrative,Western Han Local and Provincial Rule,"Defines the balance among central officers, intermediary councils, and local communities within the Western Han political sphere.",antq_s2_han_local_rule_mediated,mediated,Commandery Mediated Councils,Intermediary councils improve cabinet throughput while preserving negotiated authority.,legislative_efficiency=0.04|stability_cost_efficiency=0.02|country_cabinet_efficiency=0.02|global_nobles_estate_power=0.02,nobles_estate|burghers_estate,yes,P8.3;P11;P13;BHR;CTP-WM,secure,Uses Western Han commandery-county and court institutions without backdating later examination systems.
han,antq_s2_han_local_rule_law,local_rule,administrative,Western Han Local and Provincial Rule,"Defines the balance among central officers, intermediary councils, and local communities within the Western Han political sphere.",antq_s2_han_local_rule_local,local,County Local Custody,Local custody lowers resistance and administrative reach together.,pop_join_rebel_threshold=-0.02|global_max_rural_control=-0.025|peasants_estate_target_satisfaction=tiny_permanent_target_satisfaction|global_peasants_estate_power=0.02,peasants_estate|tribes_estate,no,P8.3;P11;P13;BHR;CTP-WM,secure,Uses Western Han commandery-county and court institutions without backdating later examination systems.
han,antq_s2_han_cult_law,cult,religious,Western Han Public Cult and Ritual Custody,"Defines who maintains public rites, sanctuaries, vows, and tolerated local observances within the Western Han political sphere.",antq_s2_han_cult_central,central,Imperial Secretariat Public Rite,"The central authority sponsors public rites, strengthening religious administration but narrowing plural practice.",global_pop_conversion_speed_modifier=0.08|tolerance_heathen=-1|global_monthly_control=0.02|global_crown_estate_power=0.02,crown_estate|clergy_estate,no,P8.3;P11;P13;BHR;CTP-WM,secure,Uses Western Han commandery-county and court institutions without backdating later examination systems.
han,antq_s2_han_cult_law,cult,religious,Western Han Public Cult and Ritual Custody,"Defines who maintains public rites, sanctuaries, vows, and tolerated local observances within the Western Han political sphere.",antq_s2_han_cult_mediated,mediated,Commandery Collegiate Custody,Recognized colleges and sanctuaries share ritual custody and stabilize elite bargains.,clergy_estate_target_satisfaction=small_permanent_target_satisfaction|stability_cost_efficiency=0.02|country_cabinet_efficiency=0.02|global_nobles_estate_power=0.02,clergy_estate|nobles_estate,yes,P8.3;P11;P13;BHR;CTP-WM,secure,Uses Western Han commandery-county and court institutions without backdating later examination systems.
han,antq_s2_han_cult_law,cult,religious,Western Han Public Cult and Ritual Custody,"Defines who maintains public rites, sanctuaries, vows, and tolerated local observances within the Western Han political sphere.",antq_s2_han_cult_local,local,County Local Observance,Local observance broadens toleration while reducing the reach of an official cult.,tolerance_heathen=1|global_pop_conversion_speed_modifier=-0.05|peasants_estate_target_satisfaction=tiny_permanent_target_satisfaction|global_peasants_estate_power=0.02,tribes_estate|peasants_estate,no,P8.3;P11;P13;BHR;CTP-WM,secure,Uses Western Han commandery-county and court institutions without backdating later examination systems.
han,antq_s2_han_household_law,household,socioeconomic,Western Han Household and Inheritance,"Defines household succession, guardianship, property transmission, and kin obligation within the Western Han political sphere.",antq_s2_han_household_central,central,Imperial Secretariat Recorded Succession,Recorded succession eases state integration but places family affairs under official scrutiny.,global_integration_speed_modifier=0.035|monthly_towards_centralization=societal_value_minor_monthly_move|global_monthly_control=0.02|global_crown_estate_power=0.02,crown_estate,no,P8.3;P11;P13;BHR;CTP-WM,secure,Uses Western Han commandery-county and court institutions without backdating later examination systems.
han,antq_s2_han_household_law,household,socioeconomic,Western Han Household and Inheritance,"Defines household succession, guardianship, property transmission, and kin obligation within the Western Han political sphere.",antq_s2_han_household_mediated,mediated,Commandery Lineage Arbitration,"Lineages arbitrate inheritance disputes, preserving elite consent at a cost to central uniformity.",nobles_estate_target_satisfaction=tiny_permanent_target_satisfaction|global_monthly_control=-0.005|country_cabinet_efficiency=0.02|global_nobles_estate_power=0.02,nobles_estate|tribes_estate,yes,P8.3;P11;P13;BHR;CTP-WM,secure,Uses Western Han commandery-county and court institutions without backdating later examination systems.
han,antq_s2_han_household_law,household,socioeconomic,Western Han Household and Inheritance,"Defines household succession, guardianship, property transmission, and kin obligation within the Western Han political sphere.",antq_s2_han_household_local,local,County Household Custom,Household custom protects local practice and mobility while weakening predictable assessment.,global_pop_assimilation_speed_modifier=0.01|peasants_estate_max_tax=-0.015|peasants_estate_target_satisfaction=tiny_permanent_target_satisfaction|global_peasants_estate_power=0.02,peasants_estate,no,P8.3;P11;P13;BHR;CTP-WM,secure,Uses Western Han commandery-county and court institutions without backdating later examination systems.
han,antq_s2_han_commerce_law,commerce,socioeconomic,Western Han Commerce and Market Conduct,"Defines safe conduct, tolls, market oversight, and the standing of merchants within the Western Han political sphere.",antq_s2_han_commerce_central,central,Imperial Secretariat Public Toll Schedule,Published toll schedules improve route revenue and enforcement but privilege official channels.,global_trade_through_owned_territory_efficiency=0.06|global_monthly_control=0.01|global_monthly_control=0.02|global_crown_estate_power=0.02,crown_estate,no,P8.3;P11;P13;BHR;CTP-WM,secure,Uses Western Han commandery-county and court institutions without backdating later examination systems.
han,antq_s2_han_commerce_law,commerce,socioeconomic,Western Han Commerce and Market Conduct,"Defines safe conduct, tolls, market oversight, and the standing of merchants within the Western Han political sphere.",antq_s2_han_commerce_mediated,mediated,Commandery Merchant Arbitration,Merchant arbitration improves production and exchange while increasing urban political weight.,global_production_efficiency=0.03|global_burghers_estate_power=0.04|country_cabinet_efficiency=0.02|global_nobles_estate_power=0.02,burghers_estate|nobles_estate,yes,P8.3;P11;P13;BHR;CTP-WM,secure,Uses Western Han commandery-county and court institutions without backdating later examination systems.
han,antq_s2_han_commerce_law,commerce,socioeconomic,Western Han Commerce and Market Conduct,"Defines safe conduct, tolls, market oversight, and the standing of merchants within the Western Han political sphere.",antq_s2_han_commerce_local,local,County Open Local Exchange,Open local exchange reduces barriers and strengthens communities at the expense of central receipts.,global_trade_through_owned_territory_efficiency=0.03|burghers_estate_max_tax=-0.02|peasants_estate_target_satisfaction=tiny_permanent_target_satisfaction|global_peasants_estate_power=0.02,peasants_estate|tribes_estate,no,P8.3;P11;P13;BHR;CTP-WM,secure,Uses Western Han commandery-county and court institutions without backdating later examination systems.
han,antq_s2_han_coinage_law,coinage,socioeconomic,Western Han Coinage and Standards,"Defines mint authority, accepted standards, weighed media, and seigniorage within the Western Han political sphere.",antq_s2_han_coinage_central,central,Imperial Secretariat Official Standard,An official standard increases mint receipts but makes price stability depend on central restraint.,minting_income_factor=0.10|minting_inflation_threshold=-0.01|global_monthly_control=0.02|global_crown_estate_power=0.02,crown_estate,no,P8.3;P11;P13;BHR;CTP-WM,secure,Uses Western Han commandery-county and court institutions without backdating later examination systems.
han,antq_s2_han_coinage_law,coinage,socioeconomic,Western Han Coinage and Standards,"Defines mint authority, accepted standards, weighed media, and seigniorage within the Western Han political sphere.",antq_s2_han_coinage_mediated,mediated,Commandery Multiple Civic Issues,Several recognized issues support commerce while sharing monetary authority with urban elites.,minting_income_factor=0.06|global_burghers_estate_power=0.04|country_cabinet_efficiency=0.02|global_nobles_estate_power=0.02,burghers_estate|nobles_estate,yes,P8.3;P11;P13;BHR;CTP-WM,secure,Uses Western Han commandery-county and court institutions without backdating later examination systems.
han,antq_s2_han_coinage_law,coinage,socioeconomic,Western Han Coinage and Standards,"Defines mint authority, accepted standards, weighed media, and seigniorage within the Western Han political sphere.",antq_s2_han_coinage_local,local,County Weighed Exchange,Weighed and customary exchange is flexible but yields less direct mint revenue.,minting_income_factor=0.025|stability_cost_efficiency=0.02|peasants_estate_target_satisfaction=tiny_permanent_target_satisfaction|global_peasants_estate_power=0.02,tribes_estate|peasants_estate,no,P8.3;P11;P13;BHR;CTP-WM,secure,Uses Western Han commandery-county and court institutions without backdating later examination systems.
han,antq_s2_han_courts_law,courts,administrative,Western Han Courts and Petition,"Defines the hearing of disputes, appeals, testimony, and petitions within the Western Han political sphere.",antq_s2_han_courts_central,central,Imperial Secretariat Central Appeal,A central appeal improves consistency and state control but increases administrative load.,legislative_efficiency=0.04|country_cabinet_efficiency=-0.015|global_monthly_control=0.02|global_crown_estate_power=0.02,crown_estate,no,P8.3;P11;P13;BHR;CTP-WM,secure,Uses Western Han commandery-county and court institutions without backdating later examination systems.
han,antq_s2_han_courts_law,courts,administrative,Western Han Courts and Petition,"Defines the hearing of disputes, appeals, testimony, and petitions within the Western Han political sphere.",antq_s2_han_courts_mediated,mediated,Commandery Collegiate Judgment,Collegiate judgment balances elite interests and lowers the political cost of legislation.,stability_cost_efficiency=0.035|global_nobles_estate_power=0.025|country_cabinet_efficiency=0.02|global_nobles_estate_power=0.02,nobles_estate|clergy_estate,yes,P8.3;P11;P13;BHR;CTP-WM,secure,Uses Western Han commandery-county and court institutions without backdating later examination systems.
han,antq_s2_han_courts_law,courts,administrative,Western Han Courts and Petition,"Defines the hearing of disputes, appeals, testimony, and petitions within the Western Han political sphere.",antq_s2_han_courts_local,local,County Local Composition,Local composition resolves disputes accessibly while limiting uniform precedent.,pop_join_rebel_threshold=-0.015|global_monthly_control=-0.01|peasants_estate_target_satisfaction=tiny_permanent_target_satisfaction|global_peasants_estate_power=0.02,peasants_estate|tribes_estate,no,P8.3;P11;P13;BHR;CTP-WM,secure,Uses Western Han commandery-county and court institutions without backdating later examination systems.
han,antq_s2_han_offices_law,offices,administrative,Western Han Offices and Appointment,"Defines appointment, tenure, replacement, and accountability in public office within the Western Han political sphere.",antq_s2_han_offices_central,central,Imperial Secretariat Direct Appointment,Direct appointment makes staffing faster but concentrates office in the ruler's hands.,set_cabinet_member_cost_modifier=-0.10|global_crown_estate_power=0.04|global_monthly_control=0.02|global_crown_estate_power=0.02,crown_estate,no,P8.3;P11;P13;BHR;CTP-WM,secure,Uses Western Han commandery-county and court institutions without backdating later examination systems.
han,antq_s2_han_offices_law,offices,administrative,Western Han Offices and Appointment,"Defines appointment, tenure, replacement, and accountability in public office within the Western Han political sphere.",antq_s2_han_offices_mediated,mediated,Commandery Rotating Office,Rotation broadens access and improves deliberation while making replacement less predictable.,country_cabinet_efficiency=0.03|replace_cabinet_member_cost_modifier=-0.05|country_cabinet_efficiency=0.02|global_nobles_estate_power=0.02,burghers_estate|tribes_estate|nobles_estate,yes,P8.3;P11;P13;BHR;CTP-WM,secure,Uses Western Han commandery-county and court institutions without backdating later examination systems.
han,antq_s2_han_offices_law,offices,administrative,Western Han Offices and Appointment,"Defines appointment, tenure, replacement, and accountability in public office within the Western Han political sphere.",antq_s2_han_offices_local,local,County Patron-Nominated Office,Patron nomination secures elite cooperation but makes office-holders costly to dislodge.,replace_cabinet_member_cost_modifier=0.15|global_nobles_estate_power=0.04|peasants_estate_target_satisfaction=tiny_permanent_target_satisfaction|global_peasants_estate_power=0.02,nobles_estate|peasants_estate,no,P8.3;P11;P13;BHR;CTP-WM,secure,Uses Western Han commandery-county and court institutions without backdating later examination systems.
han,antq_s2_han_migration_law,migration,administrative,Western Han Migration and Settlement,"Defines the admission, relocation, patronage, and settlement of mobile households within the Western Han political sphere.",antq_s2_han_migration_central,central,Imperial Secretariat Directed Settlement,Directed settlement accelerates incorporation and control but privileges central priorities.,global_pop_assimilation_speed_modifier=0.02|global_monthly_control=0.01|global_monthly_control=0.02|global_crown_estate_power=0.02,crown_estate,no,P8.3;P11;P13;BHR;CTP-WM,secure,Uses Western Han commandery-county and court institutions without backdating later examination systems.
han,antq_s2_han_migration_law,migration,administrative,Western Han Migration and Settlement,"Defines the admission, relocation, patronage, and settlement of mobile households within the Western Han political sphere.",antq_s2_han_migration_mediated,mediated,Commandery Sponsored Communities,"Recognized communities sponsor newcomers, balancing integration with corporate autonomy.",global_integration_speed_modifier=0.025|global_burghers_estate_power=0.025|country_cabinet_efficiency=0.02|global_nobles_estate_power=0.02,burghers_estate|tribes_estate|nobles_estate,yes,P8.3;P11;P13;BHR;CTP-WM,secure,Uses Western Han commandery-county and court institutions without backdating later examination systems.
han,antq_s2_han_migration_law,migration,administrative,Western Han Migration and Settlement,"Defines the admission, relocation, patronage, and settlement of mobile households within the Western Han political sphere.",antq_s2_han_migration_local,local,County Negotiated Passage,Negotiated passage reduces cultural friction while leaving migration weakly supervised.,tolerance_heathen=1|global_pop_assimilation_speed_modifier=-0.01|peasants_estate_target_satisfaction=tiny_permanent_target_satisfaction|global_peasants_estate_power=0.02,peasants_estate|tribes_estate,no,P8.3;P11;P13;BHR;CTP-WM,secure,Uses Western Han commandery-county and court institutions without backdating later examination systems.
han,antq_s2_han_external_law,external,administrative,"Western Han Envoys, Clients, and External Compacts","Defines envoys, tributary obligations, client rulers, hostages, and negotiated peace within the Western Han political sphere.",antq_s2_han_external_central,central,Imperial Secretariat Central Envoys,Central envoys improve diplomatic standing but demand sustained court resources.,diplomatic_reputation=1|country_cabinet_efficiency=-0.01|global_monthly_control=0.02|global_crown_estate_power=0.02,crown_estate,no,P8.3;P11;P13;BHR;CTP-WM,secure,Uses Western Han commandery-county and court institutions without backdating later examination systems.
han,antq_s2_han_external_law,external,administrative,"Western Han Envoys, Clients, and External Compacts","Defines envoys, tributary obligations, client rulers, hostages, and negotiated peace within the Western Han political sphere.",antq_s2_han_external_mediated,mediated,Commandery Client Mediation,Client mediation strengthens subordinate loyalty while empowering intermediary rulers.,subject_loyalty=5|global_nobles_estate_power=0.03|country_cabinet_efficiency=0.02|global_nobles_estate_power=0.02,nobles_estate|tribes_estate,yes,P8.3;P11;P13;BHR;CTP-WM,secure,Uses Western Han commandery-county and court institutions without backdating later examination systems.
han,antq_s2_han_external_law,external,administrative,"Western Han Envoys, Clients, and External Compacts","Defines envoys, tributary obligations, client rulers, hostages, and negotiated peace within the Western Han political sphere.",antq_s2_han_external_local,local,County Reciprocal Compacts,Reciprocal compacts broaden diplomatic capacity but bind the center to negotiated obligations.,diplomatic_capacity_modifier=0.05|monthly_towards_outward=societal_value_minor_monthly_move|peasants_estate_target_satisfaction=tiny_permanent_target_satisfaction|global_peasants_estate_power=0.02,burghers_estate|tribes_estate|peasants_estate,no,P8.3;P11;P13;BHR;CTP-WM,secure,Uses Western Han commandery-county and court institutions without backdating later examination systems.
iranian,antq_s2_iranian_status_law,status,socioeconomic,Arsacid-Iranian Status and Incorporation,Defines who receives protected public standing and how outsiders enter it within the Arsacid-Iranian political sphere.,antq_s2_iranian_status_central,central,Royal Domain Status Register,A central register defines protected status efficiently but concentrates political authority.,global_integration_speed_modifier=0.06|global_pop_assimilation_speed_modifier=0.01|global_crown_estate_power=0.03|global_crown_estate_power=0.02,crown_estate,no,P8.2;P11;P13;CAH-XI;OCD,contested,"Represents negotiated Arsacid royal, dynastic, civic, and temple authority rather than one codified Iranian constitution."
iranian,antq_s2_iranian_status_law,status,socioeconomic,Arsacid-Iranian Status and Incorporation,Defines who receives protected public standing and how outsiders enter it within the Arsacid-Iranian political sphere.,antq_s2_iranian_status_mediated,mediated,Great-House Graduated Standing,"Recognized communities mediate several grades of status, trading speed for accommodation.",global_integration_speed_modifier=0.03|pop_join_rebel_threshold=-0.01|global_nobles_estate_power=0.03|global_nobles_estate_power=0.02,nobles_estate|burghers_estate,yes,P8.2;P11;P13;CAH-XI;OCD,contested,"Represents negotiated Arsacid royal, dynastic, civic, and temple authority rather than one codified Iranian constitution."
iranian,antq_s2_iranian_status_law,status,socioeconomic,Arsacid-Iranian Status and Incorporation,Defines who receives protected public standing and how outsiders enter it within the Arsacid-Iranian political sphere.,antq_s2_iranian_status_local,local,Regional Court Local Admission,"Local bodies admit households flexibly, easing friction while weakening uniform administration.",global_pop_assimilation_speed_modifier=0.025|global_monthly_control=-0.01|global_tribes_estate_power=0.03|global_tribes_estate_power=0.02,peasants_estate|tribes_estate,no,P8.2;P11;P13;CAH-XI;OCD,contested,"Represents negotiated Arsacid royal, dynastic, civic, and temple authority rather than one codified Iranian constitution."
iranian,antq_s2_iranian_dependent_labor_law,dependent_labor,socioeconomic,Arsacid-Iranian Dependent Labor and Manumission,"Defines the obligations, sale, protection, and release of dependent laborers within the Arsacid-Iranian political sphere.",antq_s2_iranian_dependent_labor_central,central,Royal Domain Recorded Obligations,"Officials record dependent obligations and taxable releases, improving oversight at social cost.",peasants_estate_max_tax=0.03|pop_join_rebel_threshold=0.01|global_crown_estate_power=0.03|global_crown_estate_power=0.02,crown_estate|nobles_estate,no,P8.2;P11;P13;CAH-XI;OCD,contested,"Represents negotiated Arsacid royal, dynastic, civic, and temple authority rather than one codified Iranian constitution."
iranian,antq_s2_iranian_dependent_labor_law,dependent_labor,socioeconomic,Arsacid-Iranian Dependent Labor and Manumission,"Defines the obligations, sale, protection, and release of dependent laborers within the Arsacid-Iranian political sphere.",antq_s2_iranian_dependent_labor_mediated,mediated,Great-House Protected Manumission,Protected routes to release improve incorporation while reducing elite extraction.,global_pop_assimilation_speed_modifier=0.02|nobles_estate_max_tax=-0.02|global_nobles_estate_power=0.03|global_nobles_estate_power=0.02,peasants_estate|burghers_estate|nobles_estate,yes,P8.2;P11;P13;CAH-XI;OCD,contested,"Represents negotiated Arsacid royal, dynastic, civic, and temple authority rather than one codified Iranian constitution."
iranian,antq_s2_iranian_dependent_labor_law,dependent_labor,socioeconomic,Arsacid-Iranian Dependent Labor and Manumission,"Defines the obligations, sale, protection, and release of dependent laborers within the Arsacid-Iranian political sphere.",antq_s2_iranian_dependent_labor_local,local,Regional Court Household Dependence,"Households regulate dependency locally, lowering provisioning burdens but entrenching private power.",global_pop_food_consumption=-0.01|peasants_estate_max_tax=0.02|global_tribes_estate_power=0.03|global_tribes_estate_power=0.02,nobles_estate|tribes_estate,no,P8.2;P11;P13;CAH-XI;OCD,contested,"Represents negotiated Arsacid royal, dynastic, civic, and temple authority rather than one codified Iranian constitution."
iranian,antq_s2_iranian_revenue_law,revenue,administrative,Arsacid-Iranian Revenue and Assessment,Defines how communities are assessed and how public obligations are collected within the Arsacid-Iranian political sphere.,antq_s2_iranian_revenue_central,central,Royal Domain Assessed Registers,Regular assessment improves extraction and control but enlarges the central administrative burden.,peasants_estate_max_tax=0.04|global_monthly_control=0.015|global_crown_estate_power=0.03|global_crown_estate_power=0.02,crown_estate,no,P8.2;P11;P13;CAH-XI;OCD,contested,"Represents negotiated Arsacid royal, dynastic, civic, and temple authority rather than one codified Iranian constitution."
iranian,antq_s2_iranian_revenue_law,revenue,administrative,Arsacid-Iranian Revenue and Assessment,Defines how communities are assessed and how public obligations are collected within the Arsacid-Iranian political sphere.,antq_s2_iranian_revenue_mediated,mediated,Great-House Negotiated Quotas,"Councils bargain fixed contributions, supporting legitimacy at the expense of maximum revenue.",burghers_estate_max_tax=0.025|stability_cost_efficiency=0.025|global_nobles_estate_power=0.03|global_nobles_estate_power=0.02,burghers_estate|nobles_estate,yes,P8.2;P11;P13;CAH-XI;OCD,contested,"Represents negotiated Arsacid royal, dynastic, civic, and temple authority rather than one codified Iranian constitution."
iranian,antq_s2_iranian_revenue_law,revenue,administrative,Arsacid-Iranian Revenue and Assessment,Defines how communities are assessed and how public obligations are collected within the Arsacid-Iranian political sphere.,antq_s2_iranian_revenue_local,local,Regional Court In-Kind Contributions,"Communities meet obligations in kind, sustaining production while leaving more local discretion.",global_production_efficiency=0.025|monthly_towards_decentralization=societal_value_minor_monthly_move|global_tribes_estate_power=0.03|global_tribes_estate_power=0.02,peasants_estate|tribes_estate,no,P8.2;P11;P13;CAH-XI;OCD,contested,"Represents negotiated Arsacid royal, dynastic, civic, and temple authority rather than one codified Iranian constitution."
iranian,antq_s2_iranian_land_law,land,socioeconomic,Arsacid-Iranian Land Tenure and Agrarian Duty,"Defines access to land, agrarian dues, and collective maintenance within the Arsacid-Iranian political sphere.",antq_s2_iranian_land_central,central,Royal Domain Surveyed Allotments,Surveyed allotments support control and predictable dues but privilege central claims.,global_max_rural_control=0.03|global_monthly_control=0.01|global_crown_estate_power=0.03|global_crown_estate_power=0.02,crown_estate,no,P8.2;P11;P13;CAH-XI;OCD,contested,"Represents negotiated Arsacid royal, dynastic, civic, and temple authority rather than one codified Iranian constitution."
iranian,antq_s2_iranian_land_law,land,socioeconomic,Arsacid-Iranian Land Tenure and Agrarian Duty,"Defines access to land, agrarian dues, and collective maintenance within the Arsacid-Iranian political sphere.",antq_s2_iranian_land_mediated,mediated,Great-House Estate Stewardship,Leading estates organize cultivation efficiently while increasing aristocratic leverage.,global_monthly_food_modifier=0.025|global_nobles_estate_power=0.04|global_nobles_estate_power=0.03|global_nobles_estate_power=0.02,nobles_estate,yes,P8.2;P11;P13;CAH-XI;OCD,contested,"Represents negotiated Arsacid royal, dynastic, civic, and temple authority rather than one codified Iranian constitution."
iranian,antq_s2_iranian_land_law,land,socioeconomic,Arsacid-Iranian Land Tenure and Agrarian Duty,"Defines access to land, agrarian dues, and collective maintenance within the Arsacid-Iranian political sphere.",antq_s2_iranian_land_local,local,Regional Court Communal Tenure,Communal tenure protects subsistence and local resilience while limiting direct control.,global_pop_food_consumption=-0.01|global_max_rural_control=-0.02|global_tribes_estate_power=0.03|global_tribes_estate_power=0.02,peasants_estate|tribes_estate,no,P8.2;P11;P13;CAH-XI;OCD,contested,"Represents negotiated Arsacid royal, dynastic, civic, and temple authority rather than one codified Iranian constitution."
iranian,antq_s2_iranian_muster_law,muster,military,Arsacid-Iranian Military Service and Muster,"Defines who serves, for how long, and through which public or household obligation within the Arsacid-Iranian political sphere.",antq_s2_iranian_muster_central,central,Royal Domain Registered Service,Registered service raises dependable forces but increases administrative and social pressure.,global_levy_size_modifier=0.075|global_levy_recruitment_speed_modifier=-0.05|global_crown_estate_power=0.03|global_crown_estate_power=0.02,crown_estate,no,P8.2;P11;P13;CAH-XI;OCD,contested,"Represents negotiated Arsacid royal, dynastic, civic, and temple authority rather than one codified Iranian constitution."
iranian,antq_s2_iranian_muster_law,muster,military,Arsacid-Iranian Military Service and Muster,"Defines who serves, for how long, and through which public or household obligation within the Arsacid-Iranian political sphere.",antq_s2_iranian_muster_mediated,mediated,Great-House Retinue Service,Elite retinues improve cohesion and morale while narrowing the military base.,land_morale_modifier=0.02|global_levy_size_modifier=-0.025|global_nobles_estate_power=0.03|global_nobles_estate_power=0.02,nobles_estate,yes,P8.2;P11;P13;CAH-XI;OCD,contested,"Represents negotiated Arsacid royal, dynastic, civic, and temple authority rather than one codified Iranian constitution."
iranian,antq_s2_iranian_muster_law,muster,military,Arsacid-Iranian Military Service and Muster,"Defines who serves, for how long, and through which public or household obligation within the Arsacid-Iranian political sphere.",antq_s2_iranian_muster_local,local,Regional Court Community Muster,A broad seasonal muster supplies numbers quickly but sacrifices some battlefield efficiency.,global_levy_recruitment_speed_modifier=0.10|levy_combat_efficiency_modifier=-0.04|global_tribes_estate_power=0.03|global_tribes_estate_power=0.02,peasants_estate|tribes_estate,no,P8.2;P11;P13;CAH-XI;OCD,contested,"Represents negotiated Arsacid royal, dynastic, civic, and temple authority rather than one codified Iranian constitution."
iranian,antq_s2_iranian_local_rule_law,local_rule,administrative,Arsacid-Iranian Local and Provincial Rule,"Defines the balance among central officers, intermediary councils, and local communities within the Arsacid-Iranian political sphere.",antq_s2_iranian_local_rule_central,central,Royal Domain Appointed Officers,Appointed officers improve coordination and control but strengthen the center.,country_cabinet_efficiency=0.04|global_monthly_control=0.015|global_crown_estate_power=0.03|global_crown_estate_power=0.02,crown_estate,no,P8.2;P11;P13;CAH-XI;OCD,contested,"Represents negotiated Arsacid royal, dynastic, civic, and temple authority rather than one codified Iranian constitution."
iranian,antq_s2_iranian_local_rule_law,local_rule,administrative,Arsacid-Iranian Local and Provincial Rule,"Defines the balance among central officers, intermediary councils, and local communities within the Arsacid-Iranian political sphere.",antq_s2_iranian_local_rule_mediated,mediated,Great-House Mediated Councils,Intermediary councils improve cabinet throughput while preserving negotiated authority.,legislative_efficiency=0.04|stability_cost_efficiency=0.02|global_nobles_estate_power=0.03|global_nobles_estate_power=0.02,nobles_estate|burghers_estate,yes,P8.2;P11;P13;CAH-XI;OCD,contested,"Represents negotiated Arsacid royal, dynastic, civic, and temple authority rather than one codified Iranian constitution."
iranian,antq_s2_iranian_local_rule_law,local_rule,administrative,Arsacid-Iranian Local and Provincial Rule,"Defines the balance among central officers, intermediary councils, and local communities within the Arsacid-Iranian political sphere.",antq_s2_iranian_local_rule_local,local,Regional Court Local Custody,Local custody lowers resistance and administrative reach together.,pop_join_rebel_threshold=-0.02|global_max_rural_control=-0.025|global_tribes_estate_power=0.03|global_tribes_estate_power=0.02,peasants_estate|tribes_estate,no,P8.2;P11;P13;CAH-XI;OCD,contested,"Represents negotiated Arsacid royal, dynastic, civic, and temple authority rather than one codified Iranian constitution."
iranian,antq_s2_iranian_cult_law,cult,religious,Arsacid-Iranian Public Cult and Ritual Custody,"Defines who maintains public rites, sanctuaries, vows, and tolerated local observances within the Arsacid-Iranian political sphere.",antq_s2_iranian_cult_central,central,Royal Domain Public Rite,"The central authority sponsors public rites, strengthening religious administration but narrowing plural practice.",global_pop_conversion_speed_modifier=0.08|tolerance_heathen=-1|global_crown_estate_power=0.03|global_crown_estate_power=0.02,crown_estate|clergy_estate,no,P8.2;P11;P13;CAH-XI;OCD,contested,"Represents negotiated Arsacid royal, dynastic, civic, and temple authority rather than one codified Iranian constitution."
iranian,antq_s2_iranian_cult_law,cult,religious,Arsacid-Iranian Public Cult and Ritual Custody,"Defines who maintains public rites, sanctuaries, vows, and tolerated local observances within the Arsacid-Iranian political sphere.",antq_s2_iranian_cult_mediated,mediated,Great-House Collegiate Custody,Recognized colleges and sanctuaries share ritual custody and stabilize elite bargains.,clergy_estate_target_satisfaction=small_permanent_target_satisfaction|stability_cost_efficiency=0.02|global_nobles_estate_power=0.03|global_nobles_estate_power=0.02,clergy_estate|nobles_estate,yes,P8.2;P11;P13;CAH-XI;OCD,contested,"Represents negotiated Arsacid royal, dynastic, civic, and temple authority rather than one codified Iranian constitution."
iranian,antq_s2_iranian_cult_law,cult,religious,Arsacid-Iranian Public Cult and Ritual Custody,"Defines who maintains public rites, sanctuaries, vows, and tolerated local observances within the Arsacid-Iranian political sphere.",antq_s2_iranian_cult_local,local,Regional Court Local Observance,Local observance broadens toleration while reducing the reach of an official cult.,tolerance_heathen=1|global_pop_conversion_speed_modifier=-0.05|global_tribes_estate_power=0.03|global_tribes_estate_power=0.02,tribes_estate|peasants_estate,no,P8.2;P11;P13;CAH-XI;OCD,contested,"Represents negotiated Arsacid royal, dynastic, civic, and temple authority rather than one codified Iranian constitution."
iranian,antq_s2_iranian_household_law,household,socioeconomic,Arsacid-Iranian Household and Inheritance,"Defines household succession, guardianship, property transmission, and kin obligation within the Arsacid-Iranian political sphere.",antq_s2_iranian_household_central,central,Royal Domain Recorded Succession,Recorded succession eases state integration but places family affairs under official scrutiny.,global_integration_speed_modifier=0.035|monthly_towards_centralization=societal_value_minor_monthly_move|global_crown_estate_power=0.03|global_crown_estate_power=0.02,crown_estate,no,P8.2;P11;P13;CAH-XI;OCD,contested,"Represents negotiated Arsacid royal, dynastic, civic, and temple authority rather than one codified Iranian constitution."
iranian,antq_s2_iranian_household_law,household,socioeconomic,Arsacid-Iranian Household and Inheritance,"Defines household succession, guardianship, property transmission, and kin obligation within the Arsacid-Iranian political sphere.",antq_s2_iranian_household_mediated,mediated,Great-House Lineage Arbitration,"Lineages arbitrate inheritance disputes, preserving elite consent at a cost to central uniformity.",nobles_estate_target_satisfaction=tiny_permanent_target_satisfaction|global_monthly_control=-0.005|global_nobles_estate_power=0.03|global_nobles_estate_power=0.02,nobles_estate|tribes_estate,yes,P8.2;P11;P13;CAH-XI;OCD,contested,"Represents negotiated Arsacid royal, dynastic, civic, and temple authority rather than one codified Iranian constitution."
iranian,antq_s2_iranian_household_law,household,socioeconomic,Arsacid-Iranian Household and Inheritance,"Defines household succession, guardianship, property transmission, and kin obligation within the Arsacid-Iranian political sphere.",antq_s2_iranian_household_local,local,Regional Court Household Custom,Household custom protects local practice and mobility while weakening predictable assessment.,global_pop_assimilation_speed_modifier=0.01|peasants_estate_max_tax=-0.015|global_tribes_estate_power=0.03|global_tribes_estate_power=0.02,peasants_estate|tribes_estate,no,P8.2;P11;P13;CAH-XI;OCD,contested,"Represents negotiated Arsacid royal, dynastic, civic, and temple authority rather than one codified Iranian constitution."
iranian,antq_s2_iranian_commerce_law,commerce,socioeconomic,Arsacid-Iranian Commerce and Market Conduct,"Defines safe conduct, tolls, market oversight, and the standing of merchants within the Arsacid-Iranian political sphere.",antq_s2_iranian_commerce_central,central,Royal Domain Public Toll Schedule,Published toll schedules improve route revenue and enforcement but privilege official channels.,global_trade_through_owned_territory_efficiency=0.06|global_monthly_control=0.01|global_crown_estate_power=0.03|global_crown_estate_power=0.02,crown_estate,no,P8.2;P11;P13;CAH-XI;OCD,contested,"Represents negotiated Arsacid royal, dynastic, civic, and temple authority rather than one codified Iranian constitution."
iranian,antq_s2_iranian_commerce_law,commerce,socioeconomic,Arsacid-Iranian Commerce and Market Conduct,"Defines safe conduct, tolls, market oversight, and the standing of merchants within the Arsacid-Iranian political sphere.",antq_s2_iranian_commerce_mediated,mediated,Great-House Merchant Arbitration,Merchant arbitration improves production and exchange while increasing urban political weight.,global_production_efficiency=0.03|global_burghers_estate_power=0.04|global_nobles_estate_power=0.03|global_nobles_estate_power=0.02,burghers_estate|nobles_estate,yes,P8.2;P11;P13;CAH-XI;OCD,contested,"Represents negotiated Arsacid royal, dynastic, civic, and temple authority rather than one codified Iranian constitution."
iranian,antq_s2_iranian_commerce_law,commerce,socioeconomic,Arsacid-Iranian Commerce and Market Conduct,"Defines safe conduct, tolls, market oversight, and the standing of merchants within the Arsacid-Iranian political sphere.",antq_s2_iranian_commerce_local,local,Regional Court Open Local Exchange,Open local exchange reduces barriers and strengthens communities at the expense of central receipts.,global_trade_through_owned_territory_efficiency=0.03|burghers_estate_max_tax=-0.02|global_tribes_estate_power=0.03|global_tribes_estate_power=0.02,peasants_estate|tribes_estate,no,P8.2;P11;P13;CAH-XI;OCD,contested,"Represents negotiated Arsacid royal, dynastic, civic, and temple authority rather than one codified Iranian constitution."
iranian,antq_s2_iranian_coinage_law,coinage,socioeconomic,Arsacid-Iranian Coinage and Standards,"Defines mint authority, accepted standards, weighed media, and seigniorage within the Arsacid-Iranian political sphere.",antq_s2_iranian_coinage_central,central,Royal Domain Official Standard,An official standard increases mint receipts but makes price stability depend on central restraint.,minting_income_factor=0.10|minting_inflation_threshold=-0.01|global_crown_estate_power=0.03|global_crown_estate_power=0.02,crown_estate,no,P8.2;P11;P13;CAH-XI;OCD,contested,"Represents negotiated Arsacid royal, dynastic, civic, and temple authority rather than one codified Iranian constitution."
iranian,antq_s2_iranian_coinage_law,coinage,socioeconomic,Arsacid-Iranian Coinage and Standards,"Defines mint authority, accepted standards, weighed media, and seigniorage within the Arsacid-Iranian political sphere.",antq_s2_iranian_coinage_mediated,mediated,Great-House Multiple Civic Issues,Several recognized issues support commerce while sharing monetary authority with urban elites.,minting_income_factor=0.06|global_burghers_estate_power=0.04|global_nobles_estate_power=0.03|global_nobles_estate_power=0.02,burghers_estate|nobles_estate,yes,P8.2;P11;P13;CAH-XI;OCD,contested,"Represents negotiated Arsacid royal, dynastic, civic, and temple authority rather than one codified Iranian constitution."
iranian,antq_s2_iranian_coinage_law,coinage,socioeconomic,Arsacid-Iranian Coinage and Standards,"Defines mint authority, accepted standards, weighed media, and seigniorage within the Arsacid-Iranian political sphere.",antq_s2_iranian_coinage_local,local,Regional Court Weighed Exchange,Weighed and customary exchange is flexible but yields less direct mint revenue.,minting_income_factor=0.025|stability_cost_efficiency=0.02|global_tribes_estate_power=0.03|global_tribes_estate_power=0.02,tribes_estate|peasants_estate,no,P8.2;P11;P13;CAH-XI;OCD,contested,"Represents negotiated Arsacid royal, dynastic, civic, and temple authority rather than one codified Iranian constitution."
iranian,antq_s2_iranian_courts_law,courts,administrative,Arsacid-Iranian Courts and Petition,"Defines the hearing of disputes, appeals, testimony, and petitions within the Arsacid-Iranian political sphere.",antq_s2_iranian_courts_central,central,Royal Domain Central Appeal,A central appeal improves consistency and state control but increases administrative load.,legislative_efficiency=0.04|country_cabinet_efficiency=-0.015|global_crown_estate_power=0.03|global_crown_estate_power=0.02,crown_estate,no,P8.2;P11;P13;CAH-XI;OCD,contested,"Represents negotiated Arsacid royal, dynastic, civic, and temple authority rather than one codified Iranian constitution."
iranian,antq_s2_iranian_courts_law,courts,administrative,Arsacid-Iranian Courts and Petition,"Defines the hearing of disputes, appeals, testimony, and petitions within the Arsacid-Iranian political sphere.",antq_s2_iranian_courts_mediated,mediated,Great-House Collegiate Judgment,Collegiate judgment balances elite interests and lowers the political cost of legislation.,stability_cost_efficiency=0.035|global_nobles_estate_power=0.025|global_nobles_estate_power=0.03|global_nobles_estate_power=0.02,nobles_estate|clergy_estate,yes,P8.2;P11;P13;CAH-XI;OCD,contested,"Represents negotiated Arsacid royal, dynastic, civic, and temple authority rather than one codified Iranian constitution."
iranian,antq_s2_iranian_courts_law,courts,administrative,Arsacid-Iranian Courts and Petition,"Defines the hearing of disputes, appeals, testimony, and petitions within the Arsacid-Iranian political sphere.",antq_s2_iranian_courts_local,local,Regional Court Local Composition,Local composition resolves disputes accessibly while limiting uniform precedent.,pop_join_rebel_threshold=-0.015|global_monthly_control=-0.01|global_tribes_estate_power=0.03|global_tribes_estate_power=0.02,peasants_estate|tribes_estate,no,P8.2;P11;P13;CAH-XI;OCD,contested,"Represents negotiated Arsacid royal, dynastic, civic, and temple authority rather than one codified Iranian constitution."
iranian,antq_s2_iranian_offices_law,offices,administrative,Arsacid-Iranian Offices and Appointment,"Defines appointment, tenure, replacement, and accountability in public office within the Arsacid-Iranian political sphere.",antq_s2_iranian_offices_central,central,Royal Domain Direct Appointment,Direct appointment makes staffing faster but concentrates office in the ruler's hands.,set_cabinet_member_cost_modifier=-0.10|global_crown_estate_power=0.04|global_crown_estate_power=0.03|global_crown_estate_power=0.02,crown_estate,no,P8.2;P11;P13;CAH-XI;OCD,contested,"Represents negotiated Arsacid royal, dynastic, civic, and temple authority rather than one codified Iranian constitution."
iranian,antq_s2_iranian_offices_law,offices,administrative,Arsacid-Iranian Offices and Appointment,"Defines appointment, tenure, replacement, and accountability in public office within the Arsacid-Iranian political sphere.",antq_s2_iranian_offices_mediated,mediated,Great-House Rotating Office,Rotation broadens access and improves deliberation while making replacement less predictable.,country_cabinet_efficiency=0.03|replace_cabinet_member_cost_modifier=-0.05|global_nobles_estate_power=0.03|global_nobles_estate_power=0.02,burghers_estate|tribes_estate|nobles_estate,yes,P8.2;P11;P13;CAH-XI;OCD,contested,"Represents negotiated Arsacid royal, dynastic, civic, and temple authority rather than one codified Iranian constitution."
iranian,antq_s2_iranian_offices_law,offices,administrative,Arsacid-Iranian Offices and Appointment,"Defines appointment, tenure, replacement, and accountability in public office within the Arsacid-Iranian political sphere.",antq_s2_iranian_offices_local,local,Regional Court Patron-Nominated Office,Patron nomination secures elite cooperation but makes office-holders costly to dislodge.,replace_cabinet_member_cost_modifier=0.15|global_nobles_estate_power=0.04|global_tribes_estate_power=0.03|global_tribes_estate_power=0.02,nobles_estate|tribes_estate,no,P8.2;P11;P13;CAH-XI;OCD,contested,"Represents negotiated Arsacid royal, dynastic, civic, and temple authority rather than one codified Iranian constitution."
iranian,antq_s2_iranian_migration_law,migration,administrative,Arsacid-Iranian Migration and Settlement,"Defines the admission, relocation, patronage, and settlement of mobile households within the Arsacid-Iranian political sphere.",antq_s2_iranian_migration_central,central,Royal Domain Directed Settlement,Directed settlement accelerates incorporation and control but privileges central priorities.,global_pop_assimilation_speed_modifier=0.02|global_monthly_control=0.01|global_crown_estate_power=0.03|global_crown_estate_power=0.02,crown_estate,no,P8.2;P11;P13;CAH-XI;OCD,contested,"Represents negotiated Arsacid royal, dynastic, civic, and temple authority rather than one codified Iranian constitution."
iranian,antq_s2_iranian_migration_law,migration,administrative,Arsacid-Iranian Migration and Settlement,"Defines the admission, relocation, patronage, and settlement of mobile households within the Arsacid-Iranian political sphere.",antq_s2_iranian_migration_mediated,mediated,Great-House Sponsored Communities,"Recognized communities sponsor newcomers, balancing integration with corporate autonomy.",global_integration_speed_modifier=0.025|global_burghers_estate_power=0.025|global_nobles_estate_power=0.03|global_nobles_estate_power=0.02,burghers_estate|tribes_estate|nobles_estate,yes,P8.2;P11;P13;CAH-XI;OCD,contested,"Represents negotiated Arsacid royal, dynastic, civic, and temple authority rather than one codified Iranian constitution."
iranian,antq_s2_iranian_migration_law,migration,administrative,Arsacid-Iranian Migration and Settlement,"Defines the admission, relocation, patronage, and settlement of mobile households within the Arsacid-Iranian political sphere.",antq_s2_iranian_migration_local,local,Regional Court Negotiated Passage,Negotiated passage reduces cultural friction while leaving migration weakly supervised.,tolerance_heathen=1|global_pop_assimilation_speed_modifier=-0.01|global_tribes_estate_power=0.03|global_tribes_estate_power=0.02,peasants_estate|tribes_estate,no,P8.2;P11;P13;CAH-XI;OCD,contested,"Represents negotiated Arsacid royal, dynastic, civic, and temple authority rather than one codified Iranian constitution."
iranian,antq_s2_iranian_external_law,external,administrative,"Arsacid-Iranian Envoys, Clients, and External Compacts","Defines envoys, tributary obligations, client rulers, hostages, and negotiated peace within the Arsacid-Iranian political sphere.",antq_s2_iranian_external_central,central,Royal Domain Central Envoys,Central envoys improve diplomatic standing but demand sustained court resources.,diplomatic_reputation=1|country_cabinet_efficiency=-0.01|global_crown_estate_power=0.03|global_crown_estate_power=0.02,crown_estate,no,P8.2;P11;P13;CAH-XI;OCD,contested,"Represents negotiated Arsacid royal, dynastic, civic, and temple authority rather than one codified Iranian constitution."
iranian,antq_s2_iranian_external_law,external,administrative,"Arsacid-Iranian Envoys, Clients, and External Compacts","Defines envoys, tributary obligations, client rulers, hostages, and negotiated peace within the Arsacid-Iranian political sphere.",antq_s2_iranian_external_mediated,mediated,Great-House Client Mediation,Client mediation strengthens subordinate loyalty while empowering intermediary rulers.,subject_loyalty=5|global_nobles_estate_power=0.03|global_nobles_estate_power=0.03|global_nobles_estate_power=0.02,nobles_estate|tribes_estate,yes,P8.2;P11;P13;CAH-XI;OCD,contested,"Represents negotiated Arsacid royal, dynastic, civic, and temple authority rather than one codified Iranian constitution."
iranian,antq_s2_iranian_external_law,external,administrative,"Arsacid-Iranian Envoys, Clients, and External Compacts","Defines envoys, tributary obligations, client rulers, hostages, and negotiated peace within the Arsacid-Iranian political sphere.",antq_s2_iranian_external_local,local,Regional Court Reciprocal Compacts,Reciprocal compacts broaden diplomatic capacity but bind the center to negotiated obligations.,diplomatic_capacity_modifier=0.05|monthly_towards_outward=societal_value_minor_monthly_move|global_tribes_estate_power=0.03|global_tribes_estate_power=0.02,burghers_estate|tribes_estate,no,P8.2;P11;P13;CAH-XI;OCD,contested,"Represents negotiated Arsacid royal, dynastic, civic, and temple authority rather than one codified Iranian constitution."
hellenistic,antq_s2_hellenistic_status_law,status,socioeconomic,Eastern Mediterranean Civic-Royal Status and Incorporation,Defines who receives protected public standing and how outsiders enter it within the Eastern Mediterranean Civic-Royal political sphere.,antq_s2_hellenistic_status_central,central,Royal Chancery Status Register,A central register defines protected status efficiently but concentrates political authority.,global_integration_speed_modifier=0.06|global_pop_assimilation_speed_modifier=0.01|global_crown_estate_power=0.03|global_crown_estate_power=0.02,crown_estate,no,P8.1;P8.4;P11;P13;OCD,contested,"Provides a bounded civic-royal adapter while preserving local differences among poleis, leagues, client courts, and temple cities."
hellenistic,antq_s2_hellenistic_status_law,status,socioeconomic,Eastern Mediterranean Civic-Royal Status and Incorporation,Defines who receives protected public standing and how outsiders enter it within the Eastern Mediterranean Civic-Royal political sphere.,antq_s2_hellenistic_status_mediated,mediated,Civic Council Graduated Standing,"Recognized communities mediate several grades of status, trading speed for accommodation.",global_integration_speed_modifier=0.03|pop_join_rebel_threshold=-0.01|global_burghers_estate_power=0.03|global_burghers_estate_power=0.02,nobles_estate|burghers_estate,yes,P8.1;P8.4;P11;P13;OCD,contested,"Provides a bounded civic-royal adapter while preserving local differences among poleis, leagues, client courts, and temple cities."
hellenistic,antq_s2_hellenistic_status_law,status,socioeconomic,Eastern Mediterranean Civic-Royal Status and Incorporation,Defines who receives protected public standing and how outsiders enter it within the Eastern Mediterranean Civic-Royal political sphere.,antq_s2_hellenistic_status_local,local,Local Magistracy Local Admission,"Local bodies admit households flexibly, easing friction while weakening uniform administration.",global_pop_assimilation_speed_modifier=0.025|global_monthly_control=-0.01|global_nobles_estate_power=0.03|global_nobles_estate_power=0.02,peasants_estate|tribes_estate|nobles_estate,no,P8.1;P8.4;P11;P13;OCD,contested,"Provides a bounded civic-royal adapter while preserving local differences among poleis, leagues, client courts, and temple cities."
hellenistic,antq_s2_hellenistic_dependent_labor_law,dependent_labor,socioeconomic,Eastern Mediterranean Civic-Royal Dependent Labor and Manumission,"Defines the obligations, sale, protection, and release of dependent laborers within the Eastern Mediterranean Civic-Royal political sphere.",antq_s2_hellenistic_dependent_labor_central,central,Royal Chancery Recorded Obligations,"Officials record dependent obligations and taxable releases, improving oversight at social cost.",peasants_estate_max_tax=0.03|pop_join_rebel_threshold=0.01|global_crown_estate_power=0.03|global_crown_estate_power=0.02,crown_estate|nobles_estate,no,P8.1;P8.4;P11;P13;OCD,contested,"Provides a bounded civic-royal adapter while preserving local differences among poleis, leagues, client courts, and temple cities."
hellenistic,antq_s2_hellenistic_dependent_labor_law,dependent_labor,socioeconomic,Eastern Mediterranean Civic-Royal Dependent Labor and Manumission,"Defines the obligations, sale, protection, and release of dependent laborers within the Eastern Mediterranean Civic-Royal political sphere.",antq_s2_hellenistic_dependent_labor_mediated,mediated,Civic Council Protected Manumission,Protected routes to release improve incorporation while reducing elite extraction.,global_pop_assimilation_speed_modifier=0.02|nobles_estate_max_tax=-0.02|global_burghers_estate_power=0.03|global_burghers_estate_power=0.02,peasants_estate|burghers_estate,yes,P8.1;P8.4;P11;P13;OCD,contested,"Provides a bounded civic-royal adapter while preserving local differences among poleis, leagues, client courts, and temple cities."
hellenistic,antq_s2_hellenistic_dependent_labor_law,dependent_labor,socioeconomic,Eastern Mediterranean Civic-Royal Dependent Labor and Manumission,"Defines the obligations, sale, protection, and release of dependent laborers within the Eastern Mediterranean Civic-Royal political sphere.",antq_s2_hellenistic_dependent_labor_local,local,Local Magistracy Household Dependence,"Households regulate dependency locally, lowering provisioning burdens but entrenching private power.",global_pop_food_consumption=-0.01|peasants_estate_max_tax=0.02|global_nobles_estate_power=0.03|global_nobles_estate_power=0.02,nobles_estate|tribes_estate,no,P8.1;P8.4;P11;P13;OCD,contested,"Provides a bounded civic-royal adapter while preserving local differences among poleis, leagues, client courts, and temple cities."
hellenistic,antq_s2_hellenistic_revenue_law,revenue,administrative,Eastern Mediterranean Civic-Royal Revenue and Assessment,Defines how communities are assessed and how public obligations are collected within the Eastern Mediterranean Civic-Royal political sphere.,antq_s2_hellenistic_revenue_central,central,Royal Chancery Assessed Registers,Regular assessment improves extraction and control but enlarges the central administrative burden.,peasants_estate_max_tax=0.04|global_monthly_control=0.015|global_crown_estate_power=0.03|global_crown_estate_power=0.02,crown_estate,no,P8.1;P8.4;P11;P13;OCD,contested,"Provides a bounded civic-royal adapter while preserving local differences among poleis, leagues, client courts, and temple cities."
hellenistic,antq_s2_hellenistic_revenue_law,revenue,administrative,Eastern Mediterranean Civic-Royal Revenue and Assessment,Defines how communities are assessed and how public obligations are collected within the Eastern Mediterranean Civic-Royal political sphere.,antq_s2_hellenistic_revenue_mediated,mediated,Civic Council Negotiated Quotas,"Councils bargain fixed contributions, supporting legitimacy at the expense of maximum revenue.",burghers_estate_max_tax=0.025|stability_cost_efficiency=0.025|global_burghers_estate_power=0.03|global_burghers_estate_power=0.02,burghers_estate|nobles_estate,yes,P8.1;P8.4;P11;P13;OCD,contested,"Provides a bounded civic-royal adapter while preserving local differences among poleis, leagues, client courts, and temple cities."
hellenistic,antq_s2_hellenistic_revenue_law,revenue,administrative,Eastern Mediterranean Civic-Royal Revenue and Assessment,Defines how communities are assessed and how public obligations are collected within the Eastern Mediterranean Civic-Royal political sphere.,antq_s2_hellenistic_revenue_local,local,Local Magistracy In-Kind Contributions,"Communities meet obligations in kind, sustaining production while leaving more local discretion.",global_production_efficiency=0.025|monthly_towards_decentralization=societal_value_minor_monthly_move|global_nobles_estate_power=0.03|global_nobles_estate_power=0.02,peasants_estate|tribes_estate|nobles_estate,no,P8.1;P8.4;P11;P13;OCD,contested,"Provides a bounded civic-royal adapter while preserving local differences among poleis, leagues, client courts, and temple cities."
hellenistic,antq_s2_hellenistic_land_law,land,socioeconomic,Eastern Mediterranean Civic-Royal Land Tenure and Agrarian Duty,"Defines access to land, agrarian dues, and collective maintenance within the Eastern Mediterranean Civic-Royal political sphere.",antq_s2_hellenistic_land_central,central,Royal Chancery Surveyed Allotments,Surveyed allotments support control and predictable dues but privilege central claims.,global_max_rural_control=0.03|global_monthly_control=0.01|global_crown_estate_power=0.03|global_crown_estate_power=0.02,crown_estate,no,P8.1;P8.4;P11;P13;OCD,contested,"Provides a bounded civic-royal adapter while preserving local differences among poleis, leagues, client courts, and temple cities."
hellenistic,antq_s2_hellenistic_land_law,land,socioeconomic,Eastern Mediterranean Civic-Royal Land Tenure and Agrarian Duty,"Defines access to land, agrarian dues, and collective maintenance within the Eastern Mediterranean Civic-Royal political sphere.",antq_s2_hellenistic_land_mediated,mediated,Civic Council Estate Stewardship,Leading estates organize cultivation efficiently while increasing aristocratic leverage.,global_monthly_food_modifier=0.025|global_nobles_estate_power=0.04|global_burghers_estate_power=0.03|global_burghers_estate_power=0.02,nobles_estate|burghers_estate,yes,P8.1;P8.4;P11;P13;OCD,contested,"Provides a bounded civic-royal adapter while preserving local differences among poleis, leagues, client courts, and temple cities."
hellenistic,antq_s2_hellenistic_land_law,land,socioeconomic,Eastern Mediterranean Civic-Royal Land Tenure and Agrarian Duty,"Defines access to land, agrarian dues, and collective maintenance within the Eastern Mediterranean Civic-Royal political sphere.",antq_s2_hellenistic_land_local,local,Local Magistracy Communal Tenure,Communal tenure protects subsistence and local resilience while limiting direct control.,global_pop_food_consumption=-0.01|global_max_rural_control=-0.02|global_nobles_estate_power=0.03|global_nobles_estate_power=0.02,peasants_estate|tribes_estate|nobles_estate,no,P8.1;P8.4;P11;P13;OCD,contested,"Provides a bounded civic-royal adapter while preserving local differences among poleis, leagues, client courts, and temple cities."
hellenistic,antq_s2_hellenistic_muster_law,muster,military,Eastern Mediterranean Civic-Royal Military Service and Muster,"Defines who serves, for how long, and through which public or household obligation within the Eastern Mediterranean Civic-Royal political sphere.",antq_s2_hellenistic_muster_central,central,Royal Chancery Registered Service,Registered service raises dependable forces but increases administrative and social pressure.,global_levy_size_modifier=0.075|global_levy_recruitment_speed_modifier=-0.05|global_crown_estate_power=0.03|global_crown_estate_power=0.02,crown_estate,no,P8.1;P8.4;P11;P13;OCD,contested,"Provides a bounded civic-royal adapter while preserving local differences among poleis, leagues, client courts, and temple cities."
hellenistic,antq_s2_hellenistic_muster_law,muster,military,Eastern Mediterranean Civic-Royal Military Service and Muster,"Defines who serves, for how long, and through which public or household obligation within the Eastern Mediterranean Civic-Royal political sphere.",antq_s2_hellenistic_muster_mediated,mediated,Civic Council Retinue Service,Elite retinues improve cohesion and morale while narrowing the military base.,land_morale_modifier=0.02|global_levy_size_modifier=-0.025|global_burghers_estate_power=0.03|global_burghers_estate_power=0.02,nobles_estate|burghers_estate,yes,P8.1;P8.4;P11;P13;OCD,contested,"Provides a bounded civic-royal adapter while preserving local differences among poleis, leagues, client courts, and temple cities."
hellenistic,antq_s2_hellenistic_muster_law,muster,military,Eastern Mediterranean Civic-Royal Military Service and Muster,"Defines who serves, for how long, and through which public or household obligation within the Eastern Mediterranean Civic-Royal political sphere.",antq_s2_hellenistic_muster_local,local,Local Magistracy Community Muster,A broad seasonal muster supplies numbers quickly but sacrifices some battlefield efficiency.,global_levy_recruitment_speed_modifier=0.10|levy_combat_efficiency_modifier=-0.04|global_nobles_estate_power=0.03|global_nobles_estate_power=0.02,peasants_estate|tribes_estate|nobles_estate,no,P8.1;P8.4;P11;P13;OCD,contested,"Provides a bounded civic-royal adapter while preserving local differences among poleis, leagues, client courts, and temple cities."
hellenistic,antq_s2_hellenistic_local_rule_law,local_rule,administrative,Eastern Mediterranean Civic-Royal Local and Provincial Rule,"Defines the balance among central officers, intermediary councils, and local communities within the Eastern Mediterranean Civic-Royal political sphere.",antq_s2_hellenistic_local_rule_central,central,Royal Chancery Appointed Officers,Appointed officers improve coordination and control but strengthen the center.,country_cabinet_efficiency=0.04|global_monthly_control=0.015|global_crown_estate_power=0.03|global_crown_estate_power=0.02,crown_estate,no,P8.1;P8.4;P11;P13;OCD,contested,"Provides a bounded civic-royal adapter while preserving local differences among poleis, leagues, client courts, and temple cities."
hellenistic,antq_s2_hellenistic_local_rule_law,local_rule,administrative,Eastern Mediterranean Civic-Royal Local and Provincial Rule,"Defines the balance among central officers, intermediary councils, and local communities within the Eastern Mediterranean Civic-Royal political sphere.",antq_s2_hellenistic_local_rule_mediated,mediated,Civic Council Mediated Councils,Intermediary councils improve cabinet throughput while preserving negotiated authority.,legislative_efficiency=0.04|stability_cost_efficiency=0.02|global_burghers_estate_power=0.03|global_burghers_estate_power=0.02,nobles_estate|burghers_estate,yes,P8.1;P8.4;P11;P13;OCD,contested,"Provides a bounded civic-royal adapter while preserving local differences among poleis, leagues, client courts, and temple cities."
hellenistic,antq_s2_hellenistic_local_rule_law,local_rule,administrative,Eastern Mediterranean Civic-Royal Local and Provincial Rule,"Defines the balance among central officers, intermediary councils, and local communities within the Eastern Mediterranean Civic-Royal political sphere.",antq_s2_hellenistic_local_rule_local,local,Local Magistracy Local Custody,Local custody lowers resistance and administrative reach together.,pop_join_rebel_threshold=-0.02|global_max_rural_control=-0.025|global_nobles_estate_power=0.03|global_nobles_estate_power=0.02,peasants_estate|tribes_estate|nobles_estate,no,P8.1;P8.4;P11;P13;OCD,contested,"Provides a bounded civic-royal adapter while preserving local differences among poleis, leagues, client courts, and temple cities."
hellenistic,antq_s2_hellenistic_cult_law,cult,religious,Eastern Mediterranean Civic-Royal Public Cult and Ritual Custody,"Defines who maintains public rites, sanctuaries, vows, and tolerated local observances within the Eastern Mediterranean Civic-Royal political sphere.",antq_s2_hellenistic_cult_central,central,Royal Chancery Public Rite,"The central authority sponsors public rites, strengthening religious administration but narrowing plural practice.",global_pop_conversion_speed_modifier=0.08|tolerance_heathen=-1|global_crown_estate_power=0.03|global_crown_estate_power=0.02,crown_estate|clergy_estate,no,P8.1;P8.4;P11;P13;OCD,contested,"Provides a bounded civic-royal adapter while preserving local differences among poleis, leagues, client courts, and temple cities."
hellenistic,antq_s2_hellenistic_cult_law,cult,religious,Eastern Mediterranean Civic-Royal Public Cult and Ritual Custody,"Defines who maintains public rites, sanctuaries, vows, and tolerated local observances within the Eastern Mediterranean Civic-Royal political sphere.",antq_s2_hellenistic_cult_mediated,mediated,Civic Council Collegiate Custody,Recognized colleges and sanctuaries share ritual custody and stabilize elite bargains.,clergy_estate_target_satisfaction=small_permanent_target_satisfaction|stability_cost_efficiency=0.02|global_burghers_estate_power=0.03|global_burghers_estate_power=0.02,clergy_estate|nobles_estate|burghers_estate,yes,P8.1;P8.4;P11;P13;OCD,contested,"Provides a bounded civic-royal adapter while preserving local differences among poleis, leagues, client courts, and temple cities."
hellenistic,antq_s2_hellenistic_cult_law,cult,religious,Eastern Mediterranean Civic-Royal Public Cult and Ritual Custody,"Defines who maintains public rites, sanctuaries, vows, and tolerated local observances within the Eastern Mediterranean Civic-Royal political sphere.",antq_s2_hellenistic_cult_local,local,Local Magistracy Local Observance,Local observance broadens toleration while reducing the reach of an official cult.,tolerance_heathen=1|global_pop_conversion_speed_modifier=-0.05|global_nobles_estate_power=0.03|global_nobles_estate_power=0.02,tribes_estate|peasants_estate|nobles_estate,no,P8.1;P8.4;P11;P13;OCD,contested,"Provides a bounded civic-royal adapter while preserving local differences among poleis, leagues, client courts, and temple cities."
hellenistic,antq_s2_hellenistic_household_law,household,socioeconomic,Eastern Mediterranean Civic-Royal Household and Inheritance,"Defines household succession, guardianship, property transmission, and kin obligation within the Eastern Mediterranean Civic-Royal political sphere.",antq_s2_hellenistic_household_central,central,Royal Chancery Recorded Succession,Recorded succession eases state integration but places family affairs under official scrutiny.,global_integration_speed_modifier=0.035|monthly_towards_centralization=societal_value_minor_monthly_move|global_crown_estate_power=0.03|global_crown_estate_power=0.02,crown_estate,no,P8.1;P8.4;P11;P13;OCD,contested,"Provides a bounded civic-royal adapter while preserving local differences among poleis, leagues, client courts, and temple cities."
hellenistic,antq_s2_hellenistic_household_law,household,socioeconomic,Eastern Mediterranean Civic-Royal Household and Inheritance,"Defines household succession, guardianship, property transmission, and kin obligation within the Eastern Mediterranean Civic-Royal political sphere.",antq_s2_hellenistic_household_mediated,mediated,Civic Council Lineage Arbitration,"Lineages arbitrate inheritance disputes, preserving elite consent at a cost to central uniformity.",nobles_estate_target_satisfaction=tiny_permanent_target_satisfaction|global_monthly_control=-0.005|global_burghers_estate_power=0.03|global_burghers_estate_power=0.02,nobles_estate|tribes_estate|burghers_estate,yes,P8.1;P8.4;P11;P13;OCD,contested,"Provides a bounded civic-royal adapter while preserving local differences among poleis, leagues, client courts, and temple cities."
hellenistic,antq_s2_hellenistic_household_law,household,socioeconomic,Eastern Mediterranean Civic-Royal Household and Inheritance,"Defines household succession, guardianship, property transmission, and kin obligation within the Eastern Mediterranean Civic-Royal political sphere.",antq_s2_hellenistic_household_local,local,Local Magistracy Household Custom,Household custom protects local practice and mobility while weakening predictable assessment.,global_pop_assimilation_speed_modifier=0.01|peasants_estate_max_tax=-0.015|global_nobles_estate_power=0.03|global_nobles_estate_power=0.02,peasants_estate|nobles_estate,no,P8.1;P8.4;P11;P13;OCD,contested,"Provides a bounded civic-royal adapter while preserving local differences among poleis, leagues, client courts, and temple cities."
hellenistic,antq_s2_hellenistic_commerce_law,commerce,socioeconomic,Eastern Mediterranean Civic-Royal Commerce and Market Conduct,"Defines safe conduct, tolls, market oversight, and the standing of merchants within the Eastern Mediterranean Civic-Royal political sphere.",antq_s2_hellenistic_commerce_central,central,Royal Chancery Public Toll Schedule,Published toll schedules improve route revenue and enforcement but privilege official channels.,global_trade_through_owned_territory_efficiency=0.06|global_monthly_control=0.01|global_crown_estate_power=0.03|global_crown_estate_power=0.02,crown_estate,no,P8.1;P8.4;P11;P13;OCD,contested,"Provides a bounded civic-royal adapter while preserving local differences among poleis, leagues, client courts, and temple cities."
hellenistic,antq_s2_hellenistic_commerce_law,commerce,socioeconomic,Eastern Mediterranean Civic-Royal Commerce and Market Conduct,"Defines safe conduct, tolls, market oversight, and the standing of merchants within the Eastern Mediterranean Civic-Royal political sphere.",antq_s2_hellenistic_commerce_mediated,mediated,Civic Council Merchant Arbitration,Merchant arbitration improves production and exchange while increasing urban political weight.,global_production_efficiency=0.03|global_burghers_estate_power=0.04|global_burghers_estate_power=0.03|global_burghers_estate_power=0.02,burghers_estate,yes,P8.1;P8.4;P11;P13;OCD,contested,"Provides a bounded civic-royal adapter while preserving local differences among poleis, leagues, client courts, and temple cities."
hellenistic,antq_s2_hellenistic_commerce_law,commerce,socioeconomic,Eastern Mediterranean Civic-Royal Commerce and Market Conduct,"Defines safe conduct, tolls, market oversight, and the standing of merchants within the Eastern Mediterranean Civic-Royal political sphere.",antq_s2_hellenistic_commerce_local,local,Local Magistracy Open Local Exchange,Open local exchange reduces barriers and strengthens communities at the expense of central receipts.,global_trade_through_owned_territory_efficiency=0.03|burghers_estate_max_tax=-0.02|global_nobles_estate_power=0.03|global_nobles_estate_power=0.02,peasants_estate|tribes_estate|nobles_estate,no,P8.1;P8.4;P11;P13;OCD,contested,"Provides a bounded civic-royal adapter while preserving local differences among poleis, leagues, client courts, and temple cities."
hellenistic,antq_s2_hellenistic_coinage_law,coinage,socioeconomic,Eastern Mediterranean Civic-Royal Coinage and Standards,"Defines mint authority, accepted standards, weighed media, and seigniorage within the Eastern Mediterranean Civic-Royal political sphere.",antq_s2_hellenistic_coinage_central,central,Royal Chancery Official Standard,An official standard increases mint receipts but makes price stability depend on central restraint.,minting_income_factor=0.10|minting_inflation_threshold=-0.01|global_crown_estate_power=0.03|global_crown_estate_power=0.02,crown_estate,no,P8.1;P8.4;P11;P13;OCD,contested,"Provides a bounded civic-royal adapter while preserving local differences among poleis, leagues, client courts, and temple cities."
hellenistic,antq_s2_hellenistic_coinage_law,coinage,socioeconomic,Eastern Mediterranean Civic-Royal Coinage and Standards,"Defines mint authority, accepted standards, weighed media, and seigniorage within the Eastern Mediterranean Civic-Royal political sphere.",antq_s2_hellenistic_coinage_mediated,mediated,Civic Council Multiple Civic Issues,Several recognized issues support commerce while sharing monetary authority with urban elites.,minting_income_factor=0.06|global_burghers_estate_power=0.04|global_burghers_estate_power=0.03|global_burghers_estate_power=0.02,burghers_estate,yes,P8.1;P8.4;P11;P13;OCD,contested,"Provides a bounded civic-royal adapter while preserving local differences among poleis, leagues, client courts, and temple cities."
hellenistic,antq_s2_hellenistic_coinage_law,coinage,socioeconomic,Eastern Mediterranean Civic-Royal Coinage and Standards,"Defines mint authority, accepted standards, weighed media, and seigniorage within the Eastern Mediterranean Civic-Royal political sphere.",antq_s2_hellenistic_coinage_local,local,Local Magistracy Weighed Exchange,Weighed and customary exchange is flexible but yields less direct mint revenue.,minting_income_factor=0.025|stability_cost_efficiency=0.02|global_nobles_estate_power=0.03|global_nobles_estate_power=0.02,tribes_estate|peasants_estate|nobles_estate,no,P8.1;P8.4;P11;P13;OCD,contested,"Provides a bounded civic-royal adapter while preserving local differences among poleis, leagues, client courts, and temple cities."
hellenistic,antq_s2_hellenistic_courts_law,courts,administrative,Eastern Mediterranean Civic-Royal Courts and Petition,"Defines the hearing of disputes, appeals, testimony, and petitions within the Eastern Mediterranean Civic-Royal political sphere.",antq_s2_hellenistic_courts_central,central,Royal Chancery Central Appeal,A central appeal improves consistency and state control but increases administrative load.,legislative_efficiency=0.04|country_cabinet_efficiency=-0.015|global_crown_estate_power=0.03|global_crown_estate_power=0.02,crown_estate,no,P8.1;P8.4;P11;P13;OCD,contested,"Provides a bounded civic-royal adapter while preserving local differences among poleis, leagues, client courts, and temple cities."
hellenistic,antq_s2_hellenistic_courts_law,courts,administrative,Eastern Mediterranean Civic-Royal Courts and Petition,"Defines the hearing of disputes, appeals, testimony, and petitions within the Eastern Mediterranean Civic-Royal political sphere.",antq_s2_hellenistic_courts_mediated,mediated,Civic Council Collegiate Judgment,Collegiate judgment balances elite interests and lowers the political cost of legislation.,stability_cost_efficiency=0.035|global_nobles_estate_power=0.025|global_burghers_estate_power=0.03|global_burghers_estate_power=0.02,nobles_estate|clergy_estate|burghers_estate,yes,P8.1;P8.4;P11;P13;OCD,contested,"Provides a bounded civic-royal adapter while preserving local differences among poleis, leagues, client courts, and temple cities."
hellenistic,antq_s2_hellenistic_courts_law,courts,administrative,Eastern Mediterranean Civic-Royal Courts and Petition,"Defines the hearing of disputes, appeals, testimony, and petitions within the Eastern Mediterranean Civic-Royal political sphere.",antq_s2_hellenistic_courts_local,local,Local Magistracy Local Composition,Local composition resolves disputes accessibly while limiting uniform precedent.,pop_join_rebel_threshold=-0.015|global_monthly_control=-0.01|global_nobles_estate_power=0.03|global_nobles_estate_power=0.02,peasants_estate|tribes_estate|nobles_estate,no,P8.1;P8.4;P11;P13;OCD,contested,"Provides a bounded civic-royal adapter while preserving local differences among poleis, leagues, client courts, and temple cities."
hellenistic,antq_s2_hellenistic_offices_law,offices,administrative,Eastern Mediterranean Civic-Royal Offices and Appointment,"Defines appointment, tenure, replacement, and accountability in public office within the Eastern Mediterranean Civic-Royal political sphere.",antq_s2_hellenistic_offices_central,central,Royal Chancery Direct Appointment,Direct appointment makes staffing faster but concentrates office in the ruler's hands.,set_cabinet_member_cost_modifier=-0.10|global_crown_estate_power=0.04|global_crown_estate_power=0.03|global_crown_estate_power=0.02,crown_estate,no,P8.1;P8.4;P11;P13;OCD,contested,"Provides a bounded civic-royal adapter while preserving local differences among poleis, leagues, client courts, and temple cities."
hellenistic,antq_s2_hellenistic_offices_law,offices,administrative,Eastern Mediterranean Civic-Royal Offices and Appointment,"Defines appointment, tenure, replacement, and accountability in public office within the Eastern Mediterranean Civic-Royal political sphere.",antq_s2_hellenistic_offices_mediated,mediated,Civic Council Rotating Office,Rotation broadens access and improves deliberation while making replacement less predictable.,country_cabinet_efficiency=0.03|replace_cabinet_member_cost_modifier=-0.05|global_burghers_estate_power=0.03|global_burghers_estate_power=0.02,burghers_estate|tribes_estate,yes,P8.1;P8.4;P11;P13;OCD,contested,"Provides a bounded civic-royal adapter while preserving local differences among poleis, leagues, client courts, and temple cities."
hellenistic,antq_s2_hellenistic_offices_law,offices,administrative,Eastern Mediterranean Civic-Royal Offices and Appointment,"Defines appointment, tenure, replacement, and accountability in public office within the Eastern Mediterranean Civic-Royal political sphere.",antq_s2_hellenistic_offices_local,local,Local Magistracy Patron-Nominated Office,Patron nomination secures elite cooperation but makes office-holders costly to dislodge.,replace_cabinet_member_cost_modifier=0.15|global_nobles_estate_power=0.04|global_nobles_estate_power=0.03|global_nobles_estate_power=0.02,nobles_estate,no,P8.1;P8.4;P11;P13;OCD,contested,"Provides a bounded civic-royal adapter while preserving local differences among poleis, leagues, client courts, and temple cities."
hellenistic,antq_s2_hellenistic_migration_law,migration,administrative,Eastern Mediterranean Civic-Royal Migration and Settlement,"Defines the admission, relocation, patronage, and settlement of mobile households within the Eastern Mediterranean Civic-Royal political sphere.",antq_s2_hellenistic_migration_central,central,Royal Chancery Directed Settlement,Directed settlement accelerates incorporation and control but privileges central priorities.,global_pop_assimilation_speed_modifier=0.02|global_monthly_control=0.01|global_crown_estate_power=0.03|global_crown_estate_power=0.02,crown_estate,no,P8.1;P8.4;P11;P13;OCD,contested,"Provides a bounded civic-royal adapter while preserving local differences among poleis, leagues, client courts, and temple cities."
hellenistic,antq_s2_hellenistic_migration_law,migration,administrative,Eastern Mediterranean Civic-Royal Migration and Settlement,"Defines the admission, relocation, patronage, and settlement of mobile households within the Eastern Mediterranean Civic-Royal political sphere.",antq_s2_hellenistic_migration_mediated,mediated,Civic Council Sponsored Communities,"Recognized communities sponsor newcomers, balancing integration with corporate autonomy.",global_integration_speed_modifier=0.025|global_burghers_estate_power=0.025|global_burghers_estate_power=0.03|global_burghers_estate_power=0.02,burghers_estate|tribes_estate,yes,P8.1;P8.4;P11;P13;OCD,contested,"Provides a bounded civic-royal adapter while preserving local differences among poleis, leagues, client courts, and temple cities."
hellenistic,antq_s2_hellenistic_migration_law,migration,administrative,Eastern Mediterranean Civic-Royal Migration and Settlement,"Defines the admission, relocation, patronage, and settlement of mobile households within the Eastern Mediterranean Civic-Royal political sphere.",antq_s2_hellenistic_migration_local,local,Local Magistracy Negotiated Passage,Negotiated passage reduces cultural friction while leaving migration weakly supervised.,tolerance_heathen=1|global_pop_assimilation_speed_modifier=-0.01|global_nobles_estate_power=0.03|global_nobles_estate_power=0.02,peasants_estate|tribes_estate|nobles_estate,no,P8.1;P8.4;P11;P13;OCD,contested,"Provides a bounded civic-royal adapter while preserving local differences among poleis, leagues, client courts, and temple cities."
hellenistic,antq_s2_hellenistic_external_law,external,administrative,"Eastern Mediterranean Civic-Royal Envoys, Clients, and External Compacts","Defines envoys, tributary obligations, client rulers, hostages, and negotiated peace within the Eastern Mediterranean Civic-Royal political sphere.",antq_s2_hellenistic_external_central,central,Royal Chancery Central Envoys,Central envoys improve diplomatic standing but demand sustained court resources.,diplomatic_reputation=1|country_cabinet_efficiency=-0.01|global_crown_estate_power=0.03|global_crown_estate_power=0.02,crown_estate,no,P8.1;P8.4;P11;P13;OCD,contested,"Provides a bounded civic-royal adapter while preserving local differences among poleis, leagues, client courts, and temple cities."
hellenistic,antq_s2_hellenistic_external_law,external,administrative,"Eastern Mediterranean Civic-Royal Envoys, Clients, and External Compacts","Defines envoys, tributary obligations, client rulers, hostages, and negotiated peace within the Eastern Mediterranean Civic-Royal political sphere.",antq_s2_hellenistic_external_mediated,mediated,Civic Council Client Mediation,Client mediation strengthens subordinate loyalty while empowering intermediary rulers.,subject_loyalty=5|global_nobles_estate_power=0.03|global_burghers_estate_power=0.03|global_burghers_estate_power=0.02,nobles_estate|tribes_estate|burghers_estate,yes,P8.1;P8.4;P11;P13;OCD,contested,"Provides a bounded civic-royal adapter while preserving local differences among poleis, leagues, client courts, and temple cities."
hellenistic,antq_s2_hellenistic_external_law,external,administrative,"Eastern Mediterranean Civic-Royal Envoys, Clients, and External Compacts","Defines envoys, tributary obligations, client rulers, hostages, and negotiated peace within the Eastern Mediterranean Civic-Royal political sphere.",antq_s2_hellenistic_external_local,local,Local Magistracy Reciprocal Compacts,Reciprocal compacts broaden diplomatic capacity but bind the center to negotiated obligations.,diplomatic_capacity_modifier=0.05|monthly_towards_outward=societal_value_minor_monthly_move|global_nobles_estate_power=0.03|global_nobles_estate_power=0.02,burghers_estate|tribes_estate|nobles_estate,no,P8.1;P8.4;P11;P13;OCD,contested,"Provides a bounded civic-royal adapter while preserving local differences among poleis, leagues, client courts, and temple cities."
indic,antq_s2_indic_status_law,status,socioeconomic,Indic Status and Incorporation,Defines who receives protected public standing and how outsiders enter it within the Indic political sphere.,antq_s2_indic_status_central,central,Royal Edict Status Register,A central register defines protected status efficiently but concentrates political authority.,global_integration_speed_modifier=0.06|global_pop_assimilation_speed_modifier=0.01|monthly_towards_centralization=societal_value_minor_monthly_move|global_crown_estate_power=0.02,crown_estate,no,P8.4;P11;P13;CAH-XI,contested,"Combines securely broad legal questions with locally variable royal, lineage, corporate, monastic, and village institutions."
indic,antq_s2_indic_status_law,status,socioeconomic,Indic Status and Incorporation,Defines who receives protected public standing and how outsiders enter it within the Indic political sphere.,antq_s2_indic_status_mediated,mediated,Lineage Assembly Graduated Standing,"Recognized communities mediate several grades of status, trading speed for accommodation.",global_integration_speed_modifier=0.03|pop_join_rebel_threshold=-0.01|global_nobles_estate_power=0.03|global_nobles_estate_power=0.02,nobles_estate|burghers_estate,yes,P8.4;P11;P13;CAH-XI,contested,"Combines securely broad legal questions with locally variable royal, lineage, corporate, monastic, and village institutions."
indic,antq_s2_indic_status_law,status,socioeconomic,Indic Status and Incorporation,Defines who receives protected public standing and how outsiders enter it within the Indic political sphere.,antq_s2_indic_status_local,local,Village Compact Local Admission,"Local bodies admit households flexibly, easing friction while weakening uniform administration.",global_pop_assimilation_speed_modifier=0.025|global_monthly_control=-0.01|global_peasants_estate_power=0.03|global_peasants_estate_power=0.02,peasants_estate|tribes_estate,no,P8.4;P11;P13;CAH-XI,contested,"Combines securely broad legal questions with locally variable royal, lineage, corporate, monastic, and village institutions."
indic,antq_s2_indic_dependent_labor_law,dependent_labor,socioeconomic,Indic Dependent Labor and Manumission,"Defines the obligations, sale, protection, and release of dependent laborers within the Indic political sphere.",antq_s2_indic_dependent_labor_central,central,Royal Edict Recorded Obligations,"Officials record dependent obligations and taxable releases, improving oversight at social cost.",peasants_estate_max_tax=0.03|pop_join_rebel_threshold=0.01|monthly_towards_centralization=societal_value_minor_monthly_move|global_crown_estate_power=0.02,crown_estate|nobles_estate,no,P8.4;P11;P13;CAH-XI,contested,"Combines securely broad legal questions with locally variable royal, lineage, corporate, monastic, and village institutions."
indic,antq_s2_indic_dependent_labor_law,dependent_labor,socioeconomic,Indic Dependent Labor and Manumission,"Defines the obligations, sale, protection, and release of dependent laborers within the Indic political sphere.",antq_s2_indic_dependent_labor_mediated,mediated,Lineage Assembly Protected Manumission,Protected routes to release improve incorporation while reducing elite extraction.,global_pop_assimilation_speed_modifier=0.02|nobles_estate_max_tax=-0.02|global_nobles_estate_power=0.03|global_nobles_estate_power=0.02,peasants_estate|burghers_estate|nobles_estate,yes,P8.4;P11;P13;CAH-XI,contested,"Combines securely broad legal questions with locally variable royal, lineage, corporate, monastic, and village institutions."
indic,antq_s2_indic_dependent_labor_law,dependent_labor,socioeconomic,Indic Dependent Labor and Manumission,"Defines the obligations, sale, protection, and release of dependent laborers within the Indic political sphere.",antq_s2_indic_dependent_labor_local,local,Village Compact Household Dependence,"Households regulate dependency locally, lowering provisioning burdens but entrenching private power.",global_pop_food_consumption=-0.01|peasants_estate_max_tax=0.02|global_peasants_estate_power=0.03|global_peasants_estate_power=0.02,nobles_estate|tribes_estate|peasants_estate,no,P8.4;P11;P13;CAH-XI,contested,"Combines securely broad legal questions with locally variable royal, lineage, corporate, monastic, and village institutions."
indic,antq_s2_indic_revenue_law,revenue,administrative,Indic Revenue and Assessment,Defines how communities are assessed and how public obligations are collected within the Indic political sphere.,antq_s2_indic_revenue_central,central,Royal Edict Assessed Registers,Regular assessment improves extraction and control but enlarges the central administrative burden.,peasants_estate_max_tax=0.04|global_monthly_control=0.015|monthly_towards_centralization=societal_value_minor_monthly_move|global_crown_estate_power=0.02,crown_estate,no,P8.4;P11;P13;CAH-XI,contested,"Combines securely broad legal questions with locally variable royal, lineage, corporate, monastic, and village institutions."
indic,antq_s2_indic_revenue_law,revenue,administrative,Indic Revenue and Assessment,Defines how communities are assessed and how public obligations are collected within the Indic political sphere.,antq_s2_indic_revenue_mediated,mediated,Lineage Assembly Negotiated Quotas,"Councils bargain fixed contributions, supporting legitimacy at the expense of maximum revenue.",burghers_estate_max_tax=0.025|stability_cost_efficiency=0.025|global_nobles_estate_power=0.03|global_nobles_estate_power=0.02,burghers_estate|nobles_estate,yes,P8.4;P11;P13;CAH-XI,contested,"Combines securely broad legal questions with locally variable royal, lineage, corporate, monastic, and village institutions."
indic,antq_s2_indic_revenue_law,revenue,administrative,Indic Revenue and Assessment,Defines how communities are assessed and how public obligations are collected within the Indic political sphere.,antq_s2_indic_revenue_local,local,Village Compact In-Kind Contributions,"Communities meet obligations in kind, sustaining production while leaving more local discretion.",global_production_efficiency=0.025|monthly_towards_decentralization=societal_value_minor_monthly_move|global_peasants_estate_power=0.03|global_peasants_estate_power=0.02,peasants_estate|tribes_estate,no,P8.4;P11;P13;CAH-XI,contested,"Combines securely broad legal questions with locally variable royal, lineage, corporate, monastic, and village institutions."
indic,antq_s2_indic_land_law,land,socioeconomic,Indic Land Tenure and Agrarian Duty,"Defines access to land, agrarian dues, and collective maintenance within the Indic political sphere.",antq_s2_indic_land_central,central,Royal Edict Surveyed Allotments,Surveyed allotments support control and predictable dues but privilege central claims.,global_max_rural_control=0.03|global_monthly_control=0.01|monthly_towards_centralization=societal_value_minor_monthly_move|global_crown_estate_power=0.02,crown_estate,no,P8.4;P11;P13;CAH-XI,contested,"Combines securely broad legal questions with locally variable royal, lineage, corporate, monastic, and village institutions."
indic,antq_s2_indic_land_law,land,socioeconomic,Indic Land Tenure and Agrarian Duty,"Defines access to land, agrarian dues, and collective maintenance within the Indic political sphere.",antq_s2_indic_land_mediated,mediated,Lineage Assembly Estate Stewardship,Leading estates organize cultivation efficiently while increasing aristocratic leverage.,global_monthly_food_modifier=0.025|global_nobles_estate_power=0.04|global_nobles_estate_power=0.03|global_nobles_estate_power=0.02,nobles_estate,yes,P8.4;P11;P13;CAH-XI,contested,"Combines securely broad legal questions with locally variable royal, lineage, corporate, monastic, and village institutions."
indic,antq_s2_indic_land_law,land,socioeconomic,Indic Land Tenure and Agrarian Duty,"Defines access to land, agrarian dues, and collective maintenance within the Indic political sphere.",antq_s2_indic_land_local,local,Village Compact Communal Tenure,Communal tenure protects subsistence and local resilience while limiting direct control.,global_pop_food_consumption=-0.01|global_max_rural_control=-0.02|global_peasants_estate_power=0.03|global_peasants_estate_power=0.02,peasants_estate|tribes_estate,no,P8.4;P11;P13;CAH-XI,contested,"Combines securely broad legal questions with locally variable royal, lineage, corporate, monastic, and village institutions."
indic,antq_s2_indic_muster_law,muster,military,Indic Military Service and Muster,"Defines who serves, for how long, and through which public or household obligation within the Indic political sphere.",antq_s2_indic_muster_central,central,Royal Edict Registered Service,Registered service raises dependable forces but increases administrative and social pressure.,global_levy_size_modifier=0.075|global_levy_recruitment_speed_modifier=-0.05|monthly_towards_centralization=societal_value_minor_monthly_move|global_crown_estate_power=0.02,crown_estate,no,P8.4;P11;P13;CAH-XI,contested,"Combines securely broad legal questions with locally variable royal, lineage, corporate, monastic, and village institutions."
indic,antq_s2_indic_muster_law,muster,military,Indic Military Service and Muster,"Defines who serves, for how long, and through which public or household obligation within the Indic political sphere.",antq_s2_indic_muster_mediated,mediated,Lineage Assembly Retinue Service,Elite retinues improve cohesion and morale while narrowing the military base.,land_morale_modifier=0.02|global_levy_size_modifier=-0.025|global_nobles_estate_power=0.03|global_nobles_estate_power=0.02,nobles_estate,yes,P8.4;P11;P13;CAH-XI,contested,"Combines securely broad legal questions with locally variable royal, lineage, corporate, monastic, and village institutions."
indic,antq_s2_indic_muster_law,muster,military,Indic Military Service and Muster,"Defines who serves, for how long, and through which public or household obligation within the Indic political sphere.",antq_s2_indic_muster_local,local,Village Compact Community Muster,A broad seasonal muster supplies numbers quickly but sacrifices some battlefield efficiency.,global_levy_recruitment_speed_modifier=0.10|levy_combat_efficiency_modifier=-0.04|global_peasants_estate_power=0.03|global_peasants_estate_power=0.02,peasants_estate|tribes_estate,no,P8.4;P11;P13;CAH-XI,contested,"Combines securely broad legal questions with locally variable royal, lineage, corporate, monastic, and village institutions."
indic,antq_s2_indic_local_rule_law,local_rule,administrative,Indic Local and Provincial Rule,"Defines the balance among central officers, intermediary councils, and local communities within the Indic political sphere.",antq_s2_indic_local_rule_central,central,Royal Edict Appointed Officers,Appointed officers improve coordination and control but strengthen the center.,country_cabinet_efficiency=0.04|global_monthly_control=0.015|monthly_towards_centralization=societal_value_minor_monthly_move|global_crown_estate_power=0.02,crown_estate,no,P8.4;P11;P13;CAH-XI,contested,"Combines securely broad legal questions with locally variable royal, lineage, corporate, monastic, and village institutions."
indic,antq_s2_indic_local_rule_law,local_rule,administrative,Indic Local and Provincial Rule,"Defines the balance among central officers, intermediary councils, and local communities within the Indic political sphere.",antq_s2_indic_local_rule_mediated,mediated,Lineage Assembly Mediated Councils,Intermediary councils improve cabinet throughput while preserving negotiated authority.,legislative_efficiency=0.04|stability_cost_efficiency=0.02|global_nobles_estate_power=0.03|global_nobles_estate_power=0.02,nobles_estate|burghers_estate,yes,P8.4;P11;P13;CAH-XI,contested,"Combines securely broad legal questions with locally variable royal, lineage, corporate, monastic, and village institutions."
indic,antq_s2_indic_local_rule_law,local_rule,administrative,Indic Local and Provincial Rule,"Defines the balance among central officers, intermediary councils, and local communities within the Indic political sphere.",antq_s2_indic_local_rule_local,local,Village Compact Local Custody,Local custody lowers resistance and administrative reach together.,pop_join_rebel_threshold=-0.02|global_max_rural_control=-0.025|global_peasants_estate_power=0.03|global_peasants_estate_power=0.02,peasants_estate|tribes_estate,no,P8.4;P11;P13;CAH-XI,contested,"Combines securely broad legal questions with locally variable royal, lineage, corporate, monastic, and village institutions."
indic,antq_s2_indic_cult_law,cult,religious,Indic Public Cult and Ritual Custody,"Defines who maintains public rites, sanctuaries, vows, and tolerated local observances within the Indic political sphere.",antq_s2_indic_cult_central,central,Royal Edict Public Rite,"The central authority sponsors public rites, strengthening religious administration but narrowing plural practice.",global_pop_conversion_speed_modifier=0.08|tolerance_heathen=-1|monthly_towards_centralization=societal_value_minor_monthly_move|global_crown_estate_power=0.02,crown_estate|clergy_estate,no,P8.4;P11;P13;CAH-XI,contested,"Combines securely broad legal questions with locally variable royal, lineage, corporate, monastic, and village institutions."
indic,antq_s2_indic_cult_law,cult,religious,Indic Public Cult and Ritual Custody,"Defines who maintains public rites, sanctuaries, vows, and tolerated local observances within the Indic political sphere.",antq_s2_indic_cult_mediated,mediated,Lineage Assembly Collegiate Custody,Recognized colleges and sanctuaries share ritual custody and stabilize elite bargains.,clergy_estate_target_satisfaction=small_permanent_target_satisfaction|stability_cost_efficiency=0.02|global_nobles_estate_power=0.03|global_nobles_estate_power=0.02,clergy_estate|nobles_estate,yes,P8.4;P11;P13;CAH-XI,contested,"Combines securely broad legal questions with locally variable royal, lineage, corporate, monastic, and village institutions."
indic,antq_s2_indic_cult_law,cult,religious,Indic Public Cult and Ritual Custody,"Defines who maintains public rites, sanctuaries, vows, and tolerated local observances within the Indic political sphere.",antq_s2_indic_cult_local,local,Village Compact Local Observance,Local observance broadens toleration while reducing the reach of an official cult.,tolerance_heathen=1|global_pop_conversion_speed_modifier=-0.05|global_peasants_estate_power=0.03|global_peasants_estate_power=0.02,tribes_estate|peasants_estate,no,P8.4;P11;P13;CAH-XI,contested,"Combines securely broad legal questions with locally variable royal, lineage, corporate, monastic, and village institutions."
indic,antq_s2_indic_household_law,household,socioeconomic,Indic Household and Inheritance,"Defines household succession, guardianship, property transmission, and kin obligation within the Indic political sphere.",antq_s2_indic_household_central,central,Royal Edict Recorded Succession,Recorded succession eases state integration but places family affairs under official scrutiny.,global_integration_speed_modifier=0.035|monthly_towards_centralization=societal_value_minor_monthly_move|monthly_towards_centralization=societal_value_minor_monthly_move|global_crown_estate_power=0.02,crown_estate,no,P8.4;P11;P13;CAH-XI,contested,"Combines securely broad legal questions with locally variable royal, lineage, corporate, monastic, and village institutions."
indic,antq_s2_indic_household_law,household,socioeconomic,Indic Household and Inheritance,"Defines household succession, guardianship, property transmission, and kin obligation within the Indic political sphere.",antq_s2_indic_household_mediated,mediated,Lineage Assembly Lineage Arbitration,"Lineages arbitrate inheritance disputes, preserving elite consent at a cost to central uniformity.",nobles_estate_target_satisfaction=tiny_permanent_target_satisfaction|global_monthly_control=-0.005|global_nobles_estate_power=0.03|global_nobles_estate_power=0.02,nobles_estate|tribes_estate,yes,P8.4;P11;P13;CAH-XI,contested,"Combines securely broad legal questions with locally variable royal, lineage, corporate, monastic, and village institutions."
indic,antq_s2_indic_household_law,household,socioeconomic,Indic Household and Inheritance,"Defines household succession, guardianship, property transmission, and kin obligation within the Indic political sphere.",antq_s2_indic_household_local,local,Village Compact Household Custom,Household custom protects local practice and mobility while weakening predictable assessment.,global_pop_assimilation_speed_modifier=0.01|peasants_estate_max_tax=-0.015|global_peasants_estate_power=0.03|global_peasants_estate_power=0.02,peasants_estate,no,P8.4;P11;P13;CAH-XI,contested,"Combines securely broad legal questions with locally variable royal, lineage, corporate, monastic, and village institutions."
indic,antq_s2_indic_commerce_law,commerce,socioeconomic,Indic Commerce and Market Conduct,"Defines safe conduct, tolls, market oversight, and the standing of merchants within the Indic political sphere.",antq_s2_indic_commerce_central,central,Royal Edict Public Toll Schedule,Published toll schedules improve route revenue and enforcement but privilege official channels.,global_trade_through_owned_territory_efficiency=0.06|global_monthly_control=0.01|monthly_towards_centralization=societal_value_minor_monthly_move|global_crown_estate_power=0.02,crown_estate,no,P8.4;P11;P13;CAH-XI,contested,"Combines securely broad legal questions with locally variable royal, lineage, corporate, monastic, and village institutions."
indic,antq_s2_indic_commerce_law,commerce,socioeconomic,Indic Commerce and Market Conduct,"Defines safe conduct, tolls, market oversight, and the standing of merchants within the Indic political sphere.",antq_s2_indic_commerce_mediated,mediated,Lineage Assembly Merchant Arbitration,Merchant arbitration improves production and exchange while increasing urban political weight.,global_production_efficiency=0.03|global_burghers_estate_power=0.04|global_nobles_estate_power=0.03|global_nobles_estate_power=0.02,burghers_estate|nobles_estate,yes,P8.4;P11;P13;CAH-XI,contested,"Combines securely broad legal questions with locally variable royal, lineage, corporate, monastic, and village institutions."
indic,antq_s2_indic_commerce_law,commerce,socioeconomic,Indic Commerce and Market Conduct,"Defines safe conduct, tolls, market oversight, and the standing of merchants within the Indic political sphere.",antq_s2_indic_commerce_local,local,Village Compact Open Local Exchange,Open local exchange reduces barriers and strengthens communities at the expense of central receipts.,global_trade_through_owned_territory_efficiency=0.03|burghers_estate_max_tax=-0.02|global_peasants_estate_power=0.03|global_peasants_estate_power=0.02,peasants_estate|tribes_estate,no,P8.4;P11;P13;CAH-XI,contested,"Combines securely broad legal questions with locally variable royal, lineage, corporate, monastic, and village institutions."
indic,antq_s2_indic_coinage_law,coinage,socioeconomic,Indic Coinage and Standards,"Defines mint authority, accepted standards, weighed media, and seigniorage within the Indic political sphere.",antq_s2_indic_coinage_central,central,Royal Edict Official Standard,An official standard increases mint receipts but makes price stability depend on central restraint.,minting_income_factor=0.10|minting_inflation_threshold=-0.01|monthly_towards_centralization=societal_value_minor_monthly_move|global_crown_estate_power=0.02,crown_estate,no,P8.4;P11;P13;CAH-XI,contested,"Combines securely broad legal questions with locally variable royal, lineage, corporate, monastic, and village institutions."
indic,antq_s2_indic_coinage_law,coinage,socioeconomic,Indic Coinage and Standards,"Defines mint authority, accepted standards, weighed media, and seigniorage within the Indic political sphere.",antq_s2_indic_coinage_mediated,mediated,Lineage Assembly Multiple Civic Issues,Several recognized issues support commerce while sharing monetary authority with urban elites.,minting_income_factor=0.06|global_burghers_estate_power=0.04|global_nobles_estate_power=0.03|global_nobles_estate_power=0.02,burghers_estate|nobles_estate,yes,P8.4;P11;P13;CAH-XI,contested,"Combines securely broad legal questions with locally variable royal, lineage, corporate, monastic, and village institutions."
indic,antq_s2_indic_coinage_law,coinage,socioeconomic,Indic Coinage and Standards,"Defines mint authority, accepted standards, weighed media, and seigniorage within the Indic political sphere.",antq_s2_indic_coinage_local,local,Village Compact Weighed Exchange,Weighed and customary exchange is flexible but yields less direct mint revenue.,minting_income_factor=0.025|stability_cost_efficiency=0.02|global_peasants_estate_power=0.03|global_peasants_estate_power=0.02,tribes_estate|peasants_estate,no,P8.4;P11;P13;CAH-XI,contested,"Combines securely broad legal questions with locally variable royal, lineage, corporate, monastic, and village institutions."
indic,antq_s2_indic_courts_law,courts,administrative,Indic Courts and Petition,"Defines the hearing of disputes, appeals, testimony, and petitions within the Indic political sphere.",antq_s2_indic_courts_central,central,Royal Edict Central Appeal,A central appeal improves consistency and state control but increases administrative load.,legislative_efficiency=0.04|country_cabinet_efficiency=-0.015|monthly_towards_centralization=societal_value_minor_monthly_move|global_crown_estate_power=0.02,crown_estate,no,P8.4;P11;P13;CAH-XI,contested,"Combines securely broad legal questions with locally variable royal, lineage, corporate, monastic, and village institutions."
indic,antq_s2_indic_courts_law,courts,administrative,Indic Courts and Petition,"Defines the hearing of disputes, appeals, testimony, and petitions within the Indic political sphere.",antq_s2_indic_courts_mediated,mediated,Lineage Assembly Collegiate Judgment,Collegiate judgment balances elite interests and lowers the political cost of legislation.,stability_cost_efficiency=0.035|global_nobles_estate_power=0.025|global_nobles_estate_power=0.03|global_nobles_estate_power=0.02,nobles_estate|clergy_estate,yes,P8.4;P11;P13;CAH-XI,contested,"Combines securely broad legal questions with locally variable royal, lineage, corporate, monastic, and village institutions."
indic,antq_s2_indic_courts_law,courts,administrative,Indic Courts and Petition,"Defines the hearing of disputes, appeals, testimony, and petitions within the Indic political sphere.",antq_s2_indic_courts_local,local,Village Compact Local Composition,Local composition resolves disputes accessibly while limiting uniform precedent.,pop_join_rebel_threshold=-0.015|global_monthly_control=-0.01|global_peasants_estate_power=0.03|global_peasants_estate_power=0.02,peasants_estate|tribes_estate,no,P8.4;P11;P13;CAH-XI,contested,"Combines securely broad legal questions with locally variable royal, lineage, corporate, monastic, and village institutions."
indic,antq_s2_indic_offices_law,offices,administrative,Indic Offices and Appointment,"Defines appointment, tenure, replacement, and accountability in public office within the Indic political sphere.",antq_s2_indic_offices_central,central,Royal Edict Direct Appointment,Direct appointment makes staffing faster but concentrates office in the ruler's hands.,set_cabinet_member_cost_modifier=-0.10|global_crown_estate_power=0.04|monthly_towards_centralization=societal_value_minor_monthly_move|global_crown_estate_power=0.02,crown_estate,no,P8.4;P11;P13;CAH-XI,contested,"Combines securely broad legal questions with locally variable royal, lineage, corporate, monastic, and village institutions."
indic,antq_s2_indic_offices_law,offices,administrative,Indic Offices and Appointment,"Defines appointment, tenure, replacement, and accountability in public office within the Indic political sphere.",antq_s2_indic_offices_mediated,mediated,Lineage Assembly Rotating Office,Rotation broadens access and improves deliberation while making replacement less predictable.,country_cabinet_efficiency=0.03|replace_cabinet_member_cost_modifier=-0.05|global_nobles_estate_power=0.03|global_nobles_estate_power=0.02,burghers_estate|tribes_estate|nobles_estate,yes,P8.4;P11;P13;CAH-XI,contested,"Combines securely broad legal questions with locally variable royal, lineage, corporate, monastic, and village institutions."
indic,antq_s2_indic_offices_law,offices,administrative,Indic Offices and Appointment,"Defines appointment, tenure, replacement, and accountability in public office within the Indic political sphere.",antq_s2_indic_offices_local,local,Village Compact Patron-Nominated Office,Patron nomination secures elite cooperation but makes office-holders costly to dislodge.,replace_cabinet_member_cost_modifier=0.15|global_nobles_estate_power=0.04|global_peasants_estate_power=0.03|global_peasants_estate_power=0.02,nobles_estate|peasants_estate,no,P8.4;P11;P13;CAH-XI,contested,"Combines securely broad legal questions with locally variable royal, lineage, corporate, monastic, and village institutions."
indic,antq_s2_indic_migration_law,migration,administrative,Indic Migration and Settlement,"Defines the admission, relocation, patronage, and settlement of mobile households within the Indic political sphere.",antq_s2_indic_migration_central,central,Royal Edict Directed Settlement,Directed settlement accelerates incorporation and control but privileges central priorities.,global_pop_assimilation_speed_modifier=0.02|global_monthly_control=0.01|monthly_towards_centralization=societal_value_minor_monthly_move|global_crown_estate_power=0.02,crown_estate,no,P8.4;P11;P13;CAH-XI,contested,"Combines securely broad legal questions with locally variable royal, lineage, corporate, monastic, and village institutions."
indic,antq_s2_indic_migration_law,migration,administrative,Indic Migration and Settlement,"Defines the admission, relocation, patronage, and settlement of mobile households within the Indic political sphere.",antq_s2_indic_migration_mediated,mediated,Lineage Assembly Sponsored Communities,"Recognized communities sponsor newcomers, balancing integration with corporate autonomy.",global_integration_speed_modifier=0.025|global_burghers_estate_power=0.025|global_nobles_estate_power=0.03|global_nobles_estate_power=0.02,burghers_estate|tribes_estate|nobles_estate,yes,P8.4;P11;P13;CAH-XI,contested,"Combines securely broad legal questions with locally variable royal, lineage, corporate, monastic, and village institutions."
indic,antq_s2_indic_migration_law,migration,administrative,Indic Migration and Settlement,"Defines the admission, relocation, patronage, and settlement of mobile households within the Indic political sphere.",antq_s2_indic_migration_local,local,Village Compact Negotiated Passage,Negotiated passage reduces cultural friction while leaving migration weakly supervised.,tolerance_heathen=1|global_pop_assimilation_speed_modifier=-0.01|global_peasants_estate_power=0.03|global_peasants_estate_power=0.02,peasants_estate|tribes_estate,no,P8.4;P11;P13;CAH-XI,contested,"Combines securely broad legal questions with locally variable royal, lineage, corporate, monastic, and village institutions."
indic,antq_s2_indic_external_law,external,administrative,"Indic Envoys, Clients, and External Compacts","Defines envoys, tributary obligations, client rulers, hostages, and negotiated peace within the Indic political sphere.",antq_s2_indic_external_central,central,Royal Edict Central Envoys,Central envoys improve diplomatic standing but demand sustained court resources.,diplomatic_reputation=1|country_cabinet_efficiency=-0.01|monthly_towards_centralization=societal_value_minor_monthly_move|global_crown_estate_power=0.02,crown_estate,no,P8.4;P11;P13;CAH-XI,contested,"Combines securely broad legal questions with locally variable royal, lineage, corporate, monastic, and village institutions."
indic,antq_s2_indic_external_law,external,administrative,"Indic Envoys, Clients, and External Compacts","Defines envoys, tributary obligations, client rulers, hostages, and negotiated peace within the Indic political sphere.",antq_s2_indic_external_mediated,mediated,Lineage Assembly Client Mediation,Client mediation strengthens subordinate loyalty while empowering intermediary rulers.,subject_loyalty=5|global_nobles_estate_power=0.03|global_nobles_estate_power=0.03|global_nobles_estate_power=0.02,nobles_estate|tribes_estate,yes,P8.4;P11;P13;CAH-XI,contested,"Combines securely broad legal questions with locally variable royal, lineage, corporate, monastic, and village institutions."
indic,antq_s2_indic_external_law,external,administrative,"Indic Envoys, Clients, and External Compacts","Defines envoys, tributary obligations, client rulers, hostages, and negotiated peace within the Indic political sphere.",antq_s2_indic_external_local,local,Village Compact Reciprocal Compacts,Reciprocal compacts broaden diplomatic capacity but bind the center to negotiated obligations.,diplomatic_capacity_modifier=0.05|monthly_towards_outward=societal_value_minor_monthly_move|global_peasants_estate_power=0.03|global_peasants_estate_power=0.02,burghers_estate|tribes_estate|peasants_estate,no,P8.4;P11;P13;CAH-XI,contested,"Combines securely broad legal questions with locally variable royal, lineage, corporate, monastic, and village institutions."
steppe,antq_s2_steppe_status_law,status,socioeconomic,Inner Asian Confederation Status and Incorporation,Defines who receives protected public standing and how outsiders enter it within the Inner Asian Confederation political sphere.,antq_s2_steppe_status_central,central,Chanyu Court Status Register,A central register defines protected status efficiently but concentrates political authority.,global_integration_speed_modifier=0.06|global_pop_assimilation_speed_modifier=0.01|global_crown_estate_power=0.03|global_crown_estate_power=0.02,crown_estate,no,P8.3;P11;P13;CAH-XI,contested,"Models confederative bargaining, tribute, pasture, and retinue obligations without projecting later steppe law codes."
steppe,antq_s2_steppe_status_law,status,socioeconomic,Inner Asian Confederation Status and Incorporation,Defines who receives protected public standing and how outsiders enter it within the Inner Asian Confederation political sphere.,antq_s2_steppe_status_mediated,mediated,Wing Council Graduated Standing,"Recognized communities mediate several grades of status, trading speed for accommodation.",global_integration_speed_modifier=0.03|pop_join_rebel_threshold=-0.01|global_nobles_estate_power=0.03|global_nobles_estate_power=0.02,nobles_estate|burghers_estate,yes,P8.3;P11;P13;CAH-XI,contested,"Models confederative bargaining, tribute, pasture, and retinue obligations without projecting later steppe law codes."
steppe,antq_s2_steppe_status_law,status,socioeconomic,Inner Asian Confederation Status and Incorporation,Defines who receives protected public standing and how outsiders enter it within the Inner Asian Confederation political sphere.,antq_s2_steppe_status_local,local,Pasture Assembly Local Admission,"Local bodies admit households flexibly, easing friction while weakening uniform administration.",global_pop_assimilation_speed_modifier=0.025|global_monthly_control=-0.01|global_tribes_estate_power=0.03|global_tribes_estate_power=0.02,peasants_estate|tribes_estate,no,P8.3;P11;P13;CAH-XI,contested,"Models confederative bargaining, tribute, pasture, and retinue obligations without projecting later steppe law codes."
steppe,antq_s2_steppe_dependent_labor_law,dependent_labor,socioeconomic,Inner Asian Confederation Dependent Labor and Manumission,"Defines the obligations, sale, protection, and release of dependent laborers within the Inner Asian Confederation political sphere.",antq_s2_steppe_dependent_labor_central,central,Chanyu Court Recorded Obligations,"Officials record dependent obligations and taxable releases, improving oversight at social cost.",peasants_estate_max_tax=0.03|pop_join_rebel_threshold=0.01|global_crown_estate_power=0.03|global_crown_estate_power=0.02,crown_estate|nobles_estate,no,P8.3;P11;P13;CAH-XI,contested,"Models confederative bargaining, tribute, pasture, and retinue obligations without projecting later steppe law codes."
steppe,antq_s2_steppe_dependent_labor_law,dependent_labor,socioeconomic,Inner Asian Confederation Dependent Labor and Manumission,"Defines the obligations, sale, protection, and release of dependent laborers within the Inner Asian Confederation political sphere.",antq_s2_steppe_dependent_labor_mediated,mediated,Wing Council Protected Manumission,Protected routes to release improve incorporation while reducing elite extraction.,global_pop_assimilation_speed_modifier=0.02|nobles_estate_max_tax=-0.02|global_nobles_estate_power=0.03|global_nobles_estate_power=0.02,peasants_estate|burghers_estate|nobles_estate,yes,P8.3;P11;P13;CAH-XI,contested,"Models confederative bargaining, tribute, pasture, and retinue obligations without projecting later steppe law codes."
steppe,antq_s2_steppe_dependent_labor_law,dependent_labor,socioeconomic,Inner Asian Confederation Dependent Labor and Manumission,"Defines the obligations, sale, protection, and release of dependent laborers within the Inner Asian Confederation political sphere.",antq_s2_steppe_dependent_labor_local,local,Pasture Assembly Household Dependence,"Households regulate dependency locally, lowering provisioning burdens but entrenching private power.",global_pop_food_consumption=-0.01|peasants_estate_max_tax=0.02|global_tribes_estate_power=0.03|global_tribes_estate_power=0.02,nobles_estate|tribes_estate,no,P8.3;P11;P13;CAH-XI,contested,"Models confederative bargaining, tribute, pasture, and retinue obligations without projecting later steppe law codes."
steppe,antq_s2_steppe_revenue_law,revenue,administrative,Inner Asian Confederation Revenue and Assessment,Defines how communities are assessed and how public obligations are collected within the Inner Asian Confederation political sphere.,antq_s2_steppe_revenue_central,central,Chanyu Court Assessed Registers,Regular assessment improves extraction and control but enlarges the central administrative burden.,peasants_estate_max_tax=0.04|global_monthly_control=0.015|global_crown_estate_power=0.03|global_crown_estate_power=0.02,crown_estate,no,P8.3;P11;P13;CAH-XI,contested,"Models confederative bargaining, tribute, pasture, and retinue obligations without projecting later steppe law codes."
steppe,antq_s2_steppe_revenue_law,revenue,administrative,Inner Asian Confederation Revenue and Assessment,Defines how communities are assessed and how public obligations are collected within the Inner Asian Confederation political sphere.,antq_s2_steppe_revenue_mediated,mediated,Wing Council Negotiated Quotas,"Councils bargain fixed contributions, supporting legitimacy at the expense of maximum revenue.",burghers_estate_max_tax=0.025|stability_cost_efficiency=0.025|global_nobles_estate_power=0.03|global_nobles_estate_power=0.02,burghers_estate|nobles_estate,yes,P8.3;P11;P13;CAH-XI,contested,"Models confederative bargaining, tribute, pasture, and retinue obligations without projecting later steppe law codes."
steppe,antq_s2_steppe_revenue_law,revenue,administrative,Inner Asian Confederation Revenue and Assessment,Defines how communities are assessed and how public obligations are collected within the Inner Asian Confederation political sphere.,antq_s2_steppe_revenue_local,local,Pasture Assembly In-Kind Contributions,"Communities meet obligations in kind, sustaining production while leaving more local discretion.",global_production_efficiency=0.025|monthly_towards_decentralization=societal_value_minor_monthly_move|global_tribes_estate_power=0.03|global_tribes_estate_power=0.02,peasants_estate|tribes_estate,no,P8.3;P11;P13;CAH-XI,contested,"Models confederative bargaining, tribute, pasture, and retinue obligations without projecting later steppe law codes."
steppe,antq_s2_steppe_land_law,land,socioeconomic,Inner Asian Confederation Land Tenure and Agrarian Duty,"Defines access to land, agrarian dues, and collective maintenance within the Inner Asian Confederation political sphere.",antq_s2_steppe_land_central,central,Chanyu Court Surveyed Allotments,Surveyed allotments support control and predictable dues but privilege central claims.,global_max_rural_control=0.03|global_monthly_control=0.01|global_crown_estate_power=0.03|global_crown_estate_power=0.02,crown_estate,no,P8.3;P11;P13;CAH-XI,contested,"Models confederative bargaining, tribute, pasture, and retinue obligations without projecting later steppe law codes."
steppe,antq_s2_steppe_land_law,land,socioeconomic,Inner Asian Confederation Land Tenure and Agrarian Duty,"Defines access to land, agrarian dues, and collective maintenance within the Inner Asian Confederation political sphere.",antq_s2_steppe_land_mediated,mediated,Wing Council Estate Stewardship,Leading estates organize cultivation efficiently while increasing aristocratic leverage.,global_monthly_food_modifier=0.025|global_nobles_estate_power=0.04|global_nobles_estate_power=0.03|global_nobles_estate_power=0.02,nobles_estate,yes,P8.3;P11;P13;CAH-XI,contested,"Models confederative bargaining, tribute, pasture, and retinue obligations without projecting later steppe law codes."
steppe,antq_s2_steppe_land_law,land,socioeconomic,Inner Asian Confederation Land Tenure and Agrarian Duty,"Defines access to land, agrarian dues, and collective maintenance within the Inner Asian Confederation political sphere.",antq_s2_steppe_land_local,local,Pasture Assembly Communal Tenure,Communal tenure protects subsistence and local resilience while limiting direct control.,global_pop_food_consumption=-0.01|global_max_rural_control=-0.02|global_tribes_estate_power=0.03|global_tribes_estate_power=0.02,peasants_estate|tribes_estate,no,P8.3;P11;P13;CAH-XI,contested,"Models confederative bargaining, tribute, pasture, and retinue obligations without projecting later steppe law codes."
steppe,antq_s2_steppe_muster_law,muster,military,Inner Asian Confederation Military Service and Muster,"Defines who serves, for how long, and through which public or household obligation within the Inner Asian Confederation political sphere.",antq_s2_steppe_muster_central,central,Chanyu Court Registered Service,Registered service raises dependable forces but increases administrative and social pressure.,global_levy_size_modifier=0.075|global_levy_recruitment_speed_modifier=-0.05|global_crown_estate_power=0.03|global_crown_estate_power=0.02,crown_estate,no,P8.3;P11;P13;CAH-XI,contested,"Models confederative bargaining, tribute, pasture, and retinue obligations without projecting later steppe law codes."
steppe,antq_s2_steppe_muster_law,muster,military,Inner Asian Confederation Military Service and Muster,"Defines who serves, for how long, and through which public or household obligation within the Inner Asian Confederation political sphere.",antq_s2_steppe_muster_mediated,mediated,Wing Council Retinue Service,Elite retinues improve cohesion and morale while narrowing the military base.,land_morale_modifier=0.02|global_levy_size_modifier=-0.025|global_nobles_estate_power=0.03|global_nobles_estate_power=0.02,nobles_estate,yes,P8.3;P11;P13;CAH-XI,contested,"Models confederative bargaining, tribute, pasture, and retinue obligations without projecting later steppe law codes."
steppe,antq_s2_steppe_muster_law,muster,military,Inner Asian Confederation Military Service and Muster,"Defines who serves, for how long, and through which public or household obligation within the Inner Asian Confederation political sphere.",antq_s2_steppe_muster_local,local,Pasture Assembly Community Muster,A broad seasonal muster supplies numbers quickly but sacrifices some battlefield efficiency.,global_levy_recruitment_speed_modifier=0.10|levy_combat_efficiency_modifier=-0.04|global_tribes_estate_power=0.03|global_tribes_estate_power=0.02,peasants_estate|tribes_estate,no,P8.3;P11;P13;CAH-XI,contested,"Models confederative bargaining, tribute, pasture, and retinue obligations without projecting later steppe law codes."
steppe,antq_s2_steppe_local_rule_law,local_rule,administrative,Inner Asian Confederation Local and Provincial Rule,"Defines the balance among central officers, intermediary councils, and local communities within the Inner Asian Confederation political sphere.",antq_s2_steppe_local_rule_central,central,Chanyu Court Appointed Officers,Appointed officers improve coordination and control but strengthen the center.,country_cabinet_efficiency=0.04|global_monthly_control=0.015|global_crown_estate_power=0.03|global_crown_estate_power=0.02,crown_estate,no,P8.3;P11;P13;CAH-XI,contested,"Models confederative bargaining, tribute, pasture, and retinue obligations without projecting later steppe law codes."
steppe,antq_s2_steppe_local_rule_law,local_rule,administrative,Inner Asian Confederation Local and Provincial Rule,"Defines the balance among central officers, intermediary councils, and local communities within the Inner Asian Confederation political sphere.",antq_s2_steppe_local_rule_mediated,mediated,Wing Council Mediated Councils,Intermediary councils improve cabinet throughput while preserving negotiated authority.,legislative_efficiency=0.04|stability_cost_efficiency=0.02|global_nobles_estate_power=0.03|global_nobles_estate_power=0.02,nobles_estate|burghers_estate,yes,P8.3;P11;P13;CAH-XI,contested,"Models confederative bargaining, tribute, pasture, and retinue obligations without projecting later steppe law codes."
steppe,antq_s2_steppe_local_rule_law,local_rule,administrative,Inner Asian Confederation Local and Provincial Rule,"Defines the balance among central officers, intermediary councils, and local communities within the Inner Asian Confederation political sphere.",antq_s2_steppe_local_rule_local,local,Pasture Assembly Local Custody,Local custody lowers resistance and administrative reach together.,pop_join_rebel_threshold=-0.02|global_max_rural_control=-0.025|global_tribes_estate_power=0.03|global_tribes_estate_power=0.02,peasants_estate|tribes_estate,no,P8.3;P11;P13;CAH-XI,contested,"Models confederative bargaining, tribute, pasture, and retinue obligations without projecting later steppe law codes."
steppe,antq_s2_steppe_cult_law,cult,religious,Inner Asian Confederation Public Cult and Ritual Custody,"Defines who maintains public rites, sanctuaries, vows, and tolerated local observances within the Inner Asian Confederation political sphere.",antq_s2_steppe_cult_central,central,Chanyu Court Public Rite,"The central authority sponsors public rites, strengthening religious administration but narrowing plural practice.",global_pop_conversion_speed_modifier=0.08|tolerance_heathen=-1|global_crown_estate_power=0.03|global_crown_estate_power=0.02,crown_estate|clergy_estate,no,P8.3;P11;P13;CAH-XI,contested,"Models confederative bargaining, tribute, pasture, and retinue obligations without projecting later steppe law codes."
steppe,antq_s2_steppe_cult_law,cult,religious,Inner Asian Confederation Public Cult and Ritual Custody,"Defines who maintains public rites, sanctuaries, vows, and tolerated local observances within the Inner Asian Confederation political sphere.",antq_s2_steppe_cult_mediated,mediated,Wing Council Collegiate Custody,Recognized colleges and sanctuaries share ritual custody and stabilize elite bargains.,clergy_estate_target_satisfaction=small_permanent_target_satisfaction|stability_cost_efficiency=0.02|global_nobles_estate_power=0.03|global_nobles_estate_power=0.02,clergy_estate|nobles_estate,yes,P8.3;P11;P13;CAH-XI,contested,"Models confederative bargaining, tribute, pasture, and retinue obligations without projecting later steppe law codes."
steppe,antq_s2_steppe_cult_law,cult,religious,Inner Asian Confederation Public Cult and Ritual Custody,"Defines who maintains public rites, sanctuaries, vows, and tolerated local observances within the Inner Asian Confederation political sphere.",antq_s2_steppe_cult_local,local,Pasture Assembly Local Observance,Local observance broadens toleration while reducing the reach of an official cult.,tolerance_heathen=1|global_pop_conversion_speed_modifier=-0.05|global_tribes_estate_power=0.03|global_tribes_estate_power=0.02,tribes_estate|peasants_estate,no,P8.3;P11;P13;CAH-XI,contested,"Models confederative bargaining, tribute, pasture, and retinue obligations without projecting later steppe law codes."
steppe,antq_s2_steppe_household_law,household,socioeconomic,Inner Asian Confederation Household and Inheritance,"Defines household succession, guardianship, property transmission, and kin obligation within the Inner Asian Confederation political sphere.",antq_s2_steppe_household_central,central,Chanyu Court Recorded Succession,Recorded succession eases state integration but places family affairs under official scrutiny.,global_integration_speed_modifier=0.035|monthly_towards_centralization=societal_value_minor_monthly_move|global_crown_estate_power=0.03|global_crown_estate_power=0.02,crown_estate,no,P8.3;P11;P13;CAH-XI,contested,"Models confederative bargaining, tribute, pasture, and retinue obligations without projecting later steppe law codes."
steppe,antq_s2_steppe_household_law,household,socioeconomic,Inner Asian Confederation Household and Inheritance,"Defines household succession, guardianship, property transmission, and kin obligation within the Inner Asian Confederation political sphere.",antq_s2_steppe_household_mediated,mediated,Wing Council Lineage Arbitration,"Lineages arbitrate inheritance disputes, preserving elite consent at a cost to central uniformity.",nobles_estate_target_satisfaction=tiny_permanent_target_satisfaction|global_monthly_control=-0.005|global_nobles_estate_power=0.03|global_nobles_estate_power=0.02,nobles_estate|tribes_estate,yes,P8.3;P11;P13;CAH-XI,contested,"Models confederative bargaining, tribute, pasture, and retinue obligations without projecting later steppe law codes."
steppe,antq_s2_steppe_household_law,household,socioeconomic,Inner Asian Confederation Household and Inheritance,"Defines household succession, guardianship, property transmission, and kin obligation within the Inner Asian Confederation political sphere.",antq_s2_steppe_household_local,local,Pasture Assembly Household Custom,Household custom protects local practice and mobility while weakening predictable assessment.,global_pop_assimilation_speed_modifier=0.01|peasants_estate_max_tax=-0.015|global_tribes_estate_power=0.03|global_tribes_estate_power=0.02,peasants_estate|tribes_estate,no,P8.3;P11;P13;CAH-XI,contested,"Models confederative bargaining, tribute, pasture, and retinue obligations without projecting later steppe law codes."
steppe,antq_s2_steppe_commerce_law,commerce,socioeconomic,Inner Asian Confederation Commerce and Market Conduct,"Defines safe conduct, tolls, market oversight, and the standing of merchants within the Inner Asian Confederation political sphere.",antq_s2_steppe_commerce_central,central,Chanyu Court Public Toll Schedule,Published toll schedules improve route revenue and enforcement but privilege official channels.,global_trade_through_owned_territory_efficiency=0.06|global_monthly_control=0.01|global_crown_estate_power=0.03|global_crown_estate_power=0.02,crown_estate,no,P8.3;P11;P13;CAH-XI,contested,"Models confederative bargaining, tribute, pasture, and retinue obligations without projecting later steppe law codes."
steppe,antq_s2_steppe_commerce_law,commerce,socioeconomic,Inner Asian Confederation Commerce and Market Conduct,"Defines safe conduct, tolls, market oversight, and the standing of merchants within the Inner Asian Confederation political sphere.",antq_s2_steppe_commerce_mediated,mediated,Wing Council Merchant Arbitration,Merchant arbitration improves production and exchange while increasing urban political weight.,global_production_efficiency=0.03|global_burghers_estate_power=0.04|global_nobles_estate_power=0.03|global_nobles_estate_power=0.02,burghers_estate|nobles_estate,yes,P8.3;P11;P13;CAH-XI,contested,"Models confederative bargaining, tribute, pasture, and retinue obligations without projecting later steppe law codes."
steppe,antq_s2_steppe_commerce_law,commerce,socioeconomic,Inner Asian Confederation Commerce and Market Conduct,"Defines safe conduct, tolls, market oversight, and the standing of merchants within the Inner Asian Confederation political sphere.",antq_s2_steppe_commerce_local,local,Pasture Assembly Open Local Exchange,Open local exchange reduces barriers and strengthens communities at the expense of central receipts.,global_trade_through_owned_territory_efficiency=0.03|burghers_estate_max_tax=-0.02|global_tribes_estate_power=0.03|global_tribes_estate_power=0.02,peasants_estate|tribes_estate,no,P8.3;P11;P13;CAH-XI,contested,"Models confederative bargaining, tribute, pasture, and retinue obligations without projecting later steppe law codes."
steppe,antq_s2_steppe_coinage_law,coinage,socioeconomic,Inner Asian Confederation Coinage and Standards,"Defines mint authority, accepted standards, weighed media, and seigniorage within the Inner Asian Confederation political sphere.",antq_s2_steppe_coinage_central,central,Chanyu Court Official Standard,An official standard increases mint receipts but makes price stability depend on central restraint.,minting_income_factor=0.10|minting_inflation_threshold=-0.01|global_crown_estate_power=0.03|global_crown_estate_power=0.02,crown_estate,no,P8.3;P11;P13;CAH-XI,contested,"Models confederative bargaining, tribute, pasture, and retinue obligations without projecting later steppe law codes."
steppe,antq_s2_steppe_coinage_law,coinage,socioeconomic,Inner Asian Confederation Coinage and Standards,"Defines mint authority, accepted standards, weighed media, and seigniorage within the Inner Asian Confederation political sphere.",antq_s2_steppe_coinage_mediated,mediated,Wing Council Multiple Civic Issues,Several recognized issues support commerce while sharing monetary authority with urban elites.,minting_income_factor=0.06|global_burghers_estate_power=0.04|global_nobles_estate_power=0.03|global_nobles_estate_power=0.02,burghers_estate|nobles_estate,yes,P8.3;P11;P13;CAH-XI,contested,"Models confederative bargaining, tribute, pasture, and retinue obligations without projecting later steppe law codes."
steppe,antq_s2_steppe_coinage_law,coinage,socioeconomic,Inner Asian Confederation Coinage and Standards,"Defines mint authority, accepted standards, weighed media, and seigniorage within the Inner Asian Confederation political sphere.",antq_s2_steppe_coinage_local,local,Pasture Assembly Weighed Exchange,Weighed and customary exchange is flexible but yields less direct mint revenue.,minting_income_factor=0.025|stability_cost_efficiency=0.02|global_tribes_estate_power=0.03|global_tribes_estate_power=0.02,tribes_estate|peasants_estate,no,P8.3;P11;P13;CAH-XI,contested,"Models confederative bargaining, tribute, pasture, and retinue obligations without projecting later steppe law codes."
steppe,antq_s2_steppe_courts_law,courts,administrative,Inner Asian Confederation Courts and Petition,"Defines the hearing of disputes, appeals, testimony, and petitions within the Inner Asian Confederation political sphere.",antq_s2_steppe_courts_central,central,Chanyu Court Central Appeal,A central appeal improves consistency and state control but increases administrative load.,legislative_efficiency=0.04|country_cabinet_efficiency=-0.015|global_crown_estate_power=0.03|global_crown_estate_power=0.02,crown_estate,no,P8.3;P11;P13;CAH-XI,contested,"Models confederative bargaining, tribute, pasture, and retinue obligations without projecting later steppe law codes."
steppe,antq_s2_steppe_courts_law,courts,administrative,Inner Asian Confederation Courts and Petition,"Defines the hearing of disputes, appeals, testimony, and petitions within the Inner Asian Confederation political sphere.",antq_s2_steppe_courts_mediated,mediated,Wing Council Collegiate Judgment,Collegiate judgment balances elite interests and lowers the political cost of legislation.,stability_cost_efficiency=0.035|global_nobles_estate_power=0.025|global_nobles_estate_power=0.03|global_nobles_estate_power=0.02,nobles_estate|clergy_estate,yes,P8.3;P11;P13;CAH-XI,contested,"Models confederative bargaining, tribute, pasture, and retinue obligations without projecting later steppe law codes."
steppe,antq_s2_steppe_courts_law,courts,administrative,Inner Asian Confederation Courts and Petition,"Defines the hearing of disputes, appeals, testimony, and petitions within the Inner Asian Confederation political sphere.",antq_s2_steppe_courts_local,local,Pasture Assembly Local Composition,Local composition resolves disputes accessibly while limiting uniform precedent.,pop_join_rebel_threshold=-0.015|global_monthly_control=-0.01|global_tribes_estate_power=0.03|global_tribes_estate_power=0.02,peasants_estate|tribes_estate,no,P8.3;P11;P13;CAH-XI,contested,"Models confederative bargaining, tribute, pasture, and retinue obligations without projecting later steppe law codes."
steppe,antq_s2_steppe_offices_law,offices,administrative,Inner Asian Confederation Offices and Appointment,"Defines appointment, tenure, replacement, and accountability in public office within the Inner Asian Confederation political sphere.",antq_s2_steppe_offices_central,central,Chanyu Court Direct Appointment,Direct appointment makes staffing faster but concentrates office in the ruler's hands.,set_cabinet_member_cost_modifier=-0.10|global_crown_estate_power=0.04|global_crown_estate_power=0.03|global_crown_estate_power=0.02,crown_estate,no,P8.3;P11;P13;CAH-XI,contested,"Models confederative bargaining, tribute, pasture, and retinue obligations without projecting later steppe law codes."
steppe,antq_s2_steppe_offices_law,offices,administrative,Inner Asian Confederation Offices and Appointment,"Defines appointment, tenure, replacement, and accountability in public office within the Inner Asian Confederation political sphere.",antq_s2_steppe_offices_mediated,mediated,Wing Council Rotating Office,Rotation broadens access and improves deliberation while making replacement less predictable.,country_cabinet_efficiency=0.03|replace_cabinet_member_cost_modifier=-0.05|global_nobles_estate_power=0.03|global_nobles_estate_power=0.02,burghers_estate|tribes_estate|nobles_estate,yes,P8.3;P11;P13;CAH-XI,contested,"Models confederative bargaining, tribute, pasture, and retinue obligations without projecting later steppe law codes."
steppe,antq_s2_steppe_offices_law,offices,administrative,Inner Asian Confederation Offices and Appointment,"Defines appointment, tenure, replacement, and accountability in public office within the Inner Asian Confederation political sphere.",antq_s2_steppe_offices_local,local,Pasture Assembly Patron-Nominated Office,Patron nomination secures elite cooperation but makes office-holders costly to dislodge.,replace_cabinet_member_cost_modifier=0.15|global_nobles_estate_power=0.04|global_tribes_estate_power=0.03|global_tribes_estate_power=0.02,nobles_estate|tribes_estate,no,P8.3;P11;P13;CAH-XI,contested,"Models confederative bargaining, tribute, pasture, and retinue obligations without projecting later steppe law codes."
steppe,antq_s2_steppe_migration_law,migration,administrative,Inner Asian Confederation Migration and Settlement,"Defines the admission, relocation, patronage, and settlement of mobile households within the Inner Asian Confederation political sphere.",antq_s2_steppe_migration_central,central,Chanyu Court Directed Settlement,Directed settlement accelerates incorporation and control but privileges central priorities.,global_pop_assimilation_speed_modifier=0.02|global_monthly_control=0.01|global_crown_estate_power=0.03|global_crown_estate_power=0.02,crown_estate,no,P8.3;P11;P13;CAH-XI,contested,"Models confederative bargaining, tribute, pasture, and retinue obligations without projecting later steppe law codes."
steppe,antq_s2_steppe_migration_law,migration,administrative,Inner Asian Confederation Migration and Settlement,"Defines the admission, relocation, patronage, and settlement of mobile households within the Inner Asian Confederation political sphere.",antq_s2_steppe_migration_mediated,mediated,Wing Council Sponsored Communities,"Recognized communities sponsor newcomers, balancing integration with corporate autonomy.",global_integration_speed_modifier=0.025|global_burghers_estate_power=0.025|global_nobles_estate_power=0.03|global_nobles_estate_power=0.02,burghers_estate|tribes_estate|nobles_estate,yes,P8.3;P11;P13;CAH-XI,contested,"Models confederative bargaining, tribute, pasture, and retinue obligations without projecting later steppe law codes."
steppe,antq_s2_steppe_migration_law,migration,administrative,Inner Asian Confederation Migration and Settlement,"Defines the admission, relocation, patronage, and settlement of mobile households within the Inner Asian Confederation political sphere.",antq_s2_steppe_migration_local,local,Pasture Assembly Negotiated Passage,Negotiated passage reduces cultural friction while leaving migration weakly supervised.,tolerance_heathen=1|global_pop_assimilation_speed_modifier=-0.01|global_tribes_estate_power=0.03|global_tribes_estate_power=0.02,peasants_estate|tribes_estate,no,P8.3;P11;P13;CAH-XI,contested,"Models confederative bargaining, tribute, pasture, and retinue obligations without projecting later steppe law codes."
steppe,antq_s2_steppe_external_law,external,administrative,"Inner Asian Confederation Envoys, Clients, and External Compacts","Defines envoys, tributary obligations, client rulers, hostages, and negotiated peace within the Inner Asian Confederation political sphere.",antq_s2_steppe_external_central,central,Chanyu Court Central Envoys,Central envoys improve diplomatic standing but demand sustained court resources.,diplomatic_reputation=1|country_cabinet_efficiency=-0.01|global_crown_estate_power=0.03|global_crown_estate_power=0.02,crown_estate,no,P8.3;P11;P13;CAH-XI,contested,"Models confederative bargaining, tribute, pasture, and retinue obligations without projecting later steppe law codes."
steppe,antq_s2_steppe_external_law,external,administrative,"Inner Asian Confederation Envoys, Clients, and External Compacts","Defines envoys, tributary obligations, client rulers, hostages, and negotiated peace within the Inner Asian Confederation political sphere.",antq_s2_steppe_external_mediated,mediated,Wing Council Client Mediation,Client mediation strengthens subordinate loyalty while empowering intermediary rulers.,subject_loyalty=5|global_nobles_estate_power=0.03|global_nobles_estate_power=0.03|global_nobles_estate_power=0.02,nobles_estate|tribes_estate,yes,P8.3;P11;P13;CAH-XI,contested,"Models confederative bargaining, tribute, pasture, and retinue obligations without projecting later steppe law codes."
steppe,antq_s2_steppe_external_law,external,administrative,"Inner Asian Confederation Envoys, Clients, and External Compacts","Defines envoys, tributary obligations, client rulers, hostages, and negotiated peace within the Inner Asian Confederation political sphere.",antq_s2_steppe_external_local,local,Pasture Assembly Reciprocal Compacts,Reciprocal compacts broaden diplomatic capacity but bind the center to negotiated obligations.,diplomatic_capacity_modifier=0.05|monthly_towards_outward=societal_value_minor_monthly_move|global_tribes_estate_power=0.03|global_tribes_estate_power=0.02,burghers_estate|tribes_estate,no,P8.3;P11;P13;CAH-XI,contested,"Models confederative bargaining, tribute, pasture, and retinue obligations without projecting later steppe law codes."
germanic,antq_s2_germanic_status_law,status,socioeconomic,Germanic Status and Incorporation,Defines who receives protected public standing and how outsiders enter it within the Germanic political sphere.,antq_s2_germanic_status_central,central,King's Following Status Register,A central register defines protected status efficiently but concentrates political authority.,global_integration_speed_modifier=0.06|global_pop_assimilation_speed_modifier=0.01|nobles_estate_target_satisfaction=tiny_permanent_target_satisfaction|global_nobles_estate_power=0.02,crown_estate|nobles_estate,no,P8.7;P11;P13;TAC-GER,contested,Uses Tacitus critically alongside archaeology and does not impose a single constitution on distinct peoples.
germanic,antq_s2_germanic_status_law,status,socioeconomic,Germanic Status and Incorporation,Defines who receives protected public standing and how outsiders enter it within the Germanic political sphere.,antq_s2_germanic_status_mediated,mediated,People's Assembly Graduated Standing,"Recognized communities mediate several grades of status, trading speed for accommodation.",global_integration_speed_modifier=0.03|pop_join_rebel_threshold=-0.01|global_tribes_estate_power=0.03|global_tribes_estate_power=0.02,nobles_estate|burghers_estate|tribes_estate,yes,P8.7;P11;P13;TAC-GER,contested,Uses Tacitus critically alongside archaeology and does not impose a single constitution on distinct peoples.
germanic,antq_s2_germanic_status_law,status,socioeconomic,Germanic Status and Incorporation,Defines who receives protected public standing and how outsiders enter it within the Germanic political sphere.,antq_s2_germanic_status_local,local,Kindred Local Admission,"Local bodies admit households flexibly, easing friction while weakening uniform administration.",global_pop_assimilation_speed_modifier=0.025|global_monthly_control=-0.01|monthly_towards_decentralization=societal_value_minor_monthly_move|global_peasants_estate_power=0.02,peasants_estate|tribes_estate,no,P8.7;P11;P13;TAC-GER,contested,Uses Tacitus critically alongside archaeology and does not impose a single constitution on distinct peoples.
germanic,antq_s2_germanic_dependent_labor_law,dependent_labor,socioeconomic,Germanic Dependent Labor and Manumission,"Defines the obligations, sale, protection, and release of dependent laborers within the Germanic political sphere.",antq_s2_germanic_dependent_labor_central,central,King's Following Recorded Obligations,"Officials record dependent obligations and taxable releases, improving oversight at social cost.",peasants_estate_max_tax=0.03|pop_join_rebel_threshold=0.01|nobles_estate_target_satisfaction=tiny_permanent_target_satisfaction|global_nobles_estate_power=0.02,crown_estate|nobles_estate,no,P8.7;P11;P13;TAC-GER,contested,Uses Tacitus critically alongside archaeology and does not impose a single constitution on distinct peoples.
germanic,antq_s2_germanic_dependent_labor_law,dependent_labor,socioeconomic,Germanic Dependent Labor and Manumission,"Defines the obligations, sale, protection, and release of dependent laborers within the Germanic political sphere.",antq_s2_germanic_dependent_labor_mediated,mediated,People's Assembly Protected Manumission,Protected routes to release improve incorporation while reducing elite extraction.,global_pop_assimilation_speed_modifier=0.02|nobles_estate_max_tax=-0.02|global_tribes_estate_power=0.03|global_tribes_estate_power=0.02,peasants_estate|burghers_estate|tribes_estate,yes,P8.7;P11;P13;TAC-GER,contested,Uses Tacitus critically alongside archaeology and does not impose a single constitution on distinct peoples.
germanic,antq_s2_germanic_dependent_labor_law,dependent_labor,socioeconomic,Germanic Dependent Labor and Manumission,"Defines the obligations, sale, protection, and release of dependent laborers within the Germanic political sphere.",antq_s2_germanic_dependent_labor_local,local,Kindred Household Dependence,"Households regulate dependency locally, lowering provisioning burdens but entrenching private power.",global_pop_food_consumption=-0.01|peasants_estate_max_tax=0.02|monthly_towards_decentralization=societal_value_minor_monthly_move|global_peasants_estate_power=0.02,nobles_estate|tribes_estate|peasants_estate,no,P8.7;P11;P13;TAC-GER,contested,Uses Tacitus critically alongside archaeology and does not impose a single constitution on distinct peoples.
germanic,antq_s2_germanic_revenue_law,revenue,administrative,Germanic Revenue and Assessment,Defines how communities are assessed and how public obligations are collected within the Germanic political sphere.,antq_s2_germanic_revenue_central,central,King's Following Assessed Registers,Regular assessment improves extraction and control but enlarges the central administrative burden.,peasants_estate_max_tax=0.04|global_monthly_control=0.015|nobles_estate_target_satisfaction=tiny_permanent_target_satisfaction|global_nobles_estate_power=0.02,crown_estate|nobles_estate,no,P8.7;P11;P13;TAC-GER,contested,Uses Tacitus critically alongside archaeology and does not impose a single constitution on distinct peoples.
germanic,antq_s2_germanic_revenue_law,revenue,administrative,Germanic Revenue and Assessment,Defines how communities are assessed and how public obligations are collected within the Germanic political sphere.,antq_s2_germanic_revenue_mediated,mediated,People's Assembly Negotiated Quotas,"Councils bargain fixed contributions, supporting legitimacy at the expense of maximum revenue.",burghers_estate_max_tax=0.025|stability_cost_efficiency=0.025|global_tribes_estate_power=0.03|global_tribes_estate_power=0.02,burghers_estate|nobles_estate|tribes_estate,yes,P8.7;P11;P13;TAC-GER,contested,Uses Tacitus critically alongside archaeology and does not impose a single constitution on distinct peoples.
germanic,antq_s2_germanic_revenue_law,revenue,administrative,Germanic Revenue and Assessment,Defines how communities are assessed and how public obligations are collected within the Germanic political sphere.,antq_s2_germanic_revenue_local,local,Kindred In-Kind Contributions,"Communities meet obligations in kind, sustaining production while leaving more local discretion.",global_production_efficiency=0.025|monthly_towards_decentralization=societal_value_minor_monthly_move|monthly_towards_decentralization=societal_value_minor_monthly_move|global_peasants_estate_power=0.02,peasants_estate|tribes_estate,no,P8.7;P11;P13;TAC-GER,contested,Uses Tacitus critically alongside archaeology and does not impose a single constitution on distinct peoples.
germanic,antq_s2_germanic_land_law,land,socioeconomic,Germanic Land Tenure and Agrarian Duty,"Defines access to land, agrarian dues, and collective maintenance within the Germanic political sphere.",antq_s2_germanic_land_central,central,King's Following Surveyed Allotments,Surveyed allotments support control and predictable dues but privilege central claims.,global_max_rural_control=0.03|global_monthly_control=0.01|nobles_estate_target_satisfaction=tiny_permanent_target_satisfaction|global_nobles_estate_power=0.02,crown_estate|nobles_estate,no,P8.7;P11;P13;TAC-GER,contested,Uses Tacitus critically alongside archaeology and does not impose a single constitution on distinct peoples.
germanic,antq_s2_germanic_land_law,land,socioeconomic,Germanic Land Tenure and Agrarian Duty,"Defines access to land, agrarian dues, and collective maintenance within the Germanic political sphere.",antq_s2_germanic_land_mediated,mediated,People's Assembly Estate Stewardship,Leading estates organize cultivation efficiently while increasing aristocratic leverage.,global_monthly_food_modifier=0.025|global_nobles_estate_power=0.04|global_tribes_estate_power=0.03|global_tribes_estate_power=0.02,nobles_estate|tribes_estate,yes,P8.7;P11;P13;TAC-GER,contested,Uses Tacitus critically alongside archaeology and does not impose a single constitution on distinct peoples.
germanic,antq_s2_germanic_land_law,land,socioeconomic,Germanic Land Tenure and Agrarian Duty,"Defines access to land, agrarian dues, and collective maintenance within the Germanic political sphere.",antq_s2_germanic_land_local,local,Kindred Communal Tenure,Communal tenure protects subsistence and local resilience while limiting direct control.,global_pop_food_consumption=-0.01|global_max_rural_control=-0.02|monthly_towards_decentralization=societal_value_minor_monthly_move|global_peasants_estate_power=0.02,peasants_estate|tribes_estate,no,P8.7;P11;P13;TAC-GER,contested,Uses Tacitus critically alongside archaeology and does not impose a single constitution on distinct peoples.
germanic,antq_s2_germanic_muster_law,muster,military,Germanic Military Service and Muster,"Defines who serves, for how long, and through which public or household obligation within the Germanic political sphere.",antq_s2_germanic_muster_central,central,King's Following Registered Service,Registered service raises dependable forces but increases administrative and social pressure.,global_levy_size_modifier=0.075|global_levy_recruitment_speed_modifier=-0.05|nobles_estate_target_satisfaction=tiny_permanent_target_satisfaction|global_nobles_estate_power=0.02,crown_estate|nobles_estate,no,P8.7;P11;P13;TAC-GER,contested,Uses Tacitus critically alongside archaeology and does not impose a single constitution on distinct peoples.
germanic,antq_s2_germanic_muster_law,muster,military,Germanic Military Service and Muster,"Defines who serves, for how long, and through which public or household obligation within the Germanic political sphere.",antq_s2_germanic_muster_mediated,mediated,People's Assembly Retinue Service,Elite retinues improve cohesion and morale while narrowing the military base.,land_morale_modifier=0.02|global_levy_size_modifier=-0.025|global_tribes_estate_power=0.03|global_tribes_estate_power=0.02,nobles_estate|tribes_estate,yes,P8.7;P11;P13;TAC-GER,contested,Uses Tacitus critically alongside archaeology and does not impose a single constitution on distinct peoples.
germanic,antq_s2_germanic_muster_law,muster,military,Germanic Military Service and Muster,"Defines who serves, for how long, and through which public or household obligation within the Germanic political sphere.",antq_s2_germanic_muster_local,local,Kindred Community Muster,A broad seasonal muster supplies numbers quickly but sacrifices some battlefield efficiency.,global_levy_recruitment_speed_modifier=0.10|levy_combat_efficiency_modifier=-0.04|monthly_towards_decentralization=societal_value_minor_monthly_move|global_peasants_estate_power=0.02,peasants_estate|tribes_estate,no,P8.7;P11;P13;TAC-GER,contested,Uses Tacitus critically alongside archaeology and does not impose a single constitution on distinct peoples.
germanic,antq_s2_germanic_local_rule_law,local_rule,administrative,Germanic Local and Provincial Rule,"Defines the balance among central officers, intermediary councils, and local communities within the Germanic political sphere.",antq_s2_germanic_local_rule_central,central,King's Following Appointed Officers,Appointed officers improve coordination and control but strengthen the center.,country_cabinet_efficiency=0.04|global_monthly_control=0.015|nobles_estate_target_satisfaction=tiny_permanent_target_satisfaction|global_nobles_estate_power=0.02,crown_estate|nobles_estate,no,P8.7;P11;P13;TAC-GER,contested,Uses Tacitus critically alongside archaeology and does not impose a single constitution on distinct peoples.
germanic,antq_s2_germanic_local_rule_law,local_rule,administrative,Germanic Local and Provincial Rule,"Defines the balance among central officers, intermediary councils, and local communities within the Germanic political sphere.",antq_s2_germanic_local_rule_mediated,mediated,People's Assembly Mediated Councils,Intermediary councils improve cabinet throughput while preserving negotiated authority.,legislative_efficiency=0.04|stability_cost_efficiency=0.02|global_tribes_estate_power=0.03|global_tribes_estate_power=0.02,nobles_estate|burghers_estate|tribes_estate,yes,P8.7;P11;P13;TAC-GER,contested,Uses Tacitus critically alongside archaeology and does not impose a single constitution on distinct peoples.
germanic,antq_s2_germanic_local_rule_law,local_rule,administrative,Germanic Local and Provincial Rule,"Defines the balance among central officers, intermediary councils, and local communities within the Germanic political sphere.",antq_s2_germanic_local_rule_local,local,Kindred Local Custody,Local custody lowers resistance and administrative reach together.,pop_join_rebel_threshold=-0.02|global_max_rural_control=-0.025|monthly_towards_decentralization=societal_value_minor_monthly_move|global_peasants_estate_power=0.02,peasants_estate|tribes_estate,no,P8.7;P11;P13;TAC-GER,contested,Uses Tacitus critically alongside archaeology and does not impose a single constitution on distinct peoples.
germanic,antq_s2_germanic_cult_law,cult,religious,Germanic Public Cult and Ritual Custody,"Defines who maintains public rites, sanctuaries, vows, and tolerated local observances within the Germanic political sphere.",antq_s2_germanic_cult_central,central,King's Following Public Rite,"The central authority sponsors public rites, strengthening religious administration but narrowing plural practice.",global_pop_conversion_speed_modifier=0.08|tolerance_heathen=-1|nobles_estate_target_satisfaction=tiny_permanent_target_satisfaction|global_nobles_estate_power=0.02,crown_estate|clergy_estate|nobles_estate,no,P8.7;P11;P13;TAC-GER,contested,Uses Tacitus critically alongside archaeology and does not impose a single constitution on distinct peoples.
germanic,antq_s2_germanic_cult_law,cult,religious,Germanic Public Cult and Ritual Custody,"Defines who maintains public rites, sanctuaries, vows, and tolerated local observances within the Germanic political sphere.",antq_s2_germanic_cult_mediated,mediated,People's Assembly Collegiate Custody,Recognized colleges and sanctuaries share ritual custody and stabilize elite bargains.,clergy_estate_target_satisfaction=small_permanent_target_satisfaction|stability_cost_efficiency=0.02|global_tribes_estate_power=0.03|global_tribes_estate_power=0.02,clergy_estate|nobles_estate|tribes_estate,yes,P8.7;P11;P13;TAC-GER,contested,Uses Tacitus critically alongside archaeology and does not impose a single constitution on distinct peoples.
germanic,antq_s2_germanic_cult_law,cult,religious,Germanic Public Cult and Ritual Custody,"Defines who maintains public rites, sanctuaries, vows, and tolerated local observances within the Germanic political sphere.",antq_s2_germanic_cult_local,local,Kindred Local Observance,Local observance broadens toleration while reducing the reach of an official cult.,tolerance_heathen=1|global_pop_conversion_speed_modifier=-0.05|monthly_towards_decentralization=societal_value_minor_monthly_move|global_peasants_estate_power=0.02,tribes_estate|peasants_estate,no,P8.7;P11;P13;TAC-GER,contested,Uses Tacitus critically alongside archaeology and does not impose a single constitution on distinct peoples.
germanic,antq_s2_germanic_household_law,household,socioeconomic,Germanic Household and Inheritance,"Defines household succession, guardianship, property transmission, and kin obligation within the Germanic political sphere.",antq_s2_germanic_household_central,central,King's Following Recorded Succession,Recorded succession eases state integration but places family affairs under official scrutiny.,global_integration_speed_modifier=0.035|monthly_towards_centralization=societal_value_minor_monthly_move|nobles_estate_target_satisfaction=tiny_permanent_target_satisfaction|global_nobles_estate_power=0.02,crown_estate|nobles_estate,no,P8.7;P11;P13;TAC-GER,contested,Uses Tacitus critically alongside archaeology and does not impose a single constitution on distinct peoples.
germanic,antq_s2_germanic_household_law,household,socioeconomic,Germanic Household and Inheritance,"Defines household succession, guardianship, property transmission, and kin obligation within the Germanic political sphere.",antq_s2_germanic_household_mediated,mediated,People's Assembly Lineage Arbitration,"Lineages arbitrate inheritance disputes, preserving elite consent at a cost to central uniformity.",nobles_estate_target_satisfaction=tiny_permanent_target_satisfaction|global_monthly_control=-0.005|global_tribes_estate_power=0.03|global_tribes_estate_power=0.02,nobles_estate|tribes_estate,yes,P8.7;P11;P13;TAC-GER,contested,Uses Tacitus critically alongside archaeology and does not impose a single constitution on distinct peoples.
germanic,antq_s2_germanic_household_law,household,socioeconomic,Germanic Household and Inheritance,"Defines household succession, guardianship, property transmission, and kin obligation within the Germanic political sphere.",antq_s2_germanic_household_local,local,Kindred Household Custom,Household custom protects local practice and mobility while weakening predictable assessment.,global_pop_assimilation_speed_modifier=0.01|peasants_estate_max_tax=-0.015|monthly_towards_decentralization=societal_value_minor_monthly_move|global_peasants_estate_power=0.02,peasants_estate,no,P8.7;P11;P13;TAC-GER,contested,Uses Tacitus critically alongside archaeology and does not impose a single constitution on distinct peoples.
germanic,antq_s2_germanic_commerce_law,commerce,socioeconomic,Germanic Commerce and Market Conduct,"Defines safe conduct, tolls, market oversight, and the standing of merchants within the Germanic political sphere.",antq_s2_germanic_commerce_central,central,King's Following Public Toll Schedule,Published toll schedules improve route revenue and enforcement but privilege official channels.,global_trade_through_owned_territory_efficiency=0.06|global_monthly_control=0.01|nobles_estate_target_satisfaction=tiny_permanent_target_satisfaction|global_nobles_estate_power=0.02,crown_estate|nobles_estate,no,P8.7;P11;P13;TAC-GER,contested,Uses Tacitus critically alongside archaeology and does not impose a single constitution on distinct peoples.
germanic,antq_s2_germanic_commerce_law,commerce,socioeconomic,Germanic Commerce and Market Conduct,"Defines safe conduct, tolls, market oversight, and the standing of merchants within the Germanic political sphere.",antq_s2_germanic_commerce_mediated,mediated,People's Assembly Merchant Arbitration,Merchant arbitration improves production and exchange while increasing urban political weight.,global_production_efficiency=0.03|global_burghers_estate_power=0.04|global_tribes_estate_power=0.03|global_tribes_estate_power=0.02,burghers_estate|tribes_estate,yes,P8.7;P11;P13;TAC-GER,contested,Uses Tacitus critically alongside archaeology and does not impose a single constitution on distinct peoples.
germanic,antq_s2_germanic_commerce_law,commerce,socioeconomic,Germanic Commerce and Market Conduct,"Defines safe conduct, tolls, market oversight, and the standing of merchants within the Germanic political sphere.",antq_s2_germanic_commerce_local,local,Kindred Open Local Exchange,Open local exchange reduces barriers and strengthens communities at the expense of central receipts.,global_trade_through_owned_territory_efficiency=0.03|burghers_estate_max_tax=-0.02|monthly_towards_decentralization=societal_value_minor_monthly_move|global_peasants_estate_power=0.02,peasants_estate|tribes_estate,no,P8.7;P11;P13;TAC-GER,contested,Uses Tacitus critically alongside archaeology and does not impose a single constitution on distinct peoples.
germanic,antq_s2_germanic_coinage_law,coinage,socioeconomic,Germanic Coinage and Standards,"Defines mint authority, accepted standards, weighed media, and seigniorage within the Germanic political sphere.",antq_s2_germanic_coinage_central,central,King's Following Official Standard,An official standard increases mint receipts but makes price stability depend on central restraint.,minting_income_factor=0.10|minting_inflation_threshold=-0.01|nobles_estate_target_satisfaction=tiny_permanent_target_satisfaction|global_nobles_estate_power=0.02,crown_estate|nobles_estate,no,P8.7;P11;P13;TAC-GER,contested,Uses Tacitus critically alongside archaeology and does not impose a single constitution on distinct peoples.
germanic,antq_s2_germanic_coinage_law,coinage,socioeconomic,Germanic Coinage and Standards,"Defines mint authority, accepted standards, weighed media, and seigniorage within the Germanic political sphere.",antq_s2_germanic_coinage_mediated,mediated,People's Assembly Multiple Civic Issues,Several recognized issues support commerce while sharing monetary authority with urban elites.,minting_income_factor=0.06|global_burghers_estate_power=0.04|global_tribes_estate_power=0.03|global_tribes_estate_power=0.02,burghers_estate|tribes_estate,yes,P8.7;P11;P13;TAC-GER,contested,Uses Tacitus critically alongside archaeology and does not impose a single constitution on distinct peoples.
germanic,antq_s2_germanic_coinage_law,coinage,socioeconomic,Germanic Coinage and Standards,"Defines mint authority, accepted standards, weighed media, and seigniorage within the Germanic political sphere.",antq_s2_germanic_coinage_local,local,Kindred Weighed Exchange,Weighed and customary exchange is flexible but yields less direct mint revenue.,minting_income_factor=0.025|stability_cost_efficiency=0.02|monthly_towards_decentralization=societal_value_minor_monthly_move|global_peasants_estate_power=0.02,tribes_estate|peasants_estate,no,P8.7;P11;P13;TAC-GER,contested,Uses Tacitus critically alongside archaeology and does not impose a single constitution on distinct peoples.
germanic,antq_s2_germanic_courts_law,courts,administrative,Germanic Courts and Petition,"Defines the hearing of disputes, appeals, testimony, and petitions within the Germanic political sphere.",antq_s2_germanic_courts_central,central,King's Following Central Appeal,A central appeal improves consistency and state control but increases administrative load.,legislative_efficiency=0.04|country_cabinet_efficiency=-0.015|nobles_estate_target_satisfaction=tiny_permanent_target_satisfaction|global_nobles_estate_power=0.02,crown_estate|nobles_estate,no,P8.7;P11;P13;TAC-GER,contested,Uses Tacitus critically alongside archaeology and does not impose a single constitution on distinct peoples.
germanic,antq_s2_germanic_courts_law,courts,administrative,Germanic Courts and Petition,"Defines the hearing of disputes, appeals, testimony, and petitions within the Germanic political sphere.",antq_s2_germanic_courts_mediated,mediated,People's Assembly Collegiate Judgment,Collegiate judgment balances elite interests and lowers the political cost of legislation.,stability_cost_efficiency=0.035|global_nobles_estate_power=0.025|global_tribes_estate_power=0.03|global_tribes_estate_power=0.02,nobles_estate|clergy_estate|tribes_estate,yes,P8.7;P11;P13;TAC-GER,contested,Uses Tacitus critically alongside archaeology and does not impose a single constitution on distinct peoples.
germanic,antq_s2_germanic_courts_law,courts,administrative,Germanic Courts and Petition,"Defines the hearing of disputes, appeals, testimony, and petitions within the Germanic political sphere.",antq_s2_germanic_courts_local,local,Kindred Local Composition,Local composition resolves disputes accessibly while limiting uniform precedent.,pop_join_rebel_threshold=-0.015|global_monthly_control=-0.01|monthly_towards_decentralization=societal_value_minor_monthly_move|global_peasants_estate_power=0.02,peasants_estate|tribes_estate,no,P8.7;P11;P13;TAC-GER,contested,Uses Tacitus critically alongside archaeology and does not impose a single constitution on distinct peoples.
germanic,antq_s2_germanic_offices_law,offices,administrative,Germanic Offices and Appointment,"Defines appointment, tenure, replacement, and accountability in public office within the Germanic political sphere.",antq_s2_germanic_offices_central,central,King's Following Direct Appointment,Direct appointment makes staffing faster but concentrates office in the ruler's hands.,set_cabinet_member_cost_modifier=-0.10|global_crown_estate_power=0.04|nobles_estate_target_satisfaction=tiny_permanent_target_satisfaction|global_nobles_estate_power=0.02,crown_estate|nobles_estate,no,P8.7;P11;P13;TAC-GER,contested,Uses Tacitus critically alongside archaeology and does not impose a single constitution on distinct peoples.
germanic,antq_s2_germanic_offices_law,offices,administrative,Germanic Offices and Appointment,"Defines appointment, tenure, replacement, and accountability in public office within the Germanic political sphere.",antq_s2_germanic_offices_mediated,mediated,People's Assembly Rotating Office,Rotation broadens access and improves deliberation while making replacement less predictable.,country_cabinet_efficiency=0.03|replace_cabinet_member_cost_modifier=-0.05|global_tribes_estate_power=0.03|global_tribes_estate_power=0.02,burghers_estate|tribes_estate,yes,P8.7;P11;P13;TAC-GER,contested,Uses Tacitus critically alongside archaeology and does not impose a single constitution on distinct peoples.
germanic,antq_s2_germanic_offices_law,offices,administrative,Germanic Offices and Appointment,"Defines appointment, tenure, replacement, and accountability in public office within the Germanic political sphere.",antq_s2_germanic_offices_local,local,Kindred Patron-Nominated Office,Patron nomination secures elite cooperation but makes office-holders costly to dislodge.,replace_cabinet_member_cost_modifier=0.15|global_nobles_estate_power=0.04|monthly_towards_decentralization=societal_value_minor_monthly_move|global_peasants_estate_power=0.02,nobles_estate|peasants_estate,no,P8.7;P11;P13;TAC-GER,contested,Uses Tacitus critically alongside archaeology and does not impose a single constitution on distinct peoples.
germanic,antq_s2_germanic_migration_law,migration,administrative,Germanic Migration and Settlement,"Defines the admission, relocation, patronage, and settlement of mobile households within the Germanic political sphere.",antq_s2_germanic_migration_central,central,King's Following Directed Settlement,Directed settlement accelerates incorporation and control but privileges central priorities.,global_pop_assimilation_speed_modifier=0.02|global_monthly_control=0.01|nobles_estate_target_satisfaction=tiny_permanent_target_satisfaction|global_nobles_estate_power=0.02,crown_estate|nobles_estate,no,P8.7;P11;P13;TAC-GER,contested,Uses Tacitus critically alongside archaeology and does not impose a single constitution on distinct peoples.
germanic,antq_s2_germanic_migration_law,migration,administrative,Germanic Migration and Settlement,"Defines the admission, relocation, patronage, and settlement of mobile households within the Germanic political sphere.",antq_s2_germanic_migration_mediated,mediated,People's Assembly Sponsored Communities,"Recognized communities sponsor newcomers, balancing integration with corporate autonomy.",global_integration_speed_modifier=0.025|global_burghers_estate_power=0.025|global_tribes_estate_power=0.03|global_tribes_estate_power=0.02,burghers_estate|tribes_estate,yes,P8.7;P11;P13;TAC-GER,contested,Uses Tacitus critically alongside archaeology and does not impose a single constitution on distinct peoples.
germanic,antq_s2_germanic_migration_law,migration,administrative,Germanic Migration and Settlement,"Defines the admission, relocation, patronage, and settlement of mobile households within the Germanic political sphere.",antq_s2_germanic_migration_local,local,Kindred Negotiated Passage,Negotiated passage reduces cultural friction while leaving migration weakly supervised.,tolerance_heathen=1|global_pop_assimilation_speed_modifier=-0.01|monthly_towards_decentralization=societal_value_minor_monthly_move|global_peasants_estate_power=0.02,peasants_estate|tribes_estate,no,P8.7;P11;P13;TAC-GER,contested,Uses Tacitus critically alongside archaeology and does not impose a single constitution on distinct peoples.
germanic,antq_s2_germanic_external_law,external,administrative,"Germanic Envoys, Clients, and External Compacts","Defines envoys, tributary obligations, client rulers, hostages, and negotiated peace within the Germanic political sphere.",antq_s2_germanic_external_central,central,King's Following Central Envoys,Central envoys improve diplomatic standing but demand sustained court resources.,diplomatic_reputation=1|country_cabinet_efficiency=-0.01|nobles_estate_target_satisfaction=tiny_permanent_target_satisfaction|global_nobles_estate_power=0.02,crown_estate|nobles_estate,no,P8.7;P11;P13;TAC-GER,contested,Uses Tacitus critically alongside archaeology and does not impose a single constitution on distinct peoples.
germanic,antq_s2_germanic_external_law,external,administrative,"Germanic Envoys, Clients, and External Compacts","Defines envoys, tributary obligations, client rulers, hostages, and negotiated peace within the Germanic political sphere.",antq_s2_germanic_external_mediated,mediated,People's Assembly Client Mediation,Client mediation strengthens subordinate loyalty while empowering intermediary rulers.,subject_loyalty=5|global_nobles_estate_power=0.03|global_tribes_estate_power=0.03|global_tribes_estate_power=0.02,nobles_estate|tribes_estate,yes,P8.7;P11;P13;TAC-GER,contested,Uses Tacitus critically alongside archaeology and does not impose a single constitution on distinct peoples.
germanic,antq_s2_germanic_external_law,external,administrative,"Germanic Envoys, Clients, and External Compacts","Defines envoys, tributary obligations, client rulers, hostages, and negotiated peace within the Germanic political sphere.",antq_s2_germanic_external_local,local,Kindred Reciprocal Compacts,Reciprocal compacts broaden diplomatic capacity but bind the center to negotiated obligations.,diplomatic_capacity_modifier=0.05|monthly_towards_outward=societal_value_minor_monthly_move|monthly_towards_decentralization=societal_value_minor_monthly_move|global_peasants_estate_power=0.02,burghers_estate|tribes_estate|peasants_estate,no,P8.7;P11;P13;TAC-GER,contested,Uses Tacitus critically alongside archaeology and does not impose a single constitution on distinct peoples.
celtic,antq_s2_celtic_status_law,status,socioeconomic,Brittonic-Hibernian Status and Incorporation,Defines who receives protected public standing and how outsiders enter it within the Brittonic-Hibernian political sphere.,antq_s2_celtic_status_central,central,Royal Retinue Status Register,A central register defines protected status efficiently but concentrates political authority.,global_integration_speed_modifier=0.06|global_pop_assimilation_speed_modifier=0.01|global_nobles_estate_power=0.03|global_nobles_estate_power=0.02,crown_estate|nobles_estate,no,P8.7;P11;P13;HE-HILLFORT;NMI-IRON-AGE,contested,Separates gameplay choices from later insular law tracts and from claims of a uniform druidic state.
celtic,antq_s2_celtic_status_law,status,socioeconomic,Brittonic-Hibernian Status and Incorporation,Defines who receives protected public standing and how outsiders enter it within the Brittonic-Hibernian political sphere.,antq_s2_celtic_status_mediated,mediated,Gathered Council Graduated Standing,"Recognized communities mediate several grades of status, trading speed for accommodation.",global_integration_speed_modifier=0.03|pop_join_rebel_threshold=-0.01|global_tribes_estate_power=0.03|global_tribes_estate_power=0.02,nobles_estate|burghers_estate|tribes_estate,yes,P8.7;P11;P13;HE-HILLFORT;NMI-IRON-AGE,contested,Separates gameplay choices from later insular law tracts and from claims of a uniform druidic state.
celtic,antq_s2_celtic_status_law,status,socioeconomic,Brittonic-Hibernian Status and Incorporation,Defines who receives protected public standing and how outsiders enter it within the Brittonic-Hibernian political sphere.,antq_s2_celtic_status_local,local,Kin Community Local Admission,"Local bodies admit households flexibly, easing friction while weakening uniform administration.",global_pop_assimilation_speed_modifier=0.025|global_monthly_control=-0.01|global_clergy_estate_power=0.03|global_clergy_estate_power=0.02,peasants_estate|tribes_estate|clergy_estate,no,P8.7;P11;P13;HE-HILLFORT;NMI-IRON-AGE,contested,Separates gameplay choices from later insular law tracts and from claims of a uniform druidic state.
celtic,antq_s2_celtic_dependent_labor_law,dependent_labor,socioeconomic,Brittonic-Hibernian Dependent Labor and Manumission,"Defines the obligations, sale, protection, and release of dependent laborers within the Brittonic-Hibernian political sphere.",antq_s2_celtic_dependent_labor_central,central,Royal Retinue Recorded Obligations,"Officials record dependent obligations and taxable releases, improving oversight at social cost.",peasants_estate_max_tax=0.03|pop_join_rebel_threshold=0.01|global_nobles_estate_power=0.03|global_nobles_estate_power=0.02,crown_estate|nobles_estate,no,P8.7;P11;P13;HE-HILLFORT;NMI-IRON-AGE,contested,Separates gameplay choices from later insular law tracts and from claims of a uniform druidic state.
celtic,antq_s2_celtic_dependent_labor_law,dependent_labor,socioeconomic,Brittonic-Hibernian Dependent Labor and Manumission,"Defines the obligations, sale, protection, and release of dependent laborers within the Brittonic-Hibernian political sphere.",antq_s2_celtic_dependent_labor_mediated,mediated,Gathered Council Protected Manumission,Protected routes to release improve incorporation while reducing elite extraction.,global_pop_assimilation_speed_modifier=0.02|nobles_estate_max_tax=-0.02|global_tribes_estate_power=0.03|global_tribes_estate_power=0.02,peasants_estate|burghers_estate|tribes_estate,yes,P8.7;P11;P13;HE-HILLFORT;NMI-IRON-AGE,contested,Separates gameplay choices from later insular law tracts and from claims of a uniform druidic state.
celtic,antq_s2_celtic_dependent_labor_law,dependent_labor,socioeconomic,Brittonic-Hibernian Dependent Labor and Manumission,"Defines the obligations, sale, protection, and release of dependent laborers within the Brittonic-Hibernian political sphere.",antq_s2_celtic_dependent_labor_local,local,Kin Community Household Dependence,"Households regulate dependency locally, lowering provisioning burdens but entrenching private power.",global_pop_food_consumption=-0.01|peasants_estate_max_tax=0.02|global_clergy_estate_power=0.03|global_clergy_estate_power=0.02,nobles_estate|tribes_estate|clergy_estate,no,P8.7;P11;P13;HE-HILLFORT;NMI-IRON-AGE,contested,Separates gameplay choices from later insular law tracts and from claims of a uniform druidic state.
celtic,antq_s2_celtic_revenue_law,revenue,administrative,Brittonic-Hibernian Revenue and Assessment,Defines how communities are assessed and how public obligations are collected within the Brittonic-Hibernian political sphere.,antq_s2_celtic_revenue_central,central,Royal Retinue Assessed Registers,Regular assessment improves extraction and control but enlarges the central administrative burden.,peasants_estate_max_tax=0.04|global_monthly_control=0.015|global_nobles_estate_power=0.03|global_nobles_estate_power=0.02,crown_estate|nobles_estate,no,P8.7;P11;P13;HE-HILLFORT;NMI-IRON-AGE,contested,Separates gameplay choices from later insular law tracts and from claims of a uniform druidic state.
celtic,antq_s2_celtic_revenue_law,revenue,administrative,Brittonic-Hibernian Revenue and Assessment,Defines how communities are assessed and how public obligations are collected within the Brittonic-Hibernian political sphere.,antq_s2_celtic_revenue_mediated,mediated,Gathered Council Negotiated Quotas,"Councils bargain fixed contributions, supporting legitimacy at the expense of maximum revenue.",burghers_estate_max_tax=0.025|stability_cost_efficiency=0.025|global_tribes_estate_power=0.03|global_tribes_estate_power=0.02,burghers_estate|nobles_estate|tribes_estate,yes,P8.7;P11;P13;HE-HILLFORT;NMI-IRON-AGE,contested,Separates gameplay choices from later insular law tracts and from claims of a uniform druidic state.
celtic,antq_s2_celtic_revenue_law,revenue,administrative,Brittonic-Hibernian Revenue and Assessment,Defines how communities are assessed and how public obligations are collected within the Brittonic-Hibernian political sphere.,antq_s2_celtic_revenue_local,local,Kin Community In-Kind Contributions,"Communities meet obligations in kind, sustaining production while leaving more local discretion.",global_production_efficiency=0.025|monthly_towards_decentralization=societal_value_minor_monthly_move|global_clergy_estate_power=0.03|global_clergy_estate_power=0.02,peasants_estate|tribes_estate|clergy_estate,no,P8.7;P11;P13;HE-HILLFORT;NMI-IRON-AGE,contested,Separates gameplay choices from later insular law tracts and from claims of a uniform druidic state.
celtic,antq_s2_celtic_land_law,land,socioeconomic,Brittonic-Hibernian Land Tenure and Agrarian Duty,"Defines access to land, agrarian dues, and collective maintenance within the Brittonic-Hibernian political sphere.",antq_s2_celtic_land_central,central,Royal Retinue Surveyed Allotments,Surveyed allotments support control and predictable dues but privilege central claims.,global_max_rural_control=0.03|global_monthly_control=0.01|global_nobles_estate_power=0.03|global_nobles_estate_power=0.02,crown_estate|nobles_estate,no,P8.7;P11;P13;HE-HILLFORT;NMI-IRON-AGE,contested,Separates gameplay choices from later insular law tracts and from claims of a uniform druidic state.
celtic,antq_s2_celtic_land_law,land,socioeconomic,Brittonic-Hibernian Land Tenure and Agrarian Duty,"Defines access to land, agrarian dues, and collective maintenance within the Brittonic-Hibernian political sphere.",antq_s2_celtic_land_mediated,mediated,Gathered Council Estate Stewardship,Leading estates organize cultivation efficiently while increasing aristocratic leverage.,global_monthly_food_modifier=0.025|global_nobles_estate_power=0.04|global_tribes_estate_power=0.03|global_tribes_estate_power=0.02,nobles_estate|tribes_estate,yes,P8.7;P11;P13;HE-HILLFORT;NMI-IRON-AGE,contested,Separates gameplay choices from later insular law tracts and from claims of a uniform druidic state.
celtic,antq_s2_celtic_land_law,land,socioeconomic,Brittonic-Hibernian Land Tenure and Agrarian Duty,"Defines access to land, agrarian dues, and collective maintenance within the Brittonic-Hibernian political sphere.",antq_s2_celtic_land_local,local,Kin Community Communal Tenure,Communal tenure protects subsistence and local resilience while limiting direct control.,global_pop_food_consumption=-0.01|global_max_rural_control=-0.02|global_clergy_estate_power=0.03|global_clergy_estate_power=0.02,peasants_estate|tribes_estate|clergy_estate,no,P8.7;P11;P13;HE-HILLFORT;NMI-IRON-AGE,contested,Separates gameplay choices from later insular law tracts and from claims of a uniform druidic state.
celtic,antq_s2_celtic_muster_law,muster,military,Brittonic-Hibernian Military Service and Muster,"Defines who serves, for how long, and through which public or household obligation within the Brittonic-Hibernian political sphere.",antq_s2_celtic_muster_central,central,Royal Retinue Registered Service,Registered service raises dependable forces but increases administrative and social pressure.,global_levy_size_modifier=0.075|global_levy_recruitment_speed_modifier=-0.05|global_nobles_estate_power=0.03|global_nobles_estate_power=0.02,crown_estate|nobles_estate,no,P8.7;P11;P13;HE-HILLFORT;NMI-IRON-AGE,contested,Separates gameplay choices from later insular law tracts and from claims of a uniform druidic state.
celtic,antq_s2_celtic_muster_law,muster,military,Brittonic-Hibernian Military Service and Muster,"Defines who serves, for how long, and through which public or household obligation within the Brittonic-Hibernian political sphere.",antq_s2_celtic_muster_mediated,mediated,Gathered Council Retinue Service,Elite retinues improve cohesion and morale while narrowing the military base.,land_morale_modifier=0.02|global_levy_size_modifier=-0.025|global_tribes_estate_power=0.03|global_tribes_estate_power=0.02,nobles_estate|tribes_estate,yes,P8.7;P11;P13;HE-HILLFORT;NMI-IRON-AGE,contested,Separates gameplay choices from later insular law tracts and from claims of a uniform druidic state.
celtic,antq_s2_celtic_muster_law,muster,military,Brittonic-Hibernian Military Service and Muster,"Defines who serves, for how long, and through which public or household obligation within the Brittonic-Hibernian political sphere.",antq_s2_celtic_muster_local,local,Kin Community Community Muster,A broad seasonal muster supplies numbers quickly but sacrifices some battlefield efficiency.,global_levy_recruitment_speed_modifier=0.10|levy_combat_efficiency_modifier=-0.04|global_clergy_estate_power=0.03|global_clergy_estate_power=0.02,peasants_estate|tribes_estate|clergy_estate,no,P8.7;P11;P13;HE-HILLFORT;NMI-IRON-AGE,contested,Separates gameplay choices from later insular law tracts and from claims of a uniform druidic state.
celtic,antq_s2_celtic_local_rule_law,local_rule,administrative,Brittonic-Hibernian Local and Provincial Rule,"Defines the balance among central officers, intermediary councils, and local communities within the Brittonic-Hibernian political sphere.",antq_s2_celtic_local_rule_central,central,Royal Retinue Appointed Officers,Appointed officers improve coordination and control but strengthen the center.,country_cabinet_efficiency=0.04|global_monthly_control=0.015|global_nobles_estate_power=0.03|global_nobles_estate_power=0.02,crown_estate|nobles_estate,no,P8.7;P11;P13;HE-HILLFORT;NMI-IRON-AGE,contested,Separates gameplay choices from later insular law tracts and from claims of a uniform druidic state.
celtic,antq_s2_celtic_local_rule_law,local_rule,administrative,Brittonic-Hibernian Local and Provincial Rule,"Defines the balance among central officers, intermediary councils, and local communities within the Brittonic-Hibernian political sphere.",antq_s2_celtic_local_rule_mediated,mediated,Gathered Council Mediated Councils,Intermediary councils improve cabinet throughput while preserving negotiated authority.,legislative_efficiency=0.04|stability_cost_efficiency=0.02|global_tribes_estate_power=0.03|global_tribes_estate_power=0.02,nobles_estate|burghers_estate|tribes_estate,yes,P8.7;P11;P13;HE-HILLFORT;NMI-IRON-AGE,contested,Separates gameplay choices from later insular law tracts and from claims of a uniform druidic state.
celtic,antq_s2_celtic_local_rule_law,local_rule,administrative,Brittonic-Hibernian Local and Provincial Rule,"Defines the balance among central officers, intermediary councils, and local communities within the Brittonic-Hibernian political sphere.",antq_s2_celtic_local_rule_local,local,Kin Community Local Custody,Local custody lowers resistance and administrative reach together.,pop_join_rebel_threshold=-0.02|global_max_rural_control=-0.025|global_clergy_estate_power=0.03|global_clergy_estate_power=0.02,peasants_estate|tribes_estate|clergy_estate,no,P8.7;P11;P13;HE-HILLFORT;NMI-IRON-AGE,contested,Separates gameplay choices from later insular law tracts and from claims of a uniform druidic state.
celtic,antq_s2_celtic_cult_law,cult,religious,Brittonic-Hibernian Public Cult and Ritual Custody,"Defines who maintains public rites, sanctuaries, vows, and tolerated local observances within the Brittonic-Hibernian political sphere.",antq_s2_celtic_cult_central,central,Royal Retinue Public Rite,"The central authority sponsors public rites, strengthening religious administration but narrowing plural practice.",global_pop_conversion_speed_modifier=0.08|tolerance_heathen=-1|global_nobles_estate_power=0.03|global_nobles_estate_power=0.02,crown_estate|clergy_estate|nobles_estate,no,P8.7;P11;P13;HE-HILLFORT;NMI-IRON-AGE,contested,Separates gameplay choices from later insular law tracts and from claims of a uniform druidic state.
celtic,antq_s2_celtic_cult_law,cult,religious,Brittonic-Hibernian Public Cult and Ritual Custody,"Defines who maintains public rites, sanctuaries, vows, and tolerated local observances within the Brittonic-Hibernian political sphere.",antq_s2_celtic_cult_mediated,mediated,Gathered Council Collegiate Custody,Recognized colleges and sanctuaries share ritual custody and stabilize elite bargains.,clergy_estate_target_satisfaction=small_permanent_target_satisfaction|stability_cost_efficiency=0.02|global_tribes_estate_power=0.03|global_tribes_estate_power=0.02,clergy_estate|nobles_estate|tribes_estate,yes,P8.7;P11;P13;HE-HILLFORT;NMI-IRON-AGE,contested,Separates gameplay choices from later insular law tracts and from claims of a uniform druidic state.
celtic,antq_s2_celtic_cult_law,cult,religious,Brittonic-Hibernian Public Cult and Ritual Custody,"Defines who maintains public rites, sanctuaries, vows, and tolerated local observances within the Brittonic-Hibernian political sphere.",antq_s2_celtic_cult_local,local,Kin Community Local Observance,Local observance broadens toleration while reducing the reach of an official cult.,tolerance_heathen=1|global_pop_conversion_speed_modifier=-0.05|global_clergy_estate_power=0.03|global_clergy_estate_power=0.02,tribes_estate|peasants_estate|clergy_estate,no,P8.7;P11;P13;HE-HILLFORT;NMI-IRON-AGE,contested,Separates gameplay choices from later insular law tracts and from claims of a uniform druidic state.
celtic,antq_s2_celtic_household_law,household,socioeconomic,Brittonic-Hibernian Household and Inheritance,"Defines household succession, guardianship, property transmission, and kin obligation within the Brittonic-Hibernian political sphere.",antq_s2_celtic_household_central,central,Royal Retinue Recorded Succession,Recorded succession eases state integration but places family affairs under official scrutiny.,global_integration_speed_modifier=0.035|monthly_towards_centralization=societal_value_minor_monthly_move|global_nobles_estate_power=0.03|global_nobles_estate_power=0.02,crown_estate|nobles_estate,no,P8.7;P11;P13;HE-HILLFORT;NMI-IRON-AGE,contested,Separates gameplay choices from later insular law tracts and from claims of a uniform druidic state.
celtic,antq_s2_celtic_household_law,household,socioeconomic,Brittonic-Hibernian Household and Inheritance,"Defines household succession, guardianship, property transmission, and kin obligation within the Brittonic-Hibernian political sphere.",antq_s2_celtic_household_mediated,mediated,Gathered Council Lineage Arbitration,"Lineages arbitrate inheritance disputes, preserving elite consent at a cost to central uniformity.",nobles_estate_target_satisfaction=tiny_permanent_target_satisfaction|global_monthly_control=-0.005|global_tribes_estate_power=0.03|global_tribes_estate_power=0.02,nobles_estate|tribes_estate,yes,P8.7;P11;P13;HE-HILLFORT;NMI-IRON-AGE,contested,Separates gameplay choices from later insular law tracts and from claims of a uniform druidic state.
celtic,antq_s2_celtic_household_law,household,socioeconomic,Brittonic-Hibernian Household and Inheritance,"Defines household succession, guardianship, property transmission, and kin obligation within the Brittonic-Hibernian political sphere.",antq_s2_celtic_household_local,local,Kin Community Household Custom,Household custom protects local practice and mobility while weakening predictable assessment.,global_pop_assimilation_speed_modifier=0.01|peasants_estate_max_tax=-0.015|global_clergy_estate_power=0.03|global_clergy_estate_power=0.02,peasants_estate|clergy_estate,no,P8.7;P11;P13;HE-HILLFORT;NMI-IRON-AGE,contested,Separates gameplay choices from later insular law tracts and from claims of a uniform druidic state.
celtic,antq_s2_celtic_commerce_law,commerce,socioeconomic,Brittonic-Hibernian Commerce and Market Conduct,"Defines safe conduct, tolls, market oversight, and the standing of merchants within the Brittonic-Hibernian political sphere.",antq_s2_celtic_commerce_central,central,Royal Retinue Public Toll Schedule,Published toll schedules improve route revenue and enforcement but privilege official channels.,global_trade_through_owned_territory_efficiency=0.06|global_monthly_control=0.01|global_nobles_estate_power=0.03|global_nobles_estate_power=0.02,crown_estate|nobles_estate,no,P8.7;P11;P13;HE-HILLFORT;NMI-IRON-AGE,contested,Separates gameplay choices from later insular law tracts and from claims of a uniform druidic state.
celtic,antq_s2_celtic_commerce_law,commerce,socioeconomic,Brittonic-Hibernian Commerce and Market Conduct,"Defines safe conduct, tolls, market oversight, and the standing of merchants within the Brittonic-Hibernian political sphere.",antq_s2_celtic_commerce_mediated,mediated,Gathered Council Merchant Arbitration,Merchant arbitration improves production and exchange while increasing urban political weight.,global_production_efficiency=0.03|global_burghers_estate_power=0.04|global_tribes_estate_power=0.03|global_tribes_estate_power=0.02,burghers_estate|tribes_estate,yes,P8.7;P11;P13;HE-HILLFORT;NMI-IRON-AGE,contested,Separates gameplay choices from later insular law tracts and from claims of a uniform druidic state.
celtic,antq_s2_celtic_commerce_law,commerce,socioeconomic,Brittonic-Hibernian Commerce and Market Conduct,"Defines safe conduct, tolls, market oversight, and the standing of merchants within the Brittonic-Hibernian political sphere.",antq_s2_celtic_commerce_local,local,Kin Community Open Local Exchange,Open local exchange reduces barriers and strengthens communities at the expense of central receipts.,global_trade_through_owned_territory_efficiency=0.03|burghers_estate_max_tax=-0.02|global_clergy_estate_power=0.03|global_clergy_estate_power=0.02,peasants_estate|tribes_estate|clergy_estate,no,P8.7;P11;P13;HE-HILLFORT;NMI-IRON-AGE,contested,Separates gameplay choices from later insular law tracts and from claims of a uniform druidic state.
celtic,antq_s2_celtic_coinage_law,coinage,socioeconomic,Brittonic-Hibernian Coinage and Standards,"Defines mint authority, accepted standards, weighed media, and seigniorage within the Brittonic-Hibernian political sphere.",antq_s2_celtic_coinage_central,central,Royal Retinue Official Standard,An official standard increases mint receipts but makes price stability depend on central restraint.,minting_income_factor=0.10|minting_inflation_threshold=-0.01|global_nobles_estate_power=0.03|global_nobles_estate_power=0.02,crown_estate|nobles_estate,no,P8.7;P11;P13;HE-HILLFORT;NMI-IRON-AGE,contested,Separates gameplay choices from later insular law tracts and from claims of a uniform druidic state.
celtic,antq_s2_celtic_coinage_law,coinage,socioeconomic,Brittonic-Hibernian Coinage and Standards,"Defines mint authority, accepted standards, weighed media, and seigniorage within the Brittonic-Hibernian political sphere.",antq_s2_celtic_coinage_mediated,mediated,Gathered Council Multiple Civic Issues,Several recognized issues support commerce while sharing monetary authority with urban elites.,minting_income_factor=0.06|global_burghers_estate_power=0.04|global_tribes_estate_power=0.03|global_tribes_estate_power=0.02,burghers_estate|tribes_estate,yes,P8.7;P11;P13;HE-HILLFORT;NMI-IRON-AGE,contested,Separates gameplay choices from later insular law tracts and from claims of a uniform druidic state.
celtic,antq_s2_celtic_coinage_law,coinage,socioeconomic,Brittonic-Hibernian Coinage and Standards,"Defines mint authority, accepted standards, weighed media, and seigniorage within the Brittonic-Hibernian political sphere.",antq_s2_celtic_coinage_local,local,Kin Community Weighed Exchange,Weighed and customary exchange is flexible but yields less direct mint revenue.,minting_income_factor=0.025|stability_cost_efficiency=0.02|global_clergy_estate_power=0.03|global_clergy_estate_power=0.02,tribes_estate|peasants_estate|clergy_estate,no,P8.7;P11;P13;HE-HILLFORT;NMI-IRON-AGE,contested,Separates gameplay choices from later insular law tracts and from claims of a uniform druidic state.
celtic,antq_s2_celtic_courts_law,courts,administrative,Brittonic-Hibernian Courts and Petition,"Defines the hearing of disputes, appeals, testimony, and petitions within the Brittonic-Hibernian political sphere.",antq_s2_celtic_courts_central,central,Royal Retinue Central Appeal,A central appeal improves consistency and state control but increases administrative load.,legislative_efficiency=0.04|country_cabinet_efficiency=-0.015|global_nobles_estate_power=0.03|global_nobles_estate_power=0.02,crown_estate|nobles_estate,no,P8.7;P11;P13;HE-HILLFORT;NMI-IRON-AGE,contested,Separates gameplay choices from later insular law tracts and from claims of a uniform druidic state.
celtic,antq_s2_celtic_courts_law,courts,administrative,Brittonic-Hibernian Courts and Petition,"Defines the hearing of disputes, appeals, testimony, and petitions within the Brittonic-Hibernian political sphere.",antq_s2_celtic_courts_mediated,mediated,Gathered Council Collegiate Judgment,Collegiate judgment balances elite interests and lowers the political cost of legislation.,stability_cost_efficiency=0.035|global_nobles_estate_power=0.025|global_tribes_estate_power=0.03|global_tribes_estate_power=0.02,nobles_estate|clergy_estate|tribes_estate,yes,P8.7;P11;P13;HE-HILLFORT;NMI-IRON-AGE,contested,Separates gameplay choices from later insular law tracts and from claims of a uniform druidic state.
celtic,antq_s2_celtic_courts_law,courts,administrative,Brittonic-Hibernian Courts and Petition,"Defines the hearing of disputes, appeals, testimony, and petitions within the Brittonic-Hibernian political sphere.",antq_s2_celtic_courts_local,local,Kin Community Local Composition,Local composition resolves disputes accessibly while limiting uniform precedent.,pop_join_rebel_threshold=-0.015|global_monthly_control=-0.01|global_clergy_estate_power=0.03|global_clergy_estate_power=0.02,peasants_estate|tribes_estate|clergy_estate,no,P8.7;P11;P13;HE-HILLFORT;NMI-IRON-AGE,contested,Separates gameplay choices from later insular law tracts and from claims of a uniform druidic state.
celtic,antq_s2_celtic_offices_law,offices,administrative,Brittonic-Hibernian Offices and Appointment,"Defines appointment, tenure, replacement, and accountability in public office within the Brittonic-Hibernian political sphere.",antq_s2_celtic_offices_central,central,Royal Retinue Direct Appointment,Direct appointment makes staffing faster but concentrates office in the ruler's hands.,set_cabinet_member_cost_modifier=-0.10|global_crown_estate_power=0.04|global_nobles_estate_power=0.03|global_nobles_estate_power=0.02,crown_estate|nobles_estate,no,P8.7;P11;P13;HE-HILLFORT;NMI-IRON-AGE,contested,Separates gameplay choices from later insular law tracts and from claims of a uniform druidic state.
celtic,antq_s2_celtic_offices_law,offices,administrative,Brittonic-Hibernian Offices and Appointment,"Defines appointment, tenure, replacement, and accountability in public office within the Brittonic-Hibernian political sphere.",antq_s2_celtic_offices_mediated,mediated,Gathered Council Rotating Office,Rotation broadens access and improves deliberation while making replacement less predictable.,country_cabinet_efficiency=0.03|replace_cabinet_member_cost_modifier=-0.05|global_tribes_estate_power=0.03|global_tribes_estate_power=0.02,burghers_estate|tribes_estate,yes,P8.7;P11;P13;HE-HILLFORT;NMI-IRON-AGE,contested,Separates gameplay choices from later insular law tracts and from claims of a uniform druidic state.
celtic,antq_s2_celtic_offices_law,offices,administrative,Brittonic-Hibernian Offices and Appointment,"Defines appointment, tenure, replacement, and accountability in public office within the Brittonic-Hibernian political sphere.",antq_s2_celtic_offices_local,local,Kin Community Patron-Nominated Office,Patron nomination secures elite cooperation but makes office-holders costly to dislodge.,replace_cabinet_member_cost_modifier=0.15|global_nobles_estate_power=0.04|global_clergy_estate_power=0.03|global_clergy_estate_power=0.02,nobles_estate|clergy_estate,no,P8.7;P11;P13;HE-HILLFORT;NMI-IRON-AGE,contested,Separates gameplay choices from later insular law tracts and from claims of a uniform druidic state.
celtic,antq_s2_celtic_migration_law,migration,administrative,Brittonic-Hibernian Migration and Settlement,"Defines the admission, relocation, patronage, and settlement of mobile households within the Brittonic-Hibernian political sphere.",antq_s2_celtic_migration_central,central,Royal Retinue Directed Settlement,Directed settlement accelerates incorporation and control but privileges central priorities.,global_pop_assimilation_speed_modifier=0.02|global_monthly_control=0.01|global_nobles_estate_power=0.03|global_nobles_estate_power=0.02,crown_estate|nobles_estate,no,P8.7;P11;P13;HE-HILLFORT;NMI-IRON-AGE,contested,Separates gameplay choices from later insular law tracts and from claims of a uniform druidic state.
celtic,antq_s2_celtic_migration_law,migration,administrative,Brittonic-Hibernian Migration and Settlement,"Defines the admission, relocation, patronage, and settlement of mobile households within the Brittonic-Hibernian political sphere.",antq_s2_celtic_migration_mediated,mediated,Gathered Council Sponsored Communities,"Recognized communities sponsor newcomers, balancing integration with corporate autonomy.",global_integration_speed_modifier=0.025|global_burghers_estate_power=0.025|global_tribes_estate_power=0.03|global_tribes_estate_power=0.02,burghers_estate|tribes_estate,yes,P8.7;P11;P13;HE-HILLFORT;NMI-IRON-AGE,contested,Separates gameplay choices from later insular law tracts and from claims of a uniform druidic state.
celtic,antq_s2_celtic_migration_law,migration,administrative,Brittonic-Hibernian Migration and Settlement,"Defines the admission, relocation, patronage, and settlement of mobile households within the Brittonic-Hibernian political sphere.",antq_s2_celtic_migration_local,local,Kin Community Negotiated Passage,Negotiated passage reduces cultural friction while leaving migration weakly supervised.,tolerance_heathen=1|global_pop_assimilation_speed_modifier=-0.01|global_clergy_estate_power=0.03|global_clergy_estate_power=0.02,peasants_estate|tribes_estate|clergy_estate,no,P8.7;P11;P13;HE-HILLFORT;NMI-IRON-AGE,contested,Separates gameplay choices from later insular law tracts and from claims of a uniform druidic state.
celtic,antq_s2_celtic_external_law,external,administrative,"Brittonic-Hibernian Envoys, Clients, and External Compacts","Defines envoys, tributary obligations, client rulers, hostages, and negotiated peace within the Brittonic-Hibernian political sphere.",antq_s2_celtic_external_central,central,Royal Retinue Central Envoys,Central envoys improve diplomatic standing but demand sustained court resources.,diplomatic_reputation=1|country_cabinet_efficiency=-0.01|global_nobles_estate_power=0.03|global_nobles_estate_power=0.02,crown_estate|nobles_estate,no,P8.7;P11;P13;HE-HILLFORT;NMI-IRON-AGE,contested,Separates gameplay choices from later insular law tracts and from claims of a uniform druidic state.
celtic,antq_s2_celtic_external_law,external,administrative,"Brittonic-Hibernian Envoys, Clients, and External Compacts","Defines envoys, tributary obligations, client rulers, hostages, and negotiated peace within the Brittonic-Hibernian political sphere.",antq_s2_celtic_external_mediated,mediated,Gathered Council Client Mediation,Client mediation strengthens subordinate loyalty while empowering intermediary rulers.,subject_loyalty=5|global_nobles_estate_power=0.03|global_tribes_estate_power=0.03|global_tribes_estate_power=0.02,nobles_estate|tribes_estate,yes,P8.7;P11;P13;HE-HILLFORT;NMI-IRON-AGE,contested,Separates gameplay choices from later insular law tracts and from claims of a uniform druidic state.
celtic,antq_s2_celtic_external_law,external,administrative,"Brittonic-Hibernian Envoys, Clients, and External Compacts","Defines envoys, tributary obligations, client rulers, hostages, and negotiated peace within the Brittonic-Hibernian political sphere.",antq_s2_celtic_external_local,local,Kin Community Reciprocal Compacts,Reciprocal compacts broaden diplomatic capacity but bind the center to negotiated obligations.,diplomatic_capacity_modifier=0.05|monthly_towards_outward=societal_value_minor_monthly_move|global_clergy_estate_power=0.03|global_clergy_estate_power=0.02,burghers_estate|tribes_estate|clergy_estate,no,P8.7;P11;P13;HE-HILLFORT;NMI-IRON-AGE,contested,Separates gameplay choices from later insular law tracts and from claims of a uniform druidic state.
arabian,antq_s2_arabian_status_law,status,socioeconomic,Arabian Route-and-Oasis Status and Incorporation,Defines who receives protected public standing and how outsiders enter it within the Arabian Route-and-Oasis political sphere.,antq_s2_arabian_status_central,central,Royal Caravan Court Status Register,A central register defines protected status efficiently but concentrates political authority.,global_integration_speed_modifier=0.06|global_pop_assimilation_speed_modifier=0.01|global_crown_estate_power=0.03|global_crown_estate_power=0.02,crown_estate,no,P8.5;P11;P13;OCD;PLE,contested,"Distinguishes caravan, oasis, tribal, and South Arabian court practices without backdating Islamic-era institutions."
arabian,antq_s2_arabian_status_law,status,socioeconomic,Arabian Route-and-Oasis Status and Incorporation,Defines who receives protected public standing and how outsiders enter it within the Arabian Route-and-Oasis political sphere.,antq_s2_arabian_status_mediated,mediated,Oasis Council Graduated Standing,"Recognized communities mediate several grades of status, trading speed for accommodation.",global_integration_speed_modifier=0.03|pop_join_rebel_threshold=-0.01|global_burghers_estate_power=0.03|global_burghers_estate_power=0.02,nobles_estate|burghers_estate,yes,P8.5;P11;P13;OCD;PLE,contested,"Distinguishes caravan, oasis, tribal, and South Arabian court practices without backdating Islamic-era institutions."
arabian,antq_s2_arabian_status_law,status,socioeconomic,Arabian Route-and-Oasis Status and Incorporation,Defines who receives protected public standing and how outsiders enter it within the Arabian Route-and-Oasis political sphere.,antq_s2_arabian_status_local,local,Tribal Compact Local Admission,"Local bodies admit households flexibly, easing friction while weakening uniform administration.",global_pop_assimilation_speed_modifier=0.025|global_monthly_control=-0.01|global_tribes_estate_power=0.03|global_tribes_estate_power=0.02,peasants_estate|tribes_estate,no,P8.5;P11;P13;OCD;PLE,contested,"Distinguishes caravan, oasis, tribal, and South Arabian court practices without backdating Islamic-era institutions."
arabian,antq_s2_arabian_dependent_labor_law,dependent_labor,socioeconomic,Arabian Route-and-Oasis Dependent Labor and Manumission,"Defines the obligations, sale, protection, and release of dependent laborers within the Arabian Route-and-Oasis political sphere.",antq_s2_arabian_dependent_labor_central,central,Royal Caravan Court Recorded Obligations,"Officials record dependent obligations and taxable releases, improving oversight at social cost.",peasants_estate_max_tax=0.03|pop_join_rebel_threshold=0.01|global_crown_estate_power=0.03|global_crown_estate_power=0.02,crown_estate|nobles_estate,no,P8.5;P11;P13;OCD;PLE,contested,"Distinguishes caravan, oasis, tribal, and South Arabian court practices without backdating Islamic-era institutions."
arabian,antq_s2_arabian_dependent_labor_law,dependent_labor,socioeconomic,Arabian Route-and-Oasis Dependent Labor and Manumission,"Defines the obligations, sale, protection, and release of dependent laborers within the Arabian Route-and-Oasis political sphere.",antq_s2_arabian_dependent_labor_mediated,mediated,Oasis Council Protected Manumission,Protected routes to release improve incorporation while reducing elite extraction.,global_pop_assimilation_speed_modifier=0.02|nobles_estate_max_tax=-0.02|global_burghers_estate_power=0.03|global_burghers_estate_power=0.02,peasants_estate|burghers_estate,yes,P8.5;P11;P13;OCD;PLE,contested,"Distinguishes caravan, oasis, tribal, and South Arabian court practices without backdating Islamic-era institutions."
arabian,antq_s2_arabian_dependent_labor_law,dependent_labor,socioeconomic,Arabian Route-and-Oasis Dependent Labor and Manumission,"Defines the obligations, sale, protection, and release of dependent laborers within the Arabian Route-and-Oasis political sphere.",antq_s2_arabian_dependent_labor_local,local,Tribal Compact Household Dependence,"Households regulate dependency locally, lowering provisioning burdens but entrenching private power.",global_pop_food_consumption=-0.01|peasants_estate_max_tax=0.02|global_tribes_estate_power=0.03|global_tribes_estate_power=0.02,nobles_estate|tribes_estate,no,P8.5;P11;P13;OCD;PLE,contested,"Distinguishes caravan, oasis, tribal, and South Arabian court practices without backdating Islamic-era institutions."
arabian,antq_s2_arabian_revenue_law,revenue,administrative,Arabian Route-and-Oasis Revenue and Assessment,Defines how communities are assessed and how public obligations are collected within the Arabian Route-and-Oasis political sphere.,antq_s2_arabian_revenue_central,central,Royal Caravan Court Assessed Registers,Regular assessment improves extraction and control but enlarges the central administrative burden.,peasants_estate_max_tax=0.04|global_monthly_control=0.015|global_crown_estate_power=0.03|global_crown_estate_power=0.02,crown_estate,no,P8.5;P11;P13;OCD;PLE,contested,"Distinguishes caravan, oasis, tribal, and South Arabian court practices without backdating Islamic-era institutions."
arabian,antq_s2_arabian_revenue_law,revenue,administrative,Arabian Route-and-Oasis Revenue and Assessment,Defines how communities are assessed and how public obligations are collected within the Arabian Route-and-Oasis political sphere.,antq_s2_arabian_revenue_mediated,mediated,Oasis Council Negotiated Quotas,"Councils bargain fixed contributions, supporting legitimacy at the expense of maximum revenue.",burghers_estate_max_tax=0.025|stability_cost_efficiency=0.025|global_burghers_estate_power=0.03|global_burghers_estate_power=0.02,burghers_estate|nobles_estate,yes,P8.5;P11;P13;OCD;PLE,contested,"Distinguishes caravan, oasis, tribal, and South Arabian court practices without backdating Islamic-era institutions."
arabian,antq_s2_arabian_revenue_law,revenue,administrative,Arabian Route-and-Oasis Revenue and Assessment,Defines how communities are assessed and how public obligations are collected within the Arabian Route-and-Oasis political sphere.,antq_s2_arabian_revenue_local,local,Tribal Compact In-Kind Contributions,"Communities meet obligations in kind, sustaining production while leaving more local discretion.",global_production_efficiency=0.025|monthly_towards_decentralization=societal_value_minor_monthly_move|global_tribes_estate_power=0.03|global_tribes_estate_power=0.02,peasants_estate|tribes_estate,no,P8.5;P11;P13;OCD;PLE,contested,"Distinguishes caravan, oasis, tribal, and South Arabian court practices without backdating Islamic-era institutions."
arabian,antq_s2_arabian_land_law,land,socioeconomic,Arabian Route-and-Oasis Land Tenure and Agrarian Duty,"Defines access to land, agrarian dues, and collective maintenance within the Arabian Route-and-Oasis political sphere.",antq_s2_arabian_land_central,central,Royal Caravan Court Surveyed Allotments,Surveyed allotments support control and predictable dues but privilege central claims.,global_max_rural_control=0.03|global_monthly_control=0.01|global_crown_estate_power=0.03|global_crown_estate_power=0.02,crown_estate,no,P8.5;P11;P13;OCD;PLE,contested,"Distinguishes caravan, oasis, tribal, and South Arabian court practices without backdating Islamic-era institutions."
arabian,antq_s2_arabian_land_law,land,socioeconomic,Arabian Route-and-Oasis Land Tenure and Agrarian Duty,"Defines access to land, agrarian dues, and collective maintenance within the Arabian Route-and-Oasis political sphere.",antq_s2_arabian_land_mediated,mediated,Oasis Council Estate Stewardship,Leading estates organize cultivation efficiently while increasing aristocratic leverage.,global_monthly_food_modifier=0.025|global_nobles_estate_power=0.04|global_burghers_estate_power=0.03|global_burghers_estate_power=0.02,nobles_estate|burghers_estate,yes,P8.5;P11;P13;OCD;PLE,contested,"Distinguishes caravan, oasis, tribal, and South Arabian court practices without backdating Islamic-era institutions."
arabian,antq_s2_arabian_land_law,land,socioeconomic,Arabian Route-and-Oasis Land Tenure and Agrarian Duty,"Defines access to land, agrarian dues, and collective maintenance within the Arabian Route-and-Oasis political sphere.",antq_s2_arabian_land_local,local,Tribal Compact Communal Tenure,Communal tenure protects subsistence and local resilience while limiting direct control.,global_pop_food_consumption=-0.01|global_max_rural_control=-0.02|global_tribes_estate_power=0.03|global_tribes_estate_power=0.02,peasants_estate|tribes_estate,no,P8.5;P11;P13;OCD;PLE,contested,"Distinguishes caravan, oasis, tribal, and South Arabian court practices without backdating Islamic-era institutions."
arabian,antq_s2_arabian_muster_law,muster,military,Arabian Route-and-Oasis Military Service and Muster,"Defines who serves, for how long, and through which public or household obligation within the Arabian Route-and-Oasis political sphere.",antq_s2_arabian_muster_central,central,Royal Caravan Court Registered Service,Registered service raises dependable forces but increases administrative and social pressure.,global_levy_size_modifier=0.075|global_levy_recruitment_speed_modifier=-0.05|global_crown_estate_power=0.03|global_crown_estate_power=0.02,crown_estate,no,P8.5;P11;P13;OCD;PLE,contested,"Distinguishes caravan, oasis, tribal, and South Arabian court practices without backdating Islamic-era institutions."
arabian,antq_s2_arabian_muster_law,muster,military,Arabian Route-and-Oasis Military Service and Muster,"Defines who serves, for how long, and through which public or household obligation within the Arabian Route-and-Oasis political sphere.",antq_s2_arabian_muster_mediated,mediated,Oasis Council Retinue Service,Elite retinues improve cohesion and morale while narrowing the military base.,land_morale_modifier=0.02|global_levy_size_modifier=-0.025|global_burghers_estate_power=0.03|global_burghers_estate_power=0.02,nobles_estate|burghers_estate,yes,P8.5;P11;P13;OCD;PLE,contested,"Distinguishes caravan, oasis, tribal, and South Arabian court practices without backdating Islamic-era institutions."
arabian,antq_s2_arabian_muster_law,muster,military,Arabian Route-and-Oasis Military Service and Muster,"Defines who serves, for how long, and through which public or household obligation within the Arabian Route-and-Oasis political sphere.",antq_s2_arabian_muster_local,local,Tribal Compact Community Muster,A broad seasonal muster supplies numbers quickly but sacrifices some battlefield efficiency.,global_levy_recruitment_speed_modifier=0.10|levy_combat_efficiency_modifier=-0.04|global_tribes_estate_power=0.03|global_tribes_estate_power=0.02,peasants_estate|tribes_estate,no,P8.5;P11;P13;OCD;PLE,contested,"Distinguishes caravan, oasis, tribal, and South Arabian court practices without backdating Islamic-era institutions."
arabian,antq_s2_arabian_local_rule_law,local_rule,administrative,Arabian Route-and-Oasis Local and Provincial Rule,"Defines the balance among central officers, intermediary councils, and local communities within the Arabian Route-and-Oasis political sphere.",antq_s2_arabian_local_rule_central,central,Royal Caravan Court Appointed Officers,Appointed officers improve coordination and control but strengthen the center.,country_cabinet_efficiency=0.04|global_monthly_control=0.015|global_crown_estate_power=0.03|global_crown_estate_power=0.02,crown_estate,no,P8.5;P11;P13;OCD;PLE,contested,"Distinguishes caravan, oasis, tribal, and South Arabian court practices without backdating Islamic-era institutions."
arabian,antq_s2_arabian_local_rule_law,local_rule,administrative,Arabian Route-and-Oasis Local and Provincial Rule,"Defines the balance among central officers, intermediary councils, and local communities within the Arabian Route-and-Oasis political sphere.",antq_s2_arabian_local_rule_mediated,mediated,Oasis Council Mediated Councils,Intermediary councils improve cabinet throughput while preserving negotiated authority.,legislative_efficiency=0.04|stability_cost_efficiency=0.02|global_burghers_estate_power=0.03|global_burghers_estate_power=0.02,nobles_estate|burghers_estate,yes,P8.5;P11;P13;OCD;PLE,contested,"Distinguishes caravan, oasis, tribal, and South Arabian court practices without backdating Islamic-era institutions."
arabian,antq_s2_arabian_local_rule_law,local_rule,administrative,Arabian Route-and-Oasis Local and Provincial Rule,"Defines the balance among central officers, intermediary councils, and local communities within the Arabian Route-and-Oasis political sphere.",antq_s2_arabian_local_rule_local,local,Tribal Compact Local Custody,Local custody lowers resistance and administrative reach together.,pop_join_rebel_threshold=-0.02|global_max_rural_control=-0.025|global_tribes_estate_power=0.03|global_tribes_estate_power=0.02,peasants_estate|tribes_estate,no,P8.5;P11;P13;OCD;PLE,contested,"Distinguishes caravan, oasis, tribal, and South Arabian court practices without backdating Islamic-era institutions."
arabian,antq_s2_arabian_cult_law,cult,religious,Arabian Route-and-Oasis Public Cult and Ritual Custody,"Defines who maintains public rites, sanctuaries, vows, and tolerated local observances within the Arabian Route-and-Oasis political sphere.",antq_s2_arabian_cult_central,central,Royal Caravan Court Public Rite,"The central authority sponsors public rites, strengthening religious administration but narrowing plural practice.",global_pop_conversion_speed_modifier=0.08|tolerance_heathen=-1|global_crown_estate_power=0.03|global_crown_estate_power=0.02,crown_estate|clergy_estate,no,P8.5;P11;P13;OCD;PLE,contested,"Distinguishes caravan, oasis, tribal, and South Arabian court practices without backdating Islamic-era institutions."
arabian,antq_s2_arabian_cult_law,cult,religious,Arabian Route-and-Oasis Public Cult and Ritual Custody,"Defines who maintains public rites, sanctuaries, vows, and tolerated local observances within the Arabian Route-and-Oasis political sphere.",antq_s2_arabian_cult_mediated,mediated,Oasis Council Collegiate Custody,Recognized colleges and sanctuaries share ritual custody and stabilize elite bargains.,clergy_estate_target_satisfaction=small_permanent_target_satisfaction|stability_cost_efficiency=0.02|global_burghers_estate_power=0.03|global_burghers_estate_power=0.02,clergy_estate|nobles_estate|burghers_estate,yes,P8.5;P11;P13;OCD;PLE,contested,"Distinguishes caravan, oasis, tribal, and South Arabian court practices without backdating Islamic-era institutions."
arabian,antq_s2_arabian_cult_law,cult,religious,Arabian Route-and-Oasis Public Cult and Ritual Custody,"Defines who maintains public rites, sanctuaries, vows, and tolerated local observances within the Arabian Route-and-Oasis political sphere.",antq_s2_arabian_cult_local,local,Tribal Compact Local Observance,Local observance broadens toleration while reducing the reach of an official cult.,tolerance_heathen=1|global_pop_conversion_speed_modifier=-0.05|global_tribes_estate_power=0.03|global_tribes_estate_power=0.02,tribes_estate|peasants_estate,no,P8.5;P11;P13;OCD;PLE,contested,"Distinguishes caravan, oasis, tribal, and South Arabian court practices without backdating Islamic-era institutions."
arabian,antq_s2_arabian_household_law,household,socioeconomic,Arabian Route-and-Oasis Household and Inheritance,"Defines household succession, guardianship, property transmission, and kin obligation within the Arabian Route-and-Oasis political sphere.",antq_s2_arabian_household_central,central,Royal Caravan Court Recorded Succession,Recorded succession eases state integration but places family affairs under official scrutiny.,global_integration_speed_modifier=0.035|monthly_towards_centralization=societal_value_minor_monthly_move|global_crown_estate_power=0.03|global_crown_estate_power=0.02,crown_estate,no,P8.5;P11;P13;OCD;PLE,contested,"Distinguishes caravan, oasis, tribal, and South Arabian court practices without backdating Islamic-era institutions."
arabian,antq_s2_arabian_household_law,household,socioeconomic,Arabian Route-and-Oasis Household and Inheritance,"Defines household succession, guardianship, property transmission, and kin obligation within the Arabian Route-and-Oasis political sphere.",antq_s2_arabian_household_mediated,mediated,Oasis Council Lineage Arbitration,"Lineages arbitrate inheritance disputes, preserving elite consent at a cost to central uniformity.",nobles_estate_target_satisfaction=tiny_permanent_target_satisfaction|global_monthly_control=-0.005|global_burghers_estate_power=0.03|global_burghers_estate_power=0.02,nobles_estate|tribes_estate|burghers_estate,yes,P8.5;P11;P13;OCD;PLE,contested,"Distinguishes caravan, oasis, tribal, and South Arabian court practices without backdating Islamic-era institutions."
arabian,antq_s2_arabian_household_law,household,socioeconomic,Arabian Route-and-Oasis Household and Inheritance,"Defines household succession, guardianship, property transmission, and kin obligation within the Arabian Route-and-Oasis political sphere.",antq_s2_arabian_household_local,local,Tribal Compact Household Custom,Household custom protects local practice and mobility while weakening predictable assessment.,global_pop_assimilation_speed_modifier=0.01|peasants_estate_max_tax=-0.015|global_tribes_estate_power=0.03|global_tribes_estate_power=0.02,peasants_estate|tribes_estate,no,P8.5;P11;P13;OCD;PLE,contested,"Distinguishes caravan, oasis, tribal, and South Arabian court practices without backdating Islamic-era institutions."
arabian,antq_s2_arabian_commerce_law,commerce,socioeconomic,Arabian Route-and-Oasis Commerce and Market Conduct,"Defines safe conduct, tolls, market oversight, and the standing of merchants within the Arabian Route-and-Oasis political sphere.",antq_s2_arabian_commerce_central,central,Royal Caravan Court Public Toll Schedule,Published toll schedules improve route revenue and enforcement but privilege official channels.,global_trade_through_owned_territory_efficiency=0.06|global_monthly_control=0.01|global_crown_estate_power=0.03|global_crown_estate_power=0.02,crown_estate,no,P8.5;P11;P13;OCD;PLE,contested,"Distinguishes caravan, oasis, tribal, and South Arabian court practices without backdating Islamic-era institutions."
arabian,antq_s2_arabian_commerce_law,commerce,socioeconomic,Arabian Route-and-Oasis Commerce and Market Conduct,"Defines safe conduct, tolls, market oversight, and the standing of merchants within the Arabian Route-and-Oasis political sphere.",antq_s2_arabian_commerce_mediated,mediated,Oasis Council Merchant Arbitration,Merchant arbitration improves production and exchange while increasing urban political weight.,global_production_efficiency=0.03|global_burghers_estate_power=0.04|global_burghers_estate_power=0.03|global_burghers_estate_power=0.02,burghers_estate,yes,P8.5;P11;P13;OCD;PLE,contested,"Distinguishes caravan, oasis, tribal, and South Arabian court practices without backdating Islamic-era institutions."
arabian,antq_s2_arabian_commerce_law,commerce,socioeconomic,Arabian Route-and-Oasis Commerce and Market Conduct,"Defines safe conduct, tolls, market oversight, and the standing of merchants within the Arabian Route-and-Oasis political sphere.",antq_s2_arabian_commerce_local,local,Tribal Compact Open Local Exchange,Open local exchange reduces barriers and strengthens communities at the expense of central receipts.,global_trade_through_owned_territory_efficiency=0.03|burghers_estate_max_tax=-0.02|global_tribes_estate_power=0.03|global_tribes_estate_power=0.02,peasants_estate|tribes_estate,no,P8.5;P11;P13;OCD;PLE,contested,"Distinguishes caravan, oasis, tribal, and South Arabian court practices without backdating Islamic-era institutions."
arabian,antq_s2_arabian_coinage_law,coinage,socioeconomic,Arabian Route-and-Oasis Coinage and Standards,"Defines mint authority, accepted standards, weighed media, and seigniorage within the Arabian Route-and-Oasis political sphere.",antq_s2_arabian_coinage_central,central,Royal Caravan Court Official Standard,An official standard increases mint receipts but makes price stability depend on central restraint.,minting_income_factor=0.10|minting_inflation_threshold=-0.01|global_crown_estate_power=0.03|global_crown_estate_power=0.02,crown_estate,no,P8.5;P11;P13;OCD;PLE,contested,"Distinguishes caravan, oasis, tribal, and South Arabian court practices without backdating Islamic-era institutions."
arabian,antq_s2_arabian_coinage_law,coinage,socioeconomic,Arabian Route-and-Oasis Coinage and Standards,"Defines mint authority, accepted standards, weighed media, and seigniorage within the Arabian Route-and-Oasis political sphere.",antq_s2_arabian_coinage_mediated,mediated,Oasis Council Multiple Civic Issues,Several recognized issues support commerce while sharing monetary authority with urban elites.,minting_income_factor=0.06|global_burghers_estate_power=0.04|global_burghers_estate_power=0.03|global_burghers_estate_power=0.02,burghers_estate,yes,P8.5;P11;P13;OCD;PLE,contested,"Distinguishes caravan, oasis, tribal, and South Arabian court practices without backdating Islamic-era institutions."
arabian,antq_s2_arabian_coinage_law,coinage,socioeconomic,Arabian Route-and-Oasis Coinage and Standards,"Defines mint authority, accepted standards, weighed media, and seigniorage within the Arabian Route-and-Oasis political sphere.",antq_s2_arabian_coinage_local,local,Tribal Compact Weighed Exchange,Weighed and customary exchange is flexible but yields less direct mint revenue.,minting_income_factor=0.025|stability_cost_efficiency=0.02|global_tribes_estate_power=0.03|global_tribes_estate_power=0.02,tribes_estate|peasants_estate,no,P8.5;P11;P13;OCD;PLE,contested,"Distinguishes caravan, oasis, tribal, and South Arabian court practices without backdating Islamic-era institutions."
arabian,antq_s2_arabian_courts_law,courts,administrative,Arabian Route-and-Oasis Courts and Petition,"Defines the hearing of disputes, appeals, testimony, and petitions within the Arabian Route-and-Oasis political sphere.",antq_s2_arabian_courts_central,central,Royal Caravan Court Central Appeal,A central appeal improves consistency and state control but increases administrative load.,legislative_efficiency=0.04|country_cabinet_efficiency=-0.015|global_crown_estate_power=0.03|global_crown_estate_power=0.02,crown_estate,no,P8.5;P11;P13;OCD;PLE,contested,"Distinguishes caravan, oasis, tribal, and South Arabian court practices without backdating Islamic-era institutions."
arabian,antq_s2_arabian_courts_law,courts,administrative,Arabian Route-and-Oasis Courts and Petition,"Defines the hearing of disputes, appeals, testimony, and petitions within the Arabian Route-and-Oasis political sphere.",antq_s2_arabian_courts_mediated,mediated,Oasis Council Collegiate Judgment,Collegiate judgment balances elite interests and lowers the political cost of legislation.,stability_cost_efficiency=0.035|global_nobles_estate_power=0.025|global_burghers_estate_power=0.03|global_burghers_estate_power=0.02,nobles_estate|clergy_estate|burghers_estate,yes,P8.5;P11;P13;OCD;PLE,contested,"Distinguishes caravan, oasis, tribal, and South Arabian court practices without backdating Islamic-era institutions."
arabian,antq_s2_arabian_courts_law,courts,administrative,Arabian Route-and-Oasis Courts and Petition,"Defines the hearing of disputes, appeals, testimony, and petitions within the Arabian Route-and-Oasis political sphere.",antq_s2_arabian_courts_local,local,Tribal Compact Local Composition,Local composition resolves disputes accessibly while limiting uniform precedent.,pop_join_rebel_threshold=-0.015|global_monthly_control=-0.01|global_tribes_estate_power=0.03|global_tribes_estate_power=0.02,peasants_estate|tribes_estate,no,P8.5;P11;P13;OCD;PLE,contested,"Distinguishes caravan, oasis, tribal, and South Arabian court practices without backdating Islamic-era institutions."
arabian,antq_s2_arabian_offices_law,offices,administrative,Arabian Route-and-Oasis Offices and Appointment,"Defines appointment, tenure, replacement, and accountability in public office within the Arabian Route-and-Oasis political sphere.",antq_s2_arabian_offices_central,central,Royal Caravan Court Direct Appointment,Direct appointment makes staffing faster but concentrates office in the ruler's hands.,set_cabinet_member_cost_modifier=-0.10|global_crown_estate_power=0.04|global_crown_estate_power=0.03|global_crown_estate_power=0.02,crown_estate,no,P8.5;P11;P13;OCD;PLE,contested,"Distinguishes caravan, oasis, tribal, and South Arabian court practices without backdating Islamic-era institutions."
arabian,antq_s2_arabian_offices_law,offices,administrative,Arabian Route-and-Oasis Offices and Appointment,"Defines appointment, tenure, replacement, and accountability in public office within the Arabian Route-and-Oasis political sphere.",antq_s2_arabian_offices_mediated,mediated,Oasis Council Rotating Office,Rotation broadens access and improves deliberation while making replacement less predictable.,country_cabinet_efficiency=0.03|replace_cabinet_member_cost_modifier=-0.05|global_burghers_estate_power=0.03|global_burghers_estate_power=0.02,burghers_estate|tribes_estate,yes,P8.5;P11;P13;OCD;PLE,contested,"Distinguishes caravan, oasis, tribal, and South Arabian court practices without backdating Islamic-era institutions."
arabian,antq_s2_arabian_offices_law,offices,administrative,Arabian Route-and-Oasis Offices and Appointment,"Defines appointment, tenure, replacement, and accountability in public office within the Arabian Route-and-Oasis political sphere.",antq_s2_arabian_offices_local,local,Tribal Compact Patron-Nominated Office,Patron nomination secures elite cooperation but makes office-holders costly to dislodge.,replace_cabinet_member_cost_modifier=0.15|global_nobles_estate_power=0.04|global_tribes_estate_power=0.03|global_tribes_estate_power=0.02,nobles_estate|tribes_estate,no,P8.5;P11;P13;OCD;PLE,contested,"Distinguishes caravan, oasis, tribal, and South Arabian court practices without backdating Islamic-era institutions."
arabian,antq_s2_arabian_migration_law,migration,administrative,Arabian Route-and-Oasis Migration and Settlement,"Defines the admission, relocation, patronage, and settlement of mobile households within the Arabian Route-and-Oasis political sphere.",antq_s2_arabian_migration_central,central,Royal Caravan Court Directed Settlement,Directed settlement accelerates incorporation and control but privileges central priorities.,global_pop_assimilation_speed_modifier=0.02|global_monthly_control=0.01|global_crown_estate_power=0.03|global_crown_estate_power=0.02,crown_estate,no,P8.5;P11;P13;OCD;PLE,contested,"Distinguishes caravan, oasis, tribal, and South Arabian court practices without backdating Islamic-era institutions."
arabian,antq_s2_arabian_migration_law,migration,administrative,Arabian Route-and-Oasis Migration and Settlement,"Defines the admission, relocation, patronage, and settlement of mobile households within the Arabian Route-and-Oasis political sphere.",antq_s2_arabian_migration_mediated,mediated,Oasis Council Sponsored Communities,"Recognized communities sponsor newcomers, balancing integration with corporate autonomy.",global_integration_speed_modifier=0.025|global_burghers_estate_power=0.025|global_burghers_estate_power=0.03|global_burghers_estate_power=0.02,burghers_estate|tribes_estate,yes,P8.5;P11;P13;OCD;PLE,contested,"Distinguishes caravan, oasis, tribal, and South Arabian court practices without backdating Islamic-era institutions."
arabian,antq_s2_arabian_migration_law,migration,administrative,Arabian Route-and-Oasis Migration and Settlement,"Defines the admission, relocation, patronage, and settlement of mobile households within the Arabian Route-and-Oasis political sphere.",antq_s2_arabian_migration_local,local,Tribal Compact Negotiated Passage,Negotiated passage reduces cultural friction while leaving migration weakly supervised.,tolerance_heathen=1|global_pop_assimilation_speed_modifier=-0.01|global_tribes_estate_power=0.03|global_tribes_estate_power=0.02,peasants_estate|tribes_estate,no,P8.5;P11;P13;OCD;PLE,contested,"Distinguishes caravan, oasis, tribal, and South Arabian court practices without backdating Islamic-era institutions."
arabian,antq_s2_arabian_external_law,external,administrative,"Arabian Route-and-Oasis Envoys, Clients, and External Compacts","Defines envoys, tributary obligations, client rulers, hostages, and negotiated peace within the Arabian Route-and-Oasis political sphere.",antq_s2_arabian_external_central,central,Royal Caravan Court Central Envoys,Central envoys improve diplomatic standing but demand sustained court resources.,diplomatic_reputation=1|country_cabinet_efficiency=-0.01|global_crown_estate_power=0.03|global_crown_estate_power=0.02,crown_estate,no,P8.5;P11;P13;OCD;PLE,contested,"Distinguishes caravan, oasis, tribal, and South Arabian court practices without backdating Islamic-era institutions."
arabian,antq_s2_arabian_external_law,external,administrative,"Arabian Route-and-Oasis Envoys, Clients, and External Compacts","Defines envoys, tributary obligations, client rulers, hostages, and negotiated peace within the Arabian Route-and-Oasis political sphere.",antq_s2_arabian_external_mediated,mediated,Oasis Council Client Mediation,Client mediation strengthens subordinate loyalty while empowering intermediary rulers.,subject_loyalty=5|global_nobles_estate_power=0.03|global_burghers_estate_power=0.03|global_burghers_estate_power=0.02,nobles_estate|tribes_estate|burghers_estate,yes,P8.5;P11;P13;OCD;PLE,contested,"Distinguishes caravan, oasis, tribal, and South Arabian court practices without backdating Islamic-era institutions."
arabian,antq_s2_arabian_external_law,external,administrative,"Arabian Route-and-Oasis Envoys, Clients, and External Compacts","Defines envoys, tributary obligations, client rulers, hostages, and negotiated peace within the Arabian Route-and-Oasis political sphere.",antq_s2_arabian_external_local,local,Tribal Compact Reciprocal Compacts,Reciprocal compacts broaden diplomatic capacity but bind the center to negotiated obligations.,diplomatic_capacity_modifier=0.05|monthly_towards_outward=societal_value_minor_monthly_move|global_tribes_estate_power=0.03|global_tribes_estate_power=0.02,burghers_estate|tribes_estate,no,P8.5;P11;P13;OCD;PLE,contested,"Distinguishes caravan, oasis, tribal, and South Arabian court practices without backdating Islamic-era institutions."
northern,antq_s2_northern_status_law,status,socioeconomic,Northern Forest-and-River Status and Incorporation,Defines who receives protected public standing and how outsiders enter it within the Northern Forest-and-River political sphere.,antq_s2_northern_status_central,central,Retinue Custody Status Register,A central register defines protected status efficiently but concentrates political authority.,global_integration_speed_modifier=0.06|global_pop_assimilation_speed_modifier=0.01|global_nobles_estate_power=0.02,crown_estate|nobles_estate,no,P8.7;P11;P13;ENC-NEEU,contested,"An archaeological gameplay frame for dispersed communities, not evidence for common ethnic states or written codes."
northern,antq_s2_northern_status_law,status,socioeconomic,Northern Forest-and-River Status and Incorporation,Defines who receives protected public standing and how outsiders enter it within the Northern Forest-and-River political sphere.,antq_s2_northern_status_mediated,mediated,Hillfort Council Graduated Standing,"Recognized communities mediate several grades of status, trading speed for accommodation.",global_integration_speed_modifier=0.03|pop_join_rebel_threshold=-0.01|global_tribes_estate_power=0.03|global_tribes_estate_power=0.02,nobles_estate|burghers_estate|tribes_estate,yes,P8.7;P11;P13;ENC-NEEU,contested,"An archaeological gameplay frame for dispersed communities, not evidence for common ethnic states or written codes."
northern,antq_s2_northern_status_law,status,socioeconomic,Northern Forest-and-River Status and Incorporation,Defines who receives protected public standing and how outsiders enter it within the Northern Forest-and-River political sphere.,antq_s2_northern_status_local,local,Household Round Local Admission,"Local bodies admit households flexibly, easing friction while weakening uniform administration.",global_pop_assimilation_speed_modifier=0.025|global_monthly_control=-0.01|global_pop_food_consumption=-0.005|global_peasants_estate_power=0.02,peasants_estate|tribes_estate,no,P8.7;P11;P13;ENC-NEEU,contested,"An archaeological gameplay frame for dispersed communities, not evidence for common ethnic states or written codes."
northern,antq_s2_northern_dependent_labor_law,dependent_labor,socioeconomic,Northern Forest-and-River Dependent Labor and Manumission,"Defines the obligations, sale, protection, and release of dependent laborers within the Northern Forest-and-River political sphere.",antq_s2_northern_dependent_labor_central,central,Retinue Custody Recorded Obligations,"Officials record dependent obligations and taxable releases, improving oversight at social cost.",peasants_estate_max_tax=0.03|pop_join_rebel_threshold=0.01|global_nobles_estate_power=0.02,crown_estate|nobles_estate,no,P8.7;P11;P13;ENC-NEEU,contested,"An archaeological gameplay frame for dispersed communities, not evidence for common ethnic states or written codes."
northern,antq_s2_northern_dependent_labor_law,dependent_labor,socioeconomic,Northern Forest-and-River Dependent Labor and Manumission,"Defines the obligations, sale, protection, and release of dependent laborers within the Northern Forest-and-River political sphere.",antq_s2_northern_dependent_labor_mediated,mediated,Hillfort Council Protected Manumission,Protected routes to release improve incorporation while reducing elite extraction.,global_pop_assimilation_speed_modifier=0.02|nobles_estate_max_tax=-0.02|global_tribes_estate_power=0.03|global_tribes_estate_power=0.02,peasants_estate|burghers_estate|tribes_estate,yes,P8.7;P11;P13;ENC-NEEU,contested,"An archaeological gameplay frame for dispersed communities, not evidence for common ethnic states or written codes."
northern,antq_s2_northern_dependent_labor_law,dependent_labor,socioeconomic,Northern Forest-and-River Dependent Labor and Manumission,"Defines the obligations, sale, protection, and release of dependent laborers within the Northern Forest-and-River political sphere.",antq_s2_northern_dependent_labor_local,local,Household Round Household Dependence,"Households regulate dependency locally, lowering provisioning burdens but entrenching private power.",global_pop_food_consumption=-0.01|peasants_estate_max_tax=0.02|global_pop_food_consumption=-0.005|global_peasants_estate_power=0.02,nobles_estate|tribes_estate|peasants_estate,no,P8.7;P11;P13;ENC-NEEU,contested,"An archaeological gameplay frame for dispersed communities, not evidence for common ethnic states or written codes."
northern,antq_s2_northern_revenue_law,revenue,administrative,Northern Forest-and-River Revenue and Assessment,Defines how communities are assessed and how public obligations are collected within the Northern Forest-and-River political sphere.,antq_s2_northern_revenue_central,central,Retinue Custody Assessed Registers,Regular assessment improves extraction and control but enlarges the central administrative burden.,peasants_estate_max_tax=0.04|global_monthly_control=0.015|global_nobles_estate_power=0.02,crown_estate|nobles_estate,no,P8.7;P11;P13;ENC-NEEU,contested,"An archaeological gameplay frame for dispersed communities, not evidence for common ethnic states or written codes."
northern,antq_s2_northern_revenue_law,revenue,administrative,Northern Forest-and-River Revenue and Assessment,Defines how communities are assessed and how public obligations are collected within the Northern Forest-and-River political sphere.,antq_s2_northern_revenue_mediated,mediated,Hillfort Council Negotiated Quotas,"Councils bargain fixed contributions, supporting legitimacy at the expense of maximum revenue.",burghers_estate_max_tax=0.025|stability_cost_efficiency=0.025|global_tribes_estate_power=0.03|global_tribes_estate_power=0.02,burghers_estate|nobles_estate|tribes_estate,yes,P8.7;P11;P13;ENC-NEEU,contested,"An archaeological gameplay frame for dispersed communities, not evidence for common ethnic states or written codes."
northern,antq_s2_northern_revenue_law,revenue,administrative,Northern Forest-and-River Revenue and Assessment,Defines how communities are assessed and how public obligations are collected within the Northern Forest-and-River political sphere.,antq_s2_northern_revenue_local,local,Household Round In-Kind Contributions,"Communities meet obligations in kind, sustaining production while leaving more local discretion.",global_production_efficiency=0.025|monthly_towards_decentralization=societal_value_minor_monthly_move|global_pop_food_consumption=-0.005|global_peasants_estate_power=0.02,peasants_estate|tribes_estate,no,P8.7;P11;P13;ENC-NEEU,contested,"An archaeological gameplay frame for dispersed communities, not evidence for common ethnic states or written codes."
northern,antq_s2_northern_land_law,land,socioeconomic,Northern Forest-and-River Land Tenure and Agrarian Duty,"Defines access to land, agrarian dues, and collective maintenance within the Northern Forest-and-River political sphere.",antq_s2_northern_land_central,central,Retinue Custody Surveyed Allotments,Surveyed allotments support control and predictable dues but privilege central claims.,global_max_rural_control=0.03|global_monthly_control=0.01|global_nobles_estate_power=0.02,crown_estate|nobles_estate,no,P8.7;P11;P13;ENC-NEEU,contested,"An archaeological gameplay frame for dispersed communities, not evidence for common ethnic states or written codes."
northern,antq_s2_northern_land_law,land,socioeconomic,Northern Forest-and-River Land Tenure and Agrarian Duty,"Defines access to land, agrarian dues, and collective maintenance within the Northern Forest-and-River political sphere.",antq_s2_northern_land_mediated,mediated,Hillfort Council Estate Stewardship,Leading estates organize cultivation efficiently while increasing aristocratic leverage.,global_monthly_food_modifier=0.025|global_nobles_estate_power=0.04|global_tribes_estate_power=0.03|global_tribes_estate_power=0.02,nobles_estate|tribes_estate,yes,P8.7;P11;P13;ENC-NEEU,contested,"An archaeological gameplay frame for dispersed communities, not evidence for common ethnic states or written codes."
northern,antq_s2_northern_land_law,land,socioeconomic,Northern Forest-and-River Land Tenure and Agrarian Duty,"Defines access to land, agrarian dues, and collective maintenance within the Northern Forest-and-River political sphere.",antq_s2_northern_land_local,local,Household Round Communal Tenure,Communal tenure protects subsistence and local resilience while limiting direct control.,global_pop_food_consumption=-0.01|global_max_rural_control=-0.02|global_pop_food_consumption=-0.005|global_peasants_estate_power=0.02,peasants_estate|tribes_estate,no,P8.7;P11;P13;ENC-NEEU,contested,"An archaeological gameplay frame for dispersed communities, not evidence for common ethnic states or written codes."
northern,antq_s2_northern_muster_law,muster,military,Northern Forest-and-River Military Service and Muster,"Defines who serves, for how long, and through which public or household obligation within the Northern Forest-and-River political sphere.",antq_s2_northern_muster_central,central,Retinue Custody Registered Service,Registered service raises dependable forces but increases administrative and social pressure.,global_levy_size_modifier=0.075|global_levy_recruitment_speed_modifier=-0.05|global_nobles_estate_power=0.02,crown_estate|nobles_estate,no,P8.7;P11;P13;ENC-NEEU,contested,"An archaeological gameplay frame for dispersed communities, not evidence for common ethnic states or written codes."
northern,antq_s2_northern_muster_law,muster,military,Northern Forest-and-River Military Service and Muster,"Defines who serves, for how long, and through which public or household obligation within the Northern Forest-and-River political sphere.",antq_s2_northern_muster_mediated,mediated,Hillfort Council Retinue Service,Elite retinues improve cohesion and morale while narrowing the military base.,land_morale_modifier=0.02|global_levy_size_modifier=-0.025|global_tribes_estate_power=0.03|global_tribes_estate_power=0.02,nobles_estate|tribes_estate,yes,P8.7;P11;P13;ENC-NEEU,contested,"An archaeological gameplay frame for dispersed communities, not evidence for common ethnic states or written codes."
northern,antq_s2_northern_muster_law,muster,military,Northern Forest-and-River Military Service and Muster,"Defines who serves, for how long, and through which public or household obligation within the Northern Forest-and-River political sphere.",antq_s2_northern_muster_local,local,Household Round Community Muster,A broad seasonal muster supplies numbers quickly but sacrifices some battlefield efficiency.,global_levy_recruitment_speed_modifier=0.10|levy_combat_efficiency_modifier=-0.04|global_pop_food_consumption=-0.005|global_peasants_estate_power=0.02,peasants_estate|tribes_estate,no,P8.7;P11;P13;ENC-NEEU,contested,"An archaeological gameplay frame for dispersed communities, not evidence for common ethnic states or written codes."
northern,antq_s2_northern_local_rule_law,local_rule,administrative,Northern Forest-and-River Local and Provincial Rule,"Defines the balance among central officers, intermediary councils, and local communities within the Northern Forest-and-River political sphere.",antq_s2_northern_local_rule_central,central,Retinue Custody Appointed Officers,Appointed officers improve coordination and control but strengthen the center.,country_cabinet_efficiency=0.04|global_monthly_control=0.015|global_nobles_estate_power=0.02,crown_estate|nobles_estate,no,P8.7;P11;P13;ENC-NEEU,contested,"An archaeological gameplay frame for dispersed communities, not evidence for common ethnic states or written codes."
northern,antq_s2_northern_local_rule_law,local_rule,administrative,Northern Forest-and-River Local and Provincial Rule,"Defines the balance among central officers, intermediary councils, and local communities within the Northern Forest-and-River political sphere.",antq_s2_northern_local_rule_mediated,mediated,Hillfort Council Mediated Councils,Intermediary councils improve cabinet throughput while preserving negotiated authority.,legislative_efficiency=0.04|stability_cost_efficiency=0.02|global_tribes_estate_power=0.03|global_tribes_estate_power=0.02,nobles_estate|burghers_estate|tribes_estate,yes,P8.7;P11;P13;ENC-NEEU,contested,"An archaeological gameplay frame for dispersed communities, not evidence for common ethnic states or written codes."
northern,antq_s2_northern_local_rule_law,local_rule,administrative,Northern Forest-and-River Local and Provincial Rule,"Defines the balance among central officers, intermediary councils, and local communities within the Northern Forest-and-River political sphere.",antq_s2_northern_local_rule_local,local,Household Round Local Custody,Local custody lowers resistance and administrative reach together.,pop_join_rebel_threshold=-0.02|global_max_rural_control=-0.025|global_pop_food_consumption=-0.005|global_peasants_estate_power=0.02,peasants_estate|tribes_estate,no,P8.7;P11;P13;ENC-NEEU,contested,"An archaeological gameplay frame for dispersed communities, not evidence for common ethnic states or written codes."
northern,antq_s2_northern_cult_law,cult,religious,Northern Forest-and-River Public Cult and Ritual Custody,"Defines who maintains public rites, sanctuaries, vows, and tolerated local observances within the Northern Forest-and-River political sphere.",antq_s2_northern_cult_central,central,Retinue Custody Public Rite,"The central authority sponsors public rites, strengthening religious administration but narrowing plural practice.",global_pop_conversion_speed_modifier=0.08|tolerance_heathen=-1|global_nobles_estate_power=0.02,crown_estate|clergy_estate|nobles_estate,no,P8.7;P11;P13;ENC-NEEU,contested,"An archaeological gameplay frame for dispersed communities, not evidence for common ethnic states or written codes."
northern,antq_s2_northern_cult_law,cult,religious,Northern Forest-and-River Public Cult and Ritual Custody,"Defines who maintains public rites, sanctuaries, vows, and tolerated local observances within the Northern Forest-and-River political sphere.",antq_s2_northern_cult_mediated,mediated,Hillfort Council Collegiate Custody,Recognized colleges and sanctuaries share ritual custody and stabilize elite bargains.,clergy_estate_target_satisfaction=small_permanent_target_satisfaction|stability_cost_efficiency=0.02|global_tribes_estate_power=0.03|global_tribes_estate_power=0.02,clergy_estate|nobles_estate|tribes_estate,yes,P8.7;P11;P13;ENC-NEEU,contested,"An archaeological gameplay frame for dispersed communities, not evidence for common ethnic states or written codes."
northern,antq_s2_northern_cult_law,cult,religious,Northern Forest-and-River Public Cult and Ritual Custody,"Defines who maintains public rites, sanctuaries, vows, and tolerated local observances within the Northern Forest-and-River political sphere.",antq_s2_northern_cult_local,local,Household Round Local Observance,Local observance broadens toleration while reducing the reach of an official cult.,tolerance_heathen=1|global_pop_conversion_speed_modifier=-0.05|global_pop_food_consumption=-0.005|global_peasants_estate_power=0.02,tribes_estate|peasants_estate,no,P8.7;P11;P13;ENC-NEEU,contested,"An archaeological gameplay frame for dispersed communities, not evidence for common ethnic states or written codes."
northern,antq_s2_northern_household_law,household,socioeconomic,Northern Forest-and-River Household and Inheritance,"Defines household succession, guardianship, property transmission, and kin obligation within the Northern Forest-and-River political sphere.",antq_s2_northern_household_central,central,Retinue Custody Recorded Succession,Recorded succession eases state integration but places family affairs under official scrutiny.,global_integration_speed_modifier=0.035|monthly_towards_centralization=societal_value_minor_monthly_move|global_nobles_estate_power=0.02,crown_estate|nobles_estate,no,P8.7;P11;P13;ENC-NEEU,contested,"An archaeological gameplay frame for dispersed communities, not evidence for common ethnic states or written codes."
northern,antq_s2_northern_household_law,household,socioeconomic,Northern Forest-and-River Household and Inheritance,"Defines household succession, guardianship, property transmission, and kin obligation within the Northern Forest-and-River political sphere.",antq_s2_northern_household_mediated,mediated,Hillfort Council Lineage Arbitration,"Lineages arbitrate inheritance disputes, preserving elite consent at a cost to central uniformity.",nobles_estate_target_satisfaction=tiny_permanent_target_satisfaction|global_monthly_control=-0.005|global_tribes_estate_power=0.03|global_tribes_estate_power=0.02,nobles_estate|tribes_estate,yes,P8.7;P11;P13;ENC-NEEU,contested,"An archaeological gameplay frame for dispersed communities, not evidence for common ethnic states or written codes."
northern,antq_s2_northern_household_law,household,socioeconomic,Northern Forest-and-River Household and Inheritance,"Defines household succession, guardianship, property transmission, and kin obligation within the Northern Forest-and-River political sphere.",antq_s2_northern_household_local,local,Household Round Household Custom,Household custom protects local practice and mobility while weakening predictable assessment.,global_pop_assimilation_speed_modifier=0.01|peasants_estate_max_tax=-0.015|global_pop_food_consumption=-0.005|global_peasants_estate_power=0.02,peasants_estate,no,P8.7;P11;P13;ENC-NEEU,contested,"An archaeological gameplay frame for dispersed communities, not evidence for common ethnic states or written codes."
northern,antq_s2_northern_commerce_law,commerce,socioeconomic,Northern Forest-and-River Commerce and Market Conduct,"Defines safe conduct, tolls, market oversight, and the standing of merchants within the Northern Forest-and-River political sphere.",antq_s2_northern_commerce_central,central,Retinue Custody Public Toll Schedule,Published toll schedules improve route revenue and enforcement but privilege official channels.,global_trade_through_owned_territory_efficiency=0.06|global_monthly_control=0.01|global_nobles_estate_power=0.02,crown_estate|nobles_estate,no,P8.7;P11;P13;ENC-NEEU,contested,"An archaeological gameplay frame for dispersed communities, not evidence for common ethnic states or written codes."
northern,antq_s2_northern_commerce_law,commerce,socioeconomic,Northern Forest-and-River Commerce and Market Conduct,"Defines safe conduct, tolls, market oversight, and the standing of merchants within the Northern Forest-and-River political sphere.",antq_s2_northern_commerce_mediated,mediated,Hillfort Council Merchant Arbitration,Merchant arbitration improves production and exchange while increasing urban political weight.,global_production_efficiency=0.03|global_burghers_estate_power=0.04|global_tribes_estate_power=0.03|global_tribes_estate_power=0.02,burghers_estate|tribes_estate,yes,P8.7;P11;P13;ENC-NEEU,contested,"An archaeological gameplay frame for dispersed communities, not evidence for common ethnic states or written codes."
northern,antq_s2_northern_commerce_law,commerce,socioeconomic,Northern Forest-and-River Commerce and Market Conduct,"Defines safe conduct, tolls, market oversight, and the standing of merchants within the Northern Forest-and-River political sphere.",antq_s2_northern_commerce_local,local,Household Round Open Local Exchange,Open local exchange reduces barriers and strengthens communities at the expense of central receipts.,global_trade_through_owned_territory_efficiency=0.03|burghers_estate_max_tax=-0.02|global_pop_food_consumption=-0.005|global_peasants_estate_power=0.02,peasants_estate|tribes_estate,no,P8.7;P11;P13;ENC-NEEU,contested,"An archaeological gameplay frame for dispersed communities, not evidence for common ethnic states or written codes."
northern,antq_s2_northern_coinage_law,coinage,socioeconomic,Northern Forest-and-River Coinage and Standards,"Defines mint authority, accepted standards, weighed media, and seigniorage within the Northern Forest-and-River political sphere.",antq_s2_northern_coinage_central,central,Retinue Custody Official Standard,An official standard increases mint receipts but makes price stability depend on central restraint.,minting_income_factor=0.10|minting_inflation_threshold=-0.01|global_nobles_estate_power=0.02,crown_estate|nobles_estate,no,P8.7;P11;P13;ENC-NEEU,contested,"An archaeological gameplay frame for dispersed communities, not evidence for common ethnic states or written codes."
northern,antq_s2_northern_coinage_law,coinage,socioeconomic,Northern Forest-and-River Coinage and Standards,"Defines mint authority, accepted standards, weighed media, and seigniorage within the Northern Forest-and-River political sphere.",antq_s2_northern_coinage_mediated,mediated,Hillfort Council Multiple Civic Issues,Several recognized issues support commerce while sharing monetary authority with urban elites.,minting_income_factor=0.06|global_burghers_estate_power=0.04|global_tribes_estate_power=0.03|global_tribes_estate_power=0.02,burghers_estate|tribes_estate,yes,P8.7;P11;P13;ENC-NEEU,contested,"An archaeological gameplay frame for dispersed communities, not evidence for common ethnic states or written codes."
northern,antq_s2_northern_coinage_law,coinage,socioeconomic,Northern Forest-and-River Coinage and Standards,"Defines mint authority, accepted standards, weighed media, and seigniorage within the Northern Forest-and-River political sphere.",antq_s2_northern_coinage_local,local,Household Round Weighed Exchange,Weighed and customary exchange is flexible but yields less direct mint revenue.,minting_income_factor=0.025|stability_cost_efficiency=0.02|global_pop_food_consumption=-0.005|global_peasants_estate_power=0.02,tribes_estate|peasants_estate,no,P8.7;P11;P13;ENC-NEEU,contested,"An archaeological gameplay frame for dispersed communities, not evidence for common ethnic states or written codes."
northern,antq_s2_northern_courts_law,courts,administrative,Northern Forest-and-River Courts and Petition,"Defines the hearing of disputes, appeals, testimony, and petitions within the Northern Forest-and-River political sphere.",antq_s2_northern_courts_central,central,Retinue Custody Central Appeal,A central appeal improves consistency and state control but increases administrative load.,legislative_efficiency=0.04|country_cabinet_efficiency=-0.015|global_nobles_estate_power=0.02,crown_estate|nobles_estate,no,P8.7;P11;P13;ENC-NEEU,contested,"An archaeological gameplay frame for dispersed communities, not evidence for common ethnic states or written codes."
northern,antq_s2_northern_courts_law,courts,administrative,Northern Forest-and-River Courts and Petition,"Defines the hearing of disputes, appeals, testimony, and petitions within the Northern Forest-and-River political sphere.",antq_s2_northern_courts_mediated,mediated,Hillfort Council Collegiate Judgment,Collegiate judgment balances elite interests and lowers the political cost of legislation.,stability_cost_efficiency=0.035|global_nobles_estate_power=0.025|global_tribes_estate_power=0.03|global_tribes_estate_power=0.02,nobles_estate|clergy_estate|tribes_estate,yes,P8.7;P11;P13;ENC-NEEU,contested,"An archaeological gameplay frame for dispersed communities, not evidence for common ethnic states or written codes."
northern,antq_s2_northern_courts_law,courts,administrative,Northern Forest-and-River Courts and Petition,"Defines the hearing of disputes, appeals, testimony, and petitions within the Northern Forest-and-River political sphere.",antq_s2_northern_courts_local,local,Household Round Local Composition,Local composition resolves disputes accessibly while limiting uniform precedent.,pop_join_rebel_threshold=-0.015|global_monthly_control=-0.01|global_pop_food_consumption=-0.005|global_peasants_estate_power=0.02,peasants_estate|tribes_estate,no,P8.7;P11;P13;ENC-NEEU,contested,"An archaeological gameplay frame for dispersed communities, not evidence for common ethnic states or written codes."
northern,antq_s2_northern_offices_law,offices,administrative,Northern Forest-and-River Offices and Appointment,"Defines appointment, tenure, replacement, and accountability in public office within the Northern Forest-and-River political sphere.",antq_s2_northern_offices_central,central,Retinue Custody Direct Appointment,Direct appointment makes staffing faster but concentrates office in the ruler's hands.,set_cabinet_member_cost_modifier=-0.10|global_crown_estate_power=0.04|global_nobles_estate_power=0.02,crown_estate|nobles_estate,no,P8.7;P11;P13;ENC-NEEU,contested,"An archaeological gameplay frame for dispersed communities, not evidence for common ethnic states or written codes."
northern,antq_s2_northern_offices_law,offices,administrative,Northern Forest-and-River Offices and Appointment,"Defines appointment, tenure, replacement, and accountability in public office within the Northern Forest-and-River political sphere.",antq_s2_northern_offices_mediated,mediated,Hillfort Council Rotating Office,Rotation broadens access and improves deliberation while making replacement less predictable.,country_cabinet_efficiency=0.03|replace_cabinet_member_cost_modifier=-0.05|global_tribes_estate_power=0.03|global_tribes_estate_power=0.02,burghers_estate|tribes_estate,yes,P8.7;P11;P13;ENC-NEEU,contested,"An archaeological gameplay frame for dispersed communities, not evidence for common ethnic states or written codes."
northern,antq_s2_northern_offices_law,offices,administrative,Northern Forest-and-River Offices and Appointment,"Defines appointment, tenure, replacement, and accountability in public office within the Northern Forest-and-River political sphere.",antq_s2_northern_offices_local,local,Household Round Patron-Nominated Office,Patron nomination secures elite cooperation but makes office-holders costly to dislodge.,replace_cabinet_member_cost_modifier=0.15|global_nobles_estate_power=0.04|global_pop_food_consumption=-0.005|global_peasants_estate_power=0.02,nobles_estate|peasants_estate,no,P8.7;P11;P13;ENC-NEEU,contested,"An archaeological gameplay frame for dispersed communities, not evidence for common ethnic states or written codes."
northern,antq_s2_northern_migration_law,migration,administrative,Northern Forest-and-River Migration and Settlement,"Defines the admission, relocation, patronage, and settlement of mobile households within the Northern Forest-and-River political sphere.",antq_s2_northern_migration_central,central,Retinue Custody Directed Settlement,Directed settlement accelerates incorporation and control but privileges central priorities.,global_pop_assimilation_speed_modifier=0.02|global_monthly_control=0.01|global_nobles_estate_power=0.02,crown_estate|nobles_estate,no,P8.7;P11;P13;ENC-NEEU,contested,"An archaeological gameplay frame for dispersed communities, not evidence for common ethnic states or written codes."
northern,antq_s2_northern_migration_law,migration,administrative,Northern Forest-and-River Migration and Settlement,"Defines the admission, relocation, patronage, and settlement of mobile households within the Northern Forest-and-River political sphere.",antq_s2_northern_migration_mediated,mediated,Hillfort Council Sponsored Communities,"Recognized communities sponsor newcomers, balancing integration with corporate autonomy.",global_integration_speed_modifier=0.025|global_burghers_estate_power=0.025|global_tribes_estate_power=0.03|global_tribes_estate_power=0.02,burghers_estate|tribes_estate,yes,P8.7;P11;P13;ENC-NEEU,contested,"An archaeological gameplay frame for dispersed communities, not evidence for common ethnic states or written codes."
northern,antq_s2_northern_migration_law,migration,administrative,Northern Forest-and-River Migration and Settlement,"Defines the admission, relocation, patronage, and settlement of mobile households within the Northern Forest-and-River political sphere.",antq_s2_northern_migration_local,local,Household Round Negotiated Passage,Negotiated passage reduces cultural friction while leaving migration weakly supervised.,tolerance_heathen=1|global_pop_assimilation_speed_modifier=-0.01|global_pop_food_consumption=-0.005|global_peasants_estate_power=0.02,peasants_estate|tribes_estate,no,P8.7;P11;P13;ENC-NEEU,contested,"An archaeological gameplay frame for dispersed communities, not evidence for common ethnic states or written codes."
northern,antq_s2_northern_external_law,external,administrative,"Northern Forest-and-River Envoys, Clients, and External Compacts","Defines envoys, tributary obligations, client rulers, hostages, and negotiated peace within the Northern Forest-and-River political sphere.",antq_s2_northern_external_central,central,Retinue Custody Central Envoys,Central envoys improve diplomatic standing but demand sustained court resources.,diplomatic_reputation=1|country_cabinet_efficiency=-0.01|global_nobles_estate_power=0.02,crown_estate|nobles_estate,no,P8.7;P11;P13;ENC-NEEU,contested,"An archaeological gameplay frame for dispersed communities, not evidence for common ethnic states or written codes."
northern,antq_s2_northern_external_law,external,administrative,"Northern Forest-and-River Envoys, Clients, and External Compacts","Defines envoys, tributary obligations, client rulers, hostages, and negotiated peace within the Northern Forest-and-River political sphere.",antq_s2_northern_external_mediated,mediated,Hillfort Council Client Mediation,Client mediation strengthens subordinate loyalty while empowering intermediary rulers.,subject_loyalty=5|global_nobles_estate_power=0.03|global_tribes_estate_power=0.03|global_tribes_estate_power=0.02,nobles_estate|tribes_estate,yes,P8.7;P11;P13;ENC-NEEU,contested,"An archaeological gameplay frame for dispersed communities, not evidence for common ethnic states or written codes."
northern,antq_s2_northern_external_law,external,administrative,"Northern Forest-and-River Envoys, Clients, and External Compacts","Defines envoys, tributary obligations, client rulers, hostages, and negotiated peace within the Northern Forest-and-River political sphere.",antq_s2_northern_external_local,local,Household Round Reciprocal Compacts,Reciprocal compacts broaden diplomatic capacity but bind the center to negotiated obligations.,diplomatic_capacity_modifier=0.05|monthly_towards_outward=societal_value_minor_monthly_move|global_pop_food_consumption=-0.005|global_peasants_estate_power=0.02,burghers_estate|tribes_estate|peasants_estate,no,P8.7;P11;P13;ENC-NEEU,contested,"An archaeological gameplay frame for dispersed communities, not evidence for common ethnic states or written codes."
african,antq_s2_african_status_law,status,socioeconomic,African Royal-and-Community Status and Incorporation,Defines who receives protected public standing and how outsiders enter it within the African Royal-and-Community political sphere.,antq_s2_african_status_central,central,Royal Household Status Register,A central register defines protected status efficiently but concentrates political authority.,global_integration_speed_modifier=0.06|global_pop_assimilation_speed_modifier=0.01|global_crown_estate_power=0.03|global_crown_estate_power=0.02,crown_estate,no,P8.5;P11;P13;CAH-XI,contested,"Provides varied royal, urban, pastoral, and community choices without turning archaeological horizons into centralized states."
african,antq_s2_african_status_law,status,socioeconomic,African Royal-and-Community Status and Incorporation,Defines who receives protected public standing and how outsiders enter it within the African Royal-and-Community political sphere.,antq_s2_african_status_mediated,mediated,Market-and-Sanctuary Council Graduated Standing,"Recognized communities mediate several grades of status, trading speed for accommodation.",global_integration_speed_modifier=0.03|pop_join_rebel_threshold=-0.01|global_burghers_estate_power=0.03|global_burghers_estate_power=0.02,nobles_estate|burghers_estate,yes,P8.5;P11;P13;CAH-XI,contested,"Provides varied royal, urban, pastoral, and community choices without turning archaeological horizons into centralized states."
african,antq_s2_african_status_law,status,socioeconomic,African Royal-and-Community Status and Incorporation,Defines who receives protected public standing and how outsiders enter it within the African Royal-and-Community political sphere.,antq_s2_african_status_local,local,Community Compact Local Admission,"Local bodies admit households flexibly, easing friction while weakening uniform administration.",global_pop_assimilation_speed_modifier=0.025|global_monthly_control=-0.01|global_tribes_estate_power=0.03|global_tribes_estate_power=0.02,peasants_estate|tribes_estate,no,P8.5;P11;P13;CAH-XI,contested,"Provides varied royal, urban, pastoral, and community choices without turning archaeological horizons into centralized states."
african,antq_s2_african_dependent_labor_law,dependent_labor,socioeconomic,African Royal-and-Community Dependent Labor and Manumission,"Defines the obligations, sale, protection, and release of dependent laborers within the African Royal-and-Community political sphere.",antq_s2_african_dependent_labor_central,central,Royal Household Recorded Obligations,"Officials record dependent obligations and taxable releases, improving oversight at social cost.",peasants_estate_max_tax=0.03|pop_join_rebel_threshold=0.01|global_crown_estate_power=0.03|global_crown_estate_power=0.02,crown_estate|nobles_estate,no,P8.5;P11;P13;CAH-XI,contested,"Provides varied royal, urban, pastoral, and community choices without turning archaeological horizons into centralized states."
african,antq_s2_african_dependent_labor_law,dependent_labor,socioeconomic,African Royal-and-Community Dependent Labor and Manumission,"Defines the obligations, sale, protection, and release of dependent laborers within the African Royal-and-Community political sphere.",antq_s2_african_dependent_labor_mediated,mediated,Market-and-Sanctuary Council Protected Manumission,Protected routes to release improve incorporation while reducing elite extraction.,global_pop_assimilation_speed_modifier=0.02|nobles_estate_max_tax=-0.02|global_burghers_estate_power=0.03|global_burghers_estate_power=0.02,peasants_estate|burghers_estate,yes,P8.5;P11;P13;CAH-XI,contested,"Provides varied royal, urban, pastoral, and community choices without turning archaeological horizons into centralized states."
african,antq_s2_african_dependent_labor_law,dependent_labor,socioeconomic,African Royal-and-Community Dependent Labor and Manumission,"Defines the obligations, sale, protection, and release of dependent laborers within the African Royal-and-Community political sphere.",antq_s2_african_dependent_labor_local,local,Community Compact Household Dependence,"Households regulate dependency locally, lowering provisioning burdens but entrenching private power.",global_pop_food_consumption=-0.01|peasants_estate_max_tax=0.02|global_tribes_estate_power=0.03|global_tribes_estate_power=0.02,nobles_estate|tribes_estate,no,P8.5;P11;P13;CAH-XI,contested,"Provides varied royal, urban, pastoral, and community choices without turning archaeological horizons into centralized states."
african,antq_s2_african_revenue_law,revenue,administrative,African Royal-and-Community Revenue and Assessment,Defines how communities are assessed and how public obligations are collected within the African Royal-and-Community political sphere.,antq_s2_african_revenue_central,central,Royal Household Assessed Registers,Regular assessment improves extraction and control but enlarges the central administrative burden.,peasants_estate_max_tax=0.04|global_monthly_control=0.015|global_crown_estate_power=0.03|global_crown_estate_power=0.02,crown_estate,no,P8.5;P11;P13;CAH-XI,contested,"Provides varied royal, urban, pastoral, and community choices without turning archaeological horizons into centralized states."
african,antq_s2_african_revenue_law,revenue,administrative,African Royal-and-Community Revenue and Assessment,Defines how communities are assessed and how public obligations are collected within the African Royal-and-Community political sphere.,antq_s2_african_revenue_mediated,mediated,Market-and-Sanctuary Council Negotiated Quotas,"Councils bargain fixed contributions, supporting legitimacy at the expense of maximum revenue.",burghers_estate_max_tax=0.025|stability_cost_efficiency=0.025|global_burghers_estate_power=0.03|global_burghers_estate_power=0.02,burghers_estate|nobles_estate,yes,P8.5;P11;P13;CAH-XI,contested,"Provides varied royal, urban, pastoral, and community choices without turning archaeological horizons into centralized states."
african,antq_s2_african_revenue_law,revenue,administrative,African Royal-and-Community Revenue and Assessment,Defines how communities are assessed and how public obligations are collected within the African Royal-and-Community political sphere.,antq_s2_african_revenue_local,local,Community Compact In-Kind Contributions,"Communities meet obligations in kind, sustaining production while leaving more local discretion.",global_production_efficiency=0.025|monthly_towards_decentralization=societal_value_minor_monthly_move|global_tribes_estate_power=0.03|global_tribes_estate_power=0.02,peasants_estate|tribes_estate,no,P8.5;P11;P13;CAH-XI,contested,"Provides varied royal, urban, pastoral, and community choices without turning archaeological horizons into centralized states."
african,antq_s2_african_land_law,land,socioeconomic,African Royal-and-Community Land Tenure and Agrarian Duty,"Defines access to land, agrarian dues, and collective maintenance within the African Royal-and-Community political sphere.",antq_s2_african_land_central,central,Royal Household Surveyed Allotments,Surveyed allotments support control and predictable dues but privilege central claims.,global_max_rural_control=0.03|global_monthly_control=0.01|global_crown_estate_power=0.03|global_crown_estate_power=0.02,crown_estate,no,P8.5;P11;P13;CAH-XI,contested,"Provides varied royal, urban, pastoral, and community choices without turning archaeological horizons into centralized states."
african,antq_s2_african_land_law,land,socioeconomic,African Royal-and-Community Land Tenure and Agrarian Duty,"Defines access to land, agrarian dues, and collective maintenance within the African Royal-and-Community political sphere.",antq_s2_african_land_mediated,mediated,Market-and-Sanctuary Council Estate Stewardship,Leading estates organize cultivation efficiently while increasing aristocratic leverage.,global_monthly_food_modifier=0.025|global_nobles_estate_power=0.04|global_burghers_estate_power=0.03|global_burghers_estate_power=0.02,nobles_estate|burghers_estate,yes,P8.5;P11;P13;CAH-XI,contested,"Provides varied royal, urban, pastoral, and community choices without turning archaeological horizons into centralized states."
african,antq_s2_african_land_law,land,socioeconomic,African Royal-and-Community Land Tenure and Agrarian Duty,"Defines access to land, agrarian dues, and collective maintenance within the African Royal-and-Community political sphere.",antq_s2_african_land_local,local,Community Compact Communal Tenure,Communal tenure protects subsistence and local resilience while limiting direct control.,global_pop_food_consumption=-0.01|global_max_rural_control=-0.02|global_tribes_estate_power=0.03|global_tribes_estate_power=0.02,peasants_estate|tribes_estate,no,P8.5;P11;P13;CAH-XI,contested,"Provides varied royal, urban, pastoral, and community choices without turning archaeological horizons into centralized states."
african,antq_s2_african_muster_law,muster,military,African Royal-and-Community Military Service and Muster,"Defines who serves, for how long, and through which public or household obligation within the African Royal-and-Community political sphere.",antq_s2_african_muster_central,central,Royal Household Registered Service,Registered service raises dependable forces but increases administrative and social pressure.,global_levy_size_modifier=0.075|global_levy_recruitment_speed_modifier=-0.05|global_crown_estate_power=0.03|global_crown_estate_power=0.02,crown_estate,no,P8.5;P11;P13;CAH-XI,contested,"Provides varied royal, urban, pastoral, and community choices without turning archaeological horizons into centralized states."
african,antq_s2_african_muster_law,muster,military,African Royal-and-Community Military Service and Muster,"Defines who serves, for how long, and through which public or household obligation within the African Royal-and-Community political sphere.",antq_s2_african_muster_mediated,mediated,Market-and-Sanctuary Council Retinue Service,Elite retinues improve cohesion and morale while narrowing the military base.,land_morale_modifier=0.02|global_levy_size_modifier=-0.025|global_burghers_estate_power=0.03|global_burghers_estate_power=0.02,nobles_estate|burghers_estate,yes,P8.5;P11;P13;CAH-XI,contested,"Provides varied royal, urban, pastoral, and community choices without turning archaeological horizons into centralized states."
african,antq_s2_african_muster_law,muster,military,African Royal-and-Community Military Service and Muster,"Defines who serves, for how long, and through which public or household obligation within the African Royal-and-Community political sphere.",antq_s2_african_muster_local,local,Community Compact Community Muster,A broad seasonal muster supplies numbers quickly but sacrifices some battlefield efficiency.,global_levy_recruitment_speed_modifier=0.10|levy_combat_efficiency_modifier=-0.04|global_tribes_estate_power=0.03|global_tribes_estate_power=0.02,peasants_estate|tribes_estate,no,P8.5;P11;P13;CAH-XI,contested,"Provides varied royal, urban, pastoral, and community choices without turning archaeological horizons into centralized states."
african,antq_s2_african_local_rule_law,local_rule,administrative,African Royal-and-Community Local and Provincial Rule,"Defines the balance among central officers, intermediary councils, and local communities within the African Royal-and-Community political sphere.",antq_s2_african_local_rule_central,central,Royal Household Appointed Officers,Appointed officers improve coordination and control but strengthen the center.,country_cabinet_efficiency=0.04|global_monthly_control=0.015|global_crown_estate_power=0.03|global_crown_estate_power=0.02,crown_estate,no,P8.5;P11;P13;CAH-XI,contested,"Provides varied royal, urban, pastoral, and community choices without turning archaeological horizons into centralized states."
african,antq_s2_african_local_rule_law,local_rule,administrative,African Royal-and-Community Local and Provincial Rule,"Defines the balance among central officers, intermediary councils, and local communities within the African Royal-and-Community political sphere.",antq_s2_african_local_rule_mediated,mediated,Market-and-Sanctuary Council Mediated Councils,Intermediary councils improve cabinet throughput while preserving negotiated authority.,legislative_efficiency=0.04|stability_cost_efficiency=0.02|global_burghers_estate_power=0.03|global_burghers_estate_power=0.02,nobles_estate|burghers_estate,yes,P8.5;P11;P13;CAH-XI,contested,"Provides varied royal, urban, pastoral, and community choices without turning archaeological horizons into centralized states."
african,antq_s2_african_local_rule_law,local_rule,administrative,African Royal-and-Community Local and Provincial Rule,"Defines the balance among central officers, intermediary councils, and local communities within the African Royal-and-Community political sphere.",antq_s2_african_local_rule_local,local,Community Compact Local Custody,Local custody lowers resistance and administrative reach together.,pop_join_rebel_threshold=-0.02|global_max_rural_control=-0.025|global_tribes_estate_power=0.03|global_tribes_estate_power=0.02,peasants_estate|tribes_estate,no,P8.5;P11;P13;CAH-XI,contested,"Provides varied royal, urban, pastoral, and community choices without turning archaeological horizons into centralized states."
african,antq_s2_african_cult_law,cult,religious,African Royal-and-Community Public Cult and Ritual Custody,"Defines who maintains public rites, sanctuaries, vows, and tolerated local observances within the African Royal-and-Community political sphere.",antq_s2_african_cult_central,central,Royal Household Public Rite,"The central authority sponsors public rites, strengthening religious administration but narrowing plural practice.",global_pop_conversion_speed_modifier=0.08|tolerance_heathen=-1|global_crown_estate_power=0.03|global_crown_estate_power=0.02,crown_estate|clergy_estate,no,P8.5;P11;P13;CAH-XI,contested,"Provides varied royal, urban, pastoral, and community choices without turning archaeological horizons into centralized states."
african,antq_s2_african_cult_law,cult,religious,African Royal-and-Community Public Cult and Ritual Custody,"Defines who maintains public rites, sanctuaries, vows, and tolerated local observances within the African Royal-and-Community political sphere.",antq_s2_african_cult_mediated,mediated,Market-and-Sanctuary Council Collegiate Custody,Recognized colleges and sanctuaries share ritual custody and stabilize elite bargains.,clergy_estate_target_satisfaction=small_permanent_target_satisfaction|stability_cost_efficiency=0.02|global_burghers_estate_power=0.03|global_burghers_estate_power=0.02,clergy_estate|nobles_estate|burghers_estate,yes,P8.5;P11;P13;CAH-XI,contested,"Provides varied royal, urban, pastoral, and community choices without turning archaeological horizons into centralized states."
african,antq_s2_african_cult_law,cult,religious,African Royal-and-Community Public Cult and Ritual Custody,"Defines who maintains public rites, sanctuaries, vows, and tolerated local observances within the African Royal-and-Community political sphere.",antq_s2_african_cult_local,local,Community Compact Local Observance,Local observance broadens toleration while reducing the reach of an official cult.,tolerance_heathen=1|global_pop_conversion_speed_modifier=-0.05|global_tribes_estate_power=0.03|global_tribes_estate_power=0.02,tribes_estate|peasants_estate,no,P8.5;P11;P13;CAH-XI,contested,"Provides varied royal, urban, pastoral, and community choices without turning archaeological horizons into centralized states."
african,antq_s2_african_household_law,household,socioeconomic,African Royal-and-Community Household and Inheritance,"Defines household succession, guardianship, property transmission, and kin obligation within the African Royal-and-Community political sphere.",antq_s2_african_household_central,central,Royal Household Recorded Succession,Recorded succession eases state integration but places family affairs under official scrutiny.,global_integration_speed_modifier=0.035|monthly_towards_centralization=societal_value_minor_monthly_move|global_crown_estate_power=0.03|global_crown_estate_power=0.02,crown_estate,no,P8.5;P11;P13;CAH-XI,contested,"Provides varied royal, urban, pastoral, and community choices without turning archaeological horizons into centralized states."
african,antq_s2_african_household_law,household,socioeconomic,African Royal-and-Community Household and Inheritance,"Defines household succession, guardianship, property transmission, and kin obligation within the African Royal-and-Community political sphere.",antq_s2_african_household_mediated,mediated,Market-and-Sanctuary Council Lineage Arbitration,"Lineages arbitrate inheritance disputes, preserving elite consent at a cost to central uniformity.",nobles_estate_target_satisfaction=tiny_permanent_target_satisfaction|global_monthly_control=-0.005|global_burghers_estate_power=0.03|global_burghers_estate_power=0.02,nobles_estate|tribes_estate|burghers_estate,yes,P8.5;P11;P13;CAH-XI,contested,"Provides varied royal, urban, pastoral, and community choices without turning archaeological horizons into centralized states."
african,antq_s2_african_household_law,household,socioeconomic,African Royal-and-Community Household and Inheritance,"Defines household succession, guardianship, property transmission, and kin obligation within the African Royal-and-Community political sphere.",antq_s2_african_household_local,local,Community Compact Household Custom,Household custom protects local practice and mobility while weakening predictable assessment.,global_pop_assimilation_speed_modifier=0.01|peasants_estate_max_tax=-0.015|global_tribes_estate_power=0.03|global_tribes_estate_power=0.02,peasants_estate|tribes_estate,no,P8.5;P11;P13;CAH-XI,contested,"Provides varied royal, urban, pastoral, and community choices without turning archaeological horizons into centralized states."
african,antq_s2_african_commerce_law,commerce,socioeconomic,African Royal-and-Community Commerce and Market Conduct,"Defines safe conduct, tolls, market oversight, and the standing of merchants within the African Royal-and-Community political sphere.",antq_s2_african_commerce_central,central,Royal Household Public Toll Schedule,Published toll schedules improve route revenue and enforcement but privilege official channels.,global_trade_through_owned_territory_efficiency=0.06|global_monthly_control=0.01|global_crown_estate_power=0.03|global_crown_estate_power=0.02,crown_estate,no,P8.5;P11;P13;CAH-XI,contested,"Provides varied royal, urban, pastoral, and community choices without turning archaeological horizons into centralized states."
african,antq_s2_african_commerce_law,commerce,socioeconomic,African Royal-and-Community Commerce and Market Conduct,"Defines safe conduct, tolls, market oversight, and the standing of merchants within the African Royal-and-Community political sphere.",antq_s2_african_commerce_mediated,mediated,Market-and-Sanctuary Council Merchant Arbitration,Merchant arbitration improves production and exchange while increasing urban political weight.,global_production_efficiency=0.03|global_burghers_estate_power=0.04|global_burghers_estate_power=0.03|global_burghers_estate_power=0.02,burghers_estate,yes,P8.5;P11;P13;CAH-XI,contested,"Provides varied royal, urban, pastoral, and community choices without turning archaeological horizons into centralized states."
african,antq_s2_african_commerce_law,commerce,socioeconomic,African Royal-and-Community Commerce and Market Conduct,"Defines safe conduct, tolls, market oversight, and the standing of merchants within the African Royal-and-Community political sphere.",antq_s2_african_commerce_local,local,Community Compact Open Local Exchange,Open local exchange reduces barriers and strengthens communities at the expense of central receipts.,global_trade_through_owned_territory_efficiency=0.03|burghers_estate_max_tax=-0.02|global_tribes_estate_power=0.03|global_tribes_estate_power=0.02,peasants_estate|tribes_estate,no,P8.5;P11;P13;CAH-XI,contested,"Provides varied royal, urban, pastoral, and community choices without turning archaeological horizons into centralized states."
african,antq_s2_african_coinage_law,coinage,socioeconomic,African Royal-and-Community Coinage and Standards,"Defines mint authority, accepted standards, weighed media, and seigniorage within the African Royal-and-Community political sphere.",antq_s2_african_coinage_central,central,Royal Household Official Standard,An official standard increases mint receipts but makes price stability depend on central restraint.,minting_income_factor=0.10|minting_inflation_threshold=-0.01|global_crown_estate_power=0.03|global_crown_estate_power=0.02,crown_estate,no,P8.5;P11;P13;CAH-XI,contested,"Provides varied royal, urban, pastoral, and community choices without turning archaeological horizons into centralized states."
african,antq_s2_african_coinage_law,coinage,socioeconomic,African Royal-and-Community Coinage and Standards,"Defines mint authority, accepted standards, weighed media, and seigniorage within the African Royal-and-Community political sphere.",antq_s2_african_coinage_mediated,mediated,Market-and-Sanctuary Council Multiple Civic Issues,Several recognized issues support commerce while sharing monetary authority with urban elites.,minting_income_factor=0.06|global_burghers_estate_power=0.04|global_burghers_estate_power=0.03|global_burghers_estate_power=0.02,burghers_estate,yes,P8.5;P11;P13;CAH-XI,contested,"Provides varied royal, urban, pastoral, and community choices without turning archaeological horizons into centralized states."
african,antq_s2_african_coinage_law,coinage,socioeconomic,African Royal-and-Community Coinage and Standards,"Defines mint authority, accepted standards, weighed media, and seigniorage within the African Royal-and-Community political sphere.",antq_s2_african_coinage_local,local,Community Compact Weighed Exchange,Weighed and customary exchange is flexible but yields less direct mint revenue.,minting_income_factor=0.025|stability_cost_efficiency=0.02|global_tribes_estate_power=0.03|global_tribes_estate_power=0.02,tribes_estate|peasants_estate,no,P8.5;P11;P13;CAH-XI,contested,"Provides varied royal, urban, pastoral, and community choices without turning archaeological horizons into centralized states."
african,antq_s2_african_courts_law,courts,administrative,African Royal-and-Community Courts and Petition,"Defines the hearing of disputes, appeals, testimony, and petitions within the African Royal-and-Community political sphere.",antq_s2_african_courts_central,central,Royal Household Central Appeal,A central appeal improves consistency and state control but increases administrative load.,legislative_efficiency=0.04|country_cabinet_efficiency=-0.015|global_crown_estate_power=0.03|global_crown_estate_power=0.02,crown_estate,no,P8.5;P11;P13;CAH-XI,contested,"Provides varied royal, urban, pastoral, and community choices without turning archaeological horizons into centralized states."
african,antq_s2_african_courts_law,courts,administrative,African Royal-and-Community Courts and Petition,"Defines the hearing of disputes, appeals, testimony, and petitions within the African Royal-and-Community political sphere.",antq_s2_african_courts_mediated,mediated,Market-and-Sanctuary Council Collegiate Judgment,Collegiate judgment balances elite interests and lowers the political cost of legislation.,stability_cost_efficiency=0.035|global_nobles_estate_power=0.025|global_burghers_estate_power=0.03|global_burghers_estate_power=0.02,nobles_estate|clergy_estate|burghers_estate,yes,P8.5;P11;P13;CAH-XI,contested,"Provides varied royal, urban, pastoral, and community choices without turning archaeological horizons into centralized states."
african,antq_s2_african_courts_law,courts,administrative,African Royal-and-Community Courts and Petition,"Defines the hearing of disputes, appeals, testimony, and petitions within the African Royal-and-Community political sphere.",antq_s2_african_courts_local,local,Community Compact Local Composition,Local composition resolves disputes accessibly while limiting uniform precedent.,pop_join_rebel_threshold=-0.015|global_monthly_control=-0.01|global_tribes_estate_power=0.03|global_tribes_estate_power=0.02,peasants_estate|tribes_estate,no,P8.5;P11;P13;CAH-XI,contested,"Provides varied royal, urban, pastoral, and community choices without turning archaeological horizons into centralized states."
african,antq_s2_african_offices_law,offices,administrative,African Royal-and-Community Offices and Appointment,"Defines appointment, tenure, replacement, and accountability in public office within the African Royal-and-Community political sphere.",antq_s2_african_offices_central,central,Royal Household Direct Appointment,Direct appointment makes staffing faster but concentrates office in the ruler's hands.,set_cabinet_member_cost_modifier=-0.10|global_crown_estate_power=0.04|global_crown_estate_power=0.03|global_crown_estate_power=0.02,crown_estate,no,P8.5;P11;P13;CAH-XI,contested,"Provides varied royal, urban, pastoral, and community choices without turning archaeological horizons into centralized states."
african,antq_s2_african_offices_law,offices,administrative,African Royal-and-Community Offices and Appointment,"Defines appointment, tenure, replacement, and accountability in public office within the African Royal-and-Community political sphere.",antq_s2_african_offices_mediated,mediated,Market-and-Sanctuary Council Rotating Office,Rotation broadens access and improves deliberation while making replacement less predictable.,country_cabinet_efficiency=0.03|replace_cabinet_member_cost_modifier=-0.05|global_burghers_estate_power=0.03|global_burghers_estate_power=0.02,burghers_estate|tribes_estate,yes,P8.5;P11;P13;CAH-XI,contested,"Provides varied royal, urban, pastoral, and community choices without turning archaeological horizons into centralized states."
african,antq_s2_african_offices_law,offices,administrative,African Royal-and-Community Offices and Appointment,"Defines appointment, tenure, replacement, and accountability in public office within the African Royal-and-Community political sphere.",antq_s2_african_offices_local,local,Community Compact Patron-Nominated Office,Patron nomination secures elite cooperation but makes office-holders costly to dislodge.,replace_cabinet_member_cost_modifier=0.15|global_nobles_estate_power=0.04|global_tribes_estate_power=0.03|global_tribes_estate_power=0.02,nobles_estate|tribes_estate,no,P8.5;P11;P13;CAH-XI,contested,"Provides varied royal, urban, pastoral, and community choices without turning archaeological horizons into centralized states."
african,antq_s2_african_migration_law,migration,administrative,African Royal-and-Community Migration and Settlement,"Defines the admission, relocation, patronage, and settlement of mobile households within the African Royal-and-Community political sphere.",antq_s2_african_migration_central,central,Royal Household Directed Settlement,Directed settlement accelerates incorporation and control but privileges central priorities.,global_pop_assimilation_speed_modifier=0.02|global_monthly_control=0.01|global_crown_estate_power=0.03|global_crown_estate_power=0.02,crown_estate,no,P8.5;P11;P13;CAH-XI,contested,"Provides varied royal, urban, pastoral, and community choices without turning archaeological horizons into centralized states."
african,antq_s2_african_migration_law,migration,administrative,African Royal-and-Community Migration and Settlement,"Defines the admission, relocation, patronage, and settlement of mobile households within the African Royal-and-Community political sphere.",antq_s2_african_migration_mediated,mediated,Market-and-Sanctuary Council Sponsored Communities,"Recognized communities sponsor newcomers, balancing integration with corporate autonomy.",global_integration_speed_modifier=0.025|global_burghers_estate_power=0.025|global_burghers_estate_power=0.03|global_burghers_estate_power=0.02,burghers_estate|tribes_estate,yes,P8.5;P11;P13;CAH-XI,contested,"Provides varied royal, urban, pastoral, and community choices without turning archaeological horizons into centralized states."
african,antq_s2_african_migration_law,migration,administrative,African Royal-and-Community Migration and Settlement,"Defines the admission, relocation, patronage, and settlement of mobile households within the African Royal-and-Community political sphere.",antq_s2_african_migration_local,local,Community Compact Negotiated Passage,Negotiated passage reduces cultural friction while leaving migration weakly supervised.,tolerance_heathen=1|global_pop_assimilation_speed_modifier=-0.01|global_tribes_estate_power=0.03|global_tribes_estate_power=0.02,peasants_estate|tribes_estate,no,P8.5;P11;P13;CAH-XI,contested,"Provides varied royal, urban, pastoral, and community choices without turning archaeological horizons into centralized states."
african,antq_s2_african_external_law,external,administrative,"African Royal-and-Community Envoys, Clients, and External Compacts","Defines envoys, tributary obligations, client rulers, hostages, and negotiated peace within the African Royal-and-Community political sphere.",antq_s2_african_external_central,central,Royal Household Central Envoys,Central envoys improve diplomatic standing but demand sustained court resources.,diplomatic_reputation=1|country_cabinet_efficiency=-0.01|global_crown_estate_power=0.03|global_crown_estate_power=0.02,crown_estate,no,P8.5;P11;P13;CAH-XI,contested,"Provides varied royal, urban, pastoral, and community choices without turning archaeological horizons into centralized states."
african,antq_s2_african_external_law,external,administrative,"African Royal-and-Community Envoys, Clients, and External Compacts","Defines envoys, tributary obligations, client rulers, hostages, and negotiated peace within the African Royal-and-Community political sphere.",antq_s2_african_external_mediated,mediated,Market-and-Sanctuary Council Client Mediation,Client mediation strengthens subordinate loyalty while empowering intermediary rulers.,subject_loyalty=5|global_nobles_estate_power=0.03|global_burghers_estate_power=0.03|global_burghers_estate_power=0.02,nobles_estate|tribes_estate|burghers_estate,yes,P8.5;P11;P13;CAH-XI,contested,"Provides varied royal, urban, pastoral, and community choices without turning archaeological horizons into centralized states."
african,antq_s2_african_external_law,external,administrative,"African Royal-and-Community Envoys, Clients, and External Compacts","Defines envoys, tributary obligations, client rulers, hostages, and negotiated peace within the African Royal-and-Community political sphere.",antq_s2_african_external_local,local,Community Compact Reciprocal Compacts,Reciprocal compacts broaden diplomatic capacity but bind the center to negotiated obligations.,diplomatic_capacity_modifier=0.05|monthly_towards_outward=societal_value_minor_monthly_move|global_tribes_estate_power=0.03|global_tribes_estate_power=0.02,burghers_estate|tribes_estate,no,P8.5;P11;P13;CAH-XI,contested,"Provides varied royal, urban, pastoral, and community choices without turning archaeological horizons into centralized states."
eastern,antq_s2_eastern_status_law,status,socioeconomic,Eastern Maritime-and-Peninsular Status and Incorporation,Defines who receives protected public standing and how outsiders enter it within the Eastern Maritime-and-Peninsular political sphere.,antq_s2_eastern_status_central,central,Royal Storehouse Status Register,A central register defines protected status efficiently but concentrates political authority.,global_integration_speed_modifier=0.06|global_pop_assimilation_speed_modifier=0.01|global_crown_estate_power=0.03|global_crown_estate_power=0.02,crown_estate,no,P8.3;P8.4;P11;P13;CAH-XI,contested,"A low-resolution regional floor that avoids projecting later centralized Japanese, Korean, or Southeast Asian systems into AD 1."
eastern,antq_s2_eastern_status_law,status,socioeconomic,Eastern Maritime-and-Peninsular Status and Incorporation,Defines who receives protected public standing and how outsiders enter it within the Eastern Maritime-and-Peninsular political sphere.,antq_s2_eastern_status_mediated,mediated,Port-and-Lineage Council Graduated Standing,"Recognized communities mediate several grades of status, trading speed for accommodation.",global_integration_speed_modifier=0.03|pop_join_rebel_threshold=-0.01|global_nobles_estate_power=0.03|global_nobles_estate_power=0.02,nobles_estate|burghers_estate,yes,P8.3;P8.4;P11;P13;CAH-XI,contested,"A low-resolution regional floor that avoids projecting later centralized Japanese, Korean, or Southeast Asian systems into AD 1."
eastern,antq_s2_eastern_status_law,status,socioeconomic,Eastern Maritime-and-Peninsular Status and Incorporation,Defines who receives protected public standing and how outsiders enter it within the Eastern Maritime-and-Peninsular political sphere.,antq_s2_eastern_status_local,local,Settlement Compact Local Admission,"Local bodies admit households flexibly, easing friction while weakening uniform administration.",global_pop_assimilation_speed_modifier=0.025|global_monthly_control=-0.01|global_burghers_estate_power=0.03|global_burghers_estate_power=0.02,peasants_estate|tribes_estate|burghers_estate,no,P8.3;P8.4;P11;P13;CAH-XI,contested,"A low-resolution regional floor that avoids projecting later centralized Japanese, Korean, or Southeast Asian systems into AD 1."
eastern,antq_s2_eastern_dependent_labor_law,dependent_labor,socioeconomic,Eastern Maritime-and-Peninsular Dependent Labor and Manumission,"Defines the obligations, sale, protection, and release of dependent laborers within the Eastern Maritime-and-Peninsular political sphere.",antq_s2_eastern_dependent_labor_central,central,Royal Storehouse Recorded Obligations,"Officials record dependent obligations and taxable releases, improving oversight at social cost.",peasants_estate_max_tax=0.03|pop_join_rebel_threshold=0.01|global_crown_estate_power=0.03|global_crown_estate_power=0.02,crown_estate|nobles_estate,no,P8.3;P8.4;P11;P13;CAH-XI,contested,"A low-resolution regional floor that avoids projecting later centralized Japanese, Korean, or Southeast Asian systems into AD 1."
eastern,antq_s2_eastern_dependent_labor_law,dependent_labor,socioeconomic,Eastern Maritime-and-Peninsular Dependent Labor and Manumission,"Defines the obligations, sale, protection, and release of dependent laborers within the Eastern Maritime-and-Peninsular political sphere.",antq_s2_eastern_dependent_labor_mediated,mediated,Port-and-Lineage Council Protected Manumission,Protected routes to release improve incorporation while reducing elite extraction.,global_pop_assimilation_speed_modifier=0.02|nobles_estate_max_tax=-0.02|global_nobles_estate_power=0.03|global_nobles_estate_power=0.02,peasants_estate|burghers_estate|nobles_estate,yes,P8.3;P8.4;P11;P13;CAH-XI,contested,"A low-resolution regional floor that avoids projecting later centralized Japanese, Korean, or Southeast Asian systems into AD 1."
eastern,antq_s2_eastern_dependent_labor_law,dependent_labor,socioeconomic,Eastern Maritime-and-Peninsular Dependent Labor and Manumission,"Defines the obligations, sale, protection, and release of dependent laborers within the Eastern Maritime-and-Peninsular political sphere.",antq_s2_eastern_dependent_labor_local,local,Settlement Compact Household Dependence,"Households regulate dependency locally, lowering provisioning burdens but entrenching private power.",global_pop_food_consumption=-0.01|peasants_estate_max_tax=0.02|global_burghers_estate_power=0.03|global_burghers_estate_power=0.02,nobles_estate|tribes_estate|burghers_estate,no,P8.3;P8.4;P11;P13;CAH-XI,contested,"A low-resolution regional floor that avoids projecting later centralized Japanese, Korean, or Southeast Asian systems into AD 1."
eastern,antq_s2_eastern_revenue_law,revenue,administrative,Eastern Maritime-and-Peninsular Revenue and Assessment,Defines how communities are assessed and how public obligations are collected within the Eastern Maritime-and-Peninsular political sphere.,antq_s2_eastern_revenue_central,central,Royal Storehouse Assessed Registers,Regular assessment improves extraction and control but enlarges the central administrative burden.,peasants_estate_max_tax=0.04|global_monthly_control=0.015|global_crown_estate_power=0.03|global_crown_estate_power=0.02,crown_estate,no,P8.3;P8.4;P11;P13;CAH-XI,contested,"A low-resolution regional floor that avoids projecting later centralized Japanese, Korean, or Southeast Asian systems into AD 1."
eastern,antq_s2_eastern_revenue_law,revenue,administrative,Eastern Maritime-and-Peninsular Revenue and Assessment,Defines how communities are assessed and how public obligations are collected within the Eastern Maritime-and-Peninsular political sphere.,antq_s2_eastern_revenue_mediated,mediated,Port-and-Lineage Council Negotiated Quotas,"Councils bargain fixed contributions, supporting legitimacy at the expense of maximum revenue.",burghers_estate_max_tax=0.025|stability_cost_efficiency=0.025|global_nobles_estate_power=0.03|global_nobles_estate_power=0.02,burghers_estate|nobles_estate,yes,P8.3;P8.4;P11;P13;CAH-XI,contested,"A low-resolution regional floor that avoids projecting later centralized Japanese, Korean, or Southeast Asian systems into AD 1."
eastern,antq_s2_eastern_revenue_law,revenue,administrative,Eastern Maritime-and-Peninsular Revenue and Assessment,Defines how communities are assessed and how public obligations are collected within the Eastern Maritime-and-Peninsular political sphere.,antq_s2_eastern_revenue_local,local,Settlement Compact In-Kind Contributions,"Communities meet obligations in kind, sustaining production while leaving more local discretion.",global_production_efficiency=0.025|monthly_towards_decentralization=societal_value_minor_monthly_move|global_burghers_estate_power=0.03|global_burghers_estate_power=0.02,peasants_estate|tribes_estate|burghers_estate,no,P8.3;P8.4;P11;P13;CAH-XI,contested,"A low-resolution regional floor that avoids projecting later centralized Japanese, Korean, or Southeast Asian systems into AD 1."
eastern,antq_s2_eastern_land_law,land,socioeconomic,Eastern Maritime-and-Peninsular Land Tenure and Agrarian Duty,"Defines access to land, agrarian dues, and collective maintenance within the Eastern Maritime-and-Peninsular political sphere.",antq_s2_eastern_land_central,central,Royal Storehouse Surveyed Allotments,Surveyed allotments support control and predictable dues but privilege central claims.,global_max_rural_control=0.03|global_monthly_control=0.01|global_crown_estate_power=0.03|global_crown_estate_power=0.02,crown_estate,no,P8.3;P8.4;P11;P13;CAH-XI,contested,"A low-resolution regional floor that avoids projecting later centralized Japanese, Korean, or Southeast Asian systems into AD 1."
eastern,antq_s2_eastern_land_law,land,socioeconomic,Eastern Maritime-and-Peninsular Land Tenure and Agrarian Duty,"Defines access to land, agrarian dues, and collective maintenance within the Eastern Maritime-and-Peninsular political sphere.",antq_s2_eastern_land_mediated,mediated,Port-and-Lineage Council Estate Stewardship,Leading estates organize cultivation efficiently while increasing aristocratic leverage.,global_monthly_food_modifier=0.025|global_nobles_estate_power=0.04|global_nobles_estate_power=0.03|global_nobles_estate_power=0.02,nobles_estate,yes,P8.3;P8.4;P11;P13;CAH-XI,contested,"A low-resolution regional floor that avoids projecting later centralized Japanese, Korean, or Southeast Asian systems into AD 1."
eastern,antq_s2_eastern_land_law,land,socioeconomic,Eastern Maritime-and-Peninsular Land Tenure and Agrarian Duty,"Defines access to land, agrarian dues, and collective maintenance within the Eastern Maritime-and-Peninsular political sphere.",antq_s2_eastern_land_local,local,Settlement Compact Communal Tenure,Communal tenure protects subsistence and local resilience while limiting direct control.,global_pop_food_consumption=-0.01|global_max_rural_control=-0.02|global_burghers_estate_power=0.03|global_burghers_estate_power=0.02,peasants_estate|tribes_estate|burghers_estate,no,P8.3;P8.4;P11;P13;CAH-XI,contested,"A low-resolution regional floor that avoids projecting later centralized Japanese, Korean, or Southeast Asian systems into AD 1."
eastern,antq_s2_eastern_muster_law,muster,military,Eastern Maritime-and-Peninsular Military Service and Muster,"Defines who serves, for how long, and through which public or household obligation within the Eastern Maritime-and-Peninsular political sphere.",antq_s2_eastern_muster_central,central,Royal Storehouse Registered Service,Registered service raises dependable forces but increases administrative and social pressure.,global_levy_size_modifier=0.075|global_levy_recruitment_speed_modifier=-0.05|global_crown_estate_power=0.03|global_crown_estate_power=0.02,crown_estate,no,P8.3;P8.4;P11;P13;CAH-XI,contested,"A low-resolution regional floor that avoids projecting later centralized Japanese, Korean, or Southeast Asian systems into AD 1."
eastern,antq_s2_eastern_muster_law,muster,military,Eastern Maritime-and-Peninsular Military Service and Muster,"Defines who serves, for how long, and through which public or household obligation within the Eastern Maritime-and-Peninsular political sphere.",antq_s2_eastern_muster_mediated,mediated,Port-and-Lineage Council Retinue Service,Elite retinues improve cohesion and morale while narrowing the military base.,land_morale_modifier=0.02|global_levy_size_modifier=-0.025|global_nobles_estate_power=0.03|global_nobles_estate_power=0.02,nobles_estate,yes,P8.3;P8.4;P11;P13;CAH-XI,contested,"A low-resolution regional floor that avoids projecting later centralized Japanese, Korean, or Southeast Asian systems into AD 1."
eastern,antq_s2_eastern_muster_law,muster,military,Eastern Maritime-and-Peninsular Military Service and Muster,"Defines who serves, for how long, and through which public or household obligation within the Eastern Maritime-and-Peninsular political sphere.",antq_s2_eastern_muster_local,local,Settlement Compact Community Muster,A broad seasonal muster supplies numbers quickly but sacrifices some battlefield efficiency.,global_levy_recruitment_speed_modifier=0.10|levy_combat_efficiency_modifier=-0.04|global_burghers_estate_power=0.03|global_burghers_estate_power=0.02,peasants_estate|tribes_estate|burghers_estate,no,P8.3;P8.4;P11;P13;CAH-XI,contested,"A low-resolution regional floor that avoids projecting later centralized Japanese, Korean, or Southeast Asian systems into AD 1."
eastern,antq_s2_eastern_local_rule_law,local_rule,administrative,Eastern Maritime-and-Peninsular Local and Provincial Rule,"Defines the balance among central officers, intermediary councils, and local communities within the Eastern Maritime-and-Peninsular political sphere.",antq_s2_eastern_local_rule_central,central,Royal Storehouse Appointed Officers,Appointed officers improve coordination and control but strengthen the center.,country_cabinet_efficiency=0.04|global_monthly_control=0.015|global_crown_estate_power=0.03|global_crown_estate_power=0.02,crown_estate,no,P8.3;P8.4;P11;P13;CAH-XI,contested,"A low-resolution regional floor that avoids projecting later centralized Japanese, Korean, or Southeast Asian systems into AD 1."
eastern,antq_s2_eastern_local_rule_law,local_rule,administrative,Eastern Maritime-and-Peninsular Local and Provincial Rule,"Defines the balance among central officers, intermediary councils, and local communities within the Eastern Maritime-and-Peninsular political sphere.",antq_s2_eastern_local_rule_mediated,mediated,Port-and-Lineage Council Mediated Councils,Intermediary councils improve cabinet throughput while preserving negotiated authority.,legislative_efficiency=0.04|stability_cost_efficiency=0.02|global_nobles_estate_power=0.03|global_nobles_estate_power=0.02,nobles_estate|burghers_estate,yes,P8.3;P8.4;P11;P13;CAH-XI,contested,"A low-resolution regional floor that avoids projecting later centralized Japanese, Korean, or Southeast Asian systems into AD 1."
eastern,antq_s2_eastern_local_rule_law,local_rule,administrative,Eastern Maritime-and-Peninsular Local and Provincial Rule,"Defines the balance among central officers, intermediary councils, and local communities within the Eastern Maritime-and-Peninsular political sphere.",antq_s2_eastern_local_rule_local,local,Settlement Compact Local Custody,Local custody lowers resistance and administrative reach together.,pop_join_rebel_threshold=-0.02|global_max_rural_control=-0.025|global_burghers_estate_power=0.03|global_burghers_estate_power=0.02,peasants_estate|tribes_estate|burghers_estate,no,P8.3;P8.4;P11;P13;CAH-XI,contested,"A low-resolution regional floor that avoids projecting later centralized Japanese, Korean, or Southeast Asian systems into AD 1."
eastern,antq_s2_eastern_cult_law,cult,religious,Eastern Maritime-and-Peninsular Public Cult and Ritual Custody,"Defines who maintains public rites, sanctuaries, vows, and tolerated local observances within the Eastern Maritime-and-Peninsular political sphere.",antq_s2_eastern_cult_central,central,Royal Storehouse Public Rite,"The central authority sponsors public rites, strengthening religious administration but narrowing plural practice.",global_pop_conversion_speed_modifier=0.08|tolerance_heathen=-1|global_crown_estate_power=0.03|global_crown_estate_power=0.02,crown_estate|clergy_estate,no,P8.3;P8.4;P11;P13;CAH-XI,contested,"A low-resolution regional floor that avoids projecting later centralized Japanese, Korean, or Southeast Asian systems into AD 1."
eastern,antq_s2_eastern_cult_law,cult,religious,Eastern Maritime-and-Peninsular Public Cult and Ritual Custody,"Defines who maintains public rites, sanctuaries, vows, and tolerated local observances within the Eastern Maritime-and-Peninsular political sphere.",antq_s2_eastern_cult_mediated,mediated,Port-and-Lineage Council Collegiate Custody,Recognized colleges and sanctuaries share ritual custody and stabilize elite bargains.,clergy_estate_target_satisfaction=small_permanent_target_satisfaction|stability_cost_efficiency=0.02|global_nobles_estate_power=0.03|global_nobles_estate_power=0.02,clergy_estate|nobles_estate,yes,P8.3;P8.4;P11;P13;CAH-XI,contested,"A low-resolution regional floor that avoids projecting later centralized Japanese, Korean, or Southeast Asian systems into AD 1."
eastern,antq_s2_eastern_cult_law,cult,religious,Eastern Maritime-and-Peninsular Public Cult and Ritual Custody,"Defines who maintains public rites, sanctuaries, vows, and tolerated local observances within the Eastern Maritime-and-Peninsular political sphere.",antq_s2_eastern_cult_local,local,Settlement Compact Local Observance,Local observance broadens toleration while reducing the reach of an official cult.,tolerance_heathen=1|global_pop_conversion_speed_modifier=-0.05|global_burghers_estate_power=0.03|global_burghers_estate_power=0.02,tribes_estate|peasants_estate|burghers_estate,no,P8.3;P8.4;P11;P13;CAH-XI,contested,"A low-resolution regional floor that avoids projecting later centralized Japanese, Korean, or Southeast Asian systems into AD 1."
eastern,antq_s2_eastern_household_law,household,socioeconomic,Eastern Maritime-and-Peninsular Household and Inheritance,"Defines household succession, guardianship, property transmission, and kin obligation within the Eastern Maritime-and-Peninsular political sphere.",antq_s2_eastern_household_central,central,Royal Storehouse Recorded Succession,Recorded succession eases state integration but places family affairs under official scrutiny.,global_integration_speed_modifier=0.035|monthly_towards_centralization=societal_value_minor_monthly_move|global_crown_estate_power=0.03|global_crown_estate_power=0.02,crown_estate,no,P8.3;P8.4;P11;P13;CAH-XI,contested,"A low-resolution regional floor that avoids projecting later centralized Japanese, Korean, or Southeast Asian systems into AD 1."
eastern,antq_s2_eastern_household_law,household,socioeconomic,Eastern Maritime-and-Peninsular Household and Inheritance,"Defines household succession, guardianship, property transmission, and kin obligation within the Eastern Maritime-and-Peninsular political sphere.",antq_s2_eastern_household_mediated,mediated,Port-and-Lineage Council Lineage Arbitration,"Lineages arbitrate inheritance disputes, preserving elite consent at a cost to central uniformity.",nobles_estate_target_satisfaction=tiny_permanent_target_satisfaction|global_monthly_control=-0.005|global_nobles_estate_power=0.03|global_nobles_estate_power=0.02,nobles_estate|tribes_estate,yes,P8.3;P8.4;P11;P13;CAH-XI,contested,"A low-resolution regional floor that avoids projecting later centralized Japanese, Korean, or Southeast Asian systems into AD 1."
eastern,antq_s2_eastern_household_law,household,socioeconomic,Eastern Maritime-and-Peninsular Household and Inheritance,"Defines household succession, guardianship, property transmission, and kin obligation within the Eastern Maritime-and-Peninsular political sphere.",antq_s2_eastern_household_local,local,Settlement Compact Household Custom,Household custom protects local practice and mobility while weakening predictable assessment.,global_pop_assimilation_speed_modifier=0.01|peasants_estate_max_tax=-0.015|global_burghers_estate_power=0.03|global_burghers_estate_power=0.02,peasants_estate|burghers_estate,no,P8.3;P8.4;P11;P13;CAH-XI,contested,"A low-resolution regional floor that avoids projecting later centralized Japanese, Korean, or Southeast Asian systems into AD 1."
eastern,antq_s2_eastern_commerce_law,commerce,socioeconomic,Eastern Maritime-and-Peninsular Commerce and Market Conduct,"Defines safe conduct, tolls, market oversight, and the standing of merchants within the Eastern Maritime-and-Peninsular political sphere.",antq_s2_eastern_commerce_central,central,Royal Storehouse Public Toll Schedule,Published toll schedules improve route revenue and enforcement but privilege official channels.,global_trade_through_owned_territory_efficiency=0.06|global_monthly_control=0.01|global_crown_estate_power=0.03|global_crown_estate_power=0.02,crown_estate,no,P8.3;P8.4;P11;P13;CAH-XI,contested,"A low-resolution regional floor that avoids projecting later centralized Japanese, Korean, or Southeast Asian systems into AD 1."
eastern,antq_s2_eastern_commerce_law,commerce,socioeconomic,Eastern Maritime-and-Peninsular Commerce and Market Conduct,"Defines safe conduct, tolls, market oversight, and the standing of merchants within the Eastern Maritime-and-Peninsular political sphere.",antq_s2_eastern_commerce_mediated,mediated,Port-and-Lineage Council Merchant Arbitration,Merchant arbitration improves production and exchange while increasing urban political weight.,global_production_efficiency=0.03|global_burghers_estate_power=0.04|global_nobles_estate_power=0.03|global_nobles_estate_power=0.02,burghers_estate|nobles_estate,yes,P8.3;P8.4;P11;P13;CAH-XI,contested,"A low-resolution regional floor that avoids projecting later centralized Japanese, Korean, or Southeast Asian systems into AD 1."
eastern,antq_s2_eastern_commerce_law,commerce,socioeconomic,Eastern Maritime-and-Peninsular Commerce and Market Conduct,"Defines safe conduct, tolls, market oversight, and the standing of merchants within the Eastern Maritime-and-Peninsular political sphere.",antq_s2_eastern_commerce_local,local,Settlement Compact Open Local Exchange,Open local exchange reduces barriers and strengthens communities at the expense of central receipts.,global_trade_through_owned_territory_efficiency=0.03|burghers_estate_max_tax=-0.02|global_burghers_estate_power=0.03|global_burghers_estate_power=0.02,peasants_estate|tribes_estate|burghers_estate,no,P8.3;P8.4;P11;P13;CAH-XI,contested,"A low-resolution regional floor that avoids projecting later centralized Japanese, Korean, or Southeast Asian systems into AD 1."
eastern,antq_s2_eastern_coinage_law,coinage,socioeconomic,Eastern Maritime-and-Peninsular Coinage and Standards,"Defines mint authority, accepted standards, weighed media, and seigniorage within the Eastern Maritime-and-Peninsular political sphere.",antq_s2_eastern_coinage_central,central,Royal Storehouse Official Standard,An official standard increases mint receipts but makes price stability depend on central restraint.,minting_income_factor=0.10|minting_inflation_threshold=-0.01|global_crown_estate_power=0.03|global_crown_estate_power=0.02,crown_estate,no,P8.3;P8.4;P11;P13;CAH-XI,contested,"A low-resolution regional floor that avoids projecting later centralized Japanese, Korean, or Southeast Asian systems into AD 1."
eastern,antq_s2_eastern_coinage_law,coinage,socioeconomic,Eastern Maritime-and-Peninsular Coinage and Standards,"Defines mint authority, accepted standards, weighed media, and seigniorage within the Eastern Maritime-and-Peninsular political sphere.",antq_s2_eastern_coinage_mediated,mediated,Port-and-Lineage Council Multiple Civic Issues,Several recognized issues support commerce while sharing monetary authority with urban elites.,minting_income_factor=0.06|global_burghers_estate_power=0.04|global_nobles_estate_power=0.03|global_nobles_estate_power=0.02,burghers_estate|nobles_estate,yes,P8.3;P8.4;P11;P13;CAH-XI,contested,"A low-resolution regional floor that avoids projecting later centralized Japanese, Korean, or Southeast Asian systems into AD 1."
eastern,antq_s2_eastern_coinage_law,coinage,socioeconomic,Eastern Maritime-and-Peninsular Coinage and Standards,"Defines mint authority, accepted standards, weighed media, and seigniorage within the Eastern Maritime-and-Peninsular political sphere.",antq_s2_eastern_coinage_local,local,Settlement Compact Weighed Exchange,Weighed and customary exchange is flexible but yields less direct mint revenue.,minting_income_factor=0.025|stability_cost_efficiency=0.02|global_burghers_estate_power=0.03|global_burghers_estate_power=0.02,tribes_estate|peasants_estate|burghers_estate,no,P8.3;P8.4;P11;P13;CAH-XI,contested,"A low-resolution regional floor that avoids projecting later centralized Japanese, Korean, or Southeast Asian systems into AD 1."
eastern,antq_s2_eastern_courts_law,courts,administrative,Eastern Maritime-and-Peninsular Courts and Petition,"Defines the hearing of disputes, appeals, testimony, and petitions within the Eastern Maritime-and-Peninsular political sphere.",antq_s2_eastern_courts_central,central,Royal Storehouse Central Appeal,A central appeal improves consistency and state control but increases administrative load.,legislative_efficiency=0.04|country_cabinet_efficiency=-0.015|global_crown_estate_power=0.03|global_crown_estate_power=0.02,crown_estate,no,P8.3;P8.4;P11;P13;CAH-XI,contested,"A low-resolution regional floor that avoids projecting later centralized Japanese, Korean, or Southeast Asian systems into AD 1."
eastern,antq_s2_eastern_courts_law,courts,administrative,Eastern Maritime-and-Peninsular Courts and Petition,"Defines the hearing of disputes, appeals, testimony, and petitions within the Eastern Maritime-and-Peninsular political sphere.",antq_s2_eastern_courts_mediated,mediated,Port-and-Lineage Council Collegiate Judgment,Collegiate judgment balances elite interests and lowers the political cost of legislation.,stability_cost_efficiency=0.035|global_nobles_estate_power=0.025|global_nobles_estate_power=0.03|global_nobles_estate_power=0.02,nobles_estate|clergy_estate,yes,P8.3;P8.4;P11;P13;CAH-XI,contested,"A low-resolution regional floor that avoids projecting later centralized Japanese, Korean, or Southeast Asian systems into AD 1."
eastern,antq_s2_eastern_courts_law,courts,administrative,Eastern Maritime-and-Peninsular Courts and Petition,"Defines the hearing of disputes, appeals, testimony, and petitions within the Eastern Maritime-and-Peninsular political sphere.",antq_s2_eastern_courts_local,local,Settlement Compact Local Composition,Local composition resolves disputes accessibly while limiting uniform precedent.,pop_join_rebel_threshold=-0.015|global_monthly_control=-0.01|global_burghers_estate_power=0.03|global_burghers_estate_power=0.02,peasants_estate|tribes_estate|burghers_estate,no,P8.3;P8.4;P11;P13;CAH-XI,contested,"A low-resolution regional floor that avoids projecting later centralized Japanese, Korean, or Southeast Asian systems into AD 1."
eastern,antq_s2_eastern_offices_law,offices,administrative,Eastern Maritime-and-Peninsular Offices and Appointment,"Defines appointment, tenure, replacement, and accountability in public office within the Eastern Maritime-and-Peninsular political sphere.",antq_s2_eastern_offices_central,central,Royal Storehouse Direct Appointment,Direct appointment makes staffing faster but concentrates office in the ruler's hands.,set_cabinet_member_cost_modifier=-0.10|global_crown_estate_power=0.04|global_crown_estate_power=0.03|global_crown_estate_power=0.02,crown_estate,no,P8.3;P8.4;P11;P13;CAH-XI,contested,"A low-resolution regional floor that avoids projecting later centralized Japanese, Korean, or Southeast Asian systems into AD 1."
eastern,antq_s2_eastern_offices_law,offices,administrative,Eastern Maritime-and-Peninsular Offices and Appointment,"Defines appointment, tenure, replacement, and accountability in public office within the Eastern Maritime-and-Peninsular political sphere.",antq_s2_eastern_offices_mediated,mediated,Port-and-Lineage Council Rotating Office,Rotation broadens access and improves deliberation while making replacement less predictable.,country_cabinet_efficiency=0.03|replace_cabinet_member_cost_modifier=-0.05|global_nobles_estate_power=0.03|global_nobles_estate_power=0.02,burghers_estate|tribes_estate|nobles_estate,yes,P8.3;P8.4;P11;P13;CAH-XI,contested,"A low-resolution regional floor that avoids projecting later centralized Japanese, Korean, or Southeast Asian systems into AD 1."
eastern,antq_s2_eastern_offices_law,offices,administrative,Eastern Maritime-and-Peninsular Offices and Appointment,"Defines appointment, tenure, replacement, and accountability in public office within the Eastern Maritime-and-Peninsular political sphere.",antq_s2_eastern_offices_local,local,Settlement Compact Patron-Nominated Office,Patron nomination secures elite cooperation but makes office-holders costly to dislodge.,replace_cabinet_member_cost_modifier=0.15|global_nobles_estate_power=0.04|global_burghers_estate_power=0.03|global_burghers_estate_power=0.02,nobles_estate|burghers_estate,no,P8.3;P8.4;P11;P13;CAH-XI,contested,"A low-resolution regional floor that avoids projecting later centralized Japanese, Korean, or Southeast Asian systems into AD 1."
eastern,antq_s2_eastern_migration_law,migration,administrative,Eastern Maritime-and-Peninsular Migration and Settlement,"Defines the admission, relocation, patronage, and settlement of mobile households within the Eastern Maritime-and-Peninsular political sphere.",antq_s2_eastern_migration_central,central,Royal Storehouse Directed Settlement,Directed settlement accelerates incorporation and control but privileges central priorities.,global_pop_assimilation_speed_modifier=0.02|global_monthly_control=0.01|global_crown_estate_power=0.03|global_crown_estate_power=0.02,crown_estate,no,P8.3;P8.4;P11;P13;CAH-XI,contested,"A low-resolution regional floor that avoids projecting later centralized Japanese, Korean, or Southeast Asian systems into AD 1."
eastern,antq_s2_eastern_migration_law,migration,administrative,Eastern Maritime-and-Peninsular Migration and Settlement,"Defines the admission, relocation, patronage, and settlement of mobile households within the Eastern Maritime-and-Peninsular political sphere.",antq_s2_eastern_migration_mediated,mediated,Port-and-Lineage Council Sponsored Communities,"Recognized communities sponsor newcomers, balancing integration with corporate autonomy.",global_integration_speed_modifier=0.025|global_burghers_estate_power=0.025|global_nobles_estate_power=0.03|global_nobles_estate_power=0.02,burghers_estate|tribes_estate|nobles_estate,yes,P8.3;P8.4;P11;P13;CAH-XI,contested,"A low-resolution regional floor that avoids projecting later centralized Japanese, Korean, or Southeast Asian systems into AD 1."
eastern,antq_s2_eastern_migration_law,migration,administrative,Eastern Maritime-and-Peninsular Migration and Settlement,"Defines the admission, relocation, patronage, and settlement of mobile households within the Eastern Maritime-and-Peninsular political sphere.",antq_s2_eastern_migration_local,local,Settlement Compact Negotiated Passage,Negotiated passage reduces cultural friction while leaving migration weakly supervised.,tolerance_heathen=1|global_pop_assimilation_speed_modifier=-0.01|global_burghers_estate_power=0.03|global_burghers_estate_power=0.02,peasants_estate|tribes_estate|burghers_estate,no,P8.3;P8.4;P11;P13;CAH-XI,contested,"A low-resolution regional floor that avoids projecting later centralized Japanese, Korean, or Southeast Asian systems into AD 1."
eastern,antq_s2_eastern_external_law,external,administrative,"Eastern Maritime-and-Peninsular Envoys, Clients, and External Compacts","Defines envoys, tributary obligations, client rulers, hostages, and negotiated peace within the Eastern Maritime-and-Peninsular political sphere.",antq_s2_eastern_external_central,central,Royal Storehouse Central Envoys,Central envoys improve diplomatic standing but demand sustained court resources.,diplomatic_reputation=1|country_cabinet_efficiency=-0.01|global_crown_estate_power=0.03|global_crown_estate_power=0.02,crown_estate,no,P8.3;P8.4;P11;P13;CAH-XI,contested,"A low-resolution regional floor that avoids projecting later centralized Japanese, Korean, or Southeast Asian systems into AD 1."
eastern,antq_s2_eastern_external_law,external,administrative,"Eastern Maritime-and-Peninsular Envoys, Clients, and External Compacts","Defines envoys, tributary obligations, client rulers, hostages, and negotiated peace within the Eastern Maritime-and-Peninsular political sphere.",antq_s2_eastern_external_mediated,mediated,Port-and-Lineage Council Client Mediation,Client mediation strengthens subordinate loyalty while empowering intermediary rulers.,subject_loyalty=5|global_nobles_estate_power=0.03|global_nobles_estate_power=0.03|global_nobles_estate_power=0.02,nobles_estate|tribes_estate,yes,P8.3;P8.4;P11;P13;CAH-XI,contested,"A low-resolution regional floor that avoids projecting later centralized Japanese, Korean, or Southeast Asian systems into AD 1."
eastern,antq_s2_eastern_external_law,external,administrative,"Eastern Maritime-and-Peninsular Envoys, Clients, and External Compacts","Defines envoys, tributary obligations, client rulers, hostages, and negotiated peace within the Eastern Maritime-and-Peninsular political sphere.",antq_s2_eastern_external_local,local,Settlement Compact Reciprocal Compacts,Reciprocal compacts broaden diplomatic capacity but bind the center to negotiated obligations.,diplomatic_capacity_modifier=0.05|monthly_towards_outward=societal_value_minor_monthly_move|global_burghers_estate_power=0.03|global_burghers_estate_power=0.02,burghers_estate|tribes_estate,no,P8.3;P8.4;P11;P13;CAH-XI,contested,"A low-resolution regional floor that avoids projecting later centralized Japanese, Korean, or Southeast Asian systems into AD 1."
transoceanic,antq_s2_transoceanic_status_law,status,socioeconomic,American-and-Oceanian Community Status and Incorporation,Defines who receives protected public standing and how outsiders enter it within the American-and-Oceanian Community political sphere.,antq_s2_transoceanic_status_central,central,Ritual Center Status Register,A central register defines protected status efficiently but concentrates political authority.,global_integration_speed_modifier=0.06|global_pop_assimilation_speed_modifier=0.01|global_clergy_estate_power=0.03|global_clergy_estate_power=0.02,crown_estate|clergy_estate,no,P8.8;P11;P13,contested,Uses broad archaeological institutions only where evidence permits and does not invent written constitutions or unified macro-polities.
transoceanic,antq_s2_transoceanic_status_law,status,socioeconomic,American-and-Oceanian Community Status and Incorporation,Defines who receives protected public standing and how outsiders enter it within the American-and-Oceanian Community political sphere.,antq_s2_transoceanic_status_mediated,mediated,Lineage Council Graduated Standing,"Recognized communities mediate several grades of status, trading speed for accommodation.",global_integration_speed_modifier=0.03|pop_join_rebel_threshold=-0.01|global_tribes_estate_power=0.03|global_tribes_estate_power=0.02,nobles_estate|burghers_estate|tribes_estate,yes,P8.8;P11;P13,contested,Uses broad archaeological institutions only where evidence permits and does not invent written constitutions or unified macro-polities.
transoceanic,antq_s2_transoceanic_status_law,status,socioeconomic,American-and-Oceanian Community Status and Incorporation,Defines who receives protected public standing and how outsiders enter it within the American-and-Oceanian Community political sphere.,antq_s2_transoceanic_status_local,local,Household Community Local Admission,"Local bodies admit households flexibly, easing friction while weakening uniform administration.",global_pop_assimilation_speed_modifier=0.025|global_monthly_control=-0.01|global_peasants_estate_power=0.03|global_peasants_estate_power=0.02,peasants_estate|tribes_estate,no,P8.8;P11;P13,contested,Uses broad archaeological institutions only where evidence permits and does not invent written constitutions or unified macro-polities.
transoceanic,antq_s2_transoceanic_dependent_labor_law,dependent_labor,socioeconomic,American-and-Oceanian Community Dependent Labor and Manumission,"Defines the obligations, sale, protection, and release of dependent laborers within the American-and-Oceanian Community political sphere.",antq_s2_transoceanic_dependent_labor_central,central,Ritual Center Recorded Obligations,"Officials record dependent obligations and taxable releases, improving oversight at social cost.",peasants_estate_max_tax=0.03|pop_join_rebel_threshold=0.01|global_clergy_estate_power=0.03|global_clergy_estate_power=0.02,crown_estate|nobles_estate|clergy_estate,no,P8.8;P11;P13,contested,Uses broad archaeological institutions only where evidence permits and does not invent written constitutions or unified macro-polities.
transoceanic,antq_s2_transoceanic_dependent_labor_law,dependent_labor,socioeconomic,American-and-Oceanian Community Dependent Labor and Manumission,"Defines the obligations, sale, protection, and release of dependent laborers within the American-and-Oceanian Community political sphere.",antq_s2_transoceanic_dependent_labor_mediated,mediated,Lineage Council Protected Manumission,Protected routes to release improve incorporation while reducing elite extraction.,global_pop_assimilation_speed_modifier=0.02|nobles_estate_max_tax=-0.02|global_tribes_estate_power=0.03|global_tribes_estate_power=0.02,peasants_estate|burghers_estate|tribes_estate,yes,P8.8;P11;P13,contested,Uses broad archaeological institutions only where evidence permits and does not invent written constitutions or unified macro-polities.
transoceanic,antq_s2_transoceanic_dependent_labor_law,dependent_labor,socioeconomic,American-and-Oceanian Community Dependent Labor and Manumission,"Defines the obligations, sale, protection, and release of dependent laborers within the American-and-Oceanian Community political sphere.",antq_s2_transoceanic_dependent_labor_local,local,Household Community Household Dependence,"Households regulate dependency locally, lowering provisioning burdens but entrenching private power.",global_pop_food_consumption=-0.01|peasants_estate_max_tax=0.02|global_peasants_estate_power=0.03|global_peasants_estate_power=0.02,nobles_estate|tribes_estate|peasants_estate,no,P8.8;P11;P13,contested,Uses broad archaeological institutions only where evidence permits and does not invent written constitutions or unified macro-polities.
transoceanic,antq_s2_transoceanic_revenue_law,revenue,administrative,American-and-Oceanian Community Revenue and Assessment,Defines how communities are assessed and how public obligations are collected within the American-and-Oceanian Community political sphere.,antq_s2_transoceanic_revenue_central,central,Ritual Center Assessed Registers,Regular assessment improves extraction and control but enlarges the central administrative burden.,peasants_estate_max_tax=0.04|global_monthly_control=0.015|global_clergy_estate_power=0.03|global_clergy_estate_power=0.02,crown_estate|clergy_estate,no,P8.8;P11;P13,contested,Uses broad archaeological institutions only where evidence permits and does not invent written constitutions or unified macro-polities.
transoceanic,antq_s2_transoceanic_revenue_law,revenue,administrative,American-and-Oceanian Community Revenue and Assessment,Defines how communities are assessed and how public obligations are collected within the American-and-Oceanian Community political sphere.,antq_s2_transoceanic_revenue_mediated,mediated,Lineage Council Negotiated Quotas,"Councils bargain fixed contributions, supporting legitimacy at the expense of maximum revenue.",burghers_estate_max_tax=0.025|stability_cost_efficiency=0.025|global_tribes_estate_power=0.03|global_tribes_estate_power=0.02,burghers_estate|nobles_estate|tribes_estate,yes,P8.8;P11;P13,contested,Uses broad archaeological institutions only where evidence permits and does not invent written constitutions or unified macro-polities.
transoceanic,antq_s2_transoceanic_revenue_law,revenue,administrative,American-and-Oceanian Community Revenue and Assessment,Defines how communities are assessed and how public obligations are collected within the American-and-Oceanian Community political sphere.,antq_s2_transoceanic_revenue_local,local,Household Community In-Kind Contributions,"Communities meet obligations in kind, sustaining production while leaving more local discretion.",global_production_efficiency=0.025|monthly_towards_decentralization=societal_value_minor_monthly_move|global_peasants_estate_power=0.03|global_peasants_estate_power=0.02,peasants_estate|tribes_estate,no,P8.8;P11;P13,contested,Uses broad archaeological institutions only where evidence permits and does not invent written constitutions or unified macro-polities.
transoceanic,antq_s2_transoceanic_land_law,land,socioeconomic,American-and-Oceanian Community Land Tenure and Agrarian Duty,"Defines access to land, agrarian dues, and collective maintenance within the American-and-Oceanian Community political sphere.",antq_s2_transoceanic_land_central,central,Ritual Center Surveyed Allotments,Surveyed allotments support control and predictable dues but privilege central claims.,global_max_rural_control=0.03|global_monthly_control=0.01|global_clergy_estate_power=0.03|global_clergy_estate_power=0.02,crown_estate|clergy_estate,no,P8.8;P11;P13,contested,Uses broad archaeological institutions only where evidence permits and does not invent written constitutions or unified macro-polities.
transoceanic,antq_s2_transoceanic_land_law,land,socioeconomic,American-and-Oceanian Community Land Tenure and Agrarian Duty,"Defines access to land, agrarian dues, and collective maintenance within the American-and-Oceanian Community political sphere.",antq_s2_transoceanic_land_mediated,mediated,Lineage Council Estate Stewardship,Leading estates organize cultivation efficiently while increasing aristocratic leverage.,global_monthly_food_modifier=0.025|global_nobles_estate_power=0.04|global_tribes_estate_power=0.03|global_tribes_estate_power=0.02,nobles_estate|tribes_estate,yes,P8.8;P11;P13,contested,Uses broad archaeological institutions only where evidence permits and does not invent written constitutions or unified macro-polities.
transoceanic,antq_s2_transoceanic_land_law,land,socioeconomic,American-and-Oceanian Community Land Tenure and Agrarian Duty,"Defines access to land, agrarian dues, and collective maintenance within the American-and-Oceanian Community political sphere.",antq_s2_transoceanic_land_local,local,Household Community Communal Tenure,Communal tenure protects subsistence and local resilience while limiting direct control.,global_pop_food_consumption=-0.01|global_max_rural_control=-0.02|global_peasants_estate_power=0.03|global_peasants_estate_power=0.02,peasants_estate|tribes_estate,no,P8.8;P11;P13,contested,Uses broad archaeological institutions only where evidence permits and does not invent written constitutions or unified macro-polities.
transoceanic,antq_s2_transoceanic_muster_law,muster,military,American-and-Oceanian Community Military Service and Muster,"Defines who serves, for how long, and through which public or household obligation within the American-and-Oceanian Community political sphere.",antq_s2_transoceanic_muster_central,central,Ritual Center Registered Service,Registered service raises dependable forces but increases administrative and social pressure.,global_levy_size_modifier=0.075|global_levy_recruitment_speed_modifier=-0.05|global_clergy_estate_power=0.03|global_clergy_estate_power=0.02,crown_estate|clergy_estate,no,P8.8;P11;P13,contested,Uses broad archaeological institutions only where evidence permits and does not invent written constitutions or unified macro-polities.
transoceanic,antq_s2_transoceanic_muster_law,muster,military,American-and-Oceanian Community Military Service and Muster,"Defines who serves, for how long, and through which public or household obligation within the American-and-Oceanian Community political sphere.",antq_s2_transoceanic_muster_mediated,mediated,Lineage Council Retinue Service,Elite retinues improve cohesion and morale while narrowing the military base.,land_morale_modifier=0.02|global_levy_size_modifier=-0.025|global_tribes_estate_power=0.03|global_tribes_estate_power=0.02,nobles_estate|tribes_estate,yes,P8.8;P11;P13,contested,Uses broad archaeological institutions only where evidence permits and does not invent written constitutions or unified macro-polities.
transoceanic,antq_s2_transoceanic_muster_law,muster,military,American-and-Oceanian Community Military Service and Muster,"Defines who serves, for how long, and through which public or household obligation within the American-and-Oceanian Community political sphere.",antq_s2_transoceanic_muster_local,local,Household Community Community Muster,A broad seasonal muster supplies numbers quickly but sacrifices some battlefield efficiency.,global_levy_recruitment_speed_modifier=0.10|levy_combat_efficiency_modifier=-0.04|global_peasants_estate_power=0.03|global_peasants_estate_power=0.02,peasants_estate|tribes_estate,no,P8.8;P11;P13,contested,Uses broad archaeological institutions only where evidence permits and does not invent written constitutions or unified macro-polities.
transoceanic,antq_s2_transoceanic_local_rule_law,local_rule,administrative,American-and-Oceanian Community Local and Provincial Rule,"Defines the balance among central officers, intermediary councils, and local communities within the American-and-Oceanian Community political sphere.",antq_s2_transoceanic_local_rule_central,central,Ritual Center Appointed Officers,Appointed officers improve coordination and control but strengthen the center.,country_cabinet_efficiency=0.04|global_monthly_control=0.015|global_clergy_estate_power=0.03|global_clergy_estate_power=0.02,crown_estate|clergy_estate,no,P8.8;P11;P13,contested,Uses broad archaeological institutions only where evidence permits and does not invent written constitutions or unified macro-polities.
transoceanic,antq_s2_transoceanic_local_rule_law,local_rule,administrative,American-and-Oceanian Community Local and Provincial Rule,"Defines the balance among central officers, intermediary councils, and local communities within the American-and-Oceanian Community political sphere.",antq_s2_transoceanic_local_rule_mediated,mediated,Lineage Council Mediated Councils,Intermediary councils improve cabinet throughput while preserving negotiated authority.,legislative_efficiency=0.04|stability_cost_efficiency=0.02|global_tribes_estate_power=0.03|global_tribes_estate_power=0.02,nobles_estate|burghers_estate|tribes_estate,yes,P8.8;P11;P13,contested,Uses broad archaeological institutions only where evidence permits and does not invent written constitutions or unified macro-polities.
transoceanic,antq_s2_transoceanic_local_rule_law,local_rule,administrative,American-and-Oceanian Community Local and Provincial Rule,"Defines the balance among central officers, intermediary councils, and local communities within the American-and-Oceanian Community political sphere.",antq_s2_transoceanic_local_rule_local,local,Household Community Local Custody,Local custody lowers resistance and administrative reach together.,pop_join_rebel_threshold=-0.02|global_max_rural_control=-0.025|global_peasants_estate_power=0.03|global_peasants_estate_power=0.02,peasants_estate|tribes_estate,no,P8.8;P11;P13,contested,Uses broad archaeological institutions only where evidence permits and does not invent written constitutions or unified macro-polities.
transoceanic,antq_s2_transoceanic_cult_law,cult,religious,American-and-Oceanian Community Public Cult and Ritual Custody,"Defines who maintains public rites, sanctuaries, vows, and tolerated local observances within the American-and-Oceanian Community political sphere.",antq_s2_transoceanic_cult_central,central,Ritual Center Public Rite,"The central authority sponsors public rites, strengthening religious administration but narrowing plural practice.",global_pop_conversion_speed_modifier=0.08|tolerance_heathen=-1|global_clergy_estate_power=0.03|global_clergy_estate_power=0.02,crown_estate|clergy_estate,no,P8.8;P11;P13,contested,Uses broad archaeological institutions only where evidence permits and does not invent written constitutions or unified macro-polities.
transoceanic,antq_s2_transoceanic_cult_law,cult,religious,American-and-Oceanian Community Public Cult and Ritual Custody,"Defines who maintains public rites, sanctuaries, vows, and tolerated local observances within the American-and-Oceanian Community political sphere.",antq_s2_transoceanic_cult_mediated,mediated,Lineage Council Collegiate Custody,Recognized colleges and sanctuaries share ritual custody and stabilize elite bargains.,clergy_estate_target_satisfaction=small_permanent_target_satisfaction|stability_cost_efficiency=0.02|global_tribes_estate_power=0.03|global_tribes_estate_power=0.02,clergy_estate|nobles_estate|tribes_estate,yes,P8.8;P11;P13,contested,Uses broad archaeological institutions only where evidence permits and does not invent written constitutions or unified macro-polities.
transoceanic,antq_s2_transoceanic_cult_law,cult,religious,American-and-Oceanian Community Public Cult and Ritual Custody,"Defines who maintains public rites, sanctuaries, vows, and tolerated local observances within the American-and-Oceanian Community political sphere.",antq_s2_transoceanic_cult_local,local,Household Community Local Observance,Local observance broadens toleration while reducing the reach of an official cult.,tolerance_heathen=1|global_pop_conversion_speed_modifier=-0.05|global_peasants_estate_power=0.03|global_peasants_estate_power=0.02,tribes_estate|peasants_estate,no,P8.8;P11;P13,contested,Uses broad archaeological institutions only where evidence permits and does not invent written constitutions or unified macro-polities.
transoceanic,antq_s2_transoceanic_household_law,household,socioeconomic,American-and-Oceanian Community Household and Inheritance,"Defines household succession, guardianship, property transmission, and kin obligation within the American-and-Oceanian Community political sphere.",antq_s2_transoceanic_household_central,central,Ritual Center Recorded Succession,Recorded succession eases state integration but places family affairs under official scrutiny.,global_integration_speed_modifier=0.035|monthly_towards_centralization=societal_value_minor_monthly_move|global_clergy_estate_power=0.03|global_clergy_estate_power=0.02,crown_estate|clergy_estate,no,P8.8;P11;P13,contested,Uses broad archaeological institutions only where evidence permits and does not invent written constitutions or unified macro-polities.
transoceanic,antq_s2_transoceanic_household_law,household,socioeconomic,American-and-Oceanian Community Household and Inheritance,"Defines household succession, guardianship, property transmission, and kin obligation within the American-and-Oceanian Community political sphere.",antq_s2_transoceanic_household_mediated,mediated,Lineage Council Lineage Arbitration,"Lineages arbitrate inheritance disputes, preserving elite consent at a cost to central uniformity.",nobles_estate_target_satisfaction=tiny_permanent_target_satisfaction|global_monthly_control=-0.005|global_tribes_estate_power=0.03|global_tribes_estate_power=0.02,nobles_estate|tribes_estate,yes,P8.8;P11;P13,contested,Uses broad archaeological institutions only where evidence permits and does not invent written constitutions or unified macro-polities.
transoceanic,antq_s2_transoceanic_household_law,household,socioeconomic,American-and-Oceanian Community Household and Inheritance,"Defines household succession, guardianship, property transmission, and kin obligation within the American-and-Oceanian Community political sphere.",antq_s2_transoceanic_household_local,local,Household Community Household Custom,Household custom protects local practice and mobility while weakening predictable assessment.,global_pop_assimilation_speed_modifier=0.01|peasants_estate_max_tax=-0.015|global_peasants_estate_power=0.03|global_peasants_estate_power=0.02,peasants_estate,no,P8.8;P11;P13,contested,Uses broad archaeological institutions only where evidence permits and does not invent written constitutions or unified macro-polities.
transoceanic,antq_s2_transoceanic_commerce_law,commerce,socioeconomic,American-and-Oceanian Community Commerce and Market Conduct,"Defines safe conduct, tolls, market oversight, and the standing of merchants within the American-and-Oceanian Community political sphere.",antq_s2_transoceanic_commerce_central,central,Ritual Center Public Toll Schedule,Published toll schedules improve route revenue and enforcement but privilege official channels.,global_trade_through_owned_territory_efficiency=0.06|global_monthly_control=0.01|global_clergy_estate_power=0.03|global_clergy_estate_power=0.02,crown_estate|clergy_estate,no,P8.8;P11;P13,contested,Uses broad archaeological institutions only where evidence permits and does not invent written constitutions or unified macro-polities.
transoceanic,antq_s2_transoceanic_commerce_law,commerce,socioeconomic,American-and-Oceanian Community Commerce and Market Conduct,"Defines safe conduct, tolls, market oversight, and the standing of merchants within the American-and-Oceanian Community political sphere.",antq_s2_transoceanic_commerce_mediated,mediated,Lineage Council Merchant Arbitration,Merchant arbitration improves production and exchange while increasing urban political weight.,global_production_efficiency=0.03|global_burghers_estate_power=0.04|global_tribes_estate_power=0.03|global_tribes_estate_power=0.02,burghers_estate|tribes_estate,yes,P8.8;P11;P13,contested,Uses broad archaeological institutions only where evidence permits and does not invent written constitutions or unified macro-polities.
transoceanic,antq_s2_transoceanic_commerce_law,commerce,socioeconomic,American-and-Oceanian Community Commerce and Market Conduct,"Defines safe conduct, tolls, market oversight, and the standing of merchants within the American-and-Oceanian Community political sphere.",antq_s2_transoceanic_commerce_local,local,Household Community Open Local Exchange,Open local exchange reduces barriers and strengthens communities at the expense of central receipts.,global_trade_through_owned_territory_efficiency=0.03|burghers_estate_max_tax=-0.02|global_peasants_estate_power=0.03|global_peasants_estate_power=0.02,peasants_estate|tribes_estate,no,P8.8;P11;P13,contested,Uses broad archaeological institutions only where evidence permits and does not invent written constitutions or unified macro-polities.
transoceanic,antq_s2_transoceanic_coinage_law,coinage,socioeconomic,American-and-Oceanian Community Coinage and Standards,"Defines mint authority, accepted standards, weighed media, and seigniorage within the American-and-Oceanian Community political sphere.",antq_s2_transoceanic_coinage_central,central,Ritual Center Official Standard,An official standard increases mint receipts but makes price stability depend on central restraint.,minting_income_factor=0.10|minting_inflation_threshold=-0.01|global_clergy_estate_power=0.03|global_clergy_estate_power=0.02,crown_estate|clergy_estate,no,P8.8;P11;P13,contested,Uses broad archaeological institutions only where evidence permits and does not invent written constitutions or unified macro-polities.
transoceanic,antq_s2_transoceanic_coinage_law,coinage,socioeconomic,American-and-Oceanian Community Coinage and Standards,"Defines mint authority, accepted standards, weighed media, and seigniorage within the American-and-Oceanian Community political sphere.",antq_s2_transoceanic_coinage_mediated,mediated,Lineage Council Multiple Civic Issues,Several recognized issues support commerce while sharing monetary authority with urban elites.,minting_income_factor=0.06|global_burghers_estate_power=0.04|global_tribes_estate_power=0.03|global_tribes_estate_power=0.02,burghers_estate|tribes_estate,yes,P8.8;P11;P13,contested,Uses broad archaeological institutions only where evidence permits and does not invent written constitutions or unified macro-polities.
transoceanic,antq_s2_transoceanic_coinage_law,coinage,socioeconomic,American-and-Oceanian Community Coinage and Standards,"Defines mint authority, accepted standards, weighed media, and seigniorage within the American-and-Oceanian Community political sphere.",antq_s2_transoceanic_coinage_local,local,Household Community Weighed Exchange,Weighed and customary exchange is flexible but yields less direct mint revenue.,minting_income_factor=0.025|stability_cost_efficiency=0.02|global_peasants_estate_power=0.03|global_peasants_estate_power=0.02,tribes_estate|peasants_estate,no,P8.8;P11;P13,contested,Uses broad archaeological institutions only where evidence permits and does not invent written constitutions or unified macro-polities.
transoceanic,antq_s2_transoceanic_courts_law,courts,administrative,American-and-Oceanian Community Courts and Petition,"Defines the hearing of disputes, appeals, testimony, and petitions within the American-and-Oceanian Community political sphere.",antq_s2_transoceanic_courts_central,central,Ritual Center Central Appeal,A central appeal improves consistency and state control but increases administrative load.,legislative_efficiency=0.04|country_cabinet_efficiency=-0.015|global_clergy_estate_power=0.03|global_clergy_estate_power=0.02,crown_estate|clergy_estate,no,P8.8;P11;P13,contested,Uses broad archaeological institutions only where evidence permits and does not invent written constitutions or unified macro-polities.
transoceanic,antq_s2_transoceanic_courts_law,courts,administrative,American-and-Oceanian Community Courts and Petition,"Defines the hearing of disputes, appeals, testimony, and petitions within the American-and-Oceanian Community political sphere.",antq_s2_transoceanic_courts_mediated,mediated,Lineage Council Collegiate Judgment,Collegiate judgment balances elite interests and lowers the political cost of legislation.,stability_cost_efficiency=0.035|global_nobles_estate_power=0.025|global_tribes_estate_power=0.03|global_tribes_estate_power=0.02,nobles_estate|clergy_estate|tribes_estate,yes,P8.8;P11;P13,contested,Uses broad archaeological institutions only where evidence permits and does not invent written constitutions or unified macro-polities.
transoceanic,antq_s2_transoceanic_courts_law,courts,administrative,American-and-Oceanian Community Courts and Petition,"Defines the hearing of disputes, appeals, testimony, and petitions within the American-and-Oceanian Community political sphere.",antq_s2_transoceanic_courts_local,local,Household Community Local Composition,Local composition resolves disputes accessibly while limiting uniform precedent.,pop_join_rebel_threshold=-0.015|global_monthly_control=-0.01|global_peasants_estate_power=0.03|global_peasants_estate_power=0.02,peasants_estate|tribes_estate,no,P8.8;P11;P13,contested,Uses broad archaeological institutions only where evidence permits and does not invent written constitutions or unified macro-polities.
transoceanic,antq_s2_transoceanic_offices_law,offices,administrative,American-and-Oceanian Community Offices and Appointment,"Defines appointment, tenure, replacement, and accountability in public office within the American-and-Oceanian Community political sphere.",antq_s2_transoceanic_offices_central,central,Ritual Center Direct Appointment,Direct appointment makes staffing faster but concentrates office in the ruler's hands.,set_cabinet_member_cost_modifier=-0.10|global_crown_estate_power=0.04|global_clergy_estate_power=0.03|global_clergy_estate_power=0.02,crown_estate|clergy_estate,no,P8.8;P11;P13,contested,Uses broad archaeological institutions only where evidence permits and does not invent written constitutions or unified macro-polities.
transoceanic,antq_s2_transoceanic_offices_law,offices,administrative,American-and-Oceanian Community Offices and Appointment,"Defines appointment, tenure, replacement, and accountability in public office within the American-and-Oceanian Community political sphere.",antq_s2_transoceanic_offices_mediated,mediated,Lineage Council Rotating Office,Rotation broadens access and improves deliberation while making replacement less predictable.,country_cabinet_efficiency=0.03|replace_cabinet_member_cost_modifier=-0.05|global_tribes_estate_power=0.03|global_tribes_estate_power=0.02,burghers_estate|tribes_estate,yes,P8.8;P11;P13,contested,Uses broad archaeological institutions only where evidence permits and does not invent written constitutions or unified macro-polities.
transoceanic,antq_s2_transoceanic_offices_law,offices,administrative,American-and-Oceanian Community Offices and Appointment,"Defines appointment, tenure, replacement, and accountability in public office within the American-and-Oceanian Community political sphere.",antq_s2_transoceanic_offices_local,local,Household Community Patron-Nominated Office,Patron nomination secures elite cooperation but makes office-holders costly to dislodge.,replace_cabinet_member_cost_modifier=0.15|global_nobles_estate_power=0.04|global_peasants_estate_power=0.03|global_peasants_estate_power=0.02,nobles_estate|peasants_estate,no,P8.8;P11;P13,contested,Uses broad archaeological institutions only where evidence permits and does not invent written constitutions or unified macro-polities.
transoceanic,antq_s2_transoceanic_migration_law,migration,administrative,American-and-Oceanian Community Migration and Settlement,"Defines the admission, relocation, patronage, and settlement of mobile households within the American-and-Oceanian Community political sphere.",antq_s2_transoceanic_migration_central,central,Ritual Center Directed Settlement,Directed settlement accelerates incorporation and control but privileges central priorities.,global_pop_assimilation_speed_modifier=0.02|global_monthly_control=0.01|global_clergy_estate_power=0.03|global_clergy_estate_power=0.02,crown_estate|clergy_estate,no,P8.8;P11;P13,contested,Uses broad archaeological institutions only where evidence permits and does not invent written constitutions or unified macro-polities.
transoceanic,antq_s2_transoceanic_migration_law,migration,administrative,American-and-Oceanian Community Migration and Settlement,"Defines the admission, relocation, patronage, and settlement of mobile households within the American-and-Oceanian Community political sphere.",antq_s2_transoceanic_migration_mediated,mediated,Lineage Council Sponsored Communities,"Recognized communities sponsor newcomers, balancing integration with corporate autonomy.",global_integration_speed_modifier=0.025|global_burghers_estate_power=0.025|global_tribes_estate_power=0.03|global_tribes_estate_power=0.02,burghers_estate|tribes_estate,yes,P8.8;P11;P13,contested,Uses broad archaeological institutions only where evidence permits and does not invent written constitutions or unified macro-polities.
transoceanic,antq_s2_transoceanic_migration_law,migration,administrative,American-and-Oceanian Community Migration and Settlement,"Defines the admission, relocation, patronage, and settlement of mobile households within the American-and-Oceanian Community political sphere.",antq_s2_transoceanic_migration_local,local,Household Community Negotiated Passage,Negotiated passage reduces cultural friction while leaving migration weakly supervised.,tolerance_heathen=1|global_pop_assimilation_speed_modifier=-0.01|global_peasants_estate_power=0.03|global_peasants_estate_power=0.02,peasants_estate|tribes_estate,no,P8.8;P11;P13,contested,Uses broad archaeological institutions only where evidence permits and does not invent written constitutions or unified macro-polities.
transoceanic,antq_s2_transoceanic_external_law,external,administrative,"American-and-Oceanian Community Envoys, Clients, and External Compacts","Defines envoys, tributary obligations, client rulers, hostages, and negotiated peace within the American-and-Oceanian Community political sphere.",antq_s2_transoceanic_external_central,central,Ritual Center Central Envoys,Central envoys improve diplomatic standing but demand sustained court resources.,diplomatic_reputation=1|country_cabinet_efficiency=-0.01|global_clergy_estate_power=0.03|global_clergy_estate_power=0.02,crown_estate|clergy_estate,no,P8.8;P11;P13,contested,Uses broad archaeological institutions only where evidence permits and does not invent written constitutions or unified macro-polities.
transoceanic,antq_s2_transoceanic_external_law,external,administrative,"American-and-Oceanian Community Envoys, Clients, and External Compacts","Defines envoys, tributary obligations, client rulers, hostages, and negotiated peace within the American-and-Oceanian Community political sphere.",antq_s2_transoceanic_external_mediated,mediated,Lineage Council Client Mediation,Client mediation strengthens subordinate loyalty while empowering intermediary rulers.,subject_loyalty=5|global_nobles_estate_power=0.03|global_tribes_estate_power=0.03|global_tribes_estate_power=0.02,nobles_estate|tribes_estate,yes,P8.8;P11;P13,contested,Uses broad archaeological institutions only where evidence permits and does not invent written constitutions or unified macro-polities.
transoceanic,antq_s2_transoceanic_external_law,external,administrative,"American-and-Oceanian Community Envoys, Clients, and External Compacts","Defines envoys, tributary obligations, client rulers, hostages, and negotiated peace within the American-and-Oceanian Community political sphere.",antq_s2_transoceanic_external_local,local,Household Community Reciprocal Compacts,Reciprocal compacts broaden diplomatic capacity but bind the center to negotiated obligations.,diplomatic_capacity_modifier=0.05|monthly_towards_outward=societal_value_minor_monthly_move|global_peasants_estate_power=0.03|global_peasants_estate_power=0.02,burghers_estate|tribes_estate|peasants_estate,no,P8.8;P11;P13,contested,Uses broad archaeological institutions only where evidence permits and does not invent written constitutions or unified macro-polities.
