sheet,cell,key,age,track,subject,historical_brief,source,reference,prompt
sheet_001.png,top_left,antq_shared_community_granary_customs,Principate,society,Community Granary Customs,"Households pooled durable food reserves under locally witnessed rules for contribution, access, and replenishment.",P15;CAH-XI;P20,assets_queue/references/vanilla_advance_style_reference.png,"Use case: stylized-concept
Asset type: exactly four separate Europa Universalis V advance-icon cutouts
Primary request: Create four distinct archaeological still-life icon compositions in a clean 2x2 grid.
Input image: the supplied image is an exact installed EU5 advance-icon reference. Match its crisp isolated-object rendering, realistic material detail, restrained natural color, edge treatment, transparent-cutout composition, and premium finish exactly.
Scene/backdrop: perfectly flat solid #00ff00 chroma-key field in all four cells; no dividers, frames, texture, gradients, floor plane, or lighting variation in the green.
Composition/framing: one centered and generously padded object cluster per quadrant. Keep all objects wholly inside their own quadrant with large clear gaps at the centre lines.
Lighting/mood: neutral soft studio light, controlled highlights, authentic material colours. Absolutely no yellow, sepia, orange, or teal grading.
Top Left: Community Granary Customs. Compose an unmistakable cluster from historically appropriate household, ritual, charitable, assembly, craft, and settlement objects. Historical brief: Households pooled durable food reserves under locally witnessed rules for contribution, access, and replenishment.
Top Right: Seasonal Labour Calendars. Compose an unmistakable cluster from historically appropriate writing materials where attested, teaching objects, instruments, models, and catalogued specimens. Historical brief: Observed rains, floods, migrations, and crop cycles organized recurring work without requiring a written calendar.
Bottom Left: Field Boundary Witnesses. Compose an unmistakable cluster from historically appropriate seals, tally sticks, document tablets, weights, and council tokens. Historical brief: Recognized neighbours and elders preserved boundaries through remembered markers, testimony, and periodic inspection.
Bottom Right: River Crossing Guides. Compose an unmistakable cluster from historically appropriate period weapons, armour fittings, remount gear, route markers, and ration vessels. Historical brief: Local pilots identified fords, currents, landing places, and seasonal hazards for travellers and armed hosts.
Constraints: exactly four different icons; material culture appropriate to AD 1-476; visually distinguish all four by silhouette and materials; no repeated central object; no text, letters, numerals, maps, heraldry, portraits, people, modern objects, medieval plate armour, firearms, borders, badges, readable inscriptions, or watermark.
Avoid: generic fantasy props, cheap yellow filter, muddy monochrome, crowded miniature scenes, full buildings, square picture backgrounds, drop shadows on the green, vignette, quadrant dividers, or any object crossing a quadrant boundary."
sheet_001.png,top_right,antq_shared_seasonal_labour_calendars,Principate,learning,Seasonal Labour Calendars,"Observed rains, floods, migrations, and crop cycles organized recurring work without requiring a written calendar.",P15;CAH-XI;P20,assets_queue/references/vanilla_advance_style_reference.png,"Use case: stylized-concept
Asset type: exactly four separate Europa Universalis V advance-icon cutouts
Primary request: Create four distinct archaeological still-life icon compositions in a clean 2x2 grid.
Input image: the supplied image is an exact installed EU5 advance-icon reference. Match its crisp isolated-object rendering, realistic material detail, restrained natural color, edge treatment, transparent-cutout composition, and premium finish exactly.
Scene/backdrop: perfectly flat solid #00ff00 chroma-key field in all four cells; no dividers, frames, texture, gradients, floor plane, or lighting variation in the green.
Composition/framing: one centered and generously padded object cluster per quadrant. Keep all objects wholly inside their own quadrant with large clear gaps at the centre lines.
Lighting/mood: neutral soft studio light, controlled highlights, authentic material colours. Absolutely no yellow, sepia, orange, or teal grading.
Top Left: Community Granary Customs. Compose an unmistakable cluster from historically appropriate household, ritual, charitable, assembly, craft, and settlement objects. Historical brief: Households pooled durable food reserves under locally witnessed rules for contribution, access, and replenishment.
Top Right: Seasonal Labour Calendars. Compose an unmistakable cluster from historically appropriate writing materials where attested, teaching objects, instruments, models, and catalogued specimens. Historical brief: Observed rains, floods, migrations, and crop cycles organized recurring work without requiring a written calendar.
Bottom Left: Field Boundary Witnesses. Compose an unmistakable cluster from historically appropriate seals, tally sticks, document tablets, weights, and council tokens. Historical brief: Recognized neighbours and elders preserved boundaries through remembered markers, testimony, and periodic inspection.
Bottom Right: River Crossing Guides. Compose an unmistakable cluster from historically appropriate period weapons, armour fittings, remount gear, route markers, and ration vessels. Historical brief: Local pilots identified fords, currents, landing places, and seasonal hazards for travellers and armed hosts.
Constraints: exactly four different icons; material culture appropriate to AD 1-476; visually distinguish all four by silhouette and materials; no repeated central object; no text, letters, numerals, maps, heraldry, portraits, people, modern objects, medieval plate armour, firearms, borders, badges, readable inscriptions, or watermark.
Avoid: generic fantasy props, cheap yellow filter, muddy monochrome, crowded miniature scenes, full buildings, square picture backgrounds, drop shadows on the green, vignette, quadrant dividers, or any object crossing a quadrant boundary."
sheet_001.png,bottom_left,antq_shared_field_boundary_witnesses,Principate,statecraft,Field Boundary Witnesses,"Recognized neighbours and elders preserved boundaries through remembered markers, testimony, and periodic inspection.",P15;CAH-XI;P20,assets_queue/references/vanilla_advance_style_reference.png,"Use case: stylized-concept
Asset type: exactly four separate Europa Universalis V advance-icon cutouts
Primary request: Create four distinct archaeological still-life icon compositions in a clean 2x2 grid.
Input image: the supplied image is an exact installed EU5 advance-icon reference. Match its crisp isolated-object rendering, realistic material detail, restrained natural color, edge treatment, transparent-cutout composition, and premium finish exactly.
Scene/backdrop: perfectly flat solid #00ff00 chroma-key field in all four cells; no dividers, frames, texture, gradients, floor plane, or lighting variation in the green.
Composition/framing: one centered and generously padded object cluster per quadrant. Keep all objects wholly inside their own quadrant with large clear gaps at the centre lines.
Lighting/mood: neutral soft studio light, controlled highlights, authentic material colours. Absolutely no yellow, sepia, orange, or teal grading.
Top Left: Community Granary Customs. Compose an unmistakable cluster from historically appropriate household, ritual, charitable, assembly, craft, and settlement objects. Historical brief: Households pooled durable food reserves under locally witnessed rules for contribution, access, and replenishment.
Top Right: Seasonal Labour Calendars. Compose an unmistakable cluster from historically appropriate writing materials where attested, teaching objects, instruments, models, and catalogued specimens. Historical brief: Observed rains, floods, migrations, and crop cycles organized recurring work without requiring a written calendar.
Bottom Left: Field Boundary Witnesses. Compose an unmistakable cluster from historically appropriate seals, tally sticks, document tablets, weights, and council tokens. Historical brief: Recognized neighbours and elders preserved boundaries through remembered markers, testimony, and periodic inspection.
Bottom Right: River Crossing Guides. Compose an unmistakable cluster from historically appropriate period weapons, armour fittings, remount gear, route markers, and ration vessels. Historical brief: Local pilots identified fords, currents, landing places, and seasonal hazards for travellers and armed hosts.
Constraints: exactly four different icons; material culture appropriate to AD 1-476; visually distinguish all four by silhouette and materials; no repeated central object; no text, letters, numerals, maps, heraldry, portraits, people, modern objects, medieval plate armour, firearms, borders, badges, readable inscriptions, or watermark.
Avoid: generic fantasy props, cheap yellow filter, muddy monochrome, crowded miniature scenes, full buildings, square picture backgrounds, drop shadows on the green, vignette, quadrant dividers, or any object crossing a quadrant boundary."
sheet_001.png,bottom_right,antq_shared_river_crossing_guides,Principate,warfare,River Crossing Guides,"Local pilots identified fords, currents, landing places, and seasonal hazards for travellers and armed hosts.",P15;CAH-XI;P20,assets_queue/references/vanilla_advance_style_reference.png,"Use case: stylized-concept
Asset type: exactly four separate Europa Universalis V advance-icon cutouts
Primary request: Create four distinct archaeological still-life icon compositions in a clean 2x2 grid.
Input image: the supplied image is an exact installed EU5 advance-icon reference. Match its crisp isolated-object rendering, realistic material detail, restrained natural color, edge treatment, transparent-cutout composition, and premium finish exactly.
Scene/backdrop: perfectly flat solid #00ff00 chroma-key field in all four cells; no dividers, frames, texture, gradients, floor plane, or lighting variation in the green.
Composition/framing: one centered and generously padded object cluster per quadrant. Keep all objects wholly inside their own quadrant with large clear gaps at the centre lines.
Lighting/mood: neutral soft studio light, controlled highlights, authentic material colours. Absolutely no yellow, sepia, orange, or teal grading.
Top Left: Community Granary Customs. Compose an unmistakable cluster from historically appropriate household, ritual, charitable, assembly, craft, and settlement objects. Historical brief: Households pooled durable food reserves under locally witnessed rules for contribution, access, and replenishment.
Top Right: Seasonal Labour Calendars. Compose an unmistakable cluster from historically appropriate writing materials where attested, teaching objects, instruments, models, and catalogued specimens. Historical brief: Observed rains, floods, migrations, and crop cycles organized recurring work without requiring a written calendar.
Bottom Left: Field Boundary Witnesses. Compose an unmistakable cluster from historically appropriate seals, tally sticks, document tablets, weights, and council tokens. Historical brief: Recognized neighbours and elders preserved boundaries through remembered markers, testimony, and periodic inspection.
Bottom Right: River Crossing Guides. Compose an unmistakable cluster from historically appropriate period weapons, armour fittings, remount gear, route markers, and ration vessels. Historical brief: Local pilots identified fords, currents, landing places, and seasonal hazards for travellers and armed hosts.
Constraints: exactly four different icons; material culture appropriate to AD 1-476; visually distinguish all four by silhouette and materials; no repeated central object; no text, letters, numerals, maps, heraldry, portraits, people, modern objects, medieval plate armour, firearms, borders, badges, readable inscriptions, or watermark.
Avoid: generic fantasy props, cheap yellow filter, muddy monochrome, crowded miniature scenes, full buildings, square picture backgrounds, drop shadows on the green, vignette, quadrant dividers, or any object crossing a quadrant boundary."
sheet_002.png,top_left,antq_shared_market_day_signals,Principate,exchange,Market-Day Signals,Regular gatherings used visible or audible signals to coordinate exchange across dispersed settlements.,P15;CAH-XI;P20,assets_queue/references/vanilla_advance_style_reference.png,"Use case: stylized-concept
Asset type: exactly four separate Europa Universalis V advance-icon cutouts
Primary request: Create four distinct archaeological still-life icon compositions in a clean 2x2 grid.
Input image: the supplied image is an exact installed EU5 advance-icon reference. Match its crisp isolated-object rendering, realistic material detail, restrained natural color, edge treatment, transparent-cutout composition, and premium finish exactly.
Scene/backdrop: perfectly flat solid #00ff00 chroma-key field in all four cells; no dividers, frames, texture, gradients, floor plane, or lighting variation in the green.
Composition/framing: one centered and generously padded object cluster per quadrant. Keep all objects wholly inside their own quadrant with large clear gaps at the centre lines.
Lighting/mood: neutral soft studio light, controlled highlights, authentic material colours. Absolutely no yellow, sepia, orange, or teal grading.
Top Left: Market-Day Signals. Compose an unmistakable cluster from historically appropriate weights, containers, route objects, coins or weighed media, cordage, and cargo seals. Historical brief: Regular gatherings used visible or audible signals to coordinate exchange across dispersed settlements.
Top Right: Well and Cistern Care. Compose an unmistakable cluster from historically appropriate household, ritual, charitable, assembly, craft, and settlement objects. Historical brief: Shared labour kept wells, cisterns, springs, and their access paths clean and serviceable.
Bottom Left: Craft Apprentice Households. Compose an unmistakable cluster from historically appropriate writing materials where attested, teaching objects, instruments, models, and catalogued specimens. Historical brief: Specialist households transmitted tool use, material selection, and workshop routines through supervised practice.
Bottom Right: Muster-Ground Markers. Compose an unmistakable cluster from historically appropriate period weapons, armour fittings, remount gear, route markers, and ration vessels. Historical brief: Known assembly places and route markers reduced delay when household contingents gathered for defence.
Constraints: exactly four different icons; material culture appropriate to AD 1-476; visually distinguish all four by silhouette and materials; no repeated central object; no text, letters, numerals, maps, heraldry, portraits, people, modern objects, medieval plate armour, firearms, borders, badges, readable inscriptions, or watermark.
Avoid: generic fantasy props, cheap yellow filter, muddy monochrome, crowded miniature scenes, full buildings, square picture backgrounds, drop shadows on the green, vignette, quadrant dividers, or any object crossing a quadrant boundary."
sheet_002.png,top_right,antq_shared_well_and_cistern_care,Principate,society,Well and Cistern Care,"Shared labour kept wells, cisterns, springs, and their access paths clean and serviceable.",P15;CAH-XI;P20,assets_queue/references/vanilla_advance_style_reference.png,"Use case: stylized-concept
Asset type: exactly four separate Europa Universalis V advance-icon cutouts
Primary request: Create four distinct archaeological still-life icon compositions in a clean 2x2 grid.
Input image: the supplied image is an exact installed EU5 advance-icon reference. Match its crisp isolated-object rendering, realistic material detail, restrained natural color, edge treatment, transparent-cutout composition, and premium finish exactly.
Scene/backdrop: perfectly flat solid #00ff00 chroma-key field in all four cells; no dividers, frames, texture, gradients, floor plane, or lighting variation in the green.
Composition/framing: one centered and generously padded object cluster per quadrant. Keep all objects wholly inside their own quadrant with large clear gaps at the centre lines.
Lighting/mood: neutral soft studio light, controlled highlights, authentic material colours. Absolutely no yellow, sepia, orange, or teal grading.
Top Left: Market-Day Signals. Compose an unmistakable cluster from historically appropriate weights, containers, route objects, coins or weighed media, cordage, and cargo seals. Historical brief: Regular gatherings used visible or audible signals to coordinate exchange across dispersed settlements.
Top Right: Well and Cistern Care. Compose an unmistakable cluster from historically appropriate household, ritual, charitable, assembly, craft, and settlement objects. Historical brief: Shared labour kept wells, cisterns, springs, and their access paths clean and serviceable.
Bottom Left: Craft Apprentice Households. Compose an unmistakable cluster from historically appropriate writing materials where attested, teaching objects, instruments, models, and catalogued specimens. Historical brief: Specialist households transmitted tool use, material selection, and workshop routines through supervised practice.
Bottom Right: Muster-Ground Markers. Compose an unmistakable cluster from historically appropriate period weapons, armour fittings, remount gear, route markers, and ration vessels. Historical brief: Known assembly places and route markers reduced delay when household contingents gathered for defence.
Constraints: exactly four different icons; material culture appropriate to AD 1-476; visually distinguish all four by silhouette and materials; no repeated central object; no text, letters, numerals, maps, heraldry, portraits, people, modern objects, medieval plate armour, firearms, borders, badges, readable inscriptions, or watermark.
Avoid: generic fantasy props, cheap yellow filter, muddy monochrome, crowded miniature scenes, full buildings, square picture backgrounds, drop shadows on the green, vignette, quadrant dividers, or any object crossing a quadrant boundary."
sheet_002.png,bottom_left,antq_shared_craft_apprentice_households,Principate,learning,Craft Apprentice Households,"Specialist households transmitted tool use, material selection, and workshop routines through supervised practice.",P15;CAH-XI;P20,assets_queue/references/vanilla_advance_style_reference.png,"Use case: stylized-concept
Asset type: exactly four separate Europa Universalis V advance-icon cutouts
Primary request: Create four distinct archaeological still-life icon compositions in a clean 2x2 grid.
Input image: the supplied image is an exact installed EU5 advance-icon reference. Match its crisp isolated-object rendering, realistic material detail, restrained natural color, edge treatment, transparent-cutout composition, and premium finish exactly.
Scene/backdrop: perfectly flat solid #00ff00 chroma-key field in all four cells; no dividers, frames, texture, gradients, floor plane, or lighting variation in the green.
Composition/framing: one centered and generously padded object cluster per quadrant. Keep all objects wholly inside their own quadrant with large clear gaps at the centre lines.
Lighting/mood: neutral soft studio light, controlled highlights, authentic material colours. Absolutely no yellow, sepia, orange, or teal grading.
Top Left: Market-Day Signals. Compose an unmistakable cluster from historically appropriate weights, containers, route objects, coins or weighed media, cordage, and cargo seals. Historical brief: Regular gatherings used visible or audible signals to coordinate exchange across dispersed settlements.
Top Right: Well and Cistern Care. Compose an unmistakable cluster from historically appropriate household, ritual, charitable, assembly, craft, and settlement objects. Historical brief: Shared labour kept wells, cisterns, springs, and their access paths clean and serviceable.
Bottom Left: Craft Apprentice Households. Compose an unmistakable cluster from historically appropriate writing materials where attested, teaching objects, instruments, models, and catalogued specimens. Historical brief: Specialist households transmitted tool use, material selection, and workshop routines through supervised practice.
Bottom Right: Muster-Ground Markers. Compose an unmistakable cluster from historically appropriate period weapons, armour fittings, remount gear, route markers, and ration vessels. Historical brief: Known assembly places and route markers reduced delay when household contingents gathered for defence.
Constraints: exactly four different icons; material culture appropriate to AD 1-476; visually distinguish all four by silhouette and materials; no repeated central object; no text, letters, numerals, maps, heraldry, portraits, people, modern objects, medieval plate armour, firearms, borders, badges, readable inscriptions, or watermark.
Avoid: generic fantasy props, cheap yellow filter, muddy monochrome, crowded miniature scenes, full buildings, square picture backgrounds, drop shadows on the green, vignette, quadrant dividers, or any object crossing a quadrant boundary."
sheet_002.png,bottom_right,antq_shared_muster_ground_markers,Principate,warfare,Muster-Ground Markers,Known assembly places and route markers reduced delay when household contingents gathered for defence.,P15;CAH-XI;P20,assets_queue/references/vanilla_advance_style_reference.png,"Use case: stylized-concept
Asset type: exactly four separate Europa Universalis V advance-icon cutouts
Primary request: Create four distinct archaeological still-life icon compositions in a clean 2x2 grid.
Input image: the supplied image is an exact installed EU5 advance-icon reference. Match its crisp isolated-object rendering, realistic material detail, restrained natural color, edge treatment, transparent-cutout composition, and premium finish exactly.
Scene/backdrop: perfectly flat solid #00ff00 chroma-key field in all four cells; no dividers, frames, texture, gradients, floor plane, or lighting variation in the green.
Composition/framing: one centered and generously padded object cluster per quadrant. Keep all objects wholly inside their own quadrant with large clear gaps at the centre lines.
Lighting/mood: neutral soft studio light, controlled highlights, authentic material colours. Absolutely no yellow, sepia, orange, or teal grading.
Top Left: Market-Day Signals. Compose an unmistakable cluster from historically appropriate weights, containers, route objects, coins or weighed media, cordage, and cargo seals. Historical brief: Regular gatherings used visible or audible signals to coordinate exchange across dispersed settlements.
Top Right: Well and Cistern Care. Compose an unmistakable cluster from historically appropriate household, ritual, charitable, assembly, craft, and settlement objects. Historical brief: Shared labour kept wells, cisterns, springs, and their access paths clean and serviceable.
Bottom Left: Craft Apprentice Households. Compose an unmistakable cluster from historically appropriate writing materials where attested, teaching objects, instruments, models, and catalogued specimens. Historical brief: Specialist households transmitted tool use, material selection, and workshop routines through supervised practice.
Bottom Right: Muster-Ground Markers. Compose an unmistakable cluster from historically appropriate period weapons, armour fittings, remount gear, route markers, and ration vessels. Historical brief: Known assembly places and route markers reduced delay when household contingents gathered for defence.
Constraints: exactly four different icons; material culture appropriate to AD 1-476; visually distinguish all four by silhouette and materials; no repeated central object; no text, letters, numerals, maps, heraldry, portraits, people, modern objects, medieval plate armour, firearms, borders, badges, readable inscriptions, or watermark.
Avoid: generic fantasy props, cheap yellow filter, muddy monochrome, crowded miniature scenes, full buildings, square picture backgrounds, drop shadows on the green, vignette, quadrant dividers, or any object crossing a quadrant boundary."
sheet_003.png,top_left,antq_shared_trusted_route_brokers,Principate,exchange,Trusted Route Brokers,"Intermediaries joined unfamiliar traders to local hosts, measures, languages, and customary guarantees.",P15;CAH-XI;P20,assets_queue/references/vanilla_advance_style_reference.png,"Use case: stylized-concept
Asset type: exactly four separate Europa Universalis V advance-icon cutouts
Primary request: Create four distinct archaeological still-life icon compositions in a clean 2x2 grid.
Input image: the supplied image is an exact installed EU5 advance-icon reference. Match its crisp isolated-object rendering, realistic material detail, restrained natural color, edge treatment, transparent-cutout composition, and premium finish exactly.
Scene/backdrop: perfectly flat solid #00ff00 chroma-key field in all four cells; no dividers, frames, texture, gradients, floor plane, or lighting variation in the green.
Composition/framing: one centered and generously padded object cluster per quadrant. Keep all objects wholly inside their own quadrant with large clear gaps at the centre lines.
Lighting/mood: neutral soft studio light, controlled highlights, authentic material colours. Absolutely no yellow, sepia, orange, or teal grading.
Top Left: Trusted Route Brokers. Compose an unmistakable cluster from historically appropriate weights, containers, route objects, coins or weighed media, cordage, and cargo seals. Historical brief: Intermediaries joined unfamiliar traders to local hosts, measures, languages, and customary guarantees.
Top Right: Gift and Tribute Tallies. Compose an unmistakable cluster from historically appropriate seals, tally sticks, document tablets, weights, and council tokens. Historical brief: Tokens, notched objects, or remembered witness lists tracked recurring gifts and negotiated contributions.
Bottom Left: Healing-Plant Memory. Compose an unmistakable cluster from historically appropriate writing materials where attested, teaching objects, instruments, models, and catalogued specimens. Historical brief: Practitioners preserved tested knowledge of local plants, preparation methods, seasons, and harmful substitutes.
Bottom Right: Relay Rest Stations. Compose an unmistakable cluster from historically appropriate weights, containers, route objects, coins or weighed media, cordage, and cargo seals. Historical brief: Maintained stopping places concentrated water, shelter, route knowledge, and replacement labour along busy corridors.
Constraints: exactly four different icons; material culture appropriate to AD 1-476; visually distinguish all four by silhouette and materials; no repeated central object; no text, letters, numerals, maps, heraldry, portraits, people, modern objects, medieval plate armour, firearms, borders, badges, readable inscriptions, or watermark.
Avoid: generic fantasy props, cheap yellow filter, muddy monochrome, crowded miniature scenes, full buildings, square picture backgrounds, drop shadows on the green, vignette, quadrant dividers, or any object crossing a quadrant boundary."
sheet_003.png,top_right,antq_shared_gift_and_tribute_tallies,Principate,statecraft,Gift and Tribute Tallies,"Tokens, notched objects, or remembered witness lists tracked recurring gifts and negotiated contributions.",P15;CAH-XI;P20,assets_queue/references/vanilla_advance_style_reference.png,"Use case: stylized-concept
Asset type: exactly four separate Europa Universalis V advance-icon cutouts
Primary request: Create four distinct archaeological still-life icon compositions in a clean 2x2 grid.
Input image: the supplied image is an exact installed EU5 advance-icon reference. Match its crisp isolated-object rendering, realistic material detail, restrained natural color, edge treatment, transparent-cutout composition, and premium finish exactly.
Scene/backdrop: perfectly flat solid #00ff00 chroma-key field in all four cells; no dividers, frames, texture, gradients, floor plane, or lighting variation in the green.
Composition/framing: one centered and generously padded object cluster per quadrant. Keep all objects wholly inside their own quadrant with large clear gaps at the centre lines.
Lighting/mood: neutral soft studio light, controlled highlights, authentic material colours. Absolutely no yellow, sepia, orange, or teal grading.
Top Left: Trusted Route Brokers. Compose an unmistakable cluster from historically appropriate weights, containers, route objects, coins or weighed media, cordage, and cargo seals. Historical brief: Intermediaries joined unfamiliar traders to local hosts, measures, languages, and customary guarantees.
Top Right: Gift and Tribute Tallies. Compose an unmistakable cluster from historically appropriate seals, tally sticks, document tablets, weights, and council tokens. Historical brief: Tokens, notched objects, or remembered witness lists tracked recurring gifts and negotiated contributions.
Bottom Left: Healing-Plant Memory. Compose an unmistakable cluster from historically appropriate writing materials where attested, teaching objects, instruments, models, and catalogued specimens. Historical brief: Practitioners preserved tested knowledge of local plants, preparation methods, seasons, and harmful substitutes.
Bottom Right: Relay Rest Stations. Compose an unmistakable cluster from historically appropriate weights, containers, route objects, coins or weighed media, cordage, and cargo seals. Historical brief: Maintained stopping places concentrated water, shelter, route knowledge, and replacement labour along busy corridors.
Constraints: exactly four different icons; material culture appropriate to AD 1-476; visually distinguish all four by silhouette and materials; no repeated central object; no text, letters, numerals, maps, heraldry, portraits, people, modern objects, medieval plate armour, firearms, borders, badges, readable inscriptions, or watermark.
Avoid: generic fantasy props, cheap yellow filter, muddy monochrome, crowded miniature scenes, full buildings, square picture backgrounds, drop shadows on the green, vignette, quadrant dividers, or any object crossing a quadrant boundary."
sheet_003.png,bottom_left,antq_shared_healing_plant_memory,Principate,learning,Healing-Plant Memory,"Practitioners preserved tested knowledge of local plants, preparation methods, seasons, and harmful substitutes.",P15;CAH-XI;P20,assets_queue/references/vanilla_advance_style_reference.png,"Use case: stylized-concept
Asset type: exactly four separate Europa Universalis V advance-icon cutouts
Primary request: Create four distinct archaeological still-life icon compositions in a clean 2x2 grid.
Input image: the supplied image is an exact installed EU5 advance-icon reference. Match its crisp isolated-object rendering, realistic material detail, restrained natural color, edge treatment, transparent-cutout composition, and premium finish exactly.
Scene/backdrop: perfectly flat solid #00ff00 chroma-key field in all four cells; no dividers, frames, texture, gradients, floor plane, or lighting variation in the green.
Composition/framing: one centered and generously padded object cluster per quadrant. Keep all objects wholly inside their own quadrant with large clear gaps at the centre lines.
Lighting/mood: neutral soft studio light, controlled highlights, authentic material colours. Absolutely no yellow, sepia, orange, or teal grading.
Top Left: Trusted Route Brokers. Compose an unmistakable cluster from historically appropriate weights, containers, route objects, coins or weighed media, cordage, and cargo seals. Historical brief: Intermediaries joined unfamiliar traders to local hosts, measures, languages, and customary guarantees.
Top Right: Gift and Tribute Tallies. Compose an unmistakable cluster from historically appropriate seals, tally sticks, document tablets, weights, and council tokens. Historical brief: Tokens, notched objects, or remembered witness lists tracked recurring gifts and negotiated contributions.
Bottom Left: Healing-Plant Memory. Compose an unmistakable cluster from historically appropriate writing materials where attested, teaching objects, instruments, models, and catalogued specimens. Historical brief: Practitioners preserved tested knowledge of local plants, preparation methods, seasons, and harmful substitutes.
Bottom Right: Relay Rest Stations. Compose an unmistakable cluster from historically appropriate weights, containers, route objects, coins or weighed media, cordage, and cargo seals. Historical brief: Maintained stopping places concentrated water, shelter, route knowledge, and replacement labour along busy corridors.
Constraints: exactly four different icons; material culture appropriate to AD 1-476; visually distinguish all four by silhouette and materials; no repeated central object; no text, letters, numerals, maps, heraldry, portraits, people, modern objects, medieval plate armour, firearms, borders, badges, readable inscriptions, or watermark.
Avoid: generic fantasy props, cheap yellow filter, muddy monochrome, crowded miniature scenes, full buildings, square picture backgrounds, drop shadows on the green, vignette, quadrant dividers, or any object crossing a quadrant boundary."
sheet_003.png,bottom_right,antq_shared_relay_rest_stations,High Empires,exchange,Relay Rest Stations,"Maintained stopping places concentrated water, shelter, route knowledge, and replacement labour along busy corridors.",P15;CAH-XI;P20,assets_queue/references/vanilla_advance_style_reference.png,"Use case: stylized-concept
Asset type: exactly four separate Europa Universalis V advance-icon cutouts
Primary request: Create four distinct archaeological still-life icon compositions in a clean 2x2 grid.
Input image: the supplied image is an exact installed EU5 advance-icon reference. Match its crisp isolated-object rendering, realistic material detail, restrained natural color, edge treatment, transparent-cutout composition, and premium finish exactly.
Scene/backdrop: perfectly flat solid #00ff00 chroma-key field in all four cells; no dividers, frames, texture, gradients, floor plane, or lighting variation in the green.
Composition/framing: one centered and generously padded object cluster per quadrant. Keep all objects wholly inside their own quadrant with large clear gaps at the centre lines.
Lighting/mood: neutral soft studio light, controlled highlights, authentic material colours. Absolutely no yellow, sepia, orange, or teal grading.
Top Left: Trusted Route Brokers. Compose an unmistakable cluster from historically appropriate weights, containers, route objects, coins or weighed media, cordage, and cargo seals. Historical brief: Intermediaries joined unfamiliar traders to local hosts, measures, languages, and customary guarantees.
Top Right: Gift and Tribute Tallies. Compose an unmistakable cluster from historically appropriate seals, tally sticks, document tablets, weights, and council tokens. Historical brief: Tokens, notched objects, or remembered witness lists tracked recurring gifts and negotiated contributions.
Bottom Left: Healing-Plant Memory. Compose an unmistakable cluster from historically appropriate writing materials where attested, teaching objects, instruments, models, and catalogued specimens. Historical brief: Practitioners preserved tested knowledge of local plants, preparation methods, seasons, and harmful substitutes.
Bottom Right: Relay Rest Stations. Compose an unmistakable cluster from historically appropriate weights, containers, route objects, coins or weighed media, cordage, and cargo seals. Historical brief: Maintained stopping places concentrated water, shelter, route knowledge, and replacement labour along busy corridors.
Constraints: exactly four different icons; material culture appropriate to AD 1-476; visually distinguish all four by silhouette and materials; no repeated central object; no text, letters, numerals, maps, heraldry, portraits, people, modern objects, medieval plate armour, firearms, borders, badges, readable inscriptions, or watermark.
Avoid: generic fantasy props, cheap yellow filter, muddy monochrome, crowded miniature scenes, full buildings, square picture backgrounds, drop shadows on the green, vignette, quadrant dividers, or any object crossing a quadrant boundary."
sheet_004.png,top_left,antq_shared_sealed_storage_customs,High Empires,statecraft,Sealed Storage Customs,"Witnessed seals, knots, marks, and guarded thresholds made communal stores easier to audit.",P15;CAH-XI;P20,assets_queue/references/vanilla_advance_style_reference.png,"Use case: stylized-concept
Asset type: exactly four separate Europa Universalis V advance-icon cutouts
Primary request: Create four distinct archaeological still-life icon compositions in a clean 2x2 grid.
Input image: the supplied image is an exact installed EU5 advance-icon reference. Match its crisp isolated-object rendering, realistic material detail, restrained natural color, edge treatment, transparent-cutout composition, and premium finish exactly.
Scene/backdrop: perfectly flat solid #00ff00 chroma-key field in all four cells; no dividers, frames, texture, gradients, floor plane, or lighting variation in the green.
Composition/framing: one centered and generously padded object cluster per quadrant. Keep all objects wholly inside their own quadrant with large clear gaps at the centre lines.
Lighting/mood: neutral soft studio light, controlled highlights, authentic material colours. Absolutely no yellow, sepia, orange, or teal grading.
Top Left: Sealed Storage Customs. Compose an unmistakable cluster from historically appropriate seals, tally sticks, document tablets, weights, and council tokens. Historical brief: Witnessed seals, knots, marks, and guarded thresholds made communal stores easier to audit.
Top Right: Watch-Fire Signals. Compose an unmistakable cluster from historically appropriate period weapons, armour fittings, remount gear, route markers, and ration vessels. Historical brief: Prepared signal points passed warnings between settlements faster than ordinary messengers.
Bottom Left: Canal and Ditch Musters. Compose an unmistakable cluster from historically appropriate household, ritual, charitable, assembly, craft, and settlement objects. Historical brief: Recurring work parties cleared irrigation, drainage, and boundary channels before seasonal demand.
Bottom Right: Travelling Healers. Compose an unmistakable cluster from historically appropriate writing materials where attested, teaching objects, instruments, models, and catalogued specimens. Historical brief: Mobile practitioners compared remedies, injuries, and treatment routines across several communities.
Constraints: exactly four different icons; material culture appropriate to AD 1-476; visually distinguish all four by silhouette and materials; no repeated central object; no text, letters, numerals, maps, heraldry, portraits, people, modern objects, medieval plate armour, firearms, borders, badges, readable inscriptions, or watermark.
Avoid: generic fantasy props, cheap yellow filter, muddy monochrome, crowded miniature scenes, full buildings, square picture backgrounds, drop shadows on the green, vignette, quadrant dividers, or any object crossing a quadrant boundary."
sheet_004.png,top_right,antq_shared_watch_fire_signals,High Empires,warfare,Watch-Fire Signals,Prepared signal points passed warnings between settlements faster than ordinary messengers.,P15;CAH-XI;P20,assets_queue/references/vanilla_advance_style_reference.png,"Use case: stylized-concept
Asset type: exactly four separate Europa Universalis V advance-icon cutouts
Primary request: Create four distinct archaeological still-life icon compositions in a clean 2x2 grid.
Input image: the supplied image is an exact installed EU5 advance-icon reference. Match its crisp isolated-object rendering, realistic material detail, restrained natural color, edge treatment, transparent-cutout composition, and premium finish exactly.
Scene/backdrop: perfectly flat solid #00ff00 chroma-key field in all four cells; no dividers, frames, texture, gradients, floor plane, or lighting variation in the green.
Composition/framing: one centered and generously padded object cluster per quadrant. Keep all objects wholly inside their own quadrant with large clear gaps at the centre lines.
Lighting/mood: neutral soft studio light, controlled highlights, authentic material colours. Absolutely no yellow, sepia, orange, or teal grading.
Top Left: Sealed Storage Customs. Compose an unmistakable cluster from historically appropriate seals, tally sticks, document tablets, weights, and council tokens. Historical brief: Witnessed seals, knots, marks, and guarded thresholds made communal stores easier to audit.
Top Right: Watch-Fire Signals. Compose an unmistakable cluster from historically appropriate period weapons, armour fittings, remount gear, route markers, and ration vessels. Historical brief: Prepared signal points passed warnings between settlements faster than ordinary messengers.
Bottom Left: Canal and Ditch Musters. Compose an unmistakable cluster from historically appropriate household, ritual, charitable, assembly, craft, and settlement objects. Historical brief: Recurring work parties cleared irrigation, drainage, and boundary channels before seasonal demand.
Bottom Right: Travelling Healers. Compose an unmistakable cluster from historically appropriate writing materials where attested, teaching objects, instruments, models, and catalogued specimens. Historical brief: Mobile practitioners compared remedies, injuries, and treatment routines across several communities.
Constraints: exactly four different icons; material culture appropriate to AD 1-476; visually distinguish all four by silhouette and materials; no repeated central object; no text, letters, numerals, maps, heraldry, portraits, people, modern objects, medieval plate armour, firearms, borders, badges, readable inscriptions, or watermark.
Avoid: generic fantasy props, cheap yellow filter, muddy monochrome, crowded miniature scenes, full buildings, square picture backgrounds, drop shadows on the green, vignette, quadrant dividers, or any object crossing a quadrant boundary."
sheet_004.png,bottom_left,antq_shared_canal_and_ditch_musters,High Empires,society,Canal and Ditch Musters,"Recurring work parties cleared irrigation, drainage, and boundary channels before seasonal demand.",P15;CAH-XI;P20,assets_queue/references/vanilla_advance_style_reference.png,"Use case: stylized-concept
Asset type: exactly four separate Europa Universalis V advance-icon cutouts
Primary request: Create four distinct archaeological still-life icon compositions in a clean 2x2 grid.
Input image: the supplied image is an exact installed EU5 advance-icon reference. Match its crisp isolated-object rendering, realistic material detail, restrained natural color, edge treatment, transparent-cutout composition, and premium finish exactly.
Scene/backdrop: perfectly flat solid #00ff00 chroma-key field in all four cells; no dividers, frames, texture, gradients, floor plane, or lighting variation in the green.
Composition/framing: one centered and generously padded object cluster per quadrant. Keep all objects wholly inside their own quadrant with large clear gaps at the centre lines.
Lighting/mood: neutral soft studio light, controlled highlights, authentic material colours. Absolutely no yellow, sepia, orange, or teal grading.
Top Left: Sealed Storage Customs. Compose an unmistakable cluster from historically appropriate seals, tally sticks, document tablets, weights, and council tokens. Historical brief: Witnessed seals, knots, marks, and guarded thresholds made communal stores easier to audit.
Top Right: Watch-Fire Signals. Compose an unmistakable cluster from historically appropriate period weapons, armour fittings, remount gear, route markers, and ration vessels. Historical brief: Prepared signal points passed warnings between settlements faster than ordinary messengers.
Bottom Left: Canal and Ditch Musters. Compose an unmistakable cluster from historically appropriate household, ritual, charitable, assembly, craft, and settlement objects. Historical brief: Recurring work parties cleared irrigation, drainage, and boundary channels before seasonal demand.
Bottom Right: Travelling Healers. Compose an unmistakable cluster from historically appropriate writing materials where attested, teaching objects, instruments, models, and catalogued specimens. Historical brief: Mobile practitioners compared remedies, injuries, and treatment routines across several communities.
Constraints: exactly four different icons; material culture appropriate to AD 1-476; visually distinguish all four by silhouette and materials; no repeated central object; no text, letters, numerals, maps, heraldry, portraits, people, modern objects, medieval plate armour, firearms, borders, badges, readable inscriptions, or watermark.
Avoid: generic fantasy props, cheap yellow filter, muddy monochrome, crowded miniature scenes, full buildings, square picture backgrounds, drop shadows on the green, vignette, quadrant dividers, or any object crossing a quadrant boundary."
sheet_004.png,bottom_right,antq_shared_travelling_healers,High Empires,learning,Travelling Healers,"Mobile practitioners compared remedies, injuries, and treatment routines across several communities.",P15;CAH-XI;P20,assets_queue/references/vanilla_advance_style_reference.png,"Use case: stylized-concept
Asset type: exactly four separate Europa Universalis V advance-icon cutouts
Primary request: Create four distinct archaeological still-life icon compositions in a clean 2x2 grid.
Input image: the supplied image is an exact installed EU5 advance-icon reference. Match its crisp isolated-object rendering, realistic material detail, restrained natural color, edge treatment, transparent-cutout composition, and premium finish exactly.
Scene/backdrop: perfectly flat solid #00ff00 chroma-key field in all four cells; no dividers, frames, texture, gradients, floor plane, or lighting variation in the green.
Composition/framing: one centered and generously padded object cluster per quadrant. Keep all objects wholly inside their own quadrant with large clear gaps at the centre lines.
Lighting/mood: neutral soft studio light, controlled highlights, authentic material colours. Absolutely no yellow, sepia, orange, or teal grading.
Top Left: Sealed Storage Customs. Compose an unmistakable cluster from historically appropriate seals, tally sticks, document tablets, weights, and council tokens. Historical brief: Witnessed seals, knots, marks, and guarded thresholds made communal stores easier to audit.
Top Right: Watch-Fire Signals. Compose an unmistakable cluster from historically appropriate period weapons, armour fittings, remount gear, route markers, and ration vessels. Historical brief: Prepared signal points passed warnings between settlements faster than ordinary messengers.
Bottom Left: Canal and Ditch Musters. Compose an unmistakable cluster from historically appropriate household, ritual, charitable, assembly, craft, and settlement objects. Historical brief: Recurring work parties cleared irrigation, drainage, and boundary channels before seasonal demand.
Bottom Right: Travelling Healers. Compose an unmistakable cluster from historically appropriate writing materials where attested, teaching objects, instruments, models, and catalogued specimens. Historical brief: Mobile practitioners compared remedies, injuries, and treatment routines across several communities.
Constraints: exactly four different icons; material culture appropriate to AD 1-476; visually distinguish all four by silhouette and materials; no repeated central object; no text, letters, numerals, maps, heraldry, portraits, people, modern objects, medieval plate armour, firearms, borders, badges, readable inscriptions, or watermark.
Avoid: generic fantasy props, cheap yellow filter, muddy monochrome, crowded miniature scenes, full buildings, square picture backgrounds, drop shadows on the green, vignette, quadrant dividers, or any object crossing a quadrant boundary."
sheet_005.png,top_left,antq_shared_portage_team_organization,High Empires,exchange,Portage-Team Organization,"Coordinated carriers moved boats and cargo around rapids, shallows, divides, and broken roads.",P15;CAH-XI;P20,assets_queue/references/vanilla_advance_style_reference.png,"Use case: stylized-concept
Asset type: exactly four separate Europa Universalis V advance-icon cutouts
Primary request: Create four distinct archaeological still-life icon compositions in a clean 2x2 grid.
Input image: the supplied image is an exact installed EU5 advance-icon reference. Match its crisp isolated-object rendering, realistic material detail, restrained natural color, edge treatment, transparent-cutout composition, and premium finish exactly.
Scene/backdrop: perfectly flat solid #00ff00 chroma-key field in all four cells; no dividers, frames, texture, gradients, floor plane, or lighting variation in the green.
Composition/framing: one centered and generously padded object cluster per quadrant. Keep all objects wholly inside their own quadrant with large clear gaps at the centre lines.
Lighting/mood: neutral soft studio light, controlled highlights, authentic material colours. Absolutely no yellow, sepia, orange, or teal grading.
Top Left: Portage-Team Organization. Compose an unmistakable cluster from historically appropriate weights, containers, route objects, coins or weighed media, cordage, and cargo seals. Historical brief: Coordinated carriers moved boats and cargo around rapids, shallows, divides, and broken roads.
Top Right: Public Measure Stones. Compose an unmistakable cluster from historically appropriate seals, tally sticks, document tablets, weights, and council tokens. Historical brief: Recognized reference weights or volumes reduced disputes without imposing one universal ancient standard.
Bottom Left: Reserve Seed Stores. Compose an unmistakable cluster from historically appropriate household, ritual, charitable, assembly, craft, and settlement objects. Historical brief: Protected seed stocks separated the next sowing from ordinary consumption and emergency redistribution.
Bottom Right: Scout-Interpreter Networks. Compose an unmistakable cluster from historically appropriate period weapons, armour fittings, remount gear, route markers, and ration vessels. Historical brief: Guides able to cross linguistic and political frontiers improved warning, negotiation, and route selection.
Constraints: exactly four different icons; material culture appropriate to AD 1-476; visually distinguish all four by silhouette and materials; no repeated central object; no text, letters, numerals, maps, heraldry, portraits, people, modern objects, medieval plate armour, firearms, borders, badges, readable inscriptions, or watermark.
Avoid: generic fantasy props, cheap yellow filter, muddy monochrome, crowded miniature scenes, full buildings, square picture backgrounds, drop shadows on the green, vignette, quadrant dividers, or any object crossing a quadrant boundary."
sheet_005.png,top_right,antq_shared_public_measure_stones,High Empires,statecraft,Public Measure Stones,Recognized reference weights or volumes reduced disputes without imposing one universal ancient standard.,P15;CAH-XI;P20,assets_queue/references/vanilla_advance_style_reference.png,"Use case: stylized-concept
Asset type: exactly four separate Europa Universalis V advance-icon cutouts
Primary request: Create four distinct archaeological still-life icon compositions in a clean 2x2 grid.
Input image: the supplied image is an exact installed EU5 advance-icon reference. Match its crisp isolated-object rendering, realistic material detail, restrained natural color, edge treatment, transparent-cutout composition, and premium finish exactly.
Scene/backdrop: perfectly flat solid #00ff00 chroma-key field in all four cells; no dividers, frames, texture, gradients, floor plane, or lighting variation in the green.
Composition/framing: one centered and generously padded object cluster per quadrant. Keep all objects wholly inside their own quadrant with large clear gaps at the centre lines.
Lighting/mood: neutral soft studio light, controlled highlights, authentic material colours. Absolutely no yellow, sepia, orange, or teal grading.
Top Left: Portage-Team Organization. Compose an unmistakable cluster from historically appropriate weights, containers, route objects, coins or weighed media, cordage, and cargo seals. Historical brief: Coordinated carriers moved boats and cargo around rapids, shallows, divides, and broken roads.
Top Right: Public Measure Stones. Compose an unmistakable cluster from historically appropriate seals, tally sticks, document tablets, weights, and council tokens. Historical brief: Recognized reference weights or volumes reduced disputes without imposing one universal ancient standard.
Bottom Left: Reserve Seed Stores. Compose an unmistakable cluster from historically appropriate household, ritual, charitable, assembly, craft, and settlement objects. Historical brief: Protected seed stocks separated the next sowing from ordinary consumption and emergency redistribution.
Bottom Right: Scout-Interpreter Networks. Compose an unmistakable cluster from historically appropriate period weapons, armour fittings, remount gear, route markers, and ration vessels. Historical brief: Guides able to cross linguistic and political frontiers improved warning, negotiation, and route selection.
Constraints: exactly four different icons; material culture appropriate to AD 1-476; visually distinguish all four by silhouette and materials; no repeated central object; no text, letters, numerals, maps, heraldry, portraits, people, modern objects, medieval plate armour, firearms, borders, badges, readable inscriptions, or watermark.
Avoid: generic fantasy props, cheap yellow filter, muddy monochrome, crowded miniature scenes, full buildings, square picture backgrounds, drop shadows on the green, vignette, quadrant dividers, or any object crossing a quadrant boundary."
sheet_005.png,bottom_left,antq_shared_reserve_seed_stores,High Empires,society,Reserve Seed Stores,Protected seed stocks separated the next sowing from ordinary consumption and emergency redistribution.,P15;CAH-XI;P20,assets_queue/references/vanilla_advance_style_reference.png,"Use case: stylized-concept
Asset type: exactly four separate Europa Universalis V advance-icon cutouts
Primary request: Create four distinct archaeological still-life icon compositions in a clean 2x2 grid.
Input image: the supplied image is an exact installed EU5 advance-icon reference. Match its crisp isolated-object rendering, realistic material detail, restrained natural color, edge treatment, transparent-cutout composition, and premium finish exactly.
Scene/backdrop: perfectly flat solid #00ff00 chroma-key field in all four cells; no dividers, frames, texture, gradients, floor plane, or lighting variation in the green.
Composition/framing: one centered and generously padded object cluster per quadrant. Keep all objects wholly inside their own quadrant with large clear gaps at the centre lines.
Lighting/mood: neutral soft studio light, controlled highlights, authentic material colours. Absolutely no yellow, sepia, orange, or teal grading.
Top Left: Portage-Team Organization. Compose an unmistakable cluster from historically appropriate weights, containers, route objects, coins or weighed media, cordage, and cargo seals. Historical brief: Coordinated carriers moved boats and cargo around rapids, shallows, divides, and broken roads.
Top Right: Public Measure Stones. Compose an unmistakable cluster from historically appropriate seals, tally sticks, document tablets, weights, and council tokens. Historical brief: Recognized reference weights or volumes reduced disputes without imposing one universal ancient standard.
Bottom Left: Reserve Seed Stores. Compose an unmistakable cluster from historically appropriate household, ritual, charitable, assembly, craft, and settlement objects. Historical brief: Protected seed stocks separated the next sowing from ordinary consumption and emergency redistribution.
Bottom Right: Scout-Interpreter Networks. Compose an unmistakable cluster from historically appropriate period weapons, armour fittings, remount gear, route markers, and ration vessels. Historical brief: Guides able to cross linguistic and political frontiers improved warning, negotiation, and route selection.
Constraints: exactly four different icons; material culture appropriate to AD 1-476; visually distinguish all four by silhouette and materials; no repeated central object; no text, letters, numerals, maps, heraldry, portraits, people, modern objects, medieval plate armour, firearms, borders, badges, readable inscriptions, or watermark.
Avoid: generic fantasy props, cheap yellow filter, muddy monochrome, crowded miniature scenes, full buildings, square picture backgrounds, drop shadows on the green, vignette, quadrant dividers, or any object crossing a quadrant boundary."
sheet_005.png,bottom_right,antq_shared_scout_interpreter_networks,High Empires,warfare,Scout-Interpreter Networks,"Guides able to cross linguistic and political frontiers improved warning, negotiation, and route selection.",P15;CAH-XI;P20,assets_queue/references/vanilla_advance_style_reference.png,"Use case: stylized-concept
Asset type: exactly four separate Europa Universalis V advance-icon cutouts
Primary request: Create four distinct archaeological still-life icon compositions in a clean 2x2 grid.
Input image: the supplied image is an exact installed EU5 advance-icon reference. Match its crisp isolated-object rendering, realistic material detail, restrained natural color, edge treatment, transparent-cutout composition, and premium finish exactly.
Scene/backdrop: perfectly flat solid #00ff00 chroma-key field in all four cells; no dividers, frames, texture, gradients, floor plane, or lighting variation in the green.
Composition/framing: one centered and generously padded object cluster per quadrant. Keep all objects wholly inside their own quadrant with large clear gaps at the centre lines.
Lighting/mood: neutral soft studio light, controlled highlights, authentic material colours. Absolutely no yellow, sepia, orange, or teal grading.
Top Left: Portage-Team Organization. Compose an unmistakable cluster from historically appropriate weights, containers, route objects, coins or weighed media, cordage, and cargo seals. Historical brief: Coordinated carriers moved boats and cargo around rapids, shallows, divides, and broken roads.
Top Right: Public Measure Stones. Compose an unmistakable cluster from historically appropriate seals, tally sticks, document tablets, weights, and council tokens. Historical brief: Recognized reference weights or volumes reduced disputes without imposing one universal ancient standard.
Bottom Left: Reserve Seed Stores. Compose an unmistakable cluster from historically appropriate household, ritual, charitable, assembly, craft, and settlement objects. Historical brief: Protected seed stocks separated the next sowing from ordinary consumption and emergency redistribution.
Bottom Right: Scout-Interpreter Networks. Compose an unmistakable cluster from historically appropriate period weapons, armour fittings, remount gear, route markers, and ration vessels. Historical brief: Guides able to cross linguistic and political frontiers improved warning, negotiation, and route selection.
Constraints: exactly four different icons; material culture appropriate to AD 1-476; visually distinguish all four by silhouette and materials; no repeated central object; no text, letters, numerals, maps, heraldry, portraits, people, modern objects, medieval plate armour, firearms, borders, badges, readable inscriptions, or watermark.
Avoid: generic fantasy props, cheap yellow filter, muddy monochrome, crowded miniature scenes, full buildings, square picture backgrounds, drop shadows on the green, vignette, quadrant dividers, or any object crossing a quadrant boundary."
sheet_006.png,top_left,antq_shared_fortified_store_compounds,High Empires,warfare,Fortified Store Compounds,"Defended enclosures protected food, tools, and transport gear needed during concentrated campaigning.",P15;CAH-XI;P20,assets_queue/references/vanilla_advance_style_reference.png,"Use case: stylized-concept
Asset type: exactly four separate Europa Universalis V advance-icon cutouts
Primary request: Create four distinct archaeological still-life icon compositions in a clean 2x2 grid.
Input image: the supplied image is an exact installed EU5 advance-icon reference. Match its crisp isolated-object rendering, realistic material detail, restrained natural color, edge treatment, transparent-cutout composition, and premium finish exactly.
Scene/backdrop: perfectly flat solid #00ff00 chroma-key field in all four cells; no dividers, frames, texture, gradients, floor plane, or lighting variation in the green.
Composition/framing: one centered and generously padded object cluster per quadrant. Keep all objects wholly inside their own quadrant with large clear gaps at the centre lines.
Lighting/mood: neutral soft studio light, controlled highlights, authentic material colours. Absolutely no yellow, sepia, orange, or teal grading.
Top Left: Fortified Store Compounds. Compose an unmistakable cluster from historically appropriate period weapons, armour fittings, remount gear, route markers, and ration vessels. Historical brief: Defended enclosures protected food, tools, and transport gear needed during concentrated campaigning.
Top Right: Regional Arbitration Meetings. Compose an unmistakable cluster from historically appropriate seals, tally sticks, document tablets, weights, and council tokens. Historical brief: Periodic gatherings let recognized mediators settle disputes that crossed household or settlement boundaries.
Bottom Left: Specialist Tool Markets. Compose an unmistakable cluster from historically appropriate weights, containers, route objects, coins or weighed media, cordage, and cargo seals. Historical brief: Regular exchange connected metalworkers, woodworkers, farmers, fishers, and carriers to repairable equipment.
Bottom Right: Observational Weather Lore. Compose an unmistakable cluster from historically appropriate writing materials where attested, teaching objects, instruments, models, and catalogued specimens. Historical brief: Long observation of winds, clouds, animals, and water levels improved seasonal planning.
Constraints: exactly four different icons; material culture appropriate to AD 1-476; visually distinguish all four by silhouette and materials; no repeated central object; no text, letters, numerals, maps, heraldry, portraits, people, modern objects, medieval plate armour, firearms, borders, badges, readable inscriptions, or watermark.
Avoid: generic fantasy props, cheap yellow filter, muddy monochrome, crowded miniature scenes, full buildings, square picture backgrounds, drop shadows on the green, vignette, quadrant dividers, or any object crossing a quadrant boundary."
sheet_006.png,top_right,antq_shared_regional_arbitration_meetings,High Empires,statecraft,Regional Arbitration Meetings,Periodic gatherings let recognized mediators settle disputes that crossed household or settlement boundaries.,P15;CAH-XI;P20,assets_queue/references/vanilla_advance_style_reference.png,"Use case: stylized-concept
Asset type: exactly four separate Europa Universalis V advance-icon cutouts
Primary request: Create four distinct archaeological still-life icon compositions in a clean 2x2 grid.
Input image: the supplied image is an exact installed EU5 advance-icon reference. Match its crisp isolated-object rendering, realistic material detail, restrained natural color, edge treatment, transparent-cutout composition, and premium finish exactly.
Scene/backdrop: perfectly flat solid #00ff00 chroma-key field in all four cells; no dividers, frames, texture, gradients, floor plane, or lighting variation in the green.
Composition/framing: one centered and generously padded object cluster per quadrant. Keep all objects wholly inside their own quadrant with large clear gaps at the centre lines.
Lighting/mood: neutral soft studio light, controlled highlights, authentic material colours. Absolutely no yellow, sepia, orange, or teal grading.
Top Left: Fortified Store Compounds. Compose an unmistakable cluster from historically appropriate period weapons, armour fittings, remount gear, route markers, and ration vessels. Historical brief: Defended enclosures protected food, tools, and transport gear needed during concentrated campaigning.
Top Right: Regional Arbitration Meetings. Compose an unmistakable cluster from historically appropriate seals, tally sticks, document tablets, weights, and council tokens. Historical brief: Periodic gatherings let recognized mediators settle disputes that crossed household or settlement boundaries.
Bottom Left: Specialist Tool Markets. Compose an unmistakable cluster from historically appropriate weights, containers, route objects, coins or weighed media, cordage, and cargo seals. Historical brief: Regular exchange connected metalworkers, woodworkers, farmers, fishers, and carriers to repairable equipment.
Bottom Right: Observational Weather Lore. Compose an unmistakable cluster from historically appropriate writing materials where attested, teaching objects, instruments, models, and catalogued specimens. Historical brief: Long observation of winds, clouds, animals, and water levels improved seasonal planning.
Constraints: exactly four different icons; material culture appropriate to AD 1-476; visually distinguish all four by silhouette and materials; no repeated central object; no text, letters, numerals, maps, heraldry, portraits, people, modern objects, medieval plate armour, firearms, borders, badges, readable inscriptions, or watermark.
Avoid: generic fantasy props, cheap yellow filter, muddy monochrome, crowded miniature scenes, full buildings, square picture backgrounds, drop shadows on the green, vignette, quadrant dividers, or any object crossing a quadrant boundary."
sheet_006.png,bottom_left,antq_shared_specialist_tool_markets,High Empires,exchange,Specialist Tool Markets,"Regular exchange connected metalworkers, woodworkers, farmers, fishers, and carriers to repairable equipment.",P15;CAH-XI;P20,assets_queue/references/vanilla_advance_style_reference.png,"Use case: stylized-concept
Asset type: exactly four separate Europa Universalis V advance-icon cutouts
Primary request: Create four distinct archaeological still-life icon compositions in a clean 2x2 grid.
Input image: the supplied image is an exact installed EU5 advance-icon reference. Match its crisp isolated-object rendering, realistic material detail, restrained natural color, edge treatment, transparent-cutout composition, and premium finish exactly.
Scene/backdrop: perfectly flat solid #00ff00 chroma-key field in all four cells; no dividers, frames, texture, gradients, floor plane, or lighting variation in the green.
Composition/framing: one centered and generously padded object cluster per quadrant. Keep all objects wholly inside their own quadrant with large clear gaps at the centre lines.
Lighting/mood: neutral soft studio light, controlled highlights, authentic material colours. Absolutely no yellow, sepia, orange, or teal grading.
Top Left: Fortified Store Compounds. Compose an unmistakable cluster from historically appropriate period weapons, armour fittings, remount gear, route markers, and ration vessels. Historical brief: Defended enclosures protected food, tools, and transport gear needed during concentrated campaigning.
Top Right: Regional Arbitration Meetings. Compose an unmistakable cluster from historically appropriate seals, tally sticks, document tablets, weights, and council tokens. Historical brief: Periodic gatherings let recognized mediators settle disputes that crossed household or settlement boundaries.
Bottom Left: Specialist Tool Markets. Compose an unmistakable cluster from historically appropriate weights, containers, route objects, coins or weighed media, cordage, and cargo seals. Historical brief: Regular exchange connected metalworkers, woodworkers, farmers, fishers, and carriers to repairable equipment.
Bottom Right: Observational Weather Lore. Compose an unmistakable cluster from historically appropriate writing materials where attested, teaching objects, instruments, models, and catalogued specimens. Historical brief: Long observation of winds, clouds, animals, and water levels improved seasonal planning.
Constraints: exactly four different icons; material culture appropriate to AD 1-476; visually distinguish all four by silhouette and materials; no repeated central object; no text, letters, numerals, maps, heraldry, portraits, people, modern objects, medieval plate armour, firearms, borders, badges, readable inscriptions, or watermark.
Avoid: generic fantasy props, cheap yellow filter, muddy monochrome, crowded miniature scenes, full buildings, square picture backgrounds, drop shadows on the green, vignette, quadrant dividers, or any object crossing a quadrant boundary."
sheet_006.png,bottom_right,antq_shared_observational_weather_lore,High Empires,learning,Observational Weather Lore,"Long observation of winds, clouds, animals, and water levels improved seasonal planning.",P15;CAH-XI;P20,assets_queue/references/vanilla_advance_style_reference.png,"Use case: stylized-concept
Asset type: exactly four separate Europa Universalis V advance-icon cutouts
Primary request: Create four distinct archaeological still-life icon compositions in a clean 2x2 grid.
Input image: the supplied image is an exact installed EU5 advance-icon reference. Match its crisp isolated-object rendering, realistic material detail, restrained natural color, edge treatment, transparent-cutout composition, and premium finish exactly.
Scene/backdrop: perfectly flat solid #00ff00 chroma-key field in all four cells; no dividers, frames, texture, gradients, floor plane, or lighting variation in the green.
Composition/framing: one centered and generously padded object cluster per quadrant. Keep all objects wholly inside their own quadrant with large clear gaps at the centre lines.
Lighting/mood: neutral soft studio light, controlled highlights, authentic material colours. Absolutely no yellow, sepia, orange, or teal grading.
Top Left: Fortified Store Compounds. Compose an unmistakable cluster from historically appropriate period weapons, armour fittings, remount gear, route markers, and ration vessels. Historical brief: Defended enclosures protected food, tools, and transport gear needed during concentrated campaigning.
Top Right: Regional Arbitration Meetings. Compose an unmistakable cluster from historically appropriate seals, tally sticks, document tablets, weights, and council tokens. Historical brief: Periodic gatherings let recognized mediators settle disputes that crossed household or settlement boundaries.
Bottom Left: Specialist Tool Markets. Compose an unmistakable cluster from historically appropriate weights, containers, route objects, coins or weighed media, cordage, and cargo seals. Historical brief: Regular exchange connected metalworkers, woodworkers, farmers, fishers, and carriers to repairable equipment.
Bottom Right: Observational Weather Lore. Compose an unmistakable cluster from historically appropriate writing materials where attested, teaching objects, instruments, models, and catalogued specimens. Historical brief: Long observation of winds, clouds, animals, and water levels improved seasonal planning.
Constraints: exactly four different icons; material culture appropriate to AD 1-476; visually distinguish all four by silhouette and materials; no repeated central object; no text, letters, numerals, maps, heraldry, portraits, people, modern objects, medieval plate armour, firearms, borders, badges, readable inscriptions, or watermark.
Avoid: generic fantasy props, cheap yellow filter, muddy monochrome, crowded miniature scenes, full buildings, square picture backgrounds, drop shadows on the green, vignette, quadrant dividers, or any object crossing a quadrant boundary."
sheet_007.png,top_left,antq_shared_quarry_work_crews,High Empires,society,Quarry Work Crews,"Specialized teams coordinated extraction, rough shaping, hauling, and safe access to useful stone.",P15;CAH-XI;P20,assets_queue/references/vanilla_advance_style_reference.png,"Use case: stylized-concept
Asset type: exactly four separate Europa Universalis V advance-icon cutouts
Primary request: Create four distinct archaeological still-life icon compositions in a clean 2x2 grid.
Input image: the supplied image is an exact installed EU5 advance-icon reference. Match its crisp isolated-object rendering, realistic material detail, restrained natural color, edge treatment, transparent-cutout composition, and premium finish exactly.
Scene/backdrop: perfectly flat solid #00ff00 chroma-key field in all four cells; no dividers, frames, texture, gradients, floor plane, or lighting variation in the green.
Composition/framing: one centered and generously padded object cluster per quadrant. Keep all objects wholly inside their own quadrant with large clear gaps at the centre lines.
Lighting/mood: neutral soft studio light, controlled highlights, authentic material colours. Absolutely no yellow, sepia, orange, or teal grading.
Top Left: Quarry Work Crews. Compose an unmistakable cluster from historically appropriate household, ritual, charitable, assembly, craft, and settlement objects. Historical brief: Specialized teams coordinated extraction, rough shaping, hauling, and safe access to useful stone.
Top Right: Boat Repair Yards. Compose an unmistakable cluster from historically appropriate weights, containers, route objects, coins or weighed media, cordage, and cargo seals. Historical brief: Concentrated timber, fibre, pitch, tools, and skilled labour shortened repairs at busy landings.
Bottom Left: Campaign Fodder Stores. Compose an unmistakable cluster from historically appropriate period weapons, armour fittings, remount gear, route markers, and ration vessels. Historical brief: Distributed feed and food reserves reduced the burden of sudden military concentration on nearby households.
Bottom Right: Itinerant Memory Specialists. Compose an unmistakable cluster from historically appropriate writing materials where attested, teaching objects, instruments, models, and catalogued specimens. Historical brief: Reciters, teachers, and ritual experts carried genealogies, agreements, calendars, and technical lore between communities.
Constraints: exactly four different icons; material culture appropriate to AD 1-476; visually distinguish all four by silhouette and materials; no repeated central object; no text, letters, numerals, maps, heraldry, portraits, people, modern objects, medieval plate armour, firearms, borders, badges, readable inscriptions, or watermark.
Avoid: generic fantasy props, cheap yellow filter, muddy monochrome, crowded miniature scenes, full buildings, square picture backgrounds, drop shadows on the green, vignette, quadrant dividers, or any object crossing a quadrant boundary."
sheet_007.png,top_right,antq_shared_boat_repair_yards,High Empires,exchange,Boat Repair Yards,"Concentrated timber, fibre, pitch, tools, and skilled labour shortened repairs at busy landings.",P15;CAH-XI;P20,assets_queue/references/vanilla_advance_style_reference.png,"Use case: stylized-concept
Asset type: exactly four separate Europa Universalis V advance-icon cutouts
Primary request: Create four distinct archaeological still-life icon compositions in a clean 2x2 grid.
Input image: the supplied image is an exact installed EU5 advance-icon reference. Match its crisp isolated-object rendering, realistic material detail, restrained natural color, edge treatment, transparent-cutout composition, and premium finish exactly.
Scene/backdrop: perfectly flat solid #00ff00 chroma-key field in all four cells; no dividers, frames, texture, gradients, floor plane, or lighting variation in the green.
Composition/framing: one centered and generously padded object cluster per quadrant. Keep all objects wholly inside their own quadrant with large clear gaps at the centre lines.
Lighting/mood: neutral soft studio light, controlled highlights, authentic material colours. Absolutely no yellow, sepia, orange, or teal grading.
Top Left: Quarry Work Crews. Compose an unmistakable cluster from historically appropriate household, ritual, charitable, assembly, craft, and settlement objects. Historical brief: Specialized teams coordinated extraction, rough shaping, hauling, and safe access to useful stone.
Top Right: Boat Repair Yards. Compose an unmistakable cluster from historically appropriate weights, containers, route objects, coins or weighed media, cordage, and cargo seals. Historical brief: Concentrated timber, fibre, pitch, tools, and skilled labour shortened repairs at busy landings.
Bottom Left: Campaign Fodder Stores. Compose an unmistakable cluster from historically appropriate period weapons, armour fittings, remount gear, route markers, and ration vessels. Historical brief: Distributed feed and food reserves reduced the burden of sudden military concentration on nearby households.
Bottom Right: Itinerant Memory Specialists. Compose an unmistakable cluster from historically appropriate writing materials where attested, teaching objects, instruments, models, and catalogued specimens. Historical brief: Reciters, teachers, and ritual experts carried genealogies, agreements, calendars, and technical lore between communities.
Constraints: exactly four different icons; material culture appropriate to AD 1-476; visually distinguish all four by silhouette and materials; no repeated central object; no text, letters, numerals, maps, heraldry, portraits, people, modern objects, medieval plate armour, firearms, borders, badges, readable inscriptions, or watermark.
Avoid: generic fantasy props, cheap yellow filter, muddy monochrome, crowded miniature scenes, full buildings, square picture backgrounds, drop shadows on the green, vignette, quadrant dividers, or any object crossing a quadrant boundary."
sheet_007.png,bottom_left,antq_shared_campaign_fodder_stores,High Empires,warfare,Campaign Fodder Stores,Distributed feed and food reserves reduced the burden of sudden military concentration on nearby households.,P15;CAH-XI;P20,assets_queue/references/vanilla_advance_style_reference.png,"Use case: stylized-concept
Asset type: exactly four separate Europa Universalis V advance-icon cutouts
Primary request: Create four distinct archaeological still-life icon compositions in a clean 2x2 grid.
Input image: the supplied image is an exact installed EU5 advance-icon reference. Match its crisp isolated-object rendering, realistic material detail, restrained natural color, edge treatment, transparent-cutout composition, and premium finish exactly.
Scene/backdrop: perfectly flat solid #00ff00 chroma-key field in all four cells; no dividers, frames, texture, gradients, floor plane, or lighting variation in the green.
Composition/framing: one centered and generously padded object cluster per quadrant. Keep all objects wholly inside their own quadrant with large clear gaps at the centre lines.
Lighting/mood: neutral soft studio light, controlled highlights, authentic material colours. Absolutely no yellow, sepia, orange, or teal grading.
Top Left: Quarry Work Crews. Compose an unmistakable cluster from historically appropriate household, ritual, charitable, assembly, craft, and settlement objects. Historical brief: Specialized teams coordinated extraction, rough shaping, hauling, and safe access to useful stone.
Top Right: Boat Repair Yards. Compose an unmistakable cluster from historically appropriate weights, containers, route objects, coins or weighed media, cordage, and cargo seals. Historical brief: Concentrated timber, fibre, pitch, tools, and skilled labour shortened repairs at busy landings.
Bottom Left: Campaign Fodder Stores. Compose an unmistakable cluster from historically appropriate period weapons, armour fittings, remount gear, route markers, and ration vessels. Historical brief: Distributed feed and food reserves reduced the burden of sudden military concentration on nearby households.
Bottom Right: Itinerant Memory Specialists. Compose an unmistakable cluster from historically appropriate writing materials where attested, teaching objects, instruments, models, and catalogued specimens. Historical brief: Reciters, teachers, and ritual experts carried genealogies, agreements, calendars, and technical lore between communities.
Constraints: exactly four different icons; material culture appropriate to AD 1-476; visually distinguish all four by silhouette and materials; no repeated central object; no text, letters, numerals, maps, heraldry, portraits, people, modern objects, medieval plate armour, firearms, borders, badges, readable inscriptions, or watermark.
Avoid: generic fantasy props, cheap yellow filter, muddy monochrome, crowded miniature scenes, full buildings, square picture backgrounds, drop shadows on the green, vignette, quadrant dividers, or any object crossing a quadrant boundary."
sheet_007.png,bottom_right,antq_shared_itinerant_memory_specialists,High Empires,learning,Itinerant Memory Specialists,"Reciters, teachers, and ritual experts carried genealogies, agreements, calendars, and technical lore between communities.",P15;CAH-XI;P20,assets_queue/references/vanilla_advance_style_reference.png,"Use case: stylized-concept
Asset type: exactly four separate Europa Universalis V advance-icon cutouts
Primary request: Create four distinct archaeological still-life icon compositions in a clean 2x2 grid.
Input image: the supplied image is an exact installed EU5 advance-icon reference. Match its crisp isolated-object rendering, realistic material detail, restrained natural color, edge treatment, transparent-cutout composition, and premium finish exactly.
Scene/backdrop: perfectly flat solid #00ff00 chroma-key field in all four cells; no dividers, frames, texture, gradients, floor plane, or lighting variation in the green.
Composition/framing: one centered and generously padded object cluster per quadrant. Keep all objects wholly inside their own quadrant with large clear gaps at the centre lines.
Lighting/mood: neutral soft studio light, controlled highlights, authentic material colours. Absolutely no yellow, sepia, orange, or teal grading.
Top Left: Quarry Work Crews. Compose an unmistakable cluster from historically appropriate household, ritual, charitable, assembly, craft, and settlement objects. Historical brief: Specialized teams coordinated extraction, rough shaping, hauling, and safe access to useful stone.
Top Right: Boat Repair Yards. Compose an unmistakable cluster from historically appropriate weights, containers, route objects, coins or weighed media, cordage, and cargo seals. Historical brief: Concentrated timber, fibre, pitch, tools, and skilled labour shortened repairs at busy landings.
Bottom Left: Campaign Fodder Stores. Compose an unmistakable cluster from historically appropriate period weapons, armour fittings, remount gear, route markers, and ration vessels. Historical brief: Distributed feed and food reserves reduced the burden of sudden military concentration on nearby households.
Bottom Right: Itinerant Memory Specialists. Compose an unmistakable cluster from historically appropriate writing materials where attested, teaching objects, instruments, models, and catalogued specimens. Historical brief: Reciters, teachers, and ritual experts carried genealogies, agreements, calendars, and technical lore between communities.
Constraints: exactly four different icons; material culture appropriate to AD 1-476; visually distinguish all four by silhouette and materials; no repeated central object; no text, letters, numerals, maps, heraldry, portraits, people, modern objects, medieval plate armour, firearms, borders, badges, readable inscriptions, or watermark.
Avoid: generic fantasy props, cheap yellow filter, muddy monochrome, crowded miniature scenes, full buildings, square picture backgrounds, drop shadows on the green, vignette, quadrant dividers, or any object crossing a quadrant boundary."
sheet_008.png,top_left,antq_shared_emergency_grain_reserves,Crisis,society,Emergency Grain Reserves,"Ring-fenced food stores supported communities through failed harvests, raids, displacement, and interrupted exchange.",P15;CAH-XII;P20,assets_queue/references/vanilla_advance_style_reference.png,"Use case: stylized-concept
Asset type: exactly four separate Europa Universalis V advance-icon cutouts
Primary request: Create four distinct archaeological still-life icon compositions in a clean 2x2 grid.
Input image: the supplied image is an exact installed EU5 advance-icon reference. Match its crisp isolated-object rendering, realistic material detail, restrained natural color, edge treatment, transparent-cutout composition, and premium finish exactly.
Scene/backdrop: perfectly flat solid #00ff00 chroma-key field in all four cells; no dividers, frames, texture, gradients, floor plane, or lighting variation in the green.
Composition/framing: one centered and generously padded object cluster per quadrant. Keep all objects wholly inside their own quadrant with large clear gaps at the centre lines.
Lighting/mood: neutral soft studio light, controlled highlights, authentic material colours. Absolutely no yellow, sepia, orange, or teal grading.
Top Left: Emergency Grain Reserves. Compose an unmistakable cluster from historically appropriate household, ritual, charitable, assembly, craft, and settlement objects. Historical brief: Ring-fenced food stores supported communities through failed harvests, raids, displacement, and interrupted exchange.
Top Right: Refuge-Route Markers. Compose an unmistakable cluster from historically appropriate period weapons, armour fittings, remount gear, route markers, and ration vessels. Historical brief: Known paths, water points, and concealed crossings guided non-combatants toward defensible refuges.
Bottom Left: Salvage-Metal Workshops. Compose an unmistakable cluster from historically appropriate weights, containers, route objects, coins or weighed media, cordage, and cargo seals. Historical brief: Damaged tools, fittings, and weapons were sorted, reforged, and returned to use when fresh metal was scarce.
Bottom Right: Contingency Councils. Compose an unmistakable cluster from historically appropriate seals, tally sticks, document tablets, weights, and council tokens. Historical brief: Emergency gatherings assigned watches, stores, routes, and temporary authority during acute disruption.
Constraints: exactly four different icons; material culture appropriate to AD 1-476; visually distinguish all four by silhouette and materials; no repeated central object; no text, letters, numerals, maps, heraldry, portraits, people, modern objects, medieval plate armour, firearms, borders, badges, readable inscriptions, or watermark.
Avoid: generic fantasy props, cheap yellow filter, muddy monochrome, crowded miniature scenes, full buildings, square picture backgrounds, drop shadows on the green, vignette, quadrant dividers, or any object crossing a quadrant boundary."
sheet_008.png,top_right,antq_shared_refuge_route_markers,Crisis,warfare,Refuge-Route Markers,"Known paths, water points, and concealed crossings guided non-combatants toward defensible refuges.",P15;CAH-XII;P20,assets_queue/references/vanilla_advance_style_reference.png,"Use case: stylized-concept
Asset type: exactly four separate Europa Universalis V advance-icon cutouts
Primary request: Create four distinct archaeological still-life icon compositions in a clean 2x2 grid.
Input image: the supplied image is an exact installed EU5 advance-icon reference. Match its crisp isolated-object rendering, realistic material detail, restrained natural color, edge treatment, transparent-cutout composition, and premium finish exactly.
Scene/backdrop: perfectly flat solid #00ff00 chroma-key field in all four cells; no dividers, frames, texture, gradients, floor plane, or lighting variation in the green.
Composition/framing: one centered and generously padded object cluster per quadrant. Keep all objects wholly inside their own quadrant with large clear gaps at the centre lines.
Lighting/mood: neutral soft studio light, controlled highlights, authentic material colours. Absolutely no yellow, sepia, orange, or teal grading.
Top Left: Emergency Grain Reserves. Compose an unmistakable cluster from historically appropriate household, ritual, charitable, assembly, craft, and settlement objects. Historical brief: Ring-fenced food stores supported communities through failed harvests, raids, displacement, and interrupted exchange.
Top Right: Refuge-Route Markers. Compose an unmistakable cluster from historically appropriate period weapons, armour fittings, remount gear, route markers, and ration vessels. Historical brief: Known paths, water points, and concealed crossings guided non-combatants toward defensible refuges.
Bottom Left: Salvage-Metal Workshops. Compose an unmistakable cluster from historically appropriate weights, containers, route objects, coins or weighed media, cordage, and cargo seals. Historical brief: Damaged tools, fittings, and weapons were sorted, reforged, and returned to use when fresh metal was scarce.
Bottom Right: Contingency Councils. Compose an unmistakable cluster from historically appropriate seals, tally sticks, document tablets, weights, and council tokens. Historical brief: Emergency gatherings assigned watches, stores, routes, and temporary authority during acute disruption.
Constraints: exactly four different icons; material culture appropriate to AD 1-476; visually distinguish all four by silhouette and materials; no repeated central object; no text, letters, numerals, maps, heraldry, portraits, people, modern objects, medieval plate armour, firearms, borders, badges, readable inscriptions, or watermark.
Avoid: generic fantasy props, cheap yellow filter, muddy monochrome, crowded miniature scenes, full buildings, square picture backgrounds, drop shadows on the green, vignette, quadrant dividers, or any object crossing a quadrant boundary."
sheet_008.png,bottom_left,antq_shared_salvage_metal_workshops,Crisis,exchange,Salvage-Metal Workshops,"Damaged tools, fittings, and weapons were sorted, reforged, and returned to use when fresh metal was scarce.",P15;CAH-XII;P20,assets_queue/references/vanilla_advance_style_reference.png,"Use case: stylized-concept
Asset type: exactly four separate Europa Universalis V advance-icon cutouts
Primary request: Create four distinct archaeological still-life icon compositions in a clean 2x2 grid.
Input image: the supplied image is an exact installed EU5 advance-icon reference. Match its crisp isolated-object rendering, realistic material detail, restrained natural color, edge treatment, transparent-cutout composition, and premium finish exactly.
Scene/backdrop: perfectly flat solid #00ff00 chroma-key field in all four cells; no dividers, frames, texture, gradients, floor plane, or lighting variation in the green.
Composition/framing: one centered and generously padded object cluster per quadrant. Keep all objects wholly inside their own quadrant with large clear gaps at the centre lines.
Lighting/mood: neutral soft studio light, controlled highlights, authentic material colours. Absolutely no yellow, sepia, orange, or teal grading.
Top Left: Emergency Grain Reserves. Compose an unmistakable cluster from historically appropriate household, ritual, charitable, assembly, craft, and settlement objects. Historical brief: Ring-fenced food stores supported communities through failed harvests, raids, displacement, and interrupted exchange.
Top Right: Refuge-Route Markers. Compose an unmistakable cluster from historically appropriate period weapons, armour fittings, remount gear, route markers, and ration vessels. Historical brief: Known paths, water points, and concealed crossings guided non-combatants toward defensible refuges.
Bottom Left: Salvage-Metal Workshops. Compose an unmistakable cluster from historically appropriate weights, containers, route objects, coins or weighed media, cordage, and cargo seals. Historical brief: Damaged tools, fittings, and weapons were sorted, reforged, and returned to use when fresh metal was scarce.
Bottom Right: Contingency Councils. Compose an unmistakable cluster from historically appropriate seals, tally sticks, document tablets, weights, and council tokens. Historical brief: Emergency gatherings assigned watches, stores, routes, and temporary authority during acute disruption.
Constraints: exactly four different icons; material culture appropriate to AD 1-476; visually distinguish all four by silhouette and materials; no repeated central object; no text, letters, numerals, maps, heraldry, portraits, people, modern objects, medieval plate armour, firearms, borders, badges, readable inscriptions, or watermark.
Avoid: generic fantasy props, cheap yellow filter, muddy monochrome, crowded miniature scenes, full buildings, square picture backgrounds, drop shadows on the green, vignette, quadrant dividers, or any object crossing a quadrant boundary."
sheet_008.png,bottom_right,antq_shared_contingency_councils,Crisis,statecraft,Contingency Councils,"Emergency gatherings assigned watches, stores, routes, and temporary authority during acute disruption.",P15;CAH-XII;P20,assets_queue/references/vanilla_advance_style_reference.png,"Use case: stylized-concept
Asset type: exactly four separate Europa Universalis V advance-icon cutouts
Primary request: Create four distinct archaeological still-life icon compositions in a clean 2x2 grid.
Input image: the supplied image is an exact installed EU5 advance-icon reference. Match its crisp isolated-object rendering, realistic material detail, restrained natural color, edge treatment, transparent-cutout composition, and premium finish exactly.
Scene/backdrop: perfectly flat solid #00ff00 chroma-key field in all four cells; no dividers, frames, texture, gradients, floor plane, or lighting variation in the green.
Composition/framing: one centered and generously padded object cluster per quadrant. Keep all objects wholly inside their own quadrant with large clear gaps at the centre lines.
Lighting/mood: neutral soft studio light, controlled highlights, authentic material colours. Absolutely no yellow, sepia, orange, or teal grading.
Top Left: Emergency Grain Reserves. Compose an unmistakable cluster from historically appropriate household, ritual, charitable, assembly, craft, and settlement objects. Historical brief: Ring-fenced food stores supported communities through failed harvests, raids, displacement, and interrupted exchange.
Top Right: Refuge-Route Markers. Compose an unmistakable cluster from historically appropriate period weapons, armour fittings, remount gear, route markers, and ration vessels. Historical brief: Known paths, water points, and concealed crossings guided non-combatants toward defensible refuges.
Bottom Left: Salvage-Metal Workshops. Compose an unmistakable cluster from historically appropriate weights, containers, route objects, coins or weighed media, cordage, and cargo seals. Historical brief: Damaged tools, fittings, and weapons were sorted, reforged, and returned to use when fresh metal was scarce.
Bottom Right: Contingency Councils. Compose an unmistakable cluster from historically appropriate seals, tally sticks, document tablets, weights, and council tokens. Historical brief: Emergency gatherings assigned watches, stores, routes, and temporary authority during acute disruption.
Constraints: exactly four different icons; material culture appropriate to AD 1-476; visually distinguish all four by silhouette and materials; no repeated central object; no text, letters, numerals, maps, heraldry, portraits, people, modern objects, medieval plate armour, firearms, borders, badges, readable inscriptions, or watermark.
Avoid: generic fantasy props, cheap yellow filter, muddy monochrome, crowded miniature scenes, full buildings, square picture backgrounds, drop shadows on the green, vignette, quadrant dividers, or any object crossing a quadrant boundary."
sheet_009.png,top_left,antq_shared_mobile_field_stores,Crisis,warfare,Mobile Field Stores,"Portable rations, repair materials, and containers followed campaigning groups beyond permanent depots.",P15;CAH-XII;P20,assets_queue/references/vanilla_advance_style_reference.png,"Use case: stylized-concept
Asset type: exactly four separate Europa Universalis V advance-icon cutouts
Primary request: Create four distinct archaeological still-life icon compositions in a clean 2x2 grid.
Input image: the supplied image is an exact installed EU5 advance-icon reference. Match its crisp isolated-object rendering, realistic material detail, restrained natural color, edge treatment, transparent-cutout composition, and premium finish exactly.
Scene/backdrop: perfectly flat solid #00ff00 chroma-key field in all four cells; no dividers, frames, texture, gradients, floor plane, or lighting variation in the green.
Composition/framing: one centered and generously padded object cluster per quadrant. Keep all objects wholly inside their own quadrant with large clear gaps at the centre lines.
Lighting/mood: neutral soft studio light, controlled highlights, authentic material colours. Absolutely no yellow, sepia, orange, or teal grading.
Top Left: Mobile Field Stores. Compose an unmistakable cluster from historically appropriate period weapons, armour fittings, remount gear, route markers, and ration vessels. Historical brief: Portable rations, repair materials, and containers followed campaigning groups beyond permanent depots.
Top Right: Guarded Market Enclosures. Compose an unmistakable cluster from historically appropriate weights, containers, route objects, coins or weighed media, cordage, and cargo seals. Historical brief: Defined trading grounds and neutral guardians allowed exchange to continue amid local insecurity.
Bottom Left: Epidemic Burial Protocols. Compose an unmistakable cluster from historically appropriate household, ritual, charitable, assembly, craft, and settlement objects. Historical brief: Communities organized additional burial labour and safer handling when ordinary funerary routines were overwhelmed.
Bottom Right: Water-Ration Customs. Compose an unmistakable cluster from historically appropriate household, ritual, charitable, assembly, craft, and settlement objects. Historical brief: Negotiated turns and witnessed shares reduced conflict when wells, cisterns, or channels ran low.
Constraints: exactly four different icons; material culture appropriate to AD 1-476; visually distinguish all four by silhouette and materials; no repeated central object; no text, letters, numerals, maps, heraldry, portraits, people, modern objects, medieval plate armour, firearms, borders, badges, readable inscriptions, or watermark.
Avoid: generic fantasy props, cheap yellow filter, muddy monochrome, crowded miniature scenes, full buildings, square picture backgrounds, drop shadows on the green, vignette, quadrant dividers, or any object crossing a quadrant boundary."
sheet_009.png,top_right,antq_shared_guarded_market_enclosures,Crisis,exchange,Guarded Market Enclosures,Defined trading grounds and neutral guardians allowed exchange to continue amid local insecurity.,P15;CAH-XII;P20,assets_queue/references/vanilla_advance_style_reference.png,"Use case: stylized-concept
Asset type: exactly four separate Europa Universalis V advance-icon cutouts
Primary request: Create four distinct archaeological still-life icon compositions in a clean 2x2 grid.
Input image: the supplied image is an exact installed EU5 advance-icon reference. Match its crisp isolated-object rendering, realistic material detail, restrained natural color, edge treatment, transparent-cutout composition, and premium finish exactly.
Scene/backdrop: perfectly flat solid #00ff00 chroma-key field in all four cells; no dividers, frames, texture, gradients, floor plane, or lighting variation in the green.
Composition/framing: one centered and generously padded object cluster per quadrant. Keep all objects wholly inside their own quadrant with large clear gaps at the centre lines.
Lighting/mood: neutral soft studio light, controlled highlights, authentic material colours. Absolutely no yellow, sepia, orange, or teal grading.
Top Left: Mobile Field Stores. Compose an unmistakable cluster from historically appropriate period weapons, armour fittings, remount gear, route markers, and ration vessels. Historical brief: Portable rations, repair materials, and containers followed campaigning groups beyond permanent depots.
Top Right: Guarded Market Enclosures. Compose an unmistakable cluster from historically appropriate weights, containers, route objects, coins or weighed media, cordage, and cargo seals. Historical brief: Defined trading grounds and neutral guardians allowed exchange to continue amid local insecurity.
Bottom Left: Epidemic Burial Protocols. Compose an unmistakable cluster from historically appropriate household, ritual, charitable, assembly, craft, and settlement objects. Historical brief: Communities organized additional burial labour and safer handling when ordinary funerary routines were overwhelmed.
Bottom Right: Water-Ration Customs. Compose an unmistakable cluster from historically appropriate household, ritual, charitable, assembly, craft, and settlement objects. Historical brief: Negotiated turns and witnessed shares reduced conflict when wells, cisterns, or channels ran low.
Constraints: exactly four different icons; material culture appropriate to AD 1-476; visually distinguish all four by silhouette and materials; no repeated central object; no text, letters, numerals, maps, heraldry, portraits, people, modern objects, medieval plate armour, firearms, borders, badges, readable inscriptions, or watermark.
Avoid: generic fantasy props, cheap yellow filter, muddy monochrome, crowded miniature scenes, full buildings, square picture backgrounds, drop shadows on the green, vignette, quadrant dividers, or any object crossing a quadrant boundary."
sheet_009.png,bottom_left,antq_shared_epidemic_burial_protocols,Crisis,society,Epidemic Burial Protocols,Communities organized additional burial labour and safer handling when ordinary funerary routines were overwhelmed.,P15;CAH-XII;P20,assets_queue/references/vanilla_advance_style_reference.png,"Use case: stylized-concept
Asset type: exactly four separate Europa Universalis V advance-icon cutouts
Primary request: Create four distinct archaeological still-life icon compositions in a clean 2x2 grid.
Input image: the supplied image is an exact installed EU5 advance-icon reference. Match its crisp isolated-object rendering, realistic material detail, restrained natural color, edge treatment, transparent-cutout composition, and premium finish exactly.
Scene/backdrop: perfectly flat solid #00ff00 chroma-key field in all four cells; no dividers, frames, texture, gradients, floor plane, or lighting variation in the green.
Composition/framing: one centered and generously padded object cluster per quadrant. Keep all objects wholly inside their own quadrant with large clear gaps at the centre lines.
Lighting/mood: neutral soft studio light, controlled highlights, authentic material colours. Absolutely no yellow, sepia, orange, or teal grading.
Top Left: Mobile Field Stores. Compose an unmistakable cluster from historically appropriate period weapons, armour fittings, remount gear, route markers, and ration vessels. Historical brief: Portable rations, repair materials, and containers followed campaigning groups beyond permanent depots.
Top Right: Guarded Market Enclosures. Compose an unmistakable cluster from historically appropriate weights, containers, route objects, coins or weighed media, cordage, and cargo seals. Historical brief: Defined trading grounds and neutral guardians allowed exchange to continue amid local insecurity.
Bottom Left: Epidemic Burial Protocols. Compose an unmistakable cluster from historically appropriate household, ritual, charitable, assembly, craft, and settlement objects. Historical brief: Communities organized additional burial labour and safer handling when ordinary funerary routines were overwhelmed.
Bottom Right: Water-Ration Customs. Compose an unmistakable cluster from historically appropriate household, ritual, charitable, assembly, craft, and settlement objects. Historical brief: Negotiated turns and witnessed shares reduced conflict when wells, cisterns, or channels ran low.
Constraints: exactly four different icons; material culture appropriate to AD 1-476; visually distinguish all four by silhouette and materials; no repeated central object; no text, letters, numerals, maps, heraldry, portraits, people, modern objects, medieval plate armour, firearms, borders, badges, readable inscriptions, or watermark.
Avoid: generic fantasy props, cheap yellow filter, muddy monochrome, crowded miniature scenes, full buildings, square picture backgrounds, drop shadows on the green, vignette, quadrant dividers, or any object crossing a quadrant boundary."
sheet_009.png,bottom_right,antq_shared_water_ration_customs,Crisis,society,Water-Ration Customs,"Negotiated turns and witnessed shares reduced conflict when wells, cisterns, or channels ran low.",P15;CAH-XII;P20,assets_queue/references/vanilla_advance_style_reference.png,"Use case: stylized-concept
Asset type: exactly four separate Europa Universalis V advance-icon cutouts
Primary request: Create four distinct archaeological still-life icon compositions in a clean 2x2 grid.
Input image: the supplied image is an exact installed EU5 advance-icon reference. Match its crisp isolated-object rendering, realistic material detail, restrained natural color, edge treatment, transparent-cutout composition, and premium finish exactly.
Scene/backdrop: perfectly flat solid #00ff00 chroma-key field in all four cells; no dividers, frames, texture, gradients, floor plane, or lighting variation in the green.
Composition/framing: one centered and generously padded object cluster per quadrant. Keep all objects wholly inside their own quadrant with large clear gaps at the centre lines.
Lighting/mood: neutral soft studio light, controlled highlights, authentic material colours. Absolutely no yellow, sepia, orange, or teal grading.
Top Left: Mobile Field Stores. Compose an unmistakable cluster from historically appropriate period weapons, armour fittings, remount gear, route markers, and ration vessels. Historical brief: Portable rations, repair materials, and containers followed campaigning groups beyond permanent depots.
Top Right: Guarded Market Enclosures. Compose an unmistakable cluster from historically appropriate weights, containers, route objects, coins or weighed media, cordage, and cargo seals. Historical brief: Defined trading grounds and neutral guardians allowed exchange to continue amid local insecurity.
Bottom Left: Epidemic Burial Protocols. Compose an unmistakable cluster from historically appropriate household, ritual, charitable, assembly, craft, and settlement objects. Historical brief: Communities organized additional burial labour and safer handling when ordinary funerary routines were overwhelmed.
Bottom Right: Water-Ration Customs. Compose an unmistakable cluster from historically appropriate household, ritual, charitable, assembly, craft, and settlement objects. Historical brief: Negotiated turns and witnessed shares reduced conflict when wells, cisterns, or channels ran low.
Constraints: exactly four different icons; material culture appropriate to AD 1-476; visually distinguish all four by silhouette and materials; no repeated central object; no text, letters, numerals, maps, heraldry, portraits, people, modern objects, medieval plate armour, firearms, borders, badges, readable inscriptions, or watermark.
Avoid: generic fantasy props, cheap yellow filter, muddy monochrome, crowded miniature scenes, full buildings, square picture backgrounds, drop shadows on the green, vignette, quadrant dividers, or any object crossing a quadrant boundary."
sheet_010.png,top_left,antq_shared_replacement_tool_stocks,Crisis,exchange,Replacement Tool Stocks,"Standard repair pieces and stored hand tools kept essential cultivation, transport, and construction moving.",P15;CAH-XII;P20,assets_queue/references/vanilla_advance_style_reference.png,"Use case: stylized-concept
Asset type: exactly four separate Europa Universalis V advance-icon cutouts
Primary request: Create four distinct archaeological still-life icon compositions in a clean 2x2 grid.
Input image: the supplied image is an exact installed EU5 advance-icon reference. Match its crisp isolated-object rendering, realistic material detail, restrained natural color, edge treatment, transparent-cutout composition, and premium finish exactly.
Scene/backdrop: perfectly flat solid #00ff00 chroma-key field in all four cells; no dividers, frames, texture, gradients, floor plane, or lighting variation in the green.
Composition/framing: one centered and generously padded object cluster per quadrant. Keep all objects wholly inside their own quadrant with large clear gaps at the centre lines.
Lighting/mood: neutral soft studio light, controlled highlights, authentic material colours. Absolutely no yellow, sepia, orange, or teal grading.
Top Left: Replacement Tool Stocks. Compose an unmistakable cluster from historically appropriate weights, containers, route objects, coins or weighed media, cordage, and cargo seals. Historical brief: Standard repair pieces and stored hand tools kept essential cultivation, transport, and construction moving.
Top Right: Local Warning Runners. Compose an unmistakable cluster from historically appropriate period weapons, armour fittings, remount gear, route markers, and ration vessels. Historical brief: Practised messengers linked outlying farms, watch points, refuges, and assembly grounds.
Bottom Left: Dispute-Truce Days. Compose an unmistakable cluster from historically appropriate seals, tally sticks, document tablets, weights, and council tokens. Historical brief: Recognized pauses in local feuds created safe occasions for arbitration, exchange, and shared repair work.
Bottom Right: Healer Exchange Circuits. Compose an unmistakable cluster from historically appropriate writing materials where attested, teaching objects, instruments, models, and catalogued specimens. Historical brief: Practitioners compared treatments and materia medica along pilgrimage, market, and kinship routes.
Constraints: exactly four different icons; material culture appropriate to AD 1-476; visually distinguish all four by silhouette and materials; no repeated central object; no text, letters, numerals, maps, heraldry, portraits, people, modern objects, medieval plate armour, firearms, borders, badges, readable inscriptions, or watermark.
Avoid: generic fantasy props, cheap yellow filter, muddy monochrome, crowded miniature scenes, full buildings, square picture backgrounds, drop shadows on the green, vignette, quadrant dividers, or any object crossing a quadrant boundary."
sheet_010.png,top_right,antq_shared_local_warning_runners,Crisis,warfare,Local Warning Runners,"Practised messengers linked outlying farms, watch points, refuges, and assembly grounds.",P15;CAH-XII;P20,assets_queue/references/vanilla_advance_style_reference.png,"Use case: stylized-concept
Asset type: exactly four separate Europa Universalis V advance-icon cutouts
Primary request: Create four distinct archaeological still-life icon compositions in a clean 2x2 grid.
Input image: the supplied image is an exact installed EU5 advance-icon reference. Match its crisp isolated-object rendering, realistic material detail, restrained natural color, edge treatment, transparent-cutout composition, and premium finish exactly.
Scene/backdrop: perfectly flat solid #00ff00 chroma-key field in all four cells; no dividers, frames, texture, gradients, floor plane, or lighting variation in the green.
Composition/framing: one centered and generously padded object cluster per quadrant. Keep all objects wholly inside their own quadrant with large clear gaps at the centre lines.
Lighting/mood: neutral soft studio light, controlled highlights, authentic material colours. Absolutely no yellow, sepia, orange, or teal grading.
Top Left: Replacement Tool Stocks. Compose an unmistakable cluster from historically appropriate weights, containers, route objects, coins or weighed media, cordage, and cargo seals. Historical brief: Standard repair pieces and stored hand tools kept essential cultivation, transport, and construction moving.
Top Right: Local Warning Runners. Compose an unmistakable cluster from historically appropriate period weapons, armour fittings, remount gear, route markers, and ration vessels. Historical brief: Practised messengers linked outlying farms, watch points, refuges, and assembly grounds.
Bottom Left: Dispute-Truce Days. Compose an unmistakable cluster from historically appropriate seals, tally sticks, document tablets, weights, and council tokens. Historical brief: Recognized pauses in local feuds created safe occasions for arbitration, exchange, and shared repair work.
Bottom Right: Healer Exchange Circuits. Compose an unmistakable cluster from historically appropriate writing materials where attested, teaching objects, instruments, models, and catalogued specimens. Historical brief: Practitioners compared treatments and materia medica along pilgrimage, market, and kinship routes.
Constraints: exactly four different icons; material culture appropriate to AD 1-476; visually distinguish all four by silhouette and materials; no repeated central object; no text, letters, numerals, maps, heraldry, portraits, people, modern objects, medieval plate armour, firearms, borders, badges, readable inscriptions, or watermark.
Avoid: generic fantasy props, cheap yellow filter, muddy monochrome, crowded miniature scenes, full buildings, square picture backgrounds, drop shadows on the green, vignette, quadrant dividers, or any object crossing a quadrant boundary."
sheet_010.png,bottom_left,antq_shared_dispute_truce_days,Crisis,statecraft,Dispute-Truce Days,"Recognized pauses in local feuds created safe occasions for arbitration, exchange, and shared repair work.",P15;CAH-XII;P20,assets_queue/references/vanilla_advance_style_reference.png,"Use case: stylized-concept
Asset type: exactly four separate Europa Universalis V advance-icon cutouts
Primary request: Create four distinct archaeological still-life icon compositions in a clean 2x2 grid.
Input image: the supplied image is an exact installed EU5 advance-icon reference. Match its crisp isolated-object rendering, realistic material detail, restrained natural color, edge treatment, transparent-cutout composition, and premium finish exactly.
Scene/backdrop: perfectly flat solid #00ff00 chroma-key field in all four cells; no dividers, frames, texture, gradients, floor plane, or lighting variation in the green.
Composition/framing: one centered and generously padded object cluster per quadrant. Keep all objects wholly inside their own quadrant with large clear gaps at the centre lines.
Lighting/mood: neutral soft studio light, controlled highlights, authentic material colours. Absolutely no yellow, sepia, orange, or teal grading.
Top Left: Replacement Tool Stocks. Compose an unmistakable cluster from historically appropriate weights, containers, route objects, coins or weighed media, cordage, and cargo seals. Historical brief: Standard repair pieces and stored hand tools kept essential cultivation, transport, and construction moving.
Top Right: Local Warning Runners. Compose an unmistakable cluster from historically appropriate period weapons, armour fittings, remount gear, route markers, and ration vessels. Historical brief: Practised messengers linked outlying farms, watch points, refuges, and assembly grounds.
Bottom Left: Dispute-Truce Days. Compose an unmistakable cluster from historically appropriate seals, tally sticks, document tablets, weights, and council tokens. Historical brief: Recognized pauses in local feuds created safe occasions for arbitration, exchange, and shared repair work.
Bottom Right: Healer Exchange Circuits. Compose an unmistakable cluster from historically appropriate writing materials where attested, teaching objects, instruments, models, and catalogued specimens. Historical brief: Practitioners compared treatments and materia medica along pilgrimage, market, and kinship routes.
Constraints: exactly four different icons; material culture appropriate to AD 1-476; visually distinguish all four by silhouette and materials; no repeated central object; no text, letters, numerals, maps, heraldry, portraits, people, modern objects, medieval plate armour, firearms, borders, badges, readable inscriptions, or watermark.
Avoid: generic fantasy props, cheap yellow filter, muddy monochrome, crowded miniature scenes, full buildings, square picture backgrounds, drop shadows on the green, vignette, quadrant dividers, or any object crossing a quadrant boundary."
sheet_010.png,bottom_right,antq_shared_healer_exchange_circuits,Crisis,learning,Healer Exchange Circuits,"Practitioners compared treatments and materia medica along pilgrimage, market, and kinship routes.",P15;CAH-XII;P20,assets_queue/references/vanilla_advance_style_reference.png,"Use case: stylized-concept
Asset type: exactly four separate Europa Universalis V advance-icon cutouts
Primary request: Create four distinct archaeological still-life icon compositions in a clean 2x2 grid.
Input image: the supplied image is an exact installed EU5 advance-icon reference. Match its crisp isolated-object rendering, realistic material detail, restrained natural color, edge treatment, transparent-cutout composition, and premium finish exactly.
Scene/backdrop: perfectly flat solid #00ff00 chroma-key field in all four cells; no dividers, frames, texture, gradients, floor plane, or lighting variation in the green.
Composition/framing: one centered and generously padded object cluster per quadrant. Keep all objects wholly inside their own quadrant with large clear gaps at the centre lines.
Lighting/mood: neutral soft studio light, controlled highlights, authentic material colours. Absolutely no yellow, sepia, orange, or teal grading.
Top Left: Replacement Tool Stocks. Compose an unmistakable cluster from historically appropriate weights, containers, route objects, coins or weighed media, cordage, and cargo seals. Historical brief: Standard repair pieces and stored hand tools kept essential cultivation, transport, and construction moving.
Top Right: Local Warning Runners. Compose an unmistakable cluster from historically appropriate period weapons, armour fittings, remount gear, route markers, and ration vessels. Historical brief: Practised messengers linked outlying farms, watch points, refuges, and assembly grounds.
Bottom Left: Dispute-Truce Days. Compose an unmistakable cluster from historically appropriate seals, tally sticks, document tablets, weights, and council tokens. Historical brief: Recognized pauses in local feuds created safe occasions for arbitration, exchange, and shared repair work.
Bottom Right: Healer Exchange Circuits. Compose an unmistakable cluster from historically appropriate writing materials where attested, teaching objects, instruments, models, and catalogued specimens. Historical brief: Practitioners compared treatments and materia medica along pilgrimage, market, and kinship routes.
Constraints: exactly four different icons; material culture appropriate to AD 1-476; visually distinguish all four by silhouette and materials; no repeated central object; no text, letters, numerals, maps, heraldry, portraits, people, modern objects, medieval plate armour, firearms, borders, badges, readable inscriptions, or watermark.
Avoid: generic fantasy props, cheap yellow filter, muddy monochrome, crowded miniature scenes, full buildings, square picture backgrounds, drop shadows on the green, vignette, quadrant dividers, or any object crossing a quadrant boundary."
sheet_011.png,top_left,antq_shared_temporary_river_ferries,Crisis,exchange,Temporary River Ferries,"Locally assembled boats, rafts, ropes, and crews restored movement where regular crossings failed.",P15;CAH-XII;P20,assets_queue/references/vanilla_advance_style_reference.png,"Use case: stylized-concept
Asset type: exactly four separate Europa Universalis V advance-icon cutouts
Primary request: Create four distinct archaeological still-life icon compositions in a clean 2x2 grid.
Input image: the supplied image is an exact installed EU5 advance-icon reference. Match its crisp isolated-object rendering, realistic material detail, restrained natural color, edge treatment, transparent-cutout composition, and premium finish exactly.
Scene/backdrop: perfectly flat solid #00ff00 chroma-key field in all four cells; no dividers, frames, texture, gradients, floor plane, or lighting variation in the green.
Composition/framing: one centered and generously padded object cluster per quadrant. Keep all objects wholly inside their own quadrant with large clear gaps at the centre lines.
Lighting/mood: neutral soft studio light, controlled highlights, authentic material colours. Absolutely no yellow, sepia, orange, or teal grading.
Top Left: Temporary River Ferries. Compose an unmistakable cluster from historically appropriate weights, containers, route objects, coins or weighed media, cordage, and cargo seals. Historical brief: Locally assembled boats, rafts, ropes, and crews restored movement where regular crossings failed.
Top Right: Surplus Seed Protection. Compose an unmistakable cluster from historically appropriate household, ritual, charitable, assembly, craft, and settlement objects. Historical brief: Separate custody kept planting seed from being consumed or seized during short-term emergencies.
Bottom Left: Frontier Hostage Mediation. Compose an unmistakable cluster from historically appropriate seals, tally sticks, document tablets, weights, and council tokens. Historical brief: Third-party custodians and customary guarantees reduced the risks of negotiated hostages and sureties.
Bottom Right: Fortress Repair Musters. Compose an unmistakable cluster from historically appropriate period weapons, armour fittings, remount gear, route markers, and ration vessels. Historical brief: Rapid labour levies restored gates, ditches, walls, and internal stores before renewed attack.
Constraints: exactly four different icons; material culture appropriate to AD 1-476; visually distinguish all four by silhouette and materials; no repeated central object; no text, letters, numerals, maps, heraldry, portraits, people, modern objects, medieval plate armour, firearms, borders, badges, readable inscriptions, or watermark.
Avoid: generic fantasy props, cheap yellow filter, muddy monochrome, crowded miniature scenes, full buildings, square picture backgrounds, drop shadows on the green, vignette, quadrant dividers, or any object crossing a quadrant boundary."
sheet_011.png,top_right,antq_shared_surplus_seed_protection,Crisis,society,Surplus Seed Protection,Separate custody kept planting seed from being consumed or seized during short-term emergencies.,P15;CAH-XII;P20,assets_queue/references/vanilla_advance_style_reference.png,"Use case: stylized-concept
Asset type: exactly four separate Europa Universalis V advance-icon cutouts
Primary request: Create four distinct archaeological still-life icon compositions in a clean 2x2 grid.
Input image: the supplied image is an exact installed EU5 advance-icon reference. Match its crisp isolated-object rendering, realistic material detail, restrained natural color, edge treatment, transparent-cutout composition, and premium finish exactly.
Scene/backdrop: perfectly flat solid #00ff00 chroma-key field in all four cells; no dividers, frames, texture, gradients, floor plane, or lighting variation in the green.
Composition/framing: one centered and generously padded object cluster per quadrant. Keep all objects wholly inside their own quadrant with large clear gaps at the centre lines.
Lighting/mood: neutral soft studio light, controlled highlights, authentic material colours. Absolutely no yellow, sepia, orange, or teal grading.
Top Left: Temporary River Ferries. Compose an unmistakable cluster from historically appropriate weights, containers, route objects, coins or weighed media, cordage, and cargo seals. Historical brief: Locally assembled boats, rafts, ropes, and crews restored movement where regular crossings failed.
Top Right: Surplus Seed Protection. Compose an unmistakable cluster from historically appropriate household, ritual, charitable, assembly, craft, and settlement objects. Historical brief: Separate custody kept planting seed from being consumed or seized during short-term emergencies.
Bottom Left: Frontier Hostage Mediation. Compose an unmistakable cluster from historically appropriate seals, tally sticks, document tablets, weights, and council tokens. Historical brief: Third-party custodians and customary guarantees reduced the risks of negotiated hostages and sureties.
Bottom Right: Fortress Repair Musters. Compose an unmistakable cluster from historically appropriate period weapons, armour fittings, remount gear, route markers, and ration vessels. Historical brief: Rapid labour levies restored gates, ditches, walls, and internal stores before renewed attack.
Constraints: exactly four different icons; material culture appropriate to AD 1-476; visually distinguish all four by silhouette and materials; no repeated central object; no text, letters, numerals, maps, heraldry, portraits, people, modern objects, medieval plate armour, firearms, borders, badges, readable inscriptions, or watermark.
Avoid: generic fantasy props, cheap yellow filter, muddy monochrome, crowded miniature scenes, full buildings, square picture backgrounds, drop shadows on the green, vignette, quadrant dividers, or any object crossing a quadrant boundary."
sheet_011.png,bottom_left,antq_shared_frontier_hostage_mediation,Crisis,statecraft,Frontier Hostage Mediation,Third-party custodians and customary guarantees reduced the risks of negotiated hostages and sureties.,P15;CAH-XII;P20,assets_queue/references/vanilla_advance_style_reference.png,"Use case: stylized-concept
Asset type: exactly four separate Europa Universalis V advance-icon cutouts
Primary request: Create four distinct archaeological still-life icon compositions in a clean 2x2 grid.
Input image: the supplied image is an exact installed EU5 advance-icon reference. Match its crisp isolated-object rendering, realistic material detail, restrained natural color, edge treatment, transparent-cutout composition, and premium finish exactly.
Scene/backdrop: perfectly flat solid #00ff00 chroma-key field in all four cells; no dividers, frames, texture, gradients, floor plane, or lighting variation in the green.
Composition/framing: one centered and generously padded object cluster per quadrant. Keep all objects wholly inside their own quadrant with large clear gaps at the centre lines.
Lighting/mood: neutral soft studio light, controlled highlights, authentic material colours. Absolutely no yellow, sepia, orange, or teal grading.
Top Left: Temporary River Ferries. Compose an unmistakable cluster from historically appropriate weights, containers, route objects, coins or weighed media, cordage, and cargo seals. Historical brief: Locally assembled boats, rafts, ropes, and crews restored movement where regular crossings failed.
Top Right: Surplus Seed Protection. Compose an unmistakable cluster from historically appropriate household, ritual, charitable, assembly, craft, and settlement objects. Historical brief: Separate custody kept planting seed from being consumed or seized during short-term emergencies.
Bottom Left: Frontier Hostage Mediation. Compose an unmistakable cluster from historically appropriate seals, tally sticks, document tablets, weights, and council tokens. Historical brief: Third-party custodians and customary guarantees reduced the risks of negotiated hostages and sureties.
Bottom Right: Fortress Repair Musters. Compose an unmistakable cluster from historically appropriate period weapons, armour fittings, remount gear, route markers, and ration vessels. Historical brief: Rapid labour levies restored gates, ditches, walls, and internal stores before renewed attack.
Constraints: exactly four different icons; material culture appropriate to AD 1-476; visually distinguish all four by silhouette and materials; no repeated central object; no text, letters, numerals, maps, heraldry, portraits, people, modern objects, medieval plate armour, firearms, borders, badges, readable inscriptions, or watermark.
Avoid: generic fantasy props, cheap yellow filter, muddy monochrome, crowded miniature scenes, full buildings, square picture backgrounds, drop shadows on the green, vignette, quadrant dividers, or any object crossing a quadrant boundary."
sheet_011.png,bottom_right,antq_shared_fortress_repair_musters,Crisis,warfare,Fortress Repair Musters,"Rapid labour levies restored gates, ditches, walls, and internal stores before renewed attack.",P15;CAH-XII;P20,assets_queue/references/vanilla_advance_style_reference.png,"Use case: stylized-concept
Asset type: exactly four separate Europa Universalis V advance-icon cutouts
Primary request: Create four distinct archaeological still-life icon compositions in a clean 2x2 grid.
Input image: the supplied image is an exact installed EU5 advance-icon reference. Match its crisp isolated-object rendering, realistic material detail, restrained natural color, edge treatment, transparent-cutout composition, and premium finish exactly.
Scene/backdrop: perfectly flat solid #00ff00 chroma-key field in all four cells; no dividers, frames, texture, gradients, floor plane, or lighting variation in the green.
Composition/framing: one centered and generously padded object cluster per quadrant. Keep all objects wholly inside their own quadrant with large clear gaps at the centre lines.
Lighting/mood: neutral soft studio light, controlled highlights, authentic material colours. Absolutely no yellow, sepia, orange, or teal grading.
Top Left: Temporary River Ferries. Compose an unmistakable cluster from historically appropriate weights, containers, route objects, coins or weighed media, cordage, and cargo seals. Historical brief: Locally assembled boats, rafts, ropes, and crews restored movement where regular crossings failed.
Top Right: Surplus Seed Protection. Compose an unmistakable cluster from historically appropriate household, ritual, charitable, assembly, craft, and settlement objects. Historical brief: Separate custody kept planting seed from being consumed or seized during short-term emergencies.
Bottom Left: Frontier Hostage Mediation. Compose an unmistakable cluster from historically appropriate seals, tally sticks, document tablets, weights, and council tokens. Historical brief: Third-party custodians and customary guarantees reduced the risks of negotiated hostages and sureties.
Bottom Right: Fortress Repair Musters. Compose an unmistakable cluster from historically appropriate period weapons, armour fittings, remount gear, route markers, and ration vessels. Historical brief: Rapid labour levies restored gates, ditches, walls, and internal stores before renewed attack.
Constraints: exactly four different icons; material culture appropriate to AD 1-476; visually distinguish all four by silhouette and materials; no repeated central object; no text, letters, numerals, maps, heraldry, portraits, people, modern objects, medieval plate armour, firearms, borders, badges, readable inscriptions, or watermark.
Avoid: generic fantasy props, cheap yellow filter, muddy monochrome, crowded miniature scenes, full buildings, square picture backgrounds, drop shadows on the green, vignette, quadrant dividers, or any object crossing a quadrant boundary."
sheet_012.png,top_left,antq_shared_oral_crisis_chronicles,Crisis,learning,Oral Crisis Chronicles,"Remembered sequences of famine, conflict, movement, and recovery preserved practical warnings for later generations.",P15;CAH-XII;P20,assets_queue/references/vanilla_advance_style_reference.png,"Use case: stylized-concept
Asset type: exactly four separate Europa Universalis V advance-icon cutouts
Primary request: Create four distinct archaeological still-life icon compositions in a clean 2x2 grid.
Input image: the supplied image is an exact installed EU5 advance-icon reference. Match its crisp isolated-object rendering, realistic material detail, restrained natural color, edge treatment, transparent-cutout composition, and premium finish exactly.
Scene/backdrop: perfectly flat solid #00ff00 chroma-key field in all four cells; no dividers, frames, texture, gradients, floor plane, or lighting variation in the green.
Composition/framing: one centered and generously padded object cluster per quadrant. Keep all objects wholly inside their own quadrant with large clear gaps at the centre lines.
Lighting/mood: neutral soft studio light, controlled highlights, authentic material colours. Absolutely no yellow, sepia, orange, or teal grading.
Top Left: Oral Crisis Chronicles. Compose an unmistakable cluster from historically appropriate writing materials where attested, teaching objects, instruments, models, and catalogued specimens. Historical brief: Remembered sequences of famine, conflict, movement, and recovery preserved practical warnings for later generations.
Top Right: Storehouse Oversight. Compose an unmistakable cluster from historically appropriate seals, tally sticks, document tablets, weights, and council tokens. Historical brief: Separated custody, witnessed issues, and periodic inspection made large collective stores harder to divert.
Bottom Left: Road and Portage Inspections. Compose an unmistakable cluster from historically appropriate weights, containers, route objects, coins or weighed media, cordage, and cargo seals. Historical brief: Routine inspection identified broken surfaces, unsafe landings, blocked passes, and exhausted staging places.
Bottom Right: River-Embankment Musters. Compose an unmistakable cluster from historically appropriate household, ritual, charitable, assembly, craft, and settlement objects. Historical brief: Coordinated labour repaired banks, spillways, and drainage before damaging seasonal water.
Constraints: exactly four different icons; material culture appropriate to AD 1-476; visually distinguish all four by silhouette and materials; no repeated central object; no text, letters, numerals, maps, heraldry, portraits, people, modern objects, medieval plate armour, firearms, borders, badges, readable inscriptions, or watermark.
Avoid: generic fantasy props, cheap yellow filter, muddy monochrome, crowded miniature scenes, full buildings, square picture backgrounds, drop shadows on the green, vignette, quadrant dividers, or any object crossing a quadrant boundary."
sheet_012.png,top_right,antq_shared_storehouse_oversight,Dominate,statecraft,Storehouse Oversight,"Separated custody, witnessed issues, and periodic inspection made large collective stores harder to divert.",P15;CAH-XII;P20,assets_queue/references/vanilla_advance_style_reference.png,"Use case: stylized-concept
Asset type: exactly four separate Europa Universalis V advance-icon cutouts
Primary request: Create four distinct archaeological still-life icon compositions in a clean 2x2 grid.
Input image: the supplied image is an exact installed EU5 advance-icon reference. Match its crisp isolated-object rendering, realistic material detail, restrained natural color, edge treatment, transparent-cutout composition, and premium finish exactly.
Scene/backdrop: perfectly flat solid #00ff00 chroma-key field in all four cells; no dividers, frames, texture, gradients, floor plane, or lighting variation in the green.
Composition/framing: one centered and generously padded object cluster per quadrant. Keep all objects wholly inside their own quadrant with large clear gaps at the centre lines.
Lighting/mood: neutral soft studio light, controlled highlights, authentic material colours. Absolutely no yellow, sepia, orange, or teal grading.
Top Left: Oral Crisis Chronicles. Compose an unmistakable cluster from historically appropriate writing materials where attested, teaching objects, instruments, models, and catalogued specimens. Historical brief: Remembered sequences of famine, conflict, movement, and recovery preserved practical warnings for later generations.
Top Right: Storehouse Oversight. Compose an unmistakable cluster from historically appropriate seals, tally sticks, document tablets, weights, and council tokens. Historical brief: Separated custody, witnessed issues, and periodic inspection made large collective stores harder to divert.
Bottom Left: Road and Portage Inspections. Compose an unmistakable cluster from historically appropriate weights, containers, route objects, coins or weighed media, cordage, and cargo seals. Historical brief: Routine inspection identified broken surfaces, unsafe landings, blocked passes, and exhausted staging places.
Bottom Right: River-Embankment Musters. Compose an unmistakable cluster from historically appropriate household, ritual, charitable, assembly, craft, and settlement objects. Historical brief: Coordinated labour repaired banks, spillways, and drainage before damaging seasonal water.
Constraints: exactly four different icons; material culture appropriate to AD 1-476; visually distinguish all four by silhouette and materials; no repeated central object; no text, letters, numerals, maps, heraldry, portraits, people, modern objects, medieval plate armour, firearms, borders, badges, readable inscriptions, or watermark.
Avoid: generic fantasy props, cheap yellow filter, muddy monochrome, crowded miniature scenes, full buildings, square picture backgrounds, drop shadows on the green, vignette, quadrant dividers, or any object crossing a quadrant boundary."
sheet_012.png,bottom_left,antq_shared_road_and_portage_inspections,Dominate,exchange,Road and Portage Inspections,"Routine inspection identified broken surfaces, unsafe landings, blocked passes, and exhausted staging places.",P15;CAH-XII;P20,assets_queue/references/vanilla_advance_style_reference.png,"Use case: stylized-concept
Asset type: exactly four separate Europa Universalis V advance-icon cutouts
Primary request: Create four distinct archaeological still-life icon compositions in a clean 2x2 grid.
Input image: the supplied image is an exact installed EU5 advance-icon reference. Match its crisp isolated-object rendering, realistic material detail, restrained natural color, edge treatment, transparent-cutout composition, and premium finish exactly.
Scene/backdrop: perfectly flat solid #00ff00 chroma-key field in all four cells; no dividers, frames, texture, gradients, floor plane, or lighting variation in the green.
Composition/framing: one centered and generously padded object cluster per quadrant. Keep all objects wholly inside their own quadrant with large clear gaps at the centre lines.
Lighting/mood: neutral soft studio light, controlled highlights, authentic material colours. Absolutely no yellow, sepia, orange, or teal grading.
Top Left: Oral Crisis Chronicles. Compose an unmistakable cluster from historically appropriate writing materials where attested, teaching objects, instruments, models, and catalogued specimens. Historical brief: Remembered sequences of famine, conflict, movement, and recovery preserved practical warnings for later generations.
Top Right: Storehouse Oversight. Compose an unmistakable cluster from historically appropriate seals, tally sticks, document tablets, weights, and council tokens. Historical brief: Separated custody, witnessed issues, and periodic inspection made large collective stores harder to divert.
Bottom Left: Road and Portage Inspections. Compose an unmistakable cluster from historically appropriate weights, containers, route objects, coins or weighed media, cordage, and cargo seals. Historical brief: Routine inspection identified broken surfaces, unsafe landings, blocked passes, and exhausted staging places.
Bottom Right: River-Embankment Musters. Compose an unmistakable cluster from historically appropriate household, ritual, charitable, assembly, craft, and settlement objects. Historical brief: Coordinated labour repaired banks, spillways, and drainage before damaging seasonal water.
Constraints: exactly four different icons; material culture appropriate to AD 1-476; visually distinguish all four by silhouette and materials; no repeated central object; no text, letters, numerals, maps, heraldry, portraits, people, modern objects, medieval plate armour, firearms, borders, badges, readable inscriptions, or watermark.
Avoid: generic fantasy props, cheap yellow filter, muddy monochrome, crowded miniature scenes, full buildings, square picture backgrounds, drop shadows on the green, vignette, quadrant dividers, or any object crossing a quadrant boundary."
sheet_012.png,bottom_right,antq_shared_river_embankment_musters,Dominate,society,River-Embankment Musters,"Coordinated labour repaired banks, spillways, and drainage before damaging seasonal water.",P15;CAH-XII;P20,assets_queue/references/vanilla_advance_style_reference.png,"Use case: stylized-concept
Asset type: exactly four separate Europa Universalis V advance-icon cutouts
Primary request: Create four distinct archaeological still-life icon compositions in a clean 2x2 grid.
Input image: the supplied image is an exact installed EU5 advance-icon reference. Match its crisp isolated-object rendering, realistic material detail, restrained natural color, edge treatment, transparent-cutout composition, and premium finish exactly.
Scene/backdrop: perfectly flat solid #00ff00 chroma-key field in all four cells; no dividers, frames, texture, gradients, floor plane, or lighting variation in the green.
Composition/framing: one centered and generously padded object cluster per quadrant. Keep all objects wholly inside their own quadrant with large clear gaps at the centre lines.
Lighting/mood: neutral soft studio light, controlled highlights, authentic material colours. Absolutely no yellow, sepia, orange, or teal grading.
Top Left: Oral Crisis Chronicles. Compose an unmistakable cluster from historically appropriate writing materials where attested, teaching objects, instruments, models, and catalogued specimens. Historical brief: Remembered sequences of famine, conflict, movement, and recovery preserved practical warnings for later generations.
Top Right: Storehouse Oversight. Compose an unmistakable cluster from historically appropriate seals, tally sticks, document tablets, weights, and council tokens. Historical brief: Separated custody, witnessed issues, and periodic inspection made large collective stores harder to divert.
Bottom Left: Road and Portage Inspections. Compose an unmistakable cluster from historically appropriate weights, containers, route objects, coins or weighed media, cordage, and cargo seals. Historical brief: Routine inspection identified broken surfaces, unsafe landings, blocked passes, and exhausted staging places.
Bottom Right: River-Embankment Musters. Compose an unmistakable cluster from historically appropriate household, ritual, charitable, assembly, craft, and settlement objects. Historical brief: Coordinated labour repaired banks, spillways, and drainage before damaging seasonal water.
Constraints: exactly four different icons; material culture appropriate to AD 1-476; visually distinguish all four by silhouette and materials; no repeated central object; no text, letters, numerals, maps, heraldry, portraits, people, modern objects, medieval plate armour, firearms, borders, badges, readable inscriptions, or watermark.
Avoid: generic fantasy props, cheap yellow filter, muddy monochrome, crowded miniature scenes, full buildings, square picture backgrounds, drop shadows on the green, vignette, quadrant dividers, or any object crossing a quadrant boundary."
sheet_013.png,top_left,antq_shared_settlement_watch_rotations,Dominate,warfare,Settlement Watch Rotations,Scheduled watches distributed warning duty across households while keeping gates and approaches observed.,P15;CAH-XII;P20,assets_queue/references/vanilla_advance_style_reference.png,"Use case: stylized-concept
Asset type: exactly four separate Europa Universalis V advance-icon cutouts
Primary request: Create four distinct archaeological still-life icon compositions in a clean 2x2 grid.
Input image: the supplied image is an exact installed EU5 advance-icon reference. Match its crisp isolated-object rendering, realistic material detail, restrained natural color, edge treatment, transparent-cutout composition, and premium finish exactly.
Scene/backdrop: perfectly flat solid #00ff00 chroma-key field in all four cells; no dividers, frames, texture, gradients, floor plane, or lighting variation in the green.
Composition/framing: one centered and generously padded object cluster per quadrant. Keep all objects wholly inside their own quadrant with large clear gaps at the centre lines.
Lighting/mood: neutral soft studio light, controlled highlights, authentic material colours. Absolutely no yellow, sepia, orange, or teal grading.
Top Left: Settlement Watch Rotations. Compose an unmistakable cluster from historically appropriate period weapons, armour fittings, remount gear, route markers, and ration vessels. Historical brief: Scheduled watches distributed warning duty across households while keeping gates and approaches observed.
Top Right: Trained Messenger Relays. Compose an unmistakable cluster from historically appropriate seals, tally sticks, document tablets, weights, and council tokens. Historical brief: Known stages, replacement runners, and recognized credentials made official messages more dependable.
Bottom Left: Standard Ration Bundles. Compose an unmistakable cluster from historically appropriate period weapons, armour fittings, remount gear, route markers, and ration vessels. Historical brief: Predictable bundles of grain, preserved food, salt, and containers simplified short campaigns.
Bottom Right: Frontier Market Wards. Compose an unmistakable cluster from historically appropriate weights, containers, route objects, coins or weighed media, cordage, and cargo seals. Historical brief: Separate market quarters and local guarantors managed visitors, tolls, storage, and disputes at political boundaries.
Constraints: exactly four different icons; material culture appropriate to AD 1-476; visually distinguish all four by silhouette and materials; no repeated central object; no text, letters, numerals, maps, heraldry, portraits, people, modern objects, medieval plate armour, firearms, borders, badges, readable inscriptions, or watermark.
Avoid: generic fantasy props, cheap yellow filter, muddy monochrome, crowded miniature scenes, full buildings, square picture backgrounds, drop shadows on the green, vignette, quadrant dividers, or any object crossing a quadrant boundary."
sheet_013.png,top_right,antq_shared_trained_messenger_relays,Dominate,statecraft,Trained Messenger Relays,"Known stages, replacement runners, and recognized credentials made official messages more dependable.",P15;CAH-XII;P20,assets_queue/references/vanilla_advance_style_reference.png,"Use case: stylized-concept
Asset type: exactly four separate Europa Universalis V advance-icon cutouts
Primary request: Create four distinct archaeological still-life icon compositions in a clean 2x2 grid.
Input image: the supplied image is an exact installed EU5 advance-icon reference. Match its crisp isolated-object rendering, realistic material detail, restrained natural color, edge treatment, transparent-cutout composition, and premium finish exactly.
Scene/backdrop: perfectly flat solid #00ff00 chroma-key field in all four cells; no dividers, frames, texture, gradients, floor plane, or lighting variation in the green.
Composition/framing: one centered and generously padded object cluster per quadrant. Keep all objects wholly inside their own quadrant with large clear gaps at the centre lines.
Lighting/mood: neutral soft studio light, controlled highlights, authentic material colours. Absolutely no yellow, sepia, orange, or teal grading.
Top Left: Settlement Watch Rotations. Compose an unmistakable cluster from historically appropriate period weapons, armour fittings, remount gear, route markers, and ration vessels. Historical brief: Scheduled watches distributed warning duty across households while keeping gates and approaches observed.
Top Right: Trained Messenger Relays. Compose an unmistakable cluster from historically appropriate seals, tally sticks, document tablets, weights, and council tokens. Historical brief: Known stages, replacement runners, and recognized credentials made official messages more dependable.
Bottom Left: Standard Ration Bundles. Compose an unmistakable cluster from historically appropriate period weapons, armour fittings, remount gear, route markers, and ration vessels. Historical brief: Predictable bundles of grain, preserved food, salt, and containers simplified short campaigns.
Bottom Right: Frontier Market Wards. Compose an unmistakable cluster from historically appropriate weights, containers, route objects, coins or weighed media, cordage, and cargo seals. Historical brief: Separate market quarters and local guarantors managed visitors, tolls, storage, and disputes at political boundaries.
Constraints: exactly four different icons; material culture appropriate to AD 1-476; visually distinguish all four by silhouette and materials; no repeated central object; no text, letters, numerals, maps, heraldry, portraits, people, modern objects, medieval plate armour, firearms, borders, badges, readable inscriptions, or watermark.
Avoid: generic fantasy props, cheap yellow filter, muddy monochrome, crowded miniature scenes, full buildings, square picture backgrounds, drop shadows on the green, vignette, quadrant dividers, or any object crossing a quadrant boundary."
sheet_013.png,bottom_left,antq_shared_standard_ration_bundles,Dominate,warfare,Standard Ration Bundles,"Predictable bundles of grain, preserved food, salt, and containers simplified short campaigns.",P15;CAH-XII;P20,assets_queue/references/vanilla_advance_style_reference.png,"Use case: stylized-concept
Asset type: exactly four separate Europa Universalis V advance-icon cutouts
Primary request: Create four distinct archaeological still-life icon compositions in a clean 2x2 grid.
Input image: the supplied image is an exact installed EU5 advance-icon reference. Match its crisp isolated-object rendering, realistic material detail, restrained natural color, edge treatment, transparent-cutout composition, and premium finish exactly.
Scene/backdrop: perfectly flat solid #00ff00 chroma-key field in all four cells; no dividers, frames, texture, gradients, floor plane, or lighting variation in the green.
Composition/framing: one centered and generously padded object cluster per quadrant. Keep all objects wholly inside their own quadrant with large clear gaps at the centre lines.
Lighting/mood: neutral soft studio light, controlled highlights, authentic material colours. Absolutely no yellow, sepia, orange, or teal grading.
Top Left: Settlement Watch Rotations. Compose an unmistakable cluster from historically appropriate period weapons, armour fittings, remount gear, route markers, and ration vessels. Historical brief: Scheduled watches distributed warning duty across households while keeping gates and approaches observed.
Top Right: Trained Messenger Relays. Compose an unmistakable cluster from historically appropriate seals, tally sticks, document tablets, weights, and council tokens. Historical brief: Known stages, replacement runners, and recognized credentials made official messages more dependable.
Bottom Left: Standard Ration Bundles. Compose an unmistakable cluster from historically appropriate period weapons, armour fittings, remount gear, route markers, and ration vessels. Historical brief: Predictable bundles of grain, preserved food, salt, and containers simplified short campaigns.
Bottom Right: Frontier Market Wards. Compose an unmistakable cluster from historically appropriate weights, containers, route objects, coins or weighed media, cordage, and cargo seals. Historical brief: Separate market quarters and local guarantors managed visitors, tolls, storage, and disputes at political boundaries.
Constraints: exactly four different icons; material culture appropriate to AD 1-476; visually distinguish all four by silhouette and materials; no repeated central object; no text, letters, numerals, maps, heraldry, portraits, people, modern objects, medieval plate armour, firearms, borders, badges, readable inscriptions, or watermark.
Avoid: generic fantasy props, cheap yellow filter, muddy monochrome, crowded miniature scenes, full buildings, square picture backgrounds, drop shadows on the green, vignette, quadrant dividers, or any object crossing a quadrant boundary."
sheet_013.png,bottom_right,antq_shared_frontier_market_wards,Dominate,exchange,Frontier Market Wards,"Separate market quarters and local guarantors managed visitors, tolls, storage, and disputes at political boundaries.",P15;CAH-XII;P20,assets_queue/references/vanilla_advance_style_reference.png,"Use case: stylized-concept
Asset type: exactly four separate Europa Universalis V advance-icon cutouts
Primary request: Create four distinct archaeological still-life icon compositions in a clean 2x2 grid.
Input image: the supplied image is an exact installed EU5 advance-icon reference. Match its crisp isolated-object rendering, realistic material detail, restrained natural color, edge treatment, transparent-cutout composition, and premium finish exactly.
Scene/backdrop: perfectly flat solid #00ff00 chroma-key field in all four cells; no dividers, frames, texture, gradients, floor plane, or lighting variation in the green.
Composition/framing: one centered and generously padded object cluster per quadrant. Keep all objects wholly inside their own quadrant with large clear gaps at the centre lines.
Lighting/mood: neutral soft studio light, controlled highlights, authentic material colours. Absolutely no yellow, sepia, orange, or teal grading.
Top Left: Settlement Watch Rotations. Compose an unmistakable cluster from historically appropriate period weapons, armour fittings, remount gear, route markers, and ration vessels. Historical brief: Scheduled watches distributed warning duty across households while keeping gates and approaches observed.
Top Right: Trained Messenger Relays. Compose an unmistakable cluster from historically appropriate seals, tally sticks, document tablets, weights, and council tokens. Historical brief: Known stages, replacement runners, and recognized credentials made official messages more dependable.
Bottom Left: Standard Ration Bundles. Compose an unmistakable cluster from historically appropriate period weapons, armour fittings, remount gear, route markers, and ration vessels. Historical brief: Predictable bundles of grain, preserved food, salt, and containers simplified short campaigns.
Bottom Right: Frontier Market Wards. Compose an unmistakable cluster from historically appropriate weights, containers, route objects, coins or weighed media, cordage, and cargo seals. Historical brief: Separate market quarters and local guarantors managed visitors, tolls, storage, and disputes at political boundaries.
Constraints: exactly four different icons; material culture appropriate to AD 1-476; visually distinguish all four by silhouette and materials; no repeated central object; no text, letters, numerals, maps, heraldry, portraits, people, modern objects, medieval plate armour, firearms, borders, badges, readable inscriptions, or watermark.
Avoid: generic fantasy props, cheap yellow filter, muddy monochrome, crowded miniature scenes, full buildings, square picture backgrounds, drop shadows on the green, vignette, quadrant dividers, or any object crossing a quadrant boundary."
sheet_014.png,top_left,antq_shared_healing_house_endowments,Dominate,society,Healing-House Endowments,"Durable gifts of food, space, labour, or income supported care beyond one healer's household.",P15;CAH-XII;P20,assets_queue/references/vanilla_advance_style_reference.png,"Use case: stylized-concept
Asset type: exactly four separate Europa Universalis V advance-icon cutouts
Primary request: Create four distinct archaeological still-life icon compositions in a clean 2x2 grid.
Input image: the supplied image is an exact installed EU5 advance-icon reference. Match its crisp isolated-object rendering, realistic material detail, restrained natural color, edge treatment, transparent-cutout composition, and premium finish exactly.
Scene/backdrop: perfectly flat solid #00ff00 chroma-key field in all four cells; no dividers, frames, texture, gradients, floor plane, or lighting variation in the green.
Composition/framing: one centered and generously padded object cluster per quadrant. Keep all objects wholly inside their own quadrant with large clear gaps at the centre lines.
Lighting/mood: neutral soft studio light, controlled highlights, authentic material colours. Absolutely no yellow, sepia, orange, or teal grading.
Top Left: Healing-House Endowments. Compose an unmistakable cluster from historically appropriate household, ritual, charitable, assembly, craft, and settlement objects. Historical brief: Durable gifts of food, space, labour, or income supported care beyond one healer's household.
Top Right: Craft-Quality Witnesses. Compose an unmistakable cluster from historically appropriate seals, tally sticks, document tablets, weights, and council tokens. Historical brief: Recognized specialists judged materials and workmanship in recurring public or institutional contracts.
Bottom Left: Reservoir Silt Clearance. Compose an unmistakable cluster from historically appropriate household, ritual, charitable, assembly, craft, and settlement objects. Historical brief: Regular crews removed silt, repaired linings, and protected inlets to preserve stored water.
Bottom Right: Winter Fodder Planning. Compose an unmistakable cluster from historically appropriate period weapons, armour fittings, remount gear, route markers, and ration vessels. Historical brief: Advance allocation of feed and sheltered storage kept transport animals and herds viable through hard seasons.
Constraints: exactly four different icons; material culture appropriate to AD 1-476; visually distinguish all four by silhouette and materials; no repeated central object; no text, letters, numerals, maps, heraldry, portraits, people, modern objects, medieval plate armour, firearms, borders, badges, readable inscriptions, or watermark.
Avoid: generic fantasy props, cheap yellow filter, muddy monochrome, crowded miniature scenes, full buildings, square picture backgrounds, drop shadows on the green, vignette, quadrant dividers, or any object crossing a quadrant boundary."
sheet_014.png,top_right,antq_shared_craft_quality_witnesses,Dominate,statecraft,Craft-Quality Witnesses,Recognized specialists judged materials and workmanship in recurring public or institutional contracts.,P15;CAH-XII;P20,assets_queue/references/vanilla_advance_style_reference.png,"Use case: stylized-concept
Asset type: exactly four separate Europa Universalis V advance-icon cutouts
Primary request: Create four distinct archaeological still-life icon compositions in a clean 2x2 grid.
Input image: the supplied image is an exact installed EU5 advance-icon reference. Match its crisp isolated-object rendering, realistic material detail, restrained natural color, edge treatment, transparent-cutout composition, and premium finish exactly.
Scene/backdrop: perfectly flat solid #00ff00 chroma-key field in all four cells; no dividers, frames, texture, gradients, floor plane, or lighting variation in the green.
Composition/framing: one centered and generously padded object cluster per quadrant. Keep all objects wholly inside their own quadrant with large clear gaps at the centre lines.
Lighting/mood: neutral soft studio light, controlled highlights, authentic material colours. Absolutely no yellow, sepia, orange, or teal grading.
Top Left: Healing-House Endowments. Compose an unmistakable cluster from historically appropriate household, ritual, charitable, assembly, craft, and settlement objects. Historical brief: Durable gifts of food, space, labour, or income supported care beyond one healer's household.
Top Right: Craft-Quality Witnesses. Compose an unmistakable cluster from historically appropriate seals, tally sticks, document tablets, weights, and council tokens. Historical brief: Recognized specialists judged materials and workmanship in recurring public or institutional contracts.
Bottom Left: Reservoir Silt Clearance. Compose an unmistakable cluster from historically appropriate household, ritual, charitable, assembly, craft, and settlement objects. Historical brief: Regular crews removed silt, repaired linings, and protected inlets to preserve stored water.
Bottom Right: Winter Fodder Planning. Compose an unmistakable cluster from historically appropriate period weapons, armour fittings, remount gear, route markers, and ration vessels. Historical brief: Advance allocation of feed and sheltered storage kept transport animals and herds viable through hard seasons.
Constraints: exactly four different icons; material culture appropriate to AD 1-476; visually distinguish all four by silhouette and materials; no repeated central object; no text, letters, numerals, maps, heraldry, portraits, people, modern objects, medieval plate armour, firearms, borders, badges, readable inscriptions, or watermark.
Avoid: generic fantasy props, cheap yellow filter, muddy monochrome, crowded miniature scenes, full buildings, square picture backgrounds, drop shadows on the green, vignette, quadrant dividers, or any object crossing a quadrant boundary."
sheet_014.png,bottom_left,antq_shared_reservoir_silt_clearance,Dominate,society,Reservoir Silt Clearance,"Regular crews removed silt, repaired linings, and protected inlets to preserve stored water.",P15;CAH-XII;P20,assets_queue/references/vanilla_advance_style_reference.png,"Use case: stylized-concept
Asset type: exactly four separate Europa Universalis V advance-icon cutouts
Primary request: Create four distinct archaeological still-life icon compositions in a clean 2x2 grid.
Input image: the supplied image is an exact installed EU5 advance-icon reference. Match its crisp isolated-object rendering, realistic material detail, restrained natural color, edge treatment, transparent-cutout composition, and premium finish exactly.
Scene/backdrop: perfectly flat solid #00ff00 chroma-key field in all four cells; no dividers, frames, texture, gradients, floor plane, or lighting variation in the green.
Composition/framing: one centered and generously padded object cluster per quadrant. Keep all objects wholly inside their own quadrant with large clear gaps at the centre lines.
Lighting/mood: neutral soft studio light, controlled highlights, authentic material colours. Absolutely no yellow, sepia, orange, or teal grading.
Top Left: Healing-House Endowments. Compose an unmistakable cluster from historically appropriate household, ritual, charitable, assembly, craft, and settlement objects. Historical brief: Durable gifts of food, space, labour, or income supported care beyond one healer's household.
Top Right: Craft-Quality Witnesses. Compose an unmistakable cluster from historically appropriate seals, tally sticks, document tablets, weights, and council tokens. Historical brief: Recognized specialists judged materials and workmanship in recurring public or institutional contracts.
Bottom Left: Reservoir Silt Clearance. Compose an unmistakable cluster from historically appropriate household, ritual, charitable, assembly, craft, and settlement objects. Historical brief: Regular crews removed silt, repaired linings, and protected inlets to preserve stored water.
Bottom Right: Winter Fodder Planning. Compose an unmistakable cluster from historically appropriate period weapons, armour fittings, remount gear, route markers, and ration vessels. Historical brief: Advance allocation of feed and sheltered storage kept transport animals and herds viable through hard seasons.
Constraints: exactly four different icons; material culture appropriate to AD 1-476; visually distinguish all four by silhouette and materials; no repeated central object; no text, letters, numerals, maps, heraldry, portraits, people, modern objects, medieval plate armour, firearms, borders, badges, readable inscriptions, or watermark.
Avoid: generic fantasy props, cheap yellow filter, muddy monochrome, crowded miniature scenes, full buildings, square picture backgrounds, drop shadows on the green, vignette, quadrant dividers, or any object crossing a quadrant boundary."
sheet_014.png,bottom_right,antq_shared_winter_fodder_planning,Dominate,warfare,Winter Fodder Planning,Advance allocation of feed and sheltered storage kept transport animals and herds viable through hard seasons.,P15;CAH-XII;P20,assets_queue/references/vanilla_advance_style_reference.png,"Use case: stylized-concept
Asset type: exactly four separate Europa Universalis V advance-icon cutouts
Primary request: Create four distinct archaeological still-life icon compositions in a clean 2x2 grid.
Input image: the supplied image is an exact installed EU5 advance-icon reference. Match its crisp isolated-object rendering, realistic material detail, restrained natural color, edge treatment, transparent-cutout composition, and premium finish exactly.
Scene/backdrop: perfectly flat solid #00ff00 chroma-key field in all four cells; no dividers, frames, texture, gradients, floor plane, or lighting variation in the green.
Composition/framing: one centered and generously padded object cluster per quadrant. Keep all objects wholly inside their own quadrant with large clear gaps at the centre lines.
Lighting/mood: neutral soft studio light, controlled highlights, authentic material colours. Absolutely no yellow, sepia, orange, or teal grading.
Top Left: Healing-House Endowments. Compose an unmistakable cluster from historically appropriate household, ritual, charitable, assembly, craft, and settlement objects. Historical brief: Durable gifts of food, space, labour, or income supported care beyond one healer's household.
Top Right: Craft-Quality Witnesses. Compose an unmistakable cluster from historically appropriate seals, tally sticks, document tablets, weights, and council tokens. Historical brief: Recognized specialists judged materials and workmanship in recurring public or institutional contracts.
Bottom Left: Reservoir Silt Clearance. Compose an unmistakable cluster from historically appropriate household, ritual, charitable, assembly, craft, and settlement objects. Historical brief: Regular crews removed silt, repaired linings, and protected inlets to preserve stored water.
Bottom Right: Winter Fodder Planning. Compose an unmistakable cluster from historically appropriate period weapons, armour fittings, remount gear, route markers, and ration vessels. Historical brief: Advance allocation of feed and sheltered storage kept transport animals and herds viable through hard seasons.
Constraints: exactly four different icons; material culture appropriate to AD 1-476; visually distinguish all four by silhouette and materials; no repeated central object; no text, letters, numerals, maps, heraldry, portraits, people, modern objects, medieval plate armour, firearms, borders, badges, readable inscriptions, or watermark.
Avoid: generic fantasy props, cheap yellow filter, muddy monochrome, crowded miniature scenes, full buildings, square picture backgrounds, drop shadows on the green, vignette, quadrant dividers, or any object crossing a quadrant boundary."
sheet_015.png,top_left,antq_shared_customary_appeal_hearings,Dominate,statecraft,Customary Appeal Hearings,Higher or wider assemblies reconsidered disputes when ordinary local mediation failed.,P15;CAH-XII;P20,assets_queue/references/vanilla_advance_style_reference.png,"Use case: stylized-concept
Asset type: exactly four separate Europa Universalis V advance-icon cutouts
Primary request: Create four distinct archaeological still-life icon compositions in a clean 2x2 grid.
Input image: the supplied image is an exact installed EU5 advance-icon reference. Match its crisp isolated-object rendering, realistic material detail, restrained natural color, edge treatment, transparent-cutout composition, and premium finish exactly.
Scene/backdrop: perfectly flat solid #00ff00 chroma-key field in all four cells; no dividers, frames, texture, gradients, floor plane, or lighting variation in the green.
Composition/framing: one centered and generously padded object cluster per quadrant. Keep all objects wholly inside their own quadrant with large clear gaps at the centre lines.
Lighting/mood: neutral soft studio light, controlled highlights, authentic material colours. Absolutely no yellow, sepia, orange, or teal grading.
Top Left: Customary Appeal Hearings. Compose an unmistakable cluster from historically appropriate seals, tally sticks, document tablets, weights, and council tokens. Historical brief: Higher or wider assemblies reconsidered disputes when ordinary local mediation failed.
Top Right: Regional Festival Calendars. Compose an unmistakable cluster from historically appropriate writing materials where attested, teaching objects, instruments, models, and catalogued specimens. Historical brief: Coordinated ceremonial dates structured travel, exchange, labour pauses, and intercommunity obligations.
Bottom Left: Refuge-Wall Maintenance. Compose an unmistakable cluster from historically appropriate period weapons, armour fittings, remount gear, route markers, and ration vessels. Historical brief: Periodic repair kept occasional refuges defensible before an emergency rather than after one began.
Bottom Right: Long-Distance Pilotage. Compose an unmistakable cluster from historically appropriate weights, containers, route objects, coins or weighed media, cordage, and cargo seals. Historical brief: Experienced pilots combined seasonal winds, currents, landmarks, water sources, and political knowledge.
Constraints: exactly four different icons; material culture appropriate to AD 1-476; visually distinguish all four by silhouette and materials; no repeated central object; no text, letters, numerals, maps, heraldry, portraits, people, modern objects, medieval plate armour, firearms, borders, badges, readable inscriptions, or watermark.
Avoid: generic fantasy props, cheap yellow filter, muddy monochrome, crowded miniature scenes, full buildings, square picture backgrounds, drop shadows on the green, vignette, quadrant dividers, or any object crossing a quadrant boundary."
sheet_015.png,top_right,antq_shared_regional_festival_calendars,Dominate,learning,Regional Festival Calendars,"Coordinated ceremonial dates structured travel, exchange, labour pauses, and intercommunity obligations.",P15;CAH-XII;P20,assets_queue/references/vanilla_advance_style_reference.png,"Use case: stylized-concept
Asset type: exactly four separate Europa Universalis V advance-icon cutouts
Primary request: Create four distinct archaeological still-life icon compositions in a clean 2x2 grid.
Input image: the supplied image is an exact installed EU5 advance-icon reference. Match its crisp isolated-object rendering, realistic material detail, restrained natural color, edge treatment, transparent-cutout composition, and premium finish exactly.
Scene/backdrop: perfectly flat solid #00ff00 chroma-key field in all four cells; no dividers, frames, texture, gradients, floor plane, or lighting variation in the green.
Composition/framing: one centered and generously padded object cluster per quadrant. Keep all objects wholly inside their own quadrant with large clear gaps at the centre lines.
Lighting/mood: neutral soft studio light, controlled highlights, authentic material colours. Absolutely no yellow, sepia, orange, or teal grading.
Top Left: Customary Appeal Hearings. Compose an unmistakable cluster from historically appropriate seals, tally sticks, document tablets, weights, and council tokens. Historical brief: Higher or wider assemblies reconsidered disputes when ordinary local mediation failed.
Top Right: Regional Festival Calendars. Compose an unmistakable cluster from historically appropriate writing materials where attested, teaching objects, instruments, models, and catalogued specimens. Historical brief: Coordinated ceremonial dates structured travel, exchange, labour pauses, and intercommunity obligations.
Bottom Left: Refuge-Wall Maintenance. Compose an unmistakable cluster from historically appropriate period weapons, armour fittings, remount gear, route markers, and ration vessels. Historical brief: Periodic repair kept occasional refuges defensible before an emergency rather than after one began.
Bottom Right: Long-Distance Pilotage. Compose an unmistakable cluster from historically appropriate weights, containers, route objects, coins or weighed media, cordage, and cargo seals. Historical brief: Experienced pilots combined seasonal winds, currents, landmarks, water sources, and political knowledge.
Constraints: exactly four different icons; material culture appropriate to AD 1-476; visually distinguish all four by silhouette and materials; no repeated central object; no text, letters, numerals, maps, heraldry, portraits, people, modern objects, medieval plate armour, firearms, borders, badges, readable inscriptions, or watermark.
Avoid: generic fantasy props, cheap yellow filter, muddy monochrome, crowded miniature scenes, full buildings, square picture backgrounds, drop shadows on the green, vignette, quadrant dividers, or any object crossing a quadrant boundary."
sheet_015.png,bottom_left,antq_shared_refuge_wall_maintenance,Dominate,warfare,Refuge-Wall Maintenance,Periodic repair kept occasional refuges defensible before an emergency rather than after one began.,P15;CAH-XII;P20,assets_queue/references/vanilla_advance_style_reference.png,"Use case: stylized-concept
Asset type: exactly four separate Europa Universalis V advance-icon cutouts
Primary request: Create four distinct archaeological still-life icon compositions in a clean 2x2 grid.
Input image: the supplied image is an exact installed EU5 advance-icon reference. Match its crisp isolated-object rendering, realistic material detail, restrained natural color, edge treatment, transparent-cutout composition, and premium finish exactly.
Scene/backdrop: perfectly flat solid #00ff00 chroma-key field in all four cells; no dividers, frames, texture, gradients, floor plane, or lighting variation in the green.
Composition/framing: one centered and generously padded object cluster per quadrant. Keep all objects wholly inside their own quadrant with large clear gaps at the centre lines.
Lighting/mood: neutral soft studio light, controlled highlights, authentic material colours. Absolutely no yellow, sepia, orange, or teal grading.
Top Left: Customary Appeal Hearings. Compose an unmistakable cluster from historically appropriate seals, tally sticks, document tablets, weights, and council tokens. Historical brief: Higher or wider assemblies reconsidered disputes when ordinary local mediation failed.
Top Right: Regional Festival Calendars. Compose an unmistakable cluster from historically appropriate writing materials where attested, teaching objects, instruments, models, and catalogued specimens. Historical brief: Coordinated ceremonial dates structured travel, exchange, labour pauses, and intercommunity obligations.
Bottom Left: Refuge-Wall Maintenance. Compose an unmistakable cluster from historically appropriate period weapons, armour fittings, remount gear, route markers, and ration vessels. Historical brief: Periodic repair kept occasional refuges defensible before an emergency rather than after one began.
Bottom Right: Long-Distance Pilotage. Compose an unmistakable cluster from historically appropriate weights, containers, route objects, coins or weighed media, cordage, and cargo seals. Historical brief: Experienced pilots combined seasonal winds, currents, landmarks, water sources, and political knowledge.
Constraints: exactly four different icons; material culture appropriate to AD 1-476; visually distinguish all four by silhouette and materials; no repeated central object; no text, letters, numerals, maps, heraldry, portraits, people, modern objects, medieval plate armour, firearms, borders, badges, readable inscriptions, or watermark.
Avoid: generic fantasy props, cheap yellow filter, muddy monochrome, crowded miniature scenes, full buildings, square picture backgrounds, drop shadows on the green, vignette, quadrant dividers, or any object crossing a quadrant boundary."
sheet_015.png,bottom_right,antq_shared_long_distance_pilotage,Dominate,exchange,Long-Distance Pilotage,"Experienced pilots combined seasonal winds, currents, landmarks, water sources, and political knowledge.",P15;CAH-XII;P20,assets_queue/references/vanilla_advance_style_reference.png,"Use case: stylized-concept
Asset type: exactly four separate Europa Universalis V advance-icon cutouts
Primary request: Create four distinct archaeological still-life icon compositions in a clean 2x2 grid.
Input image: the supplied image is an exact installed EU5 advance-icon reference. Match its crisp isolated-object rendering, realistic material detail, restrained natural color, edge treatment, transparent-cutout composition, and premium finish exactly.
Scene/backdrop: perfectly flat solid #00ff00 chroma-key field in all four cells; no dividers, frames, texture, gradients, floor plane, or lighting variation in the green.
Composition/framing: one centered and generously padded object cluster per quadrant. Keep all objects wholly inside their own quadrant with large clear gaps at the centre lines.
Lighting/mood: neutral soft studio light, controlled highlights, authentic material colours. Absolutely no yellow, sepia, orange, or teal grading.
Top Left: Customary Appeal Hearings. Compose an unmistakable cluster from historically appropriate seals, tally sticks, document tablets, weights, and council tokens. Historical brief: Higher or wider assemblies reconsidered disputes when ordinary local mediation failed.
Top Right: Regional Festival Calendars. Compose an unmistakable cluster from historically appropriate writing materials where attested, teaching objects, instruments, models, and catalogued specimens. Historical brief: Coordinated ceremonial dates structured travel, exchange, labour pauses, and intercommunity obligations.
Bottom Left: Refuge-Wall Maintenance. Compose an unmistakable cluster from historically appropriate period weapons, armour fittings, remount gear, route markers, and ration vessels. Historical brief: Periodic repair kept occasional refuges defensible before an emergency rather than after one began.
Bottom Right: Long-Distance Pilotage. Compose an unmistakable cluster from historically appropriate weights, containers, route objects, coins or weighed media, cordage, and cargo seals. Historical brief: Experienced pilots combined seasonal winds, currents, landmarks, water sources, and political knowledge.
Constraints: exactly four different icons; material culture appropriate to AD 1-476; visually distinguish all four by silhouette and materials; no repeated central object; no text, letters, numerals, maps, heraldry, portraits, people, modern objects, medieval plate armour, firearms, borders, badges, readable inscriptions, or watermark.
Avoid: generic fantasy props, cheap yellow filter, muddy monochrome, crowded miniature scenes, full buildings, square picture backgrounds, drop shadows on the green, vignette, quadrant dividers, or any object crossing a quadrant boundary."
sheet_016.png,top_left,antq_shared_granary_pest_control,Dominate,learning,Granary Pest Control,"Drying, cleaning, sealed containers, raised floors, and inspection reduced losses in stored food.",P15;CAH-XII;P20,assets_queue/references/vanilla_advance_style_reference.png,"Use case: stylized-concept
Asset type: exactly four separate Europa Universalis V advance-icon cutouts
Primary request: Create four distinct archaeological still-life icon compositions in a clean 2x2 grid.
Input image: the supplied image is an exact installed EU5 advance-icon reference. Match its crisp isolated-object rendering, realistic material detail, restrained natural color, edge treatment, transparent-cutout composition, and premium finish exactly.
Scene/backdrop: perfectly flat solid #00ff00 chroma-key field in all four cells; no dividers, frames, texture, gradients, floor plane, or lighting variation in the green.
Composition/framing: one centered and generously padded object cluster per quadrant. Keep all objects wholly inside their own quadrant with large clear gaps at the centre lines.
Lighting/mood: neutral soft studio light, controlled highlights, authentic material colours. Absolutely no yellow, sepia, orange, or teal grading.
Top Left: Granary Pest Control. Compose an unmistakable cluster from historically appropriate writing materials where attested, teaching objects, instruments, models, and catalogued specimens. Historical brief: Drying, cleaning, sealed containers, raised floors, and inspection reduced losses in stored food.
Top Right: Shared Work Obligations. Compose an unmistakable cluster from historically appropriate household, ritual, charitable, assembly, craft, and settlement objects. Historical brief: Negotiated labour shares sustained waterworks, roads, walls, storehouses, and sacred places without a permanent workforce.
Bottom Left: Allied Contingent Musters. Compose an unmistakable cluster from historically appropriate period weapons, armour fittings, remount gear, route markers, and ration vessels. Historical brief: Separate forces coordinated assembly places, command signals, supplies, and agreed periods of service.
Bottom Right: Frontier Exchange Fairs. Compose an unmistakable cluster from historically appropriate weights, containers, route objects, coins or weighed media, cordage, and cargo seals. Historical brief: Protected periodic fairs linked communities divided by political authority, language, or recent conflict.
Constraints: exactly four different icons; material culture appropriate to AD 1-476; visually distinguish all four by silhouette and materials; no repeated central object; no text, letters, numerals, maps, heraldry, portraits, people, modern objects, medieval plate armour, firearms, borders, badges, readable inscriptions, or watermark.
Avoid: generic fantasy props, cheap yellow filter, muddy monochrome, crowded miniature scenes, full buildings, square picture backgrounds, drop shadows on the green, vignette, quadrant dividers, or any object crossing a quadrant boundary."
sheet_016.png,top_right,antq_shared_shared_work_obligations,Dominate,society,Shared Work Obligations,"Negotiated labour shares sustained waterworks, roads, walls, storehouses, and sacred places without a permanent workforce.",P15;CAH-XII;P20,assets_queue/references/vanilla_advance_style_reference.png,"Use case: stylized-concept
Asset type: exactly four separate Europa Universalis V advance-icon cutouts
Primary request: Create four distinct archaeological still-life icon compositions in a clean 2x2 grid.
Input image: the supplied image is an exact installed EU5 advance-icon reference. Match its crisp isolated-object rendering, realistic material detail, restrained natural color, edge treatment, transparent-cutout composition, and premium finish exactly.
Scene/backdrop: perfectly flat solid #00ff00 chroma-key field in all four cells; no dividers, frames, texture, gradients, floor plane, or lighting variation in the green.
Composition/framing: one centered and generously padded object cluster per quadrant. Keep all objects wholly inside their own quadrant with large clear gaps at the centre lines.
Lighting/mood: neutral soft studio light, controlled highlights, authentic material colours. Absolutely no yellow, sepia, orange, or teal grading.
Top Left: Granary Pest Control. Compose an unmistakable cluster from historically appropriate writing materials where attested, teaching objects, instruments, models, and catalogued specimens. Historical brief: Drying, cleaning, sealed containers, raised floors, and inspection reduced losses in stored food.
Top Right: Shared Work Obligations. Compose an unmistakable cluster from historically appropriate household, ritual, charitable, assembly, craft, and settlement objects. Historical brief: Negotiated labour shares sustained waterworks, roads, walls, storehouses, and sacred places without a permanent workforce.
Bottom Left: Allied Contingent Musters. Compose an unmistakable cluster from historically appropriate period weapons, armour fittings, remount gear, route markers, and ration vessels. Historical brief: Separate forces coordinated assembly places, command signals, supplies, and agreed periods of service.
Bottom Right: Frontier Exchange Fairs. Compose an unmistakable cluster from historically appropriate weights, containers, route objects, coins or weighed media, cordage, and cargo seals. Historical brief: Protected periodic fairs linked communities divided by political authority, language, or recent conflict.
Constraints: exactly four different icons; material culture appropriate to AD 1-476; visually distinguish all four by silhouette and materials; no repeated central object; no text, letters, numerals, maps, heraldry, portraits, people, modern objects, medieval plate armour, firearms, borders, badges, readable inscriptions, or watermark.
Avoid: generic fantasy props, cheap yellow filter, muddy monochrome, crowded miniature scenes, full buildings, square picture backgrounds, drop shadows on the green, vignette, quadrant dividers, or any object crossing a quadrant boundary."
sheet_016.png,bottom_left,antq_shared_allied_contingent_musters,Federate Age,warfare,Allied Contingent Musters,"Separate forces coordinated assembly places, command signals, supplies, and agreed periods of service.",P15;CAH-XII;P20,assets_queue/references/vanilla_advance_style_reference.png,"Use case: stylized-concept
Asset type: exactly four separate Europa Universalis V advance-icon cutouts
Primary request: Create four distinct archaeological still-life icon compositions in a clean 2x2 grid.
Input image: the supplied image is an exact installed EU5 advance-icon reference. Match its crisp isolated-object rendering, realistic material detail, restrained natural color, edge treatment, transparent-cutout composition, and premium finish exactly.
Scene/backdrop: perfectly flat solid #00ff00 chroma-key field in all four cells; no dividers, frames, texture, gradients, floor plane, or lighting variation in the green.
Composition/framing: one centered and generously padded object cluster per quadrant. Keep all objects wholly inside their own quadrant with large clear gaps at the centre lines.
Lighting/mood: neutral soft studio light, controlled highlights, authentic material colours. Absolutely no yellow, sepia, orange, or teal grading.
Top Left: Granary Pest Control. Compose an unmistakable cluster from historically appropriate writing materials where attested, teaching objects, instruments, models, and catalogued specimens. Historical brief: Drying, cleaning, sealed containers, raised floors, and inspection reduced losses in stored food.
Top Right: Shared Work Obligations. Compose an unmistakable cluster from historically appropriate household, ritual, charitable, assembly, craft, and settlement objects. Historical brief: Negotiated labour shares sustained waterworks, roads, walls, storehouses, and sacred places without a permanent workforce.
Bottom Left: Allied Contingent Musters. Compose an unmistakable cluster from historically appropriate period weapons, armour fittings, remount gear, route markers, and ration vessels. Historical brief: Separate forces coordinated assembly places, command signals, supplies, and agreed periods of service.
Bottom Right: Frontier Exchange Fairs. Compose an unmistakable cluster from historically appropriate weights, containers, route objects, coins or weighed media, cordage, and cargo seals. Historical brief: Protected periodic fairs linked communities divided by political authority, language, or recent conflict.
Constraints: exactly four different icons; material culture appropriate to AD 1-476; visually distinguish all four by silhouette and materials; no repeated central object; no text, letters, numerals, maps, heraldry, portraits, people, modern objects, medieval plate armour, firearms, borders, badges, readable inscriptions, or watermark.
Avoid: generic fantasy props, cheap yellow filter, muddy monochrome, crowded miniature scenes, full buildings, square picture backgrounds, drop shadows on the green, vignette, quadrant dividers, or any object crossing a quadrant boundary."
sheet_016.png,bottom_right,antq_shared_frontier_exchange_fairs,Federate Age,exchange,Frontier Exchange Fairs,"Protected periodic fairs linked communities divided by political authority, language, or recent conflict.",P15;CAH-XII;P20,assets_queue/references/vanilla_advance_style_reference.png,"Use case: stylized-concept
Asset type: exactly four separate Europa Universalis V advance-icon cutouts
Primary request: Create four distinct archaeological still-life icon compositions in a clean 2x2 grid.
Input image: the supplied image is an exact installed EU5 advance-icon reference. Match its crisp isolated-object rendering, realistic material detail, restrained natural color, edge treatment, transparent-cutout composition, and premium finish exactly.
Scene/backdrop: perfectly flat solid #00ff00 chroma-key field in all four cells; no dividers, frames, texture, gradients, floor plane, or lighting variation in the green.
Composition/framing: one centered and generously padded object cluster per quadrant. Keep all objects wholly inside their own quadrant with large clear gaps at the centre lines.
Lighting/mood: neutral soft studio light, controlled highlights, authentic material colours. Absolutely no yellow, sepia, orange, or teal grading.
Top Left: Granary Pest Control. Compose an unmistakable cluster from historically appropriate writing materials where attested, teaching objects, instruments, models, and catalogued specimens. Historical brief: Drying, cleaning, sealed containers, raised floors, and inspection reduced losses in stored food.
Top Right: Shared Work Obligations. Compose an unmistakable cluster from historically appropriate household, ritual, charitable, assembly, craft, and settlement objects. Historical brief: Negotiated labour shares sustained waterworks, roads, walls, storehouses, and sacred places without a permanent workforce.
Bottom Left: Allied Contingent Musters. Compose an unmistakable cluster from historically appropriate period weapons, armour fittings, remount gear, route markers, and ration vessels. Historical brief: Separate forces coordinated assembly places, command signals, supplies, and agreed periods of service.
Bottom Right: Frontier Exchange Fairs. Compose an unmistakable cluster from historically appropriate weights, containers, route objects, coins or weighed media, cordage, and cargo seals. Historical brief: Protected periodic fairs linked communities divided by political authority, language, or recent conflict.
Constraints: exactly four different icons; material culture appropriate to AD 1-476; visually distinguish all four by silhouette and materials; no repeated central object; no text, letters, numerals, maps, heraldry, portraits, people, modern objects, medieval plate armour, firearms, borders, badges, readable inscriptions, or watermark.
Avoid: generic fantasy props, cheap yellow filter, muddy monochrome, crowded miniature scenes, full buildings, square picture backgrounds, drop shadows on the green, vignette, quadrant dividers, or any object crossing a quadrant boundary."
sheet_017.png,top_left,antq_shared_refuge_fortification,Federate Age,warfare,Refuge Fortification,"Earth, timber, stone, and reused materials strengthened defensible places for short periods of danger.",P15;CAH-XII;P20,assets_queue/references/vanilla_advance_style_reference.png,"Use case: stylized-concept
Asset type: exactly four separate Europa Universalis V advance-icon cutouts
Primary request: Create four distinct archaeological still-life icon compositions in a clean 2x2 grid.
Input image: the supplied image is an exact installed EU5 advance-icon reference. Match its crisp isolated-object rendering, realistic material detail, restrained natural color, edge treatment, transparent-cutout composition, and premium finish exactly.
Scene/backdrop: perfectly flat solid #00ff00 chroma-key field in all four cells; no dividers, frames, texture, gradients, floor plane, or lighting variation in the green.
Composition/framing: one centered and generously padded object cluster per quadrant. Keep all objects wholly inside their own quadrant with large clear gaps at the centre lines.
Lighting/mood: neutral soft studio light, controlled highlights, authentic material colours. Absolutely no yellow, sepia, orange, or teal grading.
Top Left: Refuge Fortification. Compose an unmistakable cluster from historically appropriate period weapons, armour fittings, remount gear, route markers, and ration vessels. Historical brief: Earth, timber, stone, and reused materials strengthened defensible places for short periods of danger.
Top Right: Migrant Craft Settlements. Compose an unmistakable cluster from historically appropriate household, ritual, charitable, assembly, craft, and settlement objects. Historical brief: Incoming specialists established workshops while adapting their skills to local materials and patrons.
Bottom Left: Boat-Bridge Teams. Compose an unmistakable cluster from historically appropriate weights, containers, route objects, coins or weighed media, cordage, and cargo seals. Historical brief: Coordinated boats, rope, decking, anchors, and crews created temporary crossings for people and supplies.
Bottom Right: Mixed-Custom Arbitration. Compose an unmistakable cluster from historically appropriate seals, tally sticks, document tablets, weights, and council tokens. Historical brief: Mediators reconciled differing legal memories, host obligations, and compensation customs in mixed settlements.
Constraints: exactly four different icons; material culture appropriate to AD 1-476; visually distinguish all four by silhouette and materials; no repeated central object; no text, letters, numerals, maps, heraldry, portraits, people, modern objects, medieval plate armour, firearms, borders, badges, readable inscriptions, or watermark.
Avoid: generic fantasy props, cheap yellow filter, muddy monochrome, crowded miniature scenes, full buildings, square picture backgrounds, drop shadows on the green, vignette, quadrant dividers, or any object crossing a quadrant boundary."
sheet_017.png,top_right,antq_shared_migrant_craft_settlements,Federate Age,society,Migrant Craft Settlements,Incoming specialists established workshops while adapting their skills to local materials and patrons.,P15;CAH-XII;P20,assets_queue/references/vanilla_advance_style_reference.png,"Use case: stylized-concept
Asset type: exactly four separate Europa Universalis V advance-icon cutouts
Primary request: Create four distinct archaeological still-life icon compositions in a clean 2x2 grid.
Input image: the supplied image is an exact installed EU5 advance-icon reference. Match its crisp isolated-object rendering, realistic material detail, restrained natural color, edge treatment, transparent-cutout composition, and premium finish exactly.
Scene/backdrop: perfectly flat solid #00ff00 chroma-key field in all four cells; no dividers, frames, texture, gradients, floor plane, or lighting variation in the green.
Composition/framing: one centered and generously padded object cluster per quadrant. Keep all objects wholly inside their own quadrant with large clear gaps at the centre lines.
Lighting/mood: neutral soft studio light, controlled highlights, authentic material colours. Absolutely no yellow, sepia, orange, or teal grading.
Top Left: Refuge Fortification. Compose an unmistakable cluster from historically appropriate period weapons, armour fittings, remount gear, route markers, and ration vessels. Historical brief: Earth, timber, stone, and reused materials strengthened defensible places for short periods of danger.
Top Right: Migrant Craft Settlements. Compose an unmistakable cluster from historically appropriate household, ritual, charitable, assembly, craft, and settlement objects. Historical brief: Incoming specialists established workshops while adapting their skills to local materials and patrons.
Bottom Left: Boat-Bridge Teams. Compose an unmistakable cluster from historically appropriate weights, containers, route objects, coins or weighed media, cordage, and cargo seals. Historical brief: Coordinated boats, rope, decking, anchors, and crews created temporary crossings for people and supplies.
Bottom Right: Mixed-Custom Arbitration. Compose an unmistakable cluster from historically appropriate seals, tally sticks, document tablets, weights, and council tokens. Historical brief: Mediators reconciled differing legal memories, host obligations, and compensation customs in mixed settlements.
Constraints: exactly four different icons; material culture appropriate to AD 1-476; visually distinguish all four by silhouette and materials; no repeated central object; no text, letters, numerals, maps, heraldry, portraits, people, modern objects, medieval plate armour, firearms, borders, badges, readable inscriptions, or watermark.
Avoid: generic fantasy props, cheap yellow filter, muddy monochrome, crowded miniature scenes, full buildings, square picture backgrounds, drop shadows on the green, vignette, quadrant dividers, or any object crossing a quadrant boundary."
sheet_017.png,bottom_left,antq_shared_boat_bridge_teams,Federate Age,exchange,Boat-Bridge Teams,"Coordinated boats, rope, decking, anchors, and crews created temporary crossings for people and supplies.",P15;CAH-XII;P20,assets_queue/references/vanilla_advance_style_reference.png,"Use case: stylized-concept
Asset type: exactly four separate Europa Universalis V advance-icon cutouts
Primary request: Create four distinct archaeological still-life icon compositions in a clean 2x2 grid.
Input image: the supplied image is an exact installed EU5 advance-icon reference. Match its crisp isolated-object rendering, realistic material detail, restrained natural color, edge treatment, transparent-cutout composition, and premium finish exactly.
Scene/backdrop: perfectly flat solid #00ff00 chroma-key field in all four cells; no dividers, frames, texture, gradients, floor plane, or lighting variation in the green.
Composition/framing: one centered and generously padded object cluster per quadrant. Keep all objects wholly inside their own quadrant with large clear gaps at the centre lines.
Lighting/mood: neutral soft studio light, controlled highlights, authentic material colours. Absolutely no yellow, sepia, orange, or teal grading.
Top Left: Refuge Fortification. Compose an unmistakable cluster from historically appropriate period weapons, armour fittings, remount gear, route markers, and ration vessels. Historical brief: Earth, timber, stone, and reused materials strengthened defensible places for short periods of danger.
Top Right: Migrant Craft Settlements. Compose an unmistakable cluster from historically appropriate household, ritual, charitable, assembly, craft, and settlement objects. Historical brief: Incoming specialists established workshops while adapting their skills to local materials and patrons.
Bottom Left: Boat-Bridge Teams. Compose an unmistakable cluster from historically appropriate weights, containers, route objects, coins or weighed media, cordage, and cargo seals. Historical brief: Coordinated boats, rope, decking, anchors, and crews created temporary crossings for people and supplies.
Bottom Right: Mixed-Custom Arbitration. Compose an unmistakable cluster from historically appropriate seals, tally sticks, document tablets, weights, and council tokens. Historical brief: Mediators reconciled differing legal memories, host obligations, and compensation customs in mixed settlements.
Constraints: exactly four different icons; material culture appropriate to AD 1-476; visually distinguish all four by silhouette and materials; no repeated central object; no text, letters, numerals, maps, heraldry, portraits, people, modern objects, medieval plate armour, firearms, borders, badges, readable inscriptions, or watermark.
Avoid: generic fantasy props, cheap yellow filter, muddy monochrome, crowded miniature scenes, full buildings, square picture backgrounds, drop shadows on the green, vignette, quadrant dividers, or any object crossing a quadrant boundary."
sheet_017.png,bottom_right,antq_shared_mixed_custom_arbitration,Federate Age,statecraft,Mixed-Custom Arbitration,"Mediators reconciled differing legal memories, host obligations, and compensation customs in mixed settlements.",P15;CAH-XII;P20,assets_queue/references/vanilla_advance_style_reference.png,"Use case: stylized-concept
Asset type: exactly four separate Europa Universalis V advance-icon cutouts
Primary request: Create four distinct archaeological still-life icon compositions in a clean 2x2 grid.
Input image: the supplied image is an exact installed EU5 advance-icon reference. Match its crisp isolated-object rendering, realistic material detail, restrained natural color, edge treatment, transparent-cutout composition, and premium finish exactly.
Scene/backdrop: perfectly flat solid #00ff00 chroma-key field in all four cells; no dividers, frames, texture, gradients, floor plane, or lighting variation in the green.
Composition/framing: one centered and generously padded object cluster per quadrant. Keep all objects wholly inside their own quadrant with large clear gaps at the centre lines.
Lighting/mood: neutral soft studio light, controlled highlights, authentic material colours. Absolutely no yellow, sepia, orange, or teal grading.
Top Left: Refuge Fortification. Compose an unmistakable cluster from historically appropriate period weapons, armour fittings, remount gear, route markers, and ration vessels. Historical brief: Earth, timber, stone, and reused materials strengthened defensible places for short periods of danger.
Top Right: Migrant Craft Settlements. Compose an unmistakable cluster from historically appropriate household, ritual, charitable, assembly, craft, and settlement objects. Historical brief: Incoming specialists established workshops while adapting their skills to local materials and patrons.
Bottom Left: Boat-Bridge Teams. Compose an unmistakable cluster from historically appropriate weights, containers, route objects, coins or weighed media, cordage, and cargo seals. Historical brief: Coordinated boats, rope, decking, anchors, and crews created temporary crossings for people and supplies.
Bottom Right: Mixed-Custom Arbitration. Compose an unmistakable cluster from historically appropriate seals, tally sticks, document tablets, weights, and council tokens. Historical brief: Mediators reconciled differing legal memories, host obligations, and compensation customs in mixed settlements.
Constraints: exactly four different icons; material culture appropriate to AD 1-476; visually distinguish all four by silhouette and materials; no repeated central object; no text, letters, numerals, maps, heraldry, portraits, people, modern objects, medieval plate armour, firearms, borders, badges, readable inscriptions, or watermark.
Avoid: generic fantasy props, cheap yellow filter, muddy monochrome, crowded miniature scenes, full buildings, square picture backgrounds, drop shadows on the green, vignette, quadrant dividers, or any object crossing a quadrant boundary."
sheet_018.png,top_left,antq_shared_winter_quarter_stores,Federate Age,warfare,Winter-Quarter Stores,"Distributed food, fuel, bedding, and repair materials reduced destructive foraging around seasonal quarters.",P15;CAH-XII;P20,assets_queue/references/vanilla_advance_style_reference.png,"Use case: stylized-concept
Asset type: exactly four separate Europa Universalis V advance-icon cutouts
Primary request: Create four distinct archaeological still-life icon compositions in a clean 2x2 grid.
Input image: the supplied image is an exact installed EU5 advance-icon reference. Match its crisp isolated-object rendering, realistic material detail, restrained natural color, edge treatment, transparent-cutout composition, and premium finish exactly.
Scene/backdrop: perfectly flat solid #00ff00 chroma-key field in all four cells; no dividers, frames, texture, gradients, floor plane, or lighting variation in the green.
Composition/framing: one centered and generously padded object cluster per quadrant. Keep all objects wholly inside their own quadrant with large clear gaps at the centre lines.
Lighting/mood: neutral soft studio light, controlled highlights, authentic material colours. Absolutely no yellow, sepia, orange, or teal grading.
Top Left: Winter-Quarter Stores. Compose an unmistakable cluster from historically appropriate period weapons, armour fittings, remount gear, route markers, and ration vessels. Historical brief: Distributed food, fuel, bedding, and repair materials reduced destructive foraging around seasonal quarters.
Top Right: Hostage-Exchange Guarantees. Compose an unmistakable cluster from historically appropriate seals, tally sticks, document tablets, weights, and council tokens. Historical brief: Neutral custody, kinship ties, and witnessed terms made political sureties more predictable.
Bottom Left: Route-Interpreter Households. Compose an unmistakable cluster from historically appropriate writing materials where attested, teaching objects, instruments, models, and catalogued specimens. Historical brief: Multilingual households preserved practical knowledge of roads, markets, tolls, hosts, and diplomatic etiquette.
Bottom Right: Resettlement Boundary Surveys. Compose an unmistakable cluster from historically appropriate seals, tally sticks, document tablets, weights, and council tokens. Historical brief: Witnessed walks and durable markers defined new fields, pastures, water access, and obligations after movement.
Constraints: exactly four different icons; material culture appropriate to AD 1-476; visually distinguish all four by silhouette and materials; no repeated central object; no text, letters, numerals, maps, heraldry, portraits, people, modern objects, medieval plate armour, firearms, borders, badges, readable inscriptions, or watermark.
Avoid: generic fantasy props, cheap yellow filter, muddy monochrome, crowded miniature scenes, full buildings, square picture backgrounds, drop shadows on the green, vignette, quadrant dividers, or any object crossing a quadrant boundary."
sheet_018.png,top_right,antq_shared_hostage_exchange_guarantees,Federate Age,statecraft,Hostage-Exchange Guarantees,"Neutral custody, kinship ties, and witnessed terms made political sureties more predictable.",P15;CAH-XII;P20,assets_queue/references/vanilla_advance_style_reference.png,"Use case: stylized-concept
Asset type: exactly four separate Europa Universalis V advance-icon cutouts
Primary request: Create four distinct archaeological still-life icon compositions in a clean 2x2 grid.
Input image: the supplied image is an exact installed EU5 advance-icon reference. Match its crisp isolated-object rendering, realistic material detail, restrained natural color, edge treatment, transparent-cutout composition, and premium finish exactly.
Scene/backdrop: perfectly flat solid #00ff00 chroma-key field in all four cells; no dividers, frames, texture, gradients, floor plane, or lighting variation in the green.
Composition/framing: one centered and generously padded object cluster per quadrant. Keep all objects wholly inside their own quadrant with large clear gaps at the centre lines.
Lighting/mood: neutral soft studio light, controlled highlights, authentic material colours. Absolutely no yellow, sepia, orange, or teal grading.
Top Left: Winter-Quarter Stores. Compose an unmistakable cluster from historically appropriate period weapons, armour fittings, remount gear, route markers, and ration vessels. Historical brief: Distributed food, fuel, bedding, and repair materials reduced destructive foraging around seasonal quarters.
Top Right: Hostage-Exchange Guarantees. Compose an unmistakable cluster from historically appropriate seals, tally sticks, document tablets, weights, and council tokens. Historical brief: Neutral custody, kinship ties, and witnessed terms made political sureties more predictable.
Bottom Left: Route-Interpreter Households. Compose an unmistakable cluster from historically appropriate writing materials where attested, teaching objects, instruments, models, and catalogued specimens. Historical brief: Multilingual households preserved practical knowledge of roads, markets, tolls, hosts, and diplomatic etiquette.
Bottom Right: Resettlement Boundary Surveys. Compose an unmistakable cluster from historically appropriate seals, tally sticks, document tablets, weights, and council tokens. Historical brief: Witnessed walks and durable markers defined new fields, pastures, water access, and obligations after movement.
Constraints: exactly four different icons; material culture appropriate to AD 1-476; visually distinguish all four by silhouette and materials; no repeated central object; no text, letters, numerals, maps, heraldry, portraits, people, modern objects, medieval plate armour, firearms, borders, badges, readable inscriptions, or watermark.
Avoid: generic fantasy props, cheap yellow filter, muddy monochrome, crowded miniature scenes, full buildings, square picture backgrounds, drop shadows on the green, vignette, quadrant dividers, or any object crossing a quadrant boundary."
sheet_018.png,bottom_left,antq_shared_route_interpreter_households,Federate Age,learning,Route-Interpreter Households,"Multilingual households preserved practical knowledge of roads, markets, tolls, hosts, and diplomatic etiquette.",P15;CAH-XII;P20,assets_queue/references/vanilla_advance_style_reference.png,"Use case: stylized-concept
Asset type: exactly four separate Europa Universalis V advance-icon cutouts
Primary request: Create four distinct archaeological still-life icon compositions in a clean 2x2 grid.
Input image: the supplied image is an exact installed EU5 advance-icon reference. Match its crisp isolated-object rendering, realistic material detail, restrained natural color, edge treatment, transparent-cutout composition, and premium finish exactly.
Scene/backdrop: perfectly flat solid #00ff00 chroma-key field in all four cells; no dividers, frames, texture, gradients, floor plane, or lighting variation in the green.
Composition/framing: one centered and generously padded object cluster per quadrant. Keep all objects wholly inside their own quadrant with large clear gaps at the centre lines.
Lighting/mood: neutral soft studio light, controlled highlights, authentic material colours. Absolutely no yellow, sepia, orange, or teal grading.
Top Left: Winter-Quarter Stores. Compose an unmistakable cluster from historically appropriate period weapons, armour fittings, remount gear, route markers, and ration vessels. Historical brief: Distributed food, fuel, bedding, and repair materials reduced destructive foraging around seasonal quarters.
Top Right: Hostage-Exchange Guarantees. Compose an unmistakable cluster from historically appropriate seals, tally sticks, document tablets, weights, and council tokens. Historical brief: Neutral custody, kinship ties, and witnessed terms made political sureties more predictable.
Bottom Left: Route-Interpreter Households. Compose an unmistakable cluster from historically appropriate writing materials where attested, teaching objects, instruments, models, and catalogued specimens. Historical brief: Multilingual households preserved practical knowledge of roads, markets, tolls, hosts, and diplomatic etiquette.
Bottom Right: Resettlement Boundary Surveys. Compose an unmistakable cluster from historically appropriate seals, tally sticks, document tablets, weights, and council tokens. Historical brief: Witnessed walks and durable markers defined new fields, pastures, water access, and obligations after movement.
Constraints: exactly four different icons; material culture appropriate to AD 1-476; visually distinguish all four by silhouette and materials; no repeated central object; no text, letters, numerals, maps, heraldry, portraits, people, modern objects, medieval plate armour, firearms, borders, badges, readable inscriptions, or watermark.
Avoid: generic fantasy props, cheap yellow filter, muddy monochrome, crowded miniature scenes, full buildings, square picture backgrounds, drop shadows on the green, vignette, quadrant dividers, or any object crossing a quadrant boundary."
sheet_018.png,bottom_right,antq_shared_resettlement_boundary_surveys,Migrations,statecraft,Resettlement Boundary Surveys,"Witnessed walks and durable markers defined new fields, pastures, water access, and obligations after movement.",P15;CAH-XII;P20,assets_queue/references/vanilla_advance_style_reference.png,"Use case: stylized-concept
Asset type: exactly four separate Europa Universalis V advance-icon cutouts
Primary request: Create four distinct archaeological still-life icon compositions in a clean 2x2 grid.
Input image: the supplied image is an exact installed EU5 advance-icon reference. Match its crisp isolated-object rendering, realistic material detail, restrained natural color, edge treatment, transparent-cutout composition, and premium finish exactly.
Scene/backdrop: perfectly flat solid #00ff00 chroma-key field in all four cells; no dividers, frames, texture, gradients, floor plane, or lighting variation in the green.
Composition/framing: one centered and generously padded object cluster per quadrant. Keep all objects wholly inside their own quadrant with large clear gaps at the centre lines.
Lighting/mood: neutral soft studio light, controlled highlights, authentic material colours. Absolutely no yellow, sepia, orange, or teal grading.
Top Left: Winter-Quarter Stores. Compose an unmistakable cluster from historically appropriate period weapons, armour fittings, remount gear, route markers, and ration vessels. Historical brief: Distributed food, fuel, bedding, and repair materials reduced destructive foraging around seasonal quarters.
Top Right: Hostage-Exchange Guarantees. Compose an unmistakable cluster from historically appropriate seals, tally sticks, document tablets, weights, and council tokens. Historical brief: Neutral custody, kinship ties, and witnessed terms made political sureties more predictable.
Bottom Left: Route-Interpreter Households. Compose an unmistakable cluster from historically appropriate writing materials where attested, teaching objects, instruments, models, and catalogued specimens. Historical brief: Multilingual households preserved practical knowledge of roads, markets, tolls, hosts, and diplomatic etiquette.
Bottom Right: Resettlement Boundary Surveys. Compose an unmistakable cluster from historically appropriate seals, tally sticks, document tablets, weights, and council tokens. Historical brief: Witnessed walks and durable markers defined new fields, pastures, water access, and obligations after movement.
Constraints: exactly four different icons; material culture appropriate to AD 1-476; visually distinguish all four by silhouette and materials; no repeated central object; no text, letters, numerals, maps, heraldry, portraits, people, modern objects, medieval plate armour, firearms, borders, badges, readable inscriptions, or watermark.
Avoid: generic fantasy props, cheap yellow filter, muddy monochrome, crowded miniature scenes, full buildings, square picture backgrounds, drop shadows on the green, vignette, quadrant dividers, or any object crossing a quadrant boundary."
sheet_019.png,top_left,antq_shared_mobile_market_camps,Migrations,exchange,Mobile Market Camps,"Temporary stalls, corrals, storage, and guarded meeting grounds followed shifting populations and routes.",P15;CAH-XII;P20,assets_queue/references/vanilla_advance_style_reference.png,"Use case: stylized-concept
Asset type: exactly four separate Europa Universalis V advance-icon cutouts
Primary request: Create four distinct archaeological still-life icon compositions in a clean 2x2 grid.
Input image: the supplied image is an exact installed EU5 advance-icon reference. Match its crisp isolated-object rendering, realistic material detail, restrained natural color, edge treatment, transparent-cutout composition, and premium finish exactly.
Scene/backdrop: perfectly flat solid #00ff00 chroma-key field in all four cells; no dividers, frames, texture, gradients, floor plane, or lighting variation in the green.
Composition/framing: one centered and generously padded object cluster per quadrant. Keep all objects wholly inside their own quadrant with large clear gaps at the centre lines.
Lighting/mood: neutral soft studio light, controlled highlights, authentic material colours. Absolutely no yellow, sepia, orange, or teal grading.
Top Left: Mobile Market Camps. Compose an unmistakable cluster from historically appropriate weights, containers, route objects, coins or weighed media, cordage, and cargo seals. Historical brief: Temporary stalls, corrals, storage, and guarded meeting grounds followed shifting populations and routes.
Top Right: Portable Ritual Equipment. Compose an unmistakable cluster from historically appropriate household, ritual, charitable, assembly, craft, and settlement objects. Historical brief: Transportable vessels, textiles, emblems, and instruments sustained communal rites during displacement.
Bottom Left: Migrant Crop Exchanges. Compose an unmistakable cluster from historically appropriate writing materials where attested, teaching objects, instruments, models, and catalogued specimens. Historical brief: Moving cultivators carried seeds and techniques while learning which varieties suited unfamiliar soils and seasons.
Bottom Right: Multilingual Brokers. Compose an unmistakable cluster from historically appropriate weights, containers, route objects, coins or weighed media, cordage, and cargo seals. Historical brief: Intermediaries translated language, measures, gifts, guarantees, and political expectations between newcomers and hosts.
Constraints: exactly four different icons; material culture appropriate to AD 1-476; visually distinguish all four by silhouette and materials; no repeated central object; no text, letters, numerals, maps, heraldry, portraits, people, modern objects, medieval plate armour, firearms, borders, badges, readable inscriptions, or watermark.
Avoid: generic fantasy props, cheap yellow filter, muddy monochrome, crowded miniature scenes, full buildings, square picture backgrounds, drop shadows on the green, vignette, quadrant dividers, or any object crossing a quadrant boundary."
sheet_019.png,top_right,antq_shared_portable_ritual_equipment,Migrations,society,Portable Ritual Equipment,"Transportable vessels, textiles, emblems, and instruments sustained communal rites during displacement.",P15;CAH-XII;P20,assets_queue/references/vanilla_advance_style_reference.png,"Use case: stylized-concept
Asset type: exactly four separate Europa Universalis V advance-icon cutouts
Primary request: Create four distinct archaeological still-life icon compositions in a clean 2x2 grid.
Input image: the supplied image is an exact installed EU5 advance-icon reference. Match its crisp isolated-object rendering, realistic material detail, restrained natural color, edge treatment, transparent-cutout composition, and premium finish exactly.
Scene/backdrop: perfectly flat solid #00ff00 chroma-key field in all four cells; no dividers, frames, texture, gradients, floor plane, or lighting variation in the green.
Composition/framing: one centered and generously padded object cluster per quadrant. Keep all objects wholly inside their own quadrant with large clear gaps at the centre lines.
Lighting/mood: neutral soft studio light, controlled highlights, authentic material colours. Absolutely no yellow, sepia, orange, or teal grading.
Top Left: Mobile Market Camps. Compose an unmistakable cluster from historically appropriate weights, containers, route objects, coins or weighed media, cordage, and cargo seals. Historical brief: Temporary stalls, corrals, storage, and guarded meeting grounds followed shifting populations and routes.
Top Right: Portable Ritual Equipment. Compose an unmistakable cluster from historically appropriate household, ritual, charitable, assembly, craft, and settlement objects. Historical brief: Transportable vessels, textiles, emblems, and instruments sustained communal rites during displacement.
Bottom Left: Migrant Crop Exchanges. Compose an unmistakable cluster from historically appropriate writing materials where attested, teaching objects, instruments, models, and catalogued specimens. Historical brief: Moving cultivators carried seeds and techniques while learning which varieties suited unfamiliar soils and seasons.
Bottom Right: Multilingual Brokers. Compose an unmistakable cluster from historically appropriate weights, containers, route objects, coins or weighed media, cordage, and cargo seals. Historical brief: Intermediaries translated language, measures, gifts, guarantees, and political expectations between newcomers and hosts.
Constraints: exactly four different icons; material culture appropriate to AD 1-476; visually distinguish all four by silhouette and materials; no repeated central object; no text, letters, numerals, maps, heraldry, portraits, people, modern objects, medieval plate armour, firearms, borders, badges, readable inscriptions, or watermark.
Avoid: generic fantasy props, cheap yellow filter, muddy monochrome, crowded miniature scenes, full buildings, square picture backgrounds, drop shadows on the green, vignette, quadrant dividers, or any object crossing a quadrant boundary."
sheet_019.png,bottom_left,antq_shared_migrant_crop_exchanges,Migrations,learning,Migrant Crop Exchanges,Moving cultivators carried seeds and techniques while learning which varieties suited unfamiliar soils and seasons.,P15;CAH-XII;P20,assets_queue/references/vanilla_advance_style_reference.png,"Use case: stylized-concept
Asset type: exactly four separate Europa Universalis V advance-icon cutouts
Primary request: Create four distinct archaeological still-life icon compositions in a clean 2x2 grid.
Input image: the supplied image is an exact installed EU5 advance-icon reference. Match its crisp isolated-object rendering, realistic material detail, restrained natural color, edge treatment, transparent-cutout composition, and premium finish exactly.
Scene/backdrop: perfectly flat solid #00ff00 chroma-key field in all four cells; no dividers, frames, texture, gradients, floor plane, or lighting variation in the green.
Composition/framing: one centered and generously padded object cluster per quadrant. Keep all objects wholly inside their own quadrant with large clear gaps at the centre lines.
Lighting/mood: neutral soft studio light, controlled highlights, authentic material colours. Absolutely no yellow, sepia, orange, or teal grading.
Top Left: Mobile Market Camps. Compose an unmistakable cluster from historically appropriate weights, containers, route objects, coins or weighed media, cordage, and cargo seals. Historical brief: Temporary stalls, corrals, storage, and guarded meeting grounds followed shifting populations and routes.
Top Right: Portable Ritual Equipment. Compose an unmistakable cluster from historically appropriate household, ritual, charitable, assembly, craft, and settlement objects. Historical brief: Transportable vessels, textiles, emblems, and instruments sustained communal rites during displacement.
Bottom Left: Migrant Crop Exchanges. Compose an unmistakable cluster from historically appropriate writing materials where attested, teaching objects, instruments, models, and catalogued specimens. Historical brief: Moving cultivators carried seeds and techniques while learning which varieties suited unfamiliar soils and seasons.
Bottom Right: Multilingual Brokers. Compose an unmistakable cluster from historically appropriate weights, containers, route objects, coins or weighed media, cordage, and cargo seals. Historical brief: Intermediaries translated language, measures, gifts, guarantees, and political expectations between newcomers and hosts.
Constraints: exactly four different icons; material culture appropriate to AD 1-476; visually distinguish all four by silhouette and materials; no repeated central object; no text, letters, numerals, maps, heraldry, portraits, people, modern objects, medieval plate armour, firearms, borders, badges, readable inscriptions, or watermark.
Avoid: generic fantasy props, cheap yellow filter, muddy monochrome, crowded miniature scenes, full buildings, square picture backgrounds, drop shadows on the green, vignette, quadrant dividers, or any object crossing a quadrant boundary."
sheet_019.png,bottom_right,antq_shared_multilingual_brokers,Migrations,exchange,Multilingual Brokers,"Intermediaries translated language, measures, gifts, guarantees, and political expectations between newcomers and hosts.",P15;CAH-XII;P20,assets_queue/references/vanilla_advance_style_reference.png,"Use case: stylized-concept
Asset type: exactly four separate Europa Universalis V advance-icon cutouts
Primary request: Create four distinct archaeological still-life icon compositions in a clean 2x2 grid.
Input image: the supplied image is an exact installed EU5 advance-icon reference. Match its crisp isolated-object rendering, realistic material detail, restrained natural color, edge treatment, transparent-cutout composition, and premium finish exactly.
Scene/backdrop: perfectly flat solid #00ff00 chroma-key field in all four cells; no dividers, frames, texture, gradients, floor plane, or lighting variation in the green.
Composition/framing: one centered and generously padded object cluster per quadrant. Keep all objects wholly inside their own quadrant with large clear gaps at the centre lines.
Lighting/mood: neutral soft studio light, controlled highlights, authentic material colours. Absolutely no yellow, sepia, orange, or teal grading.
Top Left: Mobile Market Camps. Compose an unmistakable cluster from historically appropriate weights, containers, route objects, coins or weighed media, cordage, and cargo seals. Historical brief: Temporary stalls, corrals, storage, and guarded meeting grounds followed shifting populations and routes.
Top Right: Portable Ritual Equipment. Compose an unmistakable cluster from historically appropriate household, ritual, charitable, assembly, craft, and settlement objects. Historical brief: Transportable vessels, textiles, emblems, and instruments sustained communal rites during displacement.
Bottom Left: Migrant Crop Exchanges. Compose an unmistakable cluster from historically appropriate writing materials where attested, teaching objects, instruments, models, and catalogued specimens. Historical brief: Moving cultivators carried seeds and techniques while learning which varieties suited unfamiliar soils and seasons.
Bottom Right: Multilingual Brokers. Compose an unmistakable cluster from historically appropriate weights, containers, route objects, coins or weighed media, cordage, and cargo seals. Historical brief: Intermediaries translated language, measures, gifts, guarantees, and political expectations between newcomers and hosts.
Constraints: exactly four different icons; material culture appropriate to AD 1-476; visually distinguish all four by silhouette and materials; no repeated central object; no text, letters, numerals, maps, heraldry, portraits, people, modern objects, medieval plate armour, firearms, borders, badges, readable inscriptions, or watermark.
Avoid: generic fantasy props, cheap yellow filter, muddy monochrome, crowded miniature scenes, full buildings, square picture backgrounds, drop shadows on the green, vignette, quadrant dividers, or any object crossing a quadrant boundary."
sheet_020.png,top_left,antq_shared_transport_train_repairs,Migrations,warfare,Transport-Train Repairs,"Mobile smiths, woodworkers, leatherworkers, and rope makers kept carts, pack gear, boats, and containers serviceable.",P15;CAH-XII;P20,assets_queue/references/vanilla_advance_style_reference.png,"Use case: stylized-concept
Asset type: exactly four separate Europa Universalis V advance-icon cutouts
Primary request: Create four distinct archaeological still-life icon compositions in a clean 2x2 grid.
Input image: the supplied image is an exact installed EU5 advance-icon reference. Match its crisp isolated-object rendering, realistic material detail, restrained natural color, edge treatment, transparent-cutout composition, and premium finish exactly.
Scene/backdrop: perfectly flat solid #00ff00 chroma-key field in all four cells; no dividers, frames, texture, gradients, floor plane, or lighting variation in the green.
Composition/framing: one centered and generously padded object cluster per quadrant. Keep all objects wholly inside their own quadrant with large clear gaps at the centre lines.
Lighting/mood: neutral soft studio light, controlled highlights, authentic material colours. Absolutely no yellow, sepia, orange, or teal grading.
Top Left: Transport-Train Repairs. Compose an unmistakable cluster from historically appropriate period weapons, armour fittings, remount gear, route markers, and ration vessels. Historical brief: Mobile smiths, woodworkers, leatherworkers, and rope makers kept carts, pack gear, boats, and containers serviceable.
Top Right: River-Crossing Flotillas. Compose an unmistakable cluster from historically appropriate period weapons, armour fittings, remount gear, route markers, and ration vessels. Historical brief: Collected boats, rafts, pilots, rope, and landing crews moved large groups across difficult waterways.
Bottom Left: Dispersed Refuge Networks. Compose an unmistakable cluster from historically appropriate household, ritual, charitable, assembly, craft, and settlement objects. Historical brief: Several small refuges, food caches, paths, and host communities reduced reliance on one vulnerable centre.
Bottom Right: Successor Toll Compacts. Compose an unmistakable cluster from historically appropriate seals, tally sticks, document tablets, weights, and council tokens. Historical brief: Neighbouring authorities negotiated passage dues and safe conduct where older political systems had fragmented.
Constraints: exactly four different icons; material culture appropriate to AD 1-476; visually distinguish all four by silhouette and materials; no repeated central object; no text, letters, numerals, maps, heraldry, portraits, people, modern objects, medieval plate armour, firearms, borders, badges, readable inscriptions, or watermark.
Avoid: generic fantasy props, cheap yellow filter, muddy monochrome, crowded miniature scenes, full buildings, square picture backgrounds, drop shadows on the green, vignette, quadrant dividers, or any object crossing a quadrant boundary."
sheet_020.png,top_right,antq_shared_river_crossing_flotillas,Migrations,warfare,River-Crossing Flotillas,"Collected boats, rafts, pilots, rope, and landing crews moved large groups across difficult waterways.",P15;CAH-XII;P20,assets_queue/references/vanilla_advance_style_reference.png,"Use case: stylized-concept
Asset type: exactly four separate Europa Universalis V advance-icon cutouts
Primary request: Create four distinct archaeological still-life icon compositions in a clean 2x2 grid.
Input image: the supplied image is an exact installed EU5 advance-icon reference. Match its crisp isolated-object rendering, realistic material detail, restrained natural color, edge treatment, transparent-cutout composition, and premium finish exactly.
Scene/backdrop: perfectly flat solid #00ff00 chroma-key field in all four cells; no dividers, frames, texture, gradients, floor plane, or lighting variation in the green.
Composition/framing: one centered and generously padded object cluster per quadrant. Keep all objects wholly inside their own quadrant with large clear gaps at the centre lines.
Lighting/mood: neutral soft studio light, controlled highlights, authentic material colours. Absolutely no yellow, sepia, orange, or teal grading.
Top Left: Transport-Train Repairs. Compose an unmistakable cluster from historically appropriate period weapons, armour fittings, remount gear, route markers, and ration vessels. Historical brief: Mobile smiths, woodworkers, leatherworkers, and rope makers kept carts, pack gear, boats, and containers serviceable.
Top Right: River-Crossing Flotillas. Compose an unmistakable cluster from historically appropriate period weapons, armour fittings, remount gear, route markers, and ration vessels. Historical brief: Collected boats, rafts, pilots, rope, and landing crews moved large groups across difficult waterways.
Bottom Left: Dispersed Refuge Networks. Compose an unmistakable cluster from historically appropriate household, ritual, charitable, assembly, craft, and settlement objects. Historical brief: Several small refuges, food caches, paths, and host communities reduced reliance on one vulnerable centre.
Bottom Right: Successor Toll Compacts. Compose an unmistakable cluster from historically appropriate seals, tally sticks, document tablets, weights, and council tokens. Historical brief: Neighbouring authorities negotiated passage dues and safe conduct where older political systems had fragmented.
Constraints: exactly four different icons; material culture appropriate to AD 1-476; visually distinguish all four by silhouette and materials; no repeated central object; no text, letters, numerals, maps, heraldry, portraits, people, modern objects, medieval plate armour, firearms, borders, badges, readable inscriptions, or watermark.
Avoid: generic fantasy props, cheap yellow filter, muddy monochrome, crowded miniature scenes, full buildings, square picture backgrounds, drop shadows on the green, vignette, quadrant dividers, or any object crossing a quadrant boundary."
sheet_020.png,bottom_left,antq_shared_dispersed_refuge_networks,Migrations,society,Dispersed Refuge Networks,"Several small refuges, food caches, paths, and host communities reduced reliance on one vulnerable centre.",P15;CAH-XII;P20,assets_queue/references/vanilla_advance_style_reference.png,"Use case: stylized-concept
Asset type: exactly four separate Europa Universalis V advance-icon cutouts
Primary request: Create four distinct archaeological still-life icon compositions in a clean 2x2 grid.
Input image: the supplied image is an exact installed EU5 advance-icon reference. Match its crisp isolated-object rendering, realistic material detail, restrained natural color, edge treatment, transparent-cutout composition, and premium finish exactly.
Scene/backdrop: perfectly flat solid #00ff00 chroma-key field in all four cells; no dividers, frames, texture, gradients, floor plane, or lighting variation in the green.
Composition/framing: one centered and generously padded object cluster per quadrant. Keep all objects wholly inside their own quadrant with large clear gaps at the centre lines.
Lighting/mood: neutral soft studio light, controlled highlights, authentic material colours. Absolutely no yellow, sepia, orange, or teal grading.
Top Left: Transport-Train Repairs. Compose an unmistakable cluster from historically appropriate period weapons, armour fittings, remount gear, route markers, and ration vessels. Historical brief: Mobile smiths, woodworkers, leatherworkers, and rope makers kept carts, pack gear, boats, and containers serviceable.
Top Right: River-Crossing Flotillas. Compose an unmistakable cluster from historically appropriate period weapons, armour fittings, remount gear, route markers, and ration vessels. Historical brief: Collected boats, rafts, pilots, rope, and landing crews moved large groups across difficult waterways.
Bottom Left: Dispersed Refuge Networks. Compose an unmistakable cluster from historically appropriate household, ritual, charitable, assembly, craft, and settlement objects. Historical brief: Several small refuges, food caches, paths, and host communities reduced reliance on one vulnerable centre.
Bottom Right: Successor Toll Compacts. Compose an unmistakable cluster from historically appropriate seals, tally sticks, document tablets, weights, and council tokens. Historical brief: Neighbouring authorities negotiated passage dues and safe conduct where older political systems had fragmented.
Constraints: exactly four different icons; material culture appropriate to AD 1-476; visually distinguish all four by silhouette and materials; no repeated central object; no text, letters, numerals, maps, heraldry, portraits, people, modern objects, medieval plate armour, firearms, borders, badges, readable inscriptions, or watermark.
Avoid: generic fantasy props, cheap yellow filter, muddy monochrome, crowded miniature scenes, full buildings, square picture backgrounds, drop shadows on the green, vignette, quadrant dividers, or any object crossing a quadrant boundary."
sheet_020.png,bottom_right,antq_shared_successor_toll_compacts,Migrations,statecraft,Successor Toll Compacts,Neighbouring authorities negotiated passage dues and safe conduct where older political systems had fragmented.,P15;CAH-XII;P20,assets_queue/references/vanilla_advance_style_reference.png,"Use case: stylized-concept
Asset type: exactly four separate Europa Universalis V advance-icon cutouts
Primary request: Create four distinct archaeological still-life icon compositions in a clean 2x2 grid.
Input image: the supplied image is an exact installed EU5 advance-icon reference. Match its crisp isolated-object rendering, realistic material detail, restrained natural color, edge treatment, transparent-cutout composition, and premium finish exactly.
Scene/backdrop: perfectly flat solid #00ff00 chroma-key field in all four cells; no dividers, frames, texture, gradients, floor plane, or lighting variation in the green.
Composition/framing: one centered and generously padded object cluster per quadrant. Keep all objects wholly inside their own quadrant with large clear gaps at the centre lines.
Lighting/mood: neutral soft studio light, controlled highlights, authentic material colours. Absolutely no yellow, sepia, orange, or teal grading.
Top Left: Transport-Train Repairs. Compose an unmistakable cluster from historically appropriate period weapons, armour fittings, remount gear, route markers, and ration vessels. Historical brief: Mobile smiths, woodworkers, leatherworkers, and rope makers kept carts, pack gear, boats, and containers serviceable.
Top Right: River-Crossing Flotillas. Compose an unmistakable cluster from historically appropriate period weapons, armour fittings, remount gear, route markers, and ration vessels. Historical brief: Collected boats, rafts, pilots, rope, and landing crews moved large groups across difficult waterways.
Bottom Left: Dispersed Refuge Networks. Compose an unmistakable cluster from historically appropriate household, ritual, charitable, assembly, craft, and settlement objects. Historical brief: Several small refuges, food caches, paths, and host communities reduced reliance on one vulnerable centre.
Bottom Right: Successor Toll Compacts. Compose an unmistakable cluster from historically appropriate seals, tally sticks, document tablets, weights, and council tokens. Historical brief: Neighbouring authorities negotiated passage dues and safe conduct where older political systems had fragmented.
Constraints: exactly four different icons; material culture appropriate to AD 1-476; visually distinguish all four by silhouette and materials; no repeated central object; no text, letters, numerals, maps, heraldry, portraits, people, modern objects, medieval plate armour, firearms, borders, badges, readable inscriptions, or watermark.
Avoid: generic fantasy props, cheap yellow filter, muddy monochrome, crowded miniature scenes, full buildings, square picture backgrounds, drop shadows on the green, vignette, quadrant dividers, or any object crossing a quadrant boundary."
