location,categories,historical_name,layer,classification,source,confidence,note
aalborg,capital|priority_germania|priority_germania_scandinavia,Northern Jutland communities,priority_proxy,conservative_regional_proxy,P8.7;STR-GER;TAC-GER;OCD-GER;PLE;GEO-PROXY,tier2,High-visibility capital replacement for a synthetic Tier-3 form. CMB roster capital/territorial label on its documented engine proxy; the engine field is a documented proxy and not an exact settlement polygon.
aalst,priority_gaul|priority_germania_north,[EU5 vanilla pass-through],roman_vanilla_passthrough,unresolved_vanilla_passthrough,P10;PLE,contested,The Roman identity audit found no sufficiently secure AD 1 field identity. Runtime localization deliberately falls through to EU5 vanilla instead of emitting a synthetic name.
aarau,priority_germania_south,[EU5 vanilla pass-through],roman_vanilla_passthrough,unresolved_vanilla_passthrough,P10;PLE,contested,The Roman identity audit found no sufficiently secure AD 1 field identity. Runtime localization deliberately falls through to EU5 vanilla instead of emitting a synthetic name.
aarhus,priority_germania|priority_germania_scandinavia,Aarhus,priority_proxy,transparent_map_fallback,T3N:installed-label;T3N:transparent-map-label,tier2,High-visibility unresolved field retains a concise installed cartographic label. It is explicitly not presented as an attested ancient settlement name.
abakasnk,capital,Minusinsk Basin transition,priority_proxy,conservative_regional_proxy,FU-TASHTYK;P8.8;GEO-PROXY,tier2,High-visibility capital replacement for a synthetic Tier-3 form. SIB roster capital/territorial label on its documented engine proxy; the engine field is a documented proxy and not an exact settlement polygon.
aberdeen,capital,Devana,priority_proxy,conservative_regional_proxy,P8.7;PTO-GEO-II2;MANN-BRI;GEO-PROXY,tier2,High-visibility capital replacement for a synthetic Tier-3 form. TAE roster capital/territorial label on its documented engine proxy; the engine field is a documented proxy and not an exact settlement polygon.
adachi_kanto,priority_japan,Adachi,priority_proxy,transparent_map_fallback,T3N:installed-label;T3N:transparent-map-label,tier2,High-visibility unresolved field retains a concise installed cartographic label. It is explicitly not presented as an attested ancient settlement name.
adana,priority_anatolia,Mallos,tier2_ultra,conservative_regional_proxy,PLE:648702;PLN:648702/mallos;T2U,tier2,Ultra-far Tier-2 AD 1 Pleiades settlement adapter; period-valid name resource 648702/mallos; nearest installed city field at 13.08px; ultra-far lower-confidence map proxy.
adanki,priority_india_deccan,Adanki,priority_proxy,transparent_map_fallback,T3N:installed-label;T3N:transparent-map-label,tier2,High-visibility unresolved field retains a concise installed cartographic label. It is explicitly not presented as an attested ancient settlement name.
afsin,priority_anatolia,Maroga,tier2_far,conservative_regional_proxy,PLE:629033;PLN:629033/maroga;T2F,tier2,Far Tier-2 AD 1 Pleiades settlement adapter; period-valid name resource 629033/maroga; nearest installed city field at 8.49px; far lower-confidence map proxy.
agar,priority_india_central,Agar,priority_proxy,transparent_map_fallback,T3N:installed-label;T3N:transparent-map-label,tier2,High-visibility unresolved field retains a concise installed cartographic label. It is explicitly not presented as an attested ancient settlement name.
agartala,priority_india_bengal,Agartala,priority_proxy,transparent_map_fallback,T3N:installed-label;T3N:transparent-map-label,tier2,High-visibility unresolved field retains a concise installed cartographic label. It is explicitly not presented as an attested ancient settlement name.
agatsuma,capital,Kanto and inland Honshu communities,priority_proxy,conservative_regional_proxy,JAA-YAY;P8.3;GEO-PROXY,tier2,High-visibility capital replacement for a synthetic Tier-3 form. EHW roster capital/territorial label on its documented engine proxy; the engine field is a documented proxy and not an exact settlement polygon.
agde,priority_gaul|priority_roman_gaul,Agatha,tier2_far,conservative_regional_proxy,PLE:147985;PLN:147985/agatha;T2F,tier2,Far Tier-2 AD 1 Pleiades settlement adapter; period-valid name resource 147985/agatha; nearest installed city field at 10.75px; far lower-confidence map proxy.
agnam_civol,priority_west_africa|priority_west_africa_guinea,Agnam Civol,priority_proxy,transparent_map_fallback,T3N:installed-label;T3N:transparent-map-label,tier2,High-visibility unresolved field retains a concise installed cartographic label. It is explicitly not presented as an attested ancient settlement name.
agra,priority_india|priority_india_hindustan,Batankaisara,tier2_ultra,conservative_regional_proxy,PLE:59739;PLN:59739/batankaisara;T2U,tier2,Ultra-far Tier-2 AD 1 Pleiades settlement adapter; period-valid name resource 59739/batankaisara; nearest installed city field at 18.69px; ultra-far lower-confidence map proxy.
ahuacatlan,capital,Nayarit shaft-tomb valleys,priority_proxy,conservative_regional_proxy,INAH-WEST-SHAFT;GEO-PROXY,tier2,High-visibility capital replacement for a synthetic Tier-3 form. NYS roster capital/territorial label on its documented engine proxy; the engine field is a documented proxy and not an exact settlement polygon.
aichi,capital|priority_japan,Tokai Yayoi communities,priority_proxy,conservative_regional_proxy,JAA-YAY;P8.3;GEO-PROXY,tier2,High-visibility capital replacement for a synthetic Tier-3 form. TKW roster capital/territorial label on its documented engine proxy; the engine field is a documented proxy and not an exact settlement polygon.
aigun,capital,Middle Amur Confluence,qualified,conservative_regional_proxy,NMJH-YIL;CAM-PROTOTUNGUSIC;P8.3,tier2,Qualified geographic anchor without backdating the later Aigun settlement.
aikou,priority_japan,Aikō,priority_proxy,transparent_map_fallback,T3N:installed-label;T3N:transparent-map-label,tier2,High-visibility unresolved field retains a concise installed cartographic label. It is explicitly not presented as an attested ancient settlement name.
aimi,priority_japan,Aimi,priority_proxy,transparent_map_fallback,T3N:installed-label;T3N:transparent-map-label,tier2,High-visibility unresolved field retains a concise installed cartographic label. It is explicitly not presented as an attested ancient settlement name.
ajaccio,priority_italy|priority_roman_italy,Agiation,tier2_far,conservative_regional_proxy,PLE:472047;PLN:472047/agiation;T2F,tier2,Far Tier-2 AD 1 Pleiades settlement adapter; period-valid name resource 472047/agiation; nearest installed city field at 6.70px; far lower-confidence map proxy.
ajdabiya,priority_roman_egypt,Boreum,tier2_ultra,conservative_regional_proxy,PLE:363948;PLN:363948/boreum;T2U,tier2,Ultra-far Tier-2 AD 1 Pleiades settlement adapter; period-valid name resource 363948/boreum; nearest installed city field at 17.55px; ultra-far lower-confidence map proxy.
ajim,priority_roman_maghreb,Gidaphta,tier2_remote,conservative_regional_proxy,PLE:344379;PLN:344379/gidaphta;T2R,tier2,Remote Tier-2 AD 1 Pleiades settlement adapter; period-valid name resource 344379/gidaphta; nearest installed city field at 5.89px; remote lower-confidence map proxy.
ajmer,capital,Dhudhar and eastern Aravalli communities,priority_proxy,conservative_regional_proxy,ASI-WESTERN-INDIA;UOA-PERIPLUS;BM-TRIBAL-COINS;P8.4;GEO-PROXY,tier2,High-visibility capital replacement for a synthetic Tier-3 form. MTS roster capital/territorial label on its documented engine proxy; the engine field is a documented proxy and not an exact settlement polygon.
akashi,priority_japan,Akashi,priority_proxy,transparent_map_fallback,T3N:installed-label;T3N:transparent-map-label,tier2,High-visibility unresolved field retains a concise installed cartographic label. It is explicitly not presented as an attested ancient settlement name.
akcasehir,priority_roman_anatolia,Prusias ad Hypium,tier2_remote,conservative_regional_proxy,PLE:845049;PLN:845049/prusias-ad-hypium;T2R,tier2,Remote Tier-2 AD 1 Pleiades settlement adapter; period-valid name resource 845049/prusias-ad-hypium; nearest installed city field at 4.50px; remote lower-confidence map proxy.
akdagmadeni,priority_anatolia,Agranai,tier2_far,conservative_regional_proxy,PLE:628919;PLN:628919/agranai;T2F,tier2,Far Tier-2 AD 1 Pleiades settlement adapter; period-valid name resource 628919/agranai; nearest installed city field at 11.09px; far lower-confidence map proxy.
akhmim,priority_roman_egypt,Panopolis,curated,attested,PLE:756613,secure,Direct Panopolis Schmin settlement point at the installed Akhmim city proxy.
aki,capital|priority_japan,Sanyo Yayoi communities,priority_proxy,conservative_regional_proxy,JAA-YAY;ISIJ-YAY;P8.3;GEO-PROXY,tier2,High-visibility capital replacement for a synthetic Tier-3 form. KBI roster capital/territorial label on its documented engine proxy; the engine field is a documented proxy and not an exact settlement polygon.
akita,capital|priority_japan,Northern Honshu Yayoi-Jomon frontier communities,priority_proxy,conservative_regional_proxy,JAA-YAY;P8.3;GEO-PROXY,tier2,High-visibility capital replacement for a synthetic Tier-3 form. OHW roster capital/territorial label on its documented engine proxy; the engine field is a documented proxy and not an exact settlement polygon.
akita_kumamoto,priority_japan,Akita,priority_proxy,transparent_map_fallback,T3N:installed-label;T3N:transparent-map-label,tier2,High-visibility unresolved field retains a concise installed cartographic label. It is explicitly not presented as an attested ancient settlement name.
akola,priority_india|priority_india_central,Akola,priority_proxy,transparent_map_fallback,T3N:installed-label;T3N:transparent-map-label,tier2,High-visibility unresolved field retains a concise installed cartographic label. It is explicitly not presented as an attested ancient settlement name.
aksehir,priority_roman_anatolia,Philomelion,tier2_remote,conservative_regional_proxy,PLE:609501;PLN:609501/philomelion;T2R,tier2,Remote Tier-2 AD 1 Pleiades settlement adapter; period-valid name resource 609501/philomelion; nearest installed city field at 5.19px; remote lower-confidence map proxy.
aksu,capital,Gumo-Aksu,priority_proxy,conservative_regional_proxy,HAN-WR;IRAN-AKS;GEO-PROXY,tier2,High-visibility capital replacement for a synthetic Tier-3 form. GMU roster capital/territorial label on its documented engine proxy; the engine field is a documented proxy and not an exact settlement polygon.
al_ahsa,capital,Gerrha,priority_proxy,conservative_regional_proxy,OCD-GERRHA;THAJ-ARCH;PLN-ARAB;GEO-PROXY,tier2,High-visibility capital replacement for a synthetic Tier-3 form. GRH roster capital/territorial label on its documented engine proxy; the engine field is a documented proxy and not an exact settlement polygon.
al_bayda,priority_roman_egypt,Lasamices,tier2_far,conservative_regional_proxy,PLE:373838;PLN:373838/lasamices;T2F,tier2,Far Tier-2 AD 1 Pleiades settlement adapter; period-valid name resource 373838/lasamices; nearest installed city field at 10.65px; far lower-confidence map proxy.
al_bidda,capital,Catara,priority_proxy,conservative_regional_proxy,PLN-ARAB;PTO-ARAB;GEO-PROXY,tier2,High-visibility capital replacement for a synthetic Tier-3 form. QTR roster capital/territorial label on its documented engine proxy; the engine field is a documented proxy and not an exact settlement polygon.
al_kadwa,priority_roman_maghreb,[EU5 vanilla pass-through],roman_vanilla_passthrough,unresolved_vanilla_passthrough,P10;PLE,contested,The Roman identity audit found no sufficiently secure AD 1 field identity. Runtime localization deliberately falls through to EU5 vanilla instead of emitting a synthetic name.
al_khuimat,priority_roman_egypt,[EU5 vanilla pass-through],roman_vanilla_passthrough,unresolved_vanilla_passthrough,P10;PLE,contested,The Roman identity audit found no sufficiently secure AD 1 field identity. Runtime localization deliberately falls through to EU5 vanilla instead of emitting a synthetic name.
al_khums,priority_roman_maghreb,[EU5 vanilla pass-through],roman_vanilla_passthrough,unresolved_vanilla_passthrough,P10;PLE,contested,The Roman identity audit found no sufficiently secure AD 1 field identity. Runtime localization deliberately falls through to EU5 vanilla instead of emitting a synthetic name.
al_mima,priority_roman_egypt,Phragonis,tier2_wide,conservative_regional_proxy,PLE:727201;PLN:727201/phragonis;T2W,tier2,Wide Tier-2 AD 1 Pleiades settlement adapter; period-valid name resource 727201/phragonis; nearest installed city field at 2.34px; lower-confidence map proxy.
al_mukha,urban_node,Mouza,qualified,conservative_regional_proxy,OUP-REDSEA;P12.2;P8.6,tier2,Qualified AD 1 port-name adapter: Oxford identifies Mouza as probably modern Mocha while noting that the ancient site remains unexcavated.
alasehir,priority_roman_anatolia,Anineta,tier2_far,conservative_regional_proxy,PLE:599493;PLN:599493/anineta;T2F,tier2,Far Tier-2 AD 1 Pleiades settlement adapter; period-valid name resource 599493/anineta; nearest installed city field at 7.30px; far lower-confidence map proxy.
alatyr,capital,Sura-Middle Volga Gorodets material group,priority_proxy,conservative_regional_proxy,BSE-GORODETS;GEO-PROXY,tier2,High-visibility capital replacement for a synthetic Tier-3 form. MRV roster capital/territorial label on its documented engine proxy; the engine field is a documented proxy and not an exact settlement polygon.
alba,priority_italy|priority_roman_italy,Vicus Baginas,tier2_wide,conservative_regional_proxy,PLE:383822;PLN:383822/vicus-baginas;T2W,tier2,Wide Tier-2 AD 1 Pleiades settlement adapter; period-valid name resource 383822/vicus-baginas; nearest installed city field at 3.08px; lower-confidence map proxy.
alcantara,priority_roman|priority_roman_iberia,Tongobriga,tier2_far,conservative_regional_proxy,PLE:256473;PLN:256473/tongobriga;T2F,tier2,Far Tier-2 AD 1 Pleiades settlement adapter; period-valid name resource 256473/tongobriga; nearest installed city field at 9.84px; far lower-confidence map proxy.
aleppo,urban_node,Beroia,correction,conservative_regional_proxy,DARE-BEROIA;OUP-GREEK-SYRIA,tier2,Replaces a Persian-only lookup with Semitic and Hellenic adapters; Beroia is the documented Hellenistic and Roman civic name at Aleppo without denying the older Halab tradition.
aleria,priority_italy|priority_roman_italy,Aleria,tier2_far,conservative_regional_proxy,PLE:472048;PLN:472048/aleria;T2F,tier2,Far Tier-2 AD 1 Pleiades settlement adapter; period-valid name resource 472048/aleria; nearest installed city field at 6.37px; far lower-confidence map proxy.
alessandria,priority_italy|priority_roman_italy,Aquae Statiellae,tier2_remote,conservative_regional_proxy,PLE:383574;PLN:383574/aquae-statiellae;T2R,tier2,Remote Tier-2 AD 1 Pleiades settlement adapter; period-valid name resource 383574/aquae-statiellae; nearest installed city field at 5.35px; remote lower-confidence map proxy.
alexandria,priority_roman|priority_roman_egypt|top_city|urban_node,Alexandria,curated,attested,PLE;P12.2;P8.1,secure,Direct ancient port-city name for the Roman owner-culture dynamic layer
alfta,priority_germania_scandinavia,Alfta,priority_proxy,transparent_map_fallback,T3N:installed-label;T3N:transparent-map-label,tier2,High-visibility unresolved field retains a concise installed cartographic label. It is explicitly not presented as an attested ancient settlement name.
alghero,priority_italy|priority_roman_italy,Bosa,tier2_far,conservative_regional_proxy,PLE:471895;PLN:471895/bosa;T2F,tier2,Far Tier-2 AD 1 Pleiades settlement adapter; period-valid name resource 471895/bosa; nearest installed city field at 9.95px; far lower-confidence map proxy.
alirajpur,priority_india_central,Alirajpur,priority_proxy,transparent_map_fallback,T3N:installed-label;T3N:transparent-map-label,tier2,High-visibility unresolved field retains a concise installed cartographic label. It is explicitly not presented as an attested ancient settlement name.
alkalawa,priority_west_africa|priority_west_africa_sahel,Alkalawa,priority_proxy,transparent_map_fallback,T3N:installed-label;T3N:transparent-map-label,tier2,High-visibility unresolved field retains a concise installed cartographic label. It is explicitly not presented as an attested ancient settlement name.
almeria,priority_roman_iberia,[EU5 vanilla pass-through],roman_vanilla_passthrough,unresolved_vanilla_passthrough,P10;PLE,contested,The Roman identity audit found no sufficiently secure AD 1 field identity. Runtime localization deliberately falls through to EU5 vanilla instead of emitting a synthetic name.
almudevar,priority_roman_iberia,[EU5 vanilla pass-through],roman_vanilla_passthrough,unresolved_vanilla_passthrough,P10;PLE,contested,The Roman identity audit found no sufficiently secure AD 1 field identity. Runtime localization deliberately falls through to EU5 vanilla instead of emitting a synthetic name.
altamura,priority_italy|priority_roman_italy,Blera,tier2_remote,conservative_regional_proxy,PLE:442507;PLN:442507/blera;T2R,tier2,Remote Tier-2 AD 1 Pleiades settlement adapter; period-valid name resource 442507/blera; nearest installed city field at 3.71px; remote lower-confidence map proxy.
alvastra,priority_germania|priority_germania_scandinavia,Alvastra,priority_proxy,transparent_map_fallback,T3N:installed-label;T3N:transparent-map-label,tier2,High-visibility unresolved field retains a concise installed cartographic label. It is explicitly not presented as an attested ancient settlement name.
alvito,priority_roman_iberia,Metallum Vipascense,tier2_far,conservative_regional_proxy,PLE:256297;PLN:256297/metallum-vipascense;T2F,tier2,Far Tier-2 AD 1 Pleiades settlement adapter; period-valid name resource 256297/metallum-vipascense; nearest installed city field at 7.74px; far lower-confidence map proxy.
amaravati,capital,Thu Bon Sa Huynh Coast,qualified,conservative_regional_proxy,CAM-SAH;VASS-SAH;P8.9,tier2,Qualified archaeological-coastal anchor without backdating Amaravati or Champa.
amasya,priority_anatolia,Amaseia,curated,attested,PLE:857018,secure,Pleiades direct Amaseia settlement point at 40.66681 35.82794
amber_loc,priority_india|priority_india_west,Amber,priority_proxy,transparent_map_fallback,T3N:installed-label;T3N:transparent-map-label,tier2,High-visibility unresolved field retains a concise installed cartographic label. It is explicitly not presented as an attested ancient settlement name.
ambikapur,priority_india_bengal,Ambikapur,priority_proxy,transparent_map_fallback,T3N:installed-label;T3N:transparent-map-label,tier2,High-visibility unresolved field retains a concise installed cartographic label. It is explicitly not presented as an attested ancient settlement name.
amiens,priority_gaul|priority_roman_gaul,Samarobriva Ambianorum,curated,attested,PLE:109321,secure,Pleiades exact Samarobriva Ambianorum settlement point at 49.89361 2.29795; reviewed against the installed Amiens location
amrabad,priority_india_deccan,Amrabad,priority_proxy,transparent_map_fallback,T3N:installed-label;T3N:transparent-map-label,tier2,High-visibility unresolved field retains a concise installed cartographic label. It is explicitly not presented as an attested ancient settlement name.
amravati,priority_india_central,Amravati,priority_proxy,transparent_map_fallback,T3N:installed-label;T3N:transparent-map-label,tier2,High-visibility unresolved field retains a concise installed cartographic label. It is explicitly not presented as an attested ancient settlement name.
amreli,priority_india_west,Amreli,priority_proxy,transparent_map_fallback,T3N:installed-label;T3N:transparent-map-label,tier2,High-visibility unresolved field retains a concise installed cartographic label. It is explicitly not presented as an attested ancient settlement name.
amstetten,priority_germania_south,[EU5 vanilla pass-through],roman_vanilla_passthrough,unresolved_vanilla_passthrough,P10;PLE,contested,The Roman identity audit found no sufficiently secure AD 1 field identity. Runtime localization deliberately falls through to EU5 vanilla instead of emitting a synthetic name.
anagni,priority_italy|priority_roman_italy,Anagnia,curated,attested,TAB-ANAGNIA;BAT-LATIUM,secure,Direct ancient Anagnia label at the installed Anagni city field; replaces the distinct Treba adapter.
anamur,priority_anatolia,Syke,tier2_wide,conservative_regional_proxy,PLE:648784;PLN:648784/syke;T2W,tier2,Wide Tier-2 AD 1 Pleiades settlement adapter; period-valid name resource 648784/syke; nearest installed city field at 1.61px; lower-confidence map proxy.
anavarza,priority_anatolia,Adana,tier2_far,conservative_regional_proxy,PLE:648548;PLN:648548/adana;T2F,tier2,Far Tier-2 AD 1 Pleiades settlement adapter; period-valid name resource 648548/adana; nearest installed city field at 7.42px; far lower-confidence map proxy.
ancona,priority_italy|priority_roman|priority_roman_italy,Ancona,curated,attested,PLE:413014,secure,Pleiades exact Ancon(a) settlement point at 43.61899 13.51607; reviewed against the installed Ancona location
ande,priority_han|priority_han_north,Āndé,priority_proxy,transparent_map_fallback,T3N:installed-label;T3N:transparent-map-label,tier2,High-visibility unresolved field retains a concise installed cartographic label. It is explicitly not presented as an attested ancient settlement name.
andong_huaian,priority_han_east,Āndōng,priority_proxy,transparent_map_fallback,T3N:installed-label;T3N:transparent-map-label,tier2,High-visibility unresolved field retains a concise installed cartographic label. It is explicitly not presented as an attested ancient settlement name.
andravida,priority_roman_balkans,Pheia,tier2_wide,conservative_regional_proxy,PLE:570592;PLN:570592/pheia;T2W,tier2,Wide Tier-2 AD 1 Pleiades settlement adapter; period-valid name resource 570592/pheia; nearest installed city field at 2.25px; lower-confidence map proxy.
andria,priority_italy|priority_roman_italy,Canusium,tier2_far,conservative_regional_proxy,PLE:442525;PLN:442525/canusium;T2F,tier2,Far Tier-2 AD 1 Pleiades settlement adapter; period-valid name resource 442525/canusium; nearest installed city field at 9.49px; far lower-confidence map proxy.
anegandi,priority_india_deccan,Anegandi,priority_proxy,transparent_map_fallback,T3N:installed-label;T3N:transparent-map-label,tier2,High-visibility unresolved field retains a concise installed cartographic label. It is explicitly not presented as an attested ancient settlement name.
angelokastron,priority_roman_balkans,Oiniadai,tier2_far,conservative_regional_proxy,PLE:531016;PLN:531016/oiniadai;T2F,tier2,Far Tier-2 AD 1 Pleiades settlement adapter; period-valid name resource 531016/oiniadai; nearest installed city field at 6.04px; far lower-confidence map proxy.
angers,priority_gaul,Iuliomagus,tier2_ultra,conservative_regional_proxy,PLE:138400;PLN:138400/iuliomagus;T2U,tier2,Ultra-far Tier-2 AD 1 Pleiades settlement adapter; period-valid name resource 138400/iuliomagus; nearest installed city field at 14.69px; ultra-far lower-confidence map proxy.
angkor,capital|urban_node,Mekong Basin,qualified,conservative_regional_proxy,P8.9;CAH-XI,tier2,Qualified regional-node adapter: the installed Angkor key is the project Mekong-basin proxy and must not assert later Angkor at AD 1.
angkor_borei,urban_node,Angkor Borei,qualified,conservative_regional_proxy,UNESCO-AB-OC;P12.2;P8.9,tier2,Qualified Oc Eo-region growth adapter: early occupation and canal context are attested but the exact Oc Eo footprint and AD 1 urban scale remain contested.
angul,priority_india_bengal,Angul,priority_proxy,transparent_map_fallback,T3N:installed-label;T3N:transparent-map-label,tier2,High-visibility unresolved field retains a concise installed cartographic label. It is explicitly not presented as an attested ancient settlement name.
ankara,priority_anatolia|priority_roman_anatolia,Ancyra,curated,attested,PLE:619103,secure,Pleiades direct Ancyra Galatia settlement point at 39.94379 32.85933
anlong,priority_han_south,Ānlóng,priority_proxy,transparent_map_fallback,T3N:installed-label;T3N:transparent-map-label,tier2,High-visibility unresolved field retains a concise installed cartographic label. It is explicitly not presented as an attested ancient settlement name.
annaba,priority_roman|priority_roman_maghreb|urban_node,Hippo Regius,curated,attested,PLE;P8.1,secure,Secure Roman-period city form at the direct Annaba match.
annaburg,priority_germania,Annaburg,priority_proxy,transparent_map_fallback,T3N:installed-label;T3N:transparent-map-label,tier2,High-visibility unresolved field retains a concise installed cartographic label. It is explicitly not presented as an attested ancient settlement name.
anping,priority_han_north,Ānpíng,priority_proxy,transparent_map_fallback,T3N:installed-label;T3N:transparent-map-label,tier2,High-visibility unresolved field retains a concise installed cartographic label. It is explicitly not presented as an attested ancient settlement name.
antalya,priority_roman_anatolia,Attalea,curated,attested,PLE:638778,secure,Direct Attalea settlement point at the installed Antalya coastal city proxy.
antioch,priority_roman|priority_roman_crescent|top_city|urban_node,Antiocheia,correction,conservative_regional_proxy,RPC-ANTIOCH;OCD-ANTIOCH,tier2,Replaces a Persian-only lookup with Semitic and Hellenic adapters; near-contemporary Greek civic evidence supports Antiocheia while the paired adapters preserve the Levantine multilingual setting.
antwerp,priority_germania|priority_germania_north,Antwerp,priority_proxy,transparent_map_fallback,T3N:installed-label;T3N:transparent-map-label,tier2,High-visibility unresolved field retains a concise installed cartographic label. It is explicitly not presented as an attested ancient settlement name.
anundsjo,priority_germania_scandinavia,Anundsjö,priority_proxy,transparent_map_fallback,T3N:installed-label;T3N:transparent-map-label,tier2,High-visibility unresolved field retains a concise installed cartographic label. It is explicitly not presented as an attested ancient settlement name.
anuradhapura,capital|priority_india_deccan|top_city|urban_node,Palaesimundum,tier2_wide,conservative_regional_proxy,PLE:49863;PLN:49863/palaesimundum;T2W,tier2,Wide Tier-2 AD 1 Pleiades settlement adapter; period-valid name resource 49863/palaesimundum; nearest installed city field at 1.90px; lower-confidence map proxy.
anxi_dingzhou,priority_han|priority_han_north,Ānxǐ,priority_proxy,transparent_map_fallback,T3N:installed-label;T3N:transparent-map-label,tier2,High-visibility unresolved field retains a concise installed cartographic label. It is explicitly not presented as an attested ancient settlement name.
anyuan_lianzhou,priority_han|priority_han_south,Ānyuǎn,priority_proxy,transparent_map_fallback,T3N:installed-label;T3N:transparent-map-label,tier2,High-visibility unresolved field retains a concise installed cartographic label. It is explicitly not presented as an attested ancient settlement name.
anyue,priority_han|priority_han_west,Ānyuè,priority_proxy,transparent_map_fallback,T3N:installed-label;T3N:transparent-map-label,tier2,High-visibility unresolved field retains a concise installed cartographic label. It is explicitly not presented as an attested ancient settlement name.
aoudaghost,capital,Western Sahel settlement communities,priority_proxy,conservative_regional_proxy,CAM-MLR;P8.5;GEO-PROXY,tier2,High-visibility capital replacement for a synthetic Tier-3 form. WGD roster capital/territorial label on its documented engine proxy; the engine field is a documented proxy and not an exact settlement polygon.
apolda,priority_germania,Apolda,priority_proxy,transparent_map_fallback,T3N:installed-label;T3N:transparent-map-label,tier2,High-visibility unresolved field retains a concise installed cartographic label. It is explicitly not presented as an attested ancient settlement name.
apurlec,capital,Vicús-Piura valleys,priority_proxy,conservative_regional_proxy,MET-VICUS;CWP-ANDES;P8.10;GEO-PROXY,tier2,High-visibility capital replacement for a synthetic Tier-3 form. VCS roster capital/territorial label on its documented engine proxy; the engine field is a documented proxy and not an exact settlement polygon.
aqiq_banu_uqayi,capital,Qaryat al-Faw,qualified,conservative_regional_proxy,P8.6;CAH-XI;PLE,tier2,Qualified Kindah adapter: the installed Aqiq field is the project Qaryat al-Faw capital-region proxy and does not claim an exact site match.
aquileia,priority_italy|priority_roman|priority_roman_italy|top_city|urban_node,Aquileia,curated,attested,PLE;P12.2;P8.1,secure,Direct ancient Adriatic city name
arapgir,priority_anatolia,Sartona,tier2_far,conservative_regional_proxy,PLE:629071;PLN:629071/sartona;T2F,tier2,Far Tier-2 AD 1 Pleiades settlement adapter; period-valid name resource 629071/sartona; nearest installed city field at 11.94px; far lower-confidence map proxy.
arboga,priority_germania_scandinavia,Arboga,priority_proxy,transparent_map_fallback,T3N:installed-label;T3N:transparent-map-label,tier2,High-visibility unresolved field retains a concise installed cartographic label. It is explicitly not presented as an attested ancient settlement name.
archar,priority_roman_balkans,[EU5 vanilla pass-through],roman_vanilla_passthrough,unresolved_vanilla_passthrough,P10;PLE,contested,The Roman identity audit found no sufficiently secure AD 1 field identity. Runtime localization deliberately falls through to EU5 vanilla instead of emitting a synthetic name.
ardatov,capital,Oka-Moksha Gorodets material group,priority_proxy,conservative_regional_proxy,BSE-GORODETS;GEO-PROXY,tier2,High-visibility capital replacement for a synthetic Tier-3 form. RZM roster capital/territorial label on its documented engine proxy; the engine field is a documented proxy and not an exact settlement polygon.
ares_del_maestre,priority_roman_iberia,Sebelaci,tier2_remote,conservative_regional_proxy,PLE:266034;PLN:266034/sebelaci;T2R,tier2,Remote Tier-2 AD 1 Pleiades settlement adapter; period-valid name resource 266034/sebelaci; nearest installed city field at 3.52px; remote lower-confidence map proxy.
arezzo,priority_italy|priority_roman_italy,Arretium,curated,attested,PLE:413032,secure,Pleiades exact Arretium city point at 43.47127 11.86305; reviewed against the installed Arezzo location
argos,priority_roman_balkans,Argos,curated,attested,PLE:570106,secure,Pleiades direct Argos settlement point at 37.63105 22.72038
arguvan,priority_anatolia,Siniskolon,tier2_far,conservative_regional_proxy,PLE:629080;PLN:629080/siniskolon;T2F,tier2,Far Tier-2 AD 1 Pleiades settlement adapter; period-valid name resource 629080/siniskolon; nearest installed city field at 7.79px; far lower-confidence map proxy.
ariano,priority_italy|priority_roman|priority_roman_italy,Vescellani,tier2,conservative_regional_proxy,PLE:442849;PLN:442849/vescellani;T2,tier2,Tier-2 AD 1 Pleiades settlement adapter; period-valid name resource 442849/vescellani; nearest installed city field at 1.19px; lower-confidence map proxy.
arkhangelsk,capital,Mezen-White Sea archaeological group,priority_proxy,conservative_regional_proxy,ENC-NEEU;GEO-PROXY,tier2,High-visibility capital replacement for a synthetic Tier-3 form. MZN roster capital/territorial label on its documented engine proxy; the engine field is a documented proxy and not an exact settlement polygon.
arles,priority_gaul|priority_roman|priority_roman_gaul|urban_node,Arelate,curated,attested,PLE:148217,secure,Pleiades exact Colonia Arelate city point at 43.67762 4.63080; reviewed against the installed Arles location
arlon,priority_germania_north,Orolaunum,tier2_remote,conservative_regional_proxy,PLE:109232;PLN:109232/orolaunum;T2R,tier2,Remote Tier-2 AD 1 Pleiades settlement adapter; period-valid name resource 109232/orolaunum; nearest installed city field at 5.77px; remote lower-confidence map proxy.
armagh,capital,Ulaid,qualified,conservative_regional_proxy,P8.7;CAH-XI,tier2,Qualified Ulaid regional adapter: the installed Armagh field anchors the period people and must not project the later ecclesiastical centre into AD 1.
armavir,capital,Siracian Laba–Kuban Plain,capital,attested,PLE:825273;P8.7;P8.7;CAH-XI;PLE,secure,Coordinate-verified AD 1 capital anchor
arras,priority_gaul|priority_roman|priority_roman_gaul,Nemetacum,tier2_remote,conservative_regional_proxy,PLE:109194;PLN:109194/nemetacum;T2R,tier2,Remote Tier-2 AD 1 Pleiades settlement adapter; period-valid name resource 109194/nemetacum; nearest installed city field at 5.82px; remote lower-confidence map proxy.
aruppukkottai,priority_india_deccan,Aruppukkottai,priority_proxy,transparent_map_fallback,T3N:installed-label;T3N:transparent-map-label,tier2,High-visibility unresolved field retains a concise installed cartographic label. It is explicitly not presented as an attested ancient settlement name.
asa,priority_japan,Asa,priority_proxy,transparent_map_fallback,T3N:installed-label;T3N:transparent-map-label,tier2,High-visibility unresolved field retains a concise installed cartographic label. It is explicitly not presented as an attested ancient settlement name.
asakuchi,priority_japan,Asakuchi,priority_proxy,transparent_map_fallback,T3N:installed-label;T3N:transparent-map-label,tier2,High-visibility unresolved field retains a concise installed cartographic label. It is explicitly not presented as an attested ancient settlement name.
ascolipiceno,priority_italy|priority_roman_italy,Falerio,tier2_far,conservative_regional_proxy,PLE:413127;PLN:413127/falerio;T2F,tier2,Far Tier-2 AD 1 Pleiades settlement adapter; period-valid name resource 413127/falerio; nearest installed city field at 6.85px; far lower-confidence map proxy.
ashaval,priority_india_west,Ashaval,priority_proxy,transparent_map_fallback,T3N:installed-label;T3N:transparent-map-label,tier2,High-visibility unresolved field retains a concise installed cartographic label. It is explicitly not presented as an attested ancient settlement name.
ashmunayn,priority_roman_egypt,Thone,tier2_far,conservative_regional_proxy,PLE:756662;PLN:756662/thone;T2F,tier2,Far Tier-2 AD 1 Pleiades settlement adapter; period-valid name resource 756662/thone; nearest installed city field at 11.72px; far lower-confidence map proxy.
assisi,priority_italy|priority_roman_italy,Tadinae,tier2_remote,conservative_regional_proxy,PLE:413330;PLN:413330/tadinae;T2R,tier2,Remote Tier-2 AD 1 Pleiades settlement adapter; period-valid name resource 413330/tadinae; nearest installed city field at 5.09px; remote lower-confidence map proxy.
astros,priority_roman_balkans,Selinous,tier2_wide,conservative_regional_proxy,PLE:570660;PLN:570660/selinous;T2W,tier2,Wide Tier-2 AD 1 Pleiades settlement adapter; period-valid name resource 570660/selinous; nearest installed city field at 2.61px; lower-confidence map proxy.
aswan,priority_roman_egypt,Syene,curated,attested,PLE;P8.1,secure,Secure ancient Nile-cataract city form at the direct Aswan match.
asyut,priority_roman|priority_roman_egypt,Sbeht,tier2_far,conservative_regional_proxy,PLE:756534;PLN:756534/sbeht;T2F,tier2,Far Tier-2 AD 1 Pleiades settlement adapter; period-valid name resource 756534/sbeht; nearest installed city field at 11.72px; far lower-confidence map proxy.
atfih,priority_roman_egypt,Bakchias,tier2_wide,conservative_regional_proxy,PLE:736896;PLN:736896/bakchias;T2W,tier2,Wide Tier-2 AD 1 Pleiades settlement adapter; period-valid name resource 736896/bakchias; nearest installed city field at 2.87px; lower-confidence map proxy.
ath,priority_gaul|priority_germania_north,[EU5 vanilla pass-through],roman_vanilla_passthrough,unresolved_vanilla_passthrough,P10;PLE,contested,The Roman identity audit found no sufficiently secure AD 1 field identity. Runtime localization deliberately falls through to EU5 vanilla instead of emitting a synthetic name.
athens,priority_roman|priority_roman_balkans|top_city,Athenae,curated,attested,PLE;P8.1,secure,Secure Roman-period city form.
atico,capital,Atico and Caravelí valleys,priority_proxy,conservative_regional_proxy,CWP-ANDES;MET-ANDES-1500;P8.10;GEO-PROXY,tier2,High-visibility capital replacement for a synthetic Tier-3 form. ATC roster capital/territorial label on its documented engine proxy; the engine field is a documented proxy and not an exact settlement polygon.
atpazari,priority_roman_anatolia,Prindea,tier2_remote,conservative_regional_proxy,PLE:511376;PLN:511376/prindea;T2R,tier2,Remote Tier-2 AD 1 Pleiades settlement adapter; period-valid name resource 511376/prindea; nearest installed city field at 3.84px; remote lower-confidence map proxy.
attock,capital|priority_india|priority_india_hindustan|top_city|urban_node,Taxila,qualified,conservative_regional_proxy,IRAN-GANDHARA;P12.2;P8.4,tier2,Qualified Taxila-valley adapter: the installed Attock field is an explicit distant market proxy rather than the excavated city site.
auch,priority_gaul,[EU5 vanilla pass-through],roman_vanilla_passthrough,unresolved_vanilla_passthrough,P10;PLE,contested,The Roman identity audit found no sufficiently secure AD 1 field identity. Runtime localization deliberately falls through to EU5 vanilla instead of emitting a synthetic name.
augsburg,capital,Augusta Vindelicorum,curated,attested,PLE;P8.1,secure,Secure Roman provincial city form.
auneau,priority_gaul|priority_roman_gaul,[EU5 vanilla pass-through],roman_vanilla_passthrough,unresolved_vanilla_passthrough,P10;PLE,contested,The Roman identity audit found no sufficiently secure AD 1 field identity. Runtime localization deliberately falls through to EU5 vanilla instead of emitting a synthetic name.
austria_baden,priority_germania_south,[EU5 vanilla pass-through],roman_vanilla_passthrough,unresolved_vanilla_passthrough,P10;PLE,contested,The Roman identity audit found no sufficiently secure AD 1 field identity. Runtime localization deliberately falls through to EU5 vanilla instead of emitting a synthetic name.
auxerre,priority_gaul,Autessiodurum,tier2_ultra,conservative_regional_proxy,PLE:138206;PLN:138206/autessiodurum;T2U,tier2,Ultra-far Tier-2 AD 1 Pleiades settlement adapter; period-valid name resource 138206/autessiodurum; nearest installed city field at 13.82px; ultra-far lower-confidence map proxy.
auxonne,priority_gaul|priority_roman_gaul,Pons Dubris,tier2_far,conservative_regional_proxy,PLE:177607;PLN:177607/pons-dubris;T2F,tier2,Far Tier-2 AD 1 Pleiades settlement adapter; period-valid name resource 177607/pons-dubris; nearest installed city field at 10.86px; far lower-confidence map proxy.
auyo,priority_west_africa|priority_west_africa_sahel,Auyo,priority_proxy,transparent_map_fallback,T3N:installed-label;T3N:transparent-map-label,tier2,High-visibility unresolved field retains a concise installed cartographic label. It is explicitly not presented as an attested ancient settlement name.
avellino,priority_italy|priority_roman|priority_roman_italy,Abellinum,curated,attested,TAB-ABELLINUM;BAT-ITALY,secure,Bounded Avellino city-field label for the nearby ancient Abellinum Atripalda context; replaces the distant Caudium adapter.
avignon,priority_gaul|priority_roman_gaul,Cabellio,tier2_far,conservative_regional_proxy,PLE:148027;PLN:148027/cabellio;T2F,tier2,Far Tier-2 AD 1 Pleiades settlement adapter; period-valid name resource 148027/cabellio; nearest installed city field at 7.26px; far lower-confidence map proxy.
avlonya,priority_roman_balkans,Chimaira,tier2_far,conservative_regional_proxy,PLE:481789;PLN:481789/chimaira;T2F,tier2,Far Tier-2 AD 1 Pleiades settlement adapter; period-valid name resource 481789/chimaira; nearest installed city field at 7.41px; far lower-confidence map proxy.
awa_shikoku,capital|priority_japan,Shikoku Yayoi communities,priority_proxy,conservative_regional_proxy,JAA-YAY;ISIJ-YAY;P8.3;GEO-PROXY,tier2,High-visibility capital replacement for a synthetic Tier-3 form. SHK roster capital/territorial label on its documented engine proxy; the engine field is a documented proxy and not an exact settlement polygon.
awadh,capital,Ayodhya,priority_proxy,conservative_regional_proxy,ASI-MITRA;P8.4;GEO-PROXY,tier2,High-visibility capital replacement for a synthetic Tier-3 form. AYM roster capital/territorial label on its documented engine proxy; the engine field is a documented proxy and not an exact settlement polygon.
awaswas,capital,Monterey Bay Coast,qualified,conservative_regional_proxy,NOAA-MONTEREY,tier2,Qualified geographic campaign anchor; no unattested AD 1 settlement name or later polity is asserted
awka_etiti,capital,Southeastern Nigerian ironworking communities,priority_proxy,conservative_regional_proxy,HER-LEJJA;P8.5;GEO-PROXY,tier2,High-visibility capital replacement for a synthetic Tier-3 form. NSK roster capital/territorial label on its documented engine proxy; the engine field is a documented proxy and not an exact settlement polygon.
axum,capital,Aksum,qualified,conservative_regional_proxy,P8.5;PER,tier2,Qualified Aksumite-highland adapter: the installed Axum field represents the early highland political frame without asserting a documented AD 1 urban extent.
aya,priority_japan,Aya,priority_proxy,transparent_map_fallback,T3N:installed-label;T3N:transparent-map-label,tier2,High-visibility unresolved field retains a concise installed cartographic label. It is explicitly not presented as an attested ancient settlement name.
ayamonte,priority_roman_iberia,Aesuris,tier2_far,conservative_regional_proxy,PLE:256008;PLN:256008/aesuris;T2F,tier2,Far Tier-2 AD 1 Pleiades settlement adapter; period-valid name resource 256008/aesuris; nearest installed city field at 9.34px; far lower-confidence map proxy.
ayas,priority_anatolia,Mopsouestia,tier2_far,conservative_regional_proxy,PLE:658538;PLN:658538/mopsouestia;T2F,tier2,Far Tier-2 AD 1 Pleiades settlement adapter; period-valid name resource 658538/mopsouestia; nearest installed city field at 6.83px; far lower-confidence map proxy.
ayasuluk,priority_anatolia|priority_roman|priority_roman_anatolia|top_city|urban_node,Ephesus,curated,attested,PLE:599612,secure,Pleiades direct Ephesus settlement point at 37.94016 27.34240
ayaviri,capital,Pukara and the northern Titicaca basin,priority_proxy,conservative_regional_proxy,CWP-ANDES;MET-ANDES-1500;P8.10;GEO-PROXY,tier2,High-visibility capital replacement for a synthetic Tier-3 form. PUK roster capital/territorial label on its documented engine proxy; the engine field is a documented proxy and not an exact settlement polygon.
aydincik,priority_anatolia,Pleuramis,tier2_far,conservative_regional_proxy,PLE:857284;PLN:857284/pleuramis;T2F,tier2,Far Tier-2 AD 1 Pleiades settlement adapter; period-valid name resource 857284/pleuramis; nearest installed city field at 10.64px; far lower-confidence map proxy.
ayvacik,priority_roman_anatolia,Methymna,curated,attested,PLE:550738;P8.1,secure,Secure AD 1 Pleiades settlement point on the installed Ayvacik/Lesbos city field.
azai,priority_japan,Azai,priority_proxy,transparent_map_fallback,T3N:installed-label;T3N:transparent-map-label,tier2,High-visibility unresolved field retains a concise installed cartographic label. It is explicitly not presented as an attested ancient settlement name.
azcapotzalco,capital|top_city|urban_node,Cuicuilco,qualified,conservative_regional_proxy,P8.10;CAH-XI,tier2,Qualified Basin-of-Mexico adapter: the installed Azcapotzalco field is the project Cuicuilco proxy rather than a claim about the later Aztec-period name.
azeffoun,priority_roman_maghreb,Bida,tier2_ultra,conservative_regional_proxy,PLE:295228;PLN:295228/bida;T2U,tier2,Ultra-far Tier-2 AD 1 Pleiades settlement adapter; period-valid name resource 295228/bida; nearest installed city field at 12.79px; ultra-far lower-confidence map proxy.
babana,priority_west_africa|priority_west_africa_guinea,Babana,priority_proxy,transparent_map_fallback,T3N:installed-label;T3N:transparent-map-label,tier2,High-visibility unresolved field retains a concise installed cartographic label. It is explicitly not presented as an attested ancient settlement name.
bad_ischl,priority_germania_south,[EU5 vanilla pass-through],roman_vanilla_passthrough,unresolved_vanilla_passthrough,P10;PLE,contested,The Roman identity audit found no sufficiently secure AD 1 field identity. Runtime localization deliberately falls through to EU5 vanilla instead of emitting a synthetic name.
baden_im_aargau,priority_germania_south,[EU5 vanilla pass-through],roman_vanilla_passthrough,unresolved_vanilla_passthrough,P10;PLE,contested,The Roman identity audit found no sufficiently secure AD 1 field identity. Runtime localization deliberately falls through to EU5 vanilla instead of emitting a synthetic name.
bafan,priority_han_south,Bāfān,priority_proxy,transparent_map_fallback,T3N:installed-label;T3N:transparent-map-label,tier2,High-visibility unresolved field retains a concise installed cartographic label. It is explicitly not presented as an attested ancient settlement name.
bafra,priority_anatolia|priority_roman_anatolia,Gadilon,tier2_ultra,conservative_regional_proxy,PLE:857128;PLN:857128/gadilon;T2U,tier2,Ultra-far Tier-2 AD 1 Pleiades settlement adapter; period-valid name resource 857128/gadilon; nearest installed city field at 17.14px; ultra-far lower-confidence map proxy.
baghai,priority_roman_maghreb,Cedias,tier2_far,conservative_regional_proxy,PLE:334525;PLN:334525/cedias;T2F,tier2,Far Tier-2 AD 1 Pleiades settlement adapter; period-valid name resource 334525/cedias; nearest installed city field at 7.80px; far lower-confidence map proxy.
baghdad,capital|top_city|urban_node,Ctesiphon,capital,attested,PLE;P8.2;P8.2;CAH-XI;PLE,secure,Coordinate-verified AD 1 capital anchor
bahariyya,priority_roman_egypt,Oasis Parva,tier2_ultra,conservative_regional_proxy,PLE:716609;PLN:716609/oasis-parva;T2U,tier2,Ultra-far Tier-2 AD 1 Pleiades settlement adapter; period-valid name resource 716609/oasis-parva; nearest installed city field at 22.25px; ultra-far lower-confidence map proxy.
bai,priority_west_africa|priority_west_africa_sahel,Baï,priority_proxy,transparent_map_fallback,T3N:installed-label;T3N:transparent-map-label,tier2,High-visibility unresolved field retains a concise installed cartographic label. It is explicitly not presented as an attested ancient settlement name.
baima_daming,priority_han_north,Báimǎ,priority_proxy,transparent_map_fallback,T3N:installed-label;T3N:transparent-map-label,tier2,High-visibility unresolved field retains a concise installed cartographic label. It is explicitly not presented as an attested ancient settlement name.
baini,priority_han_south,Báiní,priority_proxy,transparent_map_fallback,T3N:installed-label;T3N:transparent-map-label,tier2,High-visibility unresolved field retains a concise installed cartographic label. It is explicitly not presented as an attested ancient settlement name.
baishui,priority_han_west,Báishuǐ,priority_proxy,transparent_map_fallback,T3N:installed-label;T3N:transparent-map-label,tier2,High-visibility unresolved field retains a concise installed cartographic label. It is explicitly not presented as an attested ancient settlement name.
bakel,priority_west_africa|priority_west_africa_sahel,Bakel,priority_proxy,transparent_map_fallback,T3N:installed-label;T3N:transparent-map-label,tier2,High-visibility unresolved field retains a concise installed cartographic label. It is explicitly not presented as an attested ancient settlement name.
balangir,priority_india_bengal,Balangir,priority_proxy,transparent_map_fallback,T3N:installed-label;T3N:transparent-map-label,tier2,High-visibility unresolved field retains a concise installed cartographic label. It is explicitly not presented as an attested ancient settlement name.
balasore,priority_india|priority_india_bengal,Balasore,priority_proxy,transparent_map_fallback,T3N:installed-label;T3N:transparent-map-label,tier2,High-visibility unresolved field retains a concise installed cartographic label. It is explicitly not presented as an attested ancient settlement name.
balikesir,priority_anatolia|priority_roman_anatolia,Hiera Germe,tier2_remote,conservative_regional_proxy,PLE:550577;PLN:550577/hiera-germe;T2R,tier2,Remote Tier-2 AD 1 Pleiades settlement adapter; period-valid name resource 550577/hiera-germe; nearest installed city field at 4.68px; remote lower-confidence map proxy.
balkh,capital,Bactra,curated,attested,PLE;P8.4;P8.8;CAH-XI,secure,Direct Bactra-Balkh campaign-boundary city name
ballou,priority_west_africa|priority_west_africa_guinea,Ballou,priority_proxy,transparent_map_fallback,T3N:installed-label;T3N:transparent-map-label,tier2,High-visibility unresolved field retains a concise installed cartographic label. It is explicitly not presented as an attested ancient settlement name.
ballsh,priority_roman_balkans,Aulon,tier2_far,conservative_regional_proxy,PLE:481750;PLN:481750/aulon;T2F,tier2,Far Tier-2 AD 1 Pleiades settlement adapter; period-valid name resource 481750/aulon; nearest installed city field at 6.56px; far lower-confidence map proxy.
bamako,priority_west_africa,Bamako,priority_proxy,transparent_map_fallback,T3N:installed-label;T3N:transparent-map-label,tier2,High-visibility unresolved field retains a concise installed cartographic label. It is explicitly not presented as an attested ancient settlement name.
banamba,priority_west_africa|priority_west_africa_sahel,Banamba,priority_proxy,transparent_map_fallback,T3N:installed-label;T3N:transparent-map-label,tier2,High-visibility unresolved field retains a concise installed cartographic label. It is explicitly not presented as an attested ancient settlement name.
banda,priority_india_central,Banda,priority_proxy,transparent_map_fallback,T3N:installed-label;T3N:transparent-map-label,tier2,High-visibility unresolved field retains a concise installed cartographic label. It is explicitly not presented as an attested ancient settlement name.
banda_ahenkro,priority_west_africa_guinea,Banda Ahenkro,priority_proxy,transparent_map_fallback,T3N:installed-label;T3N:transparent-map-label,tier2,High-visibility unresolved field retains a concise installed cartographic label. It is explicitly not presented as an attested ancient settlement name.
banggai,capital,Banggai-Tomini,priority_proxy,conservative_regional_proxy,ANU-SULAWESI;SPAFA-TOPOGARO;GEO-PROXY,tier2,High-visibility capital replacement for a synthetic Tier-3 form. BGT roster capital/territorial label on its documented engine proxy; the engine field is a documented proxy and not an exact settlement polygon.
banikoara,priority_west_africa_guinea,Banikoara,priority_proxy,transparent_map_fallback,T3N:installed-label;T3N:transparent-map-label,tier2,High-visibility unresolved field retains a concise installed cartographic label. It is explicitly not presented as an attested ancient settlement name.
bankuy,priority_west_africa,Bankuy,priority_proxy,transparent_map_fallback,T3N:installed-label;T3N:transparent-map-label,tier2,High-visibility unresolved field retains a concise installed cartographic label. It is explicitly not presented as an attested ancient settlement name.
banswara,priority_india_west,Banswara,priority_proxy,transparent_map_fallback,T3N:installed-label;T3N:transparent-map-label,tier2,High-visibility unresolved field retains a concise installed cartographic label. It is explicitly not presented as an attested ancient settlement name.
banua_lawas,capital,Meratus-Barito Foothills,qualified,conservative_regional_proxy,ANTH-KAL-IRON;P8.9,tier2,Geographic anchor without backdating Banjar or the later place-name.
baoan_dongguan,priority_han|priority_han_south,Bǎo'ān,priority_proxy,transparent_map_fallback,T3N:installed-label;T3N:transparent-map-label,tier2,High-visibility unresolved field retains a concise installed cartographic label. It is explicitly not presented as an attested ancient settlement name.
baoji,priority_han_west,Bǎojī,priority_proxy,transparent_map_fallback,T3N:installed-label;T3N:transparent-map-label,tier2,High-visibility unresolved field retains a concise installed cartographic label. It is explicitly not presented as an attested ancient settlement name.
bapaume,priority_gaul|priority_roman_gaul,[EU5 vanilla pass-through],roman_vanilla_passthrough,unresolved_vanilla_passthrough,P10;PLE,contested,The Roman identity audit found no sufficiently secure AD 1 field identity. Runtime localization deliberately falls through to EU5 vanilla instead of emitting a synthetic name.
baran,priority_india|priority_india_hindustan,Chrisobora,tier2_far,conservative_regional_proxy,PLE:59775;PLN:59775/chrisobora;T2F,tier2,Far Tier-2 AD 1 Pleiades settlement adapter; period-valid name resource 59775/chrisobora; nearest installed city field at 11.53px; far lower-confidence map proxy.
barbakaabad,priority_india_bengal,Barbakaabad,priority_proxy,transparent_map_fallback,T3N:installed-label;T3N:transparent-map-label,tier2,High-visibility unresolved field retains a concise installed cartographic label. It is explicitly not presented as an attested ancient settlement name.
barca,priority_roman_egypt,Chairekla,tier2_wide,conservative_regional_proxy,PLE:373767;PLN:373767/chairekla;T2W,tier2,Wide Tier-2 AD 1 Pleiades settlement adapter; period-valid name resource 373767/chairekla; nearest installed city field at 2.97px; lower-confidence map proxy.
barcelona,priority_roman|priority_roman_iberia,[EU5 vanilla pass-through],roman_vanilla_passthrough,unresolved_vanilla_passthrough,P10;PLE,contested,The Roman identity audit found no sufficiently secure AD 1 field identity. Runtime localization deliberately falls through to EU5 vanilla instead of emitting a synthetic name.
bardhaman,capital,Rarh early-historic zone,priority_proxy,conservative_regional_proxy,CAM-BANGLADESH;P8.4;GEO-PROXY,tier2,High-visibility capital replacement for a synthetic Tier-3 form. RAR roster capital/territorial label on its documented engine proxy; the engine field is a documented proxy and not an exact settlement polygon.
bareilly,capital,Ahichchhatra,priority_proxy,conservative_regional_proxy,ASI-MITRA;IGNCA-PANCHALA;P8.4;GEO-PROXY,tier2,High-visibility capital replacement for a synthetic Tier-3 form. PCM roster capital/territorial label on its documented engine proxy; the engine field is a documented proxy and not an exact settlement polygon.
bargaal,capital,Aromata Emporion,correction,conservative_regional_proxy,PME-BARBARIA;AJA-SOMALILAND,tier2,Nearest installed field to the published Daamo Spice-Market identification.
barguna,priority_india_bengal,Barguna,priority_proxy,transparent_map_fallback,T3N:installed-label;T3N:transparent-map-label,tier2,High-visibility unresolved field retains a concise installed cartographic label. It is explicitly not presented as an attested ancient settlement name.
bari,priority_italy|priority_roman_italy,Barium,curated,attested,PLE:442500,secure,Pleiades exact ancient city point at 41.12922 16.87033; reviewed against the installed Bari location
barletta,priority_italy|priority_roman_italy,Turenum,tier2_remote,conservative_regional_proxy,PLE:442833;PLN:442833/turenum;T2R,tier2,Remote Tier-2 AD 1 Pleiades settlement adapter; period-valid name resource 442833/turenum; nearest installed city field at 4.89px; remote lower-confidence map proxy.
barnaul,capital,Forest-steppe Altai Kulay material group,priority_proxy,conservative_regional_proxy,ASU-ALTAI-KULAY;GEO-PROXY,tier2,High-visibility capital replacement for a synthetic Tier-3 form. AKL roster capital/territorial label on its documented engine proxy; the engine field is a documented proxy and not an exact settlement polygon.
baroda,priority_india_west,Minnagara,tier2_far,conservative_regional_proxy,PLE:59933;PLN:59933/minnagara;T2F,tier2,Far Tier-2 AD 1 Pleiades settlement adapter; period-valid name resource 59933/minnagara; nearest installed city field at 10.20px; far lower-confidence map proxy.
barsalogho,priority_west_africa,Barsalogho,priority_proxy,transparent_map_fallback,T3N:installed-label;T3N:transparent-map-label,tier2,High-visibility unresolved field retains a concise installed cartographic label. It is explicitly not presented as an attested ancient settlement name.
barten,capital,Masurian lake district,priority_proxy,conservative_regional_proxy,PAN-WBB;GEO-PROXY,tier2,High-visibility capital replacement for a synthetic Tier-3 form. WBB roster capital/territorial label on its documented engine proxy; the engine field is a documented proxy and not an exact settlement polygon.
basel,priority_germania_south,[EU5 vanilla pass-through],roman_vanilla_passthrough,unresolved_vanilla_passthrough,P10;PLE,contested,The Roman identity audit found no sufficiently secure AD 1 field identity. Runtime localization deliberately falls through to EU5 vanilla instead of emitting a synthetic name.
basim,priority_india_central,Basim,priority_proxy,transparent_map_fallback,T3N:installed-label;T3N:transparent-map-label,tier2,High-visibility unresolved field retains a concise installed cartographic label. It is explicitly not presented as an attested ancient settlement name.
basingstoke,capital,Calleva,capital,attested,PLE:79368;P8.7;P8.7;CAH-XI;PLE;PTO-GEO-II2,secure,Coordinate-verified AD 1 capital anchor
bassein,priority_india_deccan,Souppara,tier2_far,conservative_regional_proxy,PLE:50282;PLN:50282/souppara;T2F,tier2,Far Tier-2 AD 1 Pleiades settlement adapter; period-valid name resource 50282/souppara; nearest installed city field at 10.59px; far lower-confidence map proxy.
bastar,priority_india_central,Bastar,priority_proxy,transparent_map_fallback,T3N:installed-label;T3N:transparent-map-label,tier2,High-visibility unresolved field retains a concise installed cartographic label. It is explicitly not presented as an attested ancient settlement name.
basti,priority_india|priority_india_hindustan,Basti,priority_proxy,transparent_map_fallback,T3N:installed-label;T3N:transparent-map-label,tier2,High-visibility unresolved field retains a concise installed cartographic label. It is explicitly not presented as an attested ancient settlement name.
bastogne,priority_germania_north,[EU5 vanilla pass-through],roman_vanilla_passthrough,unresolved_vanilla_passthrough,P10;PLE,contested,The Roman identity audit found no sufficiently secure AD 1 field identity. Runtime localization deliberately falls through to EU5 vanilla instead of emitting a synthetic name.
bauchi,capital,Post-Nok Bauchi plateau,priority_proxy,conservative_regional_proxy,OUP-NOK;P8.5;GEO-PROXY,tier2,High-visibility capital replacement for a synthetic Tier-3 form. BCH roster capital/territorial label on its documented engine proxy; the engine field is a documented proxy and not an exact settlement polygon.
bauska,priority_germania_baltic,Bauska,priority_proxy,transparent_map_fallback,T3N:installed-label;T3N:transparent-map-label,tier2,High-visibility unresolved field retains a concise installed cartographic label. It is explicitly not presented as an attested ancient settlement name.
bawku,priority_west_africa,Bawku,priority_proxy,transparent_map_fallback,T3N:installed-label;T3N:transparent-map-label,tier2,High-visibility unresolved field retains a concise installed cartographic label. It is explicitly not presented as an attested ancient settlement name.
bayeux,priority_gaul|priority_roman_gaul,Augustodurum,tier2_ultra,conservative_regional_proxy,PLE:69471;PLN:69471/augustodurum;T2U,tier2,Ultra-far Tier-2 AD 1 Pleiades settlement adapter; period-valid name resource 69471/augustodurum; nearest installed city field at 16.85px; ultra-far lower-confidence map proxy.
bayhan,capital,Timna,capital,attested,P8.6;CAH-XI;P8.6;CAH-XI,secure,Coordinate-verified AD 1 capital anchor
bayonne,priority_gaul,[EU5 vanilla pass-through],roman_vanilla_passthrough,unresolved_vanilla_passthrough,P10;PLE,contested,The Roman identity audit found no sufficiently secure AD 1 field identity. Runtime localization deliberately falls through to EU5 vanilla instead of emitting a synthetic name.
bazer_sakhra,priority_roman_maghreb,Nicivibus,tier2_remote,conservative_regional_proxy,PLE:334600;PLN:334600/nicivibus;T2R,tier2,Remote Tier-2 AD 1 Pleiades settlement adapter; period-valid name resource 334600/nicivibus; nearest installed city field at 4.33px; remote lower-confidence map proxy.
beaune,priority_gaul|priority_roman_gaul,Cabilonnum,tier2_remote,conservative_regional_proxy,PLE:177485;PLN:177485/cabilonnum;T2R,tier2,Remote Tier-2 AD 1 Pleiades settlement adapter; period-valid name resource 177485/cabilonnum; nearest installed city field at 4.92px; remote lower-confidence map proxy.
beer_dun,priority_west_africa|priority_west_africa_guinea,Beer Dun,priority_proxy,transparent_map_fallback,T3N:installed-label;T3N:transparent-map-label,tier2,High-visibility unresolved field retains a concise installed cartographic label. It is explicitly not presented as an attested ancient settlement name.
begho,capital,Akan forest iron-age communities,priority_proxy,conservative_regional_proxy,MET-IRON;P8.5;GEO-PROXY,tier2,High-visibility capital replacement for a synthetic Tier-3 form. AKF roster capital/territorial label on its documented engine proxy; the engine field is a documented proxy and not an exact settlement polygon.
beichlingen,priority_germania,Beichlingen,priority_proxy,transparent_map_fallback,T3N:installed-label;T3N:transparent-map-label,tier2,High-visibility unresolved field retains a concise installed cartographic label. It is explicitly not presented as an attested ancient settlement name.
beihai,priority_han|priority_han_north,Běihǎi,priority_proxy,transparent_map_fallback,T3N:installed-label;T3N:transparent-map-label,tier2,High-visibility unresolved field retains a concise installed cartographic label. It is explicitly not presented as an attested ancient settlement name.
beirut,urban_node,Berytus,curated,attested,PLE;P8.1,secure,Secure Roman colonia city form at the direct Beirut match.
beja,priority_roman_iberia,Pax Iulia,tier2_far,conservative_regional_proxy,PLE:256358;PLN:256358/pax-iulia;T2F,tier2,Far Tier-2 AD 1 Pleiades settlement adapter; period-valid name resource 256358/pax-iulia; nearest installed city field at 10.94px; far lower-confidence map proxy.
bejaia,priority_roman_maghreb,Saldae,curated,attested,PLE:305142,secure,Pleiades direct Saldae settlement and port point at 36.74085 5.05797
bekarlar,priority_anatolia,Nora,tier2,conservative_regional_proxy,PLE:619221;PLN:619221/nora;T2,tier2,Tier-2 AD 1 Pleiades settlement adapter; period-valid name resource 619221/nora; nearest installed city field at 1.45px; lower-confidence map proxy.
belabo,priority_india_bengal,Belabo,priority_proxy,transparent_map_fallback,T3N:installed-label;T3N:transparent-map-label,tier2,High-visibility unresolved field retains a concise installed cartographic label. It is explicitly not presented as an attested ancient settlement name.
belfort,priority_germania_south,Epamanduodurum,tier2_remote,conservative_regional_proxy,PLE:177516;PLN:177516/epamanduodurum;T2R,tier2,Remote Tier-2 AD 1 Pleiades settlement adapter; period-valid name resource 177516/epamanduodurum; nearest installed city field at 5.17px; remote lower-confidence map proxy.
belgrad,priority_roman_balkans,[EU5 vanilla pass-through],roman_vanilla_passthrough,unresolved_vanilla_passthrough,P10;PLE,contested,The Roman identity audit found no sufficiently secure AD 1 field identity. Runtime localization deliberately falls through to EU5 vanilla instead of emitting a synthetic name.
beloozero,capital,Beloe-Mologa late-Dyakovo material group,priority_proxy,conservative_regional_proxy,RA-DYAKOVO-UPPER;GEO-PROXY,tier2,High-visibility capital replacement for a synthetic Tier-3 form. BLF roster capital/territorial label on its documented engine proxy; the engine field is a documented proxy and not an exact settlement polygon.
beloretsk,capital,Southern Cis-Ural Kara-Abyz group,priority_proxy,conservative_regional_proxy,AES-SOUTH-URAL;GEO-PROXY,tier2,High-visibility capital replacement for a synthetic Tier-3 form. SUG roster capital/territorial label on its documented engine proxy; the engine field is a documented proxy and not an exact settlement polygon.
benevento,priority_italy|priority_roman|priority_roman_italy,Beneventum,curated,attested,PLE:432721,secure,Pleiades Beneventum Maleventum city point at 41.13044 14.78116; Roman-period name retained
benfeld,priority_germania_south,[EU5 vanilla pass-through],roman_vanilla_passthrough,unresolved_vanilla_passthrough,P10;PLE,contested,The Roman identity audit found no sufficiently secure AD 1 field identity. Runtime localization deliberately falls through to EU5 vanilla instead of emitting a synthetic name.
benghazi,priority_roman_egypt,Berenice,curated,attested,PLE;P8.1,secure,Secure Hellenistic and Roman-period city form at the direct Benghazi match.
beni_suef,priority_roman_egypt,Krialon,tier2_wide,conservative_regional_proxy,PLE:736948;PLN:736948/krialon;T2W,tier2,Wide Tier-2 AD 1 Pleiades settlement adapter; period-valid name resource 736948/krialon; nearest installed city field at 2.87px; lower-confidence map proxy.
benin,priority_west_africa|priority_west_africa_guinea,Benin,priority_proxy,transparent_map_fallback,T3N:installed-label;T3N:transparent-map-label,tier2,High-visibility unresolved field retains a concise installed cartographic label. It is explicitly not presented as an attested ancient settlement name.
berbera,capital,Malao,correction,conservative_regional_proxy,PME-BARBARIA;AJA-SOMALILAND,tier2,Near-contemporary port name and standard Berbera-region identification.
bergama,priority_anatolia|priority_roman|priority_roman_anatolia|top_city,Pergamum,curated,attested,PLE:550812,secure,Pleiades direct Pergamum settlement point at 39.13250 27.18417
bergamo,priority_italy|priority_roman_italy,Bergomum,curated,attested,PLE:383589,secure,Pleiades exact Bergomum city point at 45.69491 9.66995; reviewed against the installed Bergamo location
bergen,priority_germania,Bergen,priority_proxy,transparent_map_fallback,T3N:installed-label;T3N:transparent-map-label,tier2,High-visibility unresolved field retains a concise installed cartographic label. It is explicitly not presented as an attested ancient settlement name.
berlin,priority_germania,Berlin,priority_proxy,transparent_map_fallback,T3N:installed-label;T3N:transparent-map-label,tier2,High-visibility unresolved field retains a concise installed cartographic label. It is explicitly not presented as an attested ancient settlement name.
bern,priority_germania_south,[EU5 vanilla pass-through],roman_vanilla_passthrough,unresolved_vanilla_passthrough,P10;PLE,contested,The Roman identity audit found no sufficiently secure AD 1 field identity. Runtime localization deliberately falls through to EU5 vanilla instead of emitting a synthetic name.
bernay,priority_gaul|priority_roman_gaul,[EU5 vanilla pass-through],roman_vanilla_passthrough,unresolved_vanilla_passthrough,P10;PLE,contested,The Roman identity audit found no sufficiently secure AD 1 field identity. Runtime localization deliberately falls through to EU5 vanilla instead of emitting a synthetic name.
beshbalik,capital,Further Jushi at Gucheng,priority_proxy,conservative_regional_proxy,HAN-WR;HHS-WR;GEO-PROXY,tier2,High-visibility capital replacement for a synthetic Tier-3 form. FJS roster capital/territorial label on its documented engine proxy; the engine field is a documented proxy and not an exact settlement polygon.
besni,priority_anatolia,Adatha,tier2_wide,conservative_regional_proxy,PLE:658366;PLN:658366/adatha;T2W,tier2,Wide Tier-2 AD 1 Pleiades settlement adapter; period-valid name resource 658366/adatha; nearest installed city field at 1.98px; lower-confidence map proxy.
betanzos,priority_roman_iberia,[EU5 vanilla pass-through],roman_vanilla_passthrough,unresolved_vanilla_passthrough,P10;PLE,contested,The Roman identity audit found no sufficiently secure AD 1 field identity. Runtime localization deliberately falls through to EU5 vanilla instead of emitting a synthetic name.
bethune,priority_gaul|priority_roman_gaul,Tarvenna,tier2_far,conservative_regional_proxy,PLE:109366;PLN:109366/tarvenna;T2F,tier2,Far Tier-2 AD 1 Pleiades settlement adapter; period-valid name resource 109366/tarvenna; nearest installed city field at 10.42px; far lower-confidence map proxy.
bhadohi,priority_india|priority_india_hindustan,Bhadohi,priority_proxy,transparent_map_fallback,T3N:installed-label;T3N:transparent-map-label,tier2,High-visibility unresolved field retains a concise installed cartographic label. It is explicitly not presented as an attested ancient settlement name.
bhagalpur,capital|priority_india_bengal,Champa,priority_proxy,conservative_regional_proxy,ASI-MITRA;P8.4;GEO-PROXY,tier2,High-visibility capital replacement for a synthetic Tier-3 form. AGA roster capital/territorial label on its documented engine proxy; the engine field is a documented proxy and not an exact settlement polygon.
bhanpura,priority_india_central,Bhanpura,priority_proxy,transparent_map_fallback,T3N:installed-label;T3N:transparent-map-label,tier2,High-visibility unresolved field retains a concise installed cartographic label. It is explicitly not presented as an attested ancient settlement name.
bharatpur,capital,Northeastern Rajasthan coin-polity frame,priority_proxy,conservative_regional_proxy,BM-TRIBAL-COINS;P8.4;GEO-PROXY,tier2,High-visibility capital replacement for a synthetic Tier-3 form. ARJ roster capital/territorial label on its documented engine proxy; the engine field is a documented proxy and not an exact settlement polygon.
bhatkal,priority_india_deccan,Bhatkal,priority_proxy,transparent_map_fallback,T3N:installed-label;T3N:transparent-map-label,tier2,High-visibility unresolved field retains a concise installed cartographic label. It is explicitly not presented as an attested ancient settlement name.
bhatnir,capital,Jangladesh and Shekhawati pastoral corridors,priority_proxy,conservative_regional_proxy,ASI-WESTERN-INDIA;UOA-PERIPLUS;BM-TRIBAL-COINS;P8.4;GEO-PROXY,tier2,High-visibility capital replacement for a synthetic Tier-3 form. JGP roster capital/territorial label on its documented engine proxy; the engine field is a documented proxy and not an exact settlement polygon.
bhatta,priority_india_central,Bhatta,priority_proxy,transparent_map_fallback,T3N:installed-label;T3N:transparent-map-label,tier2,High-visibility unresolved field retains a concise installed cartographic label. It is explicitly not presented as an attested ancient settlement name.
bhilsa,capital,Vedisa,qualified,conservative_regional_proxy,JRAS-VEDISA;P8.4,tier2,Qualified Vedisa-Sanchi urban-region anchor rather than an assertion that the polygon equals one excavated settlement boundary.
bhind,priority_india|priority_india_west,Bhind,priority_proxy,transparent_map_fallback,T3N:installed-label;T3N:transparent-map-label,tier2,High-visibility unresolved field retains a concise installed cartographic label. It is explicitly not presented as an attested ancient settlement name.
bhongir,priority_india_deccan,Bhongir,priority_proxy,transparent_map_fallback,T3N:installed-label;T3N:transparent-map-label,tier2,High-visibility unresolved field retains a concise installed cartographic label. It is explicitly not presented as an attested ancient settlement name.
bhopal,priority_india|priority_india_central,Bhopal,priority_proxy,transparent_map_fallback,T3N:installed-label;T3N:transparent-map-label,tier2,High-visibility unresolved field retains a concise installed cartographic label. It is explicitly not presented as an attested ancient settlement name.
bida,priority_west_africa|priority_west_africa_guinea,Bida,priority_proxy,transparent_map_fallback,T3N:installed-label;T3N:transparent-map-label,tier2,High-visibility unresolved field retains a concise installed cartographic label. It is explicitly not presented as an attested ancient settlement name.
bielefeld,priority_germania|priority_germania_north,Bielefeld,priority_proxy,transparent_map_fallback,T3N:installed-label;T3N:transparent-map-label,tier2,High-visibility unresolved field retains a concise installed cartographic label. It is explicitly not presented as an attested ancient settlement name.
biga,priority_anatolia|priority_roman_anatolia,[EU5 vanilla pass-through],roman_vanilla_passthrough,unresolved_vanilla_passthrough,P10;PLE,contested,The Roman identity audit found no sufficiently secure AD 1 field identity. Runtime localization deliberately falls through to EU5 vanilla instead of emitting a synthetic name.
bihar_sharif,priority_india_bengal,Bihar Sharif,priority_proxy,transparent_map_fallback,T3N:installed-label;T3N:transparent-map-label,tier2,High-visibility unresolved field retains a concise installed cartographic label. It is explicitly not presented as an attested ancient settlement name.
bihariganj,priority_india|priority_india_bengal,Bihariganj,priority_proxy,transparent_map_fallback,T3N:installed-label;T3N:transparent-map-label,tier2,High-visibility unresolved field retains a concise installed cartographic label. It is explicitly not presented as an attested ancient settlement name.
bilbeis,priority_roman_egypt,Leontopolis,tier2_far,conservative_regional_proxy,PLE:727147;PLN:727147/leontopolis;T2F,tier2,Far Tier-2 AD 1 Pleiades settlement adapter; period-valid name resource 727147/leontopolis; nearest installed city field at 6.94px; far lower-confidence map proxy.
bilecik,priority_anatolia|priority_roman_anatolia,Sarkotyle,tier2_far,conservative_regional_proxy,PLE:511409;PLN:511409/sarkotyle;T2F,tier2,Far Tier-2 AD 1 Pleiades settlement adapter; period-valid name resource 511409/sarkotyle; nearest installed city field at 6.82px; far lower-confidence map proxy.
binalatongan,capital,Northwest Luzon,priority_proxy,conservative_regional_proxy,NMP-PH-METAL;NMP-PH-JARS;GEO-PROXY,tier2,High-visibility capital replacement for a synthetic Tier-3 form. LZC roster capital/territorial label on its documented engine proxy; the engine field is a documented proxy and not an exact settlement polygon.
biram,priority_west_africa|priority_west_africa_sahel,Biram,priority_proxy,transparent_map_fallback,T3N:installed-label;T3N:transparent-map-label,tier2,High-visibility unresolved field retains a concise installed cartographic label. It is explicitly not presented as an attested ancient settlement name.
birampur,priority_india|priority_india_bengal,Birampur,priority_proxy,transparent_map_fallback,T3N:installed-label;T3N:transparent-map-label,tier2,High-visibility unresolved field retains a concise installed cartographic label. It is explicitly not presented as an attested ancient settlement name.
birgi,priority_roman_anatolia,Larisa,tier2_remote,conservative_regional_proxy,PLE:599749;PLN:599749/larisa;T2R,tier2,Remote Tier-2 AD 1 Pleiades settlement adapter; period-valid name resource 599749/larisa; nearest installed city field at 5.90px; remote lower-confidence map proxy.
birni_lalle,priority_west_africa,Birni Lalle,priority_proxy,transparent_map_fallback,T3N:installed-label;T3N:transparent-map-label,tier2,High-visibility unresolved field retains a concise installed cartographic label. It is explicitly not presented as an attested ancient settlement name.
birni_nkonni,priority_west_africa,Birni-N'Konni,priority_proxy,transparent_map_fallback,T3N:installed-label;T3N:transparent-map-label,tier2,High-visibility unresolved field retains a concise installed cartographic label. It is explicitly not presented as an attested ancient settlement name.
birnin_gwari,capital,Central Nigerian late Nok communities,priority_proxy,conservative_regional_proxy,JAA-NOK;OUP-NOK;P8.5;GEO-PROXY,tier2,High-visibility capital replacement for a synthetic Tier-3 form. NOK roster capital/territorial label on its documented engine proxy; the engine field is a documented proxy and not an exact settlement polygon.
birnin_kebbi,capital|priority_west_africa|priority_west_africa_sahel,Kebbi riverine savanna,priority_proxy,conservative_regional_proxy,JAH-HAUSALAND;JAR-WA-NETWORKS;P8.5;GEO-PROXY,tier2,High-visibility capital replacement for a synthetic Tier-3 form. WAF roster capital/territorial label on its documented engine proxy; the engine field is a documented proxy and not an exact settlement polygon.
birnin_zamfara,capital|priority_west_africa|priority_west_africa_sahel,Zamfara plateau,priority_proxy,conservative_regional_proxy,JAH-HAUSALAND;JAR-WA-NETWORKS;P8.5;GEO-PROXY,tier2,High-visibility capital replacement for a synthetic Tier-3 form. ZMP roster capital/territorial label on its documented engine proxy; the engine field is a documented proxy and not an exact settlement polygon.
bishan,priority_han_west,Bìshān,priority_proxy,transparent_map_fallback,T3N:installed-label;T3N:transparent-map-label,tier2,High-visibility unresolved field retains a concise installed cartographic label. It is explicitly not presented as an attested ancient settlement name.
biskra,capital,Thabudeos,tier2_far,conservative_regional_proxy,PLE:334632;PLN:334632/thabudeos;T2F,tier2,Far Tier-2 AD 1 Pleiades settlement adapter; period-valid name resource 334632/thabudeos; nearest installed city field at 10.29px; far lower-confidence map proxy.
bitov,priority_germania,Bítov,priority_proxy,transparent_map_fallback,T3N:installed-label;T3N:transparent-map-label,tier2,High-visibility unresolved field retains a concise installed cartographic label. It is explicitly not presented as an attested ancient settlement name.
biyang,priority_han_north,Bìyáng,priority_proxy,transparent_map_fallback,T3N:installed-label;T3N:transparent-map-label,tier2,High-visibility unresolved field retains a concise installed cartographic label. It is explicitly not presented as an attested ancient settlement name.
bizerte,priority_roman|priority_roman_maghreb|urban_node,Hippo Diarrhytus,curated,attested,PLE;P8.1,secure,Secure Roman-period port-city form at the direct Bizerte match.
bla,priority_west_africa,Bla,priority_proxy,transparent_map_fallback,T3N:installed-label;T3N:transparent-map-label,tier2,High-visibility unresolved field retains a concise installed cartographic label. It is explicitly not presented as an attested ancient settlement name.
bobolice,capital,Pomerania,capital,attested,P8.7;CAH-XI;P8.7;CAH-XI,secure,Coordinate-verified AD 1 capital anchor
bodo,capital,Northern Scandinavian coast,priority_proxy,conservative_regional_proxy,PLN-NH-IV96;OCD-GER;GEO-PROXY,tier2,High-visibility capital replacement for a synthetic Tier-3 form. NNR roster capital/territorial label on its documented engine proxy; the engine field is a documented proxy and not an exact settlement polygon.
bodou_sailay,priority_west_africa,Bodou Sailay,priority_proxy,transparent_map_fallback,T3N:installed-label;T3N:transparent-map-label,tier2,High-visibility unresolved field retains a concise installed cartographic label. It is explicitly not presented as an attested ancient settlement name.
bodrum,priority_roman_anatolia,Halicarnassus,curated,attested,PLE:599636,secure,Pleiades direct Halicarnassus settlement and port point at 37.04040 27.42215
bogazliyan,priority_anatolia,Kamoulianai,tier2_far,conservative_regional_proxy,PLE:619177;PLN:619177/kamoulianai;T2F,tier2,Far Tier-2 AD 1 Pleiades settlement adapter; period-valid name resource 619177/kamoulianai; nearest installed city field at 9.58px; far lower-confidence map proxy.
bogra,capital|priority_india_bengal,Pundranagara,priority_proxy,conservative_regional_proxy,UNESCO-MAHASTHAN;CAM-BANGLADESH;P8.4;GEO-PROXY,tier2,High-visibility capital replacement for a synthetic Tier-3 form. PDR roster capital/territorial label on its documented engine proxy; the engine field is a documented proxy and not an exact settlement polygon.
bole,priority_west_africa_guinea,Bole,priority_proxy,transparent_map_fallback,T3N:installed-label;T3N:transparent-map-label,tier2,High-visibility unresolved field retains a concise installed cartographic label. It is explicitly not presented as an attested ancient settlement name.
boleslawiec,priority_germania_baltic,Bolesławiec,priority_proxy,transparent_map_fallback,T3N:installed-label;T3N:transparent-map-label,tier2,High-visibility unresolved field retains a concise installed cartographic label. It is explicitly not presented as an attested ancient settlement name.
bolghar,capital,Lower Kama Pyanobor material group,priority_proxy,conservative_regional_proxy,ENC-NEEU;PAR-PER;GEO-PROXY,tier2,High-visibility capital replacement for a synthetic Tier-3 form. VLF roster capital/territorial label on its documented engine proxy; the engine field is a documented proxy and not an exact settlement polygon.
bologna,priority_italy|priority_roman|priority_roman_italy|urban_node,Bononia,curated,attested,PLE;ORB;P8.1,secure,Direct Roman Via Aemilia city name
bolu,priority_roman_anatolia,Bithynion,tier2_far,conservative_regional_proxy,PLE:844879;PLN:844879/bithynion-1;T2F,tier2,Far Tier-2 AD 1 Pleiades settlement adapter; period-valid name resource 844879/bithynion-1; nearest installed city field at 11.27px; far lower-confidence map proxy.
bombay,priority_india|priority_india_deccan,Dounga,tier2_far,conservative_regional_proxy,PLE:49968;PLN:49968/dounga;T2F,tier2,Far Tier-2 AD 1 Pleiades settlement adapter; period-valid name resource 49968/dounga; nearest installed city field at 11.79px; far lower-confidence map proxy.
bone,capital,Bone-Cenrana,priority_proxy,conservative_regional_proxy,ANU-SULAWESI;GEO-PROXY,tier2,High-visibility capital replacement for a synthetic Tier-3 form. BNC roster capital/territorial label on its documented engine proxy; the engine field is a documented proxy and not an exact settlement polygon.
bor_tur,capital|priority_anatolia,Tyana,capital,attested,PLE;P8.1;P8.1;OCD;PLE,secure,Coordinate-verified AD 1 capital anchor
bordeaux,priority_gaul|priority_roman|priority_roman_gaul|urban_node,Burdigala,curated,attested,PLE:138248,secure,Pleiades exact Burdigala city point at 44.83721 -0.57653; reviewed against the installed Bordeaux location
bordj_bou_arreridj,priority_roman_maghreb,Zabi Iustiniana,tier2_far,conservative_regional_proxy,PLE:334668;PLN:334668/zabi-iustiniana;T2F,tier2,Far Tier-2 AD 1 Pleiades settlement adapter; period-valid name resource 334668/zabi-iustiniana; nearest installed city field at 8.32px; far lower-confidence map proxy.
boromo,priority_west_africa|priority_west_africa_sahel,Boromo,priority_proxy,transparent_map_fallback,T3N:installed-label;T3N:transparent-map-label,tier2,High-visibility unresolved field retains a concise installed cartographic label. It is explicitly not presented as an attested ancient settlement name.
borovichi,capital,Msta-Ilmen late-Dyakovo material group,priority_proxy,conservative_regional_proxy,RA-DYAKOVO-UPPER;GERMANIA-NEVA;GEO-PROXY,tier2,High-visibility capital replacement for a synthetic Tier-3 form. ILM roster capital/territorial label on its documented engine proxy; the engine field is a documented proxy and not an exact settlement polygon.
boruy,capital,Seuthopolis,capital,attested,PLE;P8.1;P8.1;OCD;PLE,secure,Coordinate-verified AD 1 capital anchor
bou_hajla,priority_roman_maghreb,[EU5 vanilla pass-through],roman_vanilla_passthrough,unresolved_vanilla_passthrough,P10;PLE,contested,The Roman identity audit found no sufficiently secure AD 1 field identity. Runtime localization deliberately falls through to EU5 vanilla instead of emitting a synthetic name.
bouillon,priority_germania_north,[EU5 vanilla pass-through],roman_vanilla_passthrough,unresolved_vanilla_passthrough,P10;PLE,contested,The Roman identity audit found no sufficiently secure AD 1 field identity. Runtime localization deliberately falls through to EU5 vanilla instead of emitting a synthetic name.
bouira,priority_roman_maghreb,Tatilti,tier2_far,conservative_regional_proxy,PLE:334628;PLN:334628/tatilti;T2F,tier2,Far Tier-2 AD 1 Pleiades settlement adapter; period-valid name resource 334628/tatilti; nearest installed city field at 8.30px; far lower-confidence map proxy.
boulogne_sur_mer,priority_gaul|priority_roman_gaul,Gesoriacum,tier2_far,conservative_regional_proxy,PLE:109008;PLN:109008/gesoriacum;T2F,tier2,Far Tier-2 AD 1 Pleiades settlement adapter; period-valid name resource 109008/gesoriacum; nearest installed city field at 7.72px; far lower-confidence map proxy.
boussouma,capital,Volta basin iron-age communities,priority_proxy,conservative_regional_proxy,MET-IRON;P8.5;GEO-PROXY,tier2,High-visibility capital replacement for a synthetic Tier-3 form. VLT roster capital/territorial label on its documented engine proxy; the engine field is a documented proxy and not an exact settlement polygon.
bovino,priority_italy|priority_roman_italy,Vibinates,tier2_wide,conservative_regional_proxy,PLE:442851;PLN:442851/vibinates;T2W,tier2,Wide Tier-2 AD 1 Pleiades settlement adapter; period-valid name resource 442851/vibinates; nearest installed city field at 1.75px; lower-confidence map proxy.
boye,priority_han_north,Bóyě,priority_proxy,transparent_map_fallback,T3N:installed-label;T3N:transparent-map-label,tier2,High-visibility unresolved field retains a concise installed cartographic label. It is explicitly not presented as an attested ancient settlement name.
bracciano,priority_italy|priority_roman|priority_roman_italy,Nepet,tier2_remote,conservative_regional_proxy,PLE:413224;PLN:413224/nepet;T2R,tier2,Remote Tier-2 AD 1 Pleiades settlement adapter; period-valid name resource 413224/nepet; nearest installed city field at 5.59px; remote lower-confidence map proxy.
bragernes,priority_germania,Bragernes,priority_proxy,transparent_map_fallback,T3N:installed-label;T3N:transparent-map-label,tier2,High-visibility unresolved field retains a concise installed cartographic label. It is explicitly not presented as an attested ancient settlement name.
brahmapur,priority_india_bengal,Brahmapur,priority_proxy,transparent_map_fallback,T3N:installed-label;T3N:transparent-map-label,tier2,High-visibility unresolved field retains a concise installed cartographic label. It is explicitly not presented as an attested ancient settlement name.
branicevo,priority_roman_balkans,[EU5 vanilla pass-through],roman_vanilla_passthrough,unresolved_vanilla_passthrough,P10;PLE,contested,The Roman identity audit found no sufficiently secure AD 1 field identity. Runtime localization deliberately falls through to EU5 vanilla instead of emitting a synthetic name.
braunau,priority_germania_south,Iuvavum,tier2_far,conservative_regional_proxy,PLE:187432;PLN:187432/iuvavum;T2F,tier2,Far Tier-2 AD 1 Pleiades settlement adapter; period-valid name resource 187432/iuvavum; nearest installed city field at 9.81px; far lower-confidence map proxy.
bregne,priority_germania|priority_germania_scandinavia,Brekne,priority_proxy,transparent_map_fallback,T3N:installed-label;T3N:transparent-map-label,tier2,High-visibility unresolved field retains a concise installed cartographic label. It is explicitly not presented as an attested ancient settlement name.
bremen,capital,Lower Rhine communities,priority_proxy,conservative_regional_proxy,P8.7;STR-GER;TAC-GER;OCD-GER;PLE;GEO-PROXY,tier2,High-visibility capital replacement for a synthetic Tier-3 form. CTU roster capital/territorial label on its documented engine proxy; the engine field is a documented proxy and not an exact settlement polygon.
bremervorde,priority_germania,Bremervörde,priority_proxy,transparent_map_fallback,T3N:installed-label;T3N:transparent-map-label,tier2,High-visibility unresolved field retains a concise installed cartographic label. It is explicitly not presented as an attested ancient settlement name.
brescia,priority_italy|priority_roman_italy,Brixia,curated,attested,PLE:383603,secure,Pleiades exact Brixia city point at 45.53977 10.22314; reviewed against the installed Brescia location
brest,priority_gaul|priority_roman_gaul,Osismii,tier2_ultra,conservative_regional_proxy,PLE:69511;PLN:69511/osismii;T2U,tier2,Ultra-far Tier-2 AD 1 Pleiades settlement adapter; period-valid name resource 69511/osismii; nearest installed city field at 14.22px; ultra-far lower-confidence map proxy.
brest_litowsk,capital,Pripyat-Dnieper archaeological communities,priority_proxy,conservative_regional_proxy,RAS-ZAR;P8.7;CAH-XI;GEO-PROXY,tier2,High-visibility capital replacement for a synthetic Tier-3 form. ZRB roster capital/territorial label on its documented engine proxy; the engine field is a documented proxy and not an exact settlement polygon.
breteuil,priority_gaul|priority_roman_gaul,[EU5 vanilla pass-through],roman_vanilla_passthrough,unresolved_vanilla_passthrough,P10;PLE,contested,The Roman identity audit found no sufficiently secure AD 1 field identity. Runtime localization deliberately falls through to EU5 vanilla instead of emitting a synthetic name.
brie_comte_robert,priority_gaul|priority_roman_gaul,[EU5 vanilla pass-through],roman_vanilla_passthrough,unresolved_vanilla_passthrough,P10;PLE,contested,The Roman identity audit found no sufficiently secure AD 1 field identity. Runtime localization deliberately falls through to EU5 vanilla instead of emitting a synthetic name.
brindisi,priority_italy|priority_roman|priority_roman_italy|urban_node,Brundisium,curated,attested,PLE;ORB;P8.1,secure,Direct Roman Adriatic terminus name
broach,capital|priority_india_west,Barygaza,tier2_far,conservative_regional_proxy,PLE:59737;PLN:59737/barygaza;T2F,tier2,Far Tier-2 AD 1 Pleiades settlement adapter; period-valid name resource 59737/barygaza; nearest installed city field at 6.58px; far lower-confidence map proxy.
brodnica,priority_germania_baltic,Brodnica,priority_proxy,transparent_map_fallback,T3N:installed-label;T3N:transparent-map-label,tier2,High-visibility unresolved field retains a concise installed cartographic label. It is explicitly not presented as an attested ancient settlement name.
bruck_leitha,priority_germania_south,[EU5 vanilla pass-through],roman_vanilla_passthrough,unresolved_vanilla_passthrough,P10;PLE,contested,The Roman identity audit found no sufficiently secure AD 1 field identity. Runtime localization deliberately falls through to EU5 vanilla instead of emitting a synthetic name.
bruges,priority_gaul|priority_germania_north|priority_roman,[EU5 vanilla pass-through],roman_vanilla_passthrough,unresolved_vanilla_passthrough,P10;PLE,contested,The Roman identity audit found no sufficiently secure AD 1 field identity. Runtime localization deliberately falls through to EU5 vanilla instead of emitting a synthetic name.
brussels,priority_germania,Brussels,priority_proxy,transparent_map_fallback,T3N:installed-label;T3N:transparent-map-label,tier2,High-visibility unresolved field retains a concise installed cartographic label. It is explicitly not presented as an attested ancient settlement name.
brzeg,priority_germania_baltic,Brzeg,priority_proxy,transparent_map_fallback,T3N:installed-label;T3N:transparent-map-label,tier2,High-visibility unresolved field retains a concise installed cartographic label. It is explicitly not presented as an attested ancient settlement name.
budaun,priority_india_hindustan,Budaun,priority_proxy,transparent_map_fallback,T3N:installed-label;T3N:transparent-map-label,tier2,High-visibility unresolved field retains a concise installed cartographic label. It is explicitly not presented as an attested ancient settlement name.
budejovice,priority_germania,Budějovice,priority_proxy,transparent_map_fallback,T3N:installed-label;T3N:transparent-map-label,tier2,High-visibility unresolved field retains a concise installed cartographic label. It is explicitly not presented as an attested ancient settlement name.
bundi,priority_india_west,Bundi,priority_proxy,transparent_map_fallback,T3N:installed-label;T3N:transparent-map-label,tier2,High-visibility unresolved field retains a concise installed cartographic label. It is explicitly not presented as an attested ancient settlement name.
bungku,capital,Bungku-Kendari,priority_proxy,conservative_regional_proxy,ANU-SULAWESI;SPAFA-TOPOGARO;GEO-PROXY,tier2,High-visibility capital replacement for a synthetic Tier-3 form. BGU roster capital/territorial label on its documented engine proxy; the engine field is a documented proxy and not an exact settlement polygon.
burao,capital,Berbera-Burao exchange hinterland,priority_proxy,conservative_regional_proxy,AJA-SOMALILAND;PME-BARBARIA;P8.5;GEO-PROXY,tier2,High-visibility capital replacement for a synthetic Tier-3 form. BAR roster capital/territorial label on its documented engine proxy; the engine field is a documented proxy and not an exact settlement polygon.
burdur,priority_roman_anatolia,Kormasa,tier2_remote,conservative_regional_proxy,PLE:638936;PLN:638936/kormasa;T2R,tier2,Remote Tier-2 AD 1 Pleiades settlement adapter; period-valid name resource 638936/kormasa; nearest installed city field at 3.76px; remote lower-confidence map proxy.
buren,priority_germania|priority_germania_north,Buren,priority_proxy,transparent_map_fallback,T3N:installed-label;T3N:transparent-map-label,tier2,High-visibility unresolved field retains a concise installed cartographic label. It is explicitly not presented as an attested ancient settlement name.
burgdorf_emmental,priority_germania_south,[EU5 vanilla pass-through],roman_vanilla_passthrough,unresolved_vanilla_passthrough,P10;PLE,contested,The Roman identity audit found no sufficiently secure AD 1 field identity. Runtime localization deliberately falls through to EU5 vanilla instead of emitting a synthetic name.
burhanpur,priority_india_central,Burhanpur,priority_proxy,transparent_map_fallback,T3N:installed-label;T3N:transparent-map-label,tier2,High-visibility unresolved field retains a concise installed cartographic label. It is explicitly not presented as an attested ancient settlement name.
bursa,priority_roman_anatolia,Prusa,curated,attested,PLE:511384,secure,Pleiades direct Prusa settlement point at 40.18290 29.06382
bussa,priority_west_africa|priority_west_africa_guinea,Bussa,priority_proxy,transparent_map_fallback,T3N:installed-label;T3N:transparent-map-label,tier2,High-visibility unresolved field retains a concise installed cartographic label. It is explicitly not presented as an attested ancient settlement name.
butuan,capital,Agusan,priority_proxy,conservative_regional_proxy,NMP-PH-METAL;NMP-PH-JARS;GEO-PROXY,tier2,High-visibility capital replacement for a synthetic Tier-3 form. AGS roster capital/territorial label on its documented engine proxy; the engine field is a documented proxy and not an exact settlement polygon.
butung,capital,Buton-Muna,priority_proxy,conservative_regional_proxy,ANU-SULAWESI;GEO-PROXY,tier2,High-visibility capital replacement for a synthetic Tier-3 form. BTM roster capital/territorial label on its documented engine proxy; the engine field is a documented proxy and not an exact settlement polygon.
buxar,priority_india|priority_india_hindustan,Buxar,priority_proxy,transparent_map_fallback,T3N:installed-label;T3N:transparent-map-label,tier2,High-visibility unresolved field retains a concise installed cartographic label. It is explicitly not presented as an attested ancient settlement name.
cadiz,priority_roman|priority_roman_iberia|top_city|urban_node,Gades,curated,attested,PLE;P12.2;P8.1,secure,Direct Gades Cadiz city name
caen,priority_gaul|priority_roman_gaul,Aregenoua,tier2_remote,conservative_regional_proxy,PLE:69468;PLN:69468/aregenoua;T2R,tier2,Remote Tier-2 AD 1 Pleiades settlement adapter; period-valid name resource 69468/aregenoua; nearest installed city field at 5.37px; remote lower-confidence map proxy.
cagliari,priority_italy|priority_roman_italy,Caralis,curated,attested,PLE:471899,secure,Pleiades exact Caralis city point at 39.21489 9.10952; reviewed against the installed Cagliari location
cahokia,capital,American Bottom,priority_proxy,conservative_regional_proxy,ISAS-AMBOTTOM;NPS-HOPEWELL;GEO-PROXY,tier2,High-visibility capital replacement for a synthetic Tier-3 form. ABW roster capital/territorial label on its documented engine proxy; the engine field is a documented proxy and not an exact settlement polygon.
cahuachi,capital,Cahuachi,qualified,conservative_regional_proxy,P8.10;CAH-XI,tier2,Qualified period Nazca ceremonial-centre form.
cairo,priority_roman|priority_roman_egypt|top_city,Memphis,curated,attested,PLE:736963,secure,Direct Memphis settlement point; the installed Cairo key is a bounded Nile-city adapter.
calahorra,priority_roman_iberia,Augustobriga,tier2_wide,conservative_regional_proxy,PLE:246208;PLN:246208/augustobriga;T2W,tier2,Wide Tier-2 AD 1 Pleiades settlement adapter; period-valid name resource 246208/augustobriga; nearest installed city field at 1.79px; lower-confidence map proxy.
calais,priority_gaul|priority_roman|priority_roman_gaul,[EU5 vanilla pass-through],roman_vanilla_passthrough,unresolved_vanilla_passthrough,P10;PLE,contested,The Roman identity audit found no sufficiently secure AD 1 field identity. Runtime localization deliberately falls through to EU5 vanilla instead of emitting a synthetic name.
calbe,priority_germania,Calbe,priority_proxy,transparent_map_fallback,T3N:installed-label;T3N:transparent-map-label,tier2,High-visibility unresolved field retains a concise installed cartographic label. It is explicitly not presented as an attested ancient settlement name.
calvi,priority_italy|priority_roman_italy,Palania,tier2,conservative_regional_proxy,PLE:472109;PLN:472109/palania;T2,tier2,Tier-2 AD 1 Pleiades settlement adapter; period-valid name resource 472109/palania; nearest installed city field at 1.21px; lower-confidence map proxy.
camerino,priority_italy|priority_roman_italy,Septempeda,tier2,conservative_regional_proxy,PLE:413314;PLN:413314/septempeda;T2,tier2,Tier-2 AD 1 Pleiades settlement adapter; period-valid name resource 413314/septempeda; nearest installed city field at 1.22px; lower-confidence map proxy.
campagna,priority_italy|priority_roman|priority_roman_italy,Eburum,tier2_remote,conservative_regional_proxy,PLE:442572;PLN:442572/eburum;T2R,tier2,Remote Tier-2 AD 1 Pleiades settlement adapter; period-valid name resource 442572/eburum; nearest installed city field at 4.55px; remote lower-confidence map proxy.
canajoharie,capital,Mohawk Valley,priority_proxy,conservative_regional_proxy,NYSM-POINT;OAS-POINT;NPS-HOPEWELL;GEO-PROXY,tier2,High-visibility capital replacement for a synthetic Tier-3 form. MHP roster capital/territorial label on its documented engine proxy; the engine field is a documented proxy and not an exact settlement polygon.
canakkale,priority_anatolia|priority_roman_anatolia,Skamandreia,tier2_remote,conservative_regional_proxy,PLE:550888;PLN:550888/skamandreia;T2R,tier2,Remote Tier-2 AD 1 Pleiades settlement adapter; period-valid name resource 550888/skamandreia; nearest installed city field at 4.40px; remote lower-confidence map proxy.
candir_cil,priority_anatolia,Çandir,priority_proxy,transparent_map_fallback,T3N:installed-label;T3N:transparent-map-label,tier2,High-visibility unresolved field retains a concise installed cartographic label. It is explicitly not presented as an attested ancient settlement name.
canterbury,capital,Durovernum,curated,attested,PLE;P8.7,secure,Secure Roman-period urban form.
carlisle,capital,Luguvalium,curated,attested,PLE;P8.7,secure,Secure Roman-period urban form.
carmagnola,priority_italy|priority_roman_italy,Forum Germanici,tier2_far,conservative_regional_proxy,PLE:383653;PLN:383653/forum-germanici;T2F,tier2,Far Tier-2 AD 1 Pleiades settlement adapter; period-valid name resource 383653/forum-germanici; nearest installed city field at 7.67px; far lower-confidence map proxy.
carmarthen,capital,Moridunum,tier2_remote,conservative_regional_proxy,PLE:79602;PLN:79602/moridunum;T2R,tier2,Remote Tier-2 AD 1 Pleiades settlement adapter; period-valid name resource 79602/moridunum; nearest installed city field at 4.58px; remote lower-confidence map proxy.
carmona,priority_roman_iberia,Salpensa,tier2_far,conservative_regional_proxy,PLE:256417;PLN:256417/salpensa;T2F,tier2,Far Tier-2 AD 1 Pleiades settlement adapter; period-valid name resource 256417/salpensa; nearest installed city field at 8.93px; far lower-confidence map proxy.
carnarvon,capital,Mediolanum,capital,attested,P8.7;CAH-XI;P8.7;CAH-XI;PTO-GEO-II2,secure,Coordinate-verified AD 1 capital anchor
cartagena,priority_roman|priority_roman_iberia,Carthago Nova,curated,attested,PLE,secure,Direct Roman-period city form for the installed Cartagena location
carucairi,capital,Windward Islands,qualified,conservative_regional_proxy,SCIADV-CARIB,tier2,Qualified geographic campaign anchor; no unattested AD 1 settlement name or later polity is asserted
casale,priority_italy|priority_roman_italy,Hasta,tier2_remote,conservative_regional_proxy,PLE:383669;PLN:383669/hasta;T2R,tier2,Remote Tier-2 AD 1 Pleiades settlement adapter; period-valid name resource 383669/hasta; nearest installed city field at 5.28px; remote lower-confidence map proxy.
casalmaggiore,priority_italy|priority_roman_italy,Brixellum,tier2_remote,conservative_regional_proxy,PLE:383602;PLN:383602/brixellum;T2R,tier2,Remote Tier-2 AD 1 Pleiades settlement adapter; period-valid name resource 383602/brixellum; nearest installed city field at 5.35px; remote lower-confidence map proxy.
caserta,priority_italy|priority_roman|priority_roman_italy|top_city,Teanum Sidicinum,tier2_wide,conservative_regional_proxy,PLE:433146;PLN:433146/teanum-sidicinum;T2W,tier2,Wide Tier-2 AD 1 Pleiades settlement adapter; period-valid name resource 433146/teanum-sidicinum; nearest installed city field at 3.12px; lower-confidence map proxy.
cassano,priority_italy|priority_roman_italy,Thurii,tier2_far,conservative_regional_proxy,PLE:452457;PLN:452457/thurii;T2F,tier2,Far Tier-2 AD 1 Pleiades settlement adapter; period-valid name resource 452457/thurii; nearest installed city field at 7.90px; far lower-confidence map proxy.
cassel,priority_germania_north,Castellum Menapiorum,tier2_wide,conservative_regional_proxy,PLE:108865;PLN:108865/castellum-menapiorum;T2W,tier2,Wide Tier-2 AD 1 Pleiades settlement adapter; period-valid name resource 108865/castellum-menapiorum; nearest installed city field at 3.16px; lower-confidence map proxy.
castelfranco,priority_italy|priority_roman_italy,Acelum,tier2_far,conservative_regional_proxy,PLE:393357;PLN:393357/acelum;T2F,tier2,Far Tier-2 AD 1 Pleiades settlement adapter; period-valid name resource 393357/acelum; nearest installed city field at 7.89px; far lower-confidence map proxy.
castelnaudary,priority_gaul|priority_roman_gaul,[EU5 vanilla pass-through],roman_vanilla_passthrough,unresolved_vanilla_passthrough,P10;PLE,contested,The Roman identity audit found no sufficiently secure AD 1 field identity. Runtime localization deliberately falls through to EU5 vanilla instead of emitting a synthetic name.
castelo_branco,priority_roman_iberia,[EU5 vanilla pass-through],roman_vanilla_passthrough,unresolved_vanilla_passthrough,P10;PLE,contested,The Roman identity audit found no sufficiently secure AD 1 field identity. Runtime localization deliberately falls through to EU5 vanilla instead of emitting a synthetic name.
castlebar,capital,Magnata,priority_proxy,conservative_regional_proxy,P8.7;PTO-GEO-II1;DARCY-IRE;GEO-PROXY,tier2,High-visibility capital replacement for a synthetic Tier-3 form. NAG roster capital/territorial label on its documented engine proxy; the engine field is a documented proxy and not an exact settlement polygon.
cat_tien,capital,Central Highland Exchange Corridors,qualified,conservative_regional_proxy,CAM-SAH;P8.9;R5-GEOGRAPHY,tier2,Qualified geographic-material anchor without backdating the later Cat Tien sanctuary. Round 5 researched geography replaces the installed or descriptive fallback.
catania,priority_italy|priority_roman|priority_roman_italy,Katánē,tier2_remote,conservative_regional_proxy,PLE:462270;PLN:462270/katane;T2R,tier2,Remote Tier-2 AD 1 Pleiades settlement adapter; period-valid name resource 462270/katane; nearest installed city field at 5.68px; remote lower-confidence map proxy.
caxud,priority_anatolia,C'Axud,priority_proxy,transparent_map_fallback,T3N:installed-label;T3N:transparent-map-label,tier2,High-visibility unresolved field retains a concise installed cartographic label. It is explicitly not presented as an attested ancient settlement name.
celje,priority_germania_south,[EU5 vanilla pass-through],roman_vanilla_passthrough,unresolved_vanilla_passthrough,P10;PLE,contested,The Roman identity audit found no sufficiently secure AD 1 field identity. Runtime localization deliberately falls through to EU5 vanilla instead of emitting a synthetic name.
celle,capital,Lower Weser communities,priority_proxy,conservative_regional_proxy,P8.7;STR-GER;TAC-GER;OCD-GER;PLE;GEO-PROXY,tier2,High-visibility capital replacement for a synthetic Tier-3 form. CHC roster capital/territorial label on its documented engine proxy; the engine field is a documented proxy and not an exact settlement polygon.
ceneda,priority_italy|priority_roman_italy,[EU5 vanilla pass-through],roman_vanilla_passthrough,unresolved_vanilla_passthrough,P10;PLE,contested,The Roman identity audit found no sufficiently secure AD 1 field identity. Runtime localization deliberately falls through to EU5 vanilla instead of emitting a synthetic name.
cesis,priority_germania_baltic,Cēsis,priority_proxy,transparent_map_fallback,T3N:installed-label;T3N:transparent-map-label,tier2,High-visibility unresolved field retains a concise installed cartographic label. It is explicitly not presented as an attested ancient settlement name.
cesme,priority_roman_anatolia,Erythras,tier2_far,conservative_regional_proxy,PLE:550536;PLN:550536/erythras;T2F,tier2,Far Tier-2 AD 1 Pleiades settlement adapter; period-valid name resource 550536/erythras; nearest installed city field at 7.36px; far lower-confidence map proxy.
chabcha,capital,Sumpa Northeastern Plateau,qualified,conservative_regional_proxy,OXF-SINO-TIB;CAM-TIB-ARCH;P8.8,tier2,Qualified northeastern Sumpa campaign anchor rather than the later Chabcha name or a recovered AD 1 capital.
chaisri,capital,Mon Plain,qualified,conservative_regional_proxy,P8.9;CAH-XI,tier2,Qualified Mon precursor anchor rather than a claim about the later Nakhon Chaisri name.
chaiturgarh,priority_india_central,Chaiturgarh,priority_proxy,transparent_map_fallback,T3N:installed-label;T3N:transparent-map-label,tier2,High-visibility unresolved field retains a concise installed cartographic label. It is explicitly not presented as an attested ancient settlement name.
chalco,capital,Chalco Lands,qualified,conservative_regional_proxy,P8.10;CAH-XI;R5-GEOGRAPHY,tier2,Qualified Mesoamerican society anchor rather than a claim about the installed locality. Round 5 researched geography replaces the installed or descriptive fallback.
chalon_sur_saone,priority_gaul,Tinurtium,tier2_remote,conservative_regional_proxy,PLE:177641;PLN:177641/tinurtium;T2R,tier2,Remote Tier-2 AD 1 Pleiades settlement adapter; period-valid name resource 177641/tinurtium; nearest installed city field at 4.29px; remote lower-confidence map proxy.
chamdo,capital,Qamdo River Corridors,qualified,conservative_regional_proxy,CAM-EAST-TIB;RAD-YUSHU;P8.8;R5-GEOGRAPHY,tier2,Qualified upper-river corridor anchor rather than a securely recovered AD 1 settlement name. Round 5 researched geography replaces the installed or descriptive fallback.
champaner,capital|priority_india_west,Rewa-Kantha upland corridors,priority_proxy,conservative_regional_proxy,ASI-WESTERN-INDIA;UOA-PERIPLUS;BM-TRIBAL-COINS;P8.4;GEO-PROXY,tier2,High-visibility capital replacement for a synthetic Tier-3 form. RKU roster capital/territorial label on its documented engine proxy; the engine field is a documented proxy and not an exact settlement polygon.
chan_chan,capital|urban_node,Virú,qualified,conservative_regional_proxy,PNAS-VIR;WIL-GAL;P8.10,tier2,Qualified north-coast adapter: the installed Chan Chan field represents the contested Gallinazo Virú-Valley context and does not claim the later Chan Chan city existed at AD 1.
chandwar,priority_india|priority_india_hindustan,Chandwar,priority_proxy,transparent_map_fallback,T3N:installed-label;T3N:transparent-map-label,tier2,High-visibility unresolved field retains a concise installed cartographic label. It is explicitly not presented as an attested ancient settlement name.
changsha,priority_han|priority_han_east,Chángshā,priority_proxy,transparent_map_fallback,T3N:installed-label;T3N:transparent-map-label,tier2,High-visibility unresolved field retains a concise installed cartographic label. It is explicitly not presented as an attested ancient settlement name.
changshu,priority_han|priority_han_east,Chángshú,priority_proxy,transparent_map_fallback,T3N:installed-label;T3N:transparent-map-label,tier2,High-visibility unresolved field retains a concise installed cartographic label. It is explicitly not presented as an attested ancient settlement name.
changxing,priority_han|priority_han_east,Chángxīng,priority_proxy,transparent_map_fallback,T3N:installed-label;T3N:transparent-map-label,tier2,High-visibility unresolved field retains a concise installed cartographic label. It is explicitly not presented as an attested ancient settlement name.
changyi,priority_han|priority_han_north,Chāngyì,priority_proxy,transparent_map_fallback,T3N:installed-label;T3N:transparent-map-label,tier2,High-visibility unresolved field retains a concise installed cartographic label. It is explicitly not presented as an attested ancient settlement name.
changyuan,priority_han_north,Chángyuán,priority_proxy,transparent_map_fallback,T3N:installed-label;T3N:transparent-map-label,tier2,High-visibility unresolved field retains a concise installed cartographic label. It is explicitly not presented as an attested ancient settlement name.
chaocheng,priority_han_north,Cháochéng,priority_proxy,transparent_map_fallback,T3N:installed-label;T3N:transparent-map-label,tier2,High-visibility unresolved field retains a concise installed cartographic label. It is explicitly not presented as an attested ancient settlement name.
chaoyang,priority_han|priority_han_south,Cháoyáng,priority_proxy,transparent_map_fallback,T3N:installed-label;T3N:transparent-map-label,tier2,High-visibility unresolved field retains a concise installed cartographic label. It is explicitly not presented as an attested ancient settlement name.
charchan,capital,Qiemo oasis,priority_proxy,conservative_regional_proxy,HAN-WR;GEO-PROXY,tier2,High-visibility capital replacement for a synthetic Tier-3 form. QIM roster capital/territorial label on its documented engine proxy; the engine field is a documented proxy and not an exact settlement polygon.
chartres,priority_gaul,Autricum,curated,attested,PLE:108778,secure,Pleiades exact Autricum settlement point at 48.44566 1.48562; reviewed against the installed Chartres location
chateaudun,priority_gaul|priority_roman_gaul,[EU5 vanilla pass-through],roman_vanilla_passthrough,unresolved_vanilla_passthrough,P10;PLE,contested,The Roman identity audit found no sufficiently secure AD 1 field identity. Runtime localization deliberately falls through to EU5 vanilla instead of emitting a synthetic name.
chateaulin,priority_gaul|priority_roman_gaul,[EU5 vanilla pass-through],roman_vanilla_passthrough,unresolved_vanilla_passthrough,P10;PLE,contested,The Roman identity audit found no sufficiently secure AD 1 field identity. Runtime localization deliberately falls through to EU5 vanilla instead of emitting a synthetic name.
chaumont_vexin,priority_gaul|priority_roman_gaul,[EU5 vanilla pass-through],roman_vanilla_passthrough,unresolved_vanilla_passthrough,P10;PLE,contested,The Roman identity audit found no sufficiently secure AD 1 field identity. Runtime localization deliberately falls through to EU5 vanilla instead of emitting a synthetic name.
chavand,priority_india_west,Chavand,priority_proxy,transparent_map_fallback,T3N:installed-label;T3N:transparent-map-label,tier2,High-visibility unresolved field retains a concise installed cartographic label. It is explicitly not presented as an attested ancient settlement name.
chayrama,capital,Sierra Nevada northwestern slopes,priority_proxy,conservative_regional_proxy,CAM-SNSM;P8.10;GEO-PROXY,tier2,High-visibility capital replacement for a synthetic Tier-3 form. SNE roster capital/territorial label on its documented engine proxy; the engine field is a documented proxy and not an exact settlement polygon.
chebba,priority_roman_maghreb,Usila,tier2_far,conservative_regional_proxy,PLE:324841;PLN:324841/usila;T2F,tier2,Far Tier-2 AD 1 Pleiades settlement adapter; period-valid name resource 324841/usila; nearest installed city field at 6.44px; far lower-confidence map proxy.
cheffia,priority_roman_maghreb,Thagaste,tier2_wide,conservative_regional_proxy,PLE:315198;PLN:315198/thagaste;T2W,tier2,Wide Tier-2 AD 1 Pleiades settlement adapter; period-valid name resource 315198/thagaste; nearest installed city field at 1.86px; lower-confidence map proxy.
chelmno,priority_germania|priority_germania_baltic,Chełmno,priority_proxy,transparent_map_fallback,T3N:installed-label;T3N:transparent-map-label,tier2,High-visibility unresolved field retains a concise installed cartographic label. It is explicitly not presented as an attested ancient settlement name.
chengdu,priority_han|priority_han_west|top_city|urban_node,Chengdu,curated,attested,BHR;P12.1;P8.3,secure,Direct Han metropolitan city name
chengfu,priority_han_east,Chéngfù,priority_proxy,transparent_map_fallback,T3N:installed-label;T3N:transparent-map-label,tier2,High-visibility unresolved field retains a concise installed cartographic label. It is explicitly not presented as an attested ancient settlement name.
chengmai,priority_han_south,Chéngmài,priority_proxy,transparent_map_fallback,T3N:installed-label;T3N:transparent-map-label,tier2,High-visibility unresolved field retains a concise installed cartographic label. It is explicitly not presented as an attested ancient settlement name.
chengshan,priority_han|priority_han_north,Chéngshān,priority_proxy,transparent_map_fallback,T3N:installed-label;T3N:transparent-map-label,tier2,High-visibility unresolved field retains a concise installed cartographic label. It is explicitly not presented as an attested ancient settlement name.
cherbourg,priority_gaul|priority_roman_gaul,Alauna,tier2_far,conservative_regional_proxy,PLE:69463;PLN:69463/alauna;T2F,tier2,Far Tier-2 AD 1 Pleiades settlement adapter; period-valid name resource 69463/alauna; nearest installed city field at 10.17px; far lower-confidence map proxy.
cherchell,capital|urban_node,Caesarea Mauretaniae,curated,attested,PLE;P8.1,secure,Secure Roman-period Mauretanian capital form at the direct Cherchell match.
chernihiv,capital,Desna-Severia Zarubintsy material group,priority_proxy,conservative_regional_proxy,RAS-ZAR;P8.7;GEO-PROXY,tier2,High-visibility capital replacement for a synthetic Tier-3 form. DNP roster capital/territorial label on its documented engine proxy; the engine field is a documented proxy and not an exact settlement polygon.
cherven,priority_roman_balkans,Nicopolis ad Istrum,tier2_far,conservative_regional_proxy,PLE:216895;PLN:216895/nicopolis-ad-istrum;T2F,tier2,Far Tier-2 AD 1 Pleiades settlement adapter; period-valid name resource 216895/nicopolis-ad-istrum; nearest installed city field at 10.03px; far lower-confidence map proxy.
chhatarpur,priority_india_central,Chhatarpur,priority_proxy,transparent_map_fallback,T3N:installed-label;T3N:transparent-map-label,tier2,High-visibility unresolved field retains a concise installed cartographic label. It is explicitly not presented as an attested ancient settlement name.
chhaya,priority_india_west,Chhaya,priority_proxy,transparent_map_fallback,T3N:installed-label;T3N:transparent-map-label,tier2,High-visibility unresolved field retains a concise installed cartographic label. It is explicitly not presented as an attested ancient settlement name.
chiang_mai,capital,Ping-Wang Basin,qualified,conservative_regional_proxy,CAM-SEA-IRON;P8.9,tier2,Qualified basin anchor without backdating Chiang Mai or Lanna.
chiang_rai,capital,Kok-Ing Basin,qualified,conservative_regional_proxy,CAM-SEA-IRON;P8.9,tier2,Qualified basin anchor without backdating Chiang Rai or a later Tai state.
chiba,priority_japan,Chiba,priority_proxy,transparent_map_fallback,T3N:installed-label;T3N:transparent-map-label,tier2,High-visibility unresolved field retains a concise installed cartographic label. It is explicitly not presented as an attested ancient settlement name.
chichester,capital,Noviomagus,curated,attested,PLE:79622;P8.7,secure,Direct Pleiades Noviomagus settlement point at the installed Chichester city field; the generic title is retained without an unsupported tribal epithet.
chieri,priority_italy|priority_roman_italy,Pollentia,tier2_wide,conservative_regional_proxy,PLE:383745;PLN:383745/pollentia;T2W,tier2,Wide Tier-2 AD 1 Pleiades settlement adapter; period-valid name resource 383745/pollentia; nearest installed city field at 1.84px; lower-confidence map proxy.
chieti,priority_italy|priority_roman_italy,Teate,tier2_remote,conservative_regional_proxy,PLE:413333;PLN:413333/teate;T2R,tier2,Remote Tier-2 AD 1 Pleiades settlement adapter; period-valid name resource 413333/teate; nearest installed city field at 5.10px; remote lower-confidence map proxy.
chillupar,priority_india_hindustan,Chillupar,priority_proxy,transparent_map_fallback,T3N:installed-label;T3N:transparent-map-label,tier2,High-visibility unresolved field retains a concise installed cartographic label. It is explicitly not presented as an attested ancient settlement name.
chimay,priority_germania_north,Vodgoriacum,tier2_far,conservative_regional_proxy,PLE:109441;PLN:109441/vodgoriacum;T2F,tier2,Far Tier-2 AD 1 Pleiades settlement adapter; period-valid name resource 109441/vodgoriacum; nearest installed city field at 10.45px; far lower-confidence map proxy.
chioggia,priority_italy|priority_roman_italy,Hadriani,tier2_far,conservative_regional_proxy,PLE:393434;PLN:393434/hadriani;T2F,tier2,Far Tier-2 AD 1 Pleiades settlement adapter; period-valid name resource 393434/hadriani; nearest installed city field at 7.00px; far lower-confidence map proxy.
chiping,priority_han_north,Chípíng,priority_proxy,transparent_map_fallback,T3N:installed-label;T3N:transparent-map-label,tier2,High-visibility unresolved field retains a concise installed cartographic label. It is explicitly not presented as an attested ancient settlement name.
chitrakuta,priority_india_central,Chitrakuta,priority_proxy,transparent_map_fallback,T3N:installed-label;T3N:transparent-map-label,tier2,High-visibility unresolved field retains a concise installed cartographic label. It is explicitly not presented as an attested ancient settlement name.
chittagong,priority_india,Chittagong,priority_proxy,transparent_map_fallback,T3N:installed-label;T3N:transparent-map-label,tier2,High-visibility unresolved field retains a concise installed cartographic label. It is explicitly not presented as an attested ancient settlement name.
chittor,capital|priority_india|priority_india_west,Mewar Vagad and Ahar-Banas highlands,priority_proxy,conservative_regional_proxy,ASI-WESTERN-INDIA;UOA-PERIPLUS;BM-TRIBAL-COINS;P8.4;GEO-PROXY,tier2,High-visibility capital replacement for a synthetic Tier-3 form. ABN roster capital/territorial label on its documented engine proxy; the engine field is a documented proxy and not an exact settlement polygon.
chiusi,priority_italy|priority_roman_italy,Manliana,tier2_far,conservative_regional_proxy,PLE:413189;PLN:413189/manliana;T2F,tier2,Far Tier-2 AD 1 Pleiades settlement adapter; period-valid name resource 413189/manliana; nearest installed city field at 7.16px; far lower-confidence map proxy.
cholollan,capital,Puebla-Tlaxcala formative centers,priority_proxy,conservative_regional_proxy,INAH-CANTONA;P8.10;GEO-PROXY,tier2,High-visibility capital replacement for a synthetic Tier-3 form. PTF roster capital/territorial label on its documented engine proxy; the engine field is a documented proxy and not an exact settlement polygon.
chongde,priority_han|priority_han_east,Chóngdé,priority_proxy,transparent_map_fallback,T3N:installed-label;T3N:transparent-map-label,tier2,High-visibility unresolved field retains a concise installed cartographic label. It is explicitly not presented as an attested ancient settlement name.
chrudim,priority_germania,Chrudim,priority_proxy,transparent_map_fallback,T3N:installed-label;T3N:transparent-map-label,tier2,High-visibility unresolved field retains a concise installed cartographic label. It is explicitly not presented as an attested ancient settlement name.
chuqiu,priority_han_north,Chǔqiū,priority_proxy,transparent_map_fallback,T3N:installed-label;T3N:transparent-map-label,tier2,High-visibility unresolved field retains a concise installed cartographic label. It is explicitly not presented as an attested ancient settlement name.
cirencester,capital,Korinion,tier2_remote,conservative_regional_proxy,PLE:79549;PLN:79549/korinion;T2R,tier2,Remote Tier-2 AD 1 Pleiades settlement adapter; period-valid name resource 79549/korinion; nearest installed city field at 4.71px; remote lower-confidence map proxy.
cittacastello,priority_italy|priority_roman_italy,Sestinum,tier2_far,conservative_regional_proxy,PLE:413315;PLN:413315/sestinum;T2F,tier2,Far Tier-2 AD 1 Pleiades settlement adapter; period-valid name resource 413315/sestinum; nearest installed city field at 6.43px; far lower-confidence map proxy.
ciudadela_de_menorca,priority_roman_iberia,Mago,tier2_ultra,conservative_regional_proxy,PLE:265960;PLN:265960/mago;T2U,tier2,Ultra-far Tier-2 AD 1 Pleiades settlement adapter; period-valid name resource 265960/mago; nearest installed city field at 17.31px; ultra-far lower-confidence map proxy.
civitavecchia,priority_italy|priority_roman|priority_roman_italy,Blera,tier2_wide,conservative_regional_proxy,PLE:413054;PLN:413054/blera;T2W,tier2,Wide Tier-2 AD 1 Pleiades settlement adapter; period-valid name resource 413054/blera; nearest installed city field at 2.58px; lower-confidence map proxy.
cixi,priority_han|priority_han_east,Cíxī,priority_proxy,transparent_map_fallback,T3N:installed-label;T3N:transparent-map-label,tier2,High-visibility unresolved field retains a concise installed cartographic label. It is explicitly not presented as an attested ancient settlement name.
colchester,capital,Camulodunum,capital,attested,PLE:79393;P8.7;P8.7;CAH-XI;PLE;PTO-GEO-II2,secure,Coordinate-verified AD 1 capital anchor
coliman,capital,Colima and Coahuayana valleys,priority_proxy,conservative_regional_proxy,INAH-COLIMA;GEO-PROXY,tier2,High-visibility capital replacement for a synthetic Tier-3 form. COL roster capital/territorial label on its documented engine proxy; the engine field is a documented proxy and not an exact settlement polygon.
colmar,priority_germania_south,[EU5 vanilla pass-through],roman_vanilla_passthrough,unresolved_vanilla_passthrough,P10;PLE,contested,The Roman identity audit found no sufficiently secure AD 1 field identity. Runtime localization deliberately falls through to EU5 vanilla instead of emitting a synthetic name.
cologne,priority_germania|priority_germania_north|urban_node,Oppidum Ubiorum,correction,attested,LEIZA-COL;KVB-COL,secure,Replaces Colonia Agrippinensis: Cologne did not receive its colonia foundation and Agrippina title until about AD 50.
comacchio,priority_italy|priority_roman_italy,Neronia,tier2_remote,conservative_regional_proxy,PLE:393457;PLN:393457/neronia;T2R,tier2,Remote Tier-2 AD 1 Pleiades settlement adapter; period-valid name resource 393457/neronia; nearest installed city field at 4.55px; remote lower-confidence map proxy.
comana_cil,priority_anatolia,Chryse,tier2_remote,conservative_regional_proxy,PLE:628959;PLN:628959/chryse;T2R,tier2,Remote Tier-2 AD 1 Pleiades settlement adapter; period-valid name resource 628959/chryse; nearest installed city field at 5.00px; remote lower-confidence map proxy.
conegliano,priority_italy|priority_roman_italy,[EU5 vanilla pass-through],roman_vanilla_passthrough,unresolved_vanilla_passthrough,P10;PLE,contested,The Roman identity audit found no sufficiently secure AD 1 field identity. Runtime localization deliberately falls through to EU5 vanilla instead of emitting a synthetic name.
constanta,priority_roman_balkans,Tomis,curated,attested,PLE:217016,secure,Direct Tomis settlement point at the installed Constanța coastal city proxy.
constantinople,top_city|urban_node,Byzantion,curated,attested,PLE;P12.2;P8.1,secure,Pre-Constantinian Greek city name
corbeil,priority_gaul,[EU5 vanilla pass-through],roman_vanilla_passthrough,unresolved_vanilla_passthrough,P10;PLE,contested,The Roman identity audit found no sufficiently secure AD 1 field identity. Runtime localization deliberately falls through to EU5 vanilla instead of emitting a synthetic name.
corbie,priority_gaul|priority_roman_gaul,[EU5 vanilla pass-through],roman_vanilla_passthrough,unresolved_vanilla_passthrough,P10;PLE,contested,The Roman identity audit found no sufficiently secure AD 1 field identity. Runtime localization deliberately falls through to EU5 vanilla instead of emitting a synthetic name.
cordoba,priority_roman|priority_roman_iberia|top_city|urban_node,Corduba,curated,attested,PLE:256128,secure,Pleiades exact Corduba Colonia Patricia city point at 37.88468 -4.77917; reviewed against the installed Cordoba location
corinth,priority_roman|priority_roman_balkans|top_city|urban_node,Corinthus,curated,attested,PLE;P12.2;P8.1,secure,Direct Roman Corinth city name
cork,capital,Iernis,priority_proxy,conservative_regional_proxy,P8.7;PTO-GEO-II1;DARCY-IRE;GEO-PROXY,tier2,High-visibility capital replacement for a synthetic Tier-3 form. IVN roster capital/territorial label on its documented engine proxy; the engine field is a documented proxy and not an exact settlement polygon.
corneto,priority_italy|priority_roman|priority_roman_italy,Suana,tier2_far,conservative_regional_proxy,PLE:413323;PLN:413323/suana;T2F,tier2,Far Tier-2 AD 1 Pleiades settlement adapter; period-valid name resource 413323/suana; nearest installed city field at 6.81px; far lower-confidence map proxy.
cortenuova,priority_italy|priority_roman_italy,[EU5 vanilla pass-through],roman_vanilla_passthrough,unresolved_vanilla_passthrough,P10;PLE,contested,The Roman identity audit found no sufficiently secure AD 1 field identity. Runtime localization deliberately falls through to EU5 vanilla instead of emitting a synthetic name.
cortona,priority_italy|priority_roman_italy,[EU5 vanilla pass-through],roman_vanilla_passthrough,unresolved_vanilla_passthrough,P10;PLE,contested,The Roman identity audit found no sufficiently secure AD 1 field identity. Runtime localization deliberately falls through to EU5 vanilla instead of emitting a synthetic name.
corum,priority_anatolia,Çorum,priority_proxy,transparent_map_fallback,T3N:installed-label;T3N:transparent-map-label,tier2,High-visibility unresolved field retains a concise installed cartographic label. It is explicitly not presented as an attested ancient settlement name.
coruna,priority_roman_iberia,[EU5 vanilla pass-through],roman_vanilla_passthrough,unresolved_vanilla_passthrough,P10;PLE,contested,The Roman identity audit found no sufficiently secure AD 1 field identity. Runtime localization deliberately falls through to EU5 vanilla instead of emitting a synthetic name.
corycus,priority_anatolia,Kanytelis,tier2_remote,conservative_regional_proxy,PLE:648663;PLN:648663/kanytelis;T2R,tier2,Remote Tier-2 AD 1 Pleiades settlement adapter; period-valid name resource 648663/kanytelis; nearest installed city field at 4.40px; remote lower-confidence map proxy.
cremona,priority_italy|priority_roman_italy,Cremona,curated,attested,PLE:383628,secure,Pleiades exact Cremona settlement point at 45.13364 10.02615; reviewed against the installed Cremona location
cuauhnahuac,capital,Morelos formative communities,priority_proxy,conservative_regional_proxy,INAH-CHALCATZINGO;P8.10;GEO-PROXY,tier2,High-visibility capital replacement for a synthetic Tier-3 form. MRF roster capital/territorial label on its documented engine proxy; the engine field is a documented proxy and not an exact settlement polygon.
cubuk,priority_roman_anatolia,Ankyra,tier2_far,conservative_regional_proxy,PLE:619103;PLN:619103/ankyra;T2F,tier2,Far Tier-2 AD 1 Pleiades settlement adapter; period-valid name resource 619103/ankyra; nearest installed city field at 9.99px; far lower-confidence map proxy.
daboya,priority_west_africa,Daboya,priority_proxy,transparent_map_fallback,T3N:installed-label;T3N:transparent-map-label,tier2,High-visibility unresolved field retains a concise installed cartographic label. It is explicitly not presented as an attested ancient settlement name.
dacheng,priority_han_north,Dàchéng,priority_proxy,transparent_map_fallback,T3N:installed-label;T3N:transparent-map-label,tier2,High-visibility unresolved field retains a concise installed cartographic label. It is explicitly not presented as an attested ancient settlement name.
dadu,priority_han|priority_han_north,Dàdū,priority_proxy,transparent_map_fallback,T3N:installed-label;T3N:transparent-map-label,tier2,High-visibility unresolved field retains a concise installed cartographic label. It is explicitly not presented as an attested ancient settlement name.
daga_papua,capital,Daga Highlands,qualified,conservative_regional_proxy,JPA-PAPUA;CAM-NGU,tier2,Qualified geographic campaign anchor; no unattested AD 1 settlement name or later polity is asserted
dagana,priority_west_africa|priority_west_africa_guinea,Dagana,priority_proxy,transparent_map_fallback,T3N:installed-label;T3N:transparent-map-label,tier2,High-visibility unresolved field retains a concise installed cartographic label. It is explicitly not presented as an attested ancient settlement name.
dagu_shunyuan,priority_han_south,Dǎgǔ,priority_proxy,transparent_map_fallback,T3N:installed-label;T3N:transparent-map-label,tier2,High-visibility unresolved field retains a concise installed cartographic label. It is explicitly not presented as an attested ancient settlement name.
daima,capital|priority_west_africa|priority_west_africa_sahel,Southwestern Lake Chad communities,priority_proxy,conservative_regional_proxy,CAM-DAI;OUP-CHAD;P8.5;GEO-PROXY,tier2,High-visibility capital replacement for a synthetic Tier-3 form. LCH roster capital/territorial label on its documented engine proxy; the engine field is a documented proxy and not an exact settlement polygon.
dakahla,priority_roman_egypt,Diospolis Kato,tier2_remote,conservative_regional_proxy,PLE:727111;PLN:727111/diospolis-kato;T2R,tier2,Remote Tier-2 AD 1 Pleiades settlement adapter; period-valid name resource 727111/diospolis-kato; nearest installed city field at 5.80px; remote lower-confidence map proxy.
dalai_nur_lake,capital,Xianbei Dalai Lands,capital,attested,P8.8;CAH-XI;P8.8;CAH-XI,secure,Coordinate-verified AD 1 capital anchor
daman,priority_india|priority_india_west,Daman,priority_proxy,transparent_map_fallback,T3N:installed-label;T3N:transparent-map-label,tier2,High-visibility unresolved field retains a concise installed cartographic label. It is explicitly not presented as an attested ancient settlement name.
damanhur,priority_roman_egypt,Psenemphaia,tier2_wide,conservative_regional_proxy,PLE:727208;PLN:727208/psenemphaia;T2W,tier2,Wide Tier-2 AD 1 Pleiades settlement adapter; period-valid name resource 727208/psenemphaia; nearest installed city field at 1.66px; lower-confidence map proxy.
damascus,urban_node,Damaskos,correction,conservative_regional_proxy,RPC-DAMASCUS;OUP-GREEK-SYRIA,tier2,Replaces a Persian-only lookup with Semitic and Hellenic adapters; Augustan civic coinage attests the Greek Damaskene form while local Semitic continuity remains represented.
damietta,priority_roman_egypt,[EU5 vanilla pass-through],roman_vanilla_passthrough,unresolved_vanilla_passthrough,P10;PLE,contested,The Roman identity audit found no sufficiently secure AD 1 field identity. Runtime localization deliberately falls through to EU5 vanilla instead of emitting a synthetic name.
damoh,priority_india_central,Damoh,priority_proxy,transparent_map_fallback,T3N:installed-label;T3N:transparent-map-label,tier2,High-visibility unresolved field retains a concise installed cartographic label. It is explicitly not presented as an attested ancient settlement name.
dangshan,priority_han_east,Dàngshān,priority_proxy,transparent_map_fallback,T3N:installed-label;T3N:transparent-map-label,tier2,High-visibility unresolved field retains a concise installed cartographic label. It is explicitly not presented as an attested ancient settlement name.
dantu,priority_han|priority_han_east,Dāntú,priority_proxy,transparent_map_fallback,T3N:installed-label;T3N:transparent-map-label,tier2,High-visibility unresolved field retains a concise installed cartographic label. It is explicitly not presented as an attested ancient settlement name.
danyang,priority_han|priority_han_east,Dānyáng,priority_proxy,transparent_map_fallback,T3N:installed-label;T3N:transparent-map-label,tier2,High-visibility unresolved field retains a concise installed cartographic label. It is explicitly not presented as an attested ancient settlement name.
darbhanga,capital|priority_india_bengal,Mithila region,priority_proxy,conservative_regional_proxy,ASI-MITRA;P8.4;GEO-PROXY,tier2,High-visibility capital replacement for a synthetic Tier-3 form. VDJ roster capital/territorial label on its documented engine proxy; the engine field is a documented proxy and not an exact settlement polygon.
darende,priority_anatolia,Dalanda,tier2_remote,conservative_regional_proxy,PLE:628962;PLN:628962/dalanda;T2R,tier2,Remote Tier-2 AD 1 Pleiades settlement adapter; period-valid name resource 628962/dalanda; nearest installed city field at 4.40px; remote lower-confidence map proxy.
dartsedo,capital,Eastern Plateau Passage,qualified,conservative_regional_proxy,CAM-EAST-TIB;OXF-EAST-RIM;P8.8,tier2,Qualified plateau-escarpment exchange anchor rather than the later Dartsedo market-town name.
dasmenda,priority_anatolia,Ariaratheia,tier2_far,conservative_regional_proxy,PLE:628934;PLN:628934/ariaratheia;T2F,tier2,Far Tier-2 AD 1 Pleiades settlement adapter; period-valid name resource 628934/ariaratheia; nearest installed city field at 7.90px; far lower-confidence map proxy.
dasong,priority_han_north,Dàsōng,priority_proxy,transparent_map_fallback,T3N:installed-label;T3N:transparent-map-label,tier2,High-visibility unresolved field retains a concise installed cartographic label. It is explicitly not presented as an attested ancient settlement name.
date_loc,priority_japan,Date,priority_proxy,transparent_map_fallback,T3N:installed-label;T3N:transparent-map-label,tier2,High-visibility unresolved field retains a concise installed cartographic label. It is explicitly not presented as an attested ancient settlement name.
datia,priority_india_west,Eragassa,tier2_ultra,conservative_regional_proxy,PLE:59807;PLN:59807/eragassa;T2U,tier2,Ultra-far Tier-2 AD 1 Pleiades settlement adapter; period-valid name resource 59807/eragassa; nearest installed city field at 14.34px; ultra-far lower-confidence map proxy.
daulatabad,capital,Paithana,tier2_far,conservative_regional_proxy,PLE:50192;PLN:50192/paithana;T2F,tier2,Far Tier-2 AD 1 Pleiades settlement adapter; period-valid name resource 50192/paithana; nearest installed city field at 8.74px; far lower-confidence map proxy.
daura,priority_west_africa|priority_west_africa_sahel,Daura,priority_proxy,transparent_map_fallback,T3N:installed-label;T3N:transparent-map-label,tier2,High-visibility unresolved field retains a concise installed cartographic label. It is explicitly not presented as an attested ancient settlement name.
daxing,priority_han|priority_han_north,Dàxīng,priority_proxy,transparent_map_fallback,T3N:installed-label;T3N:transparent-map-label,tier2,High-visibility unresolved field retains a concise installed cartographic label. It is explicitly not presented as an attested ancient settlement name.
degehabur,capital,Haud grazing and exchange circuits,priority_proxy,conservative_regional_proxy,AJA-SOMALILAND;P8.5;GEO-PROXY,tier2,High-visibility capital replacement for a synthetic Tier-3 form. HAU roster capital/territorial label on its documented engine proxy; the engine field is a documented proxy and not an exact settlement polygon.
dehua_jiujiang,priority_han|priority_han_east,Déhuà,priority_proxy,transparent_map_fallback,T3N:installed-label;T3N:transparent-map-label,tier2,High-visibility unresolved field retains a concise installed cartographic label. It is explicitly not presented as an attested ancient settlement name.
delhi,priority_india|priority_india_hindustan,Delhi,priority_proxy,transparent_map_fallback,T3N:installed-label;T3N:transparent-map-label,tier2,High-visibility unresolved field retains a concise installed cartographic label. It is explicitly not presented as an attested ancient settlement name.
deliktash,priority_anatolia,Deliktaş,priority_proxy,transparent_map_fallback,T3N:installed-label;T3N:transparent-map-label,tier2,High-visibility unresolved field retains a concise installed cartographic label. It is explicitly not presented as an attested ancient settlement name.
demmin,priority_germania,Demmin,priority_proxy,transparent_map_fallback,T3N:installed-label;T3N:transparent-map-label,tier2,High-visibility unresolved field retains a concise installed cartographic label. It is explicitly not presented as an attested ancient settlement name.
denbigh,capital,Varis,tier2_remote,conservative_regional_proxy,PLE:79730;PLN:79730/varis;T2R,tier2,Remote Tier-2 AD 1 Pleiades settlement adapter; period-valid name resource 79730/varis; nearest installed city field at 5.51px; remote lower-confidence map proxy.
deodar,priority_india_west,Thorax,tier2_ultra,conservative_regional_proxy,PLE:60085;PLN:60085/thorax;T2U,tier2,Ultra-far Tier-2 AD 1 Pleiades settlement adapter; period-valid name resource 60085/thorax; nearest installed city field at 14.23px; ultra-far lower-confidence map proxy.
deogarh,priority_india|priority_india_central,Deogarh,priority_proxy,transparent_map_fallback,T3N:installed-label;T3N:transparent-map-label,tier2,High-visibility unresolved field retains a concise installed cartographic label. It is explicitly not presented as an attested ancient settlement name.
deori,priority_india_central,Deori,priority_proxy,transparent_map_fallback,T3N:installed-label;T3N:transparent-map-label,tier2,High-visibility unresolved field retains a concise installed cartographic label. It is explicitly not presented as an attested ancient settlement name.
deou,priority_west_africa,Deou,priority_proxy,transparent_map_fallback,T3N:installed-label;T3N:transparent-map-label,tier2,High-visibility unresolved field retains a concise installed cartographic label. It is explicitly not presented as an attested ancient settlement name.
deoule,capital,Air massif communities,priority_proxy,conservative_regional_proxy,CAM-DAI;P8.5;GEO-PROXY,tier2,High-visibility capital replacement for a synthetic Tier-3 form. AIR roster capital/territorial label on its documented engine proxy; the engine field is a documented proxy and not an exact settlement polygon.
deping,priority_han_north,Dépíng,priority_proxy,transparent_map_fallback,T3N:installed-label;T3N:transparent-map-label,tier2,High-visibility unresolved field retains a concise installed cartographic label. It is explicitly not presented as an attested ancient settlement name.
deqing,priority_han|priority_han_east,Déqīng,priority_proxy,transparent_map_fallback,T3N:installed-label;T3N:transparent-map-label,tier2,High-visibility unresolved field retains a concise installed cartographic label. It is explicitly not presented as an attested ancient settlement name.
derge,capital,Drichu Highlands,qualified,conservative_regional_proxy,CAM-EAST-TIB;RAD-YUSHU;P8.8,tier2,Qualified upper-Yangtze highland anchor rather than the much later Derge polity.
derna,priority_roman_egypt,Darnis,curated,attested,PLE:373780,secure,Pleiades direct Darnis settlement point at 32.76608 22.64048
derry,capital,Rhobogdium,priority_proxy,conservative_regional_proxy,P8.7;PTO-GEO-II1;DARCY-IRE;GEO-PROXY,tier2,High-visibility capital replacement for a synthetic Tier-3 form. RHB roster capital/territorial label on its documented engine proxy; the engine field is a documented proxy and not an exact settlement polygon.
devakottai,priority_india_deccan,Perinkari,tier2_far,conservative_regional_proxy,PLE:50213;PLN:50213/perinkari;T2F,tier2,Far Tier-2 AD 1 Pleiades settlement adapter; period-valid name resource 50213/perinkari; nearest installed city field at 11.91px; far lower-confidence map proxy.
devanagara,priority_india_deccan,Devanagara,priority_proxy,transparent_map_fallback,T3N:installed-label;T3N:transparent-map-label,tier2,High-visibility unresolved field retains a concise installed cartographic label. It is explicitly not presented as an attested ancient settlement name.
develi,priority_anatolia,Karahisar-i Develi,priority_proxy,transparent_map_fallback,T3N:installed-label;T3N:transparent-map-label,tier2,High-visibility unresolved field retains a concise installed cartographic label. It is explicitly not presented as an attested ancient settlement name.
devkot,priority_india_bengal,Devkot,priority_proxy,transparent_map_fallback,T3N:installed-label;T3N:transparent-map-label,tier2,High-visibility unresolved field retains a concise installed cartographic label. It is explicitly not presented as an attested ancient settlement name.
dhafar,capital,Zafar,capital,attested,PLE;P8.6;P8.6;CAH-XI;PLE,secure,Coordinate-verified AD 1 capital anchor
dhamtari,priority_india_central,Dhamtari,priority_proxy,transparent_map_fallback,T3N:installed-label;T3N:transparent-map-label,tier2,High-visibility unresolved field retains a concise installed cartographic label. It is explicitly not presented as an attested ancient settlement name.
dharapuram,priority_india_deccan,Dharapuram,priority_proxy,transparent_map_fallback,T3N:installed-label;T3N:transparent-map-label,tier2,High-visibility unresolved field retains a concise installed cartographic label. It is explicitly not presented as an attested ancient settlement name.
dharmapuri,capital,Tagadur Uplands,qualified,conservative_regional_proxy,JRAS-SATIYAPUTRA;CAM-TAMIL-MERCHANTS;P8.4,tier2,Qualified Atiyaman-Tagadur upland anchor; the engine polygon is not claimed as an excavated AD 1 court.
dharmavaram,priority_india_deccan,Dharmavaram,priority_proxy,transparent_map_fallback,T3N:installed-label;T3N:transparent-map-label,tier2,High-visibility unresolved field retains a concise installed cartographic label. It is explicitly not presented as an attested ancient settlement name.
dholka,priority_india_west,Dholka,priority_proxy,transparent_map_fallback,T3N:installed-label;T3N:transparent-map-label,tier2,High-visibility unresolved field retains a concise installed cartographic label. It is explicitly not presented as an attested ancient settlement name.
diakhao,priority_west_africa|priority_west_africa_guinea,Diakhao,priority_proxy,transparent_map_fallback,T3N:installed-label;T3N:transparent-map-label,tier2,High-visibility unresolved field retains a concise installed cartographic label. It is explicitly not presented as an attested ancient settlement name.
diangounte_camara,priority_west_africa,Diangounté Camara,priority_proxy,transparent_map_fallback,T3N:installed-label;T3N:transparent-map-label,tier2,High-visibility unresolved field retains a concise installed cartographic label. It is explicitly not presented as an attested ancient settlement name.
diawara,priority_west_africa_guinea,Diawara,priority_proxy,transparent_map_fallback,T3N:installed-label;T3N:transparent-map-label,tier2,High-visibility unresolved field retains a concise installed cartographic label. It is explicitly not presented as an attested ancient settlement name.
dibrugarh,capital,Upper Brahmaputra settlement corridor,priority_proxy,conservative_regional_proxy,OUP-NEINDIA;P8.4;GEO-PROXY,tier2,High-visibility capital replacement for a synthetic Tier-3 form. UBR roster capital/territorial label on its documented engine proxy; the engine field is a documented proxy and not an exact settlement polygon.
didao,priority_han_west,Dídào,priority_proxy,transparent_map_fallback,T3N:installed-label;T3N:transparent-map-label,tier2,High-visibility unresolved field retains a concise installed cartographic label. It is explicitly not presented as an attested ancient settlement name.
digavapi,priority_india_deccan,Digavapi,priority_proxy,transparent_map_fallback,T3N:installed-label;T3N:transparent-map-label,tier2,High-visibility unresolved field retains a concise installed cartographic label. It is explicitly not presented as an attested ancient settlement name.
dijon,priority_gaul,Castrum Divionense,tier2_far,conservative_regional_proxy,PLE:177489;PLN:177489/castrum-divionense;T2F,tier2,Far Tier-2 AD 1 Pleiades settlement adapter; period-valid name resource 177489/castrum-divionense; nearest installed city field at 9.08px; far lower-confidence map proxy.
dikwa,priority_west_africa|priority_west_africa_sahel,Dikwa,priority_proxy,transparent_map_fallback,T3N:installed-label;T3N:transparent-map-label,tier2,High-visibility unresolved field retains a concise installed cartographic label. It is explicitly not presented as an attested ancient settlement name.
dimapur,capital,Doyang-Dhansiri settlement corridor,priority_proxy,conservative_regional_proxy,OUP-NEINDIA;P8.4;GEO-PROXY,tier2,High-visibility capital replacement for a synthetic Tier-3 form. DDV roster capital/territorial label on its documented engine proxy; the engine field is a documented proxy and not an exact settlement polygon.
dinant,priority_germania_north,[EU5 vanilla pass-through],roman_vanilla_passthrough,unresolved_vanilla_passthrough,P10;PLE,contested,The Roman identity audit found no sufficiently secure AD 1 field identity. Runtime localization deliberately falls through to EU5 vanilla instead of emitting a synthetic name.
dinghai,priority_han|priority_han_east,Dìnghǎi,priority_proxy,transparent_map_fallback,T3N:installed-label;T3N:transparent-map-label,tier2,High-visibility unresolved field retains a concise installed cartographic label. It is explicitly not presented as an attested ancient settlement name.
dingwall,capital,Varar,priority_proxy,conservative_regional_proxy,P8.7;PTO-GEO-II2;MANN-BRI;GEO-PROXY,tier2,High-visibility capital replacement for a synthetic Tier-3 form. DCT roster capital/territorial label on its documented engine proxy; the engine field is a documented proxy and not an exact settlement polygon.
dingxing,priority_han_north,Dìngxīng,priority_proxy,transparent_map_fallback,T3N:installed-label;T3N:transparent-map-label,tier2,High-visibility unresolved field retains a concise installed cartographic label. It is explicitly not presented as an attested ancient settlement name.
dingyuan,priority_han_west,Dìngyuǎn,priority_proxy,transparent_map_fallback,T3N:installed-label;T3N:transparent-map-label,tier2,High-visibility unresolved field retains a concise installed cartographic label. It is explicitly not presented as an attested ancient settlement name.
dioila,priority_west_africa|priority_west_africa_sahel,Dioïla,priority_proxy,transparent_map_fallback,T3N:installed-label;T3N:transparent-map-label,tier2,High-visibility unresolved field retains a concise installed cartographic label. It is explicitly not presented as an attested ancient settlement name.
dioumara,priority_west_africa,Dioumara,priority_proxy,transparent_map_fallback,T3N:installed-label;T3N:transparent-map-label,tier2,High-visibility unresolved field retains a concise installed cartographic label. It is explicitly not presented as an attested ancient settlement name.
diourbel,capital|priority_west_africa|priority_west_africa_guinea,Senegambian iron-age communities,priority_proxy,conservative_regional_proxy,CAM-MLR;MET-IRON;P8.5;GEO-PROXY,tier2,High-visibility capital replacement for a synthetic Tier-3 form. SNG roster capital/territorial label on its documented engine proxy; the engine field is a documented proxy and not an exact settlement polygon.
dipalpur,priority_india|priority_india_hindustan,Dipalpur,priority_proxy,transparent_map_fallback,T3N:installed-label;T3N:transparent-map-label,tier2,High-visibility unresolved field retains a concise installed cartographic label. It is explicitly not presented as an attested ancient settlement name.
divrigi,priority_anatolia,Euspena,tier2_far,conservative_regional_proxy,PLE:628977;PLN:628977/euspena;T2F,tier2,Far Tier-2 AD 1 Pleiades settlement adapter; period-valid name resource 628977/euspena; nearest installed city field at 9.28px; far lower-confidence map proxy.
dizhai,priority_han_south,Dǐzhài,priority_proxy,transparent_map_fallback,T3N:installed-label;T3N:transparent-map-label,tier2,High-visibility unresolved field retains a concise installed cartographic label. It is explicitly not presented as an attested ancient settlement name.
djelfa,capital,Atlas high-plateau and pre-desert communities,priority_proxy,conservative_regional_proxy,TRE-GAE;SOR-AFRICA-FRONTIER;P8.5;GEO-PROXY,tier2,High-visibility capital replacement for a synthetic Tier-3 form. BER roster capital/territorial label on its documented engine proxy; the engine field is a documented proxy and not an exact settlement polygon.
djenne,capital,Djenné-Djenno,qualified,conservative_regional_proxy,P8.5;CAH-XI,tier2,Qualified Inland-Delta adapter: the installed Djenné field represents the pre-medieval Djenné-Djenno horizon rather than the later town name.
djibo,priority_west_africa,Djibo,priority_proxy,transparent_map_fallback,T3N:installed-label;T3N:transparent-map-label,tier2,High-visibility unresolved field retains a concise installed cartographic label. It is explicitly not presented as an attested ancient settlement name.
djilor,priority_west_africa|priority_west_africa_guinea,Djilor,priority_proxy,transparent_map_fallback,T3N:installed-label;T3N:transparent-map-label,tier2,High-visibility unresolved field retains a concise installed cartographic label. It is explicitly not presented as an attested ancient settlement name.
djougou,capital,Gur savanna iron-age communities,priority_proxy,conservative_regional_proxy,MET-IRON;P8.5;GEO-PROXY,tier2,High-visibility capital replacement for a synthetic Tier-3 form. GUR roster capital/territorial label on its documented engine proxy; the engine field is a documented proxy and not an exact settlement polygon.
doboj,priority_roman_balkans,[EU5 vanilla pass-through],roman_vanilla_passthrough,unresolved_vanilla_passthrough,P10;PLE,contested,The Roman identity audit found no sufficiently secure AD 1 field identity. Runtime localization deliberately falls through to EU5 vanilla instead of emitting a synthetic name.
donegal,capital,Northwestern Hibernia,priority_proxy,conservative_regional_proxy,P8.7;PTO-GEO-II1;DARCY-IRE;GEO-PROXY,tier2,High-visibility capital replacement for a synthetic Tier-3 form. VNI roster capital/territorial label on its documented engine proxy; the engine field is a documented proxy and not an exact settlement polygon.
dongan_shuntian,priority_han_north,Dōng'ān,priority_proxy,transparent_map_fallback,T3N:installed-label;T3N:transparent-map-label,tier2,High-visibility unresolved field retains a concise installed cartographic label. It is explicitly not presented as an attested ancient settlement name.
dongguan,priority_han_south,Dōngguǎn,priority_proxy,transparent_map_fallback,T3N:installed-label;T3N:transparent-map-label,tier2,High-visibility unresolved field retains a concise installed cartographic label. It is explicitly not presented as an attested ancient settlement name.
dorchester,capital,Durotriges,correction,conservative_regional_proxy,HE-DORCHESTER,tier2,Replaces Durnovaria: the Roman civitas capital was founded after the invasion; the Durotriges are used as an explicit regional field proxy rather than a false AD 1 town.
dornoch,capital,Eastern Caledonia,priority_proxy,conservative_regional_proxy,P8.7;PTO-GEO-II2;MANN-BRI;GEO-PROXY,tier2,High-visibility capital replacement for a synthetic Tier-3 form. LGB roster capital/territorial label on its documented engine proxy; the engine field is a documented proxy and not an exact settlement polygon.
douai,priority_gaul|priority_germania_north,[EU5 vanilla pass-through],roman_vanilla_passthrough,unresolved_vanilla_passthrough,P10;PLE,contested,The Roman identity audit found no sufficiently secure AD 1 field identity. Runtime localization deliberately falls through to EU5 vanilla instead of emitting a synthetic name.
doubare,priority_west_africa|priority_west_africa_sahel,Doubaré,priority_proxy,transparent_map_fallback,T3N:installed-label;T3N:transparent-map-label,tier2,High-visibility unresolved field retains a concise installed cartographic label. It is explicitly not presented as an attested ancient settlement name.
dourtenga,priority_west_africa,Dourtenga,priority_proxy,transparent_map_fallback,T3N:installed-label;T3N:transparent-map-label,tier2,High-visibility unresolved field retains a concise installed cartographic label. It is explicitly not presented as an attested ancient settlement name.
drama,priority_roman_balkans,Methone,tier2_remote,conservative_regional_proxy,PLE:501518;PLN:501518/methone;T2R,tier2,Remote Tier-2 AD 1 Pleiades settlement adapter; period-valid name resource 501518/methone; nearest installed city field at 5.42px; remote lower-confidence map proxy.
dubica,priority_roman_balkans,[EU5 vanilla pass-through],roman_vanilla_passthrough,unresolved_vanilla_passthrough,P10;PLE,contested,The Roman identity audit found no sufficiently secure AD 1 field identity. Runtime localization deliberately falls through to EU5 vanilla instead of emitting a synthetic name.
dublin,capital,Eastern Hibernia,priority_proxy,conservative_regional_proxy,P8.7;PTO-GEO-II1;DARCY-IRE;GEO-PROXY,tier2,High-visibility capital replacement for a synthetic Tier-3 form. CCI roster capital/territorial label on its documented engine proxy; the engine field is a documented proxy and not an exact settlement polygon.
dubrovnik,priority_roman_balkans,Epidaurum,tier2_far,conservative_regional_proxy,PLE:197263;PLN:197263/epidaurum;T2F,tier2,Far Tier-2 AD 1 Pleiades settlement adapter; period-valid name resource 197263/epidaurum; nearest installed city field at 6.33px; far lower-confidence map proxy.
duchang,priority_han|priority_han_east,Dūchāng,priority_proxy,transparent_map_fallback,T3N:installed-label;T3N:transparent-map-label,tier2,High-visibility unresolved field retains a concise installed cartographic label. It is explicitly not presented as an attested ancient settlement name.
dufanat,priority_roman_maghreb,[EU5 vanilla pass-through],roman_vanilla_passthrough,unresolved_vanilla_passthrough,P10;PLE,contested,The Roman identity audit found no sufficiently secure AD 1 field identity. Runtime localization deliberately falls through to EU5 vanilla instead of emitting a synthetic name.
duling,priority_han_south,Dùlíng,priority_proxy,transparent_map_fallback,T3N:installed-label;T3N:transparent-map-label,tier2,High-visibility unresolved field retains a concise installed cartographic label. It is explicitly not presented as an attested ancient settlement name.
dumat_al_jandal,capital,Dumat al-Jandal,priority_proxy,conservative_regional_proxy,STR-ARAB;PLN-ARAB;GEO-PROXY,tier2,High-visibility capital replacement for a synthetic Tier-3 form. AGR roster capital/territorial label on its documented engine proxy; the engine field is a documented proxy and not an exact settlement polygon.
dumbarton,capital,Vindogara,priority_proxy,conservative_regional_proxy,P8.7;PTO-GEO-II2;MANN-BRI;GEO-PROXY,tier2,High-visibility capital replacement for a synthetic Tier-3 form. DAM roster capital/territorial label on its documented engine proxy; the engine field is a documented proxy and not an exact settlement polygon.
dumka,priority_india_bengal,Dumka,priority_proxy,transparent_map_fallback,T3N:installed-label;T3N:transparent-map-label,tier2,High-visibility unresolved field retains a concise installed cartographic label. It is explicitly not presented as an attested ancient settlement name.
dunbar,capital,Traprain Law,priority_proxy,conservative_regional_proxy,P8.7;PTO-GEO-II2;MANN-BRI;GEO-PROXY,tier2,High-visibility capital replacement for a synthetic Tier-3 form. VOT roster capital/territorial label on its documented engine proxy; the engine field is a documented proxy and not an exact settlement polygon.
dundee,capital,Orrea,priority_proxy,conservative_regional_proxy,P8.7;PTO-GEO-II2;MANN-BRI;GEO-PROXY,tier2,High-visibility capital replacement for a synthetic Tier-3 form. VCN roster capital/territorial label on its documented engine proxy; the engine field is a documented proxy and not an exact settlement polygon.
dungarpur,priority_india_west,Dungarpur,priority_proxy,transparent_map_fallback,T3N:installed-label;T3N:transparent-map-label,tier2,High-visibility unresolved field retains a concise installed cartographic label. It is explicitly not presented as an attested ancient settlement name.
dunkirk,priority_gaul|priority_germania_north|priority_roman,[EU5 vanilla pass-through],roman_vanilla_passthrough,unresolved_vanilla_passthrough,P10;PLE,contested,The Roman identity audit found no sufficiently secure AD 1 field identity. Runtime localization deliberately falls through to EU5 vanilla instead of emitting a synthetic name.
dunluce,capital,Northern Hibernia,priority_proxy,conservative_regional_proxy,P8.7;PTO-GEO-II1;DARCY-IRE;GEO-PROXY,tier2,High-visibility capital replacement for a synthetic Tier-3 form. DAR roster capital/territorial label on its documented engine proxy; the engine field is a documented proxy and not an exact settlement polygon.
durg,priority_india_central,Durg,priority_proxy,transparent_map_fallback,T3N:installed-label;T3N:transparent-map-label,tier2,High-visibility unresolved field retains a concise installed cartographic label. It is explicitly not presented as an attested ancient settlement name.
durlach,priority_germania,Durlach,priority_proxy,transparent_map_fallback,T3N:installed-label;T3N:transparent-map-label,tier2,High-visibility unresolved field retains a concise installed cartographic label. It is explicitly not presented as an attested ancient settlement name.
durness,capital,Northwestern Caledonia,priority_proxy,conservative_regional_proxy,P8.7;PTO-GEO-II2;MANN-BRI;GEO-PROXY,tier2,High-visibility capital replacement for a synthetic Tier-3 form. CAE roster capital/territorial label on its documented engine proxy; the engine field is a documented proxy and not an exact settlement polygon.
dursunbey,priority_roman_anatolia,[EU5 vanilla pass-through],roman_vanilla_passthrough,unresolved_vanilla_passthrough,P10;PLE,contested,The Roman identity audit found no sufficiently secure AD 1 field identity. Runtime localization deliberately falls through to EU5 vanilla instead of emitting a synthetic name.
dusseldorf,priority_germania,Düsseldorf,priority_proxy,transparent_map_fallback,T3N:installed-label;T3N:transparent-map-label,tier2,High-visibility unresolved field retains a concise installed cartographic label. It is explicitly not presented as an attested ancient settlement name.
dutsi,priority_west_africa|priority_west_africa_sahel,Dutsi,priority_proxy,transparent_map_fallback,T3N:installed-label;T3N:transparent-map-label,tier2,High-visibility unresolved field retains a concise installed cartographic label. It is explicitly not presented as an attested ancient settlement name.
dwarka,priority_india_west,Dwarka,priority_proxy,transparent_map_fallback,T3N:installed-label;T3N:transparent-map-label,tier2,High-visibility unresolved field retains a concise installed cartographic label. It is explicitly not presented as an attested ancient settlement name.
echi,priority_japan,Echi,priority_proxy,transparent_map_fallback,T3N:installed-label;T3N:transparent-map-label,tier2,High-visibility unresolved field retains a concise installed cartographic label. It is explicitly not presented as an attested ancient settlement name.
ecija,priority_roman_iberia,Carruca,tier2_remote,conservative_regional_proxy,PLE:256062;PLN:256062/carruca;T2R,tier2,Remote Tier-2 AD 1 Pleiades settlement adapter; period-valid name resource 256062/carruca; nearest installed city field at 5.25px; remote lower-confidence map proxy.
edessa,priority_roman_balkans,Skydra,tier2_far,conservative_regional_proxy,PLE:491723;PLN:491723/skydra;T2F,tier2,Far Tier-2 AD 1 Pleiades settlement adapter; period-valid name resource 491723/skydra; nearest installed city field at 7.30px; far lower-confidence map proxy.
edfu,priority_roman_egypt,Apollonopolis Magna,curated,attested,PLE:785974,secure,Direct Apollonopolis Magna settlement point at the installed Edfu city proxy.
edremit,priority_roman_anatolia,Attea,tier2_wide,conservative_regional_proxy,PLE:550473;PLN:550473/attea;T2W,tier2,Wide Tier-2 AD 1 Pleiades settlement adapter; period-valid name resource 550473/attea; nearest installed city field at 3.11px; lower-confidence map proxy.
egin,priority_anatolia,Eğin,priority_proxy,transparent_map_fallback,T3N:installed-label;T3N:transparent-map-label,tier2,High-visibility unresolved field retains a concise installed cartographic label. It is explicitly not presented as an attested ancient settlement name.
eko,priority_west_africa_guinea,Èkó,priority_proxy,transparent_map_fallback,T3N:installed-label;T3N:transparent-map-label,tier2,High-visibility unresolved field retains a concise installed cartographic label. It is explicitly not presented as an attested ancient settlement name.
el_agheila,priority_roman_egypt,[EU5 vanilla pass-through],roman_vanilla_passthrough,unresolved_vanilla_passthrough,P10;PLE,contested,The Roman identity audit found no sufficiently secure AD 1 field identity. Runtime localization deliberately falls through to EU5 vanilla instead of emitting a synthetic name.
el_bahnasa,priority_roman_egypt,Artapatou,tier2_ultra,conservative_regional_proxy,PLE:736894;PLN:736894/artapatou;T2U,tier2,Ultra-far Tier-2 AD 1 Pleiades settlement adapter; period-valid name resource 736894/artapatou; nearest installed city field at 12.88px; ultra-far lower-confidence map proxy.
el_balyana,priority_roman_egypt,Athribis,tier2_far,conservative_regional_proxy,PLE:756538;PLN:756538/athribis;T2F,tier2,Far Tier-2 AD 1 Pleiades settlement adapter; period-valid name resource 756538/athribis; nearest installed city field at 9.70px; far lower-confidence map proxy.
el_burullus,priority_roman_egypt,Bolbitine,tier2_wide,conservative_regional_proxy,PLE:727085;PLN:727085/bolbitine;T2W,tier2,Wide Tier-2 AD 1 Pleiades settlement adapter; period-valid name resource 727085/bolbitine; nearest installed city field at 2.47px; lower-confidence map proxy.
el_fahs,priority_roman_maghreb,Muzuc,tier2,conservative_regional_proxy,PLE:315088;PLN:315088/muzuc;T2,tier2,Tier-2 AD 1 Pleiades settlement adapter; period-valid name resource 315088/muzuc; nearest installed city field at 1.15px; lower-confidence map proxy.
el_jem,priority_roman_maghreb,Thysdrus,curated,attested,PLE:324835,secure,Pleiades direct Thysdrus settlement point at 35.29606 10.70758
el_kef,priority_roman_maghreb,Tituli,tier2,conservative_regional_proxy,PLE:324836;PLN:324836/tituli;T2,tier2,Tier-2 AD 1 Pleiades settlement adapter; period-valid name resource 324836/tituli; nearest installed city field at 1.19px; lower-confidence map proxy.
el_kseur,priority_roman_maghreb,Vanisnesi,tier2_remote,conservative_regional_proxy,PLE:305181;PLN:305181/vanisnesi;T2R,tier2,Remote Tier-2 AD 1 Pleiades settlement adapter; period-valid name resource 305181/vanisnesi; nearest installed city field at 4.50px; remote lower-confidence map proxy.
el_ksour,priority_roman_maghreb,Thugga Terebenthina,tier2_wide,conservative_regional_proxy,PLE:324834;PLN:324834/thugga-terebenthina;T2W,tier2,Wide Tier-2 AD 1 Pleiades settlement adapter; period-valid name resource 324834/thugga-terebenthina; nearest installed city field at 2.47px; lower-confidence map proxy.
el_mahalla,priority_roman_egypt,Sais,tier2_remote,conservative_regional_proxy,PLE:727217;PLN:727217/sais;T2R,tier2,Remote Tier-2 AD 1 Pleiades settlement adapter; period-valid name resource 727217/sais; nearest installed city field at 4.44px; remote lower-confidence map proxy.
el_qasr,priority_roman_egypt,Sioua,tier2_far,conservative_regional_proxy,PLE:776223;PLN:776223/sioua;T2F,tier2,Far Tier-2 AD 1 Pleiades settlement adapter; period-valid name resource 776223/sioua; nearest installed city field at 10.83px; far lower-confidence map proxy.
elbistan,priority_anatolia,Ablastha,tier2_wide,conservative_regional_proxy,PLE:628917;PLN:628917/ablastha;T2W,tier2,Wide Tier-2 AD 1 Pleiades settlement adapter; period-valid name resource 628917/ablastha; nearest installed city field at 2.89px; lower-confidence map proxy.
elblag,priority_germania_baltic,Elbląg,priority_proxy,transparent_map_fallback,T3N:installed-label;T3N:transparent-map-label,tier2,High-visibility unresolved field retains a concise installed cartographic label. It is explicitly not presented as an attested ancient settlement name.
elgin,capital,Tuesis,priority_proxy,conservative_regional_proxy,P8.7;PTO-GEO-II2;MANN-BRI;GEO-PROXY,tier2,High-visibility capital replacement for a synthetic Tier-3 form. VAC roster capital/territorial label on its documented engine proxy; the engine field is a documented proxy and not an exact settlement polygon.
ellur,priority_india_deccan,Kannagara,tier2_far,conservative_regional_proxy,PLE:50035;PLN:50035/kannagara;T2F,tier2,Far Tier-2 AD 1 Pleiades settlement adapter; period-valid name resource 50035/kannagara; nearest installed city field at 11.89px; far lower-confidence map proxy.
elmali,priority_roman_anatolia,Komba,tier2_remote,conservative_regional_proxy,PLE:638932;PLN:638932/komba;T2R,tier2,Remote Tier-2 AD 1 Pleiades settlement adapter; period-valid name resource 638932/komba; nearest installed city field at 5.42px; remote lower-confidence map proxy.
emba,capital,Aral-Caspian steppe,priority_proxy,conservative_regional_proxy,HAN-WR;UNESCO-CA-NOMADS;WIL-SAR;GEO-PROXY,tier2,High-visibility capital replacement for a synthetic Tier-3 form. YNC roster capital/territorial label on its documented engine proxy; the engine field is a documented proxy and not an exact settlement polygon.
eminabad,priority_india|priority_india_hindustan,Eminabad,priority_proxy,transparent_map_fallback,T3N:installed-label;T3N:transparent-map-label,tier2,High-visibility unresolved field retains a concise installed cartographic label. It is explicitly not presented as an attested ancient settlement name.
emirdag,priority_roman_anatolia,Appolena,tier2_remote,conservative_regional_proxy,PLE:609315;PLN:609315/appolena;T2R,tier2,Remote Tier-2 AD 1 Pleiades settlement adapter; period-valid name resource 609315/appolena; nearest installed city field at 5.34px; remote lower-confidence map proxy.
enghien,priority_gaul|priority_germania_north,[EU5 vanilla pass-through],roman_vanilla_passthrough,unresolved_vanilla_passthrough,P10;PLE,contested,The Roman identity audit found no sufficiently secure AD 1 field identity. Runtime localization deliberately falls through to EU5 vanilla instead of emitting a synthetic name.
enguzud,priority_anatolia,Germanikeia,tier2_ultra,conservative_regional_proxy,PLE:658474;PLN:658474/germanikeia-1;T2U,tier2,Ultra-far Tier-2 AD 1 Pleiades settlement adapter; period-valid name resource 658474/germanikeia-1; nearest installed city field at 12.89px; ultra-far lower-confidence map proxy.
enkoping,priority_germania_scandinavia,Enköping,priority_proxy,transparent_map_fallback,T3N:installed-label;T3N:transparent-map-label,tier2,High-visibility unresolved field retains a concise installed cartographic label. It is explicitly not presented as an attested ancient settlement name.
ennis,capital,Western Hibernia,priority_proxy,conservative_regional_proxy,P8.7;PTO-GEO-II1;DARCY-IRE;GEO-PROXY,tier2,High-visibility capital replacement for a synthetic Tier-3 form. GAN roster capital/territorial label on its documented engine proxy; the engine field is a documented proxy and not an exact settlement polygon.
enniskillen,capital,Northwestern Interior,priority_proxy,conservative_regional_proxy,P8.7;PTO-GEO-II1;DARCY-IRE;GEO-PROXY,tier2,High-visibility capital replacement for a synthetic Tier-3 form. ERD roster capital/territorial label on its documented engine proxy; the engine field is a documented proxy and not an exact settlement polygon.
ensisheim,priority_germania_south,Uruncis,tier2_wide,conservative_regional_proxy,PLE:177649;PLN:177649/uruncis;T2W,tier2,Wide Tier-2 AD 1 Pleiades settlement adapter; period-valid name resource 177649/uruncis; nearest installed city field at 1.56px; lower-confidence map proxy.
erbil,capital|urban_node,Arbela,capital,attested,PLE;P8.2;P8.2;OCD;PLE,secure,Coordinate-verified AD 1 capital anchor
erfurt,capital|priority_germania,Thuringia,capital,attested,P8.7;CAH-XI;P8.7;CAH-XI,secure,Coordinate-verified AD 1 capital anchor
ermenek,priority_anatolia,Germanikópolis,tier2_ultra,conservative_regional_proxy,PLE:648635;PLN:648635/germanicopolis;T2U,tier2,Ultra-far Tier-2 AD 1 Pleiades settlement adapter; period-valid name resource 648635/germanicopolis; nearest installed city field at 14.00px; ultra-far lower-confidence map proxy.
erode,priority_india|priority_india_deccan,Tennagora,tier2_far,conservative_regional_proxy,PLE:50301;PLN:50301/tennagora;T2F,tier2,Far Tier-2 AD 1 Pleiades settlement adapter; period-valid name resource 50301/tennagora; nearest installed city field at 9.56px; far lower-confidence map proxy.
eruh,capital,Corduene,qualified,conservative_regional_proxy,P8.2;OCD;PLE,tier2,Qualified Gordyene regional adapter: the installed Eruh field anchors the historical Corduene frame and does not claim an exact capital-site match.
esna,priority_roman_egypt,Latopolis,curated,attested,PLE:786059,secure,Direct Latopolis settlement point at the installed Esna city proxy.
essen,capital,Ruhr communities,priority_proxy,conservative_regional_proxy,P8.7;STR-GER;TAC-GER;OCD-GER;PLE;GEO-PROXY,tier2,High-visibility capital replacement for a synthetic Tier-3 form. SGM roster capital/territorial label on its documented engine proxy; the engine field is a documented proxy and not an exact settlement polygon.
etampes,priority_gaul|priority_roman_gaul,[EU5 vanilla pass-through],roman_vanilla_passthrough,unresolved_vanilla_passthrough,P10;PLE,contested,The Roman identity audit found no sufficiently secure AD 1 field identity. Runtime localization deliberately falls through to EU5 vanilla instead of emitting a synthetic name.
etawah,priority_india|priority_india_hindustan,Etawah,priority_proxy,transparent_map_fallback,T3N:installed-label;T3N:transparent-map-label,tier2,High-visibility unresolved field retains a concise installed cartographic label. It is explicitly not presented as an attested ancient settlement name.
etzatlan,capital,Central Jalisco Teuchitlan networks,priority_proxy,conservative_regional_proxy,INAH-TEUCHITLAN;GEO-PROXY,tier2,High-visibility capital replacement for a synthetic Tier-3 form. TJC roster capital/territorial label on its documented engine proxy; the engine field is a documented proxy and not an exact settlement polygon.
evreux,priority_gaul|priority_roman_gaul,Mediolanum Aulercorum,tier2_far,conservative_regional_proxy,PLE:109153;PLN:109153/mediolanum-aulercorum;T2F,tier2,Far Tier-2 AD 1 Pleiades settlement adapter; period-valid name resource 109153/mediolanum-aulercorum; nearest installed city field at 6.32px; far lower-confidence map proxy.
exeter,capital,Isca,correction,conservative_regional_proxy,UOE-EXETER;OCD-ISCA,contested,Replaces Isca Dumnoniorum: the fortress began about AD 55 and the civitas qualifier is later; Isca is retained only as the inherited British river-name.
fabriano,priority_italy|priority_roman_italy,Cupra Montana,tier2_remote,conservative_regional_proxy,PLE:413113;PLN:413113/cupra-montana;T2R,tier2,Remote Tier-2 AD 1 Pleiades settlement adapter; period-valid name resource 413113/cupra-montana; nearest installed city field at 5.52px; remote lower-confidence map proxy.
faenza,priority_italy|priority_roman_italy,Faventia,curated,attested,BAT-ITALY,secure,Direct ancient Faventia label at the installed Faenza city field; replaces the distinct Ad Sinnium adapter.
faiyum,priority_roman_egypt,Theadelpheia,tier2_remote,conservative_regional_proxy,PLE:737081;PLN:737081/theadelpheia;T2R,tier2,Remote Tier-2 AD 1 Pleiades settlement adapter; period-valid name resource 737081/theadelpheia; nearest installed city field at 5.01px; remote lower-confidence map proxy.
falkoping,priority_germania|priority_germania_scandinavia,Falköping,priority_proxy,transparent_map_fallback,T3N:installed-label;T3N:transparent-map-label,tier2,High-visibility unresolved field retains a concise installed cartographic label. It is explicitly not presented as an attested ancient settlement name.
falun,capital,Dalarna communities,priority_proxy,conservative_regional_proxy,P8.7;TAC-GER;OCD-GER;PLE;GEO-PROXY,tier2,High-visibility capital replacement for a synthetic Tier-3 form. SIT roster capital/territorial label on its documented engine proxy; the engine field is a documented proxy and not an exact settlement polygon.
famagusta,priority_anatolia,Tremithous,tier2_remote,conservative_regional_proxy,PLE:707636;PLN:707636/tremithous;T2R,tier2,Remote Tier-2 AD 1 Pleiades settlement adapter; period-valid name resource 707636/tremithous; nearest installed city field at 5.42px; remote lower-confidence map proxy.
fandene,priority_west_africa|priority_west_africa_guinea,Fandène,priority_proxy,transparent_map_fallback,T3N:installed-label;T3N:transparent-map-label,tier2,High-visibility unresolved field retains a concise installed cartographic label. It is explicitly not presented as an attested ancient settlement name.
fanyang,priority_han_north,Fànyáng,priority_proxy,transparent_map_fallback,T3N:installed-label;T3N:transparent-map-label,tier2,High-visibility unresolved field retains a concise installed cartographic label. It is explicitly not presented as an attested ancient settlement name.
faqus,priority_roman_egypt,Pharbaithos,tier2_remote,conservative_regional_proxy,PLE:727196;PLN:727196/pharbaithos;T2R,tier2,Remote Tier-2 AD 1 Pleiades settlement adapter; period-valid name resource 727196/pharbaithos; nearest installed city field at 4.13px; remote lower-confidence map proxy.
farnebo,priority_germania_scandinavia,Färnebo,priority_proxy,transparent_map_fallback,T3N:installed-label;T3N:transparent-map-label,tier2,High-visibility unresolved field retains a concise installed cartographic label. It is explicitly not presented as an attested ancient settlement name.
farsala,priority_roman_balkans,Xyniai,tier2_wide,conservative_regional_proxy,PLE:541174;PLN:541174/xyniai;T2W,tier2,Wide Tier-2 AD 1 Pleiades settlement adapter; period-valid name resource 541174/xyniai; nearest installed city field at 2.08px; lower-confidence map proxy.
fatehabad,priority_india|priority_india_hindustan,Fatehabad,priority_proxy,transparent_map_fallback,T3N:installed-label;T3N:transparent-map-label,tier2,High-visibility unresolved field retains a concise installed cartographic label. It is explicitly not presented as an attested ancient settlement name.
fayd,capital,North-central Arabian caravan country,priority_proxy,conservative_regional_proxy,STR-ARAB;P8.6;GEO-PROXY,tier2,High-visibility capital replacement for a synthetic Tier-3 form. BED roster capital/territorial label on its documented engine proxy; the engine field is a documented proxy and not an exact settlement polygon.
fecamp,priority_gaul,[EU5 vanilla pass-through],roman_vanilla_passthrough,unresolved_vanilla_passthrough,P10;PLE,contested,The Roman identity audit found no sufficiently secure AD 1 field identity. Runtime localization deliberately falls through to EU5 vanilla instead of emitting a synthetic name.
feldbach,priority_germania_south,Flavia Solva,tier2_far,conservative_regional_proxy,PLE:197273;PLN:197273/flavia-solva;T2F,tier2,Far Tier-2 AD 1 Pleiades settlement adapter; period-valid name resource 197273/flavia-solva; nearest installed city field at 10.35px; far lower-confidence map proxy.
fengxiang,priority_han_west,Fèngxiáng,priority_proxy,transparent_map_fallback,T3N:installed-label;T3N:transparent-map-label,tier2,High-visibility unresolved field retains a concise installed cartographic label. It is explicitly not presented as an attested ancient settlement name.
fergana,capital,Fergana Valley,qualified,conservative_regional_proxy,P8.8;CHG,tier2,Qualified Dayuan regional anchor rather than a reconstructed capital site.
fermo,priority_italy|priority_roman_italy,Cluana,tier2_remote,conservative_regional_proxy,PLE:413093;PLN:413093/cluana;T2R,tier2,Remote Tier-2 AD 1 Pleiades settlement adapter; period-valid name resource 413093/cluana; nearest installed city field at 5.56px; remote lower-confidence map proxy.
ferrette,priority_germania_south,Larga,tier2_far,conservative_regional_proxy,PLE:177552;PLN:177552/larga;T2F,tier2,Far Tier-2 AD 1 Pleiades settlement adapter; period-valid name resource 177552/larga; nearest installed city field at 7.30px; far lower-confidence map proxy.
ferrol,priority_roman_iberia,Phlaouia Lambris,tier2_wide,conservative_regional_proxy,PLE:236600;PLN:236600/phlaouia-lambris;T2W,tier2,Wide Tier-2 AD 1 Pleiades settlement adapter; period-valid name resource 236600/phlaouia-lambris; nearest installed city field at 1.64px; lower-confidence map proxy.
figueira,priority_roman_iberia,[EU5 vanilla pass-through],roman_vanilla_passthrough,unresolved_vanilla_passthrough,P10;PLE,contested,The Roman identity audit found no sufficiently secure AD 1 field identity. Runtime localization deliberately falls through to EU5 vanilla instead of emitting a synthetic name.
firozpur,priority_india_hindustan,Firozpur,priority_proxy,transparent_map_fallback,T3N:installed-label;T3N:transparent-map-label,tier2,High-visibility unresolved field retains a concise installed cartographic label. It is explicitly not presented as an attested ancient settlement name.
fischhausen,priority_germania_baltic,Fischhausen,priority_proxy,transparent_map_fallback,T3N:installed-label;T3N:transparent-map-label,tier2,High-visibility unresolved field retains a concise installed cartographic label. It is explicitly not presented as an attested ancient settlement name.
flekkefjord,priority_germania,Flekkefjord,priority_proxy,transparent_map_fallback,T3N:installed-label;T3N:transparent-map-label,tier2,High-visibility unresolved field retains a concise installed cartographic label. It is explicitly not presented as an attested ancient settlement name.
flensburg,priority_germania|priority_germania_scandinavia,Flensburg,priority_proxy,transparent_map_fallback,T3N:installed-label;T3N:transparent-map-label,tier2,High-visibility unresolved field retains a concise installed cartographic label. It is explicitly not presented as an attested ancient settlement name.
florence,priority_italy|priority_roman_italy,Florentia,curated,attested,PLE:413138,secure,Pleiades exact Florentia city point at 43.76980 11.25564; reviewed against the installed Florence location
foca,priority_anatolia|priority_roman_anatolia,Leukai,tier2_remote,conservative_regional_proxy,PLE:550697;PLN:550697/leukai;T2R,tier2,Remote Tier-2 AD 1 Pleiades settlement adapter; period-valid name resource 550697/leukai; nearest installed city field at 4.20px; remote lower-confidence map proxy.
foggia,priority_italy|priority_roman_italy,Herdonienses,tier2_remote,conservative_regional_proxy,PLE:442613;PLN:442613/herdonienses;T2R,tier2,Remote Tier-2 AD 1 Pleiades settlement adapter; period-valid name resource 442613/herdonienses; nearest installed city field at 4.31px; remote lower-confidence map proxy.
fraga,priority_roman_iberia,[EU5 vanilla pass-through],roman_vanilla_passthrough,unresolved_vanilla_passthrough,P10;PLE,contested,The Roman identity audit found no sufficiently secure AD 1 field identity. Runtime localization deliberately falls through to EU5 vanilla instead of emitting a synthetic name.
francavilla,priority_italy|priority_roman_italy,Manduria,tier2_wide,conservative_regional_proxy,PLE:442644;PLN:442644/manduria;T2W,tier2,Wide Tier-2 AD 1 Pleiades settlement adapter; period-valid name resource 442644/manduria; nearest installed city field at 1.91px; lower-confidence map proxy.
frankenberg,priority_germania,Frankenberg,priority_proxy,transparent_map_fallback,T3N:installed-label;T3N:transparent-map-label,tier2,High-visibility unresolved field retains a concise installed cartographic label. It is explicitly not presented as an attested ancient settlement name.
frankfurt,priority_germania|priority_germania_north,Nida,tier2_far,conservative_regional_proxy,PLE:109205;PLN:109205/nida;T2F,tier2,Far Tier-2 AD 1 Pleiades settlement adapter; period-valid name resource 109205/nida; nearest installed city field at 6.67px; far lower-confidence map proxy.
frauenfeld,priority_germania_south,[EU5 vanilla pass-through],roman_vanilla_passthrough,unresolved_vanilla_passthrough,P10;PLE,contested,The Roman identity audit found no sufficiently secure AD 1 field identity. Runtime localization deliberately falls through to EU5 vanilla instead of emitting a synthetic name.
fribourg,priority_germania_south,[EU5 vanilla pass-through],roman_vanilla_passthrough,unresolved_vanilla_passthrough,P10;PLE,contested,The Roman identity audit found no sufficiently secure AD 1 field identity. Runtime localization deliberately falls through to EU5 vanilla instead of emitting a synthetic name.
fuchi,priority_japan,Fuchi,priority_proxy,transparent_map_fallback,T3N:installed-label;T3N:transparent-map-label,tier2,High-visibility unresolved field retains a concise installed cartographic label. It is explicitly not presented as an attested ancient settlement name.
fufeng,priority_han|priority_han_west,Fúfēng,priority_proxy,transparent_map_fallback,T3N:installed-label;T3N:transparent-map-label,tier2,High-visibility unresolved field retains a concise installed cartographic label. It is explicitly not presented as an attested ancient settlement name.
fuji,priority_japan,Fuji,priority_proxy,transparent_map_fallback,T3N:installed-label;T3N:transparent-map-label,tier2,High-visibility unresolved field retains a concise installed cartographic label. It is explicitly not presented as an attested ancient settlement name.
funai,priority_japan,Funai,priority_proxy,transparent_map_fallback,T3N:installed-label;T3N:transparent-map-label,tier2,High-visibility unresolved field retains a concise installed cartographic label. It is explicitly not presented as an attested ancient settlement name.
funing,priority_han_north,Fǔníng,priority_proxy,transparent_map_fallback,T3N:installed-label;T3N:transparent-map-label,tier2,High-visibility unresolved field retains a concise installed cartographic label. It is explicitly not presented as an attested ancient settlement name.
funza,capital,Altiplano Cundiboyacense,priority_proxy,conservative_regional_proxy,QINT-HERRERA;P8.10;GEO-PROXY,tier2,High-visibility capital replacement for a synthetic Tier-3 form. HRC roster capital/territorial label on its documented engine proxy; the engine field is a documented proxy and not an exact settlement polygon.
fuping_xian,priority_han_west,Fùpíng,priority_proxy,transparent_map_fallback,T3N:installed-label;T3N:transparent-map-label,tier2,High-visibility unresolved field retains a concise installed cartographic label. It is explicitly not presented as an attested ancient settlement name.
furstenfeld,priority_germania_south,[EU5 vanilla pass-through],roman_vanilla_passthrough,unresolved_vanilla_passthrough,P10;PLE,contested,The Roman identity audit found no sufficiently secure AD 1 field identity. Runtime localization deliberately falls through to EU5 vanilla instead of emitting a synthetic name.
fushan_muping,priority_han|priority_han_north,Fúshān,priority_proxy,transparent_map_fallback,T3N:installed-label;T3N:transparent-map-label,tier2,High-visibility unresolved field retains a concise installed cartographic label. It is explicitly not presented as an attested ancient settlement name.
fushun,priority_han|priority_han_west,Fùshùn,priority_proxy,transparent_map_fallback,T3N:installed-label;T3N:transparent-map-label,tier2,High-visibility unresolved field retains a concise installed cartographic label. It is explicitly not presented as an attested ancient settlement name.
fuwa,priority_roman_egypt,Metelis,tier2,conservative_regional_proxy,PLE:727163;PLN:727163/metelis;T2,tier2,Tier-2 AD 1 Pleiades settlement adapter; period-valid name resource 727163/metelis; nearest installed city field at 1.42px; lower-confidence map proxy.
fuwa_mino,priority_japan,Fuwa,priority_proxy,transparent_map_fallback,T3N:installed-label;T3N:transparent-map-label,tier2,High-visibility unresolved field retains a concise installed cartographic label. It is explicitly not presented as an attested ancient settlement name.
gabes,priority_roman|priority_roman_maghreb|urban_node,Tacape,curated,attested,PLE;P8.1,secure,Secure Roman-period city form at the direct Gabes match.
gadegara,priority_anatolia,Diakopa,tier2_far,conservative_regional_proxy,PLE:857106;PLN:857106/diakopa;T2F,tier2,Far Tier-2 AD 1 Pleiades settlement adapter; period-valid name resource 857106/diakopa; nearest installed city field at 9.24px; far lower-confidence map proxy.
gadwal,priority_india_deccan,Gadwal,priority_proxy,transparent_map_fallback,T3N:installed-label;T3N:transparent-map-label,tier2,High-visibility unresolved field retains a concise installed cartographic label. It is explicitly not presented as an attested ancient settlement name.
gaeta,priority_italy|priority_roman|priority_roman_italy,Interamna Lirenas,tier2_remote,conservative_regional_proxy,PLE:432884;PLN:432884/interamna-lirenas;T2R,tier2,Remote Tier-2 AD 1 Pleiades settlement adapter; period-valid name resource 432884/interamna-lirenas; nearest installed city field at 4.30px; remote lower-confidence map proxy.
gagraun,priority_india_west,Gagraun,priority_proxy,transparent_map_fallback,T3N:installed-label;T3N:transparent-map-label,tier2,High-visibility unresolved field retains a concise installed cartographic label. It is explicitly not presented as an attested ancient settlement name.
galle,priority_india_deccan,Galle,priority_proxy,transparent_map_fallback,T3N:installed-label;T3N:transparent-map-label,tier2,High-visibility unresolved field retains a concise installed cartographic label. It is explicitly not presented as an attested ancient settlement name.
gallipoliita,priority_italy|priority_roman_italy,Uzentini,tier2,conservative_regional_proxy,PLE:442841;PLN:442841/uzentini;T2,tier2,Tier-2 AD 1 Pleiades settlement adapter; period-valid name resource 442841/uzentini; nearest installed city field at 1.49px; lower-confidence map proxy.
galway,capital,Western Hibernia,priority_proxy,conservative_regional_proxy,P8.7;PTO-GEO-II1;DARCY-IRE;GEO-PROXY,tier2,High-visibility capital replacement for a synthetic Tier-3 form. AUT roster capital/territorial label on its documented engine proxy; the engine field is a documented proxy and not an exact settlement polygon.
gambaru,priority_west_africa|priority_west_africa_sahel,Gambaru,priority_proxy,transparent_map_fallback,T3N:installed-label;T3N:transparent-map-label,tier2,High-visibility unresolved field retains a concise installed cartographic label. It is explicitly not presented as an attested ancient settlement name.
gamou,priority_japan,Gamō,priority_proxy,transparent_map_fallback,T3N:installed-label;T3N:transparent-map-label,tier2,High-visibility unresolved field retains a concise installed cartographic label. It is explicitly not presented as an attested ancient settlement name.
gandia,priority_roman_iberia,Saetabis,tier2_ultra,conservative_regional_proxy,PLE:266018;PLN:266018/saetabis;T2U,tier2,Ultra-far Tier-2 AD 1 Pleiades settlement adapter; period-valid name resource 266018/saetabis; nearest installed city field at 15.38px; ultra-far lower-confidence map proxy.
gandikota,priority_india|priority_india_deccan,Gandikota,priority_proxy,transparent_map_fallback,T3N:installed-label;T3N:transparent-map-label,tier2,High-visibility unresolved field retains a concise installed cartographic label. It is explicitly not presented as an attested ancient settlement name.
ganggye,capital,Gungnae,capital,attested,SAM;P8.3;P8.3;SAM,secure,Coordinate-verified AD 1 capital anchor
ganjam,priority_india|priority_india_bengal,Ganjam,priority_proxy,transparent_map_fallback,T3N:installed-label;T3N:transparent-map-label,tier2,High-visibility unresolved field retains a concise installed cartographic label. It is explicitly not presented as an attested ancient settlement name.
ganserndorf,priority_germania_south,Vindobona,tier2_far,conservative_regional_proxy,PLE:128537;PLN:128537/vindobona;T2F,tier2,Far Tier-2 AD 1 Pleiades settlement adapter; period-valid name resource 128537/vindobona; nearest installed city field at 11.29px; far lower-confidence map proxy.
gao,capital,Middle Niger settlement communities,priority_proxy,conservative_regional_proxy,CAM-MLR;MET-IND;P8.5;GEO-PROXY,tier2,High-visibility capital replacement for a synthetic Tier-3 form. MNG roster capital/territorial label on its documented engine proxy; the engine field is a documented proxy and not an exact settlement polygon.
gaoan,priority_han_east,Gāo'ān,priority_proxy,transparent_map_fallback,T3N:installed-label;T3N:transparent-map-label,tier2,High-visibility unresolved field retains a concise installed cartographic label. It is explicitly not presented as an attested ancient settlement name.
gaocheng,priority_han|priority_han_north,Gǎochéng,priority_proxy,transparent_map_fallback,T3N:installed-label;T3N:transparent-map-label,tier2,High-visibility unresolved field retains a concise installed cartographic label. It is explicitly not presented as an attested ancient settlement name.
gaomi,priority_han_north,Gāomì,priority_proxy,transparent_map_fallback,T3N:installed-label;T3N:transparent-map-label,tier2,High-visibility unresolved field retains a concise installed cartographic label. It is explicitly not presented as an attested ancient settlement name.
gaoming,priority_han_south,Gāomíng,priority_proxy,transparent_map_fallback,T3N:installed-label;T3N:transparent-map-label,tier2,High-visibility unresolved field retains a concise installed cartographic label. It is explicitly not presented as an attested ancient settlement name.
gaoyou,priority_han|priority_han_east,Gāoyóu,priority_proxy,transparent_map_fallback,T3N:installed-label;T3N:transparent-map-label,tier2,High-visibility unresolved field retains a concise installed cartographic label. It is explicitly not presented as an attested ancient settlement name.
gaoyuan_jinan,priority_han_north,Gāoyuàn,priority_proxy,transparent_map_fallback,T3N:installed-label;T3N:transparent-map-label,tier2,High-visibility unresolved field retains a concise installed cartographic label. It is explicitly not presented as an attested ancient settlement name.
garandoili,priority_west_africa|priority_west_africa_sahel,Garandoili,priority_proxy,transparent_map_fallback,T3N:installed-label;T3N:transparent-map-label,tier2,High-visibility unresolved field retains a concise installed cartographic label. It is explicitly not presented as an attested ancient settlement name.
garun_gabas,priority_west_africa|priority_west_africa_sahel,Garun Gabas,priority_proxy,transparent_map_fallback,T3N:installed-label;T3N:transparent-map-label,tier2,High-visibility unresolved field retains a concise installed cartographic label. It is explicitly not presented as an attested ancient settlement name.
gdansk,capital|priority_germania|priority_germania_baltic,Vistula delta,capital,attested,P8.7;CAH-XI;P8.7;CAH-XI,secure,Coordinate-verified AD 1 capital anchor
gefle,priority_germania_scandinavia,Gefle,priority_proxy,transparent_map_fallback,T3N:installed-label;T3N:transparent-map-label,tier2,High-visibility unresolved field retains a concise installed cartographic label. It is explicitly not presented as an attested ancient settlement name.
gegou,priority_han_north,Gégōu,priority_proxy,transparent_map_fallback,T3N:installed-label;T3N:transparent-map-label,tier2,High-visibility unresolved field retains a concise installed cartographic label. It is explicitly not presented as an attested ancient settlement name.
gemerek,priority_anatolia,Eulepa,tier2_wide,conservative_regional_proxy,PLE:628974;PLN:628974/eulepa;T2W,tier2,Wide Tier-2 AD 1 Pleiades settlement adapter; period-valid name resource 628974/eulepa; nearest installed city field at 1.55px; lower-confidence map proxy.
geneve,priority_germania_south,Boutae,tier2_wide,conservative_regional_proxy,PLE:167685;PLN:167685/boutae;T2W,tier2,Wide Tier-2 AD 1 Pleiades settlement adapter; period-valid name resource 167685/boutae; nearest installed city field at 2.88px; lower-confidence map proxy.
genoa,priority_italy|priority_roman_italy,Genua,curated,attested,PLE;ORB;P8.1,secure,Direct Roman Ligurian city name
geregia,priority_west_africa_guinea,Geregia,priority_proxy,transparent_map_fallback,T3N:installed-label;T3N:transparent-map-label,tier2,High-visibility unresolved field retains a concise installed cartographic label. It is explicitly not presented as an attested ancient settlement name.
gerger,priority_anatolia,Miasena,tier2_far,conservative_regional_proxy,PLE:629042;PLN:629042/miasena;T2F,tier2,Far Tier-2 AD 1 Pleiades settlement adapter; period-valid name resource 629042/miasena; nearest installed city field at 7.63px; far lower-confidence map proxy.
ghatgaon,priority_india_bengal,Ghatgaon,priority_proxy,transparent_map_fallback,T3N:installed-label;T3N:transparent-map-label,tier2,High-visibility unresolved field retains a concise installed cartographic label. It is explicitly not presented as an attested ancient settlement name.
ghazipur,priority_india|priority_india_hindustan,Ghazipur,priority_proxy,transparent_map_fallback,T3N:installed-label;T3N:transparent-map-label,tier2,High-visibility unresolved field retains a concise installed cartographic label. It is explicitly not presented as an attested ancient settlement name.
ghent,priority_germania_north,[EU5 vanilla pass-through],roman_vanilla_passthrough,unresolved_vanilla_passthrough,P10;PLE,contested,The Roman identity audit found no sufficiently secure AD 1 field identity. Runtime localization deliberately falls through to EU5 vanilla instead of emitting a synthetic name.
giannitsa,priority_roman_balkans,Phakos,tier2_far,conservative_regional_proxy,PLE:491694;PLN:491694/phakos;T2F,tier2,Far Tier-2 AD 1 Pleiades settlement adapter; period-valid name resource 491694/phakos; nearest installed city field at 9.35px; far lower-confidence map proxy.
giessen,priority_germania,Giessen,priority_proxy,transparent_map_fallback,T3N:installed-label;T3N:transparent-map-label,tier2,High-visibility unresolved field retains a concise installed cartographic label. It is explicitly not presented as an attested ancient settlement name.
gigen,priority_roman_balkans,Oescus,curated,attested,PLE:216907,secure,Direct Oescus settlement point at the Gigen Danube-city proxy.
girona,priority_roman|priority_roman_iberia,Gerunda,curated,attested,PLE,secure,Direct Roman-period city form for the installed Girona location
giza,priority_roman_egypt,[EU5 vanilla pass-through],roman_vanilla_passthrough,unresolved_vanilla_passthrough,P10;PLE,contested,The Roman identity audit found no sufficiently secure AD 1 field identity. Runtime localization deliberately falls through to EU5 vanilla instead of emitting a synthetic name.
glauchau,priority_germania,Glauchau,priority_proxy,transparent_map_fallback,T3N:installed-label;T3N:transparent-map-label,tier2,High-visibility unresolved field retains a concise installed cartographic label. It is explicitly not presented as an attested ancient settlement name.
glaz,priority_roman_balkans,[EU5 vanilla pass-through],roman_vanilla_passthrough,unresolved_vanilla_passthrough,P10;PLE,contested,The Roman identity audit found no sufficiently secure AD 1 field identity. Runtime localization deliberately falls through to EU5 vanilla instead of emitting a synthetic name.
glogow,capital|priority_germania|priority_germania_baltic,Lower Silesian communities,priority_proxy,conservative_regional_proxy,P8.7;TAC-GER;OCD-GER;PLE;GEO-PROXY,tier2,High-visibility capital replacement for a synthetic Tier-3 form. NHR roster capital/territorial label on its documented engine proxy; the engine field is a documented proxy and not an exact settlement polygon.
glubczyce,priority_germania|priority_germania_baltic,Głubczyce,priority_proxy,transparent_map_fallback,T3N:installed-label;T3N:transparent-map-label,tier2,High-visibility unresolved field retains a concise installed cartographic label. It is explicitly not presented as an attested ancient settlement name.
gniew,priority_germania|priority_germania_baltic,Gniew,priority_proxy,transparent_map_fallback,T3N:installed-label;T3N:transparent-map-label,tier2,High-visibility unresolved field retains a concise installed cartographic label. It is explicitly not presented as an attested ancient settlement name.
gniezno,capital,Greater-Poland Przeworsk material group,priority_proxy,conservative_regional_proxy,UW-PRZEWORSK;P8.7;GEO-PROXY,tier2,High-visibility capital replacement for a synthetic Tier-3 form. PRZ roster capital/territorial label on its documented engine proxy; the engine field is a documented proxy and not an exact settlement polygon.
goa,priority_india|priority_india_deccan,Goa,priority_proxy,transparent_map_fallback,T3N:installed-label;T3N:transparent-map-label,tier2,High-visibility unresolved field retains a concise installed cartographic label. It is explicitly not presented as an attested ancient settlement name.
goito,priority_italy|priority_roman_italy,Mantua,tier2_far,conservative_regional_proxy,PLE:383704;PLN:383704/mantua;T2F,tier2,Far Tier-2 AD 1 Pleiades settlement adapter; period-valid name resource 383704/mantua; nearest installed city field at 6.12px; far lower-confidence map proxy.
gokabat,priority_roman_anatolia,Phýskos,tier2_remote,conservative_regional_proxy,PLE:599888;PLN:599888/physkos;T2R,tier2,Remote Tier-2 AD 1 Pleiades settlement adapter; period-valid name resource 599888/physkos; nearest installed city field at 3.27px; remote lower-confidence map proxy.
goksholm,priority_germania_scandinavia,Göksholm,priority_proxy,transparent_map_fallback,T3N:installed-label;T3N:transparent-map-label,tier2,High-visibility unresolved field retains a concise installed cartographic label. It is explicitly not presented as an attested ancient settlement name.
goksun,priority_anatolia,Kokousos,tier2_remote,conservative_regional_proxy,PLE:629013;PLN:629013/kokousos;T2R,tier2,Remote Tier-2 AD 1 Pleiades settlement adapter; period-valid name resource 629013/kokousos; nearest installed city field at 4.69px; remote lower-confidence map proxy.
gomsi,priority_india_bengal,Gomsi,priority_proxy,transparent_map_fallback,T3N:installed-label;T3N:transparent-map-label,tier2,High-visibility unresolved field retains a concise installed cartographic label. It is explicitly not presented as an attested ancient settlement name.
gonen,priority_anatolia|priority_roman_anatolia,Argiza,tier2_far,conservative_regional_proxy,PLE:550450;PLN:550450/argiza;T2F,tier2,Far Tier-2 AD 1 Pleiades settlement adapter; period-valid name resource 550450/argiza; nearest installed city field at 6.04px; far lower-confidence map proxy.
gongju,capital,Geum River Mahan communities,priority_proxy,conservative_regional_proxy,NAJU-MAHAN;NMK-SAMHAN;AKS-LELANG;P8.3;GEO-PROXY,tier2,High-visibility capital replacement for a synthetic Tier-3 form. GMR roster capital/territorial label on its documented engine proxy; the engine field is a documented proxy and not an exact settlement polygon.
gora,priority_germania_baltic,Góra,priority_proxy,transparent_map_fallback,T3N:installed-label;T3N:transparent-map-label,tier2,High-visibility unresolved field retains a concise installed cartographic label. It is explicitly not presented as an attested ancient settlement name.
goraghat,priority_india_bengal,Puṇḍranagara,tier2_ultra,conservative_regional_proxy,PLE:60011;PLN:60011/pun323d323ranagara;T2U,tier2,Ultra-far Tier-2 AD 1 Pleiades settlement adapter; period-valid name resource 60011/pun323d323ranagara; nearest installed city field at 20.21px; ultra-far lower-confidence map proxy.
gorodets,capital,Nizhny-Novgorod Gorodets material group,priority_proxy,conservative_regional_proxy,BSE-GORODETS;GEO-PROXY,tier2,High-visibility capital replacement for a synthetic Tier-3 form. UVF roster capital/territorial label on its documented engine proxy; the engine field is a documented proxy and not an exact settlement polygon.
gorontalo,capital,Gorontalo-Tomini,priority_proxy,conservative_regional_proxy,ANU-SULAWESI;GEO-PROXY,tier2,High-visibility capital replacement for a synthetic Tier-3 form. GRT roster capital/territorial label on its documented engine proxy; the engine field is a documented proxy and not an exact settlement polygon.
goronyo,priority_west_africa|priority_west_africa_sahel,Goronyo,priority_proxy,transparent_map_fallback,T3N:installed-label;T3N:transparent-map-label,tier2,High-visibility unresolved field retains a concise installed cartographic label. It is explicitly not presented as an attested ancient settlement name.
goudooumaria,priority_west_africa|priority_west_africa_sahel,Goudooumaria,priority_proxy,transparent_map_fallback,T3N:installed-label;T3N:transparent-map-label,tier2,High-visibility unresolved field retains a concise installed cartographic label. It is explicitly not presented as an attested ancient settlement name.
goure,priority_west_africa|priority_west_africa_sahel,Gouré,priority_proxy,transparent_map_fallback,T3N:installed-label;T3N:transparent-map-label,tier2,High-visibility unresolved field retains a concise installed cartographic label. It is explicitly not presented as an attested ancient settlement name.
gowa,capital,South Sulawesi Coast,priority_proxy,conservative_regional_proxy,ANU-SULAWESI;GEO-PROXY,tier2,High-visibility capital replacement for a synthetic Tier-3 form. MKS roster capital/territorial label on its documented engine proxy; the engine field is a documented proxy and not an exact settlement polygon.
graz,priority_germania_south,[EU5 vanilla pass-through],roman_vanilla_passthrough,unresolved_vanilla_passthrough,P10;PLE,contested,The Roman identity audit found no sufficiently secure AD 1 field identity. Runtime localization deliberately falls through to EU5 vanilla instead of emitting a synthetic name.
grimma,priority_germania|priority_germania_north,Grimma,priority_proxy,transparent_map_fallback,T3N:installed-label;T3N:transparent-map-label,tier2,High-visibility unresolved field retains a concise installed cartographic label. It is explicitly not presented as an attested ancient settlement name.
grindsted,capital,Jutland,capital,attested,P8.7;CAH-XI;P8.7;CAH-XI,secure,Coordinate-verified AD 1 capital anchor
grodkow,priority_germania|priority_germania_baltic,Grodków,priority_proxy,transparent_map_fallback,T3N:installed-label;T3N:transparent-map-label,tier2,High-visibility unresolved field retains a concise installed cartographic label. It is explicitly not presented as an attested ancient settlement name.
grodno,capital,Upper Neman striated-pottery material group,priority_proxy,conservative_regional_proxy,LIT-NEMAN-STRIATED;GEO-PROXY,tier2,High-visibility capital replacement for a synthetic Tier-3 form. NEM roster capital/territorial label on its documented engine proxy; the engine field is a documented proxy and not an exact settlement polygon.
grosseto,priority_italy|priority_roman_italy,Rusellae,tier2_far,conservative_regional_proxy,PLE:413288;PLN:413288/rusellae;T2F,tier2,Far Tier-2 AD 1 Pleiades settlement adapter; period-valid name resource 413288/rusellae; nearest installed city field at 7.68px; far lower-confidence map proxy.
grudziadz,priority_germania|priority_germania_baltic,Grudziądz,priority_proxy,transparent_map_fallback,T3N:installed-label;T3N:transparent-map-label,tier2,High-visibility unresolved field retains a concise installed cartographic label. It is explicitly not presented as an attested ancient settlement name.
grundsunda,priority_germania_scandinavia,Grundsunda,priority_proxy,transparent_map_fallback,T3N:installed-label;T3N:transparent-map-label,tier2,High-visibility unresolved field retains a concise installed cartographic label. It is explicitly not presented as an attested ancient settlement name.
gruyere,priority_germania_south,[EU5 vanilla pass-through],roman_vanilla_passthrough,unresolved_vanilla_passthrough,P10;PLE,contested,The Roman identity audit found no sufficiently secure AD 1 field identity. Runtime localization deliberately falls through to EU5 vanilla instead of emitting a synthetic name.
gryfow,capital,Burgundiones Oderlands,capital,attested,P8.7;CAH-XI;P8.7;CAH-XI,secure,Coordinate-verified AD 1 capital anchor
grythyttan,priority_germania_scandinavia,Grythyttan,priority_proxy,transparent_map_fallback,T3N:installed-label;T3N:transparent-map-label,tier2,High-visibility unresolved field retains a concise installed cartographic label. It is explicitly not presented as an attested ancient settlement name.
guahan,capital,Guahan,qualified,conservative_regional_proxy,WA-MARIANA;ANU-MIC,tier2,Qualified geographic campaign anchor; no unattested AD 1 settlement name or later polity is asserted
guamontey,capital,Orinoco Llanos,qualified,conservative_regional_proxy,JWP-ORINOCO,tier2,Qualified geographic campaign anchor; no unattested AD 1 settlement name or later polity is asserted
guancheng_zhengzhou,priority_han|priority_han_north,Guǎnchéng,priority_proxy,transparent_map_fallback,T3N:installed-label;T3N:transparent-map-label,tier2,High-visibility unresolved field retains a concise installed cartographic label. It is explicitly not presented as an attested ancient settlement name.
guanfu,priority_han|priority_han_south,Guānfù,priority_proxy,transparent_map_fallback,T3N:installed-label;T3N:transparent-map-label,tier2,High-visibility unresolved field retains a concise installed cartographic label. It is explicitly not presented as an attested ancient settlement name.
guangping,priority_han_north,Guǎngpíng,priority_proxy,transparent_map_fallback,T3N:installed-label;T3N:transparent-map-label,tier2,High-visibility unresolved field retains a concise installed cartographic label. It is explicitly not presented as an attested ancient settlement name.
guangzhou,priority_han_south,Guǎngzhōu,priority_proxy,transparent_map_fallback,T3N:installed-label;T3N:transparent-map-label,tier2,High-visibility unresolved field retains a concise installed cartographic label. It is explicitly not presented as an attested ancient settlement name.
gubio,priority_west_africa|priority_west_africa_sahel,Gubio,priority_proxy,transparent_map_fallback,T3N:installed-label;T3N:transparent-map-label,tier2,High-visibility unresolved field retains a concise installed cartographic label. It is explicitly not presented as an attested ancient settlement name.
gucheng_jingzhou,priority_han_north,Gùchéng,priority_proxy,transparent_map_fallback,T3N:installed-label;T3N:transparent-map-label,tier2,High-visibility unresolved field retains a concise installed cartographic label. It is explicitly not presented as an attested ancient settlement name.
guelma,priority_roman_maghreb,Gadiaufala,tier2_remote,conservative_regional_proxy,PLE:305082;PLN:305082/gadiaufala;T2R,tier2,Remote Tier-2 AD 1 Pleiades settlement adapter; period-valid name resource 305082/gadiaufala; nearest installed city field at 4.06px; remote lower-confidence map proxy.
gujrat,priority_india|priority_india_hindustan,Gujrat,priority_proxy,transparent_map_fallback,T3N:installed-label;T3N:transparent-map-label,tier2,High-visibility unresolved field retains a concise installed cartographic label. It is explicitly not presented as an attested ancient settlement name.
gulja,capital,Wusun Ili Highlands,capital,attested,P8.8;CHG;P8.8;CHG,secure,Coordinate-verified AD 1 capital anchor
gumel,priority_west_africa|priority_west_africa_sahel,Gumel,priority_proxy,transparent_map_fallback,T3N:installed-label;T3N:transparent-map-label,tier2,High-visibility unresolved field retains a concise installed cartographic label. It is explicitly not presented as an attested ancient settlement name.
gumus,priority_anatolia,Pimolisa,tier2_far,conservative_regional_proxy,PLE:845039;PLN:845039/pimolisa;T2F,tier2,Far Tier-2 AD 1 Pleiades settlement adapter; period-valid name resource 845039/pimolisa; nearest installed city field at 6.75px; far lower-confidence map proxy.
guna,priority_india_central,Guna,priority_proxy,transparent_map_fallback,T3N:installed-label;T3N:transparent-map-label,tier2,High-visibility unresolved field retains a concise installed cartographic label. It is explicitly not presented as an attested ancient settlement name.
gunma,priority_japan,Gunma,priority_proxy,transparent_map_fallback,T3N:installed-label;T3N:transparent-map-label,tier2,High-visibility unresolved field retains a concise installed cartographic label. It is explicitly not presented as an attested ancient settlement name.
gunnaur,priority_india_hindustan,Gunnaur,priority_proxy,transparent_map_fallback,T3N:installed-label;T3N:transparent-map-label,tier2,High-visibility unresolved field retains a concise installed cartographic label. It is explicitly not presented as an attested ancient settlement name.
gurgaon,priority_india|priority_india_hindustan,Gurgaon,priority_proxy,transparent_map_fallback,T3N:installed-label;T3N:transparent-map-label,tier2,High-visibility unresolved field retains a concise installed cartographic label. It is explicitly not presented as an attested ancient settlement name.
gurun,priority_anatolia,Gauraina,tier2_far,conservative_regional_proxy,PLE:628982;PLN:628982/gauraina;T2F,tier2,Far Tier-2 AD 1 Pleiades settlement adapter; period-valid name resource 628982/gauraina; nearest installed city field at 10.75px; far lower-confidence map proxy.
gusau,priority_west_africa|priority_west_africa_sahel,Gusau,priority_proxy,transparent_map_fallback,T3N:installed-label;T3N:transparent-map-label,tier2,High-visibility unresolved field retains a concise installed cartographic label. It is explicitly not presented as an attested ancient settlement name.
guwahati,capital,Lower Brahmaputra early-historic horizon,priority_proxy,conservative_regional_proxy,ASI-AMBARI;OUP-NEINDIA;P8.4;GEO-PROXY,tier2,High-visibility capital replacement for a synthetic Tier-3 form. AMB roster capital/territorial label on its documented engine proxy; the engine field is a documented proxy and not an exact settlement polygon.
guzelhisar,priority_anatolia|priority_roman_anatolia,Amyzon,tier2_wide,conservative_regional_proxy,PLE:599489;PLN:599489/amyzon;T2W,tier2,Wide Tier-2 AD 1 Pleiades settlement adapter; period-valid name resource 599489/amyzon; nearest installed city field at 3.15px; lower-confidence map proxy.
guzhen,priority_han_east,Gùzhèn,priority_proxy,transparent_map_fallback,T3N:installed-label;T3N:transparent-map-label,tier2,High-visibility unresolved field retains a concise installed cartographic label. It is explicitly not presented as an attested ancient settlement name.
gwalior,priority_india_west,Gwalior,priority_proxy,transparent_map_fallback,T3N:installed-label;T3N:transparent-map-label,tier2,High-visibility unresolved field retains a concise installed cartographic label. It is explicitly not presented as an attested ancient settlement name.
gyeongju,capital,Jinhan,qualified,conservative_regional_proxy,P8.3;SAM,tier2,Qualified Samhan polity anchor rather than a claim about the later Gyeongju name.
hacibektas,priority_anatolia,Hacıbektaş,priority_proxy,transparent_map_fallback,T3N:installed-label;T3N:transparent-map-label,tier2,High-visibility unresolved field retains a concise installed cartographic label. It is explicitly not presented as an attested ancient settlement name.
haderslev,capital,Southern Jutland communities,priority_proxy,conservative_regional_proxy,P8.7;TAC-GER;OCD-GER;PLE;GEO-PROXY,tier2,High-visibility capital replacement for a synthetic Tier-3 form. RDN roster capital/territorial label on its documented engine proxy; the engine field is a documented proxy and not an exact settlement polygon.
hafik,priority_anatolia,Gundusa,tier2_far,conservative_regional_proxy,PLE:628984;PLN:628984/gundusa;T2F,tier2,Far Tier-2 AD 1 Pleiades settlement adapter; period-valid name resource 628984/gundusa; nearest installed city field at 9.44px; far lower-confidence map proxy.
haga,priority_japan,Haga,priority_proxy,transparent_map_fallback,T3N:installed-label;T3N:transparent-map-label,tier2,High-visibility unresolved field retains a concise installed cartographic label. It is explicitly not presented as an attested ancient settlement name.
haguenau,priority_germania_south,Brocomagus,tier2_wide,conservative_regional_proxy,PLE:108828;PLN:108828/brocomagus;T2W,tier2,Wide Tier-2 AD 1 Pleiades settlement adapter; period-valid name resource 108828/brocomagus; nearest installed city field at 1.77px; lower-confidence map proxy.
haifeng,priority_han|priority_han_south,Hǎifēng,priority_proxy,transparent_map_fallback,T3N:installed-label;T3N:transparent-map-label,tier2,High-visibility unresolved field retains a concise installed cartographic label. It is explicitly not presented as an attested ancient settlement name.
haikang,priority_han_south,Hǎikāng,priority_proxy,transparent_map_fallback,T3N:installed-label;T3N:transparent-map-label,tier2,High-visibility unresolved field retains a concise installed cartographic label. It is explicitly not presented as an attested ancient settlement name.
haiyan,priority_han|priority_han_east,Hǎiyán,priority_proxy,transparent_map_fallback,T3N:installed-label;T3N:transparent-map-label,tier2,High-visibility unresolved field retains a concise installed cartographic label. It is explicitly not presented as an attested ancient settlement name.
hajipur,priority_india_bengal,Vaiśālī,tier2_ultra,conservative_regional_proxy,PLE:60097;PLN:60097/vaisali;T2U,tier2,Ultra-far Tier-2 AD 1 Pleiades settlement adapter; period-valid name resource 60097/vaisali; nearest installed city field at 14.73px; ultra-far lower-confidence map proxy.
hajner,priority_india|priority_india_hindustan,Hajner,priority_proxy,transparent_map_fallback,T3N:installed-label;T3N:transparent-map-label,tier2,High-visibility unresolved field retains a concise installed cartographic label. It is explicitly not presented as an attested ancient settlement name.
hakata,capital|priority_japan,Northern Kyushu Yayoi communities,priority_proxy,conservative_regional_proxy,JAA-YAY;ISIJ-YAY;P8.3;GEO-PROXY,tier2,High-visibility capital replacement for a synthetic Tier-3 form. KYU roster capital/territorial label on its documented engine proxy; the engine field is a documented proxy and not an exact settlement polygon.
hala,priority_india|priority_india_west,Hala,priority_proxy,transparent_map_fallback,T3N:installed-label;T3N:transparent-map-label,tier2,High-visibility unresolved field retains a concise installed cartographic label. It is explicitly not presented as an attested ancient settlement name.
halberstadt,priority_germania|priority_germania_north,Halberstadt,priority_proxy,transparent_map_fallback,T3N:installed-label;T3N:transparent-map-label,tier2,High-visibility unresolved field retains a concise installed cartographic label. It is explicitly not presented as an attested ancient settlement name.
halle_an_der_saale,priority_germania,Halle,priority_proxy,transparent_map_fallback,T3N:installed-label;T3N:transparent-map-label,tier2,High-visibility unresolved field retains a concise installed cartographic label. It is explicitly not presented as an attested ancient settlement name.
hamadan,top_city|urban_node,Ecbatana,curated,attested,PLE;P8.2;CAH-XI,secure,Direct ancient Median city name in the Arsacid setting
hamburg,priority_germania|priority_germania_north,Hamburg,priority_proxy,transparent_map_fallback,T3N:installed-label;T3N:transparent-map-label,tier2,High-visibility unresolved field retains a concise installed cartographic label. It is explicitly not presented as an attested ancient settlement name.
hami,capital,Yiwulu-Hami,priority_proxy,conservative_regional_proxy,HAN-WR;IRAN-CT;GEO-PROXY,tier2,High-visibility capital replacement for a synthetic Tier-3 form. IWL roster capital/territorial label on its documented engine proxy; the engine field is a documented proxy and not an exact settlement polygon.
hammamet,priority_roman_maghreb,Uluzibbira,tier2_far,conservative_regional_proxy,PLE:324839;PLN:324839/uluzibbira;T2F,tier2,Far Tier-2 AD 1 Pleiades settlement adapter; period-valid name resource 324839/uluzibbira; nearest installed city field at 6.71px; far lower-confidence map proxy.
hamrange,priority_germania_scandinavia,Hamrånge,priority_proxy,transparent_map_fallback,T3N:installed-label;T3N:transparent-map-label,tier2,High-visibility unresolved field retains a concise installed cartographic label. It is explicitly not presented as an attested ancient settlement name.
hancheng,priority_han_west,Hánchéng,priority_proxy,transparent_map_fallback,T3N:installed-label;T3N:transparent-map-label,tier2,High-visibility unresolved field retains a concise installed cartographic label. It is explicitly not presented as an attested ancient settlement name.
handan,priority_han_north,Hándān,priority_proxy,transparent_map_fallback,T3N:installed-label;T3N:transparent-map-label,tier2,High-visibility unresolved field retains a concise installed cartographic label. It is explicitly not presented as an attested ancient settlement name.
hanover,capital,Germania,qualified,conservative_regional_proxy,P8.7;CAH-XI,tier2,Qualified Germanic regional adapter: the installed Hanover field anchors a broad society-of-peoples frame and must not project the later city name into AD 1.
hanzawa,priority_japan,Hanzawa,priority_proxy,transparent_map_fallback,T3N:installed-label;T3N:transparent-map-label,tier2,High-visibility unresolved field retains a concise installed cartographic label. It is explicitly not presented as an attested ancient settlement name.
hapur,priority_india|priority_india_hindustan,Indabara,tier2_far,conservative_regional_proxy,PLE:59847;PLN:59847/indabara;T2F,tier2,Far Tier-2 AD 1 Pleiades settlement adapter; period-valid name resource 59847/indabara; nearest installed city field at 11.03px; far lower-confidence map proxy.
harcourt,priority_gaul|priority_roman_gaul,Condate,tier2_far,conservative_regional_proxy,PLE:108899;PLN:108899/condate;T2F,tier2,Far Tier-2 AD 1 Pleiades settlement adapter; period-valid name resource 108899/condate; nearest installed city field at 10.45px; far lower-confidence map proxy.
hargan,priority_anatolia,Hargan,priority_proxy,transparent_map_fallback,T3N:installed-label;T3N:transparent-map-label,tier2,High-visibility unresolved field retains a concise installed cartographic label. It is explicitly not presented as an attested ancient settlement name.
harishpur,priority_india_bengal,Harishpur,priority_proxy,transparent_map_fallback,T3N:installed-label;T3N:transparent-map-label,tier2,High-visibility unresolved field retains a concise installed cartographic label. It is explicitly not presented as an attested ancient settlement name.
harnosand,priority_germania_scandinavia,Härnösand,priority_proxy,transparent_map_fallback,T3N:installed-label;T3N:transparent-map-label,tier2,High-visibility unresolved field retains a concise installed cartographic label. It is explicitly not presented as an attested ancient settlement name.
havero,priority_germania_scandinavia,Haverö,priority_proxy,transparent_map_fallback,T3N:installed-label;T3N:transparent-map-label,tier2,High-visibility unresolved field retains a concise installed cartographic label. It is explicitly not presented as an attested ancient settlement name.
haymana,priority_roman_anatolia,Vindia,tier2_ultra,conservative_regional_proxy,PLE:609393;PLN:609393/vindia;T2U,tier2,Ultra-far Tier-2 AD 1 Pleiades settlement adapter; period-valid name resource 609393/vindia; nearest installed city field at 14.39px; ultra-far lower-confidence map proxy.
heby,priority_germania_scandinavia,Heby,priority_proxy,transparent_map_fallback,T3N:installed-label;T3N:transparent-map-label,tier2,High-visibility unresolved field retains a concise installed cartographic label. It is explicitly not presented as an attested ancient settlement name.
hedesunda,priority_germania_scandinavia,Hedesunda,priority_proxy,transparent_map_fallback,T3N:installed-label;T3N:transparent-map-label,tier2,High-visibility unresolved field retains a concise installed cartographic label. It is explicitly not presented as an attested ancient settlement name.
hedong,priority_han_north,Hédōng,priority_proxy,transparent_map_fallback,T3N:installed-label;T3N:transparent-map-label,tier2,High-visibility unresolved field retains a concise installed cartographic label. It is explicitly not presented as an attested ancient settlement name.
hejian,priority_han_north,Héjiān,priority_proxy,transparent_map_fallback,T3N:installed-label;T3N:transparent-map-label,tier2,High-visibility unresolved field retains a concise installed cartographic label. It is explicitly not presented as an attested ancient settlement name.
hejiang,priority_han_west,Héjiāng,priority_proxy,transparent_map_fallback,T3N:installed-label;T3N:transparent-map-label,tier2,High-visibility unresolved field retains a concise installed cartographic label. It is explicitly not presented as an attested ancient settlement name.
hejin,priority_han_north,Héjīn,priority_proxy,transparent_map_fallback,T3N:installed-label;T3N:transparent-map-label,tier2,High-visibility unresolved field retains a concise installed cartographic label. It is explicitly not presented as an attested ancient settlement name.
hekikai,priority_japan,Hekikai,priority_proxy,transparent_map_fallback,T3N:installed-label;T3N:transparent-map-label,tier2,High-visibility unresolved field retains a concise installed cartographic label. It is explicitly not presented as an attested ancient settlement name.
helmstedt,priority_germania,Helmstedt,priority_proxy,transparent_map_fallback,T3N:installed-label;T3N:transparent-map-label,tier2,High-visibility unresolved field retains a concise installed cartographic label. It is explicitly not presented as an attested ancient settlement name.
helsingborg,priority_germania,Helsingborg,priority_proxy,transparent_map_fallback,T3N:installed-label;T3N:transparent-map-label,tier2,High-visibility unresolved field retains a concise installed cartographic label. It is explicitly not presented as an attested ancient settlement name.
helsinge,capital,Finnic Coast,qualified,conservative_regional_proxy,P8.7;CAH-XI,tier2,Qualified Finnic regional adapter: the installed Helsinge field anchors a broad society frame and must not project a later locality name into AD 1.
helsingor,priority_germania,Helsingør,priority_proxy,transparent_map_fallback,T3N:installed-label;T3N:transparent-map-label,tier2,High-visibility unresolved field retains a concise installed cartographic label. It is explicitly not presented as an attested ancient settlement name.
hennebont,priority_gaul|priority_roman|priority_roman_gaul,[EU5 vanilla pass-through],roman_vanilla_passthrough,unresolved_vanilla_passthrough,P10;PLE,contested,The Roman identity audit found no sufficiently secure AD 1 field identity. Runtime localization deliberately falls through to EU5 vanilla instead of emitting a synthetic name.
hepu,priority_han|priority_han_south,Hépǔ,priority_proxy,transparent_map_fallback,T3N:installed-label;T3N:transparent-map-label,tier2,High-visibility unresolved field retains a concise installed cartographic label. It is explicitly not presented as an attested ancient settlement name.
herat,capital,Alexandria,tier2_far,conservative_regional_proxy,PLE:29457;PLN:29457/alexandria;T2F,tier2,Far Tier-2 AD 1 Pleiades settlement adapter; period-valid name resource 29457/alexandria; nearest installed city field at 11.44px; far lower-confidence map proxy.
heves,capital,Iazygian Tisza Plain,capital,attested,P8.7;CAH-XI;P8.7;CAH-XI,secure,Coordinate-verified AD 1 capital anchor
heyang_xian,priority_han_west,Héyáng,priority_proxy,transparent_map_fallback,T3N:installed-label;T3N:transparent-map-label,tier2,High-visibility unresolved field retains a concise installed cartographic label. It is explicitly not presented as an attested ancient settlement name.
hienuki,priority_japan,Hienuki,priority_proxy,transparent_map_fallback,T3N:installed-label;T3N:transparent-map-label,tier2,High-visibility unresolved field retains a concise installed cartographic label. It is explicitly not presented as an attested ancient settlement name.
higashiokitama,priority_japan,Higashiokitama,priority_proxy,transparent_map_fallback,T3N:installed-label;T3N:transparent-map-label,tier2,High-visibility unresolved field retains a concise installed cartographic label. It is explicitly not presented as an attested ancient settlement name.
higashisonogi,priority_japan,Higashisonogi,priority_proxy,transparent_map_fallback,T3N:installed-label;T3N:transparent-map-label,tier2,High-visibility unresolved field retains a concise installed cartographic label. It is explicitly not presented as an attested ancient settlement name.
hikami,priority_japan,Hikami,priority_proxy,transparent_map_fallback,T3N:installed-label;T3N:transparent-map-label,tier2,High-visibility unresolved field retains a concise installed cartographic label. It is explicitly not presented as an attested ancient settlement name.
hiki,priority_japan,Hiki,priority_proxy,transparent_map_fallback,T3N:installed-label;T3N:transparent-map-label,tier2,High-visibility unresolved field retains a concise installed cartographic label. It is explicitly not presented as an attested ancient settlement name.
hillah,top_city,Babylon,priority_proxy,conservative_regional_proxy,CAH-XI;OCD;PLE;GEO-PROXY,tier2,High-visibility top_city replacement for a synthetic Tier-3 form. Reduced but inhabited Babylonian centre; the engine field is a documented proxy and not an exact settlement polygon.
hishikari,priority_japan,Hishikari,priority_proxy,transparent_map_fallback,T3N:installed-label;T3N:transparent-map-label,tier2,High-visibility unresolved field retains a concise installed cartographic label. It is explicitly not presented as an attested ancient settlement name.
hiw,priority_roman_egypt,Chenoboskion,tier2_remote,conservative_regional_proxy,PLE:756545;PLN:756545/chenoboskion;T2R,tier2,Remote Tier-2 AD 1 Pleiades settlement adapter; period-valid name resource 756545/chenoboskion; nearest installed city field at 5.55px; remote lower-confidence map proxy.
hlucin,priority_germania_baltic,Hlučín,priority_proxy,transparent_map_fallback,T3N:installed-label;T3N:transparent-map-label,tier2,High-visibility unresolved field retains a concise installed cartographic label. It is explicitly not presented as an attested ancient settlement name.
hogdal,priority_germania_scandinavia,Hogdal,priority_proxy,transparent_map_fallback,T3N:installed-label;T3N:transparent-map-label,tier2,High-visibility unresolved field retains a concise installed cartographic label. It is explicitly not presented as an attested ancient settlement name.
hoi,priority_japan,Hoi,priority_proxy,transparent_map_fallback,T3N:installed-label;T3N:transparent-map-label,tier2,High-visibility unresolved field retains a concise installed cartographic label. It is explicitly not presented as an attested ancient settlement name.
holic,capital,Quadian Morava Valley,capital,attested,P8.7;CAH-XI;P8.7;CAH-XI,secure,Coordinate-verified AD 1 capital anchor
hollabrunn,priority_germania_south,[EU5 vanilla pass-through],roman_vanilla_passthrough,unresolved_vanilla_passthrough,P10;PLE,contested,The Roman identity audit found no sufficiently secure AD 1 field identity. Runtime localization deliberately falls through to EU5 vanilla instead of emitting a synthetic name.
homs,capital|top_city|urban_node,Emesa,capital,attested,PLE;P8.1;P8.1;OCD;PLE,secure,Coordinate-verified AD 1 capital anchor
hongtong,priority_han_north,Hóngtóng,priority_proxy,transparent_map_fallback,T3N:installed-label;T3N:transparent-map-label,tier2,High-visibility unresolved field retains a concise installed cartographic label. It is explicitly not presented as an attested ancient settlement name.
horn,priority_germania_south,[EU5 vanilla pass-through],roman_vanilla_passthrough,unresolved_vanilla_passthrough,P10;PLE,contested,The Roman identity audit found no sufficiently secure AD 1 field identity. Runtime localization deliberately falls through to EU5 vanilla instead of emitting a synthetic name.
hsenwi,capital,Upper Salween-Shweli Corridors,qualified,conservative_regional_proxy,CAM-MYANMAR-CHRON;P8.9,tier2,Qualified geographic anchor without backdating a Hsenwi principality. Concise period geography replaces the descriptive campaign-label formula.
huajuapan,capital,Oaxaca northwest highlands,priority_proxy,conservative_regional_proxy,P8.10;CAH-XI;GEO-PROXY,tier2,High-visibility capital replacement for a synthetic Tier-3 form. ONH roster capital/territorial label on its documented engine proxy; the engine field is a documented proxy and not an exact settlement polygon.
huaman_karpa,capital,Ayacucho highlands,priority_proxy,conservative_regional_proxy,ANT-HUARPA;MET-ANDES-1500;CWP-ANDES;P8.10;GEO-PROXY,tier2,High-visibility capital replacement for a synthetic Tier-3 form. HUA roster capital/territorial label on its documented engine proxy; the engine field is a documented proxy and not an exact settlement polygon.
huanggang,priority_han_east,Huánggāng,priority_proxy,transparent_map_fallback,T3N:installed-label;T3N:transparent-map-label,tier2,High-visibility unresolved field retains a concise installed cartographic label. It is explicitly not presented as an attested ancient settlement name.
huaxtla,capital,Jalisco-Zacatecas Highlands,qualified,conservative_regional_proxy,INAH-WEST-SHAFT;INAH-WEST-MEXICO,tier2,Qualified highland-corridor anchor rather than a claim about the installed locality
huayin,priority_han_west,Huáyīn,priority_proxy,transparent_map_fallback,T3N:installed-label;T3N:transparent-map-label,tier2,High-visibility unresolved field retains a concise installed cartographic label. It is explicitly not presented as an attested ancient settlement name.
huazhou,priority_han_west,Huázhōu,priority_proxy,transparent_map_fallback,T3N:installed-label;T3N:transparent-map-label,tier2,High-visibility unresolved field retains a concise installed cartographic label. It is explicitly not presented as an attested ancient settlement name.
hudiksvall,priority_germania_scandinavia,Hudiksvall,priority_proxy,transparent_map_fallback,T3N:installed-label;T3N:transparent-map-label,tier2,High-visibility unresolved field retains a concise installed cartographic label. It is explicitly not presented as an attested ancient settlement name.
huehuetan,capital,Izapa and the Soconusco plain,priority_proxy,conservative_regional_proxy,INAH-IZAPA;P8.10;GEO-PROXY,tier2,High-visibility capital replacement for a synthetic Tier-3 form. IZA roster capital/territorial label on its documented engine proxy; the engine field is a documented proxy and not an exact settlement polygon.
hukou,priority_han|priority_han_east,Húkǒu,priority_proxy,transparent_map_fallback,T3N:installed-label;T3N:transparent-map-label,tier2,High-visibility unresolved field retains a concise installed cartographic label. It is explicitly not presented as an attested ancient settlement name.
hulin,capital,Ussuri Wetland Corridor,qualified,conservative_regional_proxy,NMJH-YIL;P8.3,tier2,Qualified river-geographic anchor without backdating the modern city. Concise period geography replaces the descriptive campaign-label formula.
hull,capital,Petuaria,priority_proxy,conservative_regional_proxy,P8.7;PTO-GEO-II2;GEO-PROXY,tier2,High-visibility capital replacement for a synthetic Tier-3 form. PBI roster capital/territorial label on its documented engine proxy; the engine field is a documented proxy and not an exact settlement polygon.
hulst,priority_gaul|priority_germania_north,[EU5 vanilla pass-through],roman_vanilla_passthrough,unresolved_vanilla_passthrough,P10;PLE,contested,The Roman identity audit found no sufficiently secure AD 1 field identity. Runtime localization deliberately falls through to EU5 vanilla instead of emitting a synthetic name.
huolu,priority_han|priority_han_north,Huòlù,priority_proxy,transparent_map_fallback,T3N:installed-label;T3N:transparent-map-label,tier2,High-visibility unresolved field retains a concise installed cartographic label. It is explicitly not presented as an attested ancient settlement name.
huseyinabad,priority_roman_anatolia,Corniaspa,tier2_far,conservative_regional_proxy,PLE:619145;PLN:619145/corniaspa;T2F,tier2,Far Tier-2 AD 1 Pleiades settlement adapter; period-valid name resource 619145/corniaspa; nearest installed city field at 7.42px; far lower-confidence map proxy.
huxian,priority_han_west,Hùxiàn,priority_proxy,transparent_map_fallback,T3N:installed-label;T3N:transparent-map-label,tier2,High-visibility unresolved field retains a concise installed cartographic label. It is explicitly not presented as an attested ancient settlement name.
ibaraki,priority_japan,Ibaraki,priority_proxy,transparent_map_fallback,T3N:installed-label;T3N:transparent-map-label,tier2,High-visibility unresolved field retains a concise installed cartographic label. It is explicitly not presented as an attested ancient settlement name.
ichihara,priority_japan,Ichihara,priority_proxy,transparent_map_fallback,T3N:installed-label;T3N:transparent-map-label,tier2,High-visibility unresolved field retains a concise installed cartographic label. It is explicitly not presented as an attested ancient settlement name.
ichishi,priority_japan,Ichishi,priority_proxy,transparent_map_fallback,T3N:installed-label;T3N:transparent-map-label,tier2,High-visibility unresolved field retains a concise installed cartographic label. It is explicitly not presented as an attested ancient settlement name.
idah,priority_west_africa_guinea,Idah,priority_proxy,transparent_map_fallback,T3N:installed-label;T3N:transparent-map-label,tier2,High-visibility unresolved field retains a concise installed cartographic label. It is explicitly not presented as an attested ancient settlement name.
idar,priority_india_west,Idar,priority_proxy,transparent_map_fallback,T3N:installed-label;T3N:transparent-map-label,tier2,High-visibility unresolved field retains a concise installed cartographic label. It is explicitly not presented as an attested ancient settlement name.
idy_sakhalin,capital,Northern Sakhalin Coast,qualified,conservative_regional_proxy,RAD-SAKHALIN;P8.3,tier2,Qualified island-coast anchor without projecting a later settlement or identity.
ife,capital,Lower Niger iron-age communities,priority_proxy,conservative_regional_proxy,MET-IRON;P8.5;GEO-PROXY,tier2,High-visibility capital replacement for a synthetic Tier-3 form. LNC roster capital/territorial label on its documented engine proxy; the engine field is a documented proxy and not an exact settlement polygon.
iga,priority_japan,Iga,priority_proxy,transparent_map_fallback,T3N:installed-label;T3N:transparent-map-label,tier2,High-visibility unresolved field retains a concise installed cartographic label. It is explicitly not presented as an attested ancient settlement name.
ihara,priority_japan,Ihara,priority_proxy,transparent_map_fallback,T3N:installed-label;T3N:transparent-map-label,tier2,High-visibility unresolved field retains a concise installed cartographic label. It is explicitly not presented as an attested ancient settlement name.
ikjan,priority_roman_maghreb,Mediana,tier2_far,conservative_regional_proxy,PLE:305107;PLN:305107/mediana;T2F,tier2,Far Tier-2 AD 1 Pleiades settlement adapter; period-valid name resource 305107/mediana; nearest installed city field at 8.00px; far lower-confidence map proxy.
ikoyi,priority_west_africa_guinea,Ikoyi Ile,priority_proxy,transparent_map_fallback,T3N:installed-label;T3N:transparent-map-label,tier2,High-visibility unresolved field retains a concise installed cartographic label. It is explicitly not presented as an attested ancient settlement name.
illichpur,priority_india_central,Illichpur,priority_proxy,transparent_map_fallback,T3N:installed-label;T3N:transparent-map-label,tier2,High-visibility unresolved field retains a concise installed cartographic label. It is explicitly not presented as an attested ancient settlement name.
imadate,priority_japan,Imadate,priority_proxy,transparent_map_fallback,T3N:installed-label;T3N:transparent-map-label,tier2,High-visibility unresolved field retains a concise installed cartographic label. It is explicitly not presented as an attested ancient settlement name.
imizu,priority_japan,Imizu,priority_proxy,transparent_map_fallback,T3N:installed-label;T3N:transparent-map-label,tier2,High-visibility unresolved field retains a concise installed cartographic label. It is explicitly not presented as an attested ancient settlement name.
impakwe,capital,Limpopo hunter-herder landscape,priority_proxy,conservative_regional_proxy,OUP-SOUTH-AFRICA;JAH-BANTU-MOBILITY;P8.5;GEO-PROXY,tier2,High-visibility capital replacement for a synthetic Tier-3 form. LMP roster capital/territorial label on its documented engine proxy; the engine field is a documented proxy and not an exact settlement polygon.
imphal,capital,Imphal valley archaeological frame,priority_proxy,conservative_regional_proxy,OUP-NEINDIA;P8.4;GEO-PROXY,tier2,High-visibility capital replacement for a synthetic Tier-3 form. IMV roster capital/territorial label on its documented engine proxy; the engine field is a documented proxy and not an exact settlement polygon.
inaka,priority_japan,Inaka,priority_proxy,transparent_map_fallback,T3N:installed-label;T3N:transparent-map-label,tier2,High-visibility unresolved field retains a concise installed cartographic label. It is explicitly not presented as an attested ancient settlement name.
incarraqay,capital,Eastern Andean yunga valleys,priority_proxy,conservative_regional_proxy,CWP-ANDES;P8.10;GEO-PROXY,tier2,High-visibility capital replacement for a synthetic Tier-3 form. YUN roster capital/territorial label on its documented engine proxy; the engine field is a documented proxy and not an exact settlement polygon.
indore,priority_india_central,Indore,priority_proxy,transparent_map_fallback,T3N:installed-label;T3N:transparent-map-label,tier2,High-visibility unresolved field retains a concise installed cartographic label. It is explicitly not presented as an attested ancient settlement name.
inverary,capital,Epidium,priority_proxy,conservative_regional_proxy,P8.7;PTO-GEO-II2;MANN-BRI;GEO-PROXY,tier2,High-visibility capital replacement for a synthetic Tier-3 form. EPD roster capital/territorial label on its documented engine proxy; the engine field is a documented proxy and not an exact settlement polygon.
inverness,capital,Caledonia,qualified,conservative_regional_proxy,P8.7;CAH-XI,tier2,Qualified Caledonian regional adapter: the installed Inverness field anchors the period society frame and must not project the later burgh name into AD 1.
iqaluit,capital,Dorset,qualified,conservative_regional_proxy,P8.10;CAH-XI,tier2,Qualified Dorset regional anchor rather than a claim about the later Iqaluit name.
irij,priority_india_central,Irij,priority_proxy,transparent_map_fallback,T3N:installed-label;T3N:transparent-map-label,tier2,High-visibility unresolved field retains a concise installed cartographic label. It is explicitly not presented as an attested ancient settlement name.
irong_irong,capital,Panay,priority_proxy,conservative_regional_proxy,NMP-PH-METAL;NMP-PH-JARS;BELLINA-SHK;GEO-PROXY,tier2,High-visibility capital replacement for a synthetic Tier-3 form. PNY roster capital/territorial label on its documented engine proxy; the engine field is a documented proxy and not an exact settlement polygon.
iskenderun,priority_anatolia,Issos,tier2_wide,conservative_regional_proxy,PLE:658490;PLN:658490/issos;T2W,tier2,Wide Tier-2 AD 1 Pleiades settlement adapter; period-valid name resource 658490/issos; nearest installed city field at 2.54px; lower-confidence map proxy.
iskilip,priority_anatolia,İskilip,priority_proxy,transparent_map_fallback,T3N:installed-label;T3N:transparent-map-label,tier2,High-visibility unresolved field retains a concise installed cartographic label. It is explicitly not presented as an attested ancient settlement name.
istakhr,capital,Persepolis,capital,attested,PLE;P8.2;P8.2;OCD;PLE,secure,Coordinate-verified AD 1 capital anchor
isumi,priority_japan,Isumi,priority_proxy,transparent_map_fallback,T3N:installed-label;T3N:transparent-map-label,tier2,High-visibility unresolved field retains a concise installed cartographic label. It is explicitly not presented as an attested ancient settlement name.
ivrea,priority_italy|priority_roman_italy,Augusta Taurinorum,tier2_far,conservative_regional_proxy,PLE:383580;PLN:383580/augusta-taurinorum;T2F,tier2,Far Tier-2 AD 1 Pleiades settlement adapter; period-valid name resource 383580/augusta-taurinorum; nearest installed city field at 6.39px; far lower-confidence map proxy.
iwai,priority_japan,Iwai,priority_proxy,transparent_map_fallback,T3N:installed-label;T3N:transparent-map-label,tier2,High-visibility unresolved field retains a concise installed cartographic label. It is explicitly not presented as an attested ancient settlement name.
ixmiquilpan,capital,Northern Central Mexican highland corridors,priority_proxy,conservative_regional_proxy,P8.10;CAH-XI;GEO-PROXY,tier2,High-visibility capital replacement for a synthetic Tier-3 form. NHC roster capital/territorial label on its documented engine proxy; the engine field is a documented proxy and not an exact settlement polygon.
ixtlahuaca,capital,Toluca Valley formative communities,priority_proxy,conservative_regional_proxy,INAH-TOLUCA;GEO-PROXY,tier2,High-visibility capital replacement for a synthetic Tier-3 form. TVC roster capital/territorial label on its documented engine proxy; the engine field is a documented proxy and not an exact settlement polygon.
iyo,priority_japan,Iyo,priority_proxy,transparent_map_fallback,T3N:installed-label;T3N:transparent-map-label,tier2,High-visibility unresolved field retains a concise installed cartographic label. It is explicitly not presented as an attested ancient settlement name.
izmit,priority_anatolia|priority_roman_anatolia,Nicomedia,curated,attested,PLE:511337,secure,Pleiades direct Nicomedia settlement point at 40.76519 29.91989
izumi,priority_japan,Izumi,priority_proxy,transparent_map_fallback,T3N:installed-label;T3N:transparent-map-label,tier2,High-visibility unresolved field retains a concise installed cartographic label. It is explicitly not presented as an attested ancient settlement name.
izumi_satsuma,priority_japan,Izumi,priority_proxy,transparent_map_fallback,T3N:installed-label;T3N:transparent-map-label,tier2,High-visibility unresolved field retains a concise installed cartographic label. It is explicitly not presented as an attested ancient settlement name.
izumo,capital,Sanin Yayoi communities,priority_proxy,conservative_regional_proxy,JAA-YAY;ISIJ-YAY;P8.3;GEO-PROXY,tier2,High-visibility capital replacement for a synthetic Tier-3 form. IZM roster capital/territorial label on its documented engine proxy; the engine field is a documented proxy and not an exact settlement polygon.
jagdalpur,capital,Bastar Plateau Horizon,qualified,conservative_regional_proxy,INFLIB-EARLY-HISTORIC;P8.4;R5-GEOGRAPHY,tier2,Qualified archaeological-region anchor rather than the later Jagdalpur city or dynasty. Round 5 researched geography replaces the installed or descriptive fallback.
jailolo,capital,North Halmahera,priority_proxy,conservative_regional_proxy,ANU-MALUKU;GEO-PROXY,tier2,High-visibility capital replacement for a synthetic Tier-3 form. NHM roster capital/territorial label on its documented engine proxy; the engine field is a documented proxy and not an exact settlement polygon.
jajnagar,priority_india_bengal,Magaris,tier2_far,conservative_regional_proxy,PLE:50099;PLN:50099/magaris;T2F,tier2,Far Tier-2 AD 1 Pleiades settlement adapter; period-valid name resource 50099/magaris; nearest installed city field at 11.24px; far lower-confidence map proxy.
jalalpur_pirwala,priority_india|priority_india_hindustan,Jalalpur Pirwala,priority_proxy,transparent_map_fallback,T3N:installed-label;T3N:transparent-map-label,tier2,High-visibility unresolved field retains a concise installed cartographic label. It is explicitly not presented as an attested ancient settlement name.
jalandhar,priority_india|priority_india_hindustan,Jalandhar,priority_proxy,transparent_map_fallback,T3N:installed-label;T3N:transparent-map-label,tier2,High-visibility unresolved field retains a concise installed cartographic label. It is explicitly not presented as an attested ancient settlement name.
jalesar,priority_india_bengal,Jalesar,priority_proxy,transparent_map_fallback,T3N:installed-label;T3N:transparent-map-label,tier2,High-visibility unresolved field retains a concise installed cartographic label. It is explicitly not presented as an attested ancient settlement name.
jalesar_doab,priority_india|priority_india_hindustan,Jalesar,priority_proxy,transparent_map_fallback,T3N:installed-label;T3N:transparent-map-label,tier2,High-visibility unresolved field retains a concise installed cartographic label. It is explicitly not presented as an attested ancient settlement name.
jansath,priority_india|priority_india_hindustan,Jansath,priority_proxy,transparent_map_fallback,T3N:installed-label;T3N:transparent-map-label,tier2,High-visibility unresolved field retains a concise installed cartographic label. It is explicitly not presented as an attested ancient settlement name.
jaunpur,priority_india|priority_india_hindustan,Kindia,tier2_far,conservative_regional_proxy,PLE:59876;PLN:59876/kindia;T2F,tier2,Far Tier-2 AD 1 Pleiades settlement adapter; period-valid name resource 59876/kindia; nearest installed city field at 6.34px; far lower-confidence map proxy.
jayankondam,priority_india_deccan,Jayankondam,priority_proxy,transparent_map_fallback,T3N:installed-label;T3N:transparent-map-label,tier2,High-visibility unresolved field retains a concise installed cartographic label. It is explicitly not presented as an attested ancient settlement name.
jerusalem,capital|top_city|urban_node,Hierosolyma,curated,attested,PLE;P11;P8.1,secure,Secure Roman-period Latin city form; this dynamic layer does not alter the Second Temple start anchor.
jhanjharpur,priority_india_bengal,Jhanjharpur,priority_proxy,transparent_map_fallback,T3N:installed-label;T3N:transparent-map-label,tier2,High-visibility unresolved field retains a concise installed cartographic label. It is explicitly not presented as an attested ancient settlement name.
jhansi,priority_india_central,Jhansi,priority_proxy,transparent_map_fallback,T3N:installed-label;T3N:transparent-map-label,tier2,High-visibility unresolved field retains a concise installed cartographic label. It is explicitly not presented as an attested ancient settlement name.
jiangning,priority_han|priority_han_east,Jiāngníng,priority_proxy,transparent_map_fallback,T3N:installed-label;T3N:transparent-map-label,tier2,High-visibility unresolved field retains a concise installed cartographic label. It is explicitly not presented as an attested ancient settlement name.
jianzhou,priority_han_west,Jiǎnzhōu,priority_proxy,transparent_map_fallback,T3N:installed-label;T3N:transparent-map-label,tier2,High-visibility unresolved field retains a concise installed cartographic label. It is explicitly not presented as an attested ancient settlement name.
jiaohe,priority_han_north,Jiāohé,priority_proxy,transparent_map_fallback,T3N:installed-label;T3N:transparent-map-label,tier2,High-visibility unresolved field retains a concise installed cartographic label. It is explicitly not presented as an attested ancient settlement name.
jiaxing,priority_han|priority_han_east,Jiāxīng,priority_proxy,transparent_map_fallback,T3N:installed-label;T3N:transparent-map-label,tier2,High-visibility unresolved field retains a concise installed cartographic label. It is explicitly not presented as an attested ancient settlement name.
jingan_shenzhou,priority_han_north,Jìng'ān,priority_proxy,transparent_map_fallback,T3N:installed-label;T3N:transparent-map-label,tier2,High-visibility unresolved field retains a concise installed cartographic label. It is explicitly not presented as an attested ancient settlement name.
jinghai,priority_han|priority_han_north,Jìnghǎi,priority_proxy,transparent_map_fallback,T3N:installed-label;T3N:transparent-map-label,tier2,High-visibility unresolved field retains a concise installed cartographic label. It is explicitly not presented as an attested ancient settlement name.
jingyan,priority_han_west,Jǐngyán,priority_proxy,transparent_map_fallback,T3N:installed-label;T3N:transparent-map-label,tier2,High-visibility unresolved field retains a concise installed cartographic label. It is explicitly not presented as an attested ancient settlement name.
jingyang,priority_han_west,Jīngyáng,priority_proxy,transparent_map_fallback,T3N:installed-label;T3N:transparent-map-label,tier2,High-visibility unresolved field retains a concise installed cartographic label. It is explicitly not presented as an attested ancient settlement name.
jingzhao,capital|priority_han|priority_han_west|top_city|urban_node,Chang'an,capital,attested,P8.3;BHR;P8.3;BHR,secure,Coordinate-verified AD 1 capital anchor
jinjiang,priority_han|priority_han_east,Jìnjiāng,priority_proxy,transparent_map_fallback,T3N:installed-label;T3N:transparent-map-label,tier2,High-visibility unresolved field retains a concise installed cartographic label. It is explicitly not presented as an attested ancient settlement name.
jinkou,priority_han|priority_han_east,Jīnkǒu,priority_proxy,transparent_map_fallback,T3N:installed-label;T3N:transparent-map-label,tier2,High-visibility unresolved field retains a concise installed cartographic label. It is explicitly not presented as an attested ancient settlement name.
jintan,priority_han|priority_han_east,Jīntán,priority_proxy,transparent_map_fallback,T3N:installed-label;T3N:transparent-map-label,tier2,High-visibility unresolved field retains a concise installed cartographic label. It is explicitly not presented as an attested ancient settlement name.
jintang,priority_han_west,Jīntáng,priority_proxy,transparent_map_fallback,T3N:installed-label;T3N:transparent-map-label,tier2,High-visibility unresolved field retains a concise installed cartographic label. It is explicitly not presented as an attested ancient settlement name.
jinxian,priority_han|priority_han_east,Jìnxián,priority_proxy,transparent_map_fallback,T3N:installed-label;T3N:transparent-map-label,tier2,High-visibility unresolved field retains a concise installed cartographic label. It is explicitly not presented as an attested ancient settlement name.
jinxiang,priority_han_north,Jīnxiāng,priority_proxy,transparent_map_fallback,T3N:installed-label;T3N:transparent-map-label,tier2,High-visibility unresolved field retains a concise installed cartographic label. It is explicitly not presented as an attested ancient settlement name.
jishan,priority_han_north,Jìshān,priority_proxy,transparent_map_fallback,T3N:installed-label;T3N:transparent-map-label,tier2,High-visibility unresolved field retains a concise installed cartographic label. It is explicitly not presented as an attested ancient settlement name.
jixi,capital,Mudan Basin,qualified,conservative_regional_proxy,NMJH-YIL;CAM-PROTOTUNGUSIC;P8.3,tier2,Qualified basin anchor without backdating the modern city.
jixian,priority_han_north,Jíxiàn,priority_proxy,transparent_map_fallback,T3N:installed-label;T3N:transparent-map-label,tier2,High-visibility unresolved field retains a concise installed cartographic label. It is explicitly not presented as an attested ancient settlement name.
jiyang,priority_han_north,Jǐyáng,priority_proxy,transparent_map_fallback,T3N:installed-label;T3N:transparent-map-label,tier2,High-visibility unresolved field retains a concise installed cartographic label. It is explicitly not presented as an attested ancient settlement name.
joutou,priority_japan,Jōtō,priority_proxy,transparent_map_fallback,T3N:installed-label;T3N:transparent-map-label,tier2,High-visibility unresolved field retains a concise installed cartographic label. It is explicitly not presented as an attested ancient settlement name.
juancheng,priority_han|priority_han_north,Juànchéng,priority_proxy,transparent_map_fallback,T3N:installed-label;T3N:transparent-map-label,tier2,High-visibility unresolved field retains a concise installed cartographic label. It is explicitly not presented as an attested ancient settlement name.
juffure,priority_west_africa_guinea,Juffure,priority_proxy,transparent_map_fallback,T3N:installed-label;T3N:transparent-map-label,tier2,High-visibility unresolved field retains a concise installed cartographic label. It is explicitly not presented as an attested ancient settlement name.
junagarh,capital|priority_india_west,Saurashtra peninsula coastal and inland exchange,priority_proxy,conservative_regional_proxy,ASI-WESTERN-INDIA;UOA-PERIPLUS;BM-TRIBAL-COINS;P8.4;GEO-PROXY,tier2,High-visibility capital replacement for a synthetic Tier-3 form. SRS roster capital/territorial label on its documented engine proxy; the engine field is a documented proxy and not an exact settlement polygon.
jurong,priority_han|priority_han_east,Jùróng,priority_proxy,transparent_map_fallback,T3N:installed-label;T3N:transparent-map-label,tier2,High-visibility unresolved field retains a concise installed cartographic label. It is explicitly not presented as an attested ancient settlement name.
kaba,priority_west_africa|priority_west_africa_sahel,Kaba,priority_proxy,transparent_map_fallback,T3N:installed-label;T3N:transparent-map-label,tier2,High-visibility unresolved field retains a concise installed cartographic label. It is explicitly not presented as an attested ancient settlement name.
kabakama,priority_west_africa_guinea,Kabakama,priority_proxy,transparent_map_fallback,T3N:installed-label;T3N:transparent-map-label,tier2,High-visibility unresolved field retains a concise installed cartographic label. It is explicitly not presented as an attested ancient settlement name.
kafr_saqr,priority_roman_egypt,Diokleous Kome,tier2_wide,conservative_regional_proxy,PLE:727110;PLN:727110/diokleous-kome;T2W,tier2,Wide Tier-2 AD 1 Pleiades settlement adapter; period-valid name resource 727110/diokleous-kome; nearest installed city field at 3.02px; lower-confidence map proxy.
kaga,capital,Hokuriku Yayoi communities,priority_proxy,conservative_regional_proxy,JAA-YAY;ISIJ-YAY;P8.3;GEO-PROXY,tier2,High-visibility capital replacement for a synthetic Tier-3 form. HOK roster capital/territorial label on its documented engine proxy; the engine field is a documented proxy and not an exact settlement polygon.
kagoshima,priority_japan,Kagoshima,priority_proxy,transparent_map_fallback,T3N:installed-label;T3N:transparent-map-label,tier2,High-visibility unresolved field retains a concise installed cartographic label. It is explicitly not presented as an attested ancient settlement name.
kahone,priority_west_africa|priority_west_africa_guinea,Kahone,priority_proxy,transparent_map_fallback,T3N:installed-label;T3N:transparent-map-label,tier2,High-visibility unresolved field retains a concise installed cartographic label. It is explicitly not presented as an attested ancient settlement name.
kahta,priority_anatolia,Arsameia pros Nymphaio,tier2_far,conservative_regional_proxy,PLE:658391;PLN:658391/arsameia-pros-nymphaio;T2F,tier2,Far Tier-2 AD 1 Pleiades settlement adapter; period-valid name resource 658391/arsameia-pros-nymphaio; nearest installed city field at 9.74px; far lower-confidence map proxy.
kaifeng,priority_han|priority_han_north,Kāifēng,priority_proxy,transparent_map_fallback,T3N:installed-label;T3N:transparent-map-label,tier2,High-visibility unresolved field retains a concise installed cartographic label. It is explicitly not presented as an attested ancient settlement name.
kaimana,capital,Bomberai South Coast,qualified,conservative_regional_proxy,ANU-BOMBERAI;CAM-NGU,tier2,Qualified geographic campaign anchor; no unattested AD 1 settlement name or later polity is asserted
kairouan,priority_roman_maghreb,[EU5 vanilla pass-through],roman_vanilla_passthrough,unresolved_vanilla_passthrough,P10;PLE,contested,The Roman identity audit found no sufficiently secure AD 1 field identity. Runtime localization deliberately falls through to EU5 vanilla instead of emitting a synthetic name.
kaisou,priority_japan,Kaisō,priority_proxy,transparent_map_fallback,T3N:installed-label;T3N:transparent-map-label,tier2,High-visibility unresolved field retains a concise installed cartographic label. It is explicitly not presented as an attested ancient settlement name.
kaithal,priority_india|priority_india_hindustan,Kaithal,priority_proxy,transparent_map_fallback,T3N:installed-label;T3N:transparent-map-label,tier2,High-visibility unresolved field retains a concise installed cartographic label. It is explicitly not presented as an attested ancient settlement name.
kalabsha,capital,Talmis,tier2_far,conservative_regional_proxy,PLE:795868;PLN:795868/talmis;T2F,tier2,Far Tier-2 AD 1 Pleiades settlement adapter; period-valid name resource 795868/talmis; nearest installed city field at 9.09px; far lower-confidence map proxy.
kalahandinagara,priority_india_bengal,Kalahandinagara,priority_proxy,transparent_map_fallback,T3N:installed-label;T3N:transparent-map-label,tier2,High-visibility unresolved field retains a concise installed cartographic label. It is explicitly not presented as an attested ancient settlement name.
kalam,priority_india|priority_india_central,Kalam,priority_proxy,transparent_map_fallback,T3N:installed-label;T3N:transparent-map-label,tier2,High-visibility unresolved field retains a concise installed cartographic label. It is explicitly not presented as an attested ancient settlement name.
kalamata,priority_roman|priority_roman_balkans,Korone,tier2_remote,conservative_regional_proxy,PLE:570371;PLN:570371/korone;T2R,tier2,Remote Tier-2 AD 1 Pleiades settlement adapter; period-valid name resource 570371/korone; nearest installed city field at 3.67px; remote lower-confidence map proxy.
kalanaur,priority_india_hindustan,Kalanaur,priority_proxy,transparent_map_fallback,T3N:installed-label;T3N:transparent-map-label,tier2,High-visibility unresolved field retains a concise installed cartographic label. It is explicitly not presented as an attested ancient settlement name.
kalapang,capital,Mindoro,priority_proxy,conservative_regional_proxy,ATENEO-MINDORO;NMP-PH-JARS;GEO-PROXY,tier2,High-visibility capital replacement for a synthetic Tier-3 form. MDR roster capital/territorial label on its documented engine proxy; the engine field is a documented proxy and not an exact settlement polygon.
kalecik,priority_roman_anatolia,Gorbeous,tier2_far,conservative_regional_proxy,PLE:619167;PLN:619167/gorbeous;T2F,tier2,Far Tier-2 AD 1 Pleiades settlement adapter; period-valid name resource 619167/gorbeous; nearest installed city field at 9.95px; far lower-confidence map proxy.
kaliakra,priority_roman_balkans,Dionysopolis,tier2_remote,conservative_regional_proxy,PLE:216793;PLN:216793/dionysopolis;T2R,tier2,Remote Tier-2 AD 1 Pleiades settlement adapter; period-valid name resource 216793/dionysopolis; nearest installed city field at 4.01px; remote lower-confidence map proxy.
kalinganagara,capital,Paloura,tier2_far,conservative_regional_proxy,PLE:49958;PLN:49958/paloura;T2F,tier2,Far Tier-2 AD 1 Pleiades settlement adapter; period-valid name resource 49958/paloura; nearest installed city field at 7.50px; far lower-confidence map proxy.
kalingapattanam,priority_india_bengal,Kalingapattanam,priority_proxy,transparent_map_fallback,T3N:installed-label;T3N:transparent-map-label,tier2,High-visibility unresolved field retains a concise installed cartographic label. It is explicitly not presented as an attested ancient settlement name.
kalinjar,capital|priority_india_central,Chedi Uplands,qualified,conservative_regional_proxy,CAH-INDUS;P8.4,tier2,Qualified Chedi campaign anchor without treating later Kalanjara as the recovered AD 1 capital Suktimati.
kalpi,priority_india|priority_india_central,Kalpi,priority_proxy,transparent_map_fallback,T3N:installed-label;T3N:transparent-map-label,tier2,High-visibility unresolved field retains a concise installed cartographic label. It is explicitly not presented as an attested ancient settlement name.
kalsi,capital,Kuninda,capital,attested,P8.4;CAH-XI;P8.4;CAH-XI,secure,Coordinate-verified AD 1 capital anchor
kaluga,capital,Moskva-Oka late-Dyakovo material group,priority_proxy,conservative_regional_proxy,RAS-DYAKOVO;RA-DYAKOVO-UPPER;GEO-PROXY,tier2,High-visibility capital replacement for a synthetic Tier-3 form. MOK roster capital/territorial label on its documented engine proxy; the engine field is a documented proxy and not an exact settlement polygon.
kalumpang,capital,Karama Valley,priority_proxy,conservative_regional_proxy,BRIN-KARAMA;ANU-SULAWESI;GEO-PROXY,tier2,High-visibility capital replacement for a synthetic Tier-3 form. KRM roster capital/territorial label on its documented engine proxy; the engine field is a documented proxy and not an exact settlement polygon.
kamakura,priority_japan,Kamakura,priority_proxy,transparent_map_fallback,T3N:installed-label;T3N:transparent-map-label,tier2,High-visibility unresolved field retains a concise installed cartographic label. It is explicitly not presented as an attested ancient settlement name.
kamalia,priority_india|priority_india_hindustan,Kamalia,priority_proxy,transparent_map_fallback,T3N:installed-label;T3N:transparent-map-label,tier2,High-visibility unresolved field retains a concise installed cartographic label. It is explicitly not presented as an attested ancient settlement name.
kamianets_podilskyi,capital,Podolian Lipița material group,priority_proxy,conservative_regional_proxy,AAC-LIPITA;P8.7;GEO-PROXY,tier2,High-visibility capital replacement for a synthetic Tier-3 form. PDL roster capital/territorial label on its documented engine proxy; the engine field is a documented proxy and not an exact settlement polygon.
kamienna_gora,priority_germania_baltic,Kamienna Góra,priority_proxy,transparent_map_fallback,T3N:installed-label;T3N:transparent-map-label,tier2,High-visibility unresolved field retains a concise installed cartographic label. It is explicitly not presented as an attested ancient settlement name.
kamikita,priority_japan,Kamikita,priority_proxy,transparent_map_fallback,T3N:installed-label;T3N:transparent-map-label,tier2,High-visibility unresolved field retains a concise installed cartographic label. It is explicitly not presented as an attested ancient settlement name.
kamo_mikawa,priority_japan,Kamo,priority_proxy,transparent_map_fallback,T3N:installed-label;T3N:transparent-map-label,tier2,High-visibility unresolved field retains a concise installed cartographic label. It is explicitly not presented as an attested ancient settlement name.
kampen,priority_germania|priority_germania_north,Kampen,priority_proxy,transparent_map_fallback,T3N:installed-label;T3N:transparent-map-label,tier2,High-visibility unresolved field retains a concise installed cartographic label. It is explicitly not presented as an attested ancient settlement name.
kanauj,priority_india|priority_india_hindustan,Ozoana,tier2_far,conservative_regional_proxy,PLE:59973;PLN:59973/ozoana;T2F,tier2,Far Tier-2 AD 1 Pleiades settlement adapter; period-valid name resource 59973/ozoana; nearest installed city field at 6.49px; far lower-confidence map proxy.
kanchipuram,capital,Kanchi,qualified,conservative_regional_proxy,UNESCO-KANCHI;CAM-TAMIL-MERCHANTS;P8.4,tier2,Early-CE literary and urban Kanchi label applied to its direct installed location.
kandakura,priority_india|priority_india_deccan,Kandakura,priority_proxy,transparent_map_fallback,T3N:installed-label;T3N:transparent-map-label,tier2,High-visibility unresolved field retains a concise installed cartographic label. It is explicitly not presented as an attested ancient settlement name.
kandi,priority_west_africa_guinea,Kandi,priority_proxy,transparent_map_fallback,T3N:installed-label;T3N:transparent-map-label,tier2,High-visibility unresolved field retains a concise installed cartographic label. It is explicitly not presented as an attested ancient settlement name.
kandiaro,priority_india_west,Naagramma,tier2_far,conservative_regional_proxy,PLE:59940;PLN:59940/naagramma;T2F,tier2,Far Tier-2 AD 1 Pleiades settlement adapter; period-valid name resource 59940/naagramma; nearest installed city field at 10.40px; far lower-confidence map proxy.
kanel,priority_west_africa_guinea,Kanel,priority_proxy,transparent_map_fallback,T3N:installed-label;T3N:transparent-map-label,tier2,High-visibility unresolved field retains a concise installed cartographic label. It is explicitly not presented as an attested ancient settlement name.
kanibonzon,priority_west_africa|priority_west_africa_sahel,Kanibonzon,priority_proxy,transparent_map_fallback,T3N:installed-label;T3N:transparent-map-label,tier2,High-visibility unresolved field retains a concise installed cartographic label. It is explicitly not presented as an attested ancient settlement name.
kankan,capital,Upper Niger Mande-area communities,priority_proxy,conservative_regional_proxy,CAM-MLR;MET-IRON;P8.5;GEO-PROXY,tier2,High-visibility capital replacement for a synthetic Tier-3 form. MUP roster capital/territorial label on its documented engine proxy; the engine field is a documented proxy and not an exact settlement polygon.
kano,priority_west_africa|priority_west_africa_sahel,Kano,priority_proxy,transparent_map_fallback,T3N:installed-label;T3N:transparent-map-label,tier2,High-visibility unresolved field retains a concise installed cartographic label. It is explicitly not presented as an attested ancient settlement name.
kanthi,priority_india_bengal,Kanthi,priority_proxy,transparent_map_fallback,T3N:installed-label;T3N:transparent-map-label,tier2,High-visibility unresolved field retains a concise installed cartographic label. It is explicitly not presented as an attested ancient settlement name.
kantit,priority_india_hindustan,Kantit,priority_proxy,transparent_map_fallback,T3N:installed-label;T3N:transparent-map-label,tier2,High-visibility unresolved field retains a concise installed cartographic label. It is explicitly not presented as an attested ancient settlement name.
kapan,priority_anatolia,Kapan,priority_proxy,transparent_map_fallback,T3N:installed-label;T3N:transparent-map-label,tier2,High-visibility unresolved field retains a concise installed cartographic label. It is explicitly not presented as an attested ancient settlement name.
kapasia,priority_india_bengal,Kapasia,priority_proxy,transparent_map_fallback,T3N:installed-label;T3N:transparent-map-label,tier2,High-visibility unresolved field retains a concise installed cartographic label. It is explicitly not presented as an attested ancient settlement name.
kapilkot,priority_india_west,Kapilkot,priority_proxy,transparent_map_fallback,T3N:installed-label;T3N:transparent-map-label,tier2,High-visibility unresolved field retains a concise installed cartographic label. It is explicitly not presented as an attested ancient settlement name.
karajia,capital,Upper Utcubamba,priority_proxy,conservative_regional_proxy,CWP-ANDES;P8.10;GEO-PROXY,tier2,High-visibility capital replacement for a synthetic Tier-3 form. UTC roster capital/territorial label on its documented engine proxy; the engine field is a documented proxy and not an exact settlement polygon.
karangan,capital,Sangkulirang Karst,qualified,conservative_regional_proxy,QSR-LIANG-JON;QINT-LIANG-ABU;P8.9,tier2,Archaeological landscape anchor without backdating the modern location.
karasahr,capital,Yanqi-Karashahr,priority_proxy,conservative_regional_proxy,HAN-WR;HHS-WR;GEO-PROXY,tier2,High-visibility capital replacement for a synthetic Tier-3 form. YQI roster capital/territorial label on its documented engine proxy; the engine field is a documented proxy and not an exact settlement polygon.
karditsa,priority_roman_balkans,Ktimene,tier2_far,conservative_regional_proxy,PLE:540894;PLN:540894/ktimene;T2F,tier2,Far Tier-2 AD 1 Pleiades settlement adapter; period-valid name resource 540894/ktimene; nearest installed city field at 11.60px; far lower-confidence map proxy.
kargopol,capital,Onega-Kargopol archaeological group,priority_proxy,conservative_regional_proxy,ENC-NEEU;GEO-PROXY,tier2,High-visibility capital replacement for a synthetic Tier-3 form. WHT roster capital/territorial label on its documented engine proxy; the engine field is a documented proxy and not an exact settlement polygon.
karnal,priority_india|priority_india_hindustan,Karnal,priority_proxy,transparent_map_fallback,T3N:installed-label;T3N:transparent-map-label,tier2,High-visibility unresolved field retains a concise installed cartographic label. It is explicitly not presented as an attested ancient settlement name.
kars_armenia,priority_anatolia,Flavias,tier2_far,conservative_regional_proxy,PLE:658569;PLN:658569/flavias-1;T2F,tier2,Far Tier-2 AD 1 Pleiades settlement adapter; period-valid name resource 658569/flavias-1; nearest installed city field at 6.26px; far lower-confidence map proxy.
karvuna,priority_roman_balkans,Marcianopolis,tier2_ultra,conservative_regional_proxy,PLE:216878;PLN:216878/marcianopolis;T2U,tier2,Ultra-far Tier-2 AD 1 Pleiades settlement adapter; period-valid name resource 216878/marcianopolis; nearest installed city field at 15.90px; ultra-far lower-confidence map proxy.
kashgar,capital|top_city|urban_node,Kashgar,curated,attested,IRAN-KAS;P8.3,secure,Encyclopaedia Iranica identifies the exact AD 1 Kashgar or Shule oasis kingdom; conventional period form retained.
kashigarh,priority_india_central,Kashigarh,priority_proxy,transparent_map_fallback,T3N:installed-label;T3N:transparent-map-label,tier2,High-visibility unresolved field retains a concise installed cartographic label. It is explicitly not presented as an attested ancient settlement name.
kashmore,priority_india_west,Kashmore,priority_proxy,transparent_map_fallback,T3N:installed-label;T3N:transparent-map-label,tier2,High-visibility unresolved field retains a concise installed cartographic label. It is explicitly not presented as an attested ancient settlement name.
kasserine,priority_roman_maghreb,Thelepte,tier2_remote,conservative_regional_proxy,PLE:324828;PLN:324828/thelepte;T2R,tier2,Remote Tier-2 AD 1 Pleiades settlement adapter; period-valid name resource 324828/thelepte; nearest installed city field at 3.30px; remote lower-confidence map proxy.
kastelholm,priority_germania_scandinavia,Kastelholm,priority_proxy,transparent_map_fallback,T3N:installed-label;T3N:transparent-map-label,tier2,High-visibility unresolved field retains a concise installed cartographic label. It is explicitly not presented as an attested ancient settlement name.
kasur,priority_india|priority_india_hindustan,Kasur,priority_proxy,transparent_map_fallback,T3N:installed-label;T3N:transparent-map-label,tier2,High-visibility unresolved field retains a concise installed cartographic label. It is explicitly not presented as an attested ancient settlement name.
kataka,priority_india_bengal,Tosale,tier2_remote,conservative_regional_proxy,PLE:50309;PLN:50309/tosale;T2R,tier2,Remote Tier-2 AD 1 Pleiades settlement adapter; period-valid name resource 50309/tosale; nearest installed city field at 4.15px; remote lower-confidence map proxy.
kath,capital,Khwarazm,capital,attested,P8.8;CHG;P8.8;CHG,secure,Coordinate-verified AD 1 capital anchor
katihar,priority_india_bengal,Katihar,priority_proxy,transparent_map_fallback,T3N:installed-label;T3N:transparent-map-label,tier2,High-visibility unresolved field retains a concise installed cartographic label. It is explicitly not presented as an attested ancient settlement name.
katol,priority_india_central,Katol,priority_proxy,transparent_map_fallback,T3N:installed-label;T3N:transparent-map-label,tier2,High-visibility unresolved field retains a concise installed cartographic label. It is explicitly not presented as an attested ancient settlement name.
katori,priority_japan,Katori,priority_proxy,transparent_map_fallback,T3N:installed-label;T3N:transparent-map-label,tier2,High-visibility unresolved field retains a concise installed cartographic label. It is explicitly not presented as an attested ancient settlement name.
katsina,capital|priority_west_africa|priority_west_africa_sahel,Katsina plain,priority_proxy,conservative_regional_proxy,JAH-HAUSALAND;JAR-WA-NETWORKS;P8.5;GEO-PROXY,tier2,High-visibility capital replacement for a synthetic Tier-3 form. KPC roster capital/territorial label on its documented engine proxy; the engine field is a documented proxy and not an exact settlement polygon.
katsushika,priority_japan,Katsushika,priority_proxy,transparent_map_fallback,T3N:installed-label;T3N:transparent-map-label,tier2,High-visibility unresolved field retains a concise installed cartographic label. It is explicitly not presented as an attested ancient settlement name.
kavaje,priority_roman_balkans,Apollonia,tier2_far,conservative_regional_proxy,PLE:481728;PLN:481728/apollonia;T2F,tier2,Far Tier-2 AD 1 Pleiades settlement adapter; period-valid name resource 481728/apollonia; nearest installed city field at 11.74px; far lower-confidence map proxy.
kavali,priority_india_deccan,Kavali,priority_proxy,transparent_map_fallback,T3N:installed-label;T3N:transparent-map-label,tier2,High-visibility unresolved field retains a concise installed cartographic label. It is explicitly not presented as an attested ancient settlement name.
kawabe,priority_japan,Kawabe,priority_proxy,transparent_map_fallback,T3N:installed-label;T3N:transparent-map-label,tier2,High-visibility unresolved field retains a concise installed cartographic label. It is explicitly not presented as an attested ancient settlement name.
kawanuma,priority_japan,Kawanuma,priority_proxy,transparent_map_fallback,T3N:installed-label;T3N:transparent-map-label,tier2,High-visibility unresolved field retains a concise installed cartographic label. It is explicitly not presented as an attested ancient settlement name.
kayal,priority_india|priority_india_deccan,Kolchoi,tier2_ultra,conservative_regional_proxy,PLE:50064;PLN:50064/kolchoi-1;T2U,tier2,Ultra-far Tier-2 AD 1 Pleiades settlement adapter; period-valid name resource 50064/kolchoi-1; nearest installed city field at 13.86px; ultra-far lower-confidence map proxy.
kayattar,priority_india_deccan,Kayattar,priority_proxy,transparent_map_fallback,T3N:installed-label;T3N:transparent-map-label,tier2,High-visibility unresolved field retains a concise installed cartographic label. It is explicitly not presented as an attested ancient settlement name.
kaymaz,priority_roman_anatolia,Orkistos,tier2_far,conservative_regional_proxy,PLE:609488;PLN:609488/orkistos;T2F,tier2,Far Tier-2 AD 1 Pleiades settlement adapter; period-valid name resource 609488/orkistos; nearest installed city field at 10.35px; far lower-confidence map proxy.
kayseri,priority_anatolia,Mazaka,curated,attested,PLE:629035,secure,Direct Mazaka Eusebeia Caesarea settlement point at the installed Kayseri city proxy.
kaysun,priority_anatolia,Arabena,tier2_remote,conservative_regional_proxy,PLE:658582;PLN:658582/arabena;T2R,tier2,Remote Tier-2 AD 1 Pleiades settlement adapter; period-valid name resource 658582/arabena; nearest installed city field at 3.84px; remote lower-confidence map proxy.
kedah,capital,Malay Peninsula,qualified,conservative_regional_proxy,P8.9;CAH-XI,tier2,Qualified early Malay regional anchor rather than a reconstructed polity capital.
kelapur,priority_india_central,Kelapur,priority_proxy,transparent_map_fallback,T3N:installed-label;T3N:transparent-map-label,tier2,High-visibility unresolved field retains a concise installed cartographic label. It is explicitly not presented as an attested ancient settlement name.
kelibia,priority_roman_maghreb,Curubis,tier2_wide,conservative_regional_proxy,PLE:314943;PLN:314943/curubis;T2W,tier2,Wide Tier-2 AD 1 Pleiades settlement adapter; period-valid name resource 314943/curubis; nearest installed city field at 1.89px; lower-confidence map proxy.
kengtung,capital,Kengtung Intermontane Basin,qualified,conservative_regional_proxy,CAM-SEA-IRON;P8.9,tier2,Qualified basin label without backdating a Kengtung sawbwa state.
keonjhar,priority_india_bengal,Keonjhar,priority_proxy,transparent_map_fallback,T3N:installed-label;T3N:transparent-map-label,tier2,High-visibility unresolved field retains a concise installed cartographic label. It is explicitly not presented as an attested ancient settlement name.
kerbatch,priority_west_africa_guinea,Kerbatch,priority_proxy,transparent_map_fallback,T3N:installed-label;T3N:transparent-map-label,tier2,High-visibility unresolved field retains a concise installed cartographic label. It is explicitly not presented as an attested ancient settlement name.
kernave,capital,Kernave hillfort zone,priority_proxy,conservative_regional_proxy,VU-BRUSH;GEO-PROXY,tier2,High-visibility capital replacement for a synthetic Tier-3 form. BPC roster capital/territorial label on its documented engine proxy; the engine field is a documented proxy and not an exact settlement polygon.
kesra,priority_roman_maghreb,Masclianae,tier2_far,conservative_regional_proxy,PLE:324777;PLN:324777/masclianae;T2F,tier2,Far Tier-2 AD 1 Pleiades settlement adapter; period-valid name resource 324777/masclianae; nearest installed city field at 7.07px; far lower-confidence map proxy.
ketu,capital,Lower Oueme forest,priority_proxy,conservative_regional_proxy,OUP-BENIN;MET-IRON;P8.5;GEO-PROXY,tier2,High-visibility capital replacement for a synthetic Tier-3 form. OUE roster capital/territorial label on its documented engine proxy; the engine field is a documented proxy and not an exact settlement polygon.
khambat,priority_india_west|top_city|urban_node,Barygaza,qualified,conservative_regional_proxy,OCD-BARYGAZA;P12.2;P8.4,tier2,Qualified Gulf-of-Khambhat adapter: Oxford identifies Barygaza with Bharuch near the Narmada mouth rather than the direct installed field.
khaniadhana,priority_india_west,Khaniadhana,priority_proxy,transparent_map_fallback,T3N:installed-label;T3N:transparent-map-label,tier2,High-visibility unresolved field retains a concise installed cartographic label. It is explicitly not presented as an attested ancient settlement name.
kharibta,priority_roman_egypt,[EU5 vanilla pass-through],roman_vanilla_passthrough,unresolved_vanilla_passthrough,P10;PLE,contested,The Roman identity audit found no sufficiently secure AD 1 field identity. Runtime localization deliberately falls through to EU5 vanilla instead of emitting a synthetic name.
khategaon,priority_india_central,Khategaon,priority_proxy,transparent_map_fallback,T3N:installed-label;T3N:transparent-map-label,tier2,High-visibility unresolved field retains a concise installed cartographic label. It is explicitly not presented as an attested ancient settlement name.
khawr_nubt,capital,Beja Highlands,qualified,conservative_regional_proxy,P8.5;CAH-XI,tier2,Qualified Beja regional adapter: the installed Khawr Nubt field is a highland anchor and does not claim a period settlement name.
khaybar,capital,Northwestern Arabian ranges,priority_proxy,conservative_regional_proxy,PLN-ARAB;STR-ARAB;THAMUD-EPIG;GEO-PROXY,tier2,High-visibility capital replacement for a synthetic Tier-3 form. THM roster capital/territorial label on its documented engine proxy; the engine field is a documented proxy and not an exact settlement polygon.
khed,priority_india_west,Khed,priority_proxy,transparent_map_fallback,T3N:installed-label;T3N:transparent-map-label,tier2,High-visibility unresolved field retains a concise installed cartographic label. It is explicitly not presented as an attested ancient settlement name.
khor_virap,capital,Artaxata,capital,attested,PLE;P8.2;P8.2;CAH-XI;PLE,secure,Coordinate-verified AD 1 capital anchor
khotan,capital,Khotan,curated,attested,IRAN-KHO;P8.3,secure,Encyclopaedia Iranica identifies the exact Han-era Khotan oasis and kingdom; replaces an unrelated ultra-far proxy.
khyunglung,capital,Western Zhang Zhung Plateau,qualified,conservative_regional_proxy,OXF-SINO-TIB;CAM-TIB-ARCH;P8.8,tier2,Qualified western-plateau political-geographic anchor; it does not identify the engine polygon with a securely dated AD 1 capital.
kiel,capital|priority_germania|priority_germania_north,Holstein communities,priority_proxy,conservative_regional_proxy,P8.7;STR-GER;TAC-GER;OCD-GER;PLE;GEO-PROXY,tier2,High-visibility capital replacement for a synthetic Tier-3 form. CLC roster capital/territorial label on its documented engine proxy; the engine field is a documented proxy and not an exact settlement polygon.
kilkenny,capital,Southeastern Interior,priority_proxy,conservative_regional_proxy,P8.7;PTO-GEO-II1;DARCY-IRE;GEO-PROXY,tier2,High-visibility capital replacement for a synthetic Tier-3 form. CND roster capital/territorial label on its documented engine proxy; the engine field is a documented proxy and not an exact settlement polygon.
kilkis,priority_roman_balkans,Moryllos,tier2_remote,conservative_regional_proxy,PLE:491665;PLN:491665/moryllos;T2R,tier2,Remote Tier-2 AD 1 Pleiades settlement adapter; period-valid name resource 491665/moryllos; nearest installed city field at 4.67px; remote lower-confidence map proxy.
killarney,capital,Southwestern Hibernia,priority_proxy,conservative_regional_proxy,P8.7;PTO-GEO-II1;DARCY-IRE;GEO-PROXY,tier2,High-visibility capital replacement for a synthetic Tier-3 form. VEL roster capital/territorial label on its documented engine proxy; the engine field is a documented proxy and not an exact settlement polygon.
kinabatangan,capital,Kinabatangan Littoral Corridor,qualified,conservative_regional_proxy,MYH-BUKIT-TENGKORAK;P8.9;R5-GEOGRAPHY,tier2,Geographic anchor without backdating the modern name as an AD 1 settlement. Round 5 researched geography replaces the installed or descriptive fallback.
kirina,priority_west_africa|priority_west_africa_sahel,Kirina,priority_proxy,transparent_map_fallback,T3N:installed-label;T3N:transparent-map-label,tier2,High-visibility unresolved field retains a concise installed cartographic label. It is explicitly not presented as an attested ancient settlement name.
kirsehir,priority_anatolia,Nyssa,tier2_far,conservative_regional_proxy,PLE:619222;PLN:619222/nyssa;T2F,tier2,Far Tier-2 AD 1 Pleiades settlement adapter; period-valid name resource 619222/nyssa; nearest installed city field at 6.77px; far lower-confidence map proxy.
kishi,priority_india|priority_india_hindustan,Kishi,priority_proxy,transparent_map_fallback,T3N:installed-label;T3N:transparent-map-label,tier2,High-visibility unresolved field retains a concise installed cartographic label. It is explicitly not presented as an attested ancient settlement name.
kishima,priority_japan,Kishima,priority_proxy,transparent_map_fallback,T3N:installed-label;T3N:transparent-map-label,tier2,High-visibility unresolved field retains a concise installed cartographic label. It is explicitly not presented as an attested ancient settlement name.
kisi,priority_west_africa_guinea,Kisi,priority_proxy,transparent_map_fallback,T3N:installed-label;T3N:transparent-map-label,tier2,High-visibility unresolved field retains a concise installed cartographic label. It is explicitly not presented as an attested ancient settlement name.
kitamorokata,priority_japan,Kitamorokata,priority_proxy,transparent_map_fallback,T3N:installed-label;T3N:transparent-map-label,tier2,High-visibility unresolved field retains a concise installed cartographic label. It is explicitly not presented as an attested ancient settlement name.
kizhi,capital,Ladoga early-Iron-Age material group,priority_proxy,conservative_regional_proxy,GERMANIA-NEVA;GEO-PROXY,tier2,High-visibility capital replacement for a synthetic Tier-3 form. KRL roster capital/territorial label on its documented engine proxy; the engine field is a documented proxy and not an exact settlement polygon.
klagenfurt,priority_germania_south,Carnium,tier2_far,conservative_regional_proxy,PLE:197193;PLN:197193/carnium;T2F,tier2,Far Tier-2 AD 1 Pleiades settlement adapter; period-valid name resource 197193/carnium; nearest installed city field at 9.66px; far lower-confidence map proxy.
kleve,priority_germania|priority_germania_north,Kleve,priority_proxy,transparent_map_fallback,T3N:installed-label;T3N:transparent-map-label,tier2,High-visibility unresolved field retains a concise installed cartographic label. It is explicitly not presented as an attested ancient settlement name.
kobenhavn,priority_germania|priority_germania_scandinavia,Copenhagen,priority_proxy,transparent_map_fallback,T3N:installed-label;T3N:transparent-map-label,tier2,High-visibility unresolved field retains a concise installed cartographic label. It is explicitly not presented as an attested ancient settlement name.
kochi,priority_india_deccan,Aloe,tier2_far,conservative_regional_proxy,PLE:49853;PLN:49853/aloe;T2F,tier2,Far Tier-2 AD 1 Pleiades settlement adapter; period-valid name resource 49853/aloe; nearest installed city field at 6.49px; far lower-confidence map proxy.
kodiam,priority_west_africa_guinea,Kodiam,priority_proxy,transparent_map_fallback,T3N:installed-label;T3N:transparent-map-label,tier2,High-visibility unresolved field retains a concise installed cartographic label. It is explicitly not presented as an attested ancient settlement name.
kodungallur,capital|priority_india|priority_india_deccan|top_city|urban_node,Muziris,qualified,conservative_regional_proxy,CAM-MUZIRIS;KER-MUZIRIS;P12.2;P8.4,tier2,Contested Kodungallur-region port-name adapter: earlier scholarship places Muziris at Kodungallur but current archaeology also considers nearby Pattanam.
koki,priority_west_africa_guinea,Koki,priority_proxy,transparent_map_fallback,T3N:installed-label;T3N:transparent-map-label,tier2,High-visibility unresolved field retains a concise installed cartographic label. It is explicitly not presented as an attested ancient settlement name.
koko,priority_west_africa|priority_west_africa_sahel,Koko,priority_proxy,transparent_map_fallback,T3N:installed-label;T3N:transparent-map-label,tier2,High-visibility unresolved field retains a concise installed cartographic label. It is explicitly not presented as an attested ancient settlement name.
kol,priority_india|priority_india_hindustan,Kol,priority_proxy,transparent_map_fallback,T3N:installed-label;T3N:transparent-map-label,tier2,High-visibility unresolved field retains a concise installed cartographic label. It is explicitly not presented as an attested ancient settlement name.
kolding,priority_germania|priority_germania_scandinavia,Kolding,priority_proxy,transparent_map_fallback,T3N:installed-label;T3N:transparent-map-label,tier2,High-visibility unresolved field retains a concise installed cartographic label. It is explicitly not presented as an attested ancient settlement name.
kolmarden,priority_germania_scandinavia,Kolmården,priority_proxy,transparent_map_fallback,T3N:installed-label;T3N:transparent-map-label,tier2,High-visibility unresolved field retains a concise installed cartographic label. It is explicitly not presented as an attested ancient settlement name.
kolokani,priority_west_africa|priority_west_africa_sahel,Kolokani,priority_proxy,transparent_map_fallback,T3N:installed-label;T3N:transparent-map-label,tier2,High-visibility unresolved field retains a concise installed cartographic label. It is explicitly not presented as an attested ancient settlement name.
kom_ombo,priority_roman_egypt,Omboi,tier2_far,conservative_regional_proxy,PLE:786079;PLN:786079/omboi;T2F,tier2,Far Tier-2 AD 1 Pleiades settlement adapter; period-valid name resource 786079/omboi; nearest installed city field at 9.80px; far lower-confidence map proxy.
konch,priority_india|priority_india_central,Konch,priority_proxy,transparent_map_fallback,T3N:installed-label;T3N:transparent-map-label,tier2,High-visibility unresolved field retains a concise installed cartographic label. It is explicitly not presented as an attested ancient settlement name.
kong,capital,Volta and Comoe interfluve,priority_proxy,conservative_regional_proxy,JAR-WA-NETWORKS;MET-IRON;P8.5;GEO-PROXY,tier2,High-visibility capital replacement for a synthetic Tier-3 form. VIC roster capital/territorial label on its documented engine proxy; the engine field is a documented proxy and not an exact settlement polygon.
konghalla,priority_germania,Konghelle,priority_proxy,transparent_map_fallback,T3N:installed-label;T3N:transparent-map-label,tier2,High-visibility unresolved field retains a concise installed cartographic label. It is explicitly not presented as an attested ancient settlement name.
konigsberg,capital|priority_germania_baltic,Sambian amber coast,priority_proxy,conservative_regional_proxy,P8.7;TAC-GER;OCD-GER;GEO-PROXY,tier2,High-visibility capital replacement for a synthetic Tier-3 form. AES roster capital/territorial label on its documented engine proxy; the engine field is a documented proxy and not an exact settlement polygon.
koppal,priority_india_deccan,Koppal,priority_proxy,transparent_map_fallback,T3N:installed-label;T3N:transparent-map-label,tier2,High-visibility unresolved field retains a concise installed cartographic label. It is explicitly not presented as an attested ancient settlement name.
korneuburg,priority_germania_south,[EU5 vanilla pass-through],roman_vanilla_passthrough,unresolved_vanilla_passthrough,P10;PLE,contested,The Roman identity audit found no sufficiently secure AD 1 field identity. Runtime localization deliberately falls through to EU5 vanilla instead of emitting a synthetic name.
korra,priority_india|priority_india_hindustan,Korra,priority_proxy,transparent_map_fallback,T3N:installed-label;T3N:transparent-map-label,tier2,High-visibility unresolved field retains a concise installed cartographic label. It is explicitly not presented as an attested ancient settlement name.
kortriik,priority_germania_north,Cortoriacum,tier2_far,conservative_regional_proxy,PLE:108911;PLN:108911/cortoriacum;T2F,tier2,Far Tier-2 AD 1 Pleiades settlement adapter; period-valid name resource 108911/cortoriacum; nearest installed city field at 9.10px; far lower-confidence map proxy.
koscierzyna,priority_germania_baltic,Kościerzyna,priority_proxy,transparent_map_fallback,T3N:installed-label;T3N:transparent-map-label,tier2,High-visibility unresolved field retains a concise installed cartographic label. It is explicitly not presented as an attested ancient settlement name.
kosi,priority_india_bengal,Kosi,priority_proxy,transparent_map_fallback,T3N:installed-label;T3N:transparent-map-label,tier2,High-visibility unresolved field retains a concise installed cartographic label. It is explicitly not presented as an attested ancient settlement name.
koszalin,capital,Pomeranian communities,priority_proxy,conservative_regional_proxy,P8.7;STR-GER;TAC-GER;OCD-GER;PLE;GEO-PROXY,tier2,High-visibility capital replacement for a synthetic Tier-3 form. MUG roster capital/territorial label on its documented engine proxy; the engine field is a documented proxy and not an exact settlement polygon.
kot_lalu,priority_india_west,Kot Lalu,priority_proxy,transparent_map_fallback,T3N:installed-label;T3N:transparent-map-label,tier2,High-visibility unresolved field retains a concise installed cartographic label. It is explicitly not presented as an attested ancient settlement name.
kota,capital|priority_india_west,Chambal Hadoti and Gird corridors,priority_proxy,conservative_regional_proxy,ASI-WESTERN-INDIA;UOA-PERIPLUS;BM-TRIBAL-COINS;P8.4;GEO-PROXY,tier2,High-visibility capital replacement for a synthetic Tier-3 form. CHB roster capital/territorial label on its documented engine proxy; the engine field is a documented proxy and not an exact settlement polygon.
kotri,priority_india|priority_india_west,Kotri,priority_proxy,transparent_map_fallback,T3N:installed-label;T3N:transparent-map-label,tier2,High-visibility unresolved field retains a concise installed cartographic label. It is explicitly not presented as an attested ancient settlement name.
kotte,priority_india_deccan,Kotte,priority_proxy,transparent_map_fallback,T3N:installed-label;T3N:transparent-map-label,tier2,High-visibility unresolved field retains a concise installed cartographic label. It is explicitly not presented as an attested ancient settlement name.
koudougou,priority_west_africa|priority_west_africa_sahel,Koudougou,priority_proxy,transparent_map_fallback,T3N:installed-label;T3N:transparent-map-label,tier2,High-visibility unresolved field retains a concise installed cartographic label. It is explicitly not presented as an attested ancient settlement name.
koulikoro,priority_west_africa|priority_west_africa_sahel,Koulikoro,priority_proxy,transparent_map_fallback,T3N:installed-label;T3N:transparent-map-label,tier2,High-visibility unresolved field retains a concise installed cartographic label. It is explicitly not presented as an attested ancient settlement name.
kourim,priority_germania,Kouřim,priority_proxy,transparent_map_fallback,T3N:installed-label;T3N:transparent-map-label,tier2,High-visibility unresolved field retains a concise installed cartographic label. It is explicitly not presented as an attested ancient settlement name.
koushi,priority_japan,Kōshi,priority_proxy,transparent_map_fallback,T3N:installed-label;T3N:transparent-map-label,tier2,High-visibility unresolved field retains a concise installed cartographic label. It is explicitly not presented as an attested ancient settlement name.
koyulhisar,priority_anatolia,Koyulhisar,priority_proxy,transparent_map_fallback,T3N:installed-label;T3N:transparent-map-label,tier2,High-visibility unresolved field retains a concise installed cartographic label. It is explicitly not presented as an attested ancient settlement name.
kozhikode,priority_india|priority_india_deccan,Kozhikode,priority_proxy,transparent_map_fallback,T3N:installed-label;T3N:transparent-map-label,tier2,High-visibility unresolved field retains a concise installed cartographic label. It is explicitly not presented as an attested ancient settlement name.
kozle,priority_germania|priority_germania_baltic,Koźle,priority_proxy,transparent_map_fallback,T3N:installed-label;T3N:transparent-map-label,tier2,High-visibility unresolved field retains a concise installed cartographic label. It is explicitly not presented as an attested ancient settlement name.
kozuchow,priority_germania_baltic,Kożuchów,priority_proxy,transparent_map_fallback,T3N:installed-label;T3N:transparent-map-label,tier2,High-visibility unresolved field retains a concise installed cartographic label. It is explicitly not presented as an attested ancient settlement name.
krakow,capital,Lesser-Poland Przeworsk material group,priority_proxy,conservative_regional_proxy,UW-PRZEWORSK;PAN-LPR;P8.7;GEO-PROXY,tier2,High-visibility capital replacement for a synthetic Tier-3 form. LPR roster capital/territorial label on its documented engine proxy; the engine field is a documented proxy and not an exact settlement polygon.
kranj,priority_roman_balkans,Carnium,curated,attested,PLE-CARNIUM;BAT-NORICUM,secure,Direct ancient Carnium label at the installed Kranj city field; replaces the distant Emona adapter.
krems,priority_germania_south,Namare,tier2_remote,conservative_regional_proxy,PLE:118857;PLN:118857/namare;T2R,tier2,Remote Tier-2 AD 1 Pleiades settlement adapter; period-valid name resource 118857/namare; nearest installed city field at 4.31px; remote lower-confidence map proxy.
kucha,capital|top_city,Kucha,curated,attested,IRAN-KUC;P8.3,secure,Encyclopaedia Iranica identifies the exact Han-era Kucha oasis kingdom; conventional period form retained.
kuku,priority_roman_maghreb,[EU5 vanilla pass-through],roman_vanilla_passthrough,unresolved_vanilla_passthrough,P10;PLE,contested,The Roman identity audit found no sufficiently secure AD 1 field identity. Runtime localization deliberately falls through to EU5 vanilla instead of emitting a synthetic name.
kula,priority_anatolia|priority_roman_anatolia,Korakoe,tier2_far,conservative_regional_proxy,PLE:550663;PLN:550663/korakoe;T2F,tier2,Far Tier-2 AD 1 Pleiades settlement adapter; period-valid name resource 550663/korakoe; nearest installed city field at 6.14px; far lower-confidence map proxy.
kumasi,capital,Middle Niger,qualified,conservative_regional_proxy,P8.5;CAH-XI,tier2,Qualified West-African regional adapter: the installed Kumasi field anchors an Iron-Age society frame and must not project the later city name into AD 1.
kume_houki,priority_japan,Kume,priority_proxy,transparent_map_fallback,T3N:installed-label;T3N:transparent-map-label,tier2,High-visibility unresolved field retains a concise installed cartographic label. It is explicitly not presented as an attested ancient settlement name.
kundar,priority_india|priority_india_central,Kundar,priority_proxy,transparent_map_fallback,T3N:installed-label;T3N:transparent-map-label,tier2,High-visibility unresolved field retains a concise installed cartographic label. It is explicitly not presented as an attested ancient settlement name.
kunming,priority_han_south,Kūnmíng,priority_proxy,transparent_map_fallback,T3N:installed-label;T3N:transparent-map-label,tier2,High-visibility unresolved field retains a concise installed cartographic label. It is explicitly not presented as an attested ancient settlement name.
kurokawa,priority_japan,Kurokawa,priority_proxy,transparent_map_fallback,T3N:installed-label;T3N:transparent-map-label,tier2,High-visibility unresolved field retains a concise installed cartographic label. It is explicitly not presented as an attested ancient settlement name.
kuse,priority_japan,Kuse,priority_proxy,transparent_map_fallback,T3N:installed-label;T3N:transparent-map-label,tier2,High-visibility unresolved field retains a concise installed cartographic label. It is explicitly not presented as an attested ancient settlement name.
kushinagar,capital,Kushinagara,priority_proxy,conservative_regional_proxy,ASI-MITRA;P8.4;GEO-PROXY,tier2,High-visibility capital replacement for a synthetic Tier-3 form. MLL roster capital/territorial label on its documented engine proxy; the engine field is a documented proxy and not an exact settlement polygon.
kuta_watu,capital,Pulangi-Cotabato,priority_proxy,conservative_regional_proxy,NMP-PH-METAL;NMP-PH-JARS;GEO-PROXY,tier2,High-visibility capital replacement for a synthetic Tier-3 form. PCT roster capital/territorial label on its documented engine proxy; the engine field is a documented proxy and not an exact settlement polygon.
kutahya,priority_roman_anatolia,Spore,tier2_remote,conservative_regional_proxy,PLE:609534;PLN:609534/spore;T2R,tier2,Remote Tier-2 AD 1 Pleiades settlement adapter; period-valid name resource 609534/spore; nearest installed city field at 3.25px; remote lower-confidence map proxy.
kutina,priority_roman_balkans,Segestica,tier2_ultra,conservative_regional_proxy,PLE:197504;PLN:197504/segestica;T2U,tier2,Ultra-far Tier-2 AD 1 Pleiades settlement adapter; period-valid name resource 197504/segestica; nearest installed city field at 16.00px; ultra-far lower-confidence map proxy.
kuwabara,priority_japan,Kuwabara,priority_proxy,transparent_map_fallback,T3N:installed-label;T3N:transparent-map-label,tier2,High-visibility unresolved field retains a concise installed cartographic label. It is explicitly not presented as an attested ancient settlement name.
kwidzyn,priority_germania_baltic,Kwidzyn,priority_proxy,transparent_map_fallback,T3N:installed-label;T3N:transparent-map-label,tier2,High-visibility unresolved field retains a concise installed cartographic label. It is explicitly not presented as an attested ancient settlement name.
kyburg,priority_germania_south,Turicum,tier2_remote,conservative_regional_proxy,PLE:187596;PLN:187596/turicum;T2R,tier2,Remote Tier-2 AD 1 Pleiades settlement adapter; period-valid name resource 187596/turicum; nearest installed city field at 4.38px; remote lower-confidence map proxy.
kyiv,capital,Right-Bank Dnieper Zarubintsy material group,priority_proxy,conservative_regional_proxy,RAS-ZAR;P8.7;GEO-PROXY,tier2,High-visibility capital replacement for a synthetic Tier-3 form. RBD roster capital/territorial label on its documented engine proxy; the engine field is a documented proxy and not an exact settlement polygon.
kyoto,priority_japan,Kyōto,priority_proxy,transparent_map_fallback,T3N:installed-label;T3N:transparent-map-label,tier2,High-visibility unresolved field retains a concise installed cartographic label. It is explicitly not presented as an attested ancient settlement name.
kyrenia,priority_anatolia,Makaria,tier2_wide,conservative_regional_proxy,PLE:707570;PLN:707570/makaria;T2W,tier2,Wide Tier-2 AD 1 Pleiades settlement adapter; period-valid name resource 707570/makaria; nearest installed city field at 2.63px; lower-confidence map proxy.
la_roche,priority_germania_north,Vervigium,tier2_far,conservative_regional_proxy,PLE:109420;PLN:109420/vervigium;T2F,tier2,Far Tier-2 AD 1 Pleiades settlement adapter; period-valid name resource 109420/vervigium; nearest installed city field at 6.97px; far lower-confidence map proxy.
la_rochelle,priority_gaul|priority_roman_gaul,[EU5 vanilla pass-through],roman_vanilla_passthrough,unresolved_vanilla_passthrough,P10;PLE,contested,The Roman identity audit found no sufficiently secure AD 1 field identity. Runtime localization deliberately falls through to EU5 vanilla instead of emitting a synthetic name.
ladik_pontus,priority_anatolia,Amaseia,tier2_far,conservative_regional_proxy,PLE:857018;PLN:857018/amaseia-1;T2F,tier2,Far Tier-2 AD 1 Pleiades settlement adapter; period-valid name resource 857018/amaseia-1; nearest installed city field at 9.94px; far lower-confidence map proxy.
lahore,priority_india|priority_india_hindustan,Lahore,priority_proxy,transparent_map_fallback,T3N:installed-label;T3N:transparent-map-label,tier2,High-visibility unresolved field retains a concise installed cartographic label. It is explicitly not presented as an attested ancient settlement name.
lahri,priority_india_west,Lahri,priority_proxy,transparent_map_fallback,T3N:installed-label;T3N:transparent-map-label,tier2,High-visibility unresolved field retains a concise installed cartographic label. It is explicitly not presented as an attested ancient settlement name.
laibin,priority_han_south,Láibīn,priority_proxy,transparent_map_fallback,T3N:installed-label;T3N:transparent-map-label,tier2,High-visibility unresolved field retains a concise installed cartographic label. It is explicitly not presented as an attested ancient settlement name.
lakhiyarvira,capital|priority_india_west,Kutch island coast and salt-marsh corridors,priority_proxy,conservative_regional_proxy,ASI-WESTERN-INDIA;UOA-PERIPLUS;BM-TRIBAL-COINS;P8.4;GEO-PROXY,tier2,High-visibility capital replacement for a synthetic Tier-3 form. KCH roster capital/territorial label on its documented engine proxy; the engine field is a documented proxy and not an exact settlement polygon.
laling,priority_india_central,Laling,priority_proxy,transparent_map_fallback,T3N:installed-label;T3N:transparent-map-label,tier2,High-visibility unresolved field retains a concise installed cartographic label. It is explicitly not presented as an attested ancient settlement name.
landshut,priority_germania,Landshut,priority_proxy,transparent_map_fallback,T3N:installed-label;T3N:transparent-map-label,tier2,High-visibility unresolved field retains a concise installed cartographic label. It is explicitly not presented as an attested ancient settlement name.
lapai,priority_west_africa_guinea,Lapai,priority_proxy,transparent_map_fallback,T3N:installed-label;T3N:transparent-map-label,tier2,High-visibility unresolved field retains a concise installed cartographic label. It is explicitly not presented as an attested ancient settlement name.
lapseki,priority_anatolia|priority_roman_anatolia,Kenchreai,tier2_remote,conservative_regional_proxy,PLE:550635;PLN:550635/kenchreai;T2R,tier2,Remote Tier-2 AD 1 Pleiades settlement adapter; period-valid name resource 550635/kenchreai; nearest installed city field at 4.64px; remote lower-confidence map proxy.
larino,priority_italy|priority_roman_italy,Uscosium,tier2_wide,conservative_regional_proxy,PLE:433177;PLN:433177/uscosium;T2W,tier2,Wide Tier-2 AD 1 Pleiades settlement adapter; period-valid name resource 433177/uscosium; nearest installed city field at 2.65px; lower-confidence map proxy.
larissa,priority_roman_balkans,Larisa,curated,attested,PLE;P8.1,secure,Secure Roman-period city form.
larnaca,priority_anatolia,Amathous,tier2_far,conservative_regional_proxy,PLE:707462;PLN:707462/amathous;T2F,tier2,Far Tier-2 AD 1 Pleiades settlement adapter; period-valid name resource 707462/amathous; nearest installed city field at 8.10px; far lower-confidence map proxy.
lathi,priority_india_west,Lathi,priority_proxy,transparent_map_fallback,T3N:installed-label;T3N:transparent-map-label,tier2,High-visibility unresolved field retains a concise installed cartographic label. It is explicitly not presented as an attested ancient settlement name.
lausanne,priority_germania_south,[EU5 vanilla pass-through],roman_vanilla_passthrough,unresolved_vanilla_passthrough,P10;PLE,contested,The Roman identity audit found no sufficiently secure AD 1 field identity. Runtime localization deliberately falls through to EU5 vanilla instead of emitting a synthetic name.
lavaur,priority_gaul,Hebromagus,tier2_remote,conservative_regional_proxy,PLE:246413;PLN:246413/hebromagus;T2R,tier2,Remote Tier-2 AD 1 Pleiades settlement adapter; period-valid name resource 246413/hebromagus; nearest installed city field at 4.64px; remote lower-confidence map proxy.
lazkiye,priority_anatolia|priority_roman_anatolia,Aphrodisias,tier2_remote,conservative_regional_proxy,PLE:638753;PLN:638753/aphrodisias;T2R,tier2,Remote Tier-2 AD 1 Pleiades settlement adapter; period-valid name resource 638753/aphrodisias; nearest installed city field at 5.28px; remote lower-confidence map proxy.
le_faou,priority_gaul|priority_roman|priority_roman_gaul,[EU5 vanilla pass-through],roman_vanilla_passthrough,unresolved_vanilla_passthrough,P10;PLE,contested,The Roman identity audit found no sufficiently secure AD 1 field identity. Runtime localization deliberately falls through to EU5 vanilla instead of emitting a synthetic name.
lecce,priority_italy|priority_roman_italy,Lupiae,curated,attested,PLE:442642,secure,Pleiades exact Lupia(e) city point at 40.35215 18.17243; Roman-period Latin form retained
lectoure,priority_gaul|priority_roman_gaul,Elimberrum,tier2_remote,conservative_regional_proxy,PLE:246379;PLN:246379/elimberrum;T2R,tier2,Remote Tier-2 AD 1 Pleiades settlement adapter; period-valid name resource 246379/elimberrum; nearest installed city field at 5.54px; remote lower-confidence map proxy.
leer,priority_germania|priority_germania_north,Leer,priority_proxy,transparent_map_fallback,T3N:installed-label;T3N:transparent-map-label,tier2,High-visibility unresolved field retains a concise installed cartographic label. It is explicitly not presented as an attested ancient settlement name.
legnago,priority_italy|priority_roman_italy,[EU5 vanilla pass-through],roman_vanilla_passthrough,unresolved_vanilla_passthrough,P10;PLE,contested,The Roman identity audit found no sufficiently secure AD 1 field identity. Runtime localization deliberately falls through to EU5 vanilla instead of emitting a synthetic name.
legnano,priority_italy|priority_roman_italy,[EU5 vanilla pass-through],roman_vanilla_passthrough,unresolved_vanilla_passthrough,P10;PLE,contested,The Roman identity audit found no sufficiently secure AD 1 field identity. Runtime localization deliberately falls through to EU5 vanilla instead of emitting a synthetic name.
legnica,capital|priority_germania_baltic,Western Silesian communities,priority_proxy,conservative_regional_proxy,P8.7;TAC-GER;OCD-GER;PLE;GEO-PROXY,tier2,High-visibility capital replacement for a synthetic Tier-3 form. MIM roster capital/territorial label on its documented engine proxy; the engine field is a documented proxy and not an exact settlement polygon.
leibnitz,priority_germania_south,[EU5 vanilla pass-through],roman_vanilla_passthrough,unresolved_vanilla_passthrough,P10;PLE,contested,The Roman identity audit found no sufficiently secure AD 1 field identity. Runtime localization deliberately falls through to EU5 vanilla instead of emitting a synthetic name.
leicester,capital,Ratae,curated,attested,PLE:79651;P8.7,secure,Pleiades direct Ratae settlement point at 52.63474 -1.13538
leipzig,priority_germania|priority_germania_north,Leipzig,priority_proxy,transparent_map_fallback,T3N:installed-label;T3N:transparent-map-label,tier2,High-visibility unresolved field retains a concise installed cartographic label. It is explicitly not presented as an attested ancient settlement name.
lens,priority_gaul|priority_roman_gaul,[EU5 vanilla pass-through],roman_vanilla_passthrough,unresolved_vanilla_passthrough,P10;PLE,contested,The Roman identity audit found no sufficiently secure AD 1 field identity. Runtime localization deliberately falls through to EU5 vanilla instead of emitting a synthetic name.
lezha,priority_roman_balkans,Lissus,tier2_remote,conservative_regional_proxy,PLE:481896;PLN:481896/lissus;T2R,tier2,Remote Tier-2 AD 1 Pleiades settlement adapter; period-valid name resource 481896/lissus; nearest installed city field at 4.40px; remote lower-confidence map proxy.
lezhi,priority_han_west,Lèzhì,priority_proxy,transparent_map_fallback,T3N:installed-label;T3N:transparent-map-label,tier2,High-visibility unresolved field retains a concise installed cartographic label. It is explicitly not presented as an attested ancient settlement name.
lhasa,capital,Qugong Valley,qualified,conservative_regional_proxy,ANT-BANGGA;CAM-TIB-ARCH;P8.8,tier2,Qualified central Tsangpo archaeological-geographic anchor near the Qugong settlement zone rather than the later Lhasa name or a claim that the engine polygon is the excavation.
lianzhou,priority_han_south,Liánzhōu,priority_proxy,transparent_map_fallback,T3N:installed-label;T3N:transparent-map-label,tier2,High-visibility unresolved field retains a concise installed cartographic label. It is explicitly not presented as an attested ancient settlement name.
libourne,priority_gaul|priority_roman_gaul,Vodollacum,tier2_ultra,conservative_regional_proxy,PLE:138664;PLN:138664/vodollacum;T2U,tier2,Ultra-far Tier-2 AD 1 Pleiades settlement adapter; period-valid name resource 138664/vodollacum; nearest installed city field at 12.36px; ultra-far lower-confidence map proxy.
lichtenberg,priority_germania_south,[EU5 vanilla pass-through],roman_vanilla_passthrough,unresolved_vanilla_passthrough,P10;PLE,contested,The Roman identity audit found no sufficiently secure AD 1 field identity. Runtime localization deliberately falls through to EU5 vanilla instead of emitting a synthetic name.
liege,priority_gaul|priority_germania_north,Atuatuca,tier2_far,conservative_regional_proxy,PLE:108765;PLN:108765/atuatuca-1;T2F,tier2,Far Tier-2 AD 1 Pleiades settlement adapter; period-valid name resource 108765/atuatuca-1; nearest installed city field at 6.82px; far lower-confidence map proxy.
lienz,priority_germania_south,[EU5 vanilla pass-through],roman_vanilla_passthrough,unresolved_vanilla_passthrough,P10;PLE,contested,The Roman identity audit found no sufficiently secure AD 1 field identity. Runtime localization deliberately falls through to EU5 vanilla instead of emitting a synthetic name.
lille,priority_gaul|priority_germania_north,Viroviacum,tier2_far,conservative_regional_proxy,PLE:109439;PLN:109439/viroviacum;T2F,tier2,Far Tier-2 AD 1 Pleiades settlement adapter; period-valid name resource 109439/viroviacum; nearest installed city field at 7.61px; far lower-confidence map proxy.
limassol,priority_anatolia,Anogyra,tier2_remote,conservative_regional_proxy,PLE:707466;PLN:707466/anogyra;T2R,tier2,Remote Tier-2 AD 1 Pleiades settlement adapter; period-valid name resource 707466/anogyra; nearest installed city field at 3.66px; remote lower-confidence map proxy.
limbdi,priority_india_west,Limbdi,priority_proxy,transparent_map_fallback,T3N:installed-label;T3N:transparent-map-label,tier2,High-visibility unresolved field retains a concise installed cartographic label. It is explicitly not presented as an attested ancient settlement name.
limbourg,priority_germania_north,[EU5 vanilla pass-through],roman_vanilla_passthrough,unresolved_vanilla_passthrough,P10;PLE,contested,The Roman identity audit found no sufficiently secure AD 1 field identity. Runtime localization deliberately falls through to EU5 vanilla instead of emitting a synthetic name.
limerick,capital,South-central Hibernia,priority_proxy,conservative_regional_proxy,P8.7;PTO-GEO-II1;DARCY-IRE;GEO-PROXY,tier2,High-visibility capital replacement for a synthetic Tier-3 form. USD roster capital/territorial label on its documented engine proxy; the engine field is a documented proxy and not an exact settlement polygon.
linchuan,priority_han|priority_han_east,Línchuān,priority_proxy,transparent_map_fallback,T3N:installed-label;T3N:transparent-map-label,tier2,High-visibility unresolved field retains a concise installed cartographic label. It is explicitly not presented as an attested ancient settlement name.
linde,priority_germania_scandinavia,Linde,priority_proxy,transparent_map_fallback,T3N:installed-label;T3N:transparent-map-label,tier2,High-visibility unresolved field retains a concise installed cartographic label. It is explicitly not presented as an attested ancient settlement name.
lindi,capital,Rhapta,tier2_far,conservative_regional_proxy,PLE:39414;PLN:39414/rhapta;T2F,tier2,Far Tier-2 AD 1 Pleiades settlement adapter; period-valid name resource 39414/rhapta; nearest installed city field at 9.06px; far lower-confidence map proxy.
lingao,priority_han|priority_han_south,Língāo,priority_proxy,transparent_map_fallback,T3N:installed-label;T3N:transparent-map-label,tier2,High-visibility unresolved field retains a concise installed cartographic label. It is explicitly not presented as an attested ancient settlement name.
lingfang,priority_han_south,Lǐngfāng,priority_proxy,transparent_map_fallback,T3N:installed-label;T3N:transparent-map-label,tier2,High-visibility unresolved field retains a concise installed cartographic label. It is explicitly not presented as an attested ancient settlement name.
lingshanwei,priority_han|priority_han_north,Língshānwèi,priority_proxy,transparent_map_fallback,T3N:installed-label;T3N:transparent-map-label,tier2,High-visibility unresolved field retains a concise installed cartographic label. It is explicitly not presented as an attested ancient settlement name.
linguere,priority_west_africa_guinea,Linguère,priority_proxy,transparent_map_fallback,T3N:installed-label;T3N:transparent-map-label,tier2,High-visibility unresolved field retains a concise installed cartographic label. It is explicitly not presented as an attested ancient settlement name.
linhe,priority_han_south,Línhè,priority_proxy,transparent_map_fallback,T3N:installed-label;T3N:transparent-map-label,tier2,High-visibility unresolved field retains a concise installed cartographic label. It is explicitly not presented as an attested ancient settlement name.
linhuai,priority_han|priority_han_east,Línhuái,priority_proxy,transparent_map_fallback,T3N:installed-label;T3N:transparent-map-label,tier2,High-visibility unresolved field retains a concise installed cartographic label. It is explicitly not presented as an attested ancient settlement name.
linhuan,priority_han|priority_han_east,Línhuàn,priority_proxy,transparent_map_fallback,T3N:installed-label;T3N:transparent-map-label,tier2,High-visibility unresolved field retains a concise installed cartographic label. It is explicitly not presented as an attested ancient settlement name.
linkoping,priority_germania|priority_germania_scandinavia,Linköping,priority_proxy,transparent_map_fallback,T3N:installed-label;T3N:transparent-map-label,tier2,High-visibility unresolved field retains a concise installed cartographic label. It is explicitly not presented as an attested ancient settlement name.
lintong,priority_han_west,Líntóng,priority_proxy,transparent_map_fallback,T3N:installed-label;T3N:transparent-map-label,tier2,High-visibility unresolved field retains a concise installed cartographic label. It is explicitly not presented as an attested ancient settlement name.
linz,priority_germania_south,[EU5 vanilla pass-through],roman_vanilla_passthrough,unresolved_vanilla_passthrough,P10;PLE,contested,The Roman identity audit found no sufficiently secure AD 1 field identity. Runtime localization deliberately falls through to EU5 vanilla instead of emitting a synthetic name.
liquan,priority_han_west,Lǐquán,priority_proxy,transparent_map_fallback,T3N:installed-label;T3N:transparent-map-label,tier2,High-visibility unresolved field retains a concise installed cartographic label. It is explicitly not presented as an attested ancient settlement name.
lisbon,priority_roman|priority_roman_iberia|urban_node,Olisipo,curated,attested,PLE:256338,secure,Pleiades exact Olisipo city point at 38.70717 -9.13551; reviewed against the installed Lisbon location
lisieux,priority_gaul,Noviomagus Lexoviorum,tier2_far,conservative_regional_proxy,PLE:69540;PLN:69540/noviomagus-lexoviorum;T2F,tier2,Far Tier-2 AD 1 Pleiades settlement adapter; period-valid name resource 69540/noviomagus-lexoviorum; nearest installed city field at 6.60px; far lower-confidence map proxy.
lisle_jourdain,priority_gaul,[EU5 vanilla pass-through],roman_vanilla_passthrough,unresolved_vanilla_passthrough,P10;PLE,contested,The Roman identity audit found no sufficiently secure AD 1 field identity. Runtime localization deliberately falls through to EU5 vanilla instead of emitting a synthetic name.
liucheng,priority_han_south,Liǔchéng,priority_proxy,transparent_map_fallback,T3N:installed-label;T3N:transparent-map-label,tier2,High-visibility unresolved field retains a concise installed cartographic label. It is explicitly not presented as an attested ancient settlement name.
liujiang,priority_han_west,Liújiāng,priority_proxy,transparent_map_fallback,T3N:installed-label;T3N:transparent-map-label,tier2,High-visibility unresolved field retains a concise installed cartographic label. It is explicitly not presented as an attested ancient settlement name.
livorno,priority_italy|priority_roman_italy,Vada Volaterrana,tier2_wide,conservative_regional_proxy,PLE:403288;PLN:403288/vada-volaterrana;T2W,tier2,Wide Tier-2 AD 1 Pleiades settlement adapter; period-valid name resource 403288/vada-volaterrana; nearest installed city field at 3.16px; lower-confidence map proxy.
liyang,priority_han|priority_han_east,Lìyáng,priority_proxy,transparent_map_fallback,T3N:installed-label;T3N:transparent-map-label,tier2,High-visibility unresolved field retains a concise installed cartographic label. It is explicitly not presented as an attested ancient settlement name.
ljubljana,priority_roman_balkans,[EU5 vanilla pass-through],roman_vanilla_passthrough,unresolved_vanilla_passthrough,P10;PLE,contested,The Roman identity audit found no sufficiently secure AD 1 field identity. Runtime localization deliberately falls through to EU5 vanilla instead of emitting a synthetic name.
lleida,priority_roman_iberia,Ilerda,curated,attested,PLE,secure,Direct Roman-period city form for the installed Lleida location
lodi,priority_italy|priority_roman_italy,Placentia,tier2_far,conservative_regional_proxy,PLE:383741;PLN:383741/placentia;T2F,tier2,Far Tier-2 AD 1 Pleiades settlement adapter; period-valid name resource 383741/placentia; nearest installed city field at 10.52px; far lower-confidence map proxy.
lomello,priority_italy|priority_roman_italy,Forum Fulvii Valentinum,tier2_far,conservative_regional_proxy,PLE:383651;PLN:383651/forum-fulvii-valentinum;T2F,tier2,Far Tier-2 AD 1 Pleiades settlement adapter; period-valid name resource 383651/forum-fulvii-valentinum; nearest installed city field at 6.37px; far lower-confidence map proxy.
longyou_jiading,priority_han_west,Lóngyóu,priority_proxy,transparent_map_fallback,T3N:installed-label;T3N:transparent-map-label,tier2,High-visibility unresolved field retains a concise installed cartographic label. It is explicitly not presented as an attested ancient settlement name.
loree,capital,Lore-Poso,priority_proxy,conservative_regional_proxy,UNESCO-LORE;SPAFA-TOPOGARO;GEO-PROXY,tier2,High-visibility capital replacement for a synthetic Tier-3 form. LRP roster capital/territorial label on its documented engine proxy; the engine field is a documented proxy and not an exact settlement polygon.
louhans,priority_gaul|priority_roman_gaul,[EU5 vanilla pass-through],roman_vanilla_passthrough,unresolved_vanilla_passthrough,P10;PLE,contested,The Roman identity audit found no sufficiently secure AD 1 field identity. Runtime localization deliberately falls through to EU5 vanilla instead of emitting a synthetic name.
loulan,capital,Loulan,curated,attested,CAM-LOU;P8.3,secure,Cambridge radiocarbon study confirms an exact AD 1 Loulan city-oasis context; conventional period form retained.
louviers,priority_gaul|priority_roman_gaul,Uggate,tier2_far,conservative_regional_proxy,PLE:109401;PLN:109401/uggate;T2F,tier2,Far Tier-2 AD 1 Pleiades settlement adapter; period-valid name resource 109401/uggate; nearest installed city field at 6.09px; far lower-confidence map proxy.
lubawa,priority_germania_baltic,Lubawa,priority_proxy,transparent_map_fallback,T3N:installed-label;T3N:transparent-map-label,tier2,High-visibility unresolved field retains a concise installed cartographic label. It is explicitly not presented as an attested ancient settlement name.
lubeck,capital|priority_germania|priority_germania_north,Lubeck communities,priority_proxy,conservative_regional_proxy,P8.7;STR-GER;TAC-GER;OCD-GER;PLE;GEO-PROXY,tier2,High-visibility capital replacement for a synthetic Tier-3 form. CPS roster capital/territorial label on its documented engine proxy; the engine field is a documented proxy and not an exact settlement polygon.
lucca,priority_italy|priority_roman_italy,Luca,curated,attested,PLE:403234,secure,Pleiades exact Luca city point at 43.84184 10.50703; reviewed against the installed Lucca location
lucera,priority_italy|priority_roman_italy,Luceria,tier2_far,conservative_regional_proxy,PLE:442640;PLN:442640/luceria;T2F,tier2,Far Tier-2 AD 1 Pleiades settlement adapter; period-valid name resource 442640/luceria; nearest installed city field at 6.62px; far lower-confidence map proxy.
lucerne,priority_germania_south,[EU5 vanilla pass-through],roman_vanilla_passthrough,unresolved_vanilla_passthrough,P10;PLE,contested,The Roman identity audit found no sufficiently secure AD 1 field identity. Runtime localization deliberately falls through to EU5 vanilla instead of emitting a synthetic name.
lucknow,priority_india|priority_india_hindustan,Lucknow,priority_proxy,transparent_map_fallback,T3N:installed-label;T3N:transparent-map-label,tier2,High-visibility unresolved field retains a concise installed cartographic label. It is explicitly not presented as an attested ancient settlement name.
lulea,priority_germania_scandinavia,Luleå,priority_proxy,transparent_map_fallback,T3N:installed-label;T3N:transparent-map-label,tier2,High-visibility unresolved field retains a concise installed cartographic label. It is explicitly not presented as an attested ancient settlement name.
lund,capital|priority_germania|priority_germania_scandinavia,Scania and Halland,priority_proxy,conservative_regional_proxy,PTO-GEO-II11;OCD-GER;GEO-PROXY,tier2,High-visibility capital replacement for a synthetic Tier-3 form. SKN roster capital/territorial label on its documented engine proxy; the engine field is a documented proxy and not an exact settlement polygon.
luoyang,priority_han|priority_han_north|top_city|urban_node,Luoyang,curated,attested,BHR;P12.2;P8.3,secure,Direct Han metropolitan city name
luxembourg,priority_germania_north,Andethanna,tier2_remote,conservative_regional_proxy,PLE:108743;PLN:108743/andethanna;T2R,tier2,Remote Tier-2 AD 1 Pleiades settlement adapter; period-valid name resource 108743/andethanna; nearest installed city field at 3.81px; remote lower-confidence map proxy.
luzhou,priority_han_west,Lúzhōu,priority_proxy,transparent_map_fallback,T3N:installed-label;T3N:transparent-map-label,tier2,High-visibility unresolved field retains a concise installed cartographic label. It is explicitly not presented as an attested ancient settlement name.
lviv,capital,Red-Ruthenian Lipița material group,priority_proxy,conservative_regional_proxy,AAC-LIPITA;P8.7;GEO-PROXY,tier2,High-visibility capital replacement for a synthetic Tier-3 form. RLG roster capital/territorial label on its documented engine proxy; the engine field is a documented proxy and not an exact settlement polygon.
lyon,priority_gaul|priority_roman|priority_roman_gaul|top_city|urban_node,Lugdunum,curated,attested,PLE;P12.2;P8.1,secure,Direct Roman Gallic city name
maba_celebes,capital,Island Southeast Asia,qualified,conservative_regional_proxy,P8.9;CAH-XI,tier2,Qualified island-Southeast-Asian society anchor rather than a reconstructed capital.
macerata,priority_italy|priority_roman_italy,Aesis,tier2_wide,conservative_regional_proxy,PLE:413002;PLN:413002/aesis;T2W,tier2,Wide Tier-2 AD 1 Pleiades settlement adapter; period-valid name resource 413002/aesis; nearest installed city field at 3.14px; lower-confidence map proxy.
macina,priority_west_africa|priority_west_africa_sahel,Macina,priority_proxy,transparent_map_fallback,T3N:installed-label;T3N:transparent-map-label,tier2,High-visibility unresolved field retains a concise installed cartographic label. It is explicitly not presented as an attested ancient settlement name.
madakalapu,priority_india_deccan,Madakalapu,priority_proxy,transparent_map_fallback,T3N:installed-label;T3N:transparent-map-label,tier2,High-visibility unresolved field retains a concise installed cartographic label. It is explicitly not presented as an attested ancient settlement name.
madhubani,priority_india_bengal,Madhubani,priority_proxy,transparent_map_fallback,T3N:installed-label;T3N:transparent-map-label,tier2,High-visibility unresolved field retains a concise installed cartographic label. It is explicitly not presented as an attested ancient settlement name.
madras,priority_india_deccan,Pandipatna,tier2_remote,conservative_regional_proxy,PLE:50202;PLN:50202/pandipatna;T2R,tier2,Remote Tier-2 AD 1 Pleiades settlement adapter; period-valid name resource 50202/pandipatna; nearest installed city field at 3.45px; remote lower-confidence map proxy.
madurai,capital|priority_india|priority_india_deccan,Modoura,tier2_far,conservative_regional_proxy,PLE:50138;PLN:50138/modoura;T2F,tier2,Far Tier-2 AD 1 Pleiades settlement adapter; period-valid name resource 50138/modoura; nearest installed city field at 11.18px; far lower-confidence map proxy.
maduranthakam,priority_india_deccan,Sopatma,tier2_far,conservative_regional_proxy,PLE:50278;PLN:50278/sopatma;T2F,tier2,Far Tier-2 AD 1 Pleiades settlement adapter; period-valid name resource 50278/sopatma; nearest installed city field at 7.43px; far lower-confidence map proxy.
madwas,priority_india_central,Madwas,priority_proxy,transparent_map_fallback,T3N:installed-label;T3N:transparent-map-label,tier2,High-visibility unresolved field retains a concise installed cartographic label. It is explicitly not presented as an attested ancient settlement name.
magdeburg,priority_germania|priority_germania_north,Magdeburg,priority_proxy,transparent_map_fallback,T3N:installed-label;T3N:transparent-map-label,tier2,High-visibility unresolved field retains a concise installed cartographic label. It is explicitly not presented as an attested ancient settlement name.
magway,capital,Pyu Cities,qualified,conservative_regional_proxy,P8.9;CAH-XI,tier2,Qualified Pyu regional anchor rather than a claim about the later Magway name.
mahatittha,priority_india_deccan,Mahatittha,priority_proxy,transparent_map_fallback,T3N:installed-label;T3N:transparent-map-label,tier2,High-visibility unresolved field retains a concise installed cartographic label. It is explicitly not presented as an attested ancient settlement name.
mahdia,priority_roman_maghreb,Bararus,tier2_remote,conservative_regional_proxy,PLE:324673;PLN:324673/bararus;T2R,tier2,Remote Tier-2 AD 1 Pleiades settlement adapter; period-valid name resource 324673/bararus; nearest installed city field at 3.49px; remote lower-confidence map proxy.
maheshwar,priority_india_central,Maheshwar,priority_proxy,transparent_map_fallback,T3N:installed-label;T3N:transparent-map-label,tier2,High-visibility unresolved field retains a concise installed cartographic label. It is explicitly not presented as an attested ancient settlement name.
mahoba,priority_india|priority_india_central,Mahoba,priority_proxy,transparent_map_fallback,T3N:installed-label;T3N:transparent-map-label,tier2,High-visibility unresolved field retains a concise installed cartographic label. It is explicitly not presented as an attested ancient settlement name.
maimbung,capital,Sulu Archipelago,priority_proxy,conservative_regional_proxy,NMP-PH-METAL;NMP-PH-JARS;BELLINA-SHK;GEO-PROXY,tier2,High-visibility capital replacement for a synthetic Tier-3 form. SLU roster capital/territorial label on its documented engine proxy; the engine field is a documented proxy and not an exact settlement polygon.
mainz,priority_germania,Mogontiacum,curated,attested,MZ-MOG;PLE;P8.1,secure,Secure Roman legionary-base and city form.
makanpur,priority_india|priority_india_hindustan,Makanpur,priority_proxy,transparent_map_fallback,T3N:installed-label;T3N:transparent-map-label,tier2,High-visibility unresolved field retains a concise installed cartographic label. It is explicitly not presented as an attested ancient settlement name.
makar,capital,Sarangani,priority_proxy,conservative_regional_proxy,CCP-MAITUM;NMP-PH-JARS;GEO-PROXY,tier2,High-visibility capital replacement for a synthetic Tier-3 form. MTT roster capital/territorial label on its documented engine proxy; the engine field is a documented proxy and not an exact settlement polygon.
maksi,priority_india_central,Maksi,priority_proxy,transparent_map_fallback,T3N:installed-label;T3N:transparent-map-label,tier2,High-visibility unresolved field retains a concise installed cartographic label. It is explicitly not presented as an attested ancient settlement name.
makuda,priority_japan,Makuda,priority_proxy,transparent_map_fallback,T3N:installed-label;T3N:transparent-map-label,tier2,High-visibility unresolved field retains a concise installed cartographic label. It is explicitly not presented as an attested ancient settlement name.
malabang,capital,Lanao,priority_proxy,conservative_regional_proxy,NMP-PH-METAL;NMP-PH-JARS;GEO-PROXY,tier2,High-visibility capital replacement for a synthetic Tier-3 form. LNO roster capital/territorial label on its documented engine proxy; the engine field is a documented proxy and not an exact settlement polygon.
malacatos,capital,Loja and Catamayo valleys,priority_proxy,conservative_regional_proxy,GUFFROY-LOJA;OGBURN-LOJA;P8.10;GEO-PROXY,tier2,High-visibility capital replacement for a synthetic Tier-3 form. LRC roster capital/territorial label on its documented engine proxy; the engine field is a documented proxy and not an exact settlement polygon.
malaga,priority_roman_iberia,Suel,tier2_remote,conservative_regional_proxy,PLE:266055;PLN:266055/suel;T2R,tier2,Remote Tier-2 AD 1 Pleiades settlement adapter; period-valid name resource 266055/suel; nearest installed city field at 4.83px; remote lower-confidence map proxy.
malatya,priority_anatolia,Leugaisa,tier2_wide,conservative_regional_proxy,PLE:629027;PLN:629027/leugaisa;T2W,tier2,Wide Tier-2 AD 1 Pleiades settlement adapter; period-valid name resource 629027/leugaisa; nearest installed city field at 1.67px; lower-confidence map proxy.
malbork,priority_germania_baltic,Malbork,priority_proxy,transparent_map_fallback,T3N:installed-label;T3N:transparent-map-label,tier2,High-visibility unresolved field retains a concise installed cartographic label. It is explicitly not presented as an attested ancient settlement name.
male_atoll,capital,Central Maldivian Atolls,qualified,conservative_regional_proxy,CAM-MALDIVES;P8.4,tier2,Qualified atoll-network anchor rather than the later Male sultanate capital or a securely dated AD 1 settlement.
malekan,capital,Gazae,tier2_far,conservative_regional_proxy,PLE:884148;PLN:884148/gazae;T2F,tier2,Far Tier-2 AD 1 Pleiades settlement adapter; period-valid name resource 884148/gazae; nearest installed city field at 7.17px; far lower-confidence map proxy.
malinithan,priority_india_bengal,Malinithan,priority_proxy,transparent_map_fallback,T3N:installed-label;T3N:transparent-map-label,tier2,High-visibility unresolved field retains a concise installed cartographic label. It is explicitly not presented as an attested ancient settlement name.
malmo,priority_germania|priority_germania_scandinavia,Malmö,priority_proxy,transparent_map_fallback,T3N:installed-label;T3N:transparent-map-label,tier2,High-visibility unresolved field retains a concise installed cartographic label. It is explicitly not presented as an attested ancient settlement name.
malong_qujing,priority_han_south,Mǎlóng,priority_proxy,transparent_map_fallback,T3N:installed-label;T3N:transparent-map-label,tier2,High-visibility unresolved field retains a concise installed cartographic label. It is explicitly not presented as an attested ancient settlement name.
malpura,priority_india|priority_india_west,Malpura,priority_proxy,transparent_map_fallback,T3N:installed-label;T3N:transparent-map-label,tier2,High-visibility unresolved field retains a concise installed cartographic label. It is explicitly not presented as an attested ancient settlement name.
malta,priority_italy|priority_roman_italy,[EU5 vanilla pass-through],roman_vanilla_passthrough,unresolved_vanilla_passthrough,P10;PLE,contested,The Roman identity audit found no sufficiently secure AD 1 field identity. Runtime localization deliberately falls through to EU5 vanilla instead of emitting a synthetic name.
manacor,priority_roman_iberia,Guium,tier2,conservative_regional_proxy,PLE:265906;PLN:265906/guium;T2,tier2,Tier-2 AD 1 Pleiades settlement adapter; period-valid name resource 265906/guium; nearest installed city field at 1.50px; lower-confidence map proxy.
manado,capital,North Sulawesi Peninsula,priority_proxy,conservative_regional_proxy,ANU-SULAWESI;GEO-PROXY,tier2,High-visibility capital replacement for a synthetic Tier-3 form. MNH roster capital/territorial label on its documented engine proxy; the engine field is a documented proxy and not an exact settlement polygon.
manaos,capital,Solimoes–Negro Floodplain,qualified,conservative_regional_proxy,SA-EXPANSIONS;ACUTUBA-CHRON;R5-GEOGRAPHY,tier2,Qualified geographic campaign anchor; no unattested AD 1 settlement name or later polity is asserted Round 5 researched geography replaces the installed or descriptive fallback.
mandalgarh,priority_india_west,Mandalgarh,priority_proxy,transparent_map_fallback,T3N:installed-label;T3N:transparent-map-label,tier2,High-visibility unresolved field retains a concise installed cartographic label. It is explicitly not presented as an attested ancient settlement name.
mandaragirau,priority_west_africa|priority_west_africa_sahel,Mandaragirau,priority_proxy,transparent_map_fallback,T3N:installed-label;T3N:transparent-map-label,tier2,High-visibility unresolved field retains a concise installed cartographic label. It is explicitly not presented as an attested ancient settlement name.
mandla,capital,Upper Narmada Corridor,qualified,conservative_regional_proxy,CAM-CENTRAL-INDIA-MEGALITHS;P8.4,tier2,Qualified archaeological-geographic anchor rather than the later Mandla town or a recovered capital. Concise period geography replaces the descriptive campaign-label formula.
mandsaur,priority_india_central,Mandsaur,priority_proxy,transparent_map_fallback,T3N:installed-label;T3N:transparent-map-label,tier2,High-visibility unresolved field retains a concise installed cartographic label. It is explicitly not presented as an attested ancient settlement name.
mane,priority_west_africa|priority_west_africa_sahel,Mané,priority_proxy,transparent_map_fallback,T3N:installed-label;T3N:transparent-map-label,tier2,High-visibility unresolved field retains a concise installed cartographic label. It is explicitly not presented as an attested ancient settlement name.
manfalut,priority_roman_egypt,Moirai,tier2_far,conservative_regional_proxy,PLE:756602;PLN:756602/moirai;T2F,tier2,Far Tier-2 AD 1 Pleiades settlement adapter; period-valid name resource 756602/moirai; nearest installed city field at 9.79px; far lower-confidence map proxy.
mangona,priority_italy|priority_roman_italy,[EU5 vanilla pass-through],roman_vanilla_passthrough,unresolved_vanilla_passthrough,P10;PLE,contested,The Roman identity audit found no sufficiently secure AD 1 field identity. Runtime localization deliberately falls through to EU5 vanilla instead of emitting a synthetic name.
mangrol,priority_india_west,Mangrol,priority_proxy,transparent_map_fallback,T3N:installed-label;T3N:transparent-map-label,tier2,High-visibility unresolved field retains a concise installed cartographic label. It is explicitly not presented as an attested ancient settlement name.
manikpur,priority_india|priority_india_hindustan,Manikpur,priority_proxy,transparent_map_fallback,T3N:installed-label;T3N:transparent-map-label,tier2,High-visibility unresolved field retains a concise installed cartographic label. It is explicitly not presented as an attested ancient settlement name.
manisa,priority_anatolia|priority_roman_anatolia,Magnesia ad Sipylum,curated,attested,PLE:550706,secure,Pleiades direct Magnesia ad Sipylum settlement point at 38.61258 27.43340
manora,priority_india_west,Gynaikon Limen,tier2_far,conservative_regional_proxy,PLE:59831;PLN:59831/gynaikon-limen;T2F,tier2,Far Tier-2 AD 1 Pleiades settlement adapter; period-valid name resource 59831/gynaikon-limen; nearest installed city field at 11.64px; far lower-confidence map proxy.
mansoura,priority_roman_egypt,Kynopolis,tier2_far,conservative_regional_proxy,PLE:727144;PLN:727144/kynopolis;T2F,tier2,Far Tier-2 AD 1 Pleiades settlement adapter; period-valid name resource 727144/kynopolis; nearest installed city field at 6.03px; far lower-confidence map proxy.
mantes,priority_gaul,[EU5 vanilla pass-through],roman_vanilla_passthrough,unresolved_vanilla_passthrough,P10;PLE,contested,The Roman identity audit found no sufficiently secure AD 1 field identity. Runtime localization deliberately falls through to EU5 vanilla instead of emitting a synthetic name.
manyas,priority_roman_anatolia,Hadrianouthērai,tier2_far,conservative_regional_proxy,PLE:550560;PLN:550560/hadrianoutherai-1;T2F,tier2,Far Tier-2 AD 1 Pleiades settlement adapter; period-valid name resource 550560/hadrianoutherai-1; nearest installed city field at 8.93px; far lower-confidence map proxy.
maping,priority_han_south,Mǎpíng,priority_proxy,transparent_map_fallback,T3N:installed-label;T3N:transparent-map-label,tier2,High-visibility unresolved field retains a concise installed cartographic label. It is explicitly not presented as an attested ancient settlement name.
maqueda,priority_roman_iberia,[EU5 vanilla pass-through],roman_vanilla_passthrough,unresolved_vanilla_passthrough,P10;PLE,contested,The Roman identity audit found no sufficiently secure AD 1 field identity. Runtime localization deliberately falls through to EU5 vanilla instead of emitting a synthetic name.
maradi,capital,Gobir Tarka plain,priority_proxy,conservative_regional_proxy,JAH-HAUSALAND;JAR-WA-NETWORKS;P8.5;GEO-PROXY,tier2,High-visibility capital replacement for a synthetic Tier-3 form. GTC roster capital/territorial label on its documented engine proxy; the engine field is a documented proxy and not an exact settlement polygon.
marash,priority_anatolia,Maraş,priority_proxy,transparent_map_fallback,T3N:installed-label;T3N:transparent-map-label,tier2,High-visibility unresolved field retains a concise installed cartographic label. It is explicitly not presented as an attested ancient settlement name.
marib,capital,Ma'rib,qualified,conservative_regional_proxy,P8.6;CAH-XI,tier2,Qualified Sabaean anchor using the period Ma'rib form.
maribor,priority_germania_south,Poetovio,tier2_far,conservative_regional_proxy,PLE:197446;PLN:197446/poetovio;T2F,tier2,Far Tier-2 AD 1 Pleiades settlement adapter; period-valid name resource 197446/poetovio; nearest installed city field at 9.25px; far lower-confidence map proxy.
markahuamachuco,capital,Cajamarca and Marcahuamachuco highlands,priority_proxy,conservative_regional_proxy,CWP-ANDES;MET-ANDES-1500;P8.10;GEO-PROXY,tier2,High-visibility capital replacement for a synthetic Tier-3 form. MRH roster capital/territorial label on its documented engine proxy; the engine field is a documented proxy and not an exact settlement polygon.
marmaris,priority_roman_anatolia,Syme,tier2_wide,conservative_regional_proxy,PLE:599950;PLN:599950/syme;T2W,tier2,Wide Tier-2 AD 1 Pleiades settlement adapter; period-valid name resource 599950/syme; nearest installed city field at 2.35px; lower-confidence map proxy.
marsassoum,priority_west_africa_guinea,Marsassoum,priority_proxy,transparent_map_fallback,T3N:installed-label;T3N:transparent-map-label,tier2,High-visibility unresolved field retains a concise installed cartographic label. It is explicitly not presented as an attested ancient settlement name.
marsciano,priority_italy|priority_roman_italy,Perusia,tier2_far,conservative_regional_proxy,PLE:413248;PLN:413248/perusia;T2F,tier2,Far Tier-2 AD 1 Pleiades settlement adapter; period-valid name resource 413248/perusia; nearest installed city field at 10.36px; far lower-confidence map proxy.
marseille,priority_gaul|priority_roman|priority_roman_gaul|urban_node,Massilia,curated,attested,PLE;P12.2;P8.1,secure,Direct Massilia Marseille city name
martaban,urban_node,Mon Coast,qualified,conservative_regional_proxy,P8.9;CAH-XI,tier2,Qualified coastal-region adapter: the installed Martaban field is the project Mon precursor market proxy and must not project the later port name into AD 1.
marte,priority_west_africa|priority_west_africa_sahel,Marte,priority_proxy,transparent_map_fallback,T3N:installed-label;T3N:transparent-map-label,tier2,High-visibility unresolved field retains a concise installed cartographic label. It is explicitly not presented as an attested ancient settlement name.
martinafr,priority_italy|priority_roman_italy,Genusia,tier2_far,conservative_regional_proxy,PLE:442598;PLN:442598/genusia;T2F,tier2,Far Tier-2 AD 1 Pleiades settlement adapter; period-valid name resource 442598/genusia; nearest installed city field at 10.91px; far lower-confidence map proxy.
mashiki,priority_japan,Mashiki,priority_proxy,transparent_map_fallback,T3N:installed-label;T3N:transparent-map-label,tier2,High-visibility unresolved field retains a concise installed cartographic label. It is explicitly not presented as an attested ancient settlement name.
massawa,top_city|urban_node,Adulis,qualified,conservative_regional_proxy,PER;P12.2;P8.5,tier2,Qualified Red-Sea port adapter: the installed Massawa field is the project Adulis harbor proxy rather than an assertion that the later city name applied at AD 1.
massigui,priority_west_africa|priority_west_africa_sahel,Massigui,priority_proxy,transparent_map_fallback,T3N:installed-label;T3N:transparent-map-label,tier2,High-visibility unresolved field retains a concise installed cartographic label. It is explicitly not presented as an attested ancient settlement name.
matano,capital,Matano-Luwu,priority_proxy,conservative_regional_proxy,ANU-SULAWESI;GEO-PROXY,tier2,High-visibility capital replacement for a synthetic Tier-3 form. LWM roster capital/territorial label on its documented engine proxy; the engine field is a documented proxy and not an exact settlement polygon.
mataram,capital,Java,qualified,conservative_regional_proxy,P8.9;CAH-XI,tier2,Qualified early Javanese regional anchor without asserting the later Mataram polity.
matera,priority_italy|priority_roman_italy,Metapontum,tier2_far,conservative_regional_proxy,PLE:442658;PLN:442658/metapontum;T2F,tier2,Far Tier-2 AD 1 Pleiades settlement adapter; period-valid name resource 442658/metapontum; nearest installed city field at 11.26px; far lower-confidence map proxy.
mateur,priority_roman_maghreb,Elephantaria,tier2,conservative_regional_proxy,PLE:314951;PLN:314951/elephantaria;T2,tier2,Tier-2 AD 1 Pleiades settlement adapter; period-valid name resource 314951/elephantaria; nearest installed city field at 0.93px; lower-confidence map proxy.
mathura,capital|priority_india|priority_india_hindustan,Methora,tier2_ultra,conservative_regional_proxy,PLE:59931;PLN:59931/methora;T2U,tier2,Ultra-far Tier-2 AD 1 Pleiades settlement adapter; period-valid name resource 59931/methora; nearest installed city field at 12.06px; ultra-far lower-confidence map proxy.
matruh,priority_roman_egypt,[EU5 vanilla pass-through],roman_vanilla_passthrough,unresolved_vanilla_passthrough,P10;PLE,contested,The Roman identity audit found no sufficiently secure AD 1 field identity. Runtime localization deliberately falls through to EU5 vanilla instead of emitting a synthetic name.
maubeuge,priority_germania_north,Bagacum,tier2_far,conservative_regional_proxy,PLE:108788;PLN:108788/bagacum;T2F,tier2,Far Tier-2 AD 1 Pleiades settlement adapter; period-valid name resource 108788/bagacum; nearest installed city field at 9.78px; far lower-confidence map proxy.
mauganj,priority_india_central,Mauganj,priority_proxy,transparent_map_fallback,T3N:installed-label;T3N:transparent-map-label,tier2,High-visibility unresolved field retains a concise installed cartographic label. It is explicitly not presented as an attested ancient settlement name.
maydh,capital,Mundu,correction,conservative_regional_proxy,PME-BARBARIA;AJA-SOMALILAND,tier2,Installed proxy for Xiis whose offshore islet and archaeology support the Mundu identification.
maynila,capital|urban_node,Luzon Coast,qualified,conservative_regional_proxy,P8.9;CAH-XI,tier2,Qualified archipelago-region adapter: the installed Maynila field is the project Philippine SoP anchor and must not project the later Manila name into AD 1.
mazara,priority_italy|priority_roman|priority_roman_italy,Mazara,tier2_far,conservative_regional_proxy,PLE:462305;PLN:462305/name.2015-12-08.9399720331;T2F,tier2,Far Tier-2 AD 1 Pleiades settlement adapter; period-valid name resource 462305/name.2015-12-08.9399720331; nearest installed city field at 8.39px; far lower-confidence map proxy.
mbanza_kongo,capital,Lower Congo Ngovo horizon,priority_proxy,conservative_regional_proxy,SCI-CONGO-RAINFOREST;NGOVO-GROUP;P8.5;GEO-PROXY,tier2,High-visibility capital replacement for a synthetic Tier-3 form. BNT roster capital/territorial label on its documented engine proxy; the engine field is a documented proxy and not an exact settlement polygon.
mboune,priority_west_africa_guinea,Mboune,priority_proxy,transparent_map_fallback,T3N:installed-label;T3N:transparent-map-label,tier2,High-visibility unresolved field retains a concise installed cartographic label. It is explicitly not presented as an attested ancient settlement name.
meaux,priority_gaul,Iatinon,tier2_far,conservative_regional_proxy,PLE:109059;PLN:109059/iatinon;T2F,tier2,Far Tier-2 AD 1 Pleiades settlement adapter; period-valid name resource 109059/iatinon; nearest installed city field at 7.86px; far lower-confidence map proxy.
mechili,priority_roman_egypt,[EU5 vanilla pass-through],roman_vanilla_passthrough,unresolved_vanilla_passthrough,P10;PLE,contested,The Roman identity audit found no sufficiently secure AD 1 field identity. Runtime localization deliberately falls through to EU5 vanilla instead of emitting a synthetic name.
medak,priority_india_deccan,Medak,priority_proxy,transparent_map_fallback,T3N:installed-label;T3N:transparent-map-label,tier2,High-visibility unresolved field retains a concise installed cartographic label. It is explicitly not presented as an attested ancient settlement name.
medininkai,capital,Western Lithuanian coast,priority_proxy,conservative_regional_proxy,LIT-WLSC;GEO-PROXY,tier2,High-visibility capital replacement for a synthetic Tier-3 form. WSC roster capital/territorial label on its documented engine proxy; the engine field is a documented proxy and not an exact settlement polygon.
medjez_el_bab,priority_roman_maghreb,Tapphugabensis,tier2_wide,conservative_regional_proxy,PLE:315185;PLN:315185/tapphugabensis;T2W,tier2,Wide Tier-2 AD 1 Pleiades settlement adapter; period-valid name resource 315185/tapphugabensis; nearest installed city field at 2.34px; lower-confidence map proxy.
megara,priority_roman_balkans,Boukephalos,tier2_remote,conservative_regional_proxy,PLE:570161;PLN:570161/boukephalos;T2R,tier2,Remote Tier-2 AD 1 Pleiades settlement adapter; period-valid name resource 570161/boukephalos; nearest installed city field at 3.51px; remote lower-confidence map proxy.
meixian,priority_han_west,Méixiàn,priority_proxy,transparent_map_fallback,T3N:installed-label;T3N:transparent-map-label,tier2,High-visibility unresolved field retains a concise installed cartographic label. It is explicitly not presented as an attested ancient settlement name.
meizhou,priority_han_west,Méizhōu,priority_proxy,transparent_map_fallback,T3N:installed-label;T3N:transparent-map-label,tier2,High-visibility unresolved field retains a concise installed cartographic label. It is explicitly not presented as an attested ancient settlement name.
melk,priority_germania_south,[EU5 vanilla pass-through],roman_vanilla_passthrough,unresolved_vanilla_passthrough,P10;PLE,contested,The Roman identity audit found no sufficiently secure AD 1 field identity. Runtime localization deliberately falls through to EU5 vanilla instead of emitting a synthetic name.
memel,priority_germania_baltic,Memel,priority_proxy,transparent_map_fallback,T3N:installed-label;T3N:transparent-map-label,tier2,High-visibility unresolved field retains a concise installed cartographic label. It is explicitly not presented as an attested ancient settlement name.
menehould,priority_gaul|priority_roman_gaul,[EU5 vanilla pass-through],roman_vanilla_passthrough,unresolved_vanilla_passthrough,P10;PLE,contested,The Roman identity audit found no sufficiently secure AD 1 field identity. Runtime localization deliberately falls through to EU5 vanilla instead of emitting a synthetic name.
menemen,priority_roman_anatolia,Klazomenai,tier2_remote,conservative_regional_proxy,PLE:550651;PLN:550651/klazomenai;T2R,tier2,Remote Tier-2 AD 1 Pleiades settlement adapter; period-valid name resource 550651/klazomenai; nearest installed city field at 5.90px; remote lower-confidence map proxy.
mengcheng,priority_han|priority_han_east,Méngchéng,priority_proxy,transparent_map_fallback,T3N:installed-label;T3N:transparent-map-label,tier2,High-visibility unresolved field retains a concise installed cartographic label. It is explicitly not presented as an attested ancient settlement name.
menouf,priority_roman_egypt,Terenouthis,tier2_far,conservative_regional_proxy,PLE:727244;PLN:727244/terenouthis;T2F,tier2,Far Tier-2 AD 1 Pleiades settlement adapter; period-valid name resource 727244/terenouthis; nearest installed city field at 9.89px; far lower-confidence map proxy.
meppen,capital,Ems communities,priority_proxy,conservative_regional_proxy,P8.7;STR-GER;TAC-GER;OCD-GER;PLE;GEO-PROXY,tier2,High-visibility capital replacement for a synthetic Tier-3 form. GMB roster capital/territorial label on its documented engine proxy; the engine field is a documented proxy and not an exact settlement polygon.
meramec,capital,Meramec and lower Missouri corridors,priority_proxy,conservative_regional_proxy,NPS-OZARK-HOPEWELL;MOSHPO-CMO;GEO-PROXY,tier2,High-visibility capital replacement for a synthetic Tier-3 form. MRW roster capital/territorial label on its documented engine proxy; the engine field is a documented proxy and not an exact settlement polygon.
merida,priority_roman|priority_roman_iberia|top_city|urban_node,Emerita Augusta,curated,attested,PLE:256155,secure,Pleiades exact Emerita Augusta city point at 38.91766 -6.34103; reviewed against the installed Merida location
merv,capital|top_city,Antiochia,tier2,conservative_regional_proxy,PLE:961873;PLN:961873/antiochia;T2,tier2,Tier-2 AD 1 Pleiades settlement adapter; period-valid name resource 961873/antiochia; nearest installed city field at 0.49px; lower-confidence map proxy.
merzifon,priority_anatolia,Euchaita,tier2_far,conservative_regional_proxy,PLE:857120;PLN:857120/euchaita-1;T2F,tier2,Far Tier-2 AD 1 Pleiades settlement adapter; period-valid name resource 857120/euchaita-1; nearest installed city field at 7.88px; far lower-confidence map proxy.
meskiana,priority_roman_maghreb,[EU5 vanilla pass-through],roman_vanilla_passthrough,unresolved_vanilla_passthrough,P10;PLE,contested,The Roman identity audit found no sufficiently secure AD 1 field identity. Runtime localization deliberately falls through to EU5 vanilla instead of emitting a synthetic name.
messina,priority_italy|priority_roman_italy,Messana,curated,attested,PLE:462538,secure,Pleiades Zancle Messana city point at 38.19225 15.55663; Roman-period Messana form retained
mestre,priority_italy|priority_roman_italy,Altinum,tier2_far,conservative_regional_proxy,PLE:393374;PLN:393374/altinum;T2F,tier2,Far Tier-2 AD 1 Pleiades settlement adapter; period-valid name resource 393374/altinum; nearest installed city field at 8.12px; far lower-confidence map proxy.
metkovic,priority_roman_balkans,Narona,tier2_far,conservative_regional_proxy,PLE:197400;PLN:197400/narona;T2F,tier2,Far Tier-2 AD 1 Pleiades settlement adapter; period-valid name resource 197400/narona; nearest installed city field at 9.49px; far lower-confidence map proxy.
metz,priority_gaul|priority_roman_gaul,Divodurum,curated,attested,PLE;P8.1,secure,Secure Roman Mediomatrician city form.
mie,priority_japan,Mie,priority_proxy,transparent_map_fallback,T3N:installed-label;T3N:transparent-map-label,tier2,High-visibility unresolved field retains a concise installed cartographic label. It is explicitly not presented as an attested ancient settlement name.
mihalic,priority_anatolia|priority_roman_anatolia,[EU5 vanilla pass-through],roman_vanilla_passthrough,unresolved_vanilla_passthrough,P10;PLE,contested,The Roman identity audit found no sufficiently secure AD 1 field identity. Runtime localization deliberately falls through to EU5 vanilla instead of emitting a synthetic name.
mii,priority_japan,Mii,priority_proxy,transparent_map_fallback,T3N:installed-label;T3N:transparent-map-label,tier2,High-visibility unresolved field retains a concise installed cartographic label. It is explicitly not presented as an attested ancient settlement name.
mikasa,priority_japan,Mikasa,priority_proxy,transparent_map_fallback,T3N:installed-label;T3N:transparent-map-label,tier2,High-visibility unresolved field retains a concise installed cartographic label. It is explicitly not presented as an attested ancient settlement name.
miki,priority_japan,Miki,priority_proxy,transparent_map_fallback,T3N:installed-label;T3N:transparent-map-label,tier2,High-visibility unresolved field retains a concise installed cartographic label. It is explicitly not presented as an attested ancient settlement name.
mila,priority_roman_maghreb,Idicra,tier2_far,conservative_regional_proxy,PLE:305065;PLN:305065/idicra;T2F,tier2,Far Tier-2 AD 1 Pleiades settlement adapter; period-valid name resource 305065/idicra; nearest installed city field at 8.32px; far lower-confidence map proxy.
milano,priority_italy|priority_roman|priority_roman_italy|top_city|urban_node,Mediolanum,curated,attested,PLE:383706,secure,Pleiades exact ancient city point at 45.46375 9.18806; standard Latin display form retained for the installed Milano location
milas,priority_anatolia|priority_roman_anatolia,Karyanda,tier2_wide,conservative_regional_proxy,PLE:599693;PLN:599693/karyanda;T2W,tier2,Wide Tier-2 AD 1 Pleiades settlement adapter; period-valid name resource 599693/karyanda; nearest installed city field at 3.00px; lower-confidence map proxy.
minamimorokata,priority_japan,Minamimorokata,priority_proxy,transparent_map_fallback,T3N:installed-label;T3N:transparent-map-label,tier2,High-visibility unresolved field retains a concise installed cartographic label. It is explicitly not presented as an attested ancient settlement name.
mingshui,priority_han|priority_han_north,Míngshuǐ,priority_proxy,transparent_map_fallback,T3N:installed-label;T3N:transparent-map-label,tier2,High-visibility unresolved field retains a concise installed cartographic label. It is explicitly not presented as an attested ancient settlement name.
minsk,capital,Upper Dnieper-Dvina material group,priority_proxy,conservative_regional_proxy,AWE-DNIEPER-DVINA;GEO-PROXY,tier2,High-visibility capital replacement for a synthetic Tier-3 form. BLR roster capital/territorial label on its documented engine proxy; the engine field is a documented proxy and not an exact settlement polygon.
minxian,priority_han|priority_han_east,Mǐnxiàn,priority_proxy,transparent_map_fallback,T3N:installed-label;T3N:transparent-map-label,tier2,High-visibility unresolved field retains a concise installed cartographic label. It is explicitly not presented as an attested ancient settlement name.
minya,priority_roman_egypt,Hermopolis Magna,curated,attested,PLE:756574,secure,Direct Hermopolis Magna Schmun settlement point at the installed Minya city proxy.
mirandola,priority_italy|priority_roman_italy,[EU5 vanilla pass-through],roman_vanilla_passthrough,unresolved_vanilla_passthrough,P10;PLE,contested,The Roman identity audit found no sufficiently secure AD 1 field identity. Runtime localization deliberately falls through to EU5 vanilla instead of emitting a synthetic name.
mirat,priority_india|priority_india_hindustan,Mirat,priority_proxy,transparent_map_fallback,T3N:installed-label;T3N:transparent-map-label,tier2,High-visibility unresolved field retains a concise installed cartographic label. It is explicitly not presented as an attested ancient settlement name.
mistelbach,priority_germania_south,[EU5 vanilla pass-through],roman_vanilla_passthrough,unresolved_vanilla_passthrough,P10;PLE,contested,The Roman identity audit found no sufficiently secure AD 1 field identity. Runtime localization deliberately falls through to EU5 vanilla instead of emitting a synthetic name.
mitoyo,priority_japan,Mitoyo,priority_proxy,transparent_map_fallback,T3N:installed-label;T3N:transparent-map-label,tier2,High-visibility unresolved field retains a concise installed cartographic label. It is explicitly not presented as an attested ancient settlement name.
miyagi,priority_japan,Miyagi,priority_proxy,transparent_map_fallback,T3N:installed-label;T3N:transparent-map-label,tier2,High-visibility unresolved field retains a concise installed cartographic label. It is explicitly not presented as an attested ancient settlement name.
moanunts,capital,Late Basketmaker Highlands,qualified,conservative_regional_proxy,P8.10;CAH-XI;R5-GEOGRAPHY,tier2,Qualified Basketmaker-II regional anchor rather than a claim about the installed locality. Round 5 researched geography replaces the installed or descriptive fallback.
modasa,priority_india_west,Modasa,priority_proxy,transparent_map_fallback,T3N:installed-label;T3N:transparent-map-label,tier2,High-visibility unresolved field retains a concise installed cartographic label. It is explicitly not presented as an attested ancient settlement name.
modena,priority_italy|priority_roman|priority_roman_italy|urban_node,Mutina,curated,attested,PLE;ORB;P8.1,secure,Direct Roman Via Aemilia city name
mogadishu,capital,Northern Azanian Coast,qualified,conservative_regional_proxy,PME-BARBARIA;P8.5,tier2,Qualified coastal-course adapter south of Opone; the installed field must not project the later city name or a centralized Azanian state into AD 1.
mokwa,priority_west_africa_guinea,Mokwa,priority_proxy,transparent_map_fallback,T3N:installed-label;T3N:transparent-map-label,tier2,High-visibility unresolved field retains a concise installed cartographic label. It is explicitly not presented as an attested ancient settlement name.
molevon,priority_anatolia,Mampsoukrenai,tier2_ultra,conservative_regional_proxy,PLE:648704;PLN:648704/mampsoukrenai;T2U,tier2,Ultra-far Tier-2 AD 1 Pleiades settlement adapter; period-valid name resource 648704/mampsoukrenai; nearest installed city field at 12.06px; ultra-far lower-confidence map proxy.
mombasa,capital,Kwale Coast,qualified,conservative_regional_proxy,QI-EAFRICA;UC-MOMBASA;P8.5,tier2,Qualified coast-region adapter: the installed Mombasa field anchors the Kwale type-region and must not project the later port name into AD 1.
monastir,priority_roman_maghreb,Thysdrus,tier2_remote,conservative_regional_proxy,PLE:324835;PLN:324835/thysdrus;T2R,tier2,Remote Tier-2 AD 1 Pleiades settlement adapter; period-valid name resource 324835/thysdrus; nearest installed city field at 4.18px; remote lower-confidence map proxy.
monchengladbach,priority_germania,Sablones,tier2_far,conservative_regional_proxy,PLE:109300;PLN:109300/sablones;T2F,tier2,Far Tier-2 AD 1 Pleiades settlement adapter; period-valid name resource 109300/sablones; nearest installed city field at 10.24px; far lower-confidence map proxy.
monesterio,priority_roman_iberia,Lacunis,tier2_far,conservative_regional_proxy,PLE:256253;PLN:256253/lacunis;T2F,tier2,Far Tier-2 AD 1 Pleiades settlement adapter; period-valid name resource 256253/lacunis; nearest installed city field at 11.09px; far lower-confidence map proxy.
monghyr,priority_india_bengal,Monghyr,priority_proxy,transparent_map_fallback,T3N:installed-label;T3N:transparent-map-label,tier2,High-visibility unresolved field retains a concise installed cartographic label. It is explicitly not presented as an attested ancient settlement name.
mongnai,capital,Southern Plateau Corridors,qualified,conservative_regional_proxy,CAM-MYANMAR-CHRON;P8.9,tier2,Qualified geographic anchor without backdating a Mongnai principality. Concise period geography replaces the descriptive campaign-label formula.
monmouth,capital,Silures,correction,conservative_regional_proxy,CADW-CAERWENT,tier2,Replaces the generated Caerwent/Venta Silurum capital label: that Roman town was established about AD 75-80 and lies outside the Monmouth field; Silures is an explicit regional proxy.
monopoli,priority_italy|priority_roman_italy,Norba,tier2_far,conservative_regional_proxy,PLE:442691;PLN:442691/norba;T2F,tier2,Far Tier-2 AD 1 Pleiades settlement adapter; period-valid name resource 442691/norba; nearest installed city field at 7.72px; far lower-confidence map proxy.
mons,priority_gaul|priority_germania_north,[EU5 vanilla pass-through],roman_vanilla_passthrough,unresolved_vanilla_passthrough,P10;PLE,contested,The Roman identity audit found no sufficiently secure AD 1 field identity. Runtime localization deliberately falls through to EU5 vanilla instead of emitting a synthetic name.
monselice,priority_italy|priority_roman_italy,Mons Silicis,tier2_remote,conservative_regional_proxy,PLE:393454;PLN:393454/mons-silicis;T2R,tier2,Remote Tier-2 AD 1 Pleiades settlement adapter; period-valid name resource 393454/mons-silicis; nearest installed city field at 4.76px; remote lower-confidence map proxy.
montalcino,priority_italy|priority_roman_italy,[EU5 vanilla pass-through],roman_vanilla_passthrough,unresolved_vanilla_passthrough,P10;PLE,contested,The Roman identity audit found no sufficiently secure AD 1 field identity. Runtime localization deliberately falls through to EU5 vanilla instead of emitting a synthetic name.
monteleone,priority_italy|priority_roman_italy,Medma,tier2_far,conservative_regional_proxy,PLE:452375;PLN:452375/medma-grc;T2F,tier2,Far Tier-2 AD 1 Pleiades settlement adapter; period-valid name resource 452375/medma-grc; nearest installed city field at 6.36px; far lower-confidence map proxy.
montemor,priority_roman_iberia,[EU5 vanilla pass-through],roman_vanilla_passthrough,unresolved_vanilla_passthrough,P10;PLE,contested,The Roman identity audit found no sufficiently secure AD 1 field identity. Runtime localization deliberately falls through to EU5 vanilla instead of emitting a synthetic name.
montmedy,priority_germania_north,Mosomagus,tier2_far,conservative_regional_proxy,PLE:109183;PLN:109183/mosomagus;T2F,tier2,Far Tier-2 AD 1 Pleiades settlement adapter; period-valid name resource 109183/mosomagus; nearest installed city field at 7.73px; far lower-confidence map proxy.
montmorency,priority_gaul,[EU5 vanilla pass-through],roman_vanilla_passthrough,unresolved_vanilla_passthrough,P10;PLE,contested,The Roman identity audit found no sufficiently secure AD 1 field identity. Runtime localization deliberately falls through to EU5 vanilla instead of emitting a synthetic name.
monza,priority_italy|priority_roman_italy,Modicia,tier2_wide,conservative_regional_proxy,PLE:383711;PLN:383711/modicia;T2W,tier2,Wide Tier-2 AD 1 Pleiades settlement adapter; period-valid name resource 383711/modicia; nearest installed city field at 2.93px; lower-confidence map proxy.
moro_sindh,priority_india_west,Sindhi Moro,priority_proxy,transparent_map_fallback,T3N:installed-label;T3N:transparent-map-label,tier2,High-visibility unresolved field retains a concise installed cartographic label. It is explicitly not presented as an attested ancient settlement name.
morphou,priority_anatolia,Phlason,tier2_remote,conservative_regional_proxy,PLE:707610;PLN:707610/phlason;T2R,tier2,Remote Tier-2 AD 1 Pleiades settlement adapter; period-valid name resource 707610/phlason; nearest installed city field at 4.01px; remote lower-confidence map proxy.
motupalli,priority_india_deccan,Motupalli,priority_proxy,transparent_map_fallback,T3N:installed-label;T3N:transparent-map-label,tier2,High-visibility unresolved field retains a concise installed cartographic label. It is explicitly not presented as an attested ancient settlement name.
moudery,priority_west_africa|priority_west_africa_guinea,Moudéry,priority_proxy,transparent_map_fallback,T3N:installed-label;T3N:transparent-map-label,tier2,High-visibility unresolved field retains a concise installed cartographic label. It is explicitly not presented as an attested ancient settlement name.
mourdiah,priority_west_africa|priority_west_africa_sahel,Mourdiah,priority_proxy,transparent_map_fallback,T3N:installed-label;T3N:transparent-map-label,tier2,High-visibility unresolved field retains a concise installed cartographic label. It is explicitly not presented as an attested ancient settlement name.
moyobamba,capital,Moyobamba and Lamas foothills,priority_proxy,conservative_regional_proxy,CWP-ANDES;P8.10;GEO-PROXY,tier2,High-visibility capital replacement for a synthetic Tier-3 form. MYB roster capital/territorial label on its documented engine proxy; the engine field is a documented proxy and not an exact settlement polygon.
msus,priority_roman_egypt,[EU5 vanilla pass-through],roman_vanilla_passthrough,unresolved_vanilla_passthrough,P10;PLE,contested,The Roman identity audit found no sufficiently secure AD 1 field identity. Runtime localization deliberately falls through to EU5 vanilla instead of emitting a synthetic name.
mtoko,capital,Zambezi and Save hunter-herder landscape,priority_proxy,conservative_regional_proxy,OUP-SOUTH-AFRICA;JAH-BANTU-MOBILITY;P8.5;GEO-PROXY,tier2,High-visibility capital replacement for a synthetic Tier-3 form. ZHF roster capital/territorial label on its documented engine proxy; the engine field is a documented proxy and not an exact settlement polygon.
mtskheta,capital,Zalissa,tier2_far,conservative_regional_proxy,PLE:863924;PLN:863924/zalissa;T2F,tier2,Far Tier-2 AD 1 Pleiades settlement adapter; period-valid name resource 863924/zalissa; nearest installed city field at 9.88px; far lower-confidence map proxy.
muang_sua,capital,Upper Mekong Uplands,qualified,conservative_regional_proxy,UNESCO-JARS;ANT-NLAOS;P8.9,tier2,Qualified corridor anchor without backdating Muang Sua or Luang Prabang.
muarakaman,capital,Middle Mahakam Corridor,qualified,conservative_regional_proxy,QSR-LIANG-JON;QINT-LIANG-ABU;P8.9;R5-GEOGRAPHY,tier2,Geographic anchor without backdating Kutai or the Yupa court. Round 5 researched geography replaces the installed or descriptive fallback.
muhammerah,capital,Charax Spasinu,qualified,conservative_regional_proxy,P8.2;OCD;PLE,tier2,Qualified Characene-capital adapter: the installed Al-Muhammerah field is the project lower-Tigris proxy rather than an assertion about the modern city name.
muko,priority_japan,Muko,priority_proxy,transparent_map_fallback,T3N:installed-label;T3N:transparent-map-label,tier2,High-visibility unresolved field retains a concise installed cartographic label. It is explicitly not presented as an attested ancient settlement name.
mulhouse,priority_germania_south,[EU5 vanilla pass-through],roman_vanilla_passthrough,unresolved_vanilla_passthrough,P10;PLE,contested,The Roman identity audit found no sufficiently secure AD 1 field identity. Runtime localization deliberately falls through to EU5 vanilla instead of emitting a synthetic name.
multan,priority_india|priority_india_hindustan,Multan,priority_proxy,transparent_map_fallback,T3N:installed-label;T3N:transparent-map-label,tier2,High-visibility unresolved field retains a concise installed cartographic label. It is explicitly not presented as an attested ancient settlement name.
munich,priority_germania,Munich,priority_proxy,transparent_map_fallback,T3N:installed-label;T3N:transparent-map-label,tier2,High-visibility unresolved field retains a concise installed cartographic label. It is explicitly not presented as an attested ancient settlement name.
munster,capital,Lippe communities,priority_proxy,conservative_regional_proxy,P8.7;STR-GER;TAC-GER;OCD-GER;PLE;GEO-PROXY,tier2,High-visibility capital replacement for a synthetic Tier-3 form. BRC roster capital/territorial label on its documented engine proxy; the engine field is a documented proxy and not an exact settlement polygon.
murcia,priority_roman_iberia,Carthago Nova,tier2_far,conservative_regional_proxy,PLE:265849;PLN:265849/carthago-nova;T2F,tier2,Far Tier-2 AD 1 Pleiades settlement adapter; period-valid name resource 265849/carthago-nova; nearest installed city field at 11.80px; far lower-confidence map proxy.
murwara,priority_india_central,Murwara,priority_proxy,transparent_map_fallback,T3N:installed-label;T3N:transparent-map-label,tier2,High-visibility unresolved field retains a concise installed cartographic label. It is explicitly not presented as an attested ancient settlement name.
mut,priority_anatolia,Ninica,tier2_far,conservative_regional_proxy,PLE:648723;PLN:648723/ninica;T2F,tier2,Far Tier-2 AD 1 Pleiades settlement adapter; period-valid name resource 648723/ninica; nearest installed city field at 10.22px; far lower-confidence map proxy.
myitkyina,capital,Upper Irrawaddy Confluence,qualified,conservative_regional_proxy,CAM-MYANMAR-CHRON;P8.9,tier2,Qualified river-geographic anchor rather than the modern city.
nabeul,priority_roman_maghreb,Pupput,tier2_wide,conservative_regional_proxy,PLE:315121;PLN:315121/pupput;T2W,tier2,Wide Tier-2 AD 1 Pleiades settlement adapter; period-valid name resource 315121/pupput; nearest installed city field at 2.51px; lower-confidence map proxy.
nadia,capital|priority_india_bengal,Pertalis,tier2_far,conservative_regional_proxy,PLE:59992;PLN:59992/pertalis;T2F,tier2,Far Tier-2 AD 1 Pleiades settlement adapter; period-valid name resource 59992/pertalis; nearest installed city field at 11.44px; far lower-confidence map proxy.
nafplio,priority_roman_balkans,Astron,tier2_remote,conservative_regional_proxy,PLE:570134;PLN:570134/astron;T2R,tier2,Remote Tier-2 AD 1 Pleiades settlement adapter; period-valid name resource 570134/astron; nearest installed city field at 3.74px; remote lower-confidence map proxy.
naga,priority_japan,Naga,priority_proxy,transparent_map_fallback,T3N:installed-label;T3N:transparent-map-label,tier2,High-visibility unresolved field retains a concise installed cartographic label. It is explicitly not presented as an attested ancient settlement name.
naga_bikol,capital,Bicol Peninsula,priority_proxy,conservative_regional_proxy,NMP-PH-METAL;NMP-PH-JARS;BELLINA-SHK;GEO-PROXY,tier2,High-visibility capital replacement for a synthetic Tier-3 form. BCP roster capital/territorial label on its documented engine proxy; the engine field is a documented proxy and not an exact settlement polygon.
nagahrada,priority_india_west,Nagahrada,priority_proxy,transparent_map_fallback,T3N:installed-label;T3N:transparent-map-label,tier2,High-visibility unresolved field retains a concise installed cartographic label. It is explicitly not presented as an attested ancient settlement name.
nagapattinam,priority_india_deccan,Nagapattinam,priority_proxy,transparent_map_fallback,T3N:installed-label;T3N:transparent-map-label,tier2,High-visibility unresolved field retains a concise installed cartographic label. It is explicitly not presented as an attested ancient settlement name.
nagarkot,capital,Audumbara hill country,priority_proxy,conservative_regional_proxy,BM-TRIBAL-COINS;P8.4;GEO-PROXY,tier2,High-visibility capital replacement for a synthetic Tier-3 form. AUD roster capital/territorial label on its documented engine proxy; the engine field is a documented proxy and not an exact settlement polygon.
naju,capital,Mahan,qualified,conservative_regional_proxy,P8.3;SAM,tier2,Qualified Samhan polity anchor rather than a claim about the later Naju name.
naka,priority_japan,Naka,priority_proxy,transparent_map_fallback,T3N:installed-label;T3N:transparent-map-label,tier2,High-visibility unresolved field retains a concise installed cartographic label. It is explicitly not presented as an attested ancient settlement name.
naka_hyuuga,priority_japan,Naka,priority_proxy,transparent_map_fallback,T3N:installed-label;T3N:transparent-map-label,tier2,High-visibility unresolved field retains a concise installed cartographic label. It is explicitly not presented as an attested ancient settlement name.
nakajima,priority_japan,Nakajima,priority_proxy,transparent_map_fallback,T3N:installed-label;T3N:transparent-map-label,tier2,High-visibility unresolved field retains a concise installed cartographic label. It is explicitly not presented as an attested ancient settlement name.
nakatsu,priority_japan,Nakatsu,priority_proxy,transparent_map_fallback,T3N:installed-label;T3N:transparent-map-label,tier2,High-visibility unresolved field retains a concise installed cartographic label. It is explicitly not presented as an attested ancient settlement name.
nakijin,capital,Central Ryukyu shell-midden communities,priority_proxy,conservative_regional_proxy,RYU-ARC;P8.3;GEO-PROXY,tier2,High-visibility capital replacement for a synthetic Tier-3 form. RYS roster capital/territorial label on its documented engine proxy; the engine field is a documented proxy and not an exact settlement polygon.
nakpa,priority_west_africa_guinea,Nakpa,priority_proxy,transparent_map_fallback,T3N:installed-label;T3N:transparent-map-label,tier2,High-visibility unresolved field retains a concise installed cartographic label. It is explicitly not presented as an attested ancient settlement name.
nalgonda,priority_india|priority_india_deccan,Nalgonda,priority_proxy,transparent_map_fallback,T3N:installed-label;T3N:transparent-map-label,tier2,High-visibility unresolved field retains a concise installed cartographic label. It is explicitly not presented as an attested ancient settlement name.
nalli,priority_roman_anatolia,[EU5 vanilla pass-through],roman_vanilla_passthrough,unresolved_vanilla_passthrough,P10;PLE,contested,The Roman identity audit found no sufficiently secure AD 1 field identity. Runtime localization deliberately falls through to EU5 vanilla instead of emitting a synthetic name.
namur,priority_gaul|priority_germania_north,[EU5 vanilla pass-through],roman_vanilla_passthrough,unresolved_vanilla_passthrough,P10;PLE,contested,The Roman identity audit found no sufficiently secure AD 1 field identity. Runtime localization deliberately falls through to EU5 vanilla instead of emitting a synthetic name.
namyslow,priority_germania_baltic,Namysłów,priority_proxy,transparent_map_fallback,T3N:installed-label;T3N:transparent-map-label,tier2,High-visibility unresolved field retains a concise installed cartographic label. It is explicitly not presented as an attested ancient settlement name.
nanbu,priority_han_west,Nánbù,priority_proxy,transparent_map_fallback,T3N:installed-label;T3N:transparent-map-label,tier2,High-visibility unresolved field retains a concise installed cartographic label. It is explicitly not presented as an attested ancient settlement name.
nanchong,priority_han|priority_han_west,Nánchōng,priority_proxy,transparent_map_fallback,T3N:installed-label;T3N:transparent-map-label,tier2,High-visibility unresolved field retains a concise installed cartographic label. It is explicitly not presented as an attested ancient settlement name.
nancy,priority_gaul,[EU5 vanilla pass-through],roman_vanilla_passthrough,unresolved_vanilla_passthrough,P10;PLE,contested,The Roman identity audit found no sufficiently secure AD 1 field identity. Runtime localization deliberately falls through to EU5 vanilla instead of emitting a synthetic name.
nandod,priority_india_west,Nandod,priority_proxy,transparent_map_fallback,T3N:installed-label;T3N:transparent-map-label,tier2,High-visibility unresolved field retains a concise installed cartographic label. It is explicitly not presented as an attested ancient settlement name.
nanfeng,priority_han_east,Nánfēng,priority_proxy,transparent_map_fallback,T3N:installed-label;T3N:transparent-map-label,tier2,High-visibility unresolved field retains a concise installed cartographic label. It is explicitly not presented as an attested ancient settlement name.
nanhai,priority_han_south,Nánhǎi,priority_proxy,transparent_map_fallback,T3N:installed-label;T3N:transparent-map-label,tier2,High-visibility unresolved field retains a concise installed cartographic label. It is explicitly not presented as an attested ancient settlement name.
nanliu,priority_han|priority_han_south,Nánliú,priority_proxy,transparent_map_fallback,T3N:installed-label;T3N:transparent-map-label,tier2,High-visibility unresolved field retains a concise installed cartographic label. It is explicitly not presented as an attested ancient settlement name.
nanning,priority_han_south,Nánníng,priority_proxy,transparent_map_fallback,T3N:installed-label;T3N:transparent-map-label,tier2,High-visibility unresolved field retains a concise installed cartographic label. It is explicitly not presented as an attested ancient settlement name.
nantes,priority_gaul|priority_roman|priority_roman_gaul,[EU5 vanilla pass-through],roman_vanilla_passthrough,unresolved_vanilla_passthrough,P10;PLE,contested,The Roman identity audit found no sufficiently secure AD 1 field identity. Runtime localization deliberately falls through to EU5 vanilla instead of emitting a synthetic name.
nanxi,priority_han_west,Nánxī,priority_proxy,transparent_map_fallback,T3N:installed-label;T3N:transparent-map-label,tier2,High-visibility unresolved field retains a concise installed cartographic label. It is explicitly not presented as an attested ancient settlement name.
naogaon,priority_india|priority_india_bengal,Naogaon,priority_proxy,transparent_map_fallback,T3N:installed-label;T3N:transparent-map-label,tier2,High-visibility unresolved field retains a concise installed cartographic label. It is explicitly not presented as an attested ancient settlement name.
naples,priority_italy|priority_roman|priority_roman_italy|top_city,Neapolis,curated,attested,PLE:433014,secure,Pleiades Parthenope Neapolis city point at 40.84000 14.25287; established AD 1 city form
nara,capital|priority_japan,Yamato Basin,qualified,conservative_regional_proxy,P8.3;CAH-XI,tier2,Qualified Yayoi Wa regional anchor without asserting a later Yamato state or capital.
narbonne,priority_gaul|priority_roman|priority_roman_gaul|urban_node,Narbo Martius,curated,attested,PLE:246347,secure,Pleiades exact Colonia Narbo Martius city point at 43.18362 3.00420; reviewed against the installed Narbonne location
narhat,priority_india_bengal,Narhat,priority_proxy,transparent_map_fallback,T3N:installed-label;T3N:transparent-map-label,tier2,High-visibility unresolved field retains a concise installed cartographic label. It is explicitly not presented as an attested ancient settlement name.
narni,priority_italy|priority_roman_italy,Carsulae,tier2_wide,conservative_regional_proxy,PLE:413065;PLN:413065/carsulae;T2W,tier2,Wide Tier-2 AD 1 Pleiades settlement adapter; period-valid name resource 413065/carsulae; nearest installed city field at 2.83px; lower-confidence map proxy.
narva,priority_germania_baltic,Narva,priority_proxy,transparent_map_fallback,T3N:installed-label;T3N:transparent-map-label,tier2,High-visibility unresolved field retains a concise installed cartographic label. It is explicitly not presented as an attested ancient settlement name.
narwar,priority_india_west,Narwar,priority_proxy,transparent_map_fallback,T3N:installed-label;T3N:transparent-map-label,tier2,High-visibility unresolved field retains a concise installed cartographic label. It is explicitly not presented as an attested ancient settlement name.
nas,priority_germania_scandinavia,Näs,priority_proxy,transparent_map_fallback,T3N:installed-label;T3N:transparent-map-label,tier2,High-visibility unresolved field retains a concise installed cartographic label. It is explicitly not presented as an attested ancient settlement name.
naserpur,priority_india|priority_india_west,Naserpur,priority_proxy,transparent_map_fallback,T3N:installed-label;T3N:transparent-map-label,tier2,High-visibility unresolved field retains a concise installed cartographic label. It is explicitly not presented as an attested ancient settlement name.
nasu,priority_japan,Nasu,priority_proxy,transparent_map_fallback,T3N:installed-label;T3N:transparent-map-label,tier2,High-visibility unresolved field retains a concise installed cartographic label. It is explicitly not presented as an attested ancient settlement name.
natori,priority_japan,Natori,priority_proxy,transparent_map_fallback,T3N:installed-label;T3N:transparent-map-label,tier2,High-visibility unresolved field retains a concise installed cartographic label. It is explicitly not presented as an attested ancient settlement name.
naumburg,priority_germania|priority_germania_north,Naumburg,priority_proxy,transparent_map_fallback,T3N:installed-label;T3N:transparent-map-label,tier2,High-visibility unresolved field retains a concise installed cartographic label. It is explicitly not presented as an attested ancient settlement name.
navan,capital,Eblana,priority_proxy,conservative_regional_proxy,P8.7;PTO-GEO-II1;DARCY-IRE;GEO-PROXY,tier2,High-visibility capital replacement for a synthetic Tier-3 form. EBL roster capital/territorial label on its documented engine proxy; the engine field is a documented proxy and not an exact settlement polygon.
navskov,priority_germania|priority_germania_scandinavia,Nakskov,priority_proxy,transparent_map_fallback,T3N:installed-label;T3N:transparent-map-label,tier2,High-visibility unresolved field retains a concise installed cartographic label. It is explicitly not presented as an attested ancient settlement name.
nawa,capital,Caesarea Philippi,capital,attested,PLE;P8.1;P8.1;OCD;PLE,secure,Coordinate-verified AD 1 capital anchor
nazilli,priority_anatolia|priority_roman_anatolia,Bargasa,tier2_wide,conservative_regional_proxy,PLE:599548;PLN:599548/bargasa;T2W,tier2,Wide Tier-2 AD 1 Pleiades settlement adapter; period-valid name resource 599548/bargasa; nearest installed city field at 3.15px; lower-confidence map proxy.
ndar,priority_west_africa|priority_west_africa_guinea,Ndar,priority_proxy,transparent_map_fallback,T3N:installed-label;T3N:transparent-map-label,tier2,High-visibility unresolved field retains a concise installed cartographic label. It is explicitly not presented as an attested ancient settlement name.
ndiaganiao,priority_west_africa|priority_west_africa_guinea,Ndiaganiao,priority_proxy,transparent_map_fallback,T3N:installed-label;T3N:transparent-map-label,tier2,High-visibility unresolved field retains a concise installed cartographic label. It is explicitly not presented as an attested ancient settlement name.
nedong,capital,Bangga-Yarlung Valley,qualified,conservative_regional_proxy,ANT-BANGGA;CAM-TIB-ARCH;P8.8,tier2,Qualified Yarlung valley anchor for the excavated Bangga horizon; the engine polygon is not claimed as the exact site.
negombo,priority_india_deccan,Negombo,priority_proxy,transparent_map_fallback,T3N:installed-label;T3N:transparent-map-label,tier2,High-visibility unresolved field retains a concise installed cartographic label. It is explicitly not presented as an attested ancient settlement name.
negroponte,priority_roman_balkans,Eilésion,tier2_remote,conservative_regional_proxy,PLE:540750;PLN:540750/name.2013-02-08.5818282209;T2R,tier2,Remote Tier-2 AD 1 Pleiades settlement adapter; period-valid name resource 540750/name.2013-02-08.5818282209; nearest installed city field at 3.77px; remote lower-confidence map proxy.
nei,priority_japan,Nei,priority_proxy,transparent_map_fallback,T3N:installed-label;T3N:transparent-map-label,tier2,High-visibility unresolved field retains a concise installed cartographic label. It is explicitly not presented as an attested ancient settlement name.
neijiang,priority_han_west,Nèijiāng,priority_proxy,transparent_map_fallback,T3N:installed-label;T3N:transparent-map-label,tier2,High-visibility unresolved field retains a concise installed cartographic label. It is explicitly not presented as an attested ancient settlement name.
neopatras,priority_roman_balkans,Kallipolis,tier2_far,conservative_regional_proxy,PLE:540849;PLN:540849/kallipolis;T2F,tier2,Far Tier-2 AD 1 Pleiades settlement adapter; period-valid name resource 540849/kallipolis; nearest installed city field at 8.66px; far lower-confidence map proxy.
neuchatel,priority_germania_south,Eburodunum,tier2_remote,conservative_regional_proxy,PLE:177514;PLN:177514/eburodunum;T2R,tier2,Remote Tier-2 AD 1 Pleiades settlement adapter; period-valid name resource 177514/eburodunum; nearest installed city field at 5.63px; remote lower-confidence map proxy.
neufchateau_luxembourg,priority_germania_north,[EU5 vanilla pass-through],roman_vanilla_passthrough,unresolved_vanilla_passthrough,P10;PLE,contested,The Roman identity audit found no sufficiently secure AD 1 field identity. Runtime localization deliberately falls through to EU5 vanilla instead of emitting a synthetic name.
nevsehir,priority_anatolia,Nevşehir,priority_proxy,transparent_map_fallback,T3N:installed-label;T3N:transparent-map-label,tier2,High-visibility unresolved field retains a concise installed cartographic label. It is explicitly not presented as an attested ancient settlement name.
ngaous,priority_roman_maghreb,Thacarata,tier2_remote,conservative_regional_proxy,PLE:334631;PLN:334631/thacarata;T2R,tier2,Remote Tier-2 AD 1 Pleiades settlement adapter; period-valid name resource 334631/thacarata; nearest installed city field at 5.37px; remote lower-confidence map proxy.
niah,capital,Niah Cave-River Corridor,qualified,conservative_regional_proxy,ANU-NIAH-METAL;P8.9;R5-GEOGRAPHY,tier2,Archaeological-geographic anchor without naming one AD 1 settlement or polity. Round 5 researched geography replaces the installed or descriptive fallback.
niani,priority_west_africa|priority_west_africa_sahel,Niani,priority_proxy,transparent_map_fallback,T3N:installed-label;T3N:transparent-map-label,tier2,High-visibility unresolved field retains a concise installed cartographic label. It is explicitly not presented as an attested ancient settlement name.
niantjila,priority_west_africa|priority_west_africa_sahel,Niantjila,priority_proxy,transparent_map_fallback,T3N:installed-label;T3N:transparent-map-label,tier2,High-visibility unresolved field retains a concise installed cartographic label. It is explicitly not presented as an attested ancient settlement name.
nicosia_cyp,priority_anatolia,Tamassos,tier2_wide,conservative_regional_proxy,PLE:707628;PLN:707628/tamassos;T2W,tier2,Wide Tier-2 AD 1 Pleiades settlement adapter; period-valid name resource 707628/tamassos; nearest installed city field at 2.61px; lower-confidence map proxy.
nicosiasic,priority_italy|priority_roman_italy,Morgetes,tier2_remote,conservative_regional_proxy,PLE:462372;PLN:462372/morgetes;T2R,tier2,Remote Tier-2 AD 1 Pleiades settlement adapter; period-valid name resource 462372/morgetes; nearest installed city field at 3.66px; remote lower-confidence map proxy.
nidda,priority_germania|priority_germania_north,Nidda,priority_proxy,transparent_map_fallback,T3N:installed-label;T3N:transparent-map-label,tier2,High-visibility unresolved field retains a concise installed cartographic label. It is explicitly not presented as an attested ancient settlement name.
niemcza,priority_germania_baltic,Niemcza,priority_proxy,transparent_map_fallback,T3N:installed-label;T3N:transparent-map-label,tier2,High-visibility unresolved field retains a concise installed cartographic label. It is explicitly not presented as an attested ancient settlement name.
niemodlin,priority_germania|priority_germania_baltic,Niemodlin,priority_proxy,transparent_map_fallback,T3N:installed-label;T3N:transparent-map-label,tier2,High-visibility unresolved field retains a concise installed cartographic label. It is explicitly not presented as an attested ancient settlement name.
nienburg,capital,Cheruscan Weserlands,capital,attested,P8.7;CAH-XI;P8.7;CAH-XI,secure,Coordinate-verified AD 1 capital anchor
nigde,priority_anatolia,Andabalis,tier2_far,conservative_regional_proxy,PLE:619104;PLN:619104/andabalis;T2F,tier2,Far Tier-2 AD 1 Pleiades settlement adapter; period-valid name resource 619104/andabalis; nearest installed city field at 8.53px; far lower-confidence map proxy.
nijmegen,capital,Batavodurum,capital,attested,PLE:98921;P8.7;P8.7;CAH-XI;PLE,secure,Coordinate-verified AD 1 capital anchor
nikki,priority_west_africa_guinea,Nikki,priority_proxy,transparent_map_fallback,T3N:installed-label;T3N:transparent-map-label,tier2,High-visibility unresolved field retains a concise installed cartographic label. It is explicitly not presented as an attested ancient settlement name.
niksar,priority_anatolia,Syderos,tier2_wide,conservative_regional_proxy,PLE:857339;PLN:857339/syderos;T2W,tier2,Wide Tier-2 AD 1 Pleiades settlement adapter; period-valid name resource 857339/syderos; nearest installed city field at 2.85px; lower-confidence map proxy.
nimes,priority_gaul|priority_roman|priority_roman_gaul|urban_node,Nemausus,curated,attested,PLE:148142,secure,Pleiades exact Nemausus city point at 43.84312 4.35417; reviewed against the installed Nimes location
ningpu,priority_han_south,Níngpǔ,priority_proxy,transparent_map_fallback,T3N:installed-label;T3N:transparent-map-label,tier2,High-visibility unresolved field retains a concise installed cartographic label. It is explicitly not presented as an attested ancient settlement name.
ningyuan_wananjun,priority_han_south,Níngyuǎn,priority_proxy,transparent_map_fallback,T3N:installed-label;T3N:transparent-map-label,tier2,High-visibility unresolved field retains a concise installed cartographic label. It is explicitly not presented as an attested ancient settlement name.
niono,priority_west_africa|priority_west_africa_sahel,Niono,priority_proxy,transparent_map_fallback,T3N:installed-label;T3N:transparent-map-label,tier2,High-visibility unresolved field retains a concise installed cartographic label. It is explicitly not presented as an attested ancient settlement name.
nis,priority_roman_balkans,Naissus,curated,attested,PLE:207303,secure,Pleiades exact Naissus settlement point at 43.31629 21.89388; reviewed against the installed Nis location
nishikanbara,priority_japan,Nishikanbara,priority_proxy,transparent_map_fallback,T3N:installed-label;T3N:transparent-map-label,tier2,High-visibility unresolved field retains a concise installed cartographic label. It is explicitly not presented as an attested ancient settlement name.
nishimorokata,priority_japan,Nishimorokata,priority_proxy,transparent_map_fallback,T3N:installed-label;T3N:transparent-map-label,tier2,High-visibility unresolved field retains a concise installed cartographic label. It is explicitly not presented as an attested ancient settlement name.
nishisonogi,priority_japan,Nishisonogi,priority_proxy,transparent_map_fallback,T3N:installed-label;T3N:transparent-map-label,tier2,High-visibility unresolved field retains a concise installed cartographic label. It is explicitly not presented as an attested ancient settlement name.
nitta,priority_japan,Nitta,priority_proxy,transparent_map_fallback,T3N:installed-label;T3N:transparent-map-label,tier2,High-visibility unresolved field retains a concise installed cartographic label. It is explicitly not presented as an attested ancient settlement name.
nivelles,priority_germania|priority_germania_north,Geminiacum,tier2_ultra,conservative_regional_proxy,PLE:109003;PLN:109003/geminiacum;T2U,tier2,Ultra-far Tier-2 AD 1 Pleiades settlement adapter; period-valid name resource 109003/geminiacum; nearest installed city field at 13.66px; ultra-far lower-confidence map proxy.
niwa,priority_japan,Niwa,priority_proxy,transparent_map_fallback,T3N:installed-label;T3N:transparent-map-label,tier2,High-visibility unresolved field retains a concise installed cartographic label. It is explicitly not presented as an attested ancient settlement name.
nodaway,capital,Kansas City Hopewell interaction zone,priority_proxy,conservative_regional_proxy,MOSHPO-KC;NPS-OZARK-HOPEWELL;GEO-PROXY,tier2,High-visibility capital replacement for a synthetic Tier-3 form. KCP roster capital/territorial label on its documented engine proxy; the engine field is a documented proxy and not an exact settlement polygon.
noh_peten,top_city|urban_node,Maya Lowlands,qualified,conservative_regional_proxy,P12.2;P8.10;CAH-XI,tier2,Qualified Maya-lowland adapter: the installed Noh Petén field is the project Tikal-zone market proxy rather than an assertion about the later Itza capital name.
nola,priority_italy|priority_roman|priority_roman_italy,Vicus Novaniensis,tier2,conservative_regional_proxy,PLE:433195;PLN:433195/vicus-novaniensis;T2,tier2,Tier-2 AD 1 Pleiades settlement adapter; period-valid name resource 433195/vicus-novaniensis; nearest installed city field at 0.61px; lower-confidence map proxy.
nonantola,priority_italy|priority_roman_italy,[EU5 vanilla pass-through],roman_vanilla_passthrough,unresolved_vanilla_passthrough,P10;PLE,contested,The Roman identity audit found no sufficiently secure AD 1 field identity. Runtime localization deliberately falls through to EU5 vanilla instead of emitting a synthetic name.
nongan,capital,Buyeo,capital,attested,SAM;P8.3;P8.3;SAM,secure,Coordinate-verified AD 1 capital anchor
nora,priority_germania_scandinavia,Nora,priority_proxy,transparent_map_fallback,T3N:installed-label;T3N:transparent-map-label,tier2,High-visibility unresolved field retains a concise installed cartographic label. It is explicitly not presented as an attested ancient settlement name.
norrkoping,priority_germania|priority_germania_scandinavia,Norrköping,priority_proxy,transparent_map_fallback,T3N:installed-label;T3N:transparent-map-label,tier2,High-visibility unresolved field retains a concise installed cartographic label. It is explicitly not presented as an attested ancient settlement name.
norrtalje,priority_germania_scandinavia,Norrtälje,priority_proxy,transparent_map_fallback,T3N:installed-label;T3N:transparent-map-label,tier2,High-visibility unresolved field retains a concise installed cartographic label. It is explicitly not presented as an attested ancient settlement name.
norwich,capital,Iceni,correction,conservative_regional_proxy,HE-VENTA,tier2,Replaces Venta Icenorum: the civitas capital was laid out about AD 70 five miles south of Norwich; Iceni is an explicit regional field proxy rather than a false AD 1 town.
noto,priority_italy|priority_roman_italy,Apollineum,tier2_far,conservative_regional_proxy,PLE:462456;PLN:462456/apollineum;T2F,tier2,Far Tier-2 AD 1 Pleiades settlement adapter; period-valid name resource 462456/apollineum; nearest installed city field at 8.21px; far lower-confidence map proxy.
novara,priority_italy|priority_roman_italy,Vercellae,tier2_remote,conservative_regional_proxy,PLE:383815;PLN:383815/vercellae;T2R,tier2,Remote Tier-2 AD 1 Pleiades settlement adapter; period-valid name resource 383815/vercellae; nearest installed city field at 5.87px; remote lower-confidence map proxy.
nowe,priority_germania_baltic,Nowe,priority_proxy,transparent_map_fallback,T3N:installed-label;T3N:transparent-map-label,tier2,High-visibility unresolved field retains a concise installed cartographic label. It is explicitly not presented as an attested ancient settlement name.
nurgan,capital,Lower Amur Estuary,qualified,conservative_regional_proxy,NMJH-YIL;RAD-RFE-IRON;P8.3,tier2,Qualified estuary anchor without backdating Nurgan administration.
nutari,priority_japan,Nutari,priority_proxy,transparent_map_fallback,T3N:installed-label;T3N:transparent-map-label,tier2,High-visibility unresolved field retains a concise installed cartographic label. It is explicitly not presented as an attested ancient settlement name.
nyamina,priority_west_africa|priority_west_africa_sahel,Nyamina,priority_proxy,transparent_map_fallback,T3N:installed-label;T3N:transparent-map-label,tier2,High-visibility unresolved field retains a concise installed cartographic label. It is explicitly not presented as an attested ancient settlement name.
nykoping,priority_germania_scandinavia,Nyköping,priority_proxy,transparent_map_fallback,T3N:installed-label;T3N:transparent-map-label,tier2,High-visibility unresolved field retains a concise installed cartographic label. It is explicitly not presented as an attested ancient settlement name.
nyon,priority_germania_south,Col. Iulia Equestris,tier2_far,conservative_regional_proxy,PLE:177496;PLN:177496/col-iulia-equestris;T2F,tier2,Far Tier-2 AD 1 Pleiades settlement adapter; period-valid name resource 177496/col-iulia-equestris; nearest installed city field at 7.78px; far lower-confidence map proxy.
nysa,priority_germania_baltic,Nysa,priority_proxy,transparent_map_fallback,T3N:installed-label;T3N:transparent-map-label,tier2,High-visibility unresolved field retains a concise installed cartographic label. It is explicitly not presented as an attested ancient settlement name.
ockelbo,priority_germania_scandinavia,Ockelbo,priority_proxy,transparent_map_fallback,T3N:installed-label;T3N:transparent-map-label,tier2,High-visibility unresolved field retains a concise installed cartographic label. It is explicitly not presented as an attested ancient settlement name.
odense,capital|priority_germania|priority_germania_scandinavia,Funen communities,priority_proxy,conservative_regional_proxy,P8.7;TAC-GER;OCD-GER;PLE;GEO-PROXY,tier2,High-visibility capital replacement for a synthetic Tier-3 form. SRD roster capital/territorial label on its documented engine proxy; the engine field is a documented proxy and not an exact settlement polygon.
oettingen,priority_germania,Opia,tier2_far,conservative_regional_proxy,PLE:118895;PLN:118895/opia;T2F,tier2,Far Tier-2 AD 1 Pleiades settlement adapter; period-valid name resource 118895/opia; nearest installed city field at 7.16px; far lower-confidence map proxy.
olawa,priority_germania|priority_germania_baltic,Oława,priority_proxy,transparent_map_fallback,T3N:installed-label;T3N:transparent-map-label,tier2,High-visibility unresolved field retains a concise installed cartographic label. It is explicitly not presented as an attested ancient settlement name.
olentangy,capital,Hopewell Sphere,qualified,conservative_regional_proxy,P8.10;CAH-XI,tier2,Qualified Hopewell regional anchor rather than a reconstructed capital.
olesnica,capital|priority_germania_baltic,Oder communities,priority_proxy,conservative_regional_proxy,P8.7;STR-GER;TAC-GER;OCD-GER;PLE;GEO-PROXY,tier2,High-visibility capital replacement for a synthetic Tier-3 form. ZUM roster capital/territorial label on its documented engine proxy; the engine field is a documented proxy and not an exact settlement polygon.
omsk,capital,Omsk-Ishim Sargat material group,priority_proxy,conservative_regional_proxy,RAS-SAR;RAS-SARGAT-CHRON;P8.8;GEO-PROXY,tier2,High-visibility capital replacement for a synthetic Tier-3 form. SRG roster capital/territorial label on its documented engine proxy; the engine field is a documented proxy and not an exact settlement polygon.
onga,priority_japan,Onga,priority_proxy,transparent_map_fallback,T3N:installed-label;T3N:transparent-map-label,tier2,High-visibility unresolved field retains a concise installed cartographic label. It is explicitly not presented as an attested ancient settlement name.
ooita,priority_japan,Ōita,priority_proxy,transparent_map_fallback,T3N:installed-label;T3N:transparent-map-label,tier2,High-visibility unresolved field retains a concise installed cartographic label. It is explicitly not presented as an attested ancient settlement name.
oozato,priority_japan,Ōzato,priority_proxy,transparent_map_fallback,T3N:installed-label;T3N:transparent-map-label,tier2,High-visibility unresolved field retains a concise installed cartographic label. It is explicitly not presented as an attested ancient settlement name.
opava,capital,Upper Oder communities,priority_proxy,conservative_regional_proxy,P8.7;TAC-GER;OCD-GER;PLE;GEO-PROXY,tier2,High-visibility capital replacement for a synthetic Tier-3 form. HLS roster capital/territorial label on its documented engine proxy; the engine field is a documented proxy and not an exact settlement polygon.
opole,capital|priority_germania_baltic,Oder communities,priority_proxy,conservative_regional_proxy,P8.7;STR-GER;TAC-GER;OCD-GER;PLE;GEO-PROXY,tier2,High-visibility capital replacement for a synthetic Tier-3 form. LUG roster capital/territorial label on its documented engine proxy; the engine field is a documented proxy and not an exact settlement polygon.
orange,priority_gaul,Avennio,tier2_remote,conservative_regional_proxy,PLE:148004;PLN:148004/avennio;T2R,tier2,Remote Tier-2 AD 1 Pleiades settlement adapter; period-valid name resource 148004/avennio; nearest installed city field at 3.55px; remote lower-confidence map proxy.
orasul_de_floci,capital,Sacidava,tier2_ultra,conservative_regional_proxy,PLE:216965;PLN:216965/sacidava;T2U,tier2,Ultra-far Tier-2 AD 1 Pleiades settlement adapter; period-valid name resource 216965/sacidava; nearest installed city field at 14.54px; ultra-far lower-confidence map proxy.
orchha,priority_india_central,Orchha,priority_proxy,transparent_map_fallback,T3N:installed-label;T3N:transparent-map-label,tier2,High-visibility unresolved field retains a concise installed cartographic label. It is explicitly not presented as an attested ancient settlement name.
orchimont,priority_germania_north,[EU5 vanilla pass-through],roman_vanilla_passthrough,unresolved_vanilla_passthrough,P10;PLE,contested,The Roman identity audit found no sufficiently secure AD 1 field identity. Runtime localization deliberately falls through to EU5 vanilla instead of emitting a synthetic name.
orebro,priority_germania_scandinavia,Örebro,priority_proxy,transparent_map_fallback,T3N:installed-label;T3N:transparent-map-label,tier2,High-visibility unresolved field retains a concise installed cartographic label. It is explicitly not presented as an attested ancient settlement name.
orihuela,priority_roman_iberia,Thiar,tier2_far,conservative_regional_proxy,PLE:266063;PLN:266063/thiar;T2F,tier2,Far Tier-2 AD 1 Pleiades settlement adapter; period-valid name resource 266063/thiar; nearest installed city field at 7.68px; far lower-confidence map proxy.
oristano,priority_italy|priority_roman_italy,Othoca,tier2_remote,conservative_regional_proxy,PLE:471988;PLN:471988/othoca;T2R,tier2,Remote Tier-2 AD 1 Pleiades settlement adapter; period-valid name resource 471988/othoca; nearest installed city field at 4.92px; remote lower-confidence map proxy.
orleans,priority_gaul|priority_roman_gaul,Cenabum,curated,attested,PLE:138281,secure,Pleiades exact Cenabum settlement point at 47.90073 1.90687; reviewed against the installed Orleans location
orte,priority_italy|priority_roman_italy,Horta,curated,attested,PLE:413172;BAT-ITALY,secure,Direct ancient Horta label at the installed Orte city field; promotes the exact record above the wide proximity layer.
oruro,capital,Oruro and the central Bolivian Altiplano,priority_proxy,conservative_regional_proxy,JFA-WANK;LAA-WANK;CWP-ANDES;P8.10;GEO-PROXY,tier2,High-visibility capital replacement for a synthetic Tier-3 form. WNK roster capital/territorial label on its documented engine proxy; the engine field is a documented proxy and not an exact settlement polygon.
orvietano,priority_italy|priority_roman_italy,Clusium,tier2_far,conservative_regional_proxy,PLE:413096;PLN:413096/clusium;T2F,tier2,Far Tier-2 AD 1 Pleiades settlement adapter; period-valid name resource 413096/clusium; nearest installed city field at 6.53px; far lower-confidence map proxy.
osaka,priority_japan,Ōsaka,priority_proxy,transparent_map_fallback,T3N:installed-label;T3N:transparent-map-label,tier2,High-visibility unresolved field retains a concise installed cartographic label. It is explicitly not presented as an attested ancient settlement name.
oshika,priority_japan,Oshika,priority_proxy,transparent_map_fallback,T3N:installed-label;T3N:transparent-map-label,tier2,High-visibility unresolved field retains a concise installed cartographic label. It is explicitly not presented as an attested ancient settlement name.
osian,capital,Marwar Nagaur and western desert caravan corridors,priority_proxy,conservative_regional_proxy,ASI-WESTERN-INDIA;UOA-PERIPLUS;BM-TRIBAL-COINS;P8.4;GEO-PROXY,tier2,High-visibility capital replacement for a synthetic Tier-3 form. MRN roster capital/territorial label on its documented engine proxy; the engine field is a documented proxy and not an exact settlement polygon.
osijek,priority_roman_balkans,Leucono,tier2_far,conservative_regional_proxy,PLE:197349;PLN:197349/leucono;T2F,tier2,Far Tier-2 AD 1 Pleiades settlement adapter; period-valid name resource 197349/leucono; nearest installed city field at 9.45px; far lower-confidence map proxy.
oskemen,capital,Altai and East-Kazakhstan contact horizon,priority_proxy,conservative_regional_proxy,ACSS-ALTAI-XIONGNU;GEO-PROXY,tier2,High-visibility capital replacement for a synthetic Tier-3 form. ALT roster capital/territorial label on its documented engine proxy; the engine field is a documented proxy and not an exact settlement polygon.
oslo,capital|priority_germania,Southern Norwegian coast,priority_proxy,conservative_regional_proxy,PTO-GEO-II11;OCD-GER;GEO-PROXY,tier2,High-visibility capital replacement for a synthetic Tier-3 form. SNR roster capital/territorial label on its documented engine proxy; the engine field is a documented proxy and not an exact settlement polygon.
ostend,priority_gaul|priority_germania_north|priority_roman,[EU5 vanilla pass-through],roman_vanilla_passthrough,unresolved_vanilla_passthrough,P10;PLE,contested,The Roman identity audit found no sufficiently secure AD 1 field identity. Runtime localization deliberately falls through to EU5 vanilla instead of emitting a synthetic name.
ostroda,priority_germania_baltic,Ostróda,priority_proxy,transparent_map_fallback,T3N:installed-label;T3N:transparent-map-label,tier2,High-visibility unresolved field retains a concise installed cartographic label. It is explicitly not presented as an attested ancient settlement name.
osuna,priority_roman_iberia,Irni,tier2_wide,conservative_regional_proxy,PLE:256230;PLN:256230/irni;T2W,tier2,Wide Tier-2 AD 1 Pleiades settlement adapter; period-valid name resource 256230/irni; nearest installed city field at 2.35px; lower-confidence map proxy.
oswegatchie,capital,Adirondack and St Lawrence waterways,priority_proxy,conservative_regional_proxy,NYSM-POINT;OAS-POINT;NPS-HOPEWELL;GEO-PROXY,tier2,High-visibility capital replacement for a synthetic Tier-3 form. PPA roster capital/territorial label on its documented engine proxy; the engine field is a documented proxy and not an exact settlement polygon.
oswego,capital,Finger Lakes and Oswego drainage,priority_proxy,conservative_regional_proxy,NYSM-POINT;OAS-POINT;NPS-HOPEWELL;GEO-PROXY,tier2,High-visibility capital replacement for a synthetic Tier-3 form. FLP roster capital/territorial label on its documented engine proxy; the engine field is a documented proxy and not an exact settlement polygon.
otrar,capital,Syr Darya,capital,attested,P8.8;CHG;P8.8;CHG,secure,Coordinate-verified AD 1 capital anchor
ouara,capital,Eastern Chadian plateau communities,priority_proxy,conservative_regional_proxy,MEGACHAD-WADAI;P8.5;GEO-PROXY,tier2,High-visibility capital replacement for a synthetic Tier-3 form. WDP roster capital/territorial label on its documented engine proxy; the engine field is a documented proxy and not an exact settlement polygon.
oudenaarde,priority_germania_north,[EU5 vanilla pass-through],roman_vanilla_passthrough,unresolved_vanilla_passthrough,P10;PLE,contested,The Roman identity audit found no sufficiently secure AD 1 field identity. Runtime localization deliberately falls through to EU5 vanilla instead of emitting a synthetic name.
ourense,priority_roman_iberia,[EU5 vanilla pass-through],roman_vanilla_passthrough,unresolved_vanilla_passthrough,P10;PLE,contested,The Roman identity audit found no sufficiently secure AD 1 field identity. Runtime localization deliberately falls through to EU5 vanilla instead of emitting a synthetic name.
oyo_ile,priority_west_africa|priority_west_africa_guinea,Ọ̀yọ́ Ile,priority_proxy,transparent_map_fallback,T3N:installed-label;T3N:transparent-map-label,tier2,High-visibility unresolved field retains a concise installed cartographic label. It is explicitly not presented as an attested ancient settlement name.
padova,priority_italy|priority_roman_italy,Patavium,tier2_remote,conservative_regional_proxy,PLE:393473;PLN:393473/patavium;T2R,tier2,Remote Tier-2 AD 1 Pleiades settlement adapter; period-valid name resource 393473/patavium; nearest installed city field at 3.37px; remote lower-confidence map proxy.
pakpattan,priority_india|priority_india_hindustan,Pakpattan,priority_proxy,transparent_map_fallback,T3N:installed-label;T3N:transparent-map-label,tier2,High-visibility unresolved field retains a concise installed cartographic label. It is explicitly not presented as an attested ancient settlement name.
palanpur,priority_india_west,Palanpur,priority_proxy,transparent_map_fallback,T3N:installed-label;T3N:transparent-map-label,tier2,High-visibility unresolved field retains a concise installed cartographic label. It is explicitly not presented as an attested ancient settlement name.
palazzolo,priority_italy|priority_roman_italy,[EU5 vanilla pass-through],roman_vanilla_passthrough,unresolved_vanilla_passthrough,P10;PLE,contested,The Roman identity audit found no sufficiently secure AD 1 field identity. Runtime localization deliberately falls through to EU5 vanilla instead of emitting a synthetic name.
palermo,priority_italy|priority_roman_italy,Entella,tier2_far,conservative_regional_proxy,PLE:462197;PLN:462197/entella;T2F,tier2,Far Tier-2 AD 1 Pleiades settlement adapter; period-valid name resource 462197/entella; nearest installed city field at 6.43px; far lower-confidence map proxy.
palestrina,priority_italy|priority_roman_italy,Trebula Suffenas,tier2_remote,conservative_regional_proxy,PLE:423103;PLN:423103/trebula-suffenas;T2R,tier2,Remote Tier-2 AD 1 Pleiades settlement adapter; period-valid name resource 423103/trebula-suffenas; nearest installed city field at 3.36px; remote lower-confidence map proxy.
palma,priority_roman_iberia,Palma,curated,attested,PLE,secure,Direct Roman-period city form for the installed Palma location
palma_del_rio,priority_roman_iberia,Celti,tier2_wide,conservative_regional_proxy,PLE:256089;PLN:256089/celti;T2W,tier2,Wide Tier-2 AD 1 Pleiades settlement adapter; period-valid name resource 256089/celti; nearest installed city field at 2.32px; lower-confidence map proxy.
pama,priority_west_africa|priority_west_africa_sahel,Pama,priority_proxy,transparent_map_fallback,T3N:installed-label;T3N:transparent-map-label,tier2,High-visibility unresolved field retains a concise installed cartographic label. It is explicitly not presented as an attested ancient settlement name.
pandua,priority_india_bengal,Pandua,priority_proxy,transparent_map_fallback,T3N:installed-label;T3N:transparent-map-label,tier2,High-visibility unresolved field retains a concise installed cartographic label. It is explicitly not presented as an attested ancient settlement name.
pandua_adina,priority_india_bengal,Kelydna,tier2_remote,conservative_regional_proxy,PLE:59875;PLN:59875/kelydna;T2R,tier2,Remote Tier-2 AD 1 Pleiades settlement adapter; period-valid name resource 59875/kelydna; nearest installed city field at 3.80px; remote lower-confidence map proxy.
pangalia,priority_roman_balkans,Callatis,tier2_ultra,conservative_regional_proxy,PLE:216744;PLN:216744/callatis;T2U,tier2,Ultra-far Tier-2 AD 1 Pleiades settlement adapter; period-valid name resource 216744/callatis; nearest installed city field at 18.88px; ultra-far lower-confidence map proxy.
panipat,priority_india|priority_india_hindustan,Panipat,priority_proxy,transparent_map_fallback,T3N:installed-label;T3N:transparent-map-label,tier2,High-visibility unresolved field retains a concise installed cartographic label. It is explicitly not presented as an attested ancient settlement name.
panyu,priority_han|priority_han_south|top_city|urban_node,Panyu,curated,attested,BHR;P12.2;P8.3,secure,Direct Han southern port-city name
paphos,priority_anatolia,Nea Paphos,tier2_remote,conservative_regional_proxy,PLE:707586;PLN:707586/nea-paphos;T2R,tier2,Remote Tier-2 AD 1 Pleiades settlement adapter; period-valid name resource 707586/nea-paphos; nearest installed city field at 4.23px; remote lower-confidence map proxy.
paris,priority_gaul,Lutetia,curated,attested,PLE:109126;P8.7,secure,Secure AD 1 Pleiades settlement point at the installed Paris city field.
parma,priority_italy|priority_roman_italy,Parma,curated,attested,PLE:383737,secure,Pleiades exact Parma settlement point at 44.80151 10.32797; reviewed against the installed Parma location
parnu,priority_germania_baltic,Pärnu,priority_proxy,transparent_map_fallback,T3N:installed-label;T3N:transparent-map-label,tier2,High-visibility unresolved field retains a concise installed cartographic label. It is explicitly not presented as an attested ancient settlement name.
paro,capital,Eastern Himalayan Monyul frame,priority_proxy,conservative_regional_proxy,UCL-BHUTAN;OUP-NEINDIA;P8.4;GEO-PROXY,tier2,High-visibility capital replacement for a synthetic Tier-3 form. MYL roster capital/territorial label on its documented engine proxy; the engine field is a documented proxy and not an exact settlement polygon.
pasrur,priority_india_hindustan,Pasrur,priority_proxy,transparent_map_fallback,T3N:installed-label;T3N:transparent-map-label,tier2,High-visibility unresolved field retains a concise installed cartographic label. It is explicitly not presented as an attested ancient settlement name.
patan,capital,Northern Gujarat settlement and exchange corridors,priority_proxy,conservative_regional_proxy,ASI-WESTERN-INDIA;UOA-PERIPLUS;BM-TRIBAL-COINS;P8.4;GEO-PROXY,tier2,High-visibility capital replacement for a synthetic Tier-3 form. ANR roster capital/territorial label on its documented engine proxy; the engine field is a documented proxy and not an exact settlement polygon.
patna,capital|priority_india|priority_india_bengal|top_city|urban_node,Pataliputra,curated,attested,P12.2;P8.4,secure,Direct Gangetic metropolis name
patna_garjat,priority_india|priority_india_bengal,Patnagarh,priority_proxy,transparent_map_fallback,T3N:installed-label;T3N:transparent-map-label,tier2,High-visibility unresolved field retains a concise installed cartographic label. It is explicitly not presented as an attested ancient settlement name.
patzcuaro,capital,Patzcuaro highlands,priority_proxy,conservative_regional_proxy,INAH-WEST-MEXICO;GEO-PROXY,tier2,High-visibility capital replacement for a synthetic Tier-3 form. PHC roster capital/territorial label on its documented engine proxy; the engine field is a documented proxy and not an exact settlement polygon.
pavia,priority_italy|priority_roman_italy,Ticinum,curated,attested,PLE:383798,secure,Pleiades exact Ticinum city point at 45.18590 9.15656; reviewed against the installed Pavia location
penglai,priority_han|priority_han_north,Pénglái,priority_proxy,transparent_map_fallback,T3N:installed-label;T3N:transparent-map-label,tier2,High-visibility unresolved field retains a concise installed cartographic label. It is explicitly not presented as an attested ancient settlement name.
pengshan,priority_han_west,Péngshān,priority_proxy,transparent_map_fallback,T3N:installed-label;T3N:transparent-map-label,tier2,High-visibility unresolved field retains a concise installed cartographic label. It is explicitly not presented as an attested ancient settlement name.
pengxi,priority_han_west,Péngxī,priority_proxy,transparent_map_fallback,T3N:installed-label;T3N:transparent-map-label,tier2,High-visibility unresolved field retains a concise installed cartographic label. It is explicitly not presented as an attested ancient settlement name.
pengzhou,priority_han_west,Péngzhōu,priority_proxy,transparent_map_fallback,T3N:installed-label;T3N:transparent-map-label,tier2,High-visibility unresolved field retains a concise installed cartographic label. It is explicitly not presented as an attested ancient settlement name.
peoria,capital,Central Illinois Valley,priority_proxy,conservative_regional_proxy,ISAS-HAVANA;ISM-DICKSON;NPS-HOPEWELL;GEO-PROXY,tier2,High-visibility capital replacement for a synthetic Tier-3 form. HVI roster capital/territorial label on its documented engine proxy; the engine field is a documented proxy and not an exact settlement polygon.
pereiaslav,capital,Left-Bank Dnieper Zarubintsy material group,priority_proxy,conservative_regional_proxy,RAS-ZAR;P8.7;GEO-PROXY,tier2,High-visibility capital replacement for a synthetic Tier-3 form. LBD roster capital/territorial label on its documented engine proxy; the engine field is a documented proxy and not an exact settlement polygon.
perg,priority_germania_south,[EU5 vanilla pass-through],roman_vanilla_passthrough,unresolved_vanilla_passthrough,P10;PLE,contested,The Roman identity audit found no sufficiently secure AD 1 field identity. Runtime localization deliberately falls through to EU5 vanilla instead of emitting a synthetic name.
perm,capital,Middle Kama-Vychegda Glyadenovo group,priority_proxy,conservative_regional_proxy,BSE-GLYADENOVO;PAR-PER;GEO-PROXY,tier2,High-visibility capital replacement for a synthetic Tier-3 form. PRM roster capital/territorial label on its documented engine proxy; the engine field is a documented proxy and not an exact settlement polygon.
peronne,priority_gaul|priority_roman_gaul,[EU5 vanilla pass-through],roman_vanilla_passthrough,unresolved_vanilla_passthrough,P10;PLE,contested,The Roman identity audit found no sufficiently secure AD 1 field identity. Runtime localization deliberately falls through to EU5 vanilla instead of emitting a synthetic name.
perpignan,priority_roman|priority_roman_iberia,Ad Pireneum,tier2_remote,conservative_regional_proxy,PLE:246139;PLN:246139/ad-pireneum;T2R,tier2,Remote Tier-2 AD 1 Pleiades settlement adapter; period-valid name resource 246139/ad-pireneum; nearest installed city field at 5.18px; remote lower-confidence map proxy.
perugia,priority_italy|priority_roman_italy,Perusia,curated,attested,PLE:413248,secure,Pleiades exact Perusia city point at 43.11119 12.38991; reviewed against the installed Perugia location
pesaro,priority_italy|priority_roman_italy,Pisaurum,curated,attested,PLE:413256,secure,Pleiades exact Pisaurum city point at 43.91208 12.91577; reviewed against the installed Pesaro location
pescia,priority_italy|priority_roman_italy,[EU5 vanilla pass-through],roman_vanilla_passthrough,unresolved_vanilla_passthrough,P10;PLE,contested,The Roman identity audit found no sufficiently secure AD 1 field identity. Runtime localization deliberately falls through to EU5 vanilla instead of emitting a synthetic name.
piacenza,priority_italy|priority_roman_italy,Placentia,curated,attested,PLE;ORB;P8.1,secure,Direct Roman Via Aemilia city name
piedimonte,priority_italy|priority_roman_italy,Allifae,tier2_remote,conservative_regional_proxy,PLE:432658;PLN:432658/allifae;T2R,tier2,Remote Tier-2 AD 1 Pleiades settlement adapter; period-valid name resource 432658/allifae; nearest installed city field at 5.88px; remote lower-confidence map proxy.
pilak,capital,Harikela eastern delta,priority_proxy,conservative_regional_proxy,CAM-BANGLADESH;P8.4;GEO-PROXY,tier2,High-visibility capital replacement for a synthetic Tier-3 form. HRK roster capital/territorial label on its documented engine proxy; the engine field is a documented proxy and not an exact settlement polygon.
pingshan_huiyang,priority_han_south,Píngshān,priority_proxy,transparent_map_fallback,T3N:installed-label;T3N:transparent-map-label,tier2,High-visibility unresolved field retains a concise installed cartographic label. It is explicitly not presented as an attested ancient settlement name.
pingyu,priority_han|priority_han_north,Píngyú,priority_proxy,transparent_map_fallback,T3N:installed-label;T3N:transparent-map-label,tier2,High-visibility unresolved field retains a concise installed cartographic label. It is explicitly not presented as an attested ancient settlement name.
pinoh,capital,Kapuas-Melawi Interior,qualified,conservative_regional_proxy,ANTH-KAL-IRON;P8.9,tier2,Geographic anchor without a named AD 1 settlement.
piombino,priority_italy|priority_roman|priority_roman_italy,Populonium,tier2_remote,conservative_regional_proxy,PLE:403212;PLN:403212/populonium;T2R,tier2,Remote Tier-2 AD 1 Pleiades settlement adapter; period-valid name resource 403212/populonium; nearest installed city field at 4.79px; remote lower-confidence map proxy.
pisa,priority_italy|priority_roman|priority_roman_italy,Pisae,curated,attested,PLE;ORB;P8.1,secure,Direct Roman Tyrrhenian city name
pistoia,priority_italy|priority_roman_italy,Pistoriae,tier2_far,conservative_regional_proxy,PLE:403254;PLN:403254/pistoriae;T2F,tier2,Far Tier-2 AD 1 Pleiades settlement adapter; period-valid name resource 403254/pistoriae; nearest installed city field at 7.38px; far lower-confidence map proxy.
pithapuram,priority_india_deccan,Alosygni,tier2_far,conservative_regional_proxy,PLE:49854;PLN:49854/alosygni;T2F,tier2,Far Tier-2 AD 1 Pleiades settlement adapter; period-valid name resource 49854/alosygni; nearest installed city field at 6.64px; far lower-confidence map proxy.
pitigliano,priority_italy|priority_roman_italy,Aurini,tier2_remote,conservative_regional_proxy,PLE:413044;PLN:413044/aurini;T2R,tier2,Remote Tier-2 AD 1 Pleiades settlement adapter; period-valid name resource 413044/aurini; nearest installed city field at 5.80px; remote lower-confidence map proxy.
ploermel,priority_gaul|priority_roman_gaul,[EU5 vanilla pass-through],roman_vanilla_passthrough,unresolved_vanilla_passthrough,P10;PLE,contested,The Roman identity audit found no sufficiently secure AD 1 field identity. Runtime localization deliberately falls through to EU5 vanilla instead of emitting a synthetic name.
plzen,priority_germania,Plzeň,priority_proxy,transparent_map_fallback,T3N:installed-label;T3N:transparent-map-label,tier2,High-visibility unresolved field retains a concise installed cartographic label. It is explicitly not presented as an attested ancient settlement name.
po,priority_west_africa|priority_west_africa_sahel,Pô,priority_proxy,transparent_map_fallback,T3N:installed-label;T3N:transparent-map-label,tier2,High-visibility unresolved field retains a concise installed cartographic label. It is explicitly not presented as an attested ancient settlement name.
podor,priority_west_africa|priority_west_africa_guinea,Podor,priority_proxy,transparent_map_fallback,T3N:installed-label;T3N:transparent-map-label,tier2,High-visibility unresolved field retains a concise installed cartographic label. It is explicitly not presented as an attested ancient settlement name.
poggibonsi,priority_italy|priority_roman_italy,Florentia,tier2_far,conservative_regional_proxy,PLE:413138;PLN:413138/florentia;T2F,tier2,Far Tier-2 AD 1 Pleiades settlement adapter; period-valid name resource 413138/florentia; nearest installed city field at 11.18px; far lower-confidence map proxy.
pola,priority_roman_balkans,Pola,tier2_remote,conservative_regional_proxy,PLE:197448;PLN:197448/name.2013-01-11.5638691909;T2R,tier2,Remote Tier-2 AD 1 Pleiades settlement adapter; period-valid name resource 197448/name.2013-01-11.5638691909; nearest installed city field at 4.10px; remote lower-confidence map proxy.
pont_audemer,priority_gaul|priority_roman_gaul,Canetonum,tier2_far,conservative_regional_proxy,PLE:108852;PLN:108852/canetonum;T2F,tier2,Far Tier-2 AD 1 Pleiades settlement adapter; period-valid name resource 108852/canetonum; nearest installed city field at 7.75px; far lower-confidence map proxy.
pont_douilly,priority_gaul|priority_roman_gaul,[EU5 vanilla pass-through],roman_vanilla_passthrough,unresolved_vanilla_passthrough,P10;PLE,contested,The Roman identity audit found no sufficiently secure AD 1 field identity. Runtime localization deliberately falls through to EU5 vanilla instead of emitting a synthetic name.
pontedera,priority_italy|priority_roman|priority_roman_italy,[EU5 vanilla pass-through],roman_vanilla_passthrough,unresolved_vanilla_passthrough,P10;PLE,contested,The Roman identity audit found no sufficiently secure AD 1 field identity. Runtime localization deliberately falls through to EU5 vanilla instead of emitting a synthetic name.
porto,priority_roman_iberia,Langobriga,tier2_remote,conservative_regional_proxy,PLE:236508;PLN:236508/langobriga;T2R,tier2,Remote Tier-2 AD 1 Pleiades settlement adapter; period-valid name resource 236508/langobriga; nearest installed city field at 4.36px; remote lower-confidence map proxy.
portudal,priority_west_africa_guinea,Portudal,priority_proxy,transparent_map_fallback,T3N:installed-label;T3N:transparent-map-label,tier2,High-visibility unresolved field retains a concise installed cartographic label. It is explicitly not presented as an attested ancient settlement name.
poti_caucasus,capital,Phasis,capital,attested,PLE;P8.2;P8.2;OCD;PLE,secure,Coordinate-verified AD 1 capital anchor
pozega,priority_roman_balkans,[EU5 vanilla pass-through],roman_vanilla_passthrough,unresolved_vanilla_passthrough,P10;PLE,contested,The Roman identity audit found no sufficiently secure AD 1 field identity. Runtime localization deliberately falls through to EU5 vanilla instead of emitting a synthetic name.
prague,capital|priority_germania,Marobudum,priority_proxy,conservative_regional_proxy,P8.7;CAH-XI;GEO-PROXY,tier2,High-visibility capital replacement for a synthetic Tier-3 form. MCM roster capital/territorial label on its documented engine proxy; the engine field is a documented proxy and not an exact settlement polygon.
prato,priority_italy|priority_roman_italy,Faesulae,tier2_far,conservative_regional_proxy,PLE:413124;PLN:413124/faesulae;T2F,tier2,Far Tier-2 AD 1 Pleiades settlement adapter; period-valid name resource 413124/faesulae; nearest installed city field at 11.52px; far lower-confidence map proxy.
prayag,capital,Kaushambi,priority_proxy,conservative_regional_proxy,ASI-MITRA;P8.4;GEO-PROXY,tier2,High-visibility capital replacement for a synthetic Tier-3 form. KSM roster capital/territorial label on its documented engine proxy; the engine field is a documented proxy and not an exact settlement polygon.
preveza,priority_roman_balkans,Nicopolis,tier2,conservative_regional_proxy,PLE:531013;PLN:531013/nicopolis;T2,tier2,Tier-2 AD 1 Pleiades settlement adapter; period-valid name resource 531013/nicopolis; nearest installed city field at 1.24px; lower-confidence map proxy.
prizren,priority_roman_balkans,Gabuleum,tier2_far,conservative_regional_proxy,PLE:481837;PLN:481837/gabuleum;T2F,tier2,Far Tier-2 AD 1 Pleiades settlement adapter; period-valid name resource 481837/gabuleum; nearest installed city field at 11.88px; far lower-confidence map proxy.
prudnik,priority_germania_baltic,Prudnik,priority_proxy,transparent_map_fallback,T3N:installed-label;T3N:transparent-map-label,tier2,High-visibility unresolved field retains a concise installed cartographic label. It is explicitly not presented as an attested ancient settlement name.
pskov,capital,Pskov-Luga striated-pottery material group,priority_proxy,conservative_regional_proxy,GERMANIA-NEVA;GEO-PROXY,tier2,High-visibility capital replacement for a synthetic Tier-3 form. PLH roster capital/territorial label on its documented engine proxy; the engine field is a documented proxy and not an exact settlement polygon.
ptuj,priority_germania_south,Poetovio,curated,attested,PLE:197446,secure,Pleiades exact Poetovio settlement point at 46.41998 15.86998; reviewed against the installed Ptuj location
pucheng,priority_han_west,Púchéng,priority_proxy,transparent_map_fallback,T3N:installed-label;T3N:transparent-map-label,tier2,High-visibility unresolved field retains a concise installed cartographic label. It is explicitly not presented as an attested ancient settlement name.
puck,priority_germania|priority_germania_baltic,Puck,priority_proxy,transparent_map_fallback,T3N:installed-label;T3N:transparent-map-label,tier2,High-visibility unresolved field retains a concise installed cartographic label. It is explicitly not presented as an attested ancient settlement name.
puebla_de_montalban,priority_roman_iberia,[EU5 vanilla pass-through],roman_vanilla_passthrough,unresolved_vanilla_passthrough,P10;PLE,contested,The Roman identity audit found no sufficiently secure AD 1 field identity. Runtime localization deliberately falls through to EU5 vanilla instead of emitting a synthetic name.
pulilan,capital,Central Luzon,priority_proxy,conservative_regional_proxy,NMP-PH-METAL;NMP-PH-JARS;GEO-PROXY,tier2,High-visibility capital replacement for a synthetic Tier-3 form. CXR roster capital/territorial label on its documented engine proxy; the engine field is a documented proxy and not an exact settlement polygon.
puri,priority_india|priority_india_bengal,Puri,priority_proxy,transparent_map_fallback,T3N:installed-label;T3N:transparent-map-label,tier2,High-visibility unresolved field retains a concise installed cartographic label. It is explicitly not presented as an attested ancient settlement name.
purnia,priority_india_bengal,Purnia,priority_proxy,transparent_map_fallback,T3N:installed-label;T3N:transparent-map-label,tier2,High-visibility unresolved field retains a concise installed cartographic label. It is explicitly not presented as an attested ancient settlement name.
putao,capital,Patkai-Upper Irrawaddy Highlands,qualified,conservative_regional_proxy,CAM-MYANMAR-CHRON;P8.9,tier2,Qualified highland anchor rather than the modern Putao settlement.
qabala,capital,Kabalaka,capital,attested,PLE;P8.2;P8.2;OCD;PLE,secure,Coordinate-verified AD 1 capital anchor
qalyub,priority_roman_egypt,[EU5 vanilla pass-through],roman_vanilla_passthrough,unresolved_vanilla_passthrough,P10;PLE,contested,The Roman identity audit found no sufficiently secure AD 1 field identity. Runtime localization deliberately falls through to EU5 vanilla instead of emitting a synthetic name.
qaminis,priority_roman_egypt,[EU5 vanilla pass-through],roman_vanilla_passthrough,unresolved_vanilla_passthrough,P10;PLE,contested,The Roman identity audit found no sufficiently secure AD 1 field identity. Runtime localization deliberately falls through to EU5 vanilla instead of emitting a synthetic name.
qandala,capital,Mosyllon,correction,conservative_regional_proxy,PME-BARBARIA;AJA-SOMALILAND,tier2,Qandala is one published candidate; Ceelayo remains an alternative and no exact identification is asserted.
qashliq,capital,Lower Irtysh Kulay material group,priority_proxy,conservative_regional_proxy,TOM-KUL;BSE-UST-POLUY;GEO-PROXY,tier2,High-visibility capital replacement for a synthetic Tier-3 form. UGR roster capital/territorial label on its documented engine proxy; the engine field is a documented proxy and not an exact settlement polygon.
qasr_farafra,priority_roman_egypt,[EU5 vanilla pass-through],roman_vanilla_passthrough,unresolved_vanilla_passthrough,P10;PLE,contested,The Roman identity audit found no sufficiently secure AD 1 field identity. Runtime localization deliberately falls through to EU5 vanilla instead of emitting a synthetic name.
qena,priority_roman_egypt,Coptos,curated,attested,PLE:786010,secure,Direct Coptos settlement point; the installed Qena key is a bounded Nile-city adapter.
qianlong,priority_han_south,Qiǎnlóng,priority_proxy,transparent_map_fallback,T3N:installed-label;T3N:transparent-map-label,tier2,High-visibility unresolved field retains a concise installed cartographic label. It is explicitly not presented as an attested ancient settlement name.
qianzhou,priority_han|priority_han_west,Qiánzhōu,priority_proxy,transparent_map_fallback,T3N:installed-label;T3N:transparent-map-label,tier2,High-visibility unresolved field retains a concise installed cartographic label. It is explicitly not presented as an attested ancient settlement name.
qingdao,priority_han_south,Qīngdào,priority_proxy,transparent_map_fallback,T3N:installed-label;T3N:transparent-map-label,tier2,High-visibility unresolved field retains a concise installed cartographic label. It is explicitly not presented as an attested ancient settlement name.
qinghe,priority_han|priority_han_north,Qīnghé,priority_proxy,transparent_map_fallback,T3N:installed-label;T3N:transparent-map-label,tier2,High-visibility unresolved field retains a concise installed cartographic label. It is explicitly not presented as an attested ancient settlement name.
qinghe_huaian,priority_han_east,Qīnghé,priority_proxy,transparent_map_fallback,T3N:installed-label;T3N:transparent-map-label,tier2,High-visibility unresolved field retains a concise installed cartographic label. It is explicitly not presented as an attested ancient settlement name.
qingzhou_mongol,capital,Longcheng,capital,attested,P8.3;CAH-XI;P8.3;CAH-XI,secure,Coordinate-verified AD 1 capital anchor
qiongshan,priority_han_south,Qióngshān,priority_proxy,transparent_map_fallback,T3N:installed-label;T3N:transparent-map-label,tier2,High-visibility unresolved field retains a concise installed cartographic label. It is explicitly not presented as an attested ancient settlement name.
qishan,priority_han_west,Qíshān,priority_proxy,transparent_map_fallback,T3N:installed-label;T3N:transparent-map-label,tier2,High-visibility unresolved field retains a concise installed cartographic label. It is explicitly not presented as an attested ancient settlement name.
qixian_tongchuan,priority_han_west,Qīxiàn,priority_proxy,transparent_map_fallback,T3N:installed-label;T3N:transparent-map-label,tier2,High-visibility unresolved field retains a concise installed cartographic label. It is explicitly not presented as an attested ancient settlement name.
qiyang,priority_han|priority_han_east,Qíyáng,priority_proxy,transparent_map_fallback,T3N:installed-label;T3N:transparent-map-label,tier2,High-visibility unresolved field retains a concise installed cartographic label. It is explicitly not presented as an attested ancient settlement name.
quimper,priority_gaul|priority_roman|priority_roman_gaul,[EU5 vanilla pass-through],roman_vanilla_passthrough,unresolved_vanilla_passthrough,P10;PLE,contested,The Roman identity audit found no sufficiently secure AD 1 field identity. Runtime localization deliberately falls through to EU5 vanilla instead of emitting a synthetic name.
quimperle,priority_gaul|priority_roman|priority_roman_gaul,[EU5 vanilla pass-through],roman_vanilla_passthrough,unresolved_vanilla_passthrough,P10;PLE,contested,The Roman identity audit found no sufficiently secure AD 1 field identity. Runtime localization deliberately falls through to EU5 vanilla instead of emitting a synthetic name.
qus,priority_roman_egypt,Pallas,tier2_remote,conservative_regional_proxy,PLE:786081;PLN:786081/pallas;T2R,tier2,Remote Tier-2 AD 1 Pleiades settlement adapter; period-valid name resource 786081/pallas; nearest installed city field at 4.30px; remote lower-confidence map proxy.
qusqu,capital,Cusco basin,priority_proxy,conservative_regional_proxy,CUSCO-FORMATIVE;CWP-ANDES;P8.10;GEO-PROXY,tier2,High-visibility capital replacement for a synthetic Tier-3 form. CBA roster capital/territorial label on its documented engine proxy; the engine field is a documented proxy and not an exact settlement polygon.
rachakonda,priority_india|priority_india_deccan,Rachakonda,priority_proxy,transparent_map_fallback,T3N:installed-label;T3N:transparent-map-label,tier2,High-visibility unresolved field retains a concise installed cartographic label. It is explicitly not presented as an attested ancient settlement name.
raciborz,priority_germania_baltic,Racibórz,priority_proxy,transparent_map_fallback,T3N:installed-label;T3N:transparent-map-label,tier2,High-visibility unresolved field retains a concise installed cartographic label. It is explicitly not presented as an attested ancient settlement name.
raigadh,priority_india_bengal,Raigadh,priority_proxy,transparent_map_fallback,T3N:installed-label;T3N:transparent-map-label,tier2,High-visibility unresolved field retains a concise installed cartographic label. It is explicitly not presented as an attested ancient settlement name.
raipur,capital|priority_india_central,Upper Mahanadi Plain,qualified,conservative_regional_proxy,INFLIB-DAKSHINA-KOSALA;P8.4,tier2,Qualified Dakshina Kosala campaign anchor rather than the later Raipur city or Sirpur court.
raisin,priority_india_central,Raisin,priority_proxy,transparent_map_fallback,T3N:installed-label;T3N:transparent-map-label,tier2,High-visibility unresolved field retains a concise installed cartographic label. It is explicitly not presented as an attested ancient settlement name.
rajamahendry,priority_india_deccan,Rajamahendry,priority_proxy,transparent_map_fallback,T3N:installed-label;T3N:transparent-map-label,tier2,High-visibility unresolved field retains a concise installed cartographic label. It is explicitly not presented as an attested ancient settlement name.
rajgir,priority_india_bengal,Rājagṛha,tier2_ultra,conservative_regional_proxy,PLE:60016;PLN:60016/rajagr323ha;T2U,tier2,Ultra-far Tier-2 AD 1 Pleiades settlement adapter; period-valid name resource 60016/rajagr323ha; nearest installed city field at 17.53px; ultra-far lower-confidence map proxy.
rajim,priority_india_central,Rajim,priority_proxy,transparent_map_fallback,T3N:installed-label;T3N:transparent-map-label,tier2,High-visibility unresolved field retains a concise installed cartographic label. It is explicitly not presented as an attested ancient settlement name.
rajmahal,priority_india_bengal,Rajmahal,priority_proxy,transparent_map_fallback,T3N:installed-label;T3N:transparent-map-label,tier2,High-visibility unresolved field retains a concise installed cartographic label. It is explicitly not presented as an attested ancient settlement name.
rakovnik,priority_germania,Rakovník,priority_proxy,transparent_map_fallback,T3N:installed-label;T3N:transparent-map-label,tier2,High-visibility unresolved field retains a concise installed cartographic label. It is explicitly not presented as an attested ancient settlement name.
ramesvaram,priority_india|priority_india_deccan,Ramesvaram,priority_proxy,transparent_map_fallback,T3N:installed-label;T3N:transparent-map-label,tier2,High-visibility unresolved field retains a concise installed cartographic label. It is explicitly not presented as an attested ancient settlement name.
ramsis,priority_roman_egypt,[EU5 vanilla pass-through],roman_vanilla_passthrough,unresolved_vanilla_passthrough,P10;PLE,contested,The Roman identity audit found no sufficiently secure AD 1 field identity. Runtime localization deliberately falls through to EU5 vanilla instead of emitting a synthetic name.
ranchi,capital,Chota Nagpur plateau,priority_proxy,conservative_regional_proxy,OUP-NEINDIA;P8.4;GEO-PROXY,tier2,High-visibility capital replacement for a synthetic Tier-3 form. CNP roster capital/territorial label on its documented engine proxy; the engine field is a documented proxy and not an exact settlement polygon.
rander,priority_india_west,Kammoni,tier2_far,conservative_regional_proxy,PLE:50032;PLN:50032/kammoni;T2F,tier2,Far Tier-2 AD 1 Pleiades settlement adapter; period-valid name resource 50032/kammoni; nearest installed city field at 10.23px; far lower-confidence map proxy.
ranpur,priority_india_west,Ranpur,priority_proxy,transparent_map_fallback,T3N:installed-label;T3N:transparent-map-label,tier2,High-visibility unresolved field retains a concise installed cartographic label. It is explicitly not presented as an attested ancient settlement name.
ras_hafun,capital,Opone,correction,conservative_regional_proxy,PME-BARBARIA;AJA-SOMALILAND;UOA-PERIPLUS,tier2,Near-contemporary port name and standard Ras Hafun identification.
rashid,priority_roman_egypt,Nikopolis,tier2_remote,conservative_regional_proxy,PLE:727131;PLN:727131/nikopolis;T2R,tier2,Remote Tier-2 AD 1 Pleiades settlement adapter; period-valid name resource 727131/nikopolis; nearest installed city field at 4.36px; remote lower-confidence map proxy.
rath,priority_india|priority_india_central,Rath,priority_proxy,transparent_map_fallback,T3N:installed-label;T3N:transparent-map-label,tier2,High-visibility unresolved field retains a concise installed cartographic label. It is explicitly not presented as an attested ancient settlement name.
ratnapura,priority_india|priority_india_central,Ratnapura,priority_proxy,transparent_map_fallback,T3N:installed-label;T3N:transparent-map-label,tier2,High-visibility unresolved field retains a concise installed cartographic label. It is explicitly not presented as an attested ancient settlement name.
ravenna,priority_italy|priority_roman|priority_roman_italy|urban_node,Ravenna,curated,attested,PLE:393480;P8.1;MIC-CLASSE,secure,Direct Pleiades settlement point at the installed Ravenna city field; this replaces the distant Augusta adapter.
ravno,priority_roman_balkans,Horreum Margi,tier2_ultra,conservative_regional_proxy,PLE:207173;PLN:207173/horreum-margi;T2U,tier2,Ultra-far Tier-2 AD 1 Pleiades settlement adapter; period-valid name resource 207173/horreum-margi; nearest installed city field at 13.64px; ultra-far lower-confidence map proxy.
rawa,capital,Venedia,qualified,conservative_regional_proxy,P8.7;CAH-XI,tier2,Qualified Venedi regional adapter: the installed Rawa field is a society-of-peoples anchor rather than a claim about the later town name.
redhakhol,priority_india_bengal,Redhakhol,priority_proxy,transparent_map_fallback,T3N:installed-label;T3N:transparent-map-label,tier2,High-visibility unresolved field retains a concise installed cartographic label. It is explicitly not presented as an attested ancient settlement name.
regensburg,capital,Upper Danube communities,priority_proxy,conservative_regional_proxy,P8.7;CAH-XI;TAC-GER;GEO-PROXY,tier2,High-visibility capital replacement for a synthetic Tier-3 form. NAR roster capital/territorial label on its documented engine proxy; the engine field is a documented proxy and not an exact settlement polygon.
rennes,priority_gaul|priority_roman_gaul,[EU5 vanilla pass-through],roman_vanilla_passthrough,unresolved_vanilla_passthrough,P10;PLE,contested,The Roman identity audit found no sufficiently secure AD 1 field identity. Runtime localization deliberately falls through to EU5 vanilla instead of emitting a synthetic name.
renshou,priority_han_west,Rénshòu,priority_proxy,transparent_map_fallback,T3N:installed-label;T3N:transparent-map-label,tier2,High-visibility unresolved field retains a concise installed cartographic label. It is explicitly not presented as an attested ancient settlement name.
rewa,capital|priority_india_central,Son-Vindhya Uplands,qualified,conservative_regional_proxy,INFLIB-EARLY-HISTORIC;P8.4,tier2,Qualified archaeological-geographic anchor rather than the later Rewa polity or identity.
rey,urban_node,Rhaga,curated,attested,IRAN-RHAGA,secure,Encyclopaedia Iranica identifies ancient Rhaga as modern Ray; direct installed city-field label.
rho,priority_italy|priority_roman_italy,[EU5 vanilla pass-through],roman_vanilla_passthrough,unresolved_vanilla_passthrough,P10;PLE,contested,The Roman identity audit found no sufficiently secure AD 1 field identity. Runtime localization deliberately falls through to EU5 vanilla instead of emitting a synthetic name.
ried,priority_germania_south,[EU5 vanilla pass-through],roman_vanilla_passthrough,unresolved_vanilla_passthrough,P10;PLE,contested,The Roman identity audit found no sufficiently secure AD 1 field identity. Runtime localization deliberately falls through to EU5 vanilla instead of emitting a synthetic name.
rieti,priority_italy|priority_roman_italy,Septem Aquae,tier2_remote,conservative_regional_proxy,PLE:416856;PLN:416856/septem-aquae;T2R,tier2,Remote Tier-2 AD 1 Pleiades settlement adapter; period-valid name resource 416856/septem-aquae; nearest installed city field at 5.42px; remote lower-confidence map proxy.
riga,priority_germania_baltic,Riga,priority_proxy,transparent_map_fallback,T3N:installed-label;T3N:transparent-map-label,tier2,High-visibility unresolved field retains a concise installed cartographic label. It is explicitly not presented as an attested ancient settlement name.
rimaq,capital,Lima Culture,qualified,conservative_regional_proxy,P8.10;CAH-XI,tier2,Qualified Lima-culture regional anchor rather than the later city name.
rimini,priority_italy|priority_roman_italy,Ariminum,curated,attested,PLE:393379;MIC-AEM,secure,Pleiades exact Ariminum city point at 44.05896 12.56319; the local Ministry source also anchors Roman Rimini
ringkobing,capital,Western Jutland communities,priority_proxy,conservative_regional_proxy,P8.7;TAC-GER;OCD-GER;PLE;GEO-PROXY,tier2,High-visibility capital replacement for a synthetic Tier-3 form. EUD roster capital/territorial label on its documented engine proxy; the engine field is a documented proxy and not an exact settlement polygon.
ripon,capital,Brigantes,correction,conservative_regional_proxy,EH-ISURIUM,tier2,Replaces Isurium Brigantum: the Aldborough settlement began about AD 70 and became a civitas capital about AD 120; Brigantes is an explicit regional field proxy.
riseberga,priority_germania_scandinavia,Riseberga,priority_proxy,transparent_map_fallback,T3N:installed-label;T3N:transparent-map-label,tier2,High-visibility unresolved field retains a concise installed cartographic label. It is explicitly not presented as an attested ancient settlement name.
rohri,priority_india_west,Rohri,priority_proxy,transparent_map_fallback,T3N:installed-label;T3N:transparent-map-label,tier2,High-visibility unresolved field retains a concise installed cartographic label. It is explicitly not presented as an attested ancient settlement name.
rohtak,capital,Southwestern Indraprastha–Kuru Lowlands,qualified,conservative_regional_proxy,P8.4;CAH-XI;R5-GEOGRAPHY,tier2,Qualified Yaudheya regional anchor rather than a claim about the modern Rohtak name. Round 5 researched geography replaces the installed or descriptive fallback.
rome,capital|priority_italy|priority_roman|priority_roman_italy|top_city|urban_node,Roma,curated,attested,P8.1;CAH-XI,secure,Secure AD 1 Roman capital form at the direct installed Rome city field.
rongchang,priority_han_west,Róngchāng,priority_proxy,transparent_map_fallback,T3N:installed-label;T3N:transparent-map-label,tier2,High-visibility unresolved field retains a concise installed cartographic label. It is explicitly not presented as an attested ancient settlement name.
roskilde,capital|priority_germania|priority_germania_scandinavia,Zealand communities,priority_proxy,conservative_regional_proxy,P8.7;TAC-GER;OCD-GER;PLE;GEO-PROXY,tier2,High-visibility capital replacement for a synthetic Tier-3 form. AVN roster capital/territorial label on its documented engine proxy; the engine field is a documented proxy and not an exact settlement polygon.
rostock,priority_germania|priority_germania_north,Rostock,priority_proxy,transparent_map_fallback,T3N:installed-label;T3N:transparent-map-label,tier2,High-visibility unresolved field retains a concise installed cartographic label. It is explicitly not presented as an attested ancient settlement name.
rouen,priority_gaul|priority_roman_gaul,Rotomagus,curated,attested,PLE:109287,secure,Pleiades exact Rotomagus settlement point at 49.44084 1.09645; reviewed against the installed Rouen location
rovigo,priority_italy|priority_roman_italy,[EU5 vanilla pass-through],roman_vanilla_passthrough,unresolved_vanilla_passthrough,P10;PLE,contested,The Roman identity audit found no sufficiently secure AD 1 field identity. Runtime localization deliberately falls through to EU5 vanilla instead of emitting a synthetic name.
rovinj,priority_roman_balkans,Parentium,tier2_wide,conservative_regional_proxy,PLE:197427;PLN:197427/parentium;T2W,tier2,Wide Tier-2 AD 1 Pleiades settlement adapter; period-valid name resource 197427/parentium; nearest installed city field at 2.28px; lower-confidence map proxy.
rubaga,capital,Great Lakes Urewe horizon,priority_proxy,conservative_regional_proxy,JAH-BANTU-MOBILITY;AZA-UREWE;P8.5;GEO-PROXY,tier2,High-visibility capital replacement for a synthetic Tier-3 form. URW roster capital/territorial label on its documented engine proxy; the engine field is a documented proxy and not an exact settlement polygon.
ruxi,priority_han_south,Rúxī,priority_proxy,transparent_map_fallback,T3N:installed-label;T3N:transparent-map-label,tier2,High-visibility unresolved field retains a concise installed cartographic label. It is explicitly not presented as an attested ancient settlement name.
ruyang,priority_han|priority_han_north,Rǔyáng,priority_proxy,transparent_map_fallback,T3N:installed-label;T3N:transparent-map-label,tier2,High-visibility unresolved field retains a concise installed cartographic label. It is explicitly not presented as an attested ancient settlement name.
rychbach,priority_germania|priority_germania_baltic,Rychbach,priority_proxy,transparent_map_fallback,T3N:installed-label;T3N:transparent-map-label,tier2,High-visibility unresolved field retains a concise installed cartographic label. It is explicitly not presented as an attested ancient settlement name.
sabina,priority_italy|priority_roman_italy,Forum Novum,tier2_remote,conservative_regional_proxy,PLE:413148;PLN:413148/forum-novum;T2R,tier2,Remote Tier-2 AD 1 Pleiades settlement adapter; period-valid name resource 413148/forum-novum; nearest installed city field at 3.48px; remote lower-confidence map proxy.
sadiya,capital,Sadiya and eastern Himalayan foothills,priority_proxy,conservative_regional_proxy,OUP-NEINDIA;P8.4;GEO-PROXY,tier2,High-visibility capital replacement for a synthetic Tier-3 form. SDY roster capital/territorial label on its documented engine proxy; the engine field is a documented proxy and not an exact settlement polygon.
saeki,priority_japan,Saeki,priority_proxy,transparent_map_fallback,T3N:installed-label;T3N:transparent-map-label,tier2,High-visibility unresolved field retains a concise installed cartographic label. It is explicitly not presented as an attested ancient settlement name.
safed,capital,Tiberias,capital,attested,PLE;P8.1;P8.1;OCD;PLE,secure,Coordinate-verified AD 1 capital anchor
saga,priority_japan,Saga,priority_proxy,transparent_map_fallback,T3N:installed-label;T3N:transparent-map-label,tier2,High-visibility unresolved field retains a concise installed cartographic label. It is explicitly not presented as an attested ancient settlement name.
saint_anthony,priority_roman_egypt,[EU5 vanilla pass-through],roman_vanilla_passthrough,unresolved_vanilla_passthrough,P10;PLE,contested,The Roman identity audit found no sufficiently secure AD 1 field identity. Runtime localization deliberately falls through to EU5 vanilla instead of emitting a synthetic name.
saint_avold,priority_gaul|priority_roman_gaul,[EU5 vanilla pass-through],roman_vanilla_passthrough,unresolved_vanilla_passthrough,P10;PLE,contested,The Roman identity audit found no sufficiently secure AD 1 field identity. Runtime localization deliberately falls through to EU5 vanilla instead of emitting a synthetic name.
saint_malo,priority_gaul|priority_roman|priority_roman_gaul,Fanum Martis,tier2_ultra,conservative_regional_proxy,PLE:69507;PLN:69507/fanum-martis;T2U,tier2,Ultra-far Tier-2 AD 1 Pleiades settlement adapter; period-valid name resource 69507/fanum-martis; nearest installed city field at 22.21px; ultra-far lower-confidence map proxy.
saint_pol,priority_gaul,[EU5 vanilla pass-through],roman_vanilla_passthrough,unresolved_vanilla_passthrough,P10;PLE,contested,The Roman identity audit found no sufficiently secure AD 1 field identity. Runtime localization deliberately falls through to EU5 vanilla instead of emitting a synthetic name.
saintala,priority_india_bengal,Saintala,priority_proxy,transparent_map_fallback,T3N:installed-label;T3N:transparent-map-label,tier2,High-visibility unresolved field retains a concise installed cartographic label. It is explicitly not presented as an attested ancient settlement name.
saitama,priority_japan,Saitama,priority_proxy,transparent_map_fallback,T3N:installed-label;T3N:transparent-map-label,tier2,High-visibility unresolved field retains a concise installed cartographic label. It is explicitly not presented as an attested ancient settlement name.
sakai_echizen,priority_japan,Sakai,priority_proxy,transparent_map_fallback,T3N:installed-label;T3N:transparent-map-label,tier2,High-visibility unresolved field retains a concise installed cartographic label. It is explicitly not presented as an attested ancient settlement name.
sala,priority_germania_scandinavia,Sala,priority_proxy,transparent_map_fallback,T3N:installed-label;T3N:transparent-map-label,tier2,High-visibility unresolved field retains a concise installed cartographic label. It is explicitly not presented as an attested ancient settlement name.
salacon,priority_italy|priority_roman|priority_roman_italy,Tegianum,tier2_remote,conservative_regional_proxy,PLE:442816;PLN:442816/tegianum;T2R,tier2,Remote Tier-2 AD 1 Pleiades settlement adapter; period-valid name resource 442816/tegianum; nearest installed city field at 4.70px; remote lower-confidence map proxy.
salaga,priority_west_africa_guinea,Salaga,priority_proxy,transparent_map_fallback,T3N:installed-label;T3N:transparent-map-label,tier2,High-visibility unresolved field retains a concise installed cartographic label. It is explicitly not presented as an attested ancient settlement name.
salaspils,priority_germania_baltic,Salaspils,priority_proxy,transparent_map_fallback,T3N:installed-label;T3N:transparent-map-label,tier2,High-visibility unresolved field retains a concise installed cartographic label. It is explicitly not presented as an attested ancient settlement name.
salemata,priority_west_africa_guinea,Salémata,priority_proxy,transparent_map_fallback,T3N:installed-label;T3N:transparent-map-label,tier2,High-visibility unresolved field retains a concise installed cartographic label. It is explicitly not presented as an attested ancient settlement name.
salerno,priority_italy|priority_roman|priority_roman_italy,Salernum,curated,attested,PLE:433075,secure,Pleiades exact Salernum city point at 40.67799 14.76592; reviewed against the installed Salerno location
salisbury,capital,Sorviodunum,tier2_far,conservative_regional_proxy,PLE:79688;PLN:79688/sorviodunum;T2F,tier2,Far Tier-2 AD 1 Pleiades settlement adapter; period-valid name resource 79688/sorviodunum; nearest installed city field at 7.45px; far lower-confidence map proxy.
sallum,priority_roman_egypt,Plynos Limen,tier2_far,conservative_regional_proxy,PLE:716540;PLN:716540/plynos-limen;T2F,tier2,Far Tier-2 AD 1 Pleiades settlement adapter; period-valid name resource 716540/plynos-limen; nearest installed city field at 8.04px; far lower-confidence map proxy.
salumbar,priority_india_west,Salumbar,priority_proxy,transparent_map_fallback,T3N:installed-label;T3N:transparent-map-label,tier2,High-visibility unresolved field retains a concise installed cartographic label. It is explicitly not presented as an attested ancient settlement name.
salvaterra,priority_roman_iberia,[EU5 vanilla pass-through],roman_vanilla_passthrough,unresolved_vanilla_passthrough,P10;PLE,contested,The Roman identity audit found no sufficiently secure AD 1 field identity. Runtime localization deliberately falls through to EU5 vanilla instead of emitting a synthetic name.
salzburg,priority_germania_south,Cucullae,tier2_remote,conservative_regional_proxy,PLE:187355;PLN:187355/cucullae;T2R,tier2,Remote Tier-2 AD 1 Pleiades settlement adapter; period-valid name resource 187355/cucullae; nearest installed city field at 4.32px; remote lower-confidence map proxy.
samana_india,priority_india|priority_india_hindustan,Samana,priority_proxy,transparent_map_fallback,T3N:installed-label;T3N:transparent-map-label,tier2,High-visibility unresolved field retains a concise installed cartographic label. It is explicitly not presented as an attested ancient settlement name.
samanoud,priority_roman_egypt,Atarbechis,tier2_remote,conservative_regional_proxy,PLE:727077;PLN:727077/atarbechis;T2R,tier2,Remote Tier-2 AD 1 Pleiades settlement adapter; period-valid name resource 727077/atarbechis; nearest installed city field at 3.39px; remote lower-confidence map proxy.
samarkand,capital|top_city|urban_node,Marakanda,curated,attested,PLE;P12.2;P8.8,secure,Direct ancient Sogdian city name
samastipur,priority_india|priority_india_bengal,Samastipur,priority_proxy,transparent_map_fallback,T3N:installed-label;T3N:transparent-map-label,tier2,High-visibility unresolved field retains a concise installed cartographic label. It is explicitly not presented as an attested ancient settlement name.
sambas,capital,Western Borneo Littoral,qualified,conservative_regional_proxy,ANU-NIAH-METAL;P8.9,tier2,Geographic anchor without backdating Sambas or a Malay court.
sambhal,priority_india|priority_india_hindustan,Persakra,tier2_ultra,conservative_regional_proxy,PLE:59991;PLN:59991/persakra;T2U,tier2,Ultra-far Tier-2 AD 1 Pleiades settlement adapter; period-valid name resource 59991/persakra; nearest installed city field at 12.20px; ultra-far lower-confidence map proxy.
samboangan,capital,Zamboanga Peninsula,priority_proxy,conservative_regional_proxy,NMP-PH-METAL;NMP-PH-JARS;BELLINA-SHK;GEO-PROXY,tier2,High-visibility capital replacement for a synthetic Tier-3 form. ZBG roster capital/territorial label on its documented engine proxy; the engine field is a documented proxy and not an exact settlement polygon.
sampit,capital,Central-Southern River Corridors,qualified,conservative_regional_proxy,ANTH-KAL-IRON;P8.9;R5-GEOGRAPHY,tier2,Geographic anchor without later ethnic or political identity. Round 5 researched geography replaces the installed or descriptive fallback.
samsat,capital|priority_anatolia,Samosata,capital,attested,PLE;P8.1;P8.1;OCD;PLE,secure,Coordinate-verified AD 1 capital anchor
samsun,priority_roman_anatolia,Amisus,curated,attested,PLE:857024,secure,Direct Amisus settlement point at the installed Samsun coastal city proxy.
san_vicente_barquera,priority_roman_iberia,[EU5 vanilla pass-through],roman_vanilla_passthrough,unresolved_vanilla_passthrough,P10;PLE,contested,The Roman identity audit found no sufficiently secure AD 1 field identity. Runtime localization deliberately falls through to EU5 vanilla instead of emitting a synthetic name.
sandikli,priority_roman_anatolia,Homadena,tier2_remote,conservative_regional_proxy,PLE:609408;PLN:609408/homadena;T2R,tier2,Remote Tier-2 AD 1 Pleiades settlement adapter; period-valid name resource 609408/homadena; nearest installed city field at 4.00px; remote lower-confidence map proxy.
sanlorenzo,priority_italy|priority_roman_italy,Anneianum,tier2_far,conservative_regional_proxy,PLE:413016;PLN:413016/anneianum;T2F,tier2,Far Tier-2 AD 1 Pleiades settlement adapter; period-valid name resource 413016/anneianum; nearest installed city field at 9.50px; far lower-confidence map proxy.
sanlucar_la_mayor,priority_roman_iberia,Olontigi,tier2,conservative_regional_proxy,PLE:256339;PLN:256339/olontigi;T2,tier2,Tier-2 AD 1 Pleiades settlement adapter; period-valid name resource 256339/olontigi; nearest installed city field at 0.69px; lower-confidence map proxy.
sanrao,priority_han_south,Sānráo,priority_proxy,transparent_map_fallback,T3N:installed-label;T3N:transparent-map-label,tier2,High-visibility unresolved field retains a concise installed cartographic label. It is explicitly not presented as an attested ancient settlement name.
sansanding,priority_west_africa|priority_west_africa_sahel,Sansanding,priority_proxy,transparent_map_fallback,T3N:installed-label;T3N:transparent-map-label,tier2,High-visibility unresolved field retains a concise installed cartographic label. It is explicitly not presented as an attested ancient settlement name.
sansanne_mango,priority_west_africa|priority_west_africa_sahel,Sansanné-Mango,priority_proxy,transparent_map_fallback,T3N:installed-label;T3N:transparent-map-label,tier2,High-visibility unresolved field retains a concise installed cartographic label. It is explicitly not presented as an attested ancient settlement name.
sansepolcro,priority_italy|priority_roman_italy,[EU5 vanilla pass-through],roman_vanilla_passthrough,unresolved_vanilla_passthrough,P10;PLE,contested,The Roman identity audit found no sufficiently secure AD 1 field identity. Runtime localization deliberately falls through to EU5 vanilla instead of emitting a synthetic name.
sansevero,priority_italy|priority_roman_italy,Teanum Apulum,tier2,conservative_regional_proxy,PLE:442815;PLN:442815/teanum-apulum;T2,tier2,Tier-2 AD 1 Pleiades settlement adapter; period-valid name resource 442815/teanum-apulum; nearest installed city field at 1.49px; lower-confidence map proxy.
sant_feliu,priority_roman|priority_roman_iberia,[EU5 vanilla pass-through],roman_vanilla_passthrough,unresolved_vanilla_passthrough,P10;PLE,contested,The Roman identity audit found no sufficiently secure AD 1 field identity. Runtime localization deliberately falls through to EU5 vanilla instead of emitting a synthetic name.
santander,priority_roman_iberia,Iuliobriga,tier2_remote,conservative_regional_proxy,PLE:236493;PLN:236493/iuliobriga;T2R,tier2,Remote Tier-2 AD 1 Pleiades settlement adapter; period-valid name resource 236493/iuliobriga; nearest installed city field at 5.09px; remote lower-confidence map proxy.
santangelo,priority_italy|priority_roman|priority_roman_italy,Compsa,tier2_far,conservative_regional_proxy,PLE:442550;PLN:442550/compsa;T2F,tier2,Far Tier-2 AD 1 Pleiades settlement adapter; period-valid name resource 442550/compsa; nearest installed city field at 7.72px; far lower-confidence map proxy.
santarcangelo,priority_italy|priority_roman_italy,Lagaría,tier2_far,conservative_regional_proxy,PLE:452383;PLN:452383/lagaria;T2F,tier2,Far Tier-2 AD 1 Pleiades settlement adapter; period-valid name resource 452383/lagaria; nearest installed city field at 7.99px; far lower-confidence map proxy.
santarem,priority_roman_iberia,[EU5 vanilla pass-through],roman_vanilla_passthrough,unresolved_vanilla_passthrough,P10;PLE,contested,The Roman identity audit found no sufficiently secure AD 1 field identity. Runtime localization deliberately falls through to EU5 vanilla instead of emitting a synthetic name.
santubong,capital,Sarawak Delta Corridors,qualified,conservative_regional_proxy,ANU-NIAH-METAL;P8.9;R5-GEOGRAPHY,tier2,Geographic anchor without backdating the later Santubong industrial centre. Round 5 researched geography replaces the installed or descriptive fallback.
sanyuan,priority_han_west,Sānyuán,priority_proxy,transparent_map_fallback,T3N:installed-label;T3N:transparent-map-label,tier2,High-visibility unresolved field retains a concise installed cartographic label. It is explicitly not presented as an attested ancient settlement name.
sarangpur,priority_india_central,Sarangpur,priority_proxy,transparent_map_fallback,T3N:installed-label;T3N:transparent-map-label,tier2,High-visibility unresolved field retains a concise installed cartographic label. It is explicitly not presented as an attested ancient settlement name.
sare_dioulde,priority_west_africa_guinea,Saré Diouldé,priority_proxy,transparent_map_fallback,T3N:installed-label;T3N:transparent-map-label,tier2,High-visibility unresolved field retains a concise installed cartographic label. It is explicitly not presented as an attested ancient settlement name.
sargadwari,priority_india|priority_india_hindustan,Sargadwari,priority_proxy,transparent_map_fallback,T3N:installed-label;T3N:transparent-map-label,tier2,High-visibility unresolved field retains a concise installed cartographic label. It is explicitly not presented as an attested ancient settlement name.
sarikol,capital,Lithinos Pyrgos,tier2_ultra,conservative_regional_proxy,PLE:59897;PLN:59897/lithinos-pyrgos;T2U,tier2,Ultra-far Tier-2 AD 1 Pleiades settlement adapter; period-valid name resource 59897/lithinos-pyrgos; nearest installed city field at 20.06px; ultra-far lower-confidence map proxy.
sariyahsi,priority_anatolia,Parnassos,tier2_remote,conservative_regional_proxy,PLE:619235;PLN:619235/parnassos;T2R,tier2,Remote Tier-2 AD 1 Pleiades settlement adapter; period-valid name resource 619235/parnassos; nearest installed city field at 3.64px; remote lower-confidence map proxy.
sarkisla,priority_anatolia,Tonosa,tier2_ultra,conservative_regional_proxy,PLE:629099;PLN:629099/tonosa;T2U,tier2,Ultra-far Tier-2 AD 1 Pleiades settlement adapter; period-valid name resource 629099/tonosa; nearest installed city field at 15.14px; ultra-far lower-confidence map proxy.
sarzana,priority_italy|priority_roman_italy,Portus Veneris,tier2_far,conservative_regional_proxy,PLE:403262;PLN:403262/portus-veneris;T2F,tier2,Far Tier-2 AD 1 Pleiades settlement adapter; period-valid name resource 403262/portus-veneris; nearest installed city field at 10.33px; far lower-confidence map proxy.
satgaon,priority_india_bengal,Tamalites,tier2_ultra,conservative_regional_proxy,PLE:60079;PLN:60079/tamalites;T2U,tier2,Ultra-far Tier-2 AD 1 Pleiades settlement adapter; period-valid name resource 60079/tamalites; nearest installed city field at 13.17px; ultra-far lower-confidence map proxy.
savona,priority_italy|priority_roman_italy,Vada Sabatia,tier2_remote,conservative_regional_proxy,PLE:383808;PLN:383808/vada-sabatia;T2R,tier2,Remote Tier-2 AD 1 Pleiades settlement adapter; period-valid name resource 383808/vada-sabatia; nearest installed city field at 3.66px; remote lower-confidence map proxy.
sayula,capital,Southern Jalisco basins,priority_proxy,conservative_regional_proxy,INAH-WEST-SHAFT;INAH-COLIMA;GEO-PROXY,tier2,High-visibility capital replacement for a synthetic Tier-3 form. SJB roster capital/territorial label on its documented engine proxy; the engine field is a documented proxy and not an exact settlement polygon.
sbiba,priority_roman_maghreb,Sufetula,tier2_wide,conservative_regional_proxy,PLE:324816;PLN:324816/sufetula;T2W,tier2,Wide Tier-2 AD 1 Pleiades settlement adapter; period-valid name resource 324816/sufetula; nearest installed city field at 2.31px; lower-confidence map proxy.
sbikha,priority_roman_maghreb,Cululis Theodoriana,tier2_far,conservative_regional_proxy,PLE:324697;PLN:324697/cululis-theodoriana;T2F,tier2,Far Tier-2 AD 1 Pleiades settlement adapter; period-valid name resource 324697/cululis-theodoriana; nearest installed city field at 7.61px; far lower-confidence map proxy.
scharding,priority_germania_south,[EU5 vanilla pass-through],roman_vanilla_passthrough,unresolved_vanilla_passthrough,P10;PLE,contested,The Roman identity audit found no sufficiently secure AD 1 field identity. Runtime localization deliberately falls through to EU5 vanilla instead of emitting a synthetic name.
schwerin,capital,Mecklenburg communities,priority_proxy,conservative_regional_proxy,P8.7;TAC-GER;OCD-GER;PLE;GEO-PROXY,tier2,High-visibility capital replacement for a synthetic Tier-3 form. VRN roster capital/territorial label on its documented engine proxy; the engine field is a documented proxy and not an exact settlement polygon.
sciacca,priority_italy|priority_roman_italy,[EU5 vanilla pass-through],roman_vanilla_passthrough,unresolved_vanilla_passthrough,P10;PLE,contested,The Roman identity audit found no sufficiently secure AD 1 field identity. Runtime localization deliberately falls through to EU5 vanilla instead of emitting a synthetic name.
sebes,capital,Sarmizegetusa,capital,attested,PLE:207425;P8.7;P8.7;CAH-XI;PLE,secure,Coordinate-verified AD 1 capital anchor
segbana,priority_west_africa_guinea,Ségbana,priority_proxy,transparent_map_fallback,T3N:installed-label;T3N:transparent-map-label,tier2,High-visibility unresolved field retains a concise installed cartographic label. It is explicitly not presented as an attested ancient settlement name.
segou,priority_west_africa|priority_west_africa_sahel,Ségou,priority_proxy,transparent_map_fallback,T3N:installed-label;T3N:transparent-map-label,tier2,High-visibility unresolved field retains a concise installed cartographic label. It is explicitly not presented as an attested ancient settlement name.
sehore,priority_india_central,Sehore,priority_proxy,transparent_map_fallback,T3N:installed-label;T3N:transparent-map-label,tier2,High-visibility unresolved field retains a concise installed cartographic label. It is explicitly not presented as an attested ancient settlement name.
selanger,priority_germania_scandinavia,Selånger,priority_proxy,transparent_map_fallback,T3N:installed-label;T3N:transparent-map-label,tier2,High-visibility unresolved field retains a concise installed cartographic label. It is explicitly not presented as an attested ancient settlement name.
selkirk,capital,Trimontium,priority_proxy,conservative_regional_proxy,P8.7;PTO-GEO-II2;MANN-BRI;GEO-PROXY,tier2,High-visibility capital replacement for a synthetic Tier-3 form. SEL roster capital/territorial label on its documented engine proxy; the engine field is a documented proxy and not an exact settlement polygon.
semikarakorsk,capital,Aorsian Tanais–Manych Steppe,capital,attested,P8.7;CAH-XI;P8.7;CAH-XI,secure,Coordinate-verified AD 1 capital anchor
sendamangalam,priority_india_deccan,Sendamangalam,priority_proxy,transparent_map_fallback,T3N:installed-label;T3N:transparent-map-label,tier2,High-visibility unresolved field retains a concise installed cartographic label. It is explicitly not presented as an attested ancient settlement name.
senj,priority_roman_balkans,Arupium,tier2_far,conservative_regional_proxy,PLE:197143;PLN:197143/arupium;T2F,tier2,Far Tier-2 AD 1 Pleiades settlement adapter; period-valid name resource 197143/arupium; nearest installed city field at 9.14px; far lower-confidence map proxy.
senlis,priority_gaul|priority_roman_gaul,Litanobriga,tier2_wide,conservative_regional_proxy,PLE:109116;PLN:109116/litanobriga;T2W,tier2,Wide Tier-2 AD 1 Pleiades settlement adapter; period-valid name resource 109116/litanobriga; nearest installed city field at 2.28px; lower-confidence map proxy.
serpa,priority_roman_iberia,Iulia Myrtilis,tier2_far,conservative_regional_proxy,PLE:256234;PLN:256234/iulia-myrtilis;T2F,tier2,Far Tier-2 AD 1 Pleiades settlement adapter; period-valid name resource 256234/iulia-myrtilis; nearest installed city field at 7.98px; far lower-confidence map proxy.
sesayap,capital,Northeast River-Sea Corridors,qualified,conservative_regional_proxy,QSR-LIANG-JON;P8.9;R5-GEOGRAPHY,tier2,Geographic anchor without a named ancient polity. Round 5 researched geography replaces the installed or descriptive fallback.
setif,priority_roman_maghreb,Macri,tier2_far,conservative_regional_proxy,PLE:334584;PLN:334584/macri;T2F,tier2,Far Tier-2 AD 1 Pleiades settlement adapter; period-valid name resource 334584/macri; nearest installed city field at 9.33px; far lower-confidence map proxy.
setubal,priority_roman_iberia,Caetobriga,tier2_wide,conservative_regional_proxy,PLE:256040;PLN:256040/caetobriga;T2W,tier2,Wide Tier-2 AD 1 Pleiades settlement adapter; period-valid name resource 256040/caetobriga; nearest installed city field at 2.12px; lower-confidence map proxy.
sevilla,priority_roman|priority_roman_iberia,Hispalis,curated,attested,PLE,secure,Direct Roman-period city form for the installed Sevilla location
seydisehir,priority_roman_anatolia,[EU5 vanilla pass-through],roman_vanilla_passthrough,unresolved_vanilla_passthrough,P10;PLE,contested,The Roman identity audit found no sufficiently secure AD 1 field identity. Runtime localization deliberately falls through to EU5 vanilla instead of emitting a synthetic name.
seyhli,priority_roman_anatolia,Lounda,tier2_remote,conservative_regional_proxy,PLE:638964;PLN:638964/lounda;T2R,tier2,Remote Tier-2 AD 1 Pleiades settlement adapter; period-valid name resource 638964/lounda; nearest installed city field at 5.36px; remote lower-confidence map proxy.
seyitgazi,priority_roman_anatolia,Metropolis,tier2_remote,conservative_regional_proxy,PLE:609470;PLN:609470/metropolis;T2R,tier2,Remote Tier-2 AD 1 Pleiades settlement adapter; period-valid name resource 609470/metropolis; nearest installed city field at 5.93px; remote lower-confidence map proxy.
sfaqes,priority_roman_maghreb,Unuca,tier2_wide,conservative_regional_proxy,PLE:324772;PLN:324772/unuca;T2W,tier2,Wide Tier-2 AD 1 Pleiades settlement adapter; period-valid name resource 324772/unuca; nearest installed city field at 3.13px; lower-confidence map proxy.
shabwa,capital,Šabwa,qualified,conservative_regional_proxy,P8.6;CAH-XI,tier2,Qualified Hadramawt anchor using the period Šabwa form.
shahabad,priority_india_west,Shahabad,priority_proxy,transparent_map_fallback,T3N:installed-label;T3N:transparent-map-label,tier2,High-visibility unresolved field retains a concise installed cartographic label. It is explicitly not presented as an attested ancient settlement name.
shangcai,priority_han|priority_han_north,Shàngcài,priority_proxy,transparent_map_fallback,T3N:installed-label;T3N:transparent-map-label,tier2,High-visibility unresolved field retains a concise installed cartographic label. It is explicitly not presented as an attested ancient settlement name.
shanghai,priority_han|priority_han_east,Shànghǎi,priority_proxy,transparent_map_fallback,T3N:installed-label;T3N:transparent-map-label,tier2,High-visibility unresolved field retains a concise installed cartographic label. It is explicitly not presented as an attested ancient settlement name.
shangyuan,priority_han|priority_han_east,Shàngyuán,priority_proxy,transparent_map_fallback,T3N:installed-label;T3N:transparent-map-label,tier2,High-visibility unresolved field retains a concise installed cartographic label. It is explicitly not presented as an attested ancient settlement name.
shantsa,capital,Northern Changtang Pastures,qualified,conservative_regional_proxy,ANT-TIB-HERDING;CAM-TIB-ARCH;P8.8,tier2,Qualified high-pasture archaeological-economic anchor rather than the later Shantsa administrative name.
shayang,priority_han|priority_han_east,Shāyáng,priority_proxy,transparent_map_fallback,T3N:installed-label;T3N:transparent-map-label,tier2,High-visibility unresolved field retains a concise installed cartographic label. It is explicitly not presented as an attested ancient settlement name.
shehong,priority_han_west,Shèhóng,priority_proxy,transparent_map_fallback,T3N:installed-label;T3N:transparent-map-label,tier2,High-visibility unresolved field retains a concise installed cartographic label. It is explicitly not presented as an attested ancient settlement name.
shendi,capital|top_city|urban_node,Meroe,capital,attested,PLE;P8.5;P8.5;CAH-XI;PLE,secure,Coordinate-verified AD 1 capital anchor
shenqiu,priority_han_east,Shěnqiū,priority_proxy,transparent_map_fallback,T3N:installed-label;T3N:transparent-map-label,tier2,High-visibility unresolved field retains a concise installed cartographic label. It is explicitly not presented as an attested ancient settlement name.
sheopur,priority_india_west,Sheopur,priority_proxy,transparent_map_fallback,T3N:installed-label;T3N:transparent-map-label,tier2,High-visibility unresolved field retains a concise installed cartographic label. It is explicitly not presented as an attested ancient settlement name.
shicheng,priority_han_south,Shíchéng,priority_proxy,transparent_map_fallback,T3N:installed-label;T3N:transparent-map-label,tier2,High-visibility unresolved field retains a concise installed cartographic label. It is explicitly not presented as an attested ancient settlement name.
shiewhibak,capital,Sonoran Desert river and farming communities,priority_proxy,conservative_regional_proxy,NPS-SONORAN;GEO-PROXY,tier2,High-visibility capital replacement for a synthetic Tier-3 form. SDR roster capital/territorial label on its documented engine proxy; the engine field is a documented proxy and not an exact settlement polygon.
shigatse,capital,Western Tsangpo Valleys,qualified,conservative_regional_proxy,CAM-TIB-ARCH;P8.8,tier2,Qualified western river-valley anchor rather than the later Shigatse city or Tsang administration.
shikama,priority_japan,Shikama,priority_proxy,transparent_map_fallback,T3N:installed-label;T3N:transparent-map-label,tier2,High-visibility unresolved field retains a concise installed cartographic label. It is explicitly not presented as an attested ancient settlement name.
shipai,priority_han_east,Shípái,priority_proxy,transparent_map_fallback,T3N:installed-label;T3N:transparent-map-label,tier2,High-visibility unresolved field retains a concise installed cartographic label. It is explicitly not presented as an attested ancient settlement name.
shira,priority_west_africa|priority_west_africa_sahel,Shira,priority_proxy,transparent_map_fallback,T3N:installed-label;T3N:transparent-map-label,tier2,High-visibility unresolved field retains a concise installed cartographic label. It is explicitly not presented as an attested ancient settlement name.
shirakawa,priority_japan,Shirakawa,priority_proxy,transparent_map_fallback,T3N:installed-label;T3N:transparent-map-label,tier2,High-visibility unresolved field retains a concise installed cartographic label. It is explicitly not presented as an attested ancient settlement name.
shizhao,priority_han_west,Shízhào,priority_proxy,transparent_map_fallback,T3N:installed-label;T3N:transparent-map-label,tier2,High-visibility unresolved field retains a concise installed cartographic label. It is explicitly not presented as an attested ancient settlement name.
shizilu,priority_han|priority_han_north,Shízìlù,priority_proxy,transparent_map_fallback,T3N:installed-label;T3N:transparent-map-label,tier2,High-visibility unresolved field retains a concise installed cartographic label. It is explicitly not presented as an attested ancient settlement name.
sholhapur,priority_india|priority_india_deccan,Sholhapur,priority_proxy,transparent_map_fallback,T3N:installed-label;T3N:transparent-map-label,tier2,High-visibility unresolved field retains a concise installed cartographic label. It is explicitly not presented as an attested ancient settlement name.
shorkot,priority_india|priority_india_hindustan,Śibipura,tier2_far,conservative_regional_proxy,PLE:60048;PLN:60048/sibipura;T2F,tier2,Far Tier-2 AD 1 Pleiades settlement adapter; period-valid name resource 60048/sibipura; nearest installed city field at 11.71px; far lower-confidence map proxy.
shoubak,capital|top_city|urban_node,Petra,capital,attested,PLE;P8.1;P8.1;OCD;PLE,secure,Coordinate-verified AD 1 capital anchor
shrewsbury,capital,Uxacona,tier2_remote,conservative_regional_proxy,PLE:79727;PLN:79727/uxacona;T2R,tier2,Remote Tier-2 AD 1 Pleiades settlement adapter; period-valid name resource 79727/uxacona; nearest installed city field at 5.01px; remote lower-confidence map proxy.
shuangliu,priority_han|priority_han_west,Shuāngliú,priority_proxy,transparent_map_fallback,T3N:installed-label;T3N:transparent-map-label,tier2,High-visibility unresolved field retains a concise installed cartographic label. It is explicitly not presented as an attested ancient settlement name.
shunde,priority_han_south,Shùndé,priority_proxy,transparent_map_fallback,T3N:installed-label;T3N:transparent-map-label,tier2,High-visibility unresolved field retains a concise installed cartographic label. It is explicitly not presented as an attested ancient settlement name.
shush,capital|top_city|urban_node,Susa,capital,attested,PLE:912936;P8.2;P8.2;OCD;PLE,secure,Coordinate-verified AD 1 capital anchor
sialkot,capital|priority_india|priority_india_hindustan,Sangala,tier2_wide,conservative_regional_proxy,PLE:59812;PLN:59812/sangala;T2W,tier2,Wide Tier-2 AD 1 Pleiades settlement adapter; period-valid name resource 59812/sangala; nearest installed city field at 2.50px; lower-confidence map proxy.
sibenik,priority_roman_balkans,Arausa,tier2_far,conservative_regional_proxy,PLE:197133;PLN:197133/arausa;T2F,tier2,Far Tier-2 AD 1 Pleiades settlement adapter; period-valid name resource 197133/arausa; nearest installed city field at 6.19px; far lower-confidence map proxy.
sidhi,priority_india_central,Sidhi,priority_proxy,transparent_map_fallback,T3N:installed-label;T3N:transparent-map-label,tier2,High-visibility unresolved field retains a concise installed cartographic label. It is explicitly not presented as an attested ancient settlement name.
sidi_fredj,priority_roman_maghreb,[EU5 vanilla pass-through],roman_vanilla_passthrough,unresolved_vanilla_passthrough,P10;PLE,contested,The Roman identity audit found no sufficiently secure AD 1 field identity. Runtime localization deliberately falls through to EU5 vanilla instead of emitting a synthetic name.
sidon,urban_node,Sidon,curated,attested,PLE:678393;P8.2;CAH-XI,secure,Direct Pleiades settlement point at the installed Sidon city field; this replaces the distant Kana adapter.
siena,priority_italy|priority_roman_italy,Saena,curated,attested,PLE:413293,secure,Pleiades exact Saena city point at 43.31862 11.33108; reviewed against the installed Siena location
silifke,priority_anatolia,Mylai,tier2_remote,conservative_regional_proxy,PLE:648714;PLN:648714/mylai;T2R,tier2,Remote Tier-2 AD 1 Pleiades settlement adapter; period-valid name resource 648714/mylai; nearest installed city field at 3.85px; remote lower-confidence map proxy.
silves,priority_roman_iberia,Portus Hannibalis,tier2_far,conservative_regional_proxy,PLE:256383;PLN:256383/portus-hannibalis;T2F,tier2,Far Tier-2 AD 1 Pleiades settlement adapter; period-valid name resource 256383/portus-hannibalis; nearest installed city field at 8.81px; far lower-confidence map proxy.
sine_ngayene,priority_west_africa|priority_west_africa_guinea,Sine Ngayène,priority_proxy,transparent_map_fallback,T3N:installed-label;T3N:transparent-map-label,tier2,High-visibility unresolved field retains a concise installed cartographic label. It is explicitly not presented as an attested ancient settlement name.
sines,priority_roman_iberia,Patulus Portus,tier2_remote,conservative_regional_proxy,PLE:256357;PLN:256357/patulus-portus;T2R,tier2,Remote Tier-2 AD 1 Pleiades settlement adapter; period-valid name resource 256357/patulus-portus; nearest installed city field at 4.05px; remote lower-confidence map proxy.
singhapala,capital,Cebu-Bohol,priority_proxy,conservative_regional_proxy,NMP-KALANAY;BELLINA-SHK;GEO-PROXY,tier2,High-visibility capital replacement for a synthetic Tier-3 form. CBH roster capital/territorial label on its documented engine proxy; the engine field is a documented proxy and not an exact settlement polygon.
singorgarh,priority_india_central,Siripalla,tier2_ultra,conservative_regional_proxy,PLE:60054;PLN:60054/siripalla;T2U,tier2,Ultra-far Tier-2 AD 1 Pleiades settlement adapter; period-valid name resource 60054/siripalla; nearest installed city field at 12.41px; ultra-far lower-confidence map proxy.
sinop,priority_roman_anatolia,Sinope,curated,attested,PLE:857321,secure,Pleiades direct Sinope settlement and port point at 42.02578 35.14304
sint_niklaas,priority_germania_north,[EU5 vanilla pass-through],roman_vanilla_passthrough,unresolved_vanilla_passthrough,P10;PLE,contested,The Roman identity audit found no sufficiently secure AD 1 field identity. Runtime localization deliberately falls through to EU5 vanilla instead of emitting a synthetic name.
sipri,priority_india_west,Sipri,priority_proxy,transparent_map_fallback,T3N:installed-label;T3N:transparent-map-label,tier2,High-visibility unresolved field retains a concise installed cartographic label. It is explicitly not presented as an attested ancient settlement name.
sirohi,priority_india_west,Sauarabatis,tier2_far,conservative_regional_proxy,PLE:60040;PLN:60040/sauarabatis;T2F,tier2,Far Tier-2 AD 1 Pleiades settlement adapter; period-valid name resource 60040/sauarabatis; nearest installed city field at 7.43px; far lower-confidence map proxy.
sironj,priority_india_central,Vidiśā,tier2_ultra,conservative_regional_proxy,PLE:60099;PLN:60099/vidisa;T2U,tier2,Ultra-far Tier-2 AD 1 Pleiades settlement adapter; period-valid name resource 60099/vidisa; nearest installed city field at 12.41px; ultra-far lower-confidence map proxy.
sirte,priority_roman_maghreb,[EU5 vanilla pass-through],roman_vanilla_passthrough,unresolved_vanilla_passthrough,P10;PLE,contested,The Roman identity audit found no sufficiently secure AD 1 field identity. Runtime localization deliberately falls through to EU5 vanilla instead of emitting a synthetic name.
sis,priority_anatolia,Caesarea,tier2_ultra,conservative_regional_proxy,PLE:658378;PLN:658378/caesarea;T2U,tier2,Ultra-far Tier-2 AD 1 Pleiades settlement adapter; period-valid name resource 658378/caesarea; nearest installed city field at 12.32px; ultra-far lower-confidence map proxy.
sitamarhi,priority_india_bengal,Sitamarhi,priority_proxy,transparent_map_fallback,T3N:installed-label;T3N:transparent-map-label,tier2,High-visibility unresolved field retains a concise installed cartographic label. It is explicitly not presented as an attested ancient settlement name.
sitges,priority_roman_iberia,[EU5 vanilla pass-through],roman_vanilla_passthrough,unresolved_vanilla_passthrough,P10;PLE,contested,The Roman identity audit found no sufficiently secure AD 1 field identity. Runtime localization deliberately falls through to EU5 vanilla instead of emitting a synthetic name.
sivas,priority_anatolia,Zoana,tier2_ultra,conservative_regional_proxy,PLE:629108;PLN:629108/zoana;T2U,tier2,Ultra-far Tier-2 AD 1 Pleiades settlement adapter; period-valid name resource 629108/zoana; nearest installed city field at 17.17px; ultra-far lower-confidence map proxy.
sivrihisar,priority_roman_anatolia,Pessinous,tier2_wide,conservative_regional_proxy,PLE:609500;PLN:609500/pessinous;T2W,tier2,Wide Tier-2 AD 1 Pleiades settlement adapter; period-valid name resource 609500/pessinous; nearest installed city field at 2.17px; lower-confidence map proxy.
sjalevad,priority_germania_scandinavia,Själevad,priority_proxy,transparent_map_fallback,T3N:installed-label;T3N:transparent-map-label,tier2,High-visibility unresolved field retains a concise installed cartographic label. It is explicitly not presented as an attested ancient settlement name.
skara,capital|priority_germania,Southern Scandinavian interior,priority_proxy,conservative_regional_proxy,PTO-GEO-II11;OCD-GER;GEO-PROXY,tier2,High-visibility capital replacement for a synthetic Tier-3 form. GTL roster capital/territorial label on its documented engine proxy; the engine field is a documented proxy and not an exact settlement polygon.
ski,priority_germania,Ski,priority_proxy,transparent_map_fallback,T3N:installed-label;T3N:transparent-map-label,tier2,High-visibility unresolved field retains a concise installed cartographic label. It is explicitly not presented as an attested ancient settlement name.
skien,priority_germania,Skien,priority_proxy,transparent_map_fallback,T3N:installed-label;T3N:transparent-map-label,tier2,High-visibility unresolved field retains a concise installed cartographic label. It is explicitly not presented as an attested ancient settlement name.
skikda,priority_roman_maghreb,Rusicade,curated,attested,PLE:305137,secure,Pleiades direct Rusicade Thapsus settlement and port point at 36.88144 6.90558
skinskatteberg,priority_germania_scandinavia,Skinskatteberg,priority_proxy,transparent_map_fallback,T3N:installed-label;T3N:transparent-map-label,tier2,High-visibility unresolved field retains a concise installed cartographic label. It is explicitly not presented as an attested ancient settlement name.
skye,capital,Western Caledonia,priority_proxy,conservative_regional_proxy,P8.7;PTO-GEO-II2;MANN-BRI;GEO-PROXY,tier2,High-visibility capital replacement for a synthetic Tier-3 form. CRE roster capital/territorial label on its documented engine proxy; the engine field is a documented proxy and not an exact settlement polygon.
slesvig,capital,Angeln,capital,attested,P8.7;CAH-XI;P8.7;CAH-XI,secure,Coordinate-verified AD 1 capital anchor
slupsk,capital,Lower Vistula communities,priority_proxy,conservative_regional_proxy,P8.7;STR-GER;TAC-GER;OCD-GER;PLE;GEO-PROXY,tier2,High-visibility capital replacement for a synthetic Tier-3 form. SBN roster capital/territorial label on its documented engine proxy; the engine field is a documented proxy and not an exact settlement polygon.
smolensk,capital,Smolensk Dnieper-Dvina material group,priority_proxy,conservative_regional_proxy,AWE-DNIEPER-DVINA;GEO-PROXY,tier2,High-visibility capital replacement for a synthetic Tier-3 form. SMD roster capital/territorial label on its documented engine proxy; the engine field is a documented proxy and not an exact settlement polygon.
smyrna,priority_anatolia|priority_roman|priority_roman_anatolia,Smyrna,curated,attested,PLE;P8.1,secure,Secure Roman-period city form.
soderala,priority_germania_scandinavia,Söderala,priority_proxy,transparent_map_fallback,T3N:installed-label;T3N:transparent-map-label,tier2,High-visibility unresolved field retains a concise installed cartographic label. It is explicitly not presented as an attested ancient settlement name.
sodertalje,priority_germania_scandinavia,Södertälje,priority_proxy,transparent_map_fallback,T3N:installed-label;T3N:transparent-map-label,tier2,High-visibility unresolved field retains a concise installed cartographic label. It is explicitly not presented as an attested ancient settlement name.
soest,priority_germania|priority_germania_north,Soest,priority_proxy,transparent_map_fallback,T3N:installed-label;T3N:transparent-map-label,tier2,High-visibility unresolved field retains a concise installed cartographic label. It is explicitly not presented as an attested ancient settlement name.
sohra,capital,Khasi-Jaintia uplands,priority_proxy,conservative_regional_proxy,OUP-NEINDIA;P8.4;GEO-PROXY,tier2,High-visibility capital replacement for a synthetic Tier-3 form. KJH roster capital/territorial label on its documented engine proxy; the engine field is a documented proxy and not an exact settlement polygon.
sokoto,priority_west_africa|priority_west_africa_sahel,Sokoto,priority_proxy,transparent_map_fallback,T3N:installed-label;T3N:transparent-map-label,tier2,High-visibility unresolved field retains a concise installed cartographic label. It is explicitly not presented as an attested ancient settlement name.
solatunum,priority_germania_scandinavia,Solatunum,priority_proxy,transparent_map_fallback,T3N:installed-label;T3N:transparent-map-label,tier2,High-visibility unresolved field retains a concise installed cartographic label. It is explicitly not presented as an attested ancient settlement name.
soltau,capital,Saxon Elbe Heaths,capital,attested,P8.7;CAH-XI;P8.7;CAH-XI,secure,Coordinate-verified AD 1 capital anchor
solvesborg,priority_germania,Sölvesborg,priority_proxy,transparent_map_fallback,T3N:installed-label;T3N:transparent-map-label,tier2,High-visibility unresolved field retains a concise installed cartographic label. It is explicitly not presented as an attested ancient settlement name.
somnath,priority_india_west,Monoglosson Emporion,tier2_far,conservative_regional_proxy,PLE:50141;PLN:50141/monoglosson-emporion;T2F,tier2,Far Tier-2 AD 1 Pleiades settlement adapter; period-valid name resource 50141/monoglosson-emporion; nearest installed city field at 11.56px; far lower-confidence map proxy.
sonargaon,capital|priority_india_bengal,Samatata delta,priority_proxy,conservative_regional_proxy,CAM-BANGLADESH;P8.4;GEO-PROXY,tier2,High-visibility capital replacement for a synthetic Tier-3 form. SMT roster capital/territorial label on its documented engine proxy; the engine field is a documented proxy and not an exact settlement polygon.
soncino,priority_italy|priority_roman_italy,Acerrae,tier2_remote,conservative_regional_proxy,PLE:383542;PLN:383542/acerrae;T2R,tier2,Remote Tier-2 AD 1 Pleiades settlement adapter; period-valid name resource 383542/acerrae; nearest installed city field at 4.97px; remote lower-confidence map proxy.
sonda,priority_india_west,Sonda,priority_proxy,transparent_map_fallback,T3N:installed-label;T3N:transparent-map-label,tier2,High-visibility unresolved field retains a concise installed cartographic label. It is explicitly not presented as an attested ancient settlement name.
sonepur,priority_india_bengal,Sonepur,priority_proxy,transparent_map_fallback,T3N:installed-label;T3N:transparent-map-label,tier2,High-visibility unresolved field retains a concise installed cartographic label. It is explicitly not presented as an attested ancient settlement name.
sonisa,priority_anatolia,Sonisa,priority_proxy,transparent_map_fallback,T3N:installed-label;T3N:transparent-map-label,tier2,High-visibility unresolved field retains a concise installed cartographic label. It is explicitly not presented as an attested ancient settlement name.
soo,priority_japan,Soo,priority_proxy,transparent_map_fallback,T3N:installed-label;T3N:transparent-map-label,tier2,High-visibility unresolved field retains a concise installed cartographic label. It is explicitly not presented as an attested ancient settlement name.
sora,priority_italy|priority_roman_italy,Sora,tier2_remote,conservative_regional_proxy,PLE:433126;PLN:433126/sora;T2R,tier2,Remote Tier-2 AD 1 Pleiades settlement adapter; period-valid name resource 433126/sora; nearest installed city field at 3.55px; remote lower-confidence map proxy.
sorokogne,priority_west_africa_guinea,Sorokogne,priority_proxy,transparent_map_fallback,T3N:installed-label;T3N:transparent-map-label,tier2,High-visibility unresolved field retains a concise installed cartographic label. It is explicitly not presented as an attested ancient settlement name.
sosola,capital,Monte Alban,capital,attested,P8.10;CAH-XI;P8.10;CAH-XI,secure,Coordinate-verified AD 1 capital anchor
sosso,priority_west_africa|priority_west_africa_sahel,Sosso,priority_proxy,transparent_map_fallback,T3N:installed-label;T3N:transparent-map-label,tier2,High-visibility unresolved field retains a concise installed cartographic label. It is explicitly not presented as an attested ancient settlement name.
souk_el_arba,priority_roman_maghreb,Sicca Veneria,tier2_remote,conservative_regional_proxy,PLE:315152;PLN:315152/sicca-veneria;T2R,tier2,Remote Tier-2 AD 1 Pleiades settlement adapter; period-valid name resource 315152/sicca-veneria; nearest installed city field at 5.79px; remote lower-confidence map proxy.
souma,priority_japan,Sōma,priority_proxy,transparent_map_fallback,T3N:installed-label;T3N:transparent-map-label,tier2,High-visibility unresolved field retains a concise installed cartographic label. It is explicitly not presented as an attested ancient settlement name.
sousse,priority_roman|priority_roman_maghreb|urban_node,Hadrumetum,curated,attested,PLE;P8.1,secure,Secure Roman-period city form at the direct Sousse match.
spilimbergo,priority_italy|priority_roman_italy,[EU5 vanilla pass-through],roman_vanilla_passthrough,unresolved_vanilla_passthrough,P10;PLE,contested,The Roman identity audit found no sufficiently secure AD 1 field identity. Runtime localization deliberately falls through to EU5 vanilla instead of emitting a synthetic name.
split,priority_roman_balkans,Aspalathos,curated,attested,PLE:197524;WILKES-SPLIT,secure,Pre-palatial Greek settlement name at modern Split; avoids the later Roman/late-antique Spalatum form.
spoleto,priority_italy|priority_roman_italy,Forum Flaminii,tier2_far,conservative_regional_proxy,PLE:413147;PLN:413147/forum-flaminii;T2F,tier2,Far Tier-2 AD 1 Pleiades settlement adapter; period-valid name resource 413147/forum-flaminii; nearest installed city field at 6.07px; far lower-confidence map proxy.
sreepur,priority_india_bengal,Sreepur,priority_proxy,transparent_map_fallback,T3N:installed-label;T3N:transparent-map-label,tier2,High-visibility unresolved field retains a concise installed cartographic label. It is explicitly not presented as an attested ancient settlement name.
sripura,priority_india_central,Sripura,priority_proxy,transparent_map_fallback,T3N:installed-label;T3N:transparent-map-label,tier2,High-visibility unresolved field retains a concise installed cartographic label. It is explicitly not presented as an attested ancient settlement name.
srirangam,capital,Uraiyur,capital,attested,PLE;P8.4;P8.4;PER;PLE,secure,Coordinate-verified AD 1 capital anchor
sroda_slaska,priority_germania|priority_germania_baltic,Środa Śląska,priority_proxy,transparent_map_fallback,T3N:installed-label;T3N:transparent-map-label,tier2,High-visibility unresolved field retains a concise installed cartographic label. It is explicitly not presented as an attested ancient settlement name.
st_albans,capital,Verlamion,capital,attested,P8.7;CAH-XI;P8.7;CAH-XI;PTO-GEO-II2,secure,Coordinate-verified AD 1 capital anchor
st_gallen,priority_germania_south,[EU5 vanilla pass-through],roman_vanilla_passthrough,unresolved_vanilla_passthrough,P10;PLE,contested,The Roman identity audit found no sufficiently secure AD 1 field identity. Runtime localization deliberately falls through to EU5 vanilla instead of emitting a synthetic name.
st_polten,priority_germania_south,[EU5 vanilla pass-through],roman_vanilla_passthrough,unresolved_vanilla_passthrough,P10;PLE,contested,The Roman identity audit found no sufficiently secure AD 1 field identity. Runtime localization deliberately falls through to EU5 vanilla instead of emitting a synthetic name.
st_veit,priority_germania_south,[EU5 vanilla pass-through],roman_vanilla_passthrough,unresolved_vanilla_passthrough,P10;PLE,contested,The Roman identity audit found no sufficiently secure AD 1 field identity. Runtime localization deliberately falls through to EU5 vanilla instead of emitting a synthetic name.
st_vith,priority_germania_north,[EU5 vanilla pass-through],roman_vanilla_passthrough,unresolved_vanilla_passthrough,P10;PLE,contested,The Roman identity audit found no sufficiently secure AD 1 field identity. Runtime localization deliberately falls through to EU5 vanilla instead of emitting a synthetic name.
stalac,priority_roman_balkans,[EU5 vanilla pass-through],roman_vanilla_passthrough,unresolved_vanilla_passthrough,P10;PLE,contested,The Roman identity audit found no sufficiently secure AD 1 field identity. Runtime localization deliberately falls through to EU5 vanilla instead of emitting a synthetic name.
stavanger,priority_germania|priority_germania_scandinavia,Stavanger,priority_proxy,transparent_map_fallback,T3N:installed-label;T3N:transparent-map-label,tier2,High-visibility unresolved field retains a concise installed cartographic label. It is explicitly not presented as an attested ancient settlement name.
stavelot,priority_germania_north,[EU5 vanilla pass-through],roman_vanilla_passthrough,unresolved_vanilla_passthrough,P10;PLE,contested,The Roman identity audit found no sufficiently secure AD 1 field identity. Runtime localization deliberately falls through to EU5 vanilla instead of emitting a synthetic name.
stavoren,capital,Frisia,capital,attested,P8.7;CAH-XI;P8.7;CAH-XI,secure,Coordinate-verified AD 1 capital anchor
stettin,priority_germania|priority_germania_north,Stettin,priority_proxy,transparent_map_fallback,T3N:installed-label;T3N:transparent-map-label,tier2,High-visibility unresolved field retains a concise installed cartographic label. It is explicitly not presented as an attested ancient settlement name.
stockholm,priority_germania_scandinavia,Stockholm,priority_proxy,transparent_map_fallback,T3N:installed-label;T3N:transparent-map-label,tier2,High-visibility unresolved field retains a concise installed cartographic label. It is explicitly not presented as an attested ancient settlement name.
stralsund,priority_germania,Stralsund,priority_proxy,transparent_map_fallback,T3N:installed-label;T3N:transparent-map-label,tier2,High-visibility unresolved field retains a concise installed cartographic label. It is explicitly not presented as an attested ancient settlement name.
strangnas,priority_germania_scandinavia,Strängnäs,priority_proxy,transparent_map_fallback,T3N:installed-label;T3N:transparent-map-label,tier2,High-visibility unresolved field retains a concise installed cartographic label. It is explicitly not presented as an attested ancient settlement name.
stranraer,capital,Rerigonium,priority_proxy,conservative_regional_proxy,P8.7;PTO-GEO-II2;MANN-BRI;GEO-PROXY,tier2,High-visibility capital replacement for a synthetic Tier-3 form. NOV roster capital/territorial label on its documented engine proxy; the engine field is a documented proxy and not an exact settlement polygon.
strasbourg,priority_germania_south,Argentoratum,curated,attested,PLE;P8.1,secure,Secure Roman frontier-city form.
strzelce_opolskie,priority_germania_baltic,Strzelce Opolskie,priority_proxy,transparent_map_fallback,T3N:installed-label;T3N:transparent-map-label,tier2,High-visibility unresolved field retains a concise installed cartographic label. It is explicitly not presented as an attested ancient settlement name.
stuttgart,priority_germania,Stuttgart,priority_proxy,transparent_map_fallback,T3N:installed-label;T3N:transparent-map-label,tier2,High-visibility unresolved field retains a concise installed cartographic label. It is explicitly not presented as an attested ancient settlement name.
subaytila,priority_roman_maghreb,[EU5 vanilla pass-through],roman_vanilla_passthrough,unresolved_vanilla_passthrough,P10;PLE,contested,The Roman identity audit found no sufficiently secure AD 1 field identity. Runtime localization deliberately falls through to EU5 vanilla instead of emitting a synthetic name.
suez,priority_roman_egypt,Clysma,tier2_ultra,conservative_regional_proxy,PLE:727101;PLN:727101/clysma;T2U,tier2,Ultra-far Tier-2 AD 1 Pleiades settlement adapter; period-valid name resource 727101/clysma; nearest installed city field at 13.77px; ultra-far lower-confidence map proxy.
sugaur,priority_india_central,Sugaur,priority_proxy,transparent_map_fallback,T3N:installed-label;T3N:transparent-map-label,tier2,High-visibility unresolved field retains a concise installed cartographic label. It is explicitly not presented as an attested ancient settlement name.
suhar,capital,Sohar,tier2_ultra,conservative_regional_proxy,PLE:29766;PLN:29766/sohar;T2U,tier2,Ultra-far Tier-2 AD 1 Pleiades settlement adapter; period-valid name resource 29766/sohar; nearest installed city field at 14.10px; ultra-far lower-confidence map proxy.
suining,priority_han_west,Suìníng,priority_proxy,transparent_map_fallback,T3N:installed-label;T3N:transparent-map-label,tier2,High-visibility unresolved field retains a concise installed cartographic label. It is explicitly not presented as an attested ancient settlement name.
suiping,priority_han|priority_han_north,Suìpíng,priority_proxy,transparent_map_fallback,T3N:installed-label;T3N:transparent-map-label,tier2,High-visibility unresolved field retains a concise installed cartographic label. It is explicitly not presented as an attested ancient settlement name.
suixi,priority_han_south,Suìxī,priority_proxy,transparent_map_fallback,T3N:installed-label;T3N:transparent-map-label,tier2,High-visibility unresolved field retains a concise installed cartographic label. It is explicitly not presented as an attested ancient settlement name.
sukkur,priority_india_west,Kamigara,tier2_remote,conservative_regional_proxy,PLE:59861;PLN:59861/kamigara;T2R,tier2,Remote Tier-2 AD 1 Pleiades settlement adapter; period-valid name resource 59861/kamigara; nearest installed city field at 5.38px; remote lower-confidence map proxy.
sultanonu,priority_roman_anatolia,Marlakkou Kome,tier2_far,conservative_regional_proxy,PLE:609459;PLN:609459/marlakkou-kome;T2F,tier2,Far Tier-2 AD 1 Pleiades settlement adapter; period-valid name resource 609459/marlakkou-kome; nearest installed city field at 6.27px; far lower-confidence map proxy.
sultanpur_uttar_pradesh,priority_india|priority_india_hindustan,Sultanpur,priority_proxy,transparent_map_fallback,T3N:installed-label;T3N:transparent-map-label,tier2,High-visibility unresolved field retains a concise installed cartographic label. It is explicitly not presented as an attested ancient settlement name.
sultanwind,priority_india|priority_india_hindustan,Sultanwind,priority_proxy,transparent_map_fallback,T3N:installed-label;T3N:transparent-map-label,tier2,High-visibility unresolved field retains a concise installed cartographic label. It is explicitly not presented as an attested ancient settlement name.
suluntah,priority_roman_egypt,[EU5 vanilla pass-through],roman_vanilla_passthrough,unresolved_vanilla_passthrough,P10;PLE,contested,The Roman identity audit found no sufficiently secure AD 1 field identity. Runtime localization deliberately falls through to EU5 vanilla instead of emitting a synthetic name.
sulusaray,priority_anatolia,Karana,tier2_far,conservative_regional_proxy,PLE:629076;PLN:629076/karana;T2F,tier2,Far Tier-2 AD 1 Pleiades settlement adapter; period-valid name resource 629076/karana; nearest installed city field at 8.33px; far lower-confidence map proxy.
sunam,priority_india|priority_india_hindustan,Sunam,priority_proxy,transparent_map_fallback,T3N:installed-label;T3N:transparent-map-label,tier2,High-visibility unresolved field retains a concise installed cartographic label. It is explicitly not presented as an attested ancient settlement name.
sungurlu,priority_anatolia,Budaközü,priority_proxy,transparent_map_fallback,T3N:installed-label;T3N:transparent-map-label,tier2,High-visibility unresolved field retains a concise installed cartographic label. It is explicitly not presented as an attested ancient settlement name.
suntou,priority_japan,Suntō,priority_proxy,transparent_map_fallback,T3N:installed-label;T3N:transparent-map-label,tier2,High-visibility unresolved field retains a concise installed cartographic label. It is explicitly not presented as an attested ancient settlement name.
suqian,priority_han|priority_han_east,Sùqiān,priority_proxy,transparent_map_fallback,T3N:installed-label;T3N:transparent-map-label,tier2,High-visibility unresolved field retains a concise installed cartographic label. It is explicitly not presented as an attested ancient settlement name.
surabaya,urban_node,Brantas Coast,qualified,conservative_regional_proxy,P8.9;CAH-XI,tier2,Qualified coastal-region adapter: the installed Surabaya field is the project early Javanese market anchor and must not project the later city name into AD 1.
surame,priority_west_africa|priority_west_africa_sahel,Surame,priority_proxy,transparent_map_fallback,T3N:installed-label;T3N:transparent-map-label,tier2,High-visibility unresolved field retains a concise installed cartographic label. It is explicitly not presented as an attested ancient settlement name.
surat,priority_india_west,Nousaripa,tier2_far,conservative_regional_proxy,PLE:50170;PLN:50170/nousaripa;T2F,tier2,Far Tier-2 AD 1 Pleiades settlement adapter; period-valid name resource 50170/nousaripa; nearest installed city field at 8.19px; far lower-confidence map proxy.
susa,priority_italy|priority_roman_italy,Forum Vibii,tier2_far,conservative_regional_proxy,PLE:383657;PLN:383657/forum-vibii;T2F,tier2,Far Tier-2 AD 1 Pleiades settlement adapter; period-valid name resource 383657/forum-vibii; nearest installed city field at 7.07px; far lower-confidence map proxy.
sutuko,priority_west_africa_guinea,Sutuko,priority_proxy,transparent_map_fallback,T3N:installed-label;T3N:transparent-map-label,tier2,High-visibility unresolved field retains a concise installed cartographic label. It is explicitly not presented as an attested ancient settlement name.
suwon,capital,Samhan,qualified,conservative_regional_proxy,P8.3;SAM,tier2,Qualified Korean-peninsula society anchor rather than the later Suwon name.
suzuka,priority_japan,Suzuka,priority_proxy,transparent_map_fallback,T3N:installed-label;T3N:transparent-map-label,tier2,High-visibility unresolved field retains a concise installed cartographic label. It is explicitly not presented as an attested ancient settlement name.
swidnica,capital|priority_germania_baltic,Sudetic communities,priority_proxy,conservative_regional_proxy,P8.7;TAC-GER;OCD-GER;PLE;GEO-PROXY,tier2,High-visibility capital replacement for a synthetic Tier-3 form. HLV roster capital/territorial label on its documented engine proxy; the engine field is a documented proxy and not an exact settlement polygon.
sycow,priority_germania_baltic,Syców,priority_proxy,transparent_map_fallback,T3N:installed-label;T3N:transparent-map-label,tier2,High-visibility unresolved field retains a concise installed cartographic label. It is explicitly not presented as an attested ancient settlement name.
syracuse,priority_italy|priority_roman_italy,Syracusae,curated,attested,PLE:462503,secure,Pleiades Syracusae Syrakousai city point at 37.07008 15.28334; Latin plural form retained
szprotawa,priority_germania_baltic,Szprotawa,priority_proxy,transparent_map_fallback,T3N:installed-label;T3N:transparent-map-label,tier2,High-visibility unresolved field retains a concise installed cartographic label. It is explicitly not presented as an attested ancient settlement name.
tabarka,priority_roman_maghreb,Bulla Regia,tier2_far,conservative_regional_proxy,PLE:314912;PLN:314912/bulla-regia;T2F,tier2,Far Tier-2 AD 1 Pleiades settlement adapter; period-valid name resource 314912/bulla-regia; nearest installed city field at 6.40px; far lower-confidence map proxy.
tabou_m,priority_west_africa|priority_west_africa_sahel,Tabou,priority_proxy,transparent_map_fallback,T3N:installed-label;T3N:transparent-map-label,tier2,High-visibility unresolved field retains a concise installed cartographic label. It is explicitly not presented as an attested ancient settlement name.
tabriz,urban_node,Atropatene,qualified,conservative_regional_proxy,PLE;P8.2,tier2,Qualified Iranian-region adapter: the installed Tabriz field is the project Atropatenian market anchor and must not project the later city name into AD 1.
tachibana,priority_japan,Tachibana,priority_proxy,transparent_map_fallback,T3N:installed-label;T3N:transparent-map-label,tier2,High-visibility unresolved field retains a concise installed cartographic label. It is explicitly not presented as an attested ancient settlement name.
tada,priority_west_africa_guinea,Tada,priority_proxy,transparent_map_fallback,T3N:installed-label;T3N:transparent-map-label,tier2,High-visibility unresolved field retains a concise installed cartographic label. It is explicitly not presented as an attested ancient settlement name.
taihe,priority_han_east,Tàihé,priority_proxy,transparent_map_fallback,T3N:installed-label;T3N:transparent-map-label,tier2,High-visibility unresolved field retains a concise installed cartographic label. It is explicitly not presented as an attested ancient settlement name.
tajpur,priority_india_bengal,Souannagoura,tier2_far,conservative_regional_proxy,PLE:60063;PLN:60063/souannagoura;T2F,tier2,Far Tier-2 AD 1 Pleiades settlement adapter; period-valid name resource 60063/souannagoura; nearest installed city field at 7.13px; far lower-confidence map proxy.
takaichi,priority_japan,Katsuragi,priority_proxy,transparent_map_fallback,T3N:installed-label;T3N:transparent-map-label,tier2,High-visibility unresolved field retains a concise installed cartographic label. It is explicitly not presented as an attested ancient settlement name.
takaki,priority_japan,Takaki,priority_proxy,transparent_map_fallback,T3N:installed-label;T3N:transparent-map-label,tier2,High-visibility unresolved field retains a concise installed cartographic label. It is explicitly not presented as an attested ancient settlement name.
takashima,priority_japan,Takashima,priority_proxy,transparent_map_fallback,T3N:installed-label;T3N:transparent-map-label,tier2,High-visibility unresolved field retains a concise installed cartographic label. It is explicitly not presented as an attested ancient settlement name.
taki,priority_japan,Taki,priority_proxy,transparent_map_fallback,T3N:installed-label;T3N:transparent-map-label,tier2,High-visibility unresolved field retains a concise installed cartographic label. It is explicitly not presented as an attested ancient settlement name.
talata_mafara,priority_west_africa|priority_west_africa_sahel,Talata Mafara,priority_proxy,transparent_map_fallback,T3N:installed-label;T3N:transparent-map-label,tier2,High-visibility unresolved field retains a concise installed cartographic label. It is explicitly not presented as an attested ancient settlement name.
tallinn,capital|priority_germania_baltic,Northern Estonian coast,priority_proxy,conservative_regional_proxy,UT-TARAND;GEO-PROXY,tier2,High-visibility capital replacement for a synthetic Tier-3 form. ETG roster capital/territorial label on its documented engine proxy; the engine field is a documented proxy and not an exact settlement polygon.
talwandi,priority_india|priority_india_hindustan,Talwandi,priority_proxy,transparent_map_fallback,T3N:installed-label;T3N:transparent-map-label,tier2,High-visibility unresolved field retains a concise installed cartographic label. It is explicitly not presented as an attested ancient settlement name.
tama,priority_japan,Tama,priority_proxy,transparent_map_fallback,T3N:installed-label;T3N:transparent-map-label,tier2,High-visibility unresolved field retains a concise installed cartographic label. It is explicitly not presented as an attested ancient settlement name.
taman,capital|urban_node,Phanagoria,qualified,conservative_regional_proxy,PRINCETON-PHAN;P12.2;P8.1,tier2,Qualified direct Taman-peninsula city adapter: Phanagoria is the ancient city on Taman while Panticapaeum was on the Kerch side of the strait.
tamana,priority_japan,Tamana,priority_proxy,transparent_map_fallback,T3N:installed-label;T3N:transparent-map-label,tier2,High-visibility unresolved field retains a concise installed cartographic label. It is explicitly not presented as an attested ancient settlement name.
tamaroa,capital,Central Mississippi and eastern Ozark corridors,priority_proxy,conservative_regional_proxy,NPS-OZARK-HOPEWELL;MOSHPO-CMO;GEO-PROXY,tier2,High-visibility capital replacement for a synthetic Tier-3 form. CMW roster capital/territorial label on its documented engine proxy; the engine field is a documented proxy and not an exact settlement polygon.
tambaga,priority_west_africa|priority_west_africa_sahel,Tambaga,priority_proxy,transparent_map_fallback,T3N:installed-label;T3N:transparent-map-label,tier2,High-visibility unresolved field retains a concise installed cartographic label. It is explicitly not presented as an attested ancient settlement name.
tambov,capital,Tsna-Upper Don Gorodets material group,priority_proxy,conservative_regional_proxy,BSE-GORODETS;GEO-PROXY,tier2,High-visibility capital replacement for a synthetic Tier-3 form. TGD roster capital/territorial label on its documented engine proxy; the engine field is a documented proxy and not an exact settlement polygon.
tamluk,priority_india_bengal,Tamluk,priority_proxy,transparent_map_fallback,T3N:installed-label;T3N:transparent-map-label,tier2,High-visibility unresolved field retains a concise installed cartographic label. It is explicitly not presented as an attested ancient settlement name.
tamtoc,capital,Tamtoc and the Panuco corridor,priority_proxy,conservative_regional_proxy,INAH-TAMTOC;P8.10;GEO-PROXY,tier2,High-visibility capital replacement for a synthetic Tier-3 form. TPC roster capital/territorial label on its documented engine proxy; the engine field is a documented proxy and not an exact settlement polygon.
tana,capital,Roxolani Tanais Lowlands,capital,attested,P8.7;CAH-XI;P8.7;CAH-XI,secure,Coordinate-verified AD 1 capital anchor
tancarville,priority_gaul|priority_roman_gaul,Iuliobona,tier2_wide,conservative_regional_proxy,PLE:109069;PLN:109069/iuliobona;T2W,tier2,Wide Tier-2 AD 1 Pleiades settlement adapter; period-valid name resource 109069/iuliobona; nearest installed city field at 1.60px; lower-confidence map proxy.
tanjay,capital,Negros,priority_proxy,conservative_regional_proxy,NMP-PH-METAL;NMP-PH-JARS;GEO-PROXY,tier2,High-visibility capital replacement for a synthetic Tier-3 form. NGR roster capital/territorial label on its documented engine proxy; the engine field is a documented proxy and not an exact settlement polygon.
tankular,priority_west_africa|priority_west_africa_guinea,Tankular,priority_proxy,transparent_map_fallback,T3N:installed-label;T3N:transparent-map-label,tier2,High-visibility unresolved field retains a concise installed cartographic label. It is explicitly not presented as an attested ancient settlement name.
taoyuan_huaian,priority_han|priority_han_east,Táoyuán,priority_proxy,transparent_map_fallback,T3N:installed-label;T3N:transparent-map-label,tier2,High-visibility unresolved field retains a concise installed cartographic label. It is explicitly not presented as an attested ancient settlement name.
taranto,priority_italy|priority_roman|priority_roman_italy|urban_node,Tarentum,curated,attested,PLE;ORB;P8.1,secure,Direct Roman southern-Italian city name
tarascon,priority_gaul,Fossae Marianae,tier2_wide,conservative_regional_proxy,PLE:148084;PLN:148084/fossae-marianae;T2W,tier2,Wide Tier-2 AD 1 Pleiades settlement adapter; period-valid name resource 148084/fossae-marianae; nearest installed city field at 1.55px; lower-confidence map proxy.
targim,capital,North Caucasus,capital,attested,P8.7;CAH-XI;P8.7;CAH-XI,secure,Coordinate-verified AD 1 capital anchor
tarragona,priority_roman|priority_roman_iberia|top_city|urban_node,Tarraco,curated,attested,PLE:246349,secure,Pleiades exact Colonia Tarraco city point at 41.11689 1.25834; reviewed against the installed Tarragona location
tarrega,priority_roman_iberia,[EU5 vanilla pass-through],roman_vanilla_passthrough,unresolved_vanilla_passthrough,P10;PLE,contested,The Roman identity audit found no sufficiently secure AD 1 field identity. Runtime localization deliberately falls through to EU5 vanilla instead of emitting a synthetic name.
tarsus,priority_anatolia,Soloi,tier2_remote,conservative_regional_proxy,PLE:648781;PLN:648781/soloi;T2R,tier2,Remote Tier-2 AD 1 Pleiades settlement adapter; period-valid name resource 648781/soloi; nearest installed city field at 3.37px; remote lower-confidence map proxy.
tartu,priority_germania_baltic,Tartu,priority_proxy,transparent_map_fallback,T3N:installed-label;T3N:transparent-map-label,tier2,High-visibility unresolved field retains a concise installed cartographic label. It is explicitly not presented as an attested ancient settlement name.
tattaguine,priority_west_africa_guinea,Tattaguine,priority_proxy,transparent_map_fallback,T3N:installed-label;T3N:transparent-map-label,tier2,High-visibility unresolved field retains a concise installed cartographic label. It is explicitly not presented as an attested ancient settlement name.
tavira,priority_roman_iberia,Balsa,tier2_remote,conservative_regional_proxy,PLE:256013;PLN:256013/balsa;T2R,tier2,Remote Tier-2 AD 1 Pleiades settlement adapter; period-valid name resource 256013/balsa; nearest installed city field at 3.26px; remote lower-confidence map proxy.
taytay,capital,Palawan,priority_proxy,conservative_regional_proxy,NMP-TABON;NMP-PH-JARS;GEO-PROXY,tier2,High-visibility capital replacement for a synthetic Tier-3 form. PLW roster capital/territorial label on its documented engine proxy; the engine field is a documented proxy and not an exact settlement polygon.
tczew,priority_germania|priority_germania_baltic,Tczew,priority_proxy,transparent_map_fallback,T3N:installed-label;T3N:transparent-map-label,tier2,High-visibility unresolved field retains a concise installed cartographic label. It is explicitly not presented as an attested ancient settlement name.
tebessa,priority_roman_maghreb,Bitensia,tier2_far,conservative_regional_proxy,PLE:324679;PLN:324679/bitensia;T2F,tier2,Far Tier-2 AD 1 Pleiades settlement adapter; period-valid name resource 324679/bitensia; nearest installed city field at 9.79px; far lower-confidence map proxy.
tebourba,priority_roman_maghreb,Pagus Fortunalis,tier2_wide,conservative_regional_proxy,PLE:315103;PLN:315103/pagus-fortunalis;T2W,tier2,Wide Tier-2 AD 1 Pleiades settlement adapter; period-valid name resource 315103/pagus-fortunalis; nearest installed city field at 1.59px; lower-confidence map proxy.
tedelles,priority_roman_maghreb,Tigisi,tier2_ultra,conservative_regional_proxy,PLE:295359;PLN:295359/tigisi;T2U,tier2,Ultra-far Tier-2 AD 1 Pleiades settlement adapter; period-valid name resource 295359/tigisi; nearest installed city field at 19.28px; ultra-far lower-confidence map proxy.
tehotihuacan,capital,Teōtīhuacān,qualified,conservative_regional_proxy,P8.10;CAH-XI,tier2,Qualified period Teōtīhuacān form.
tehri,priority_india_central,Tehri,priority_proxy,transparent_map_fallback,T3N:installed-label;T3N:transparent-map-label,tier2,High-visibility unresolved field retains a concise installed cartographic label. It is explicitly not presented as an attested ancient settlement name.
teltow,capital,Semnonian Havel–Spree Lands,capital,attested,P8.7;CAH-XI;P8.7;CAH-XI,secure,Coordinate-verified AD 1 capital anchor
temasek,urban_node,Malay Straits,qualified,conservative_regional_proxy,P8.9;CAH-XI,tier2,Qualified straits-region adapter: the installed Temasek field is the project early Malay market anchor and must not project the later settlement name into AD 1.
tendukheda,priority_india_central,Tendukheda,priority_proxy,transparent_map_fallback,T3N:installed-label;T3N:transparent-map-label,tier2,High-visibility unresolved field retains a concise installed cartographic label. It is explicitly not presented as an attested ancient settlement name.
tengapani,priority_india_bengal,Tengapani,priority_proxy,transparent_map_fallback,T3N:installed-label;T3N:transparent-map-label,tier2,High-visibility unresolved field retains a concise installed cartographic label. It is explicitly not presented as an attested ancient settlement name.
tepecoacuilco,capital,Mezcala and upper Balsas communities,priority_proxy,conservative_regional_proxy,INAH-MEZCALA;GEO-PROXY,tier2,High-visibility capital replacement for a synthetic Tier-3 form. MZC roster capital/territorial label on its documented engine proxy; the engine field is a documented proxy and not an exact settlement polygon.
terme,priority_roman_anatolia,Themiskyra,tier2_ultra,conservative_regional_proxy,PLE:857350;PLN:857350/themiskyra;T2U,tier2,Ultra-far Tier-2 AD 1 Pleiades settlement adapter; period-valid name resource 857350/themiskyra; nearest installed city field at 15.90px; ultra-far lower-confidence map proxy.
termini,priority_italy|priority_roman_italy,[EU5 vanilla pass-through],roman_vanilla_passthrough,unresolved_vanilla_passthrough,P10;PLE,contested,The Roman identity audit found no sufficiently secure AD 1 field identity. Runtime localization deliberately falls through to EU5 vanilla instead of emitting a synthetic name.
terracina,priority_italy|priority_roman_italy,Setia,tier2_remote,conservative_regional_proxy,PLE:423068;PLN:423068/setia;T2R,tier2,Remote Tier-2 AD 1 Pleiades settlement adapter; period-valid name resource 423068/setia; nearest installed city field at 4.20px; remote lower-confidence map proxy.
terralba,priority_italy|priority_roman_italy,Metalla,tier2_remote,conservative_regional_proxy,PLE:471971;PLN:471971/metalla;T2R,tier2,Remote Tier-2 AD 1 Pleiades settlement adapter; period-valid name resource 471971/metalla; nearest installed city field at 4.87px; remote lower-confidence map proxy.
terranova_pausania,priority_italy|priority_roman_italy,Olbia,tier2_far,conservative_regional_proxy,PLE:471987;PLN:471987/olbia;T2F,tier2,Far Tier-2 AD 1 Pleiades settlement adapter; period-valid name resource 471987/olbia; nearest installed city field at 7.31px; far lower-confidence map proxy.
tes,capital,Dingling,qualified,conservative_regional_proxy,P8.8;CAH-XI,tier2,Qualified Dingling society anchor rather than a claim about a period settlement name.
tesin,capital,Upper Oder communities,priority_proxy,conservative_regional_proxy,P8.7;TAC-GER;OCD-GER;PLE;GEO-PROXY,tier2,High-visibility capital replacement for a synthetic Tier-3 form. BUU roster capital/territorial label on its documented engine proxy; the engine field is a documented proxy and not an exact settlement polygon.
thagaste,priority_roman_maghreb,Thesacthum,tier2_far,conservative_regional_proxy,PLE:324830;PLN:324830/thesacthum;T2F,tier2,Far Tier-2 AD 1 Pleiades settlement adapter; period-valid name resource 324830/thesacthum; nearest installed city field at 11.60px; far lower-confidence map proxy.
thalassery,priority_india_deccan,Thalassery,priority_proxy,transparent_map_fallback,T3N:installed-label;T3N:transparent-map-label,tier2,High-visibility unresolved field retains a concise installed cartographic label. It is explicitly not presented as an attested ancient settlement name.
thalner,priority_india_central,Thalner,priority_proxy,transparent_map_fallback,T3N:installed-label;T3N:transparent-map-label,tier2,High-visibility unresolved field retains a concise installed cartographic label. It is explicitly not presented as an attested ancient settlement name.
thanesar,priority_india|priority_india_hindustan,Thanesar,priority_proxy,transparent_map_fallback,T3N:installed-label;T3N:transparent-map-label,tier2,High-visibility unresolved field retains a concise installed cartographic label. It is explicitly not presented as an attested ancient settlement name.
thang_long,priority_han|urban_node,Jiaozhi,qualified,conservative_regional_proxy,P8.3;BHR,tier2,Qualified Han commandery adapter: the installed Thang Long field is a Red-River Jiaozhi proxy and must not project the 1010 CE capital name into AD 1.
thanjavur,priority_india|priority_india_deccan,Thanjavur,priority_proxy,transparent_map_fallback,T3N:installed-label;T3N:transparent-map-label,tier2,High-visibility unresolved field retains a concise installed cartographic label. It is explicitly not presented as an attested ancient settlement name.
thatta,priority_india|priority_india_west,Patalete,tier2_remote,conservative_regional_proxy,PLE:59987;PLN:59987/patalete;T2R,tier2,Remote Tier-2 AD 1 Pleiades settlement adapter; period-valid name resource 59987/patalete; nearest installed city field at 5.85px; remote lower-confidence map proxy.
thessaloniki,priority_roman|priority_roman_balkans,Thessalonica,curated,attested,PLE;ORB;P8.1,secure,Direct Roman Macedonian city name
thilogne,priority_west_africa|priority_west_africa_guinea,Thilogne,priority_proxy,transparent_map_fallback,T3N:installed-label;T3N:transparent-map-label,tier2,High-visibility unresolved field retains a concise installed cartographic label. It is explicitly not presented as an attested ancient settlement name.
thionville,priority_germania_north,Caranusca,tier2_remote,conservative_regional_proxy,PLE:108857;PLN:108857/caranusca;T2R,tier2,Remote Tier-2 AD 1 Pleiades settlement adapter; period-valid name resource 108857/caranusca; nearest installed city field at 3.87px; remote lower-confidence map proxy.
thiruvananthapuram,priority_india_deccan,Balita,tier2_far,conservative_regional_proxy,PLE:49892;PLN:49892/balita;T2F,tier2,Far Tier-2 AD 1 Pleiades settlement adapter; period-valid name resource 49892/balita; nearest installed city field at 9.92px; far lower-confidence map proxy.
thondi,priority_india_deccan,Akour,tier2_remote,conservative_regional_proxy,PLE:49849;PLN:49849/akour;T2R,tier2,Remote Tier-2 AD 1 Pleiades settlement adapter; period-valid name resource 49849/akour; nearest installed city field at 5.78px; remote lower-confidence map proxy.
thoothukudi,priority_india_deccan,Thoothukudi,priority_proxy,transparent_map_fallback,T3N:installed-label;T3N:transparent-map-label,tier2,High-visibility unresolved field retains a concise installed cartographic label. It is explicitly not presented as an attested ancient settlement name.
thun,priority_germania_south,[EU5 vanilla pass-through],roman_vanilla_passthrough,unresolved_vanilla_passthrough,P10;PLE,contested,The Roman identity audit found no sufficiently secure AD 1 field identity. Runtime localization deliberately falls through to EU5 vanilla instead of emitting a synthetic name.
thurso,capital,Caithness,priority_proxy,conservative_regional_proxy,P8.7;PTO-GEO-II2;MANN-BRI;GEO-PROXY,tier2,High-visibility capital replacement for a synthetic Tier-3 form. NCR roster capital/territorial label on its documented engine proxy; the engine field is a documented proxy and not an exact settlement polygon.
tidah,priority_roman_egypt,Bouto,tier2_remote,conservative_regional_proxy,PLE:727094;PLN:727094/bouto;T2R,tier2,Remote Tier-2 AD 1 Pleiades settlement adapter; period-valid name resource 727094/bouto; nearest installed city field at 5.05px; remote lower-confidence map proxy.
tiebele,priority_west_africa|priority_west_africa_sahel,Tiébélé,priority_proxy,transparent_map_fallback,T3N:installed-label;T3N:transparent-map-label,tier2,High-visibility unresolved field retains a concise installed cartographic label. It is explicitly not presented as an attested ancient settlement name.
tierp,priority_germania_scandinavia,Tierp,priority_proxy,transparent_map_fallback,T3N:installed-label;T3N:transparent-map-label,tier2,High-visibility unresolved field retains a concise installed cartographic label. It is explicitly not presented as an attested ancient settlement name.
tiffech,priority_roman_maghreb,Marcimeni,tier2_far,conservative_regional_proxy,PLE:334586;PLN:334586/marcimeni;T2F,tier2,Far Tier-2 AD 1 Pleiades settlement adapter; period-valid name resource 334586/marcimeni; nearest installed city field at 6.63px; far lower-confidence map proxy.
tijis,priority_roman_maghreb,[EU5 vanilla pass-through],roman_vanilla_passthrough,unresolved_vanilla_passthrough,P10;PLE,contested,The Roman identity audit found no sufficiently secure AD 1 field identity. Runtime localization deliberately falls through to EU5 vanilla instead of emitting a synthetic name.
tilda,priority_india_central,Tilda,priority_proxy,transparent_map_fallback,T3N:installed-label;T3N:transparent-map-label,tier2,High-visibility unresolved field retains a concise installed cartographic label. It is explicitly not presented as an attested ancient settlement name.
tingvalla,priority_germania_scandinavia,Tingvalla,priority_proxy,transparent_map_fallback,T3N:installed-label;T3N:transparent-map-label,tier2,High-visibility unresolved field retains a concise installed cartographic label. It is explicitly not presented as an attested ancient settlement name.
tinnis,priority_roman_egypt,Daphnai,tier2_remote,conservative_regional_proxy,PLE:727103;PLN:727103/daphnai;T2R,tier2,Remote Tier-2 AD 1 Pleiades settlement adapter; period-valid name resource 727103/daphnai; nearest installed city field at 3.52px; remote lower-confidence map proxy.
tire,priority_roman_anatolia,Boneita,tier2_remote,conservative_regional_proxy,PLE:599557;PLN:599557/boneita;T2R,tier2,Remote Tier-2 AD 1 Pleiades settlement adapter; period-valid name resource 599557/boneita; nearest installed city field at 4.37px; remote lower-confidence map proxy.
tirekka,priority_west_africa_guinea,Tirekka,priority_proxy,transparent_map_fallback,T3N:installed-label;T3N:transparent-map-label,tier2,High-visibility unresolved field retains a concise installed cartographic label. It is explicitly not presented as an attested ancient settlement name.
tirunelveli,priority_india|priority_india_deccan,Tirunelveli,priority_proxy,transparent_map_fallback,T3N:installed-label;T3N:transparent-map-label,tier2,High-visibility unresolved field retains a concise installed cartographic label. It is explicitly not presented as an attested ancient settlement name.
tivaouane,priority_west_africa|priority_west_africa_guinea,Tivaouane,priority_proxy,transparent_map_fallback,T3N:installed-label;T3N:transparent-map-label,tier2,High-visibility unresolved field retains a concise installed cartographic label. It is explicitly not presented as an attested ancient settlement name.
tivoli,priority_italy|priority_roman_italy,Tibur,curated,attested,BAT-LATIUM,secure,Direct ancient Tibur label at the installed Tivoli city field; replaces the distant Montelibretti adapter.
tiwanaku,capital,Tiwanaku,qualified,conservative_regional_proxy,P8.10;CAH-XI,tier2,Qualified early Tiwanaku period form.
tlacotlalpan,capital,Epi-Olmec Heartland,qualified,conservative_regional_proxy,P8.10;CAH-XI,tier2,Qualified Epi-Olmec regional anchor rather than a claim about the installed locality.
tlapan,capital,Guerrero Pacific communities,priority_proxy,conservative_regional_proxy,P8.10;CAH-XI;GEO-PROXY,tier2,High-visibility capital replacement for a synthetic Tier-3 form. GPC roster capital/territorial label on its documented engine proxy; the engine field is a documented proxy and not an exact settlement polygon.
tobruk,priority_roman_egypt,Antipyrgos,curated,attested,PLE:716525,secure,Pleiades direct Antipyrgos settlement point at 32.07646 23.96137
todi,priority_italy|priority_roman_italy,Tuder,tier2_remote,conservative_regional_proxy,PLE:413354;PLN:413354/tuder;T2R,tier2,Remote Tier-2 AD 1 Pleiades settlement adapter; period-valid name resource 413354/tuder; nearest installed city field at 4.74px; remote lower-confidence map proxy.
tokat,priority_anatolia,Pedachthoe,tier2_far,conservative_regional_proxy,PLE:857266;PLN:857266/pedachthoe;T2F,tier2,Far Tier-2 AD 1 Pleiades settlement adapter; period-valid name resource 857266/pedachthoe; nearest installed city field at 6.19px; far lower-confidence map proxy.
tomarza,priority_anatolia,Euagina,tier2_remote,conservative_regional_proxy,PLE:628972;PLN:628972/euagina;T2R,tier2,Remote Tier-2 AD 1 Pleiades settlement adapter; period-valid name resource 628972/euagina; nearest installed city field at 4.77px; remote lower-confidence map proxy.
tome,priority_japan,Tome,priority_proxy,transparent_map_fallback,T3N:installed-label;T3N:transparent-map-label,tier2,High-visibility unresolved field retains a concise installed cartographic label. It is explicitly not presented as an attested ancient settlement name.
tomsk,capital,Surgut-Narym archaeological communities,priority_proxy,conservative_regional_proxy,TOM-KUL;P8.8;GEO-PROXY,tier2,High-visibility capital replacement for a synthetic Tier-3 form. KUL roster capital/territorial label on its documented engine proxy; the engine field is a documented proxy and not an exact settlement polygon.
tongan,priority_han|priority_han_east,Tóng'ān,priority_proxy,transparent_map_fallback,T3N:installed-label;T3N:transparent-map-label,tier2,High-visibility unresolved field retains a concise installed cartographic label. It is explicitly not presented as an attested ancient settlement name.
tongatapu,capital,Tonga-Samoa-Fiji,qualified,conservative_regional_proxy,P8.9;CAH-XI,tier2,Qualified western-Polynesian regional anchor rather than a reconstructed capital.
tongcheng_wuchang,priority_han|priority_han_east,Tōngchéng,priority_proxy,transparent_map_fallback,T3N:installed-label;T3N:transparent-map-label,tier2,High-visibility unresolved field retains a concise installed cartographic label. It is explicitly not presented as an attested ancient settlement name.
tongliang,priority_han_west,Tongliang,priority_proxy,transparent_map_fallback,T3N:installed-label;T3N:transparent-map-label,tier2,High-visibility unresolved field retains a concise installed cartographic label. It is explicitly not presented as an attested ancient settlement name.
tongue,capital,Northern Caledonia,priority_proxy,conservative_regional_proxy,P8.7;PTO-GEO-II2;MANN-BRI;GEO-PROXY,tier2,High-visibility capital replacement for a synthetic Tier-3 form. SME roster capital/territorial label on its documented engine proxy; the engine field is a documented proxy and not an exact settlement polygon.
tongzhou,priority_han_west,Tóngzhōu,priority_proxy,transparent_map_fallback,T3N:installed-label;T3N:transparent-map-label,tier2,High-visibility unresolved field retains a concise installed cartographic label. It is explicitly not presented as an attested ancient settlement name.
tortosa,priority_roman|priority_roman_iberia,Dertosa,curated,attested,PLE,secure,Direct Roman-period city form for the installed Tortosa location
torun,priority_germania|priority_germania_baltic,Toruń,priority_proxy,transparent_map_fallback,T3N:installed-label;T3N:transparent-map-label,tier2,High-visibility unresolved field retains a concise installed cartographic label. It is explicitly not presented as an attested ancient settlement name.
torzym,capital,Vandilian Oder–Warta Lands,capital,attested,P8.7;CAH-XI;P8.7;CAH-XI,secure,Coordinate-verified AD 1 capital anchor
toshima_kanto,priority_japan,Toshima,priority_proxy,transparent_map_fallback,T3N:installed-label;T3N:transparent-map-label,tier2,High-visibility unresolved field retains a concise installed cartographic label. It is explicitly not presented as an attested ancient settlement name.
toszek,priority_germania_baltic,Toszek,priority_proxy,transparent_map_fallback,T3N:installed-label;T3N:transparent-map-label,tier2,High-visibility unresolved field retains a concise installed cartographic label. It is explicitly not presented as an attested ancient settlement name.
toulon,priority_gaul,Olbia,tier2_remote,conservative_regional_proxy,PLE:157896;PLN:157896/olbia;T2R,tier2,Remote Tier-2 AD 1 Pleiades settlement adapter; period-valid name resource 157896/olbia; nearest installed city field at 5.63px; remote lower-confidence map proxy.
toulouse,priority_gaul,Tolosa,curated,attested,PLE:246694,secure,Pleiades exact Tolosa settlement point at 43.60417 1.44325; reviewed against the installed Toulouse location
tournai,priority_gaul|priority_germania_north,Turnacum,curated,attested,PLE:109398;BAT-GAUL,secure,Direct ancient Turnacum label at the installed Tournai city field; promotes the exact record above the wide proximity layer.
toyoura,priority_japan,Toyoura,priority_proxy,transparent_map_fallback,T3N:installed-label;T3N:transparent-map-label,tier2,High-visibility unresolved field retains a concise installed cartographic label. It is explicitly not presented as an attested ancient settlement name.
trapani,priority_italy|priority_roman_italy,Halicyae,tier2_far,conservative_regional_proxy,PLE:462227;PLN:462227/halicyae;T2F,tier2,Far Tier-2 AD 1 Pleiades settlement adapter; period-valid name resource 462227/halicyae; nearest installed city field at 8.15px; far lower-confidence map proxy.
treviglio,priority_italy|priority_roman_italy,Laus Pompeia,tier2_far,conservative_regional_proxy,PLE:383691;PLN:383691/laus-pompeia;T2F,tier2,Far Tier-2 AD 1 Pleiades settlement adapter; period-valid name resource 383691/laus-pompeia; nearest installed city field at 7.80px; far lower-confidence map proxy.
treviso,priority_italy|priority_roman_italy,Tarvisium,curated,attested,PLE:393503,secure,Pleiades exact Tarvisium settlement point at 45.66625 12.24206; reviewed against the installed Treviso location
trieste,priority_roman_balkans,Tergeste,curated,attested,PLE:187578,secure,Pleiades exact Tergeste city point at 45.64915 13.77170; reviewed against the installed Trieste location
trincomalee,priority_india_deccan,Trincomalee,priority_proxy,transparent_map_fallback,T3N:installed-label;T3N:transparent-map-label,tier2,High-visibility unresolved field retains a concise installed cartographic label. It is explicitly not presented as an attested ancient settlement name.
tripoli,priority_roman|priority_roman_maghreb,Oea,curated,attested,PLE;P8.1,secure,Secure ancient and Roman-period city form at the direct Tripoli match.
tsudaka,priority_japan,Tsudaka,priority_proxy,transparent_map_fallback,T3N:installed-label;T3N:transparent-map-label,tier2,High-visibility unresolved field retains a concise installed cartographic label. It is explicitly not presented as an attested ancient settlement name.
tsukama,priority_japan,Tsukama,priority_proxy,transparent_map_fallback,T3N:installed-label;T3N:transparent-map-label,tier2,High-visibility unresolved field retains a concise installed cartographic label. It is explicitly not presented as an attested ancient settlement name.
tsukuba,priority_japan,Tsukuba,priority_proxy,transparent_map_fallback,T3N:installed-label;T3N:transparent-map-label,tier2,High-visibility unresolved field retains a concise installed cartographic label. It is explicitly not presented as an attested ancient settlement name.
tsuno,priority_japan,Tsuno,priority_proxy,transparent_map_fallback,T3N:installed-label;T3N:transparent-map-label,tier2,High-visibility unresolved field retains a concise installed cartographic label. It is explicitly not presented as an attested ancient settlement name.
tsuruga,priority_japan,Tsuruga,priority_proxy,transparent_map_fallback,T3N:installed-label;T3N:transparent-map-label,tier2,High-visibility unresolved field retains a concise installed cartographic label. It is explicitly not presented as an attested ancient settlement name.
tudela,priority_roman_iberia,Bursao,tier2_remote,conservative_regional_proxy,PLE:246261;PLN:246261/bursao;T2R,tier2,Remote Tier-2 AD 1 Pleiades settlement adapter; period-valid name resource 246261/bursao; nearest installed city field at 3.30px; remote lower-confidence map proxy.
tulcea,priority_roman_balkans,Aegyssus,curated,attested,PLE:216694,secure,Direct Aegyssus settlement point at the installed Tulcea delta-city proxy.
tulln,priority_germania_south,Cetium,tier2_far,conservative_regional_proxy,PLE:118629;PLN:118629/cetium;T2F,tier2,Far Tier-2 AD 1 Pleiades settlement adapter; period-valid name resource 118629/cetium; nearest installed city field at 6.81px; far lower-confidence map proxy.
tunis,priority_roman|priority_roman_maghreb|top_city|urban_node,Carthago,curated,attested,PLE:314921,secure,Pleiades direct Carthago settlement and port point at 36.85306 10.32306
tupran,priority_india|priority_india_deccan,Tupran,priority_proxy,transparent_map_fallback,T3N:installed-label;T3N:transparent-map-label,tier2,High-visibility unresolved field retains a concise installed cartographic label. It is explicitly not presented as an attested ancient settlement name.
turin,priority_italy|priority_roman_italy,Augusta Taurinorum,curated,attested,PLE:383580,secure,Pleiades exact Augusta Taurinorum city point at 45.07178 7.68600; reviewed against the installed Turin location
turpan,capital,Turpan,curated,attested,IRAN-CT;P8.3,secure,Encyclopaedia Iranica identifies Turfan among the exact ancient northern-Tarim oasis states; conventional period form retained.
tuubaa,priority_west_africa_guinea,Tuubaa,priority_proxy,transparent_map_fallback,T3N:installed-label;T3N:transparent-map-label,tier2,High-visibility unresolved field retains a concise installed cartographic label. It is explicitly not presented as an attested ancient settlement name.
tuy,priority_roman_iberia,[EU5 vanilla pass-through],roman_vanilla_passthrough,unresolved_vanilla_passthrough,P10;PLE,contested,The Roman identity audit found no sufficiently secure AD 1 field identity. Runtime localization deliberately falls through to EU5 vanilla instead of emitting a synthetic name.
tver,capital,Upper Volga late-Dyakovo material group,priority_proxy,conservative_regional_proxy,RA-DYAKOVO-UPPER;GEO-PROXY,tier2,High-visibility capital replacement for a synthetic Tier-3 form. UVD roster capital/territorial label on its documented engine proxy; the engine field is a documented proxy and not an exact settlement polygon.
ubari,capital,Garama,capital,attested,PLE;P8.5;P8.5;CAH-XI;PLE,secure,Coordinate-verified AD 1 capital anchor
uch,priority_india|priority_india_hindustan,Uch,priority_proxy,transparent_map_fallback,T3N:installed-label;T3N:transparent-map-label,tier2,High-visibility unresolved field retains a concise installed cartographic label. It is explicitly not presented as an attested ancient settlement name.
udine,priority_italy|priority_roman_italy,Portus Reatinus,tier2_ultra,conservative_regional_proxy,PLE:393478;PLN:393478/portus-reatinus;T2U,tier2,Ultra-far Tier-2 AD 1 Pleiades settlement adapter; period-valid name resource 393478/portus-reatinus; nearest installed city field at 12.24px; ultra-far lower-confidence map proxy.
uian,capital,Byeonhan,qualified,conservative_regional_proxy,P8.3;SAM,tier2,Qualified Samhan polity anchor rather than a claim about the later Uian name.
ujjain,capital|priority_india|priority_india_central,Ujjayini,qualified,conservative_regional_proxy,CAH-INDUS;P8.4,tier2,Direct ancient Ujjayini form at the installed city location.
ukhta,capital,Pechora-Timan Dzhudzhydyag group,priority_proxy,conservative_regional_proxy,ENC-NEEU;GEO-PROXY,tier2,High-visibility capital replacement for a synthetic Tier-3 form. SMY roster capital/territorial label on its documented engine proxy; the engine field is a documented proxy and not an exact settlement polygon.
ullapool,capital,Northwestern Caledonia,priority_proxy,conservative_regional_proxy,P8.7;PTO-GEO-II2;MANN-BRI;GEO-PROXY,tier2,High-visibility capital replacement for a synthetic Tier-3 form. CNA roster capital/territorial label on its documented engine proxy; the engine field is a documented proxy and not an exact settlement polygon.
ulnia,priority_anatolia,Ulnia,priority_proxy,transparent_map_fallback,T3N:installed-label;T3N:transparent-map-label,tier2,High-visibility unresolved field retains a concise installed cartographic label. It is explicitly not presented as an attested ancient settlement name.
uluborlu,priority_roman_anatolia,Plinnena,tier2_wide,conservative_regional_proxy,PLE:639064;PLN:639064/plinnena;T2W,tier2,Wide Tier-2 AD 1 Pleiades settlement adapter; period-valid name resource 639064/plinnena; nearest installed city field at 2.11px; lower-confidence map proxy.
ulytau,capital,Central Saryarka,priority_proxy,conservative_regional_proxy,UNESCO-CA-NOMADS;WIL-SAR;GEO-PROXY,tier2,High-visibility capital replacement for a synthetic Tier-3 form. SRY roster capital/territorial label on its documented engine proxy; the engine field is a documented proxy and not an exact settlement polygon.
umea,priority_germania_scandinavia,Umeå,priority_proxy,transparent_map_fallback,T3N:installed-label;T3N:transparent-map-label,tier2,High-visibility unresolved field retains a concise installed cartographic label. It is explicitly not presented as an attested ancient settlement name.
unnao,priority_india_hindustan,Unnao,priority_proxy,transparent_map_fallback,T3N:installed-label;T3N:transparent-map-label,tier2,High-visibility unresolved field retains a concise installed cartographic label. It is explicitly not presented as an attested ancient settlement name.
uppsala,capital|priority_germania_scandinavia,Suiones,qualified,conservative_regional_proxy,P8.7;CAH-XI,tier2,Qualified Mälaren-region adapter: the installed Uppsala field anchors the Suiones polity and must not project the later ecclesiastical place identity into AD 1.
urfa,capital|top_city|urban_node,Edessa,capital,attested,PLE:658457;P8.2;P8.2;OCD;PLE,secure,Coordinate-verified AD 1 capital anchor
urgup,priority_anatolia,Ouenasa,tier2_remote,conservative_regional_proxy,PLE:619230;PLN:619230/ouenasa;T2R,tier2,Remote Tier-2 AD 1 Pleiades settlement adapter; period-valid name resource 619230/ouenasa; nearest installed city field at 3.28px; remote lower-confidence map proxy.
urumqi,capital,Inner Asian Oases,qualified,conservative_regional_proxy,P8.8;CAH-XI;CHG,tier2,Qualified oasis-region adapter: the installed Ürümqi field anchors the Inner Asian oasis-societies frame and must not project the later city name into AD 1.
ushguli,capital,Upper Caucasus above Dioscurias,priority_proxy,conservative_regional_proxy,STR-CAUC;IRAN-COL;GEO-PROXY,tier2,High-visibility capital replacement for a synthetic Tier-3 form. SVA roster capital/territorial label on its documented engine proxy; the engine field is a documented proxy and not an exact settlement polygon.
ushmum_tannah,priority_roman_egypt,Mendes,tier2_remote,conservative_regional_proxy,PLE:727156;PLN:727156/mendes;T2R,tier2,Remote Tier-2 AD 1 Pleiades settlement adapter; period-valid name resource 727156/mendes; nearest installed city field at 5.88px; remote lower-confidence map proxy.
uskudar,priority_anatolia|priority_roman_anatolia,Strobilos,tier2_ultra,conservative_regional_proxy,PLE:511423;PLN:511423/strobilos;T2U,tier2,Ultra-far Tier-2 AD 1 Pleiades settlement adapter; period-valid name resource 511423/strobilos; nearest installed city field at 12.32px; ultra-far lower-confidence map proxy.
valencia,priority_roman|priority_roman_iberia,Valentia,curated,attested,PLE,secure,Direct Roman-period city form for the installed Valencia location
valenciennes,priority_gaul|priority_germania_north,Fanum Martis,tier2,conservative_regional_proxy,PLE:108977;PLN:108977/fanum-martis;T2,tier2,Tier-2 AD 1 Pleiades settlement adapter; period-valid name resource 108977/fanum-martis; nearest installed city field at 1.03px; lower-confidence map proxy.
vallo,priority_italy|priority_roman_italy,Velia,tier2_remote,conservative_regional_proxy,PLE:452488;PLN:452488/velia;T2R,tier2,Remote Tier-2 AD 1 Pleiades settlement adapter; period-valid name resource 452488/velia; nearest installed city field at 3.90px; remote lower-confidence map proxy.
vannes,priority_gaul|priority_roman_gaul,[EU5 vanilla pass-through],roman_vanilla_passthrough,unresolved_vanilla_passthrough,P10;PLE,contested,The Roman identity audit found no sufficiently secure AD 1 field identity. Runtime localization deliberately falls through to EU5 vanilla instead of emitting a synthetic name.
varanasi,capital|priority_india|priority_india_hindustan,Asthagoura,tier2_far,conservative_regional_proxy,PLE:59717;PLN:59717/asthagoura;T2F,tier2,Far Tier-2 AD 1 Pleiades settlement adapter; period-valid name resource 59717/asthagoura; nearest installed city field at 8.02px; far lower-confidence map proxy.
varde,priority_germania,Varde,priority_proxy,transparent_map_fallback,T3N:installed-label;T3N:transparent-map-label,tier2,High-visibility unresolved field retains a concise installed cartographic label. It is explicitly not presented as an attested ancient settlement name.
varna,priority_roman_balkans,Odessus,curated,attested,PLE:216904,secure,Direct Odessus settlement point; Varna is the continuous coastal city adapter.
varnum,priority_germania_scandinavia,Varnum,priority_proxy,transparent_map_fallback,T3N:installed-label;T3N:transparent-map-label,tier2,High-visibility unresolved field retains a concise installed cartographic label. It is explicitly not presented as an attested ancient settlement name.
vasteras,priority_germania_scandinavia,Västerås,priority_proxy,transparent_map_fallback,T3N:installed-label;T3N:transparent-map-label,tier2,High-visibility unresolved field retains a concise installed cartographic label. It is explicitly not presented as an attested ancient settlement name.
vasto,priority_italy|priority_roman_italy,Histonium,tier2_far,conservative_regional_proxy,PLE:413171;PLN:413171/histonium;T2F,tier2,Far Tier-2 AD 1 Pleiades settlement adapter; period-valid name resource 413171/histonium; nearest installed city field at 9.01px; far lower-confidence map proxy.
vatra_dornei,capital,Bastarnae,qualified,conservative_regional_proxy,P8.7;CAH-XI,tier2,Qualified Bastarnae regional adapter: the installed Vatra Dornei field is a northern-Carpathian society anchor and must not project the later town name into AD 1.
velletri,priority_italy|priority_roman_italy,Velitrae,curated,attested,PLE:423117;BAT-LATIUM,secure,Direct Pleiades Velitrae settlement label at the installed Velletri city field; replaces the unrelated S Gennaro adapter.
vembar,priority_india|priority_india_deccan,Vembar,priority_proxy,transparent_map_fallback,T3N:installed-label;T3N:transparent-map-label,tier2,High-visibility unresolved field retains a concise installed cartographic label. It is explicitly not presented as an attested ancient settlement name.
vempalle,priority_india_deccan,Vempalle,priority_proxy,transparent_map_fallback,T3N:installed-label;T3N:transparent-map-label,tier2,High-visibility unresolved field retains a concise installed cartographic label. It is explicitly not presented as an attested ancient settlement name.
vemulawada,priority_india_deccan,Vemulawada,priority_proxy,transparent_map_fallback,T3N:installed-label;T3N:transparent-map-label,tier2,High-visibility unresolved field retains a concise installed cartographic label. It is explicitly not presented as an attested ancient settlement name.
venafro,priority_italy|priority_roman|priority_roman_italy,Atina,tier2_far,conservative_regional_proxy,PLE:432708;PLN:432708/atina;T2F,tier2,Far Tier-2 AD 1 Pleiades settlement adapter; period-valid name resource 432708/atina; nearest installed city field at 10.04px; far lower-confidence map proxy.
vendome,priority_gaul|priority_roman_gaul,Navicellis,tier2_far,conservative_regional_proxy,PLE:138481;PLN:138481/navicellis;T2F,tier2,Far Tier-2 AD 1 Pleiades settlement adapter; period-valid name resource 138481/navicellis; nearest installed city field at 8.47px; far lower-confidence map proxy.
venice,priority_italy|priority_roman_italy,Brundulum,tier2_far,conservative_regional_proxy,PLE:393393;PLN:393393/brundulum;T2F,tier2,Far Tier-2 AD 1 Pleiades settlement adapter; period-valid name resource 393393/brundulum; nearest installed city field at 10.37px; far lower-confidence map proxy.
vercelli,priority_italy|priority_roman_italy,Industria,tier2_far,conservative_regional_proxy,PLE:383677;PLN:383677/industria;T2F,tier2,Far Tier-2 AD 1 Pleiades settlement adapter; period-valid name resource 383677/industria; nearest installed city field at 11.34px; far lower-confidence map proxy.
verdun_sur_garonne,priority_gaul,Ictium,tier2_far,conservative_regional_proxy,PLE:246426;PLN:246426/ictium;T2F,tier2,Far Tier-2 AD 1 Pleiades settlement adapter; period-valid name resource 246426/ictium; nearest installed city field at 6.12px; far lower-confidence map proxy.
verona,priority_italy|priority_roman_italy,Verona,curated,attested,PLE:383816,secure,Pleiades exact Verona settlement point at 45.44215 10.99572; reviewed against the installed Verona location
veurne,priority_gaul|priority_germania_north|priority_roman,[EU5 vanilla pass-through],roman_vanilla_passthrough,unresolved_vanilla_passthrough,P10;PLE,contested,The Roman identity audit found no sufficiently secure AD 1 field identity. Runtime localization deliberately falls through to EU5 vanilla instead of emitting a synthetic name.
vianden,priority_germania_north,[EU5 vanilla pass-through],roman_vanilla_passthrough,unresolved_vanilla_passthrough,P10;PLE,contested,The Roman identity audit found no sufficiently secure AD 1 field identity. Runtime localization deliberately falls through to EU5 vanilla instead of emitting a synthetic name.
viborg,priority_germania|priority_germania_scandinavia,Viborg,priority_proxy,transparent_map_fallback,T3N:installed-label;T3N:transparent-map-label,tier2,High-visibility unresolved field retains a concise installed cartographic label. It is explicitly not presented as an attested ancient settlement name.
vicenza,priority_italy|priority_roman_italy,Vicetia,curated,attested,PLE:393513,secure,Pleiades exact Vicetia city point at 45.54577 11.54028; reviewed against the installed Vicenza location
vidin,priority_roman_balkans,[EU5 vanilla pass-through],roman_vanilla_passthrough,unresolved_vanilla_passthrough,P10;PLE,contested,The Roman identity audit found no sufficiently secure AD 1 field identity. Runtime localization deliberately falls through to EU5 vanilla instead of emitting a synthetic name.
vienna,priority_germania_south,Aquae,tier2_remote,conservative_regional_proxy,PLE:128355;PLN:128355/aquae;T2R,tier2,Remote Tier-2 AD 1 Pleiades settlement adapter; period-valid name resource 128355/aquae; nearest installed city field at 5.98px; remote lower-confidence map proxy.
vienne,priority_gaul|priority_roman_gaul,[EU5 vanilla pass-through],roman_vanilla_passthrough,unresolved_vanilla_passthrough,P10;PLE,contested,The Roman identity audit found no sufficiently secure AD 1 field identity. Runtime localization deliberately falls through to EU5 vanilla instead of emitting a synthetic name.
villemur,priority_gaul,Tolosa,tier2_far,conservative_regional_proxy,PLE:246694;PLN:246694/tolosa;T2F,tier2,Far Tier-2 AD 1 Pleiades settlement adapter; period-valid name resource 246694/tolosa; nearest installed city field at 11.56px; far lower-confidence map proxy.
vilnius,priority_germania_baltic,Vilnius,priority_proxy,transparent_map_fallback,T3N:installed-label;T3N:transparent-map-label,tier2,High-visibility unresolved field retains a concise installed cartographic label. It is explicitly not presented as an attested ancient settlement name.
virkgarh,priority_india|priority_india_hindustan,Virkgarh,priority_proxy,transparent_map_fallback,T3N:installed-label;T3N:transparent-map-label,tier2,High-visibility unresolved field retains a concise installed cartographic label. It is explicitly not presented as an attested ancient settlement name.
virovitica,priority_roman_balkans,Aquae Balissae,tier2_remote,conservative_regional_proxy,PLE:197126;PLN:197126/aquae-balissae;T2R,tier2,Remote Tier-2 AD 1 Pleiades settlement adapter; period-valid name resource 197126/aquae-balissae; nearest installed city field at 5.32px; remote lower-confidence map proxy.
virudhunagar,priority_india_deccan,Tangala,tier2_remote,conservative_regional_proxy,PLE:50297;PLN:50297/tangala;T2R,tier2,Remote Tier-2 AD 1 Pleiades settlement adapter; period-valid name resource 50297/tangala; nearest installed city field at 5.11px; remote lower-confidence map proxy.
viterbo,priority_italy|priority_roman|priority_roman_italy,Balneum Regis,tier2_remote,conservative_regional_proxy,PLE:413052;PLN:413052/balneum-regis;T2R,tier2,Remote Tier-2 AD 1 Pleiades settlement adapter; period-valid name resource 413052/balneum-regis; nearest installed city field at 4.62px; remote lower-confidence map proxy.
vitre,priority_gaul,[EU5 vanilla pass-through],roman_vanilla_passthrough,unresolved_vanilla_passthrough,P10;PLE,contested,The Roman identity audit found no sufficiently secure AD 1 field identity. Runtime localization deliberately falls through to EU5 vanilla instead of emitting a synthetic name.
vitry_aux_loges,priority_gaul|priority_roman_gaul,[EU5 vanilla pass-through],roman_vanilla_passthrough,unresolved_vanilla_passthrough,P10;PLE,contested,The Roman identity audit found no sufficiently secure AD 1 field identity. Runtime localization deliberately falls through to EU5 vanilla instead of emitting a synthetic name.
vladimir,capital,Klyazma late-Dyakovo material group,priority_proxy,conservative_regional_proxy,RA-DYAKOVO-UPPER;GEO-PROXY,tier2,High-visibility capital replacement for a synthetic Tier-3 form. KLY roster capital/territorial label on its documented engine proxy; the engine field is a documented proxy and not an exact settlement polygon.
volkermarkt,priority_germania_south,[EU5 vanilla pass-through],roman_vanilla_passthrough,unresolved_vanilla_passthrough,P10;PLE,contested,The Roman identity audit found no sufficiently secure AD 1 field identity. Runtime localization deliberately falls through to EU5 vanilla instead of emitting a synthetic name.
volterra,priority_italy|priority_roman_italy,Volaterrae,tier2,conservative_regional_proxy,PLE:403292;PLN:403292/volaterrae;T2,tier2,Tier-2 AD 1 Pleiades settlement adapter; period-valid name resource 403292/volaterrae; nearest installed city field at 1.26px; lower-confidence map proxy.
vordingborg,priority_germania|priority_germania_scandinavia,Vordingborg,priority_proxy,transparent_map_fallback,T3N:installed-label;T3N:transparent-map-label,tier2,High-visibility unresolved field retains a concise installed cartographic label. It is explicitly not presented as an attested ancient settlement name.
vu_ninh,priority_han,Vũ Nin,priority_proxy,transparent_map_fallback,T3N:installed-label;T3N:transparent-map-label,tier2,High-visibility unresolved field retains a concise installed cartographic label. It is explicitly not presented as an attested ancient settlement name.
vyatka,capital,Vyatka Pyanobor material group,priority_proxy,conservative_regional_proxy,ENC-NEEU;PAR-PER;GEO-PROXY,tier2,High-visibility capital replacement for a synthetic Tier-3 form. VYP roster capital/territorial label on its documented engine proxy; the engine field is a documented proxy and not an exact settlement polygon.
wa,priority_west_africa|priority_west_africa_sahel,Wa,priority_proxy,transparent_map_fallback,T3N:installed-label;T3N:transparent-map-label,tier2,High-visibility unresolved field retains a concise installed cartographic label. It is explicitly not presented as an attested ancient settlement name.
wadi_el_natrun,priority_roman_egypt,[EU5 vanilla pass-through],roman_vanilla_passthrough,unresolved_vanilla_passthrough,P10;PLE,contested,The Roman identity audit found no sufficiently secure AD 1 field identity. Runtime localization deliberately falls through to EU5 vanilla instead of emitting a synthetic name.
walcourt,priority_germania_north,[EU5 vanilla pass-through],roman_vanilla_passthrough,unresolved_vanilla_passthrough,P10;PLE,contested,The Roman identity audit found no sufficiently secure AD 1 field identity. Runtime localization deliberately falls through to EU5 vanilla instead of emitting a synthetic name.
wanar,priority_west_africa|priority_west_africa_guinea,Wanar,priority_proxy,transparent_map_fallback,T3N:installed-label;T3N:transparent-map-label,tier2,High-visibility unresolved field retains a concise installed cartographic label. It is explicitly not presented as an attested ancient settlement name.
waounde,priority_west_africa|priority_west_africa_guinea,Waoundé,priority_proxy,transparent_map_fallback,T3N:installed-label;T3N:transparent-map-label,tier2,High-visibility unresolved field retains a concise installed cartographic label. It is explicitly not presented as an attested ancient settlement name.
warangal,priority_india|priority_india_deccan,Warangal,priority_proxy,transparent_map_fallback,T3N:installed-label;T3N:transparent-map-label,tier2,High-visibility unresolved field retains a concise installed cartographic label. It is explicitly not presented as an attested ancient settlement name.
waricoto,capital,Callejón de Huaylas,capital,attested,P8.10;CAH-XI;MET-ANDES-1500;CWP-ANDES;P8.10,secure,Coordinate-verified AD 1 capital anchor
wassu,priority_west_africa_guinea,Wassu,priority_proxy,transparent_map_fallback,T3N:installed-label;T3N:transparent-map-label,tier2,High-visibility unresolved field retains a concise installed cartographic label. It is explicitly not presented as an attested ancient settlement name.
watang,priority_han_south,Wǎtáng,priority_proxy,transparent_map_fallback,T3N:installed-label;T3N:transparent-map-label,tier2,High-visibility unresolved field retains a concise installed cartographic label. It is explicitly not presented as an attested ancient settlement name.
waterford,capital,Southeastern Hibernia,priority_proxy,conservative_regional_proxy,P8.7;PTO-GEO-II1;DARCY-IRE;GEO-PROXY,tier2,High-visibility capital replacement for a synthetic Tier-3 form. IBG roster capital/territorial label on its documented engine proxy; the engine field is a documented proxy and not an exact settlement polygon.
wazirabad,priority_india_deccan,Wazirabad,priority_proxy,transparent_map_fallback,T3N:installed-label;T3N:transparent-map-label,tier2,High-visibility unresolved field retains a concise installed cartographic label. It is explicitly not presented as an attested ancient settlement name.
weihai,priority_han|priority_han_north,Wēihǎi,priority_proxy,transparent_map_fallback,T3N:installed-label;T3N:transparent-map-label,tier2,High-visibility unresolved field retains a concise installed cartographic label. It is explicitly not presented as an attested ancient settlement name.
weinan,priority_han|priority_han_west,Wèinán,priority_proxy,transparent_map_fallback,T3N:installed-label;T3N:transparent-map-label,tier2,High-visibility unresolved field retains a concise installed cartographic label. It is explicitly not presented as an attested ancient settlement name.
weithali,capital,Kaladan-Lemro Littoral,qualified,conservative_regional_proxy,CAM-ARAKAN-BOUNDARY;P8.9,tier2,Qualified geographic anchor; the installed Vesali-derived field is not treated as an AD 1 city or polity.
weiyuan_jiading,priority_han_west,Wēiyuǎn,priority_proxy,transparent_map_fallback,T3N:installed-label;T3N:transparent-map-label,tier2,High-visibility unresolved field retains a concise installed cartographic label. It is explicitly not presented as an attested ancient settlement name.
wels,priority_germania_south,Vetonianis,tier2_remote,conservative_regional_proxy,PLE:119021;PLN:119021/vetonianis;T2R,tier2,Remote Tier-2 AD 1 Pleiades settlement adapter; period-valid name resource 119021/vetonianis; nearest installed city field at 5.83px; remote lower-confidence map proxy.
wenchang,priority_han|priority_han_south,Wénchāng,priority_proxy,transparent_map_fallback,T3N:installed-label;T3N:transparent-map-label,tier2,High-visibility unresolved field retains a concise installed cartographic label. It is explicitly not presented as an attested ancient settlement name.
wenling,priority_han|priority_han_east,Wēnlǐng,priority_proxy,transparent_map_fallback,T3N:installed-label;T3N:transparent-map-label,tier2,High-visibility unresolved field retains a concise installed cartographic label. It is explicitly not presented as an attested ancient settlement name.
wexford,capital,Manapia,priority_proxy,conservative_regional_proxy,P8.7;PTO-GEO-II1;DARCY-IRE;GEO-PROXY,tier2,High-visibility capital replacement for a synthetic Tier-3 form. MNP roster capital/territorial label on its documented engine proxy; the engine field is a documented proxy and not an exact settlement polygon.
winsen,capital,Langobardic Elbe Heathlands,capital,attested,P8.7;CAH-XI;P8.7;CAH-XI,secure,Coordinate-verified AD 1 capital anchor
wismar,priority_germania|priority_germania_north,Wismar,priority_proxy,transparent_map_fallback,T3N:installed-label;T3N:transparent-map-label,tier2,High-visibility unresolved field retains a concise installed cartographic label. It is explicitly not presented as an attested ancient settlement name.
wolgast,priority_germania,Wolgast,priority_proxy,transparent_map_fallback,T3N:installed-label;T3N:transparent-map-label,tier2,High-visibility unresolved field retains a concise installed cartographic label. It is explicitly not presented as an attested ancient settlement name.
wolhusen,priority_germania_south,[EU5 vanilla pass-through],roman_vanilla_passthrough,unresolved_vanilla_passthrough,P10;PLE,contested,The Roman identity audit found no sufficiently secure AD 1 field identity. Runtime localization deliberately falls through to EU5 vanilla instead of emitting a synthetic name.
wolow,priority_germania_baltic,Wołów,priority_proxy,transparent_map_fallback,T3N:installed-label;T3N:transparent-map-label,tier2,High-visibility unresolved field retains a concise installed cartographic label. It is explicitly not presented as an attested ancient settlement name.
worms,priority_germania,Borbetomagus,curated,attested,PLE;P8.1,secure,Secure Roman-period city form.
wroclaw,capital|priority_germania|priority_germania_baltic,Central Silesian communities,priority_proxy,conservative_regional_proxy,P8.7;TAC-GER;OCD-GER;PLE;GEO-PROXY,tier2,High-visibility capital replacement for a synthetic Tier-3 form. MSI roster capital/territorial label on its documented engine proxy; the engine field is a documented proxy and not an exact settlement polygon.
wucao,priority_han_south,Wǔcáo,priority_proxy,transparent_map_fallback,T3N:installed-label;T3N:transparent-map-label,tier2,High-visibility unresolved field retains a concise installed cartographic label. It is explicitly not presented as an attested ancient settlement name.
wuchuan_huazhou,priority_han_south,Wúchuān,priority_proxy,transparent_map_fallback,T3N:installed-label;T3N:transparent-map-label,tier2,High-visibility unresolved field retains a concise installed cartographic label. It is explicitly not presented as an attested ancient settlement name.
wuxi,priority_han|priority_han_east,Wúxī,priority_proxy,transparent_map_fallback,T3N:installed-label;T3N:transparent-map-label,tier2,High-visibility unresolved field retains a concise installed cartographic label. It is explicitly not presented as an attested ancient settlement name.
wuxian,priority_han|priority_han_east,Wúxiàn,priority_proxy,transparent_map_fallback,T3N:installed-label;T3N:transparent-map-label,tier2,High-visibility unresolved field retains a concise installed cartographic label. It is explicitly not presented as an attested ancient settlement name.
wuxian_liuzhou,priority_han_south,Wǔxiān,priority_proxy,transparent_map_fallback,T3N:installed-label;T3N:transparent-map-label,tier2,High-visibility unresolved field retains a concise installed cartographic label. It is explicitly not presented as an attested ancient settlement name.
wuxing,priority_han|priority_han_east,Wúxìng,priority_proxy,transparent_map_fallback,T3N:installed-label;T3N:transparent-map-label,tier2,High-visibility unresolved field retains a concise installed cartographic label. It is explicitly not presented as an attested ancient settlement name.
wuyuan_nanning,priority_han_south,Wǔyuán,priority_proxy,transparent_map_fallback,T3N:installed-label;T3N:transparent-map-label,tier2,High-visibility unresolved field retains a concise installed cartographic label. It is explicitly not presented as an attested ancient settlement name.
xalapa,capital,Northern Gulf lowland-sierra corridors,priority_proxy,conservative_regional_proxy,INAH-TAPAK;P8.10;GEO-PROXY,tier2,High-visibility capital replacement for a synthetic Tier-3 form. GLS roster capital/territorial label on its documented engine proxy; the engine field is a documented proxy and not an exact settlement polygon.
xiangshan_xinhui,priority_han_south,Xiāngshān,priority_proxy,transparent_map_fallback,T3N:installed-label;T3N:transparent-map-label,tier2,High-visibility unresolved field retains a concise installed cartographic label. It is explicitly not presented as an attested ancient settlement name.
xianning_xian,priority_han_west,Xiánníng,priority_proxy,transparent_map_fallback,T3N:installed-label;T3N:transparent-map-label,tier2,High-visibility unresolved field retains a concise installed cartographic label. It is explicitly not presented as an attested ancient settlement name.
xianyang,priority_han|priority_han_west,Xiányáng,priority_proxy,transparent_map_fallback,T3N:installed-label;T3N:transparent-map-label,tier2,High-visibility unresolved field retains a concise installed cartographic label. It is explicitly not presented as an attested ancient settlement name.
xiaoshan,priority_han|priority_han_east,Xiāoshān,priority_proxy,transparent_map_fallback,T3N:installed-label;T3N:transparent-map-label,tier2,High-visibility unresolved field retains a concise installed cartographic label. It is explicitly not presented as an attested ancient settlement name.
xiaoxi,priority_han_west,Xiǎoxī,priority_proxy,transparent_map_fallback,T3N:installed-label;T3N:transparent-map-label,tier2,High-visibility unresolved field retains a concise installed cartographic label. It is explicitly not presented as an attested ancient settlement name.
xiaxian,priority_han|priority_han_north,Xiàxiàn,priority_proxy,transparent_map_fallback,T3N:installed-label;T3N:transparent-map-label,tier2,High-visibility unresolved field retains a concise installed cartographic label. It is explicitly not presented as an attested ancient settlement name.
xincheng_jianchang,priority_han|priority_han_east,Xīnchéng,priority_proxy,transparent_map_fallback,T3N:installed-label;T3N:transparent-map-label,tier2,High-visibility unresolved field retains a concise installed cartographic label. It is explicitly not presented as an attested ancient settlement name.
xindu,priority_han|priority_han_west,Xīndū,priority_proxy,transparent_map_fallback,T3N:installed-label;T3N:transparent-map-label,tier2,High-visibility unresolved field retains a concise installed cartographic label. It is explicitly not presented as an attested ancient settlement name.
xingning,priority_han_south,Xìngníng,priority_proxy,transparent_map_fallback,T3N:installed-label;T3N:transparent-map-label,tier2,High-visibility unresolved field retains a concise installed cartographic label. It is explicitly not presented as an attested ancient settlement name.
xingyang,priority_han|priority_han_north,Xíngyáng,priority_proxy,transparent_map_fallback,T3N:installed-label;T3N:transparent-map-label,tier2,High-visibility unresolved field retains a concise installed cartographic label. It is explicitly not presented as an attested ancient settlement name.
xinhui,priority_han_south,Xīnhuì,priority_proxy,transparent_map_fallback,T3N:installed-label;T3N:transparent-map-label,tier2,High-visibility unresolved field retains a concise installed cartographic label. It is explicitly not presented as an attested ancient settlement name.
xinjian,priority_han|priority_han_east,Xīnjiàn,priority_proxy,transparent_map_fallback,T3N:installed-label;T3N:transparent-map-label,tier2,High-visibility unresolved field retains a concise installed cartographic label. It is explicitly not presented as an attested ancient settlement name.
xinyi,priority_han_east,Xīnyí,priority_proxy,transparent_map_fallback,T3N:installed-label;T3N:transparent-map-label,tier2,High-visibility unresolved field retains a concise installed cartographic label. It is explicitly not presented as an attested ancient settlement name.
xuancheng,priority_han|priority_han_east,Xuānchéng,priority_proxy,transparent_map_fallback,T3N:installed-label;T3N:transparent-map-label,tier2,High-visibility unresolved field retains a concise installed cartographic label. It is explicitly not presented as an attested ancient settlement name.
xuanhua_nanning,priority_han_south,Xuānhuà,priority_proxy,transparent_map_fallback,T3N:installed-label;T3N:transparent-map-label,tier2,High-visibility unresolved field retains a concise installed cartographic label. It is explicitly not presented as an attested ancient settlement name.
xuwen,priority_han_south,Xúwén,priority_proxy,transparent_map_fallback,T3N:installed-label;T3N:transparent-map-label,tier2,High-visibility unresolved field retains a concise installed cartographic label. It is explicitly not presented as an attested ancient settlement name.
xuzhou,priority_han|priority_han_east,Xúzhōu,priority_proxy,transparent_map_fallback,T3N:installed-label;T3N:transparent-map-label,tier2,High-visibility unresolved field retains a concise installed cartographic label. It is explicitly not presented as an attested ancient settlement name.
yahyali,priority_anatolia,Yahyalı,priority_proxy,transparent_map_fallback,T3N:installed-label;T3N:transparent-map-label,tier2,High-visibility unresolved field retains a concise installed cartographic label. It is explicitly not presented as an attested ancient settlement name.
yalvac,priority_roman_anatolia,Parlais,tier2_far,conservative_regional_proxy,PLE:639039;PLN:639039/parlais;T2F,tier2,Far Tier-2 AD 1 Pleiades settlement adapter; period-valid name resource 639039/parlais; nearest installed city field at 6.59px; far lower-confidence map proxy.
yangjiang,priority_han_south,Yángjiāng,priority_proxy,transparent_map_fallback,T3N:installed-label;T3N:transparent-map-label,tier2,High-visibility unresolved field retains a concise installed cartographic label. It is explicitly not presented as an attested ancient settlement name.
yangshou,priority_han_south,Yángshòu,priority_proxy,transparent_map_fallback,T3N:installed-label;T3N:transparent-map-label,tier2,High-visibility unresolved field retains a concise installed cartographic label. It is explicitly not presented as an attested ancient settlement name.
yanshi,priority_han|priority_han_north,Yǎnshī,priority_proxy,transparent_map_fallback,T3N:installed-label;T3N:transparent-map-label,tier2,High-visibility unresolved field retains a concise installed cartographic label. It is explicitly not presented as an attested ancient settlement name.
yanting,priority_han_west,Yántíng,priority_proxy,transparent_map_fallback,T3N:installed-label;T3N:transparent-map-label,tier2,High-visibility unresolved field retains a concise installed cartographic label. It is explicitly not presented as an attested ancient settlement name.
yap,capital,Yap Island,qualified,conservative_regional_proxy,ICA-YAP;ANU-MIC,tier2,Qualified geographic campaign anchor; no unattested AD 1 settlement name or later polity is asserted
yarensk,capital,Sukhona-Vychegda archaeological group,priority_proxy,conservative_regional_proxy,ENC-NEEU;GEO-PROXY,tier2,High-visibility capital replacement for a synthetic Tier-3 form. VYG roster capital/territorial label on its documented engine proxy; the engine field is a documented proxy and not an exact settlement polygon.
yarkand,capital,Soita,tier2_ultra,conservative_regional_proxy,PLE:60060;PLN:60060/soita;T2U,tier2,Ultra-far Tier-2 AD 1 Pleiades settlement adapter; period-valid name resource 60060/soita; nearest installed city field at 16.49px; ultra-far lower-confidence map proxy.
yatenga,priority_west_africa|priority_west_africa_sahel,Yatenga,priority_proxy,transparent_map_fallback,T3N:installed-label;T3N:transparent-map-label,tier2,High-visibility unresolved field retains a concise installed cartographic label. It is explicitly not presented as an attested ancient settlement name.
yauri,priority_west_africa|priority_west_africa_sahel,Yauri,priority_proxy,transparent_map_fallback,T3N:installed-label;T3N:transparent-map-label,tier2,High-visibility unresolved field retains a concise installed cartographic label. It is explicitly not presented as an attested ancient settlement name.
yax_mutal,capital,Tikal,capital,attested,P8.10;CAH-XI;P8.10;CAH-XI,secure,Coordinate-verified AD 1 capital anchor
yendi,priority_west_africa|priority_west_africa_guinea,Yendi,priority_proxy,transparent_map_fallback,T3N:installed-label;T3N:transparent-map-label,tier2,High-visibility unresolved field retains a concise installed cartographic label. It is explicitly not presented as an attested ancient settlement name.
yenji,capital,Tumen Corridor,qualified,conservative_regional_proxy,NMJH-YIL;P8.3;R5-GEOGRAPHY,tier2,Qualified corridor anchor without backdating the modern city or later Korean administration. Round 5 researched geography replaces the installed or descriptive fallback.
yilun,priority_han_south,Yílún,priority_proxy,transparent_map_fallback,T3N:installed-label;T3N:transparent-map-label,tier2,High-visibility unresolved field retains a concise installed cartographic label. It is explicitly not presented as an attested ancient settlement name.
yingshui,priority_han_east,Yǐngshuǐ,priority_proxy,transparent_map_fallback,T3N:installed-label;T3N:transparent-map-label,tier2,High-visibility unresolved field retains a concise installed cartographic label. It is explicitly not presented as an attested ancient settlement name.
yixing,priority_han|priority_han_east,Yíxīng,priority_proxy,transparent_map_fallback,T3N:installed-label;T3N:transparent-map-label,tier2,High-visibility unresolved field retains a concise installed cartographic label. It is explicitly not presented as an attested ancient settlement name.
yizhou_jinzhou,capital,Liaoxi,capital,attested,P8.8;CAH-XI;P8.8;CAH-XI,secure,Coordinate-verified AD 1 capital anchor
yongchuan,priority_han_west,Yǒngchuān,priority_proxy,transparent_map_fallback,T3N:installed-label;T3N:transparent-map-label,tier2,High-visibility unresolved field retains a concise installed cartographic label. It is explicitly not presented as an attested ancient settlement name.
yongjia,priority_han|priority_han_east,Yǒngjiā,priority_proxy,transparent_map_fallback,T3N:installed-label;T3N:transparent-map-label,tier2,High-visibility unresolved field retains a concise installed cartographic label. It is explicitly not presented as an attested ancient settlement name.
yongning_hengzhou,priority_han_south,Yōngníng,priority_proxy,transparent_map_fallback,T3N:installed-label;T3N:transparent-map-label,tier2,High-visibility unresolved field retains a concise installed cartographic label. It is explicitly not presented as an attested ancient settlement name.
ypres,priority_germania_north,[EU5 vanilla pass-through],roman_vanilla_passthrough,unresolved_vanilla_passthrough,P10;PLE,contested,The Roman identity audit found no sufficiently secure AD 1 field identity. Runtime localization deliberately falls through to EU5 vanilla instead of emitting a synthetic name.
yuhang,priority_han|priority_han_east,Yúháng,priority_proxy,transparent_map_fallback,T3N:installed-label;T3N:transparent-map-label,tier2,High-visibility unresolved field retains a concise installed cartographic label. It is explicitly not presented as an attested ancient settlement name.
yuksom,capital,Sikkim Himalayan foothills,priority_proxy,conservative_regional_proxy,UCL-BHUTAN;OUP-NEINDIA;P8.4;GEO-PROXY,tier2,High-visibility capital replacement for a synthetic Tier-3 form. SKM roster capital/territorial label on its documented engine proxy; the engine field is a documented proxy and not an exact settlement polygon.
yunnan,priority_han_south,Yúnnán,priority_proxy,transparent_map_fallback,T3N:installed-label;T3N:transparent-map-label,tier2,High-visibility unresolved field retains a concise installed cartographic label. It is explicitly not presented as an attested ancient settlement name.
yuririapundaro,capital,Chupicuaro-facing Bajio communities,priority_proxy,conservative_regional_proxy,INAH-CHUPICUARO;GEO-PROXY,tier2,High-visibility capital replacement for a synthetic Tier-3 form. BJC roster capital/territorial label on its documented engine proxy; the engine field is a documented proxy and not an exact settlement polygon.
yuza,priority_japan,Yuza,priority_proxy,transparent_map_fallback,T3N:installed-label;T3N:transparent-map-label,tier2,High-visibility unresolved field retains a concise installed cartographic label. It is explicitly not presented as an attested ancient settlement name.
zaachila,top_city|urban_node,Monte Albán,qualified,conservative_regional_proxy,P8.10;CAH-XI,tier2,Qualified Zapotec highland adapter: the installed Zaachila field is the project Monte Albán proxy rather than a claim about the later settlement name.
zabern,priority_germania_south,[EU5 vanilla pass-through],roman_vanilla_passthrough,unresolved_vanilla_passthrough,P10;PLE,contested,The Roman identity audit found no sufficiently secure AD 1 field identity. Runtime localization deliberately falls through to EU5 vanilla instead of emitting a synthetic name.
zadar,priority_roman_balkans,Iader,curated,attested,PLE:197312,secure,Direct Iader settlement point at the installed Zadar coastal city proxy.
zagan,capital|priority_germania_baltic,Oder-Neisse communities,priority_proxy,conservative_regional_proxy,P8.7;TAC-GER;OCD-GER;PLE;GEO-PROXY,tier2,High-visibility capital replacement for a synthetic Tier-3 form. HRI roster capital/territorial label on its documented engine proxy; the engine field is a documented proxy and not an exact settlement polygon.
zaghouan,priority_roman_maghreb,Aggersel,tier2_remote,conservative_regional_proxy,PLE:314858;PLN:314858/aggersel;T2R,tier2,Remote Tier-2 AD 1 Pleiades settlement adapter; period-valid name resource 314858/aggersel; nearest installed city field at 5.24px; remote lower-confidence map proxy.
zagreb,priority_roman_balkans,Ad Fines,tier2_ultra,conservative_regional_proxy,PLE:197060;PLN:197060/ad-fines;T2U,tier2,Ultra-far Tier-2 AD 1 Pleiades settlement adapter; period-valid name resource 197060/ad-fines; nearest installed city field at 16.54px; ultra-far lower-confidence map proxy.
zara,priority_anatolia,Zara,tier2_far,conservative_regional_proxy,PLE:629105;PLN:629105/zara;T2F,tier2,Far Tier-2 AD 1 Pleiades settlement adapter; period-valid name resource 629105/zara; nearest installed city field at 11.16px; far lower-confidence map proxy.
zaragoza,priority_roman|priority_roman_iberia|urban_node,Caesaraugusta,curated,attested,PLE:246344,secure,Pleiades exact Colonia Caesaraugusta city point at 41.65419 -0.87727; reviewed against the installed Zaragoza location
zaranj,capital,Sakastan,qualified,conservative_regional_proxy,P8.2;CAH-XI,tier2,Qualified Saka regional adapter: the installed Zaranj field anchors Sakastan and must not project the later city name into AD 1.
zarzis,priority_roman_maghreb,[EU5 vanilla pass-through],roman_vanilla_passthrough,unresolved_vanilla_passthrough,P10;PLE,contested,The Roman identity audit found no sufficiently secure AD 1 field identity. Runtime localization deliberately falls through to EU5 vanilla instead of emitting a synthetic name.
zawiya,priority_roman_maghreb,[EU5 vanilla pass-through],roman_vanilla_passthrough,unresolved_vanilla_passthrough,P10;PLE,contested,The Roman identity audit found no sufficiently secure AD 1 field identity. Runtime localization deliberately falls through to EU5 vanilla instead of emitting a synthetic name.
zeila,capital,Avalites,correction,conservative_regional_proxy,PME-BARBARIA;AJA-SOMALILAND,tier2,Traditional geographic identification; the absence of securely excavated pre-Islamic remains at Zeila keeps the exact site contested.
zetounion,priority_roman_balkans,Drymaia,tier2_wide,conservative_regional_proxy,PLE:540743;PLN:540743/drymaia;T2W,tier2,Wide Tier-2 AD 1 Pleiades settlement adapter; period-valid name resource 540743/drymaia; nearest installed city field at 2.62px; lower-confidence map proxy.
zhanchuan,priority_han_south,Zhànchuān,priority_proxy,transparent_map_fallback,T3N:installed-label;T3N:transparent-map-label,tier2,High-visibility unresolved field retains a concise installed cartographic label. It is explicitly not presented as an attested ancient settlement name.
zhengcheng,priority_han_south,Zēngchéng,priority_proxy,transparent_map_fallback,T3N:installed-label;T3N:transparent-map-label,tier2,High-visibility unresolved field retains a concise installed cartographic label. It is explicitly not presented as an attested ancient settlement name.
zhenning,priority_han_south,Zhènníng,priority_proxy,transparent_map_fallback,T3N:installed-label;T3N:transparent-map-label,tier2,High-visibility unresolved field retains a concise installed cartographic label. It is explicitly not presented as an attested ancient settlement name.
zhigu,priority_han|priority_han_north,Zhigu,priority_proxy,transparent_map_fallback,T3N:installed-label;T3N:transparent-map-label,tier2,High-visibility unresolved field retains a concise installed cartographic label. It is explicitly not presented as an attested ancient settlement name.
ziebice,priority_germania_baltic,Ziębice,priority_proxy,transparent_map_fallback,T3N:installed-label;T3N:transparent-map-label,tier2,High-visibility unresolved field retains a concise installed cartographic label. It is explicitly not presented as an attested ancient settlement name.
ziegenhain,capital,Hesse,capital,attested,P8.7;CAH-XI;P8.7;CAH-XI,secure,Coordinate-verified AD 1 capital anchor
zielona_gora,priority_germania_baltic,Zielona Góra,priority_proxy,transparent_map_fallback,T3N:installed-label;T3N:transparent-map-label,tier2,High-visibility unresolved field retains a concise installed cartographic label. It is explicitly not presented as an attested ancient settlement name.
zile,priority_anatolia,Zela,tier2_far,conservative_regional_proxy,PLE:857382;PLN:857382/zela;T2F,tier2,Far Tier-2 AD 1 Pleiades settlement adapter; period-valid name resource 857382/zela; nearest installed city field at 8.54px; far lower-confidence map proxy.
zinacantan,capital,Chiapas highland-lowland corridors,priority_proxy,conservative_regional_proxy,INAH-IZAPA;P8.10;CAH-XI;GEO-PROXY,tier2,High-visibility capital replacement for a synthetic Tier-3 form. CPH roster capital/territorial label on its documented engine proxy; the engine field is a documented proxy and not an exact settlement polygon.
zinapecuaro,capital,Central Michoacan basins,priority_proxy,conservative_regional_proxy,INAH-WEST-MEXICO;INAH-CHUPICUARO;GEO-PROXY,tier2,High-visibility capital replacement for a synthetic Tier-3 form. MBC roster capital/territorial label on its documented engine proxy; the engine field is a documented proxy and not an exact settlement polygon.
zixian,priority_han|priority_han_west,Zīxiàn,priority_proxy,transparent_map_fallback,T3N:installed-label;T3N:transparent-map-label,tier2,High-visibility unresolved field retains a concise installed cartographic label. It is explicitly not presented as an attested ancient settlement name.
ziyang_zizhong,priority_han_west,Zīyáng,priority_proxy,transparent_map_fallback,T3N:installed-label;T3N:transparent-map-label,tier2,High-visibility unresolved field retains a concise installed cartographic label. It is explicitly not presented as an attested ancient settlement name.
zliten,priority_roman_maghreb,[EU5 vanilla pass-through],roman_vanilla_passthrough,unresolved_vanilla_passthrough,P10;PLE,contested,The Roman identity audit found no sufficiently secure AD 1 field identity. Runtime localization deliberately falls through to EU5 vanilla instead of emitting a synthetic name.
zlotoryja,priority_germania_baltic,Złotoryja,priority_proxy,transparent_map_fallback,T3N:installed-label;T3N:transparent-map-label,tier2,High-visibility unresolved field retains a concise installed cartographic label. It is explicitly not presented as an attested ancient settlement name.
zondoma,priority_west_africa|priority_west_africa_sahel,Zondoma,priority_proxy,transparent_map_fallback,T3N:installed-label;T3N:transparent-map-label,tier2,High-visibility unresolved field retains a concise installed cartographic label. It is explicitly not presented as an attested ancient settlement name.
zorgho,priority_west_africa,Zorgho,priority_proxy,transparent_map_fallback,T3N:installed-label;T3N:transparent-map-label,tier2,High-visibility unresolved field retains a concise installed cartographic label. It is explicitly not presented as an attested ancient settlement name.
zurich,priority_germania_south,[EU5 vanilla pass-through],roman_vanilla_passthrough,unresolved_vanilla_passthrough,P10;PLE,contested,The Roman identity audit found no sufficiently secure AD 1 field identity. Runtime localization deliberately falls through to EU5 vanilla instead of emitting a synthetic name.
