location,historical_name,layer,anchor_kind,culture,source,confidence,decision,audit_flags,note
aalst,,vanilla_passthrough,,,,,vanilla_passthrough,insufficient_secure_identity,No sufficiently secure AD 1 identity; EU5 vanilla localization retained.
aarau,,vanilla_passthrough,,,,,vanilla_passthrough,insufficient_secure_identity,No sufficiently secure AD 1 identity; EU5 vanilla localization retained.
abbeville,,vanilla_passthrough,,,,,vanilla_passthrough,insufficient_secure_identity,No sufficiently secure AD 1 identity; EU5 vanilla localization retained.
acerenza,,vanilla_passthrough,,,,,vanilla_passthrough,insufficient_secure_identity,No sufficiently secure AD 1 identity; EU5 vanilla localization retained.
acqui,,vanilla_passthrough,,,,,vanilla_passthrough,insufficient_secure_identity,No sufficiently secure AD 1 identity; EU5 vanilla localization retained.
adra,Abdera,reviewed_identity,roman_identity,antq_bastetan,PLE:265762;PLN:265762/abdera;R2,tier2,reviewed_override,,Reviewed modern-field identity for Pleiades place 265762; AD 1 name resource 265762/abdera.
adrada,,vanilla_passthrough,,,,,vanilla_passthrough,insufficient_secure_identity,No sufficiently secure AD 1 identity; EU5 vanilla localization retained.
adranos,,vanilla_passthrough,,,,,vanilla_passthrough,insufficient_secure_identity,No sufficiently secure AD 1 identity; EU5 vanilla localization retained.
agde,Agatha,reviewed_identity,roman_identity,antq_elisycean,PLE:147985;PLN:147985/agatha;R2,tier2,reviewed_override,,Reviewed modern-field identity for Pleiades place 147985; AD 1 name resource 147985/agatha.
agen,Aginnum,reviewed_direct,curated,antq_latin,PLE:138169,secure,reviewed_override,,Pleiades exact Aginnum settlement point at 44.20491 0.62001; reviewed against the installed Agen location
agramunt,,vanilla_passthrough,,,,,vanilla_passthrough,insufficient_secure_identity,No sufficiently secure AD 1 identity; EU5 vanilla localization retained.
agreda,,vanilla_passthrough,,,,,vanilla_passthrough,insufficient_secure_identity,No sufficiently secure AD 1 identity; EU5 vanilla localization retained.
aguiar,,vanilla_passthrough,,,,,vanilla_passthrough,insufficient_secure_identity,No sufficiently secure AD 1 identity; EU5 vanilla localization retained.
aguilar_de_campoo,,vanilla_passthrough,,,,,vanilla_passthrough,insufficient_secure_identity,No sufficiently secure AD 1 identity; EU5 vanilla localization retained.
aignay,,vanilla_passthrough,,,,,vanilla_passthrough,insufficient_secure_identity,No sufficiently secure AD 1 identity; EU5 vanilla localization retained.
ainsa,,vanilla_passthrough,,,,,vanilla_passthrough,insufficient_secure_identity,No sufficiently secure AD 1 identity; EU5 vanilla localization retained.
aire,,vanilla_passthrough,,,,,vanilla_passthrough,insufficient_secure_identity,No sufficiently secure AD 1 identity; EU5 vanilla localization retained.
aix_en_provence,Aquae Sextiae,reviewed_identity,roman_identity,antq_saluvian,PLE:148053;PLN:148053/col-aquae-sextiae;R2,tier2,reviewed_override,,Reviewed modern-field identity for Pleiades place 148053; AD 1 name resource 148053/col-aquae-sextiae.
aixe,,vanilla_passthrough,,,,,vanilla_passthrough,insufficient_secure_identity,No sufficiently secure AD 1 identity; EU5 vanilla localization retained.
ajaccio,,vanilla_passthrough,,,,,vanilla_passthrough,insufficient_secure_identity,No sufficiently secure AD 1 identity; EU5 vanilla localization retained.
ajdabiya,,vanilla_passthrough,,,,,vanilla_passthrough,insufficient_secure_identity,No sufficiently secure AD 1 identity; EU5 vanilla localization retained.
ajim,,vanilla_passthrough,,,,,vanilla_passthrough,insufficient_secure_identity,No sufficiently secure AD 1 identity; EU5 vanilla localization retained.
akcasehir,,vanilla_passthrough,,,,,vanilla_passthrough,insufficient_secure_identity,No sufficiently secure AD 1 identity; EU5 vanilla localization retained.
akhisar,Thyateira,reviewed_identity,roman_identity,antq_lydian,PLE:550924;PLN:550924/thyateira;R2,tier2,reviewed_override,,Reviewed modern-field identity for Pleiades place 550924; AD 1 name resource 550924/thyateira.
akhmim,Panopolis,reviewed_direct,curated,antq_egyptian,PLE:756613,secure,reviewed_override,,Direct Panopolis Schmin settlement point at the installed Akhmim city proxy.
akkus,,vanilla_passthrough,,,,,vanilla_passthrough,insufficient_secure_identity,No sufficiently secure AD 1 identity; EU5 vanilla localization retained.
aksaray,Archelais,reviewed_identity,roman_identity,antq_cataonian,PLE:619164;PLN:619164/col-claudia-archelais;R2,tier2,reviewed_override,,Reviewed modern-field identity for Pleiades place 619164; AD 1 name resource 619164/col-claudia-archelais.
aksehir,,vanilla_passthrough,,,,,vanilla_passthrough,insufficient_secure_identity,No sufficiently secure AD 1 identity; EU5 vanilla localization retained.
akyazi,,vanilla_passthrough,,,,,vanilla_passthrough,insufficient_secure_identity,No sufficiently secure AD 1 identity; EU5 vanilla localization retained.
al_bayda,,vanilla_passthrough,,,,,vanilla_passthrough,insufficient_secure_identity,No sufficiently secure AD 1 identity; EU5 vanilla localization retained.
al_kadwa,,vanilla_passthrough,,,,,vanilla_passthrough,insufficient_secure_identity,No sufficiently secure AD 1 identity; EU5 vanilla localization retained.
al_khuimat,,vanilla_passthrough,,,,,vanilla_passthrough,insufficient_secure_identity,No sufficiently secure AD 1 identity; EU5 vanilla localization retained.
al_khums,,vanilla_passthrough,,,,,vanilla_passthrough,insufficient_secure_identity,No sufficiently secure AD 1 identity; EU5 vanilla localization retained.
al_mima,,vanilla_passthrough,,,,,vanilla_passthrough,insufficient_secure_identity,No sufficiently secure AD 1 identity; EU5 vanilla localization retained.
alaiye,,vanilla_passthrough,,,,,vanilla_passthrough,insufficient_secure_identity,No sufficiently secure AD 1 identity; EU5 vanilla localization retained.
alarcon,,vanilla_passthrough,,,,,vanilla_passthrough,insufficient_secure_identity,No sufficiently secure AD 1 identity; EU5 vanilla localization retained.
alasehir,Philadelpheia,reviewed_identity,roman_identity,antq_ionian,PLE:550822;PLN:550822/philadelpheia;R2,tier2,reviewed_override,,Pleiades explicitly associates place 550822 with this modern field; AD 1 name resource 550822/philadelpheia.
alba,Alba Pompeia,reviewed_identity,roman_identity,antq_cisalpine_gallic,PLE:383564;PLN:383564/alba-pompeia;R2,tier2,reviewed_override,,Pleiades explicitly associates place 383564 with this modern field; AD 1 name resource 383564/alba-pompeia.
alba_de_aliste,,vanilla_passthrough,,,,,vanilla_passthrough,insufficient_secure_identity,No sufficiently secure AD 1 identity; EU5 vanilla localization retained.
alba_de_tormes,,vanilla_passthrough,,,,,vanilla_passthrough,insufficient_secure_identity,No sufficiently secure AD 1 identity; EU5 vanilla localization retained.
albacete,,vanilla_passthrough,,,,,vanilla_passthrough,insufficient_secure_identity,No sufficiently secure AD 1 identity; EU5 vanilla localization retained.
albarracin,,vanilla_passthrough,,,,,vanilla_passthrough,insufficient_secure_identity,No sufficiently secure AD 1 identity; EU5 vanilla localization retained.
albenga,Albingaunum,reviewed_identity,roman_identity,antq_ligurian,PLE:157803;PLN:157803/albingaunum;R2,tier2,reviewed_override,,Reviewed modern-field identity for Pleiades place 157803; AD 1 name resource 157803/albingaunum.
albi,Albiga,reviewed_identity,roman_identity,antq_rutenian,PLE:246155;PLN:246155/albiga;R2,tier2,reviewed_override,,Reviewed modern-field identity for Pleiades place 246155; AD 1 name resource 246155/albiga.
albuquerque,,vanilla_passthrough,,,,,vanilla_passthrough,insufficient_secure_identity,No sufficiently secure AD 1 identity; EU5 vanilla localization retained.
alcacer_do_sal,,vanilla_passthrough,,,,,vanilla_passthrough,insufficient_secure_identity,No sufficiently secure AD 1 identity; EU5 vanilla localization retained.
alcala_de_henares,,vanilla_passthrough,,,,,vanilla_passthrough,insufficient_secure_identity,No sufficiently secure AD 1 identity; EU5 vanilla localization retained.
alcanices,,vanilla_passthrough,,,,,vanilla_passthrough,insufficient_secure_identity,No sufficiently secure AD 1 identity; EU5 vanilla localization retained.
alcaniz,,vanilla_passthrough,,,,,vanilla_passthrough,insufficient_secure_identity,No sufficiently secure AD 1 identity; EU5 vanilla localization retained.
alcantara,,vanilla_passthrough,,,,,vanilla_passthrough,insufficient_secure_identity,No sufficiently secure AD 1 identity; EU5 vanilla localization retained.
alcaraz,,vanilla_passthrough,,,,,vanilla_passthrough,insufficient_secure_identity,No sufficiently secure AD 1 identity; EU5 vanilla localization retained.
alcazar_de_san_juan,,vanilla_passthrough,,,,,vanilla_passthrough,insufficient_secure_identity,No sufficiently secure AD 1 identity; EU5 vanilla localization retained.
alcobaca,,vanilla_passthrough,,,,,vanilla_passthrough,insufficient_secure_identity,No sufficiently secure AD 1 identity; EU5 vanilla localization retained.
alcoy,,vanilla_passthrough,,,,,vanilla_passthrough,insufficient_secure_identity,No sufficiently secure AD 1 identity; EU5 vanilla localization retained.
alencon,,vanilla_passthrough,,,,,vanilla_passthrough,insufficient_secure_identity,No sufficiently secure AD 1 identity; EU5 vanilla localization retained.
aleria,Aleria,reviewed_identity,roman_identity,antq_ligurian,PLE:472048;PLN:472048/aleria;R2,tier2,reviewed_override,,Reviewed modern-field identity for Pleiades place 472048; AD 1 name resource 472048/aleria.
ales,,vanilla_passthrough,,,,,vanilla_passthrough,insufficient_secure_identity,No sufficiently secure AD 1 identity; EU5 vanilla localization retained.
alessandria,,vanilla_passthrough,,,,,vanilla_passthrough,insufficient_secure_identity,No sufficiently secure AD 1 identity; EU5 vanilla localization retained.
alexandria,Alexandria,reviewed_direct,curated,antq_latin,PLE;P12.2;P8.1,secure,reviewed_override,,Direct ancient port-city name for the Roman owner-culture dynamic layer
alfambra,,vanilla_passthrough,,,,,vanilla_passthrough,insufficient_secure_identity,No sufficiently secure AD 1 identity; EU5 vanilla localization retained.
algeciras,Iulia Traducta,reviewed_identity,roman_identity,antq_turdetanian,PLE:256235;PLN:256235/iulia-traducta;R2,tier2,reviewed_override,,Pleiades explicitly associates place 256235 with this modern field; AD 1 name resource 256235/iulia-traducta.
alghero,,vanilla_passthrough,,,,,vanilla_passthrough,insufficient_secure_identity,No sufficiently secure AD 1 identity; EU5 vanilla localization retained.
alhambra_location,,vanilla_passthrough,,,,,vanilla_passthrough,insufficient_secure_identity,No sufficiently secure AD 1 identity; EU5 vanilla localization retained.
alicante,,vanilla_passthrough,,,,,vanilla_passthrough,insufficient_secure_identity,No sufficiently secure AD 1 identity; EU5 vanilla localization retained.
allegre,,vanilla_passthrough,,,,,vanilla_passthrough,insufficient_secure_identity,No sufficiently secure AD 1 identity; EU5 vanilla localization retained.
alluyes,,vanilla_passthrough,,,,,vanilla_passthrough,insufficient_secure_identity,No sufficiently secure AD 1 identity; EU5 vanilla localization retained.
almaden,,vanilla_passthrough,,,,,vanilla_passthrough,insufficient_secure_identity,No sufficiently secure AD 1 identity; EU5 vanilla localization retained.
almanzora,,vanilla_passthrough,,,,,vanilla_passthrough,insufficient_secure_identity,No sufficiently secure AD 1 identity; EU5 vanilla localization retained.
almazan,,vanilla_passthrough,,,,,vanilla_passthrough,insufficient_secure_identity,No sufficiently secure AD 1 identity; EU5 vanilla localization retained.
almeria,,vanilla_passthrough,,,,,vanilla_passthrough,insufficient_secure_identity,No sufficiently secure AD 1 identity; EU5 vanilla localization retained.
almodovar_del_campo,,vanilla_passthrough,,,,,vanilla_passthrough,insufficient_secure_identity,No sufficiently secure AD 1 identity; EU5 vanilla localization retained.
almonaster_la_real,,vanilla_passthrough,,,,,vanilla_passthrough,insufficient_secure_identity,No sufficiently secure AD 1 identity; EU5 vanilla localization retained.
almudevar,,vanilla_passthrough,,,,,vanilla_passthrough,insufficient_secure_identity,No sufficiently secure AD 1 identity; EU5 vanilla localization retained.
almunecar,Sexi,reviewed_identity,roman_identity,antq_bastetan,PLE:266038;PLN:266038/sexi;R2,tier2,reviewed_override,,Reviewed modern-field identity for Pleiades place 266038; AD 1 name resource 266038/sexi.
altamura,,vanilla_passthrough,,,,,vanilla_passthrough,insufficient_secure_identity,No sufficiently secure AD 1 identity; EU5 vanilla localization retained.
altdorf,,vanilla_passthrough,,,,,vanilla_passthrough,insufficient_secure_identity,No sufficiently secure AD 1 identity; EU5 vanilla localization retained.
altinekin,,vanilla_passthrough,,,,,vanilla_passthrough,insufficient_secure_identity,No sufficiently secure AD 1 identity; EU5 vanilla localization retained.
altintas,,vanilla_passthrough,,,,,vanilla_passthrough,insufficient_secure_identity,No sufficiently secure AD 1 identity; EU5 vanilla localization retained.
alvalade,,vanilla_passthrough,,,,,vanilla_passthrough,insufficient_secure_identity,No sufficiently secure AD 1 identity; EU5 vanilla localization retained.
alvito,,vanilla_passthrough,,,,,vanilla_passthrough,insufficient_secure_identity,No sufficiently secure AD 1 identity; EU5 vanilla localization retained.
amasra,Amastris,reviewed_direct,curated,antq_mariandynian,PLE:844856,secure,reviewed_override,,Direct Amastris settlement point at the installed Amasra coastal city proxy.
amboise,,vanilla_passthrough,,,,,vanilla_passthrough,insufficient_secure_identity,No sufficiently secure AD 1 identity; EU5 vanilla localization retained.
amiens,Samarobriva Ambianorum,reviewed_direct,curated,antq_latin,PLE:109321,secure,reviewed_override,,Pleiades exact Samarobriva Ambianorum settlement point at 49.89361 2.29795; reviewed against the installed Amiens location
amorgos,,vanilla_passthrough,,,,,vanilla_passthrough,insufficient_secure_identity,No sufficiently secure AD 1 identity; EU5 vanilla localization retained.
amstetten,,vanilla_passthrough,,,,,vanilla_passthrough,insufficient_secure_identity,No sufficiently secure AD 1 identity; EU5 vanilla localization retained.
anagni,Anagnia,reviewed_direct,curated,antq_latin,TAB-ANAGNIA;BAT-LATIUM,secure,reviewed_override,,Direct ancient Anagnia label at the installed Anagni city field; replaces the distinct Treba adapter.
anana,,vanilla_passthrough,,,,,vanilla_passthrough,insufficient_secure_identity,No sufficiently secure AD 1 identity; EU5 vanilla localization retained.
ancona,Ancona,reviewed_direct,curated,antq_latin,PLE:413014,secure,reviewed_override,,Pleiades exact Ancon(a) settlement point at 43.61899 13.51607; reviewed against the installed Ancona location
andorra_la_vella,,vanilla_passthrough,,,,,vanilla_passthrough,insufficient_secure_identity,No sufficiently secure AD 1 identity; EU5 vanilla localization retained.
andravida,,vanilla_passthrough,,,,,vanilla_passthrough,insufficient_secure_identity,No sufficiently secure AD 1 identity; EU5 vanilla localization retained.
andria,,vanilla_passthrough,,,,,vanilla_passthrough,insufficient_secure_identity,No sufficiently secure AD 1 identity; EU5 vanilla localization retained.
andritsaina,,vanilla_passthrough,,,,,vanilla_passthrough,insufficient_secure_identity,No sufficiently secure AD 1 identity; EU5 vanilla localization retained.
andros,Andros,reviewed_identity,roman_identity,antq_greek_koine,PLE:589692;PLN:589692/andros;R2,tier2,reviewed_override,,Reviewed modern-field identity for Pleiades place 589692; AD 1 name resource 589692/andros.
andujar,,vanilla_passthrough,,,,,vanilla_passthrough,insufficient_secure_identity,No sufficiently secure AD 1 identity; EU5 vanilla localization retained.
angelokastron,,vanilla_passthrough,,,,,vanilla_passthrough,insufficient_secure_identity,No sufficiently secure AD 1 identity; EU5 vanilla localization retained.
angers,Iuliomagus,reviewed_identity,roman_identity,antq_andecavian,PLE:138400;PLN:138400/iuliomagus;R2,tier2,reviewed_override,,Reviewed modern-field identity for Pleiades place 138400; AD 1 name resource 138400/iuliomagus.
angouleme,,vanilla_passthrough,,,,,vanilla_passthrough,insufficient_secure_identity,No sufficiently secure AD 1 identity; EU5 vanilla localization retained.
ankara,Ancyra,reviewed_direct,curated,antq_greek_koine,PLE:619103,secure,reviewed_override,,Pleiades direct Ancyra Galatia settlement point at 39.94379 32.85933
annaba,Hippo Regius,reviewed_direct,curated,antq_latin,PLE;P8.1,secure,reviewed_override,,Secure Roman-period city form at the direct Annaba match.
annecy,,vanilla_passthrough,,,,,vanilla_passthrough,insufficient_secure_identity,No sufficiently secure AD 1 identity; EU5 vanilla localization retained.
anso,,vanilla_passthrough,,,,,vanilla_passthrough,insufficient_secure_identity,No sufficiently secure AD 1 identity; EU5 vanilla localization retained.
antalya,Attalea,reviewed_direct,curated,antq_lycian,PLE:638778,secure,reviewed_override,,Direct Attalea settlement point at the installed Antalya coastal city proxy.
antequera,,vanilla_passthrough,,,,,vanilla_passthrough,insufficient_secure_identity,No sufficiently secure AD 1 identity; EU5 vanilla localization retained.
antioch,,vanilla_passthrough,,,,,vanilla_passthrough,insufficient_secure_identity,No sufficiently secure AD 1 identity; EU5 vanilla localization retained.
aosta,Augusta Praetoria,reviewed_direct,curated,antq_latin,PLE:383579,secure,reviewed_override,,Pleiades exact ancient city point at 45.73744 7.31617; reviewed against the installed Aosta location
apt,,vanilla_passthrough,,,,,vanilla_passthrough,insufficient_secure_identity,No sufficiently secure AD 1 identity; EU5 vanilla localization retained.
aquila,,vanilla_passthrough,,,,,vanilla_passthrough,insufficient_secure_identity,No sufficiently secure AD 1 identity; EU5 vanilla localization retained.
aquileia,Aquileia,reviewed_direct,curated,antq_latin,PLE;P12.2;P8.1,secure,reviewed_override,,Direct ancient Adriatic city name
arac,,vanilla_passthrough,,,,,vanilla_passthrough,insufficient_secure_identity,No sufficiently secure AD 1 identity; EU5 vanilla localization retained.
aracena,,vanilla_passthrough,,,,,vanilla_passthrough,insufficient_secure_identity,No sufficiently secure AD 1 identity; EU5 vanilla localization retained.
aranda_de_duero,,vanilla_passthrough,,,,,vanilla_passthrough,insufficient_secure_identity,No sufficiently secure AD 1 identity; EU5 vanilla localization retained.
archar,,vanilla_passthrough,,,,,vanilla_passthrough,insufficient_secure_identity,No sufficiently secure AD 1 identity; EU5 vanilla localization retained.
arches,,vanilla_passthrough,,,,,vanilla_passthrough,insufficient_secure_identity,No sufficiently secure AD 1 identity; EU5 vanilla localization retained.
arcos_de_la_frontera,,vanilla_passthrough,,,,,vanilla_passthrough,insufficient_secure_identity,No sufficiently secure AD 1 identity; EU5 vanilla localization retained.
ares_del_maestre,,vanilla_passthrough,,,,,vanilla_passthrough,insufficient_secure_identity,No sufficiently secure AD 1 identity; EU5 vanilla localization retained.
arevalo,,vanilla_passthrough,,,,,vanilla_passthrough,insufficient_secure_identity,No sufficiently secure AD 1 identity; EU5 vanilla localization retained.
arezzo,Arretium,reviewed_direct,curated,antq_latin,PLE:413032,secure,reviewed_override,,Pleiades exact Arretium city point at 43.47127 11.86305; reviewed against the installed Arezzo location
argenta,,vanilla_passthrough,,,,,vanilla_passthrough,insufficient_secure_identity,No sufficiently secure AD 1 identity; EU5 vanilla localization retained.
argentan,,vanilla_passthrough,,,,,vanilla_passthrough,insufficient_secure_identity,No sufficiently secure AD 1 identity; EU5 vanilla localization retained.
argos,Argos,reviewed_direct,curated,antq_greek_koine,PLE:570106,secure,reviewed_override,,Pleiades direct Argos settlement point at 37.63105 22.72038
argyrokastro,,vanilla_passthrough,,,,,vanilla_passthrough,insufficient_secure_identity,No sufficiently secure AD 1 identity; EU5 vanilla localization retained.
ariano,,vanilla_passthrough,,,,,vanilla_passthrough,insufficient_secure_identity,No sufficiently secure AD 1 identity; EU5 vanilla localization retained.
arilje,,vanilla_passthrough,,,,,vanilla_passthrough,insufficient_secure_identity,No sufficiently secure AD 1 identity; EU5 vanilla localization retained.
ariza,,vanilla_passthrough,,,,,vanilla_passthrough,insufficient_secure_identity,No sufficiently secure AD 1 identity; EU5 vanilla localization retained.
arles,Arelate,reviewed_direct,curated,antq_latin,PLE:148217,secure,reviewed_override,,Pleiades exact Colonia Arelate city point at 43.67762 4.63080; reviewed against the installed Arles location
arlon,Orolaunum,reviewed_identity,roman_identity,antq_belgic,PLE:109232;PLN:109232/orolaunum;R2,tier2,reviewed_override,,Reviewed modern-field identity for Pleiades place 109232; AD 1 name resource 109232/orolaunum.
arnay,,vanilla_passthrough,,,,,vanilla_passthrough,insufficient_secure_identity,No sufficiently secure AD 1 identity; EU5 vanilla localization retained.
arnedo,,vanilla_passthrough,,,,,vanilla_passthrough,insufficient_secure_identity,No sufficiently secure AD 1 identity; EU5 vanilla localization retained.
aroche,,vanilla_passthrough,,,,,vanilla_passthrough,insufficient_secure_identity,No sufficiently secure AD 1 identity; EU5 vanilla localization retained.
arona,,vanilla_passthrough,,,,,vanilla_passthrough,insufficient_secure_identity,No sufficiently secure AD 1 identity; EU5 vanilla localization retained.
arques,,vanilla_passthrough,,,,,vanilla_passthrough,insufficient_secure_identity,No sufficiently secure AD 1 identity; EU5 vanilla localization retained.
arras,Nemetacum,reviewed_identity,roman_identity,antq_atrebatian,PLE:109194;PLN:109194/nemetacum;R2,tier2,reviewed_override,,Reviewed modern-field identity for Pleiades place 109194; AD 1 name resource 109194/nemetacum.
arroyo,,vanilla_passthrough,,,,,vanilla_passthrough,insufficient_secure_identity,No sufficiently secure AD 1 identity; EU5 vanilla localization retained.
arta,Ambracia,reviewed_identity,roman_identity,antq_greek_koine,PLE:530794;PLN:530794/ambracia;R2,tier2,reviewed_override,,Reviewed modern-field identity for Pleiades place 530794; AD 1 name resource 530794/ambracia.
ascolipiceno,,vanilla_passthrough,,,,,vanilla_passthrough,insufficient_secure_identity,No sufficiently secure AD 1 identity; EU5 vanilla localization retained.
ashmunayn,,vanilla_passthrough,,,,,vanilla_passthrough,insufficient_secure_identity,No sufficiently secure AD 1 identity; EU5 vanilla localization retained.
aslanapa,,vanilla_passthrough,,,,,vanilla_passthrough,insufficient_secure_identity,No sufficiently secure AD 1 identity; EU5 vanilla localization retained.
asola,,vanilla_passthrough,,,,,vanilla_passthrough,insufficient_secure_identity,No sufficiently secure AD 1 identity; EU5 vanilla localization retained.
aspet,,vanilla_passthrough,,,,,vanilla_passthrough,insufficient_secure_identity,No sufficiently secure AD 1 identity; EU5 vanilla localization retained.
assisi,Asisium,reviewed_identity,roman_identity,antq_oscan_umbrian,PLE:413037;PLN:413037/asisium;R2,tier2,reviewed_override,,Reviewed modern-field identity for Pleiades place 413037; AD 1 name resource 413037/asisium.
asti,Hasta,reviewed_identity,roman_identity,antq_cisalpine_gallic,PLE:383669;PLN:383669/hasta;R2,tier2,reviewed_override,,Reviewed modern-field identity for Pleiades place 383669; AD 1 name resource 383669/hasta.
astorga,Asturica Augusta,reviewed_direct,curated,antq_latin,PLE,secure,reviewed_override,,Direct Roman-period city form for the installed Astorga location
astros,,vanilla_passthrough,,,,,vanilla_passthrough,insufficient_secure_identity,No sufficiently secure AD 1 identity; EU5 vanilla localization retained.
aswan,Syene,reviewed_direct,curated,antq_egyptian,PLE;P8.1,secure,reviewed_override,,Secure ancient Nile-cataract city form at the direct Aswan match.
asyut,Lykopolis,reviewed_identity,roman_identity,antq_egyptian,PLE:756593;PLN:756593/lykopolis;R2,tier2,reviewed_override,,Reviewed modern-field identity for Pleiades place 756593; AD 1 name resource 756593/lykopolis.
atalanti,,vanilla_passthrough,,,,,vanilla_passthrough,insufficient_secure_identity,No sufficiently secure AD 1 identity; EU5 vanilla localization retained.
atfih,,vanilla_passthrough,,,,,vanilla_passthrough,insufficient_secure_identity,No sufficiently secure AD 1 identity; EU5 vanilla localization retained.
ath,,vanilla_passthrough,,,,,vanilla_passthrough,insufficient_secure_identity,No sufficiently secure AD 1 identity; EU5 vanilla localization retained.
athens,Athenae,reviewed_direct,curated,antq_greek_koine,PLE;P8.1,secure,reviewed_override,,Secure Roman-period city form.
atpazari,,vanilla_passthrough,,,,,vanilla_passthrough,insufficient_secure_identity,No sufficiently secure AD 1 identity; EU5 vanilla localization retained.
atri,,vanilla_passthrough,,,,,vanilla_passthrough,insufficient_secure_identity,No sufficiently secure AD 1 identity; EU5 vanilla localization retained.
aubusson,,vanilla_passthrough,,,,,vanilla_passthrough,insufficient_secure_identity,No sufficiently secure AD 1 identity; EU5 vanilla localization retained.
auch,Elimberrum,reviewed_identity,roman_identity,antq_auscian,PLE:246379;PLN:246379/elimberrum;R2,tier2,reviewed_override,,Reviewed modern-field identity for Pleiades place 246379; AD 1 name resource 246379/elimberrum.
aulnay,,vanilla_passthrough,,,,,vanilla_passthrough,insufficient_secure_identity,No sufficiently secure AD 1 identity; EU5 vanilla localization retained.
aumale,,vanilla_passthrough,,,,,vanilla_passthrough,insufficient_secure_identity,No sufficiently secure AD 1 identity; EU5 vanilla localization retained.
auneau,,vanilla_passthrough,,,,,vanilla_passthrough,insufficient_secure_identity,No sufficiently secure AD 1 identity; EU5 vanilla localization retained.
aurillac,,vanilla_passthrough,,,,,vanilla_passthrough,insufficient_secure_identity,No sufficiently secure AD 1 identity; EU5 vanilla localization retained.
austria_baden,,vanilla_passthrough,,,,,vanilla_passthrough,insufficient_secure_identity,No sufficiently secure AD 1 identity; EU5 vanilla localization retained.
autun,Augustodunum,reviewed_direct,curated,antq_latin,PLE:177460,secure,reviewed_override,,Pleiades exact Augustodunum city point at 46.94724 4.29918; reviewed against the installed Autun location
auxerre,Autessiodurum,reviewed_identity,roman_identity,antq_senonian,PLE:138206;PLN:138206/autessiodurum;R2,tier2,reviewed_override,,Reviewed modern-field identity for Pleiades place 138206; AD 1 name resource 138206/autessiodurum.
auxonne,,vanilla_passthrough,,,,,vanilla_passthrough,insufficient_secure_identity,No sufficiently secure AD 1 identity; EU5 vanilla localization retained.
avallon,Aballo,reviewed_identity,roman_identity,antq_senonian,PLE:177427;PLN:177427/aballo;R2,tier2,reviewed_override,,Reviewed modern-field identity for Pleiades place 177427; AD 1 name resource 177427/aballo.
avellino,Abellinum,reviewed_direct,curated,antq_latin,TAB-ABELLINUM;BAT-ITALY,secure,reviewed_override,,Bounded Avellino city-field label for the nearby ancient Abellinum Atripalda context; replaces the distant Caudium adapter.
avignon,Avennio,reviewed_identity,roman_identity,antq_cavaric,PLE:148004;PLN:148004/avennio;R2,tier2,reviewed_override,,Reviewed modern-field identity for Pleiades place 148004; AD 1 name resource 148004/avennio.
avila,,vanilla_passthrough,,,,,vanilla_passthrough,insufficient_secure_identity,No sufficiently secure AD 1 identity; EU5 vanilla localization retained.
aviles,,vanilla_passthrough,,,,,vanilla_passthrough,insufficient_secure_identity,No sufficiently secure AD 1 identity; EU5 vanilla localization retained.
avis,,vanilla_passthrough,,,,,vanilla_passthrough,insufficient_secure_identity,No sufficiently secure AD 1 identity; EU5 vanilla localization retained.
avlonya,,vanilla_passthrough,,,,,vanilla_passthrough,insufficient_secure_identity,No sufficiently secure AD 1 identity; EU5 vanilla localization retained.
avranches,Ingena,reviewed_identity,roman_identity,antq_unellian,PLE:69518;PLN:69518/ingena;R2,tier2,reviewed_override,,Pleiades explicitly associates place 69518 with this modern field; AD 1 name resource 69518/ingena.
ayamonte,,vanilla_passthrough,,,,,vanilla_passthrough,insufficient_secure_identity,No sufficiently secure AD 1 identity; EU5 vanilla localization retained.
ayasuluk,Ephesus,reviewed_direct,curated,antq_greek_koine,PLE:599612,secure,reviewed_override,,Pleiades direct Ephesus settlement point at 37.94016 27.34240
ayora,,vanilla_passthrough,,,,,vanilla_passthrough,insufficient_secure_identity,No sufficiently secure AD 1 identity; EU5 vanilla localization retained.
ayvacik,Methymna,reviewed_direct,curated,antq_greek_koine,PLE:550738;P8.1,secure,reviewed_override,,Secure AD 1 Pleiades settlement point on the installed Ayvacik/Lesbos city field.
azeffoun,,vanilla_passthrough,,,,,vanilla_passthrough,insufficient_secure_identity,No sufficiently secure AD 1 identity; EU5 vanilla localization retained.
azuaga,,vanilla_passthrough,,,,,vanilla_passthrough,insufficient_secure_identity,No sufficiently secure AD 1 identity; EU5 vanilla localization retained.
babadag,,vanilla_passthrough,,,,,vanilla_passthrough,insufficient_secure_identity,No sufficiently secure AD 1 identity; EU5 vanilla localization retained.
bad_ischl,,vanilla_passthrough,,,,,vanilla_passthrough,insufficient_secure_identity,No sufficiently secure AD 1 identity; EU5 vanilla localization retained.
badajoz,,vanilla_passthrough,,,,,vanilla_passthrough,insufficient_secure_identity,No sufficiently secure AD 1 identity; EU5 vanilla localization retained.
baden_im_aargau,,vanilla_passthrough,,,,,vanilla_passthrough,insufficient_secure_identity,No sufficiently secure AD 1 identity; EU5 vanilla localization retained.
baena,,vanilla_passthrough,,,,,vanilla_passthrough,insufficient_secure_identity,No sufficiently secure AD 1 identity; EU5 vanilla localization retained.
baeza,Vivatia,reviewed_identity,roman_identity,antq_oretan,PLE:266099;PLN:266099/vivatia;R2,tier2,reviewed_override,,Pleiades explicitly associates place 266099 with this modern field; AD 1 name resource 266099/vivatia.
bafra,,vanilla_passthrough,,,,,vanilla_passthrough,insufficient_secure_identity,No sufficiently secure AD 1 identity; EU5 vanilla localization retained.
bage,,vanilla_passthrough,,,,,vanilla_passthrough,insufficient_secure_identity,No sufficiently secure AD 1 identity; EU5 vanilla localization retained.
baghai,,vanilla_passthrough,,,,,vanilla_passthrough,insufficient_secure_identity,No sufficiently secure AD 1 identity; EU5 vanilla localization retained.
bahariyya,,vanilla_passthrough,,,,,vanilla_passthrough,insufficient_secure_identity,No sufficiently secure AD 1 identity; EU5 vanilla localization retained.
balaguer,,vanilla_passthrough,,,,,vanilla_passthrough,insufficient_secure_identity,No sufficiently secure AD 1 identity; EU5 vanilla localization retained.
balat,Miletus,reviewed_identity,roman_identity,antq_ionian,PLE:599799;PLN:599799/miletus;R2,tier2,reviewed_override,,Reviewed modern-field identity for Pleiades place 599799; AD 1 name resource 599799/miletus.
balikesir,,vanilla_passthrough,,,,,vanilla_passthrough,insufficient_secure_identity,No sufficiently secure AD 1 identity; EU5 vanilla localization retained.
baliseyh,,vanilla_passthrough,,,,,vanilla_passthrough,insufficient_secure_identity,No sufficiently secure AD 1 identity; EU5 vanilla localization retained.
ballsh,,vanilla_passthrough,,,,,vanilla_passthrough,insufficient_secure_identity,No sufficiently secure AD 1 identity; EU5 vanilla localization retained.
balya,,vanilla_passthrough,,,,,vanilla_passthrough,insufficient_secure_identity,No sufficiently secure AD 1 identity; EU5 vanilla localization retained.
banaz,,vanilla_passthrough,,,,,vanilla_passthrough,insufficient_secure_identity,No sufficiently secure AD 1 identity; EU5 vanilla localization retained.
bandirma,,vanilla_passthrough,,,,,vanilla_passthrough,insufficient_secure_identity,No sufficiently secure AD 1 identity; EU5 vanilla localization retained.
bani_walid,,vanilla_passthrough,,,,,vanilla_passthrough,insufficient_secure_identity,No sufficiently secure AD 1 identity; EU5 vanilla localization retained.
bansko,,vanilla_passthrough,,,,,vanilla_passthrough,insufficient_secure_identity,No sufficiently secure AD 1 identity; EU5 vanilla localization retained.
bapaume,,vanilla_passthrough,,,,,vanilla_passthrough,insufficient_secure_identity,No sufficiently secure AD 1 identity; EU5 vanilla localization retained.
bar_cg,,vanilla_passthrough,,,,,vanilla_passthrough,insufficient_secure_identity,No sufficiently secure AD 1 identity; EU5 vanilla localization retained.
bar_le_duc,,vanilla_passthrough,,,,,vanilla_passthrough,insufficient_secure_identity,No sufficiently secure AD 1 identity; EU5 vanilla localization retained.
bar_sur_aube,Segessera,reviewed_identity,roman_identity,antq_belgic,PLE:109335;PLN:109335/segessera;R2,tier2,reviewed_override,,Reviewed modern-field identity for Pleiades place 109335; AD 1 name resource 109335/segessera.
bar_sur_seine,,vanilla_passthrough,,,,,vanilla_passthrough,insufficient_secure_identity,No sufficiently secure AD 1 identity; EU5 vanilla localization retained.
barbastro,,vanilla_passthrough,,,,,vanilla_passthrough,insufficient_secure_identity,No sufficiently secure AD 1 identity; EU5 vanilla localization retained.
barca,,vanilla_passthrough,,,,,vanilla_passthrough,insufficient_secure_identity,No sufficiently secure AD 1 identity; EU5 vanilla localization retained.
barcarrota,,vanilla_passthrough,,,,,vanilla_passthrough,insufficient_secure_identity,No sufficiently secure AD 1 identity; EU5 vanilla localization retained.
barcelona,Barcino,reviewed_identity,roman_identity,antq_lacetanian,PLE:246343;PLN:246343/col-barcino;R2,tier2,reviewed_override,,Reviewed modern-field identity for Pleiades place 246343; AD 1 name resource 246343/col-barcino.
barcelonnette,,vanilla_passthrough,,,,,vanilla_passthrough,insufficient_secure_identity,No sufficiently secure AD 1 identity; EU5 vanilla localization retained.
barcelos,,vanilla_passthrough,,,,,vanilla_passthrough,insufficient_secure_identity,No sufficiently secure AD 1 identity; EU5 vanilla localization retained.
barco_de_valdeorras,,vanilla_passthrough,,,,,vanilla_passthrough,insufficient_secure_identity,No sufficiently secure AD 1 identity; EU5 vanilla localization retained.
bardi,,vanilla_passthrough,,,,,vanilla_passthrough,insufficient_secure_identity,No sufficiently secure AD 1 identity; EU5 vanilla localization retained.
bari,Barium,reviewed_direct,curated,antq_latin,PLE:442500,secure,reviewed_override,,Pleiades exact ancient city point at 41.12922 16.87033; reviewed against the installed Bari location
baris,,vanilla_passthrough,,,,,vanilla_passthrough,insufficient_secure_identity,No sufficiently secure AD 1 identity; EU5 vanilla localization retained.
barjols,,vanilla_passthrough,,,,,vanilla_passthrough,insufficient_secure_identity,No sufficiently secure AD 1 identity; EU5 vanilla localization retained.
barletta,Barduli,reviewed_identity,roman_identity,antq_oscan_umbrian,PLE:442498;PLN:442498/barduli;R2,tier2,reviewed_override,,Reviewed modern-field identity for Pleiades place 442498; AD 1 name resource 442498/barduli.
bartin,,vanilla_passthrough,,,,,vanilla_passthrough,insufficient_secure_identity,No sufficiently secure AD 1 identity; EU5 vanilla localization retained.
basel,,vanilla_passthrough,,,,,vanilla_passthrough,insufficient_secure_identity,No sufficiently secure AD 1 identity; EU5 vanilla localization retained.
bassano,,vanilla_passthrough,,,,,vanilla_passthrough,insufficient_secure_identity,No sufficiently secure AD 1 identity; EU5 vanilla localization retained.
bastia,,vanilla_passthrough,,,,,vanilla_passthrough,insufficient_secure_identity,No sufficiently secure AD 1 identity; EU5 vanilla localization retained.
bastogne,,vanilla_passthrough,,,,,vanilla_passthrough,insufficient_secure_identity,No sufficiently secure AD 1 identity; EU5 vanilla localization retained.
bauge,,vanilla_passthrough,,,,,vanilla_passthrough,insufficient_secure_identity,No sufficiently secure AD 1 identity; EU5 vanilla localization retained.
baume,,vanilla_passthrough,,,,,vanilla_passthrough,insufficient_secure_identity,No sufficiently secure AD 1 identity; EU5 vanilla localization retained.
bayat,,vanilla_passthrough,,,,,vanilla_passthrough,insufficient_secure_identity,No sufficiently secure AD 1 identity; EU5 vanilla localization retained.
bayeux,Augustodurum,reviewed_identity,roman_identity,antq_baiocassian,PLE:69471;PLN:69471/augustodurum;R2,tier2,reviewed_override,,Reviewed modern-field identity for Pleiades place 69471; AD 1 name resource 69471/augustodurum.
bayonne,,vanilla_passthrough,,,,,vanilla_passthrough,insufficient_secure_identity,No sufficiently secure AD 1 identity; EU5 vanilla localization retained.
bayramic,,vanilla_passthrough,,,,,vanilla_passthrough,insufficient_secure_identity,No sufficiently secure AD 1 identity; EU5 vanilla localization retained.
bayramlu,,vanilla_passthrough,,,,,vanilla_passthrough,insufficient_secure_identity,No sufficiently secure AD 1 identity; EU5 vanilla localization retained.
baza,,vanilla_passthrough,,,,,vanilla_passthrough,insufficient_secure_identity,No sufficiently secure AD 1 identity; EU5 vanilla localization retained.
bazas,,vanilla_passthrough,,,,,vanilla_passthrough,insufficient_secure_identity,No sufficiently secure AD 1 identity; EU5 vanilla localization retained.
bazer_sakhra,,vanilla_passthrough,,,,,vanilla_passthrough,insufficient_secure_identity,No sufficiently secure AD 1 identity; EU5 vanilla localization retained.
beaugency,,vanilla_passthrough,,,,,vanilla_passthrough,insufficient_secure_identity,No sufficiently secure AD 1 identity; EU5 vanilla localization retained.
beaujeu,,vanilla_passthrough,,,,,vanilla_passthrough,insufficient_secure_identity,No sufficiently secure AD 1 identity; EU5 vanilla localization retained.
beaumont_au_maine,,vanilla_passthrough,,,,,vanilla_passthrough,insufficient_secure_identity,No sufficiently secure AD 1 identity; EU5 vanilla localization retained.
beaune,,vanilla_passthrough,,,,,vanilla_passthrough,insufficient_secure_identity,No sufficiently secure AD 1 identity; EU5 vanilla localization retained.
beaupreau,,vanilla_passthrough,,,,,vanilla_passthrough,insufficient_secure_identity,No sufficiently secure AD 1 identity; EU5 vanilla localization retained.
beauvais,Caesaromagus,reviewed_identity,roman_identity,antq_bellovacian,PLE:108844;PLN:108844/caesaromagus;R2,tier2,reviewed_override,,Reviewed modern-field identity for Pleiades place 108844; AD 1 name resource 108844/caesaromagus.
beauvoir,,vanilla_passthrough,,,,,vanilla_passthrough,insufficient_secure_identity,No sufficiently secure AD 1 identity; EU5 vanilla localization retained.
beja,,vanilla_passthrough,,,,,vanilla_passthrough,insufficient_secure_identity,No sufficiently secure AD 1 identity; EU5 vanilla localization retained.
beja_TUN,Vaga,reviewed_direct,curated,antq_phoenician_punic,PLE:315253,secure,reviewed_override,,"Direct ancient Vaga identity at modern Béja, Tunisia; corrected from the unrelated Portuguese Beja key."
bejaia,Saldae,reviewed_direct,curated,antq_latin,PLE:305142,secure,reviewed_override,,Pleiades direct Saldae settlement and port point at 36.74085 5.05797
bejar,,vanilla_passthrough,,,,,vanilla_passthrough,insufficient_secure_identity,No sufficiently secure AD 1 identity; EU5 vanilla localization retained.
belalcazar,,vanilla_passthrough,,,,,vanilla_passthrough,insufficient_secure_identity,No sufficiently secure AD 1 identity; EU5 vanilla localization retained.
belchite,,vanilla_passthrough,,,,,vanilla_passthrough,insufficient_secure_identity,No sufficiently secure AD 1 identity; EU5 vanilla localization retained.
belgrad,Singidunum,reviewed_identity,roman_identity,antq_pannonian,PLE:207443;PLN:207443/singidunum;R2,tier2,reviewed_override,,Reviewed modern-field identity for Pleiades place 207443; AD 1 name resource 207443/singidunum.
belin,,vanilla_passthrough,,,,,vanilla_passthrough,insufficient_secure_identity,No sufficiently secure AD 1 identity; EU5 vanilla localization retained.
bellac,,vanilla_passthrough,,,,,vanilla_passthrough,insufficient_secure_identity,No sufficiently secure AD 1 identity; EU5 vanilla localization retained.
belleme,,vanilla_passthrough,,,,,vanilla_passthrough,insufficient_secure_identity,No sufficiently secure AD 1 identity; EU5 vanilla localization retained.
belley,,vanilla_passthrough,,,,,vanilla_passthrough,insufficient_secure_identity,No sufficiently secure AD 1 identity; EU5 vanilla localization retained.
bellinzona,Bilitio,reviewed_identity,roman_identity,antq_cisalpine_gallic,PLE:187317;PLN:187317/bilitio;R2,tier2,reviewed_override,,Pleiades explicitly associates place 187317 with this modern field; AD 1 name resource 187317/bilitio.
belluno,Bellunum,reviewed_direct,curated,antq_latin,PLE:187311,secure,reviewed_override,,Pleiades exact Bellunum settlement point at 46.14003 12.21739; reviewed against the installed Belluno location
belmonte,,vanilla_passthrough,,,,,vanilla_passthrough,insufficient_secure_identity,No sufficiently secure AD 1 identity; EU5 vanilla localization retained.
benabarre,,vanilla_passthrough,,,,,vanilla_passthrough,insufficient_secure_identity,No sufficiently secure AD 1 identity; EU5 vanilla localization retained.
benauges,,vanilla_passthrough,,,,,vanilla_passthrough,insufficient_secure_identity,No sufficiently secure AD 1 identity; EU5 vanilla localization retained.
benavente,,vanilla_passthrough,,,,,vanilla_passthrough,insufficient_secure_identity,No sufficiently secure AD 1 identity; EU5 vanilla localization retained.
benevento,Beneventum,reviewed_direct,curated,antq_latin,PLE:432721,secure,reviewed_override,,Pleiades Beneventum Maleventum city point at 41.13044 14.78116; Roman-period name retained
benghazi,Berenice,reviewed_direct,curated,antq_latin,PLE;P8.1,secure,reviewed_override,,Secure Hellenistic and Roman-period city form at the direct Benghazi match.
beni_suef,,vanilla_passthrough,,,,,vanilla_passthrough,insufficient_secure_identity,No sufficiently secure AD 1 identity; EU5 vanilla localization retained.
berat,,vanilla_passthrough,,,,,vanilla_passthrough,insufficient_secure_identity,No sufficiently secure AD 1 identity; EU5 vanilla localization retained.
berceto,,vanilla_passthrough,,,,,vanilla_passthrough,insufficient_secure_identity,No sufficiently secure AD 1 identity; EU5 vanilla localization retained.
berchtesgaden,,vanilla_passthrough,,,,,vanilla_passthrough,insufficient_secure_identity,No sufficiently secure AD 1 identity; EU5 vanilla localization retained.
berga,,vanilla_passthrough,,,,,vanilla_passthrough,insufficient_secure_identity,No sufficiently secure AD 1 identity; EU5 vanilla localization retained.
bergama,Pergamum,reviewed_direct,curated,antq_greek_koine,PLE:550812,secure,reviewed_override,,Pleiades direct Pergamum settlement point at 39.13250 27.18417
bergamo,Bergomum,reviewed_direct,curated,antq_latin,PLE:383589,secure,reviewed_override,,Pleiades exact Bergomum city point at 45.69491 9.66995; reviewed against the installed Bergamo location
bergerac,,vanilla_passthrough,,,,,vanilla_passthrough,insufficient_secure_identity,No sufficiently secure AD 1 identity; EU5 vanilla localization retained.
berlanga,,vanilla_passthrough,,,,,vanilla_passthrough,insufficient_secure_identity,No sufficiently secure AD 1 identity; EU5 vanilla localization retained.
bern,,vanilla_passthrough,,,,,vanilla_passthrough,insufficient_secure_identity,No sufficiently secure AD 1 identity; EU5 vanilla localization retained.
bernay,,vanilla_passthrough,,,,,vanilla_passthrough,insufficient_secure_identity,No sufficiently secure AD 1 identity; EU5 vanilla localization retained.
besalu,,vanilla_passthrough,,,,,vanilla_passthrough,insufficient_secure_identity,No sufficiently secure AD 1 identity; EU5 vanilla localization retained.
besancon,Vesontio,reviewed_direct,curated,antq_latin,PLE:177657,secure,reviewed_override,,Pleiades exact Vesontio settlement point at 47.23724 6.02792; reviewed against the installed Besancon location
besteiros,,vanilla_passthrough,,,,,vanilla_passthrough,insufficient_secure_identity,No sufficiently secure AD 1 identity; EU5 vanilla localization retained.
betanzos,,vanilla_passthrough,,,,,vanilla_passthrough,insufficient_secure_identity,No sufficiently secure AD 1 identity; EU5 vanilla localization retained.
beteta,,vanilla_passthrough,,,,,vanilla_passthrough,insufficient_secure_identity,No sufficiently secure AD 1 identity; EU5 vanilla localization retained.
bethune,,vanilla_passthrough,,,,,vanilla_passthrough,insufficient_secure_identity,No sufficiently secure AD 1 identity; EU5 vanilla localization retained.
beypazari,,vanilla_passthrough,,,,,vanilla_passthrough,insufficient_secure_identity,No sufficiently secure AD 1 identity; EU5 vanilla localization retained.
beysehir,,vanilla_passthrough,,,,,vanilla_passthrough,insufficient_secure_identity,No sufficiently secure AD 1 identity; EU5 vanilla localization retained.
beziers,Baeterrae,reviewed_identity,roman_identity,antq_elisycean,PLE:148056;PLN:148056/col-baeterrae;R2,tier2,reviewed_override,,Reviewed modern-field identity for Pleiades place 148056; AD 1 name resource 148056/col-baeterrae.
biella,,vanilla_passthrough,,,,,vanilla_passthrough,insufficient_secure_identity,No sufficiently secure AD 1 identity; EU5 vanilla localization retained.
bienne,,vanilla_passthrough,,,,,vanilla_passthrough,insufficient_secure_identity,No sufficiently secure AD 1 identity; EU5 vanilla localization retained.
biga,,vanilla_passthrough,,,,,vanilla_passthrough,insufficient_secure_identity,No sufficiently secure AD 1 identity; EU5 vanilla localization retained.
bigadic,,vanilla_passthrough,,,,,vanilla_passthrough,insufficient_secure_identity,No sufficiently secure AD 1 identity; EU5 vanilla localization retained.
bihac,,vanilla_passthrough,,,,,vanilla_passthrough,insufficient_secure_identity,No sufficiently secure AD 1 identity; EU5 vanilla localization retained.
bilbao,,vanilla_passthrough,,,,,vanilla_passthrough,insufficient_secure_identity,No sufficiently secure AD 1 identity; EU5 vanilla localization retained.
bilbeis,,vanilla_passthrough,,,,,vanilla_passthrough,insufficient_secure_identity,No sufficiently secure AD 1 identity; EU5 vanilla localization retained.
bilecik,,vanilla_passthrough,,,,,vanilla_passthrough,insufficient_secure_identity,No sufficiently secure AD 1 identity; EU5 vanilla localization retained.
birgi,Dios Hieron,reviewed_identity,roman_identity,antq_ionian,PLE:550515;PLN:550515/dios-hieron;R2,tier2,reviewed_override,,Reviewed modern-field identity for Pleiades place 550515; AD 1 name resource 550515/dios-hieron.
bischofshofen,,vanilla_passthrough,,,,,vanilla_passthrough,insufficient_secure_identity,No sufficiently secure AD 1 identity; EU5 vanilla localization retained.
bitche,,vanilla_passthrough,,,,,vanilla_passthrough,insufficient_secure_identity,No sufficiently secure AD 1 identity; EU5 vanilla localization retained.
bitola,,vanilla_passthrough,,,,,vanilla_passthrough,insufficient_secure_identity,No sufficiently secure AD 1 identity; EU5 vanilla localization retained.
bitti,,vanilla_passthrough,,,,,vanilla_passthrough,insufficient_secure_identity,No sufficiently secure AD 1 identity; EU5 vanilla localization retained.
bivona,,vanilla_passthrough,,,,,vanilla_passthrough,insufficient_secure_identity,No sufficiently secure AD 1 identity; EU5 vanilla localization retained.
bizerte,Hippo Diarrhytus,reviewed_direct,curated,antq_latin,PLE;P8.1,secure,reviewed_override,,Secure Roman-period port-city form at the direct Bizerte match.
bjelovar,,vanilla_passthrough,,,,,vanilla_passthrough,insufficient_secure_identity,No sufficiently secure AD 1 identity; EU5 vanilla localization retained.
blain,,vanilla_passthrough,,,,,vanilla_passthrough,insufficient_secure_identity,No sufficiently secure AD 1 identity; EU5 vanilla localization retained.
bled,,vanilla_passthrough,,,,,vanilla_passthrough,insufficient_secure_identity,No sufficiently secure AD 1 identity; EU5 vanilla localization retained.
blois,,vanilla_passthrough,,,,,vanilla_passthrough,insufficient_secure_identity,No sufficiently secure AD 1 identity; EU5 vanilla localization retained.
bludenz,,vanilla_passthrough,,,,,vanilla_passthrough,insufficient_secure_identity,No sufficiently secure AD 1 identity; EU5 vanilla localization retained.
bobbio,,vanilla_passthrough,,,,,vanilla_passthrough,insufficient_secure_identity,No sufficiently secure AD 1 identity; EU5 vanilla localization retained.
bodonitsa,,vanilla_passthrough,,,,,vanilla_passthrough,insufficient_secure_identity,No sufficiently secure AD 1 identity; EU5 vanilla localization retained.
bodrum,Halicarnassus,reviewed_direct,curated,antq_greek_koine,PLE:599636,secure,reviewed_override,,Pleiades direct Halicarnassus settlement and port point at 37.04040 27.42215
bojano,,vanilla_passthrough,,,,,vanilla_passthrough,insufficient_secure_identity,No sufficiently secure AD 1 identity; EU5 vanilla localization retained.
bologna,Bononia,reviewed_direct,curated,antq_latin,PLE;ORB;P8.1,secure,reviewed_override,,Direct Roman Via Aemilia city name
bolu,Bithynion,reviewed_identity,roman_identity,antq_bithynian,PLE:844879;PLN:844879/bithynion-1;R2,tier2,reviewed_override,,Reviewed modern-field identity for Pleiades place 844879; AD 1 name resource 844879/bithynion-1.
bolvadin,,vanilla_passthrough,,,,,vanilla_passthrough,insufficient_secure_identity,No sufficiently secure AD 1 identity; EU5 vanilla localization retained.
bolzano,,vanilla_passthrough,,,,,vanilla_passthrough,insufficient_secure_identity,No sufficiently secure AD 1 identity; EU5 vanilla localization retained.
bonifacio,,vanilla_passthrough,,,,,vanilla_passthrough,insufficient_secure_identity,No sufficiently secure AD 1 identity; EU5 vanilla localization retained.
borac,,vanilla_passthrough,,,,,vanilla_passthrough,insufficient_secure_identity,No sufficiently secure AD 1 identity; EU5 vanilla localization retained.
bordeaux,Burdigala,reviewed_direct,curated,antq_latin,PLE:138248,secure,reviewed_override,,Pleiades exact Burdigala city point at 44.83721 -0.57653; reviewed against the installed Bordeaux location
bordj_bou_arreridj,,vanilla_passthrough,,,,,vanilla_passthrough,insufficient_secure_identity,No sufficiently secure AD 1 identity; EU5 vanilla localization retained.
bormio,Aquae Bormiae,reviewed_identity,roman_identity,antq_cisalpine_gallic,PLE:187289;PLN:187289/aquae-bormiae;R2,tier2,reviewed_override,,Reviewed modern-field identity for Pleiades place 187289; AD 1 name resource 187289/aquae-bormiae.
bosa,Bosa,reviewed_identity,roman_identity,antq_nuragic,PLE:471895;PLN:471895/bosa;R2,tier2,reviewed_override,,Reviewed modern-field identity for Pleiades place 471895; AD 1 name resource 471895/bosa.
bou_hajla,,vanilla_passthrough,,,,,vanilla_passthrough,insufficient_secure_identity,No sufficiently secure AD 1 identity; EU5 vanilla localization retained.
bouillon,,vanilla_passthrough,,,,,vanilla_passthrough,insufficient_secure_identity,No sufficiently secure AD 1 identity; EU5 vanilla localization retained.
bouira,,vanilla_passthrough,,,,,vanilla_passthrough,insufficient_secure_identity,No sufficiently secure AD 1 identity; EU5 vanilla localization retained.
boulogne_sur_mer,Gesoriacum,reviewed_identity,roman_identity,antq_morinian,PLE:109008;PLN:109008/gesoriacum;R2,tier2,reviewed_override,,Reviewed modern-field identity for Pleiades place 109008; AD 1 name resource 109008/gesoriacum.
bourbon,,vanilla_passthrough,,,,,vanilla_passthrough,insufficient_secure_identity,No sufficiently secure AD 1 identity; EU5 vanilla localization retained.
bourg_en_bresse,,vanilla_passthrough,,,,,vanilla_passthrough,insufficient_secure_identity,No sufficiently secure AD 1 identity; EU5 vanilla localization retained.
bourganeuf,,vanilla_passthrough,,,,,vanilla_passthrough,insufficient_secure_identity,No sufficiently secure AD 1 identity; EU5 vanilla localization retained.
bourges,Avaricum,reviewed_direct,curated,antq_latin,PLE:138207,secure,reviewed_override,,Pleiades exact Avaricum Biturigae settlement point at 47.08254 2.39787; reviewed against the installed Bourges location
boussac,,vanilla_passthrough,,,,,vanilla_passthrough,insufficient_secure_identity,No sufficiently secure AD 1 identity; EU5 vanilla localization retained.
bovino,,vanilla_passthrough,,,,,vanilla_passthrough,insufficient_secure_identity,No sufficiently secure AD 1 identity; EU5 vanilla localization retained.
boyabat,,vanilla_passthrough,,,,,vanilla_passthrough,insufficient_secure_identity,No sufficiently secure AD 1 identity; EU5 vanilla localization retained.
bozan,,vanilla_passthrough,,,,,vanilla_passthrough,insufficient_secure_identity,No sufficiently secure AD 1 identity; EU5 vanilla localization retained.
bozhenitsa,,vanilla_passthrough,,,,,vanilla_passthrough,insufficient_secure_identity,No sufficiently secure AD 1 identity; EU5 vanilla localization retained.
bozok,,vanilla_passthrough,,,,,vanilla_passthrough,insufficient_secure_identity,No sufficiently secure AD 1 identity; EU5 vanilla localization retained.
brac,,vanilla_passthrough,,,,,vanilla_passthrough,insufficient_secure_identity,No sufficiently secure AD 1 identity; EU5 vanilla localization retained.
bracciano,,vanilla_passthrough,,,,,vanilla_passthrough,insufficient_secure_identity,No sufficiently secure AD 1 identity; EU5 vanilla localization retained.
braga,Bracara Augusta,reviewed_direct,curated,antq_latin,PLE,secure,reviewed_override,,Direct Roman-period city form for the installed Braga location
braganca,,vanilla_passthrough,,,,,vanilla_passthrough,insufficient_secure_identity,No sufficiently secure AD 1 identity; EU5 vanilla localization retained.
braine,,vanilla_passthrough,,,,,vanilla_passthrough,insufficient_secure_identity,No sufficiently secure AD 1 identity; EU5 vanilla localization retained.
branicevo,,vanilla_passthrough,,,,,vanilla_passthrough,insufficient_secure_identity,No sufficiently secure AD 1 identity; EU5 vanilla localization retained.
braunau,,vanilla_passthrough,,,,,vanilla_passthrough,insufficient_secure_identity,No sufficiently secure AD 1 identity; EU5 vanilla localization retained.
bregenz,Brigantium,reviewed_identity,roman_identity,antq_rhaetic,PLE:187325;PLN:187325/brigantium;R2,tier2,reviewed_override,,Pleiades explicitly associates place 187325 with this modern field; AD 1 name resource 187325/brigantium.
breno,,vanilla_passthrough,,,,,vanilla_passthrough,insufficient_secure_identity,No sufficiently secure AD 1 identity; EU5 vanilla localization retained.
brescia,Brixia,reviewed_direct,curated,antq_latin,PLE:383603,secure,reviewed_override,,Pleiades exact Brixia city point at 45.53977 10.22314; reviewed against the installed Brescia location
brest,Gesocribate,reviewed_identity,roman_identity,antq_armorican,PLE:69511;PLN:69511/gesocribate;R2,tier2,reviewed_override,,Pleiades explicitly associates place 69511 with this modern field; AD 1 name resource 69511/gesocribate.
breteuil,,vanilla_passthrough,,,,,vanilla_passthrough,insufficient_secure_identity,No sufficiently secure AD 1 identity; EU5 vanilla localization retained.
briancon,,vanilla_passthrough,,,,,vanilla_passthrough,insufficient_secure_identity,No sufficiently secure AD 1 identity; EU5 vanilla localization retained.
brie_comte_robert,,vanilla_passthrough,,,,,vanilla_passthrough,insufficient_secure_identity,No sufficiently secure AD 1 identity; EU5 vanilla localization retained.
brienne,,vanilla_passthrough,,,,,vanilla_passthrough,insufficient_secure_identity,No sufficiently secure AD 1 identity; EU5 vanilla localization retained.
brig,,vanilla_passthrough,,,,,vanilla_passthrough,insufficient_secure_identity,No sufficiently secure AD 1 identity; EU5 vanilla localization retained.
brignoles,,vanilla_passthrough,,,,,vanilla_passthrough,insufficient_secure_identity,No sufficiently secure AD 1 identity; EU5 vanilla localization retained.
brihuega,,vanilla_passthrough,,,,,vanilla_passthrough,insufficient_secure_identity,No sufficiently secure AD 1 identity; EU5 vanilla localization retained.
brindisi,Brundisium,reviewed_direct,curated,antq_latin,PLE;ORB;P8.1,secure,reviewed_override,,Direct Roman Adriatic terminus name
brioude,,vanilla_passthrough,,,,,vanilla_passthrough,insufficient_secure_identity,No sufficiently secure AD 1 identity; EU5 vanilla localization retained.
briviesca,,vanilla_passthrough,,,,,vanilla_passthrough,insufficient_secure_identity,No sufficiently secure AD 1 identity; EU5 vanilla localization retained.
brixen,,vanilla_passthrough,,,,,vanilla_passthrough,insufficient_secure_identity,No sufficiently secure AD 1 identity; EU5 vanilla localization retained.
brosse,,vanilla_passthrough,,,,,vanilla_passthrough,insufficient_secure_identity,No sufficiently secure AD 1 identity; EU5 vanilla localization retained.
broyes,,vanilla_passthrough,,,,,vanilla_passthrough,insufficient_secure_identity,No sufficiently secure AD 1 identity; EU5 vanilla localization retained.
brozas,,vanilla_passthrough,,,,,vanilla_passthrough,insufficient_secure_identity,No sufficiently secure AD 1 identity; EU5 vanilla localization retained.
brskovo,,vanilla_passthrough,,,,,vanilla_passthrough,insufficient_secure_identity,No sufficiently secure AD 1 identity; EU5 vanilla localization retained.
bruck_leitha,,vanilla_passthrough,,,,,vanilla_passthrough,insufficient_secure_identity,No sufficiently secure AD 1 identity; EU5 vanilla localization retained.
bruges,,vanilla_passthrough,,,,,vanilla_passthrough,insufficient_secure_identity,No sufficiently secure AD 1 identity; EU5 vanilla localization retained.
bruneck,,vanilla_passthrough,,,,,vanilla_passthrough,insufficient_secure_identity,No sufficiently secure AD 1 identity; EU5 vanilla localization retained.
brvenik,,vanilla_passthrough,,,,,vanilla_passthrough,insufficient_secure_identity,No sufficiently secure AD 1 identity; EU5 vanilla localization retained.
budimlja,,vanilla_passthrough,,,,,vanilla_passthrough,insufficient_secure_identity,No sufficiently secure AD 1 identity; EU5 vanilla localization retained.
buitrago_de_lozoya,,vanilla_passthrough,,,,,vanilla_passthrough,insufficient_secure_identity,No sufficiently secure AD 1 identity; EU5 vanilla localization retained.
bunol,,vanilla_passthrough,,,,,vanilla_passthrough,insufficient_secure_identity,No sufficiently secure AD 1 identity; EU5 vanilla localization retained.
burdur,,vanilla_passthrough,,,,,vanilla_passthrough,insufficient_secure_identity,No sufficiently secure AD 1 identity; EU5 vanilla localization retained.
burgdorf_emmental,,vanilla_passthrough,,,,,vanilla_passthrough,insufficient_secure_identity,No sufficiently secure AD 1 identity; EU5 vanilla localization retained.
burgo_de_osma,,vanilla_passthrough,,,,,vanilla_passthrough,insufficient_secure_identity,No sufficiently secure AD 1 identity; EU5 vanilla localization retained.
burgos,,vanilla_passthrough,,,,,vanilla_passthrough,insufficient_secure_identity,No sufficiently secure AD 1 identity; EU5 vanilla localization retained.
bursa,Prusa,reviewed_direct,curated,antq_greek_koine,PLE:511384,secure,reviewed_override,,Pleiades direct Prusa settlement point at 40.18290 29.06382
butrint,Bouthrōtón,reviewed_identity,roman_identity,antq_enchelean,PLE:530824;PLN:530824/bouthroton;R2,tier2,reviewed_override,,Reviewed modern-field identity for Pleiades place 530824; AD 1 name resource 530824/bouthroton.
buzet,,vanilla_passthrough,,,,,vanilla_passthrough,insufficient_secure_identity,No sufficiently secure AD 1 identity; EU5 vanilla localization retained.
caceres,Norba Caesarina,reviewed_direct,curated,antq_latin,PLE,secure,reviewed_override,,Direct Roman-period city form for the installed Caceres location
cadiz,Gades,reviewed_direct,curated,antq_latin,PLE;P12.2;P8.1,secure,reviewed_override,,Direct Gades Cadiz city name
caen,,vanilla_passthrough,,,,,vanilla_passthrough,insufficient_secure_identity,No sufficiently secure AD 1 identity; EU5 vanilla localization retained.
cagliari,Caralis,reviewed_direct,curated,antq_latin,PLE:471899,secure,reviewed_override,,Pleiades exact Caralis city point at 39.21489 9.10952; reviewed against the installed Cagliari location
cahors,Divona,reviewed_direct,curated,antq_latin,PLE:138329,secure,reviewed_override,,Pleiades exact Divona settlement point at 44.44631 1.44171; reviewed against the installed Cahors location
cairo,Memphis,reviewed_direct,curated,antq_egyptian,PLE:736963,secure,reviewed_override,,Direct Memphis settlement point; the installed Cairo key is a bounded Nile-city adapter.
cairo_montenotte,,vanilla_passthrough,,,,,vanilla_passthrough,insufficient_secure_identity,No sufficiently secure AD 1 identity; EU5 vanilla localization retained.
calahorra,Calagurris,reviewed_identity,roman_identity,antq_arevacian,PLE:246279;PLN:246279/calagurris-nassica-iulia;R2,tier2,reviewed_override,,Pleiades explicitly associates place 246279 with this modern field; AD 1 name resource 246279/calagurris-nassica-iulia.
calais,,vanilla_passthrough,,,,,vanilla_passthrough,insufficient_secure_identity,No sufficiently secure AD 1 identity; EU5 vanilla localization retained.
calatanazor,,vanilla_passthrough,,,,,vanilla_passthrough,insufficient_secure_identity,No sufficiently secure AD 1 identity; EU5 vanilla localization retained.
calatayud,Bilbilis,reviewed_direct,curated,antq_latin,PLE,secure,reviewed_override,,Direct Roman-period city form for the installed Calatayud location
calatrava,,vanilla_passthrough,,,,,vanilla_passthrough,insufficient_secure_identity,No sufficiently secure AD 1 identity; EU5 vanilla localization retained.
caltagirone,,vanilla_passthrough,,,,,vanilla_passthrough,insufficient_secure_identity,No sufficiently secure AD 1 identity; EU5 vanilla localization retained.
caltanisetta,,vanilla_passthrough,,,,,vanilla_passthrough,insufficient_secure_identity,No sufficiently secure AD 1 identity; EU5 vanilla localization retained.
calvi,,vanilla_passthrough,,,,,vanilla_passthrough,insufficient_secure_identity,No sufficiently secure AD 1 identity; EU5 vanilla localization retained.
cambrai,Camaracum,reviewed_identity,roman_identity,antq_atrebatian,PLE:108850;PLN:108850/camaracum;R2,tier2,reviewed_override,,Reviewed modern-field identity for Pleiades place 108850; AD 1 name resource 108850/camaracum.
camerino,,vanilla_passthrough,,,,,vanilla_passthrough,insufficient_secure_identity,No sufficiently secure AD 1 identity; EU5 vanilla localization retained.
campagna,,vanilla_passthrough,,,,,vanilla_passthrough,insufficient_secure_identity,No sufficiently secure AD 1 identity; EU5 vanilla localization retained.
can,,vanilla_passthrough,,,,,vanilla_passthrough,insufficient_secure_identity,No sufficiently secure AD 1 identity; EU5 vanilla localization retained.
canakkale,,vanilla_passthrough,,,,,vanilla_passthrough,insufficient_secure_identity,No sufficiently secure AD 1 identity; EU5 vanilla localization retained.
candia,Herakleion,reviewed_identity,roman_identity,antq_greek_koine,PLE:589802;PLN:589802/herakleion;R2,tier2,reviewed_override,,Reviewed modern-field identity for Pleiades place 589802; AD 1 name resource 589802/herakleion.
candir,,vanilla_passthrough,,,,,vanilla_passthrough,insufficient_secure_identity,No sufficiently secure AD 1 identity; EU5 vanilla localization retained.
canete,,vanilla_passthrough,,,,,vanilla_passthrough,insufficient_secure_identity,No sufficiently secure AD 1 identity; EU5 vanilla localization retained.
cangas,,vanilla_passthrough,,,,,vanilla_passthrough,insufficient_secure_identity,No sufficiently secure AD 1 identity; EU5 vanilla localization retained.
cankiri,Gangra,reviewed_identity,roman_identity,antq_trocmian,PLE:844926;PLN:844926/gangra;R2,tier2,reviewed_override,,Reviewed modern-field identity for Pleiades place 844926; AD 1 name resource 844926/gangra.
canossa,,vanilla_passthrough,,,,,vanilla_passthrough,insufficient_secure_identity,No sufficiently secure AD 1 identity; EU5 vanilla localization retained.
cantavieja,,vanilla_passthrough,,,,,vanilla_passthrough,insufficient_secure_identity,No sufficiently secure AD 1 identity; EU5 vanilla localization retained.
caravaca,,vanilla_passthrough,,,,,vanilla_passthrough,insufficient_secure_identity,No sufficiently secure AD 1 identity; EU5 vanilla localization retained.
carcassonne,Carcaso,reviewed_identity,roman_identity,antq_volcan_tectosagian,PLE:246294;PLN:246294/carcaso;R2,tier2,reviewed_override,,Reviewed modern-field identity for Pleiades place 246294; AD 1 name resource 246294/carcaso.
cardona,,vanilla_passthrough,,,,,vanilla_passthrough,insufficient_secure_identity,No sufficiently secure AD 1 identity; EU5 vanilla localization retained.
carhaix,,vanilla_passthrough,,,,,vanilla_passthrough,insufficient_secure_identity,No sufficiently secure AD 1 identity; EU5 vanilla localization retained.
carinena,,vanilla_passthrough,,,,,vanilla_passthrough,insufficient_secure_identity,No sufficiently secure AD 1 identity; EU5 vanilla localization retained.
carmagnola,,vanilla_passthrough,,,,,vanilla_passthrough,insufficient_secure_identity,No sufficiently secure AD 1 identity; EU5 vanilla localization retained.
carmona,Carmo,reviewed_identity,roman_identity,antq_turdetanian,PLE:256058;PLN:256058/carmo;R2,tier2,reviewed_override,,Reviewed modern-field identity for Pleiades place 256058; AD 1 name resource 256058/carmo.
carpio,,vanilla_passthrough,,,,,vanilla_passthrough,insufficient_secure_identity,No sufficiently secure AD 1 identity; EU5 vanilla localization retained.
carrion_de_los_condes,,vanilla_passthrough,,,,,vanilla_passthrough,insufficient_secure_identity,No sufficiently secure AD 1 identity; EU5 vanilla localization retained.
cartagena,Carthago Nova,reviewed_direct,curated,antq_latin,PLE,secure,reviewed_override,,Direct Roman-period city form for the installed Cartagena location
casale,,vanilla_passthrough,,,,,vanilla_passthrough,insufficient_secure_identity,No sufficiently secure AD 1 identity; EU5 vanilla localization retained.
casalmaggiore,,vanilla_passthrough,,,,,vanilla_passthrough,insufficient_secure_identity,No sufficiently secure AD 1 identity; EU5 vanilla localization retained.
caserta,,vanilla_passthrough,,,,,vanilla_passthrough,insufficient_secure_identity,No sufficiently secure AD 1 identity; EU5 vanilla localization retained.
caspe,,vanilla_passthrough,,,,,vanilla_passthrough,insufficient_secure_identity,No sufficiently secure AD 1 identity; EU5 vanilla localization retained.
cassano,,vanilla_passthrough,,,,,vanilla_passthrough,insufficient_secure_identity,No sufficiently secure AD 1 identity; EU5 vanilla localization retained.
cassel,Castellum Menapiorum,reviewed_identity,roman_identity,antq_belgic,PLE:108865;PLN:108865/castellum-menapiorum;R2,tier2,reviewed_override,,Reviewed modern-field identity for Pleiades place 108865; AD 1 name resource 108865/castellum-menapiorum.
castelfranco,,vanilla_passthrough,,,,,vanilla_passthrough,insufficient_secure_identity,No sufficiently secure AD 1 identity; EU5 vanilla localization retained.
castellane,,vanilla_passthrough,,,,,vanilla_passthrough,insufficient_secure_identity,No sufficiently secure AD 1 identity; EU5 vanilla localization retained.
castellon_ampurias,,vanilla_passthrough,,,,,vanilla_passthrough,insufficient_secure_identity,No sufficiently secure AD 1 identity; EU5 vanilla localization retained.
castellon_de_la_plana,,vanilla_passthrough,,,,,vanilla_passthrough,insufficient_secure_identity,No sufficiently secure AD 1 identity; EU5 vanilla localization retained.
castelnau_de_medoc,,vanilla_passthrough,,,,,vanilla_passthrough,insufficient_secure_identity,No sufficiently secure AD 1 identity; EU5 vanilla localization retained.
castelnaudary,,vanilla_passthrough,,,,,vanilla_passthrough,insufficient_secure_identity,No sufficiently secure AD 1 identity; EU5 vanilla localization retained.
castelo_branco,,vanilla_passthrough,,,,,vanilla_passthrough,insufficient_secure_identity,No sufficiently secure AD 1 identity; EU5 vanilla localization retained.
castelsardo,,vanilla_passthrough,,,,,vanilla_passthrough,insufficient_secure_identity,No sufficiently secure AD 1 identity; EU5 vanilla localization retained.
castres,,vanilla_passthrough,,,,,vanilla_passthrough,insufficient_secure_identity,No sufficiently secure AD 1 identity; EU5 vanilla localization retained.
castrocalbon,,vanilla_passthrough,,,,,vanilla_passthrough,insufficient_secure_identity,No sufficiently secure AD 1 identity; EU5 vanilla localization retained.
castrojeriz,,vanilla_passthrough,,,,,vanilla_passthrough,insufficient_secure_identity,No sufficiently secure AD 1 identity; EU5 vanilla localization retained.
castropol,,vanilla_passthrough,,,,,vanilla_passthrough,insufficient_secure_identity,No sufficiently secure AD 1 identity; EU5 vanilla localization retained.
castrovillari,,vanilla_passthrough,,,,,vanilla_passthrough,insufficient_secure_identity,No sufficiently secure AD 1 identity; EU5 vanilla localization retained.
catania,Katánē,reviewed_identity,roman_identity,antq_greek_koine,PLE:462270;PLN:462270/katane;R2,tier2,reviewed_override,,Reviewed modern-field identity for Pleiades place 462270; AD 1 name resource 462270/katane.
catanzaro,,vanilla_passthrough,,,,,vanilla_passthrough,insufficient_secure_identity,No sufficiently secure AD 1 identity; EU5 vanilla localization retained.
cavalese,,vanilla_passthrough,,,,,vanilla_passthrough,insufficient_secure_identity,No sufficiently secure AD 1 identity; EU5 vanilla localization retained.
cazorla,,vanilla_passthrough,,,,,vanilla_passthrough,insufficient_secure_identity,No sufficiently secure AD 1 identity; EU5 vanilla localization retained.
cefalu,Cephaloedium,reviewed_identity,roman_identity,antq_greek_koine,PLE:462154;PLN:462154/cephaloedium;R2,tier2,reviewed_override,,Reviewed modern-field identity for Pleiades place 462154; AD 1 name resource 462154/cephaloedium.
celano,,vanilla_passthrough,,,,,vanilla_passthrough,insufficient_secure_identity,No sufficiently secure AD 1 identity; EU5 vanilla localization retained.
celje,Celeia,reviewed_identity,roman_identity,antq_noric,PLE:197206;PLN:197206/celeia;R2,tier2,reviewed_override,,Reviewed modern-field identity for Pleiades place 197206; AD 1 name resource 197206/celeia.
celtik,,vanilla_passthrough,,,,,vanilla_passthrough,insufficient_secure_identity,No sufficiently secure AD 1 identity; EU5 vanilla localization retained.
ceneda,,vanilla_passthrough,,,,,vanilla_passthrough,insufficient_secure_identity,No sufficiently secure AD 1 identity; EU5 vanilla localization retained.
cephalonia,,vanilla_passthrough,,,,,vanilla_passthrough,insufficient_secure_identity,No sufficiently secure AD 1 identity; EU5 vanilla localization retained.
cercy,,vanilla_passthrough,,,,,vanilla_passthrough,insufficient_secure_identity,No sufficiently secure AD 1 identity; EU5 vanilla localization retained.
cerkes,,vanilla_passthrough,,,,,vanilla_passthrough,insufficient_secure_identity,No sufficiently secure AD 1 identity; EU5 vanilla localization retained.
cernavoda,,vanilla_passthrough,,,,,vanilla_passthrough,insufficient_secure_identity,No sufficiently secure AD 1 identity; EU5 vanilla localization retained.
cervera,,vanilla_passthrough,,,,,vanilla_passthrough,insufficient_secure_identity,No sufficiently secure AD 1 identity; EU5 vanilla localization retained.
cesena,Caesena,reviewed_direct,curated,antq_latin,PLE:393397,secure,reviewed_override,,Pleiades exact Caesena settlement point at 44.13511 12.24180; reviewed against the installed Cesena location
cesme,,vanilla_passthrough,,,,,vanilla_passthrough,insufficient_secure_identity,No sufficiently secure AD 1 identity; EU5 vanilla localization retained.
ceva,,vanilla_passthrough,,,,,vanilla_passthrough,insufficient_secure_identity,No sufficiently secure AD 1 identity; EU5 vanilla localization retained.
chabanais,,vanilla_passthrough,,,,,vanilla_passthrough,insufficient_secure_identity,No sufficiently secure AD 1 identity; EU5 vanilla localization retained.
chalancon,,vanilla_passthrough,,,,,vanilla_passthrough,insufficient_secure_identity,No sufficiently secure AD 1 identity; EU5 vanilla localization retained.
chalandritsa,,vanilla_passthrough,,,,,vanilla_passthrough,insufficient_secure_identity,No sufficiently secure AD 1 identity; EU5 vanilla localization retained.
chalon_sur_saone,Cabilonnum,reviewed_identity,roman_identity,antq_lingonian,PLE:177485;PLN:177485/cabilonnum;R2,tier2,reviewed_override,,Reviewed modern-field identity for Pleiades place 177485; AD 1 name resource 177485/cabilonnum.
chalons_champagne,Durocatalaunum,reviewed_identity,roman_identity,antq_remian,PLE:108944;PLN:108944/durocatalaunum;R2,tier2,reviewed_override,,Reviewed modern-field identity for Pleiades place 108944; AD 1 name resource 108944/durocatalaunum.
chambery,,vanilla_passthrough,,,,,vanilla_passthrough,insufficient_secure_identity,No sufficiently secure AD 1 identity; EU5 vanilla localization retained.
chambon,,vanilla_passthrough,,,,,vanilla_passthrough,insufficient_secure_identity,No sufficiently secure AD 1 identity; EU5 vanilla localization retained.
chania,Kydonia,reviewed_direct,curated,antq_greek_koine,PLE:589886,secure,reviewed_override,,Pleiades direct Kydonia settlement point at 35.51578 24.01869
chao_de_couce,,vanilla_passthrough,,,,,vanilla_passthrough,insufficient_secure_identity,No sufficiently secure AD 1 identity; EU5 vanilla localization retained.
charolles,,vanilla_passthrough,,,,,vanilla_passthrough,insufficient_secure_identity,No sufficiently secure AD 1 identity; EU5 vanilla localization retained.
charroux,,vanilla_passthrough,,,,,vanilla_passthrough,insufficient_secure_identity,No sufficiently secure AD 1 identity; EU5 vanilla localization retained.
chartres,Autricum,reviewed_direct,curated,antq_latin,PLE:108778,secure,reviewed_override,,Pleiades exact Autricum settlement point at 48.44566 1.48562; reviewed against the installed Chartres location
chateau_chinon,,vanilla_passthrough,,,,,vanilla_passthrough,insufficient_secure_identity,No sufficiently secure AD 1 identity; EU5 vanilla localization retained.
chateau_du_loir,,vanilla_passthrough,,,,,vanilla_passthrough,insufficient_secure_identity,No sufficiently secure AD 1 identity; EU5 vanilla localization retained.
chateau_gontier,,vanilla_passthrough,,,,,vanilla_passthrough,insufficient_secure_identity,No sufficiently secure AD 1 identity; EU5 vanilla localization retained.
chateau_porcien,,vanilla_passthrough,,,,,vanilla_passthrough,insufficient_secure_identity,No sufficiently secure AD 1 identity; EU5 vanilla localization retained.
chateau_thierry,,vanilla_passthrough,,,,,vanilla_passthrough,insufficient_secure_identity,No sufficiently secure AD 1 identity; EU5 vanilla localization retained.
chateaubriant,,vanilla_passthrough,,,,,vanilla_passthrough,insufficient_secure_identity,No sufficiently secure AD 1 identity; EU5 vanilla localization retained.
chateaudun,,vanilla_passthrough,,,,,vanilla_passthrough,insufficient_secure_identity,No sufficiently secure AD 1 identity; EU5 vanilla localization retained.
chateaulin,,vanilla_passthrough,,,,,vanilla_passthrough,insufficient_secure_identity,No sufficiently secure AD 1 identity; EU5 vanilla localization retained.
chateauneuf_de_randon,,vanilla_passthrough,,,,,vanilla_passthrough,insufficient_secure_identity,No sufficiently secure AD 1 identity; EU5 vanilla localization retained.
chateauroux,,vanilla_passthrough,,,,,vanilla_passthrough,insufficient_secure_identity,No sufficiently secure AD 1 identity; EU5 vanilla localization retained.
chatelaudren,,vanilla_passthrough,,,,,vanilla_passthrough,insufficient_secure_identity,No sufficiently secure AD 1 identity; EU5 vanilla localization retained.
chatellerault,,vanilla_passthrough,,,,,vanilla_passthrough,insufficient_secure_identity,No sufficiently secure AD 1 identity; EU5 vanilla localization retained.
chatillon_sur_indre,,vanilla_passthrough,,,,,vanilla_passthrough,insufficient_secure_identity,No sufficiently secure AD 1 identity; EU5 vanilla localization retained.
chatillon_sur_seine,,vanilla_passthrough,,,,,vanilla_passthrough,insufficient_secure_identity,No sufficiently secure AD 1 identity; EU5 vanilla localization retained.
chatillonaos,,vanilla_passthrough,,,,,vanilla_passthrough,insufficient_secure_identity,No sufficiently secure AD 1 identity; EU5 vanilla localization retained.
chaumont,,vanilla_passthrough,,,,,vanilla_passthrough,insufficient_secure_identity,No sufficiently secure AD 1 identity; EU5 vanilla localization retained.
chaumont_vexin,,vanilla_passthrough,,,,,vanilla_passthrough,insufficient_secure_identity,No sufficiently secure AD 1 identity; EU5 vanilla localization retained.
chaves,,vanilla_passthrough,,,,,vanilla_passthrough,insufficient_secure_identity,No sufficiently secure AD 1 identity; EU5 vanilla localization retained.
chebba,,vanilla_passthrough,,,,,vanilla_passthrough,insufficient_secure_identity,No sufficiently secure AD 1 identity; EU5 vanilla localization retained.
cheffia,,vanilla_passthrough,,,,,vanilla_passthrough,insufficient_secure_identity,No sufficiently secure AD 1 identity; EU5 vanilla localization retained.
chelva,,vanilla_passthrough,,,,,vanilla_passthrough,insufficient_secure_identity,No sufficiently secure AD 1 identity; EU5 vanilla localization retained.
chenini,,vanilla_passthrough,,,,,vanilla_passthrough,insufficient_secure_identity,No sufficiently secure AD 1 identity; EU5 vanilla localization retained.
cherbourg,Coriallum,reviewed_identity,roman_identity,antq_unellian,PLE:69493;PLN:69493/coriallum;R2,tier2,reviewed_override,,Reviewed modern-field identity for Pleiades place 69493; AD 1 name resource 69493/coriallum.
cherven,,vanilla_passthrough,,,,,vanilla_passthrough,insufficient_secure_identity,No sufficiently secure AD 1 identity; EU5 vanilla localization retained.
chiavenna,,vanilla_passthrough,,,,,vanilla_passthrough,insufficient_secure_identity,No sufficiently secure AD 1 identity; EU5 vanilla localization retained.
chieri,Carreum Potentia,reviewed_identity,roman_identity,antq_cisalpine_gallic,PLE:383611;PLN:383611/carreum-potentia;R2,tier2,reviewed_override,,Reviewed modern-field identity for Pleiades place 383611; AD 1 name resource 383611/carreum-potentia.
chieti,Teate,reviewed_identity,roman_identity,antq_oscan_umbrian,PLE:413333;PLN:413333/teate;R2,tier2,reviewed_override,,Reviewed modern-field identity for Pleiades place 413333; AD 1 name resource 413333/teate.
chimay,,vanilla_passthrough,,,,,vanilla_passthrough,insufficient_secure_identity,No sufficiently secure AD 1 identity; EU5 vanilla localization retained.
chinchilla,,vanilla_passthrough,,,,,vanilla_passthrough,insufficient_secure_identity,No sufficiently secure AD 1 identity; EU5 vanilla localization retained.
chinchon,,vanilla_passthrough,,,,,vanilla_passthrough,insufficient_secure_identity,No sufficiently secure AD 1 identity; EU5 vanilla localization retained.
chinon,,vanilla_passthrough,,,,,vanilla_passthrough,insufficient_secure_identity,No sufficiently secure AD 1 identity; EU5 vanilla localization retained.
chioggia,,vanilla_passthrough,,,,,vanilla_passthrough,insufficient_secure_identity,No sufficiently secure AD 1 identity; EU5 vanilla localization retained.
chios,Chios,reviewed_direct,curated,antq_greek_koine,PLE:550496,secure,reviewed_override,,Pleiades direct Chios settlement point at 38.37224 26.13298
chiusi,Clusium,reviewed_identity,roman_identity,antq_etruscan,PLE:413096;PLN:413096/clusium;R2,tier2,reviewed_override,,Reviewed modern-field identity for Pleiades place 413096; AD 1 name resource 413096/clusium.
choiseul,,vanilla_passthrough,,,,,vanilla_passthrough,insufficient_secure_identity,No sufficiently secure AD 1 identity; EU5 vanilla localization retained.
chur,Curia,reviewed_identity,roman_identity,antq_helvetian,PLE:187357;PLN:187357/curia;R2,tier2,reviewed_override,,Reviewed modern-field identity for Pleiades place 187357; AD 1 name resource 187357/curia.
cieza,,vanilla_passthrough,,,,,vanilla_passthrough,insufficient_secure_identity,No sufficiently secure AD 1 identity; EU5 vanilla localization retained.
cine,,vanilla_passthrough,,,,,vanilla_passthrough,insufficient_secure_identity,No sufficiently secure AD 1 identity; EU5 vanilla localization retained.
cittacastello,Tifernum Tiberinum,reviewed_identity,roman_identity,antq_oscan_umbrian,PLE:413339;PLN:413339/tifernum-tiberinum;R2,tier2,reviewed_override,,Reviewed modern-field identity for Pleiades place 413339; AD 1 name resource 413339/tifernum-tiberinum.
cittaducale,,vanilla_passthrough,,,,,vanilla_passthrough,insufficient_secure_identity,No sufficiently secure AD 1 identity; EU5 vanilla localization retained.
ciudad_real,,vanilla_passthrough,,,,,vanilla_passthrough,insufficient_secure_identity,No sufficiently secure AD 1 identity; EU5 vanilla localization retained.
ciudad_rodrigo,Mirobriga,reviewed_identity,roman_identity,antq_celtiberian,PLE:236546;PLN:236546/mirobriga;R2,tier2,reviewed_override,,Pleiades explicitly associates place 236546 with this modern field; AD 1 name resource 236546/mirobriga.
ciudadela_de_menorca,,vanilla_passthrough,,,,,vanilla_passthrough,insufficient_secure_identity,No sufficiently secure AD 1 identity; EU5 vanilla localization retained.
cividale,,vanilla_passthrough,,,,,vanilla_passthrough,insufficient_secure_identity,No sufficiently secure AD 1 identity; EU5 vanilla localization retained.
civitavecchia,,vanilla_passthrough,,,,,vanilla_passthrough,insufficient_secure_identity,No sufficiently secure AD 1 identity; EU5 vanilla localization retained.
clermont,Augustonemetum,reviewed_direct,curated,antq_latin,PLE:138202,secure,reviewed_override,,Pleiades exact Augustonemetum settlement point at 45.77869 3.08589; reviewed against the installed Clermont location
clermont_en_argonne,,vanilla_passthrough,,,,,vanilla_passthrough,insufficient_secure_identity,No sufficiently secure AD 1 identity; EU5 vanilla localization retained.
clermont_en_beauvaisis,,vanilla_passthrough,,,,,vanilla_passthrough,insufficient_secure_identity,No sufficiently secure AD 1 identity; EU5 vanilla localization retained.
cles,,vanilla_passthrough,,,,,vanilla_passthrough,insufficient_secure_identity,No sufficiently secure AD 1 identity; EU5 vanilla localization retained.
clusone,,vanilla_passthrough,,,,,vanilla_passthrough,insufficient_secure_identity,No sufficiently secure AD 1 identity; EU5 vanilla localization retained.
cobeta,,vanilla_passthrough,,,,,vanilla_passthrough,insufficient_secure_identity,No sufficiently secure AD 1 identity; EU5 vanilla localization retained.
cognac,,vanilla_passthrough,,,,,vanilla_passthrough,insufficient_secure_identity,No sufficiently secure AD 1 identity; EU5 vanilla localization retained.
coimbra,,vanilla_passthrough,,,,,vanilla_passthrough,insufficient_secure_identity,No sufficiently secure AD 1 identity; EU5 vanilla localization retained.
collo,,vanilla_passthrough,,,,,vanilla_passthrough,insufficient_secure_identity,No sufficiently secure AD 1 identity; EU5 vanilla localization retained.
colmenar,,vanilla_passthrough,,,,,vanilla_passthrough,insufficient_secure_identity,No sufficiently secure AD 1 identity; EU5 vanilla localization retained.
comacchio,,vanilla_passthrough,,,,,vanilla_passthrough,insufficient_secure_identity,No sufficiently secure AD 1 identity; EU5 vanilla localization retained.
como,Comum,reviewed_direct,curated,antq_latin,PLE:383627,secure,reviewed_override,,Pleiades exact Comum city point at 45.81192 9.08578; reviewed against the installed Como location
condom,,vanilla_passthrough,,,,,vanilla_passthrough,insufficient_secure_identity,No sufficiently secure AD 1 identity; EU5 vanilla localization retained.
condorcet,,vanilla_passthrough,,,,,vanilla_passthrough,insufficient_secure_identity,No sufficiently secure AD 1 identity; EU5 vanilla localization retained.
conegliano,,vanilla_passthrough,,,,,vanilla_passthrough,insufficient_secure_identity,No sufficiently secure AD 1 identity; EU5 vanilla localization retained.
constanta,Tomis,reviewed_direct,curated,antq_thracian,PLE:217016,secure,reviewed_override,,Direct Tomis settlement point at the installed Constanța coastal city proxy.
constantina,,vanilla_passthrough,,,,,vanilla_passthrough,insufficient_secure_identity,No sufficiently secure AD 1 identity; EU5 vanilla localization retained.
constantine_ALG,,vanilla_passthrough,,,,,vanilla_passthrough,insufficient_secure_identity,No sufficiently secure AD 1 identity; EU5 vanilla localization retained.
consuegra,,vanilla_passthrough,,,,,vanilla_passthrough,insufficient_secure_identity,No sufficiently secure AD 1 identity; EU5 vanilla localization retained.
corbeil,,vanilla_passthrough,,,,,vanilla_passthrough,insufficient_secure_identity,No sufficiently secure AD 1 identity; EU5 vanilla localization retained.
corbie,,vanilla_passthrough,,,,,vanilla_passthrough,insufficient_secure_identity,No sufficiently secure AD 1 identity; EU5 vanilla localization retained.
cordoba,Corduba,reviewed_direct,curated,antq_latin,PLE:256128,secure,reviewed_override,,Pleiades exact Corduba Colonia Patricia city point at 37.88468 -4.77917; reviewed against the installed Cordoba location
corfu,,vanilla_passthrough,,,,,vanilla_passthrough,insufficient_secure_identity,No sufficiently secure AD 1 identity; EU5 vanilla localization retained.
coria,,vanilla_passthrough,,,,,vanilla_passthrough,insufficient_secure_identity,No sufficiently secure AD 1 identity; EU5 vanilla localization retained.
coria_del_rio,,vanilla_passthrough,,,,,vanilla_passthrough,insufficient_secure_identity,No sufficiently secure AD 1 identity; EU5 vanilla localization retained.
corinth,Corinthus,reviewed_direct,curated,antq_latin,PLE;P12.2;P8.1,secure,reviewed_override,,Direct Roman Corinth city name
corleone,,vanilla_passthrough,,,,,vanilla_passthrough,insufficient_secure_identity,No sufficiently secure AD 1 identity; EU5 vanilla localization retained.
corneto,,vanilla_passthrough,,,,,vanilla_passthrough,insufficient_secure_identity,No sufficiently secure AD 1 identity; EU5 vanilla localization retained.
corte,,vanilla_passthrough,,,,,vanilla_passthrough,insufficient_secure_identity,No sufficiently secure AD 1 identity; EU5 vanilla localization retained.
cortenuova,,vanilla_passthrough,,,,,vanilla_passthrough,insufficient_secure_identity,No sufficiently secure AD 1 identity; EU5 vanilla localization retained.
cortona,Cortona,reviewed_identity,roman_identity,antq_etruscan,PLE:413106;PLN:413106/cortona;R2,tier2,reviewed_override,,Reviewed modern-field identity for Pleiades place 413106; AD 1 name resource 413106/cortona.
coruna,,vanilla_passthrough,,,,,vanilla_passthrough,insufficient_secure_identity,No sufficiently secure AD 1 identity; EU5 vanilla localization retained.
cosenza,Consentia,reviewed_direct,curated,antq_latin,PLE:452308,secure,reviewed_override,,Pleiades exact Consentia settlement point at 39.29539 16.25361; reviewed against the installed Cosenza location
cotrone,,vanilla_passthrough,,,,,vanilla_passthrough,insufficient_secure_identity,No sufficiently secure AD 1 identity; EU5 vanilla localization retained.
coucy,,vanilla_passthrough,,,,,vanilla_passthrough,insufficient_secure_identity,No sufficiently secure AD 1 identity; EU5 vanilla localization retained.
coutances,Cosedia,reviewed_identity,roman_identity,antq_unellian,PLE:69494;PLN:69494/cosedia;R2,tier2,reviewed_override,,Reviewed modern-field identity for Pleiades place 69494; AD 1 name resource 69494/cosedia.
covilha,,vanilla_passthrough,,,,,vanilla_passthrough,insufficient_secure_identity,No sufficiently secure AD 1 identity; EU5 vanilla localization retained.
crato,,vanilla_passthrough,,,,,vanilla_passthrough,insufficient_secure_identity,No sufficiently secure AD 1 identity; EU5 vanilla localization retained.
cremona,Cremona,reviewed_direct,curated,antq_latin,PLE:383628,secure,reviewed_override,,Pleiades exact Cremona settlement point at 45.13364 10.02615; reviewed against the installed Cremona location
crepy,,vanilla_passthrough,,,,,vanilla_passthrough,insufficient_secure_identity,No sufficiently secure AD 1 identity; EU5 vanilla localization retained.
crikvenica,,vanilla_passthrough,,,,,vanilla_passthrough,insufficient_secure_identity,No sufficiently secure AD 1 identity; EU5 vanilla localization retained.
csantangelo,,vanilla_passthrough,,,,,vanilla_passthrough,insufficient_secure_identity,No sufficiently secure AD 1 identity; EU5 vanilla localization retained.
cubuk,,vanilla_passthrough,,,,,vanilla_passthrough,insufficient_secure_identity,No sufficiently secure AD 1 identity; EU5 vanilla localization retained.
cuellar,,vanilla_passthrough,,,,,vanilla_passthrough,insufficient_secure_identity,No sufficiently secure AD 1 identity; EU5 vanilla localization retained.
cuenca,,vanilla_passthrough,,,,,vanilla_passthrough,insufficient_secure_identity,No sufficiently secure AD 1 identity; EU5 vanilla localization retained.
cumra,,vanilla_passthrough,,,,,vanilla_passthrough,insufficient_secure_identity,No sufficiently secure AD 1 identity; EU5 vanilla localization retained.
cuneo,,vanilla_passthrough,,,,,vanilla_passthrough,insufficient_secure_identity,No sufficiently secure AD 1 identity; EU5 vanilla localization retained.
dakahla,,vanilla_passthrough,,,,,vanilla_passthrough,insufficient_secure_identity,No sufficiently secure AD 1 identity; EU5 vanilla localization retained.
damala,,vanilla_passthrough,,,,,vanilla_passthrough,insufficient_secure_identity,No sufficiently secure AD 1 identity; EU5 vanilla localization retained.
damanhur,Hermopolis Mikra,reviewed_identity,roman_identity,antq_egyptian,PLE:727123;PLN:727123/hermopolis-mikra;R2,tier2,reviewed_override,,Reviewed modern-field identity for Pleiades place 727123; AD 1 name resource 727123/hermopolis-mikra.
damietta,,vanilla_passthrough,,,,,vanilla_passthrough,insufficient_secure_identity,No sufficiently secure AD 1 identity; EU5 vanilla localization retained.
darney,,vanilla_passthrough,,,,,vanilla_passthrough,insufficient_secure_identity,No sufficiently secure AD 1 identity; EU5 vanilla localization retained.
daroca,,vanilla_passthrough,,,,,vanilla_passthrough,insufficient_secure_identity,No sufficiently secure AD 1 identity; EU5 vanilla localization retained.
davos,,vanilla_passthrough,,,,,vanilla_passthrough,insufficient_secure_identity,No sufficiently secure AD 1 identity; EU5 vanilla localization retained.
dax,Aquae Terebellicae,reviewed_identity,roman_identity,antq_elusatian,PLE:246173;PLN:246173/aquae-terebellicae;R2,tier2,reviewed_override,,Reviewed modern-field identity for Pleiades place 246173; AD 1 name resource 246173/aquae-terebellicae.
debar,,vanilla_passthrough,,,,,vanilla_passthrough,insufficient_secure_identity,No sufficiently secure AD 1 identity; EU5 vanilla localization retained.
debrc,,vanilla_passthrough,,,,,vanilla_passthrough,insufficient_secure_identity,No sufficiently secure AD 1 identity; EU5 vanilla localization retained.
delemont,,vanilla_passthrough,,,,,vanilla_passthrough,insufficient_secure_identity,No sufficiently secure AD 1 identity; EU5 vanilla localization retained.
demetrias,Demetrias,reviewed_identity,roman_identity,antq_greek_koine,PLE:540730;PLN:540730/demetrias;R2,tier2,reviewed_override,,Reviewed modern-field identity for Pleiades place 540730; AD 1 name resource 540730/demetrias.
demirci,,vanilla_passthrough,,,,,vanilla_passthrough,insufficient_secure_identity,No sufficiently secure AD 1 identity; EU5 vanilla localization retained.
denia,Dianium,reviewed_identity,roman_identity,antq_contestanian,PLE:265880;PLN:265880/dianium;R2,tier2,reviewed_override,,Reviewed modern-field identity for Pleiades place 265880; AD 1 name resource 265880/dianium.
derna,Darnis,reviewed_direct,curated,antq_latin,PLE:373780,secure,reviewed_override,,Pleiades direct Darnis settlement point at 32.76608 22.64048
devol,,vanilla_passthrough,,,,,vanilla_passthrough,insufficient_secure_identity,No sufficiently secure AD 1 identity; EU5 vanilla localization retained.
devrekani,,vanilla_passthrough,,,,,vanilla_passthrough,insufficient_secure_identity,No sufficiently secure AD 1 identity; EU5 vanilla localization retained.
die,Dea Vocontiorum,reviewed_identity,roman_identity,antq_vocontian,PLE:167716;PLN:167716/col-dea-vocontiorum;R2,tier2,reviewed_override,,Reviewed modern-field identity for Pleiades place 167716; AD 1 name resource 167716/col-dea-vocontiorum.
digne,,vanilla_passthrough,,,,,vanilla_passthrough,insufficient_secure_identity,No sufficiently secure AD 1 identity; EU5 vanilla localization retained.
dijon,,vanilla_passthrough,,,,,vanilla_passthrough,insufficient_secure_identity,No sufficiently secure AD 1 identity; EU5 vanilla localization retained.
dinant,,vanilla_passthrough,,,,,vanilla_passthrough,insufficient_secure_identity,No sufficiently secure AD 1 identity; EU5 vanilla localization retained.
dinar,Apamea,reviewed_identity,roman_identity,antq_cabalian,PLE:638751;PLN:638751/apamea;R2,tier2,reviewed_override,,Pleiades explicitly associates place 638751 with this modern field; AD 1 name resource 638751/apamea.
dinek_keskin,,vanilla_passthrough,,,,,vanilla_passthrough,insufficient_secure_identity,No sufficiently secure AD 1 identity; EU5 vanilla localization retained.
disentis,,vanilla_passthrough,,,,,vanilla_passthrough,insufficient_secure_identity,No sufficiently secure AD 1 identity; EU5 vanilla localization retained.
doboj,,vanilla_passthrough,,,,,vanilla_passthrough,insufficient_secure_identity,No sufficiently secure AD 1 identity; EU5 vanilla localization retained.
dobrolak,,vanilla_passthrough,,,,,vanilla_passthrough,insufficient_secure_identity,No sufficiently secure AD 1 identity; EU5 vanilla localization retained.
dol,,vanilla_passthrough,,,,,vanilla_passthrough,insufficient_secure_identity,No sufficiently secure AD 1 identity; EU5 vanilla localization retained.
dole,,vanilla_passthrough,,,,,vanilla_passthrough,insufficient_secure_identity,No sufficiently secure AD 1 identity; EU5 vanilla localization retained.
domanic,,vanilla_passthrough,,,,,vanilla_passthrough,insufficient_secure_identity,No sufficiently secure AD 1 identity; EU5 vanilla localization retained.
domfront,,vanilla_passthrough,,,,,vanilla_passthrough,insufficient_secure_identity,No sufficiently secure AD 1 identity; EU5 vanilla localization retained.
domodossola,,vanilla_passthrough,,,,,vanilla_passthrough,insufficient_secure_identity,No sufficiently secure AD 1 identity; EU5 vanilla localization retained.
donzy,,vanilla_passthrough,,,,,vanilla_passthrough,insufficient_secure_identity,No sufficiently secure AD 1 identity; EU5 vanilla localization retained.
dospat,,vanilla_passthrough,,,,,vanilla_passthrough,insufficient_secure_identity,No sufficiently secure AD 1 identity; EU5 vanilla localization retained.
douai,,vanilla_passthrough,,,,,vanilla_passthrough,insufficient_secure_identity,No sufficiently secure AD 1 identity; EU5 vanilla localization retained.
douz,,vanilla_passthrough,,,,,vanilla_passthrough,insufficient_secure_identity,No sufficiently secure AD 1 identity; EU5 vanilla localization retained.
draguignan,,vanilla_passthrough,,,,,vanilla_passthrough,insufficient_secure_identity,No sufficiently secure AD 1 identity; EU5 vanilla localization retained.
drama,,vanilla_passthrough,,,,,vanilla_passthrough,insufficient_secure_identity,No sufficiently secure AD 1 identity; EU5 vanilla localization retained.
drastar,,vanilla_passthrough,,,,,vanilla_passthrough,insufficient_secure_identity,No sufficiently secure AD 1 identity; EU5 vanilla localization retained.
dreux,Durocasses,reviewed_identity,roman_identity,antq_carnutian,PLE:108943;PLN:108943/durocasses;R2,tier2,reviewed_override,,Reviewed modern-field identity for Pleiades place 108943; AD 1 name resource 108943/durocasses.
drijeva,,vanilla_passthrough,,,,,vanilla_passthrough,insufficient_secure_identity,No sufficiently secure AD 1 identity; EU5 vanilla localization retained.
dubica,,vanilla_passthrough,,,,,vanilla_passthrough,insufficient_secure_identity,No sufficiently secure AD 1 identity; EU5 vanilla localization retained.
dubrovnik,,vanilla_passthrough,,,,,vanilla_passthrough,insufficient_secure_identity,No sufficiently secure AD 1 identity; EU5 vanilla localization retained.
dufanat,,vanilla_passthrough,,,,,vanilla_passthrough,insufficient_secure_identity,No sufficiently secure AD 1 identity; EU5 vanilla localization retained.
dukagjini,,vanilla_passthrough,,,,,vanilla_passthrough,insufficient_secure_identity,No sufficiently secure AD 1 identity; EU5 vanilla localization retained.
dunkirk,,vanilla_passthrough,,,,,vanilla_passthrough,insufficient_secure_identity,No sufficiently secure AD 1 identity; EU5 vanilla localization retained.
dupnitsa,,vanilla_passthrough,,,,,vanilla_passthrough,insufficient_secure_identity,No sufficiently secure AD 1 identity; EU5 vanilla localization retained.
durango,,vanilla_passthrough,,,,,vanilla_passthrough,insufficient_secure_identity,No sufficiently secure AD 1 identity; EU5 vanilla localization retained.
durres,Dyrrachium,reviewed_direct,curated,antq_latin,PLE;ORB;P8.1,secure,reviewed_override,,Direct Roman Adriatic city name
dursunbey,,vanilla_passthrough,,,,,vanilla_passthrough,insufficient_secure_identity,No sufficiently secure AD 1 identity; EU5 vanilla localization retained.
ecija,Astigi,reviewed_identity,roman_identity,antq_turdetanian,PLE:255996;PLN:255996/astigi;R2,tier2,reviewed_override,,Reviewed modern-field identity for Pleiades place 255996; AD 1 name resource 255996/astigi.
edessa,Edessa,reviewed_identity,roman_identity,antq_macedonian,PLE:491585;PLN:491585/edessa;R2,tier2,reviewed_override,,Reviewed modern-field identity for Pleiades place 491585; AD 1 name resource 491585/edessa.
edfu,Apollonopolis Magna,reviewed_direct,curated,antq_egyptian,PLE:785974,secure,reviewed_override,,Direct Apollonopolis Magna settlement point at the installed Edfu city proxy.
edremit,,vanilla_passthrough,,,,,vanilla_passthrough,insufficient_secure_identity,No sufficiently secure AD 1 identity; EU5 vanilla localization retained.
egirdir,,vanilla_passthrough,,,,,vanilla_passthrough,insufficient_secure_identity,No sufficiently secure AD 1 identity; EU5 vanilla localization retained.
ejea_de_los_caballeros,,vanilla_passthrough,,,,,vanilla_passthrough,insufficient_secure_identity,No sufficiently secure AD 1 identity; EU5 vanilla localization retained.
el_agheila,,vanilla_passthrough,,,,,vanilla_passthrough,insufficient_secure_identity,No sufficiently secure AD 1 identity; EU5 vanilla localization retained.
el_alamein,,vanilla_passthrough,,,,,vanilla_passthrough,insufficient_secure_identity,No sufficiently secure AD 1 identity; EU5 vanilla localization retained.
el_arish,,vanilla_passthrough,,,,,vanilla_passthrough,insufficient_secure_identity,No sufficiently secure AD 1 identity; EU5 vanilla localization retained.
el_bahnasa,,vanilla_passthrough,,,,,vanilla_passthrough,insufficient_secure_identity,No sufficiently secure AD 1 identity; EU5 vanilla localization retained.
el_balyana,,vanilla_passthrough,,,,,vanilla_passthrough,insufficient_secure_identity,No sufficiently secure AD 1 identity; EU5 vanilla localization retained.
el_burullus,,vanilla_passthrough,,,,,vanilla_passthrough,insufficient_secure_identity,No sufficiently secure AD 1 identity; EU5 vanilla localization retained.
el_buwit,,vanilla_passthrough,,,,,vanilla_passthrough,insufficient_secure_identity,No sufficiently secure AD 1 identity; EU5 vanilla localization retained.
el_escorial,,vanilla_passthrough,,,,,vanilla_passthrough,insufficient_secure_identity,No sufficiently secure AD 1 identity; EU5 vanilla localization retained.
el_fahs,,vanilla_passthrough,,,,,vanilla_passthrough,insufficient_secure_identity,No sufficiently secure AD 1 identity; EU5 vanilla localization retained.
el_jem,Thysdrus,reviewed_direct,curated,antq_latin,PLE:324835,secure,reviewed_override,,Pleiades direct Thysdrus settlement point at 35.29606 10.70758
el_jundi,,vanilla_passthrough,,,,,vanilla_passthrough,insufficient_secure_identity,No sufficiently secure AD 1 identity; EU5 vanilla localization retained.
el_kala,,vanilla_passthrough,,,,,vanilla_passthrough,insufficient_secure_identity,No sufficiently secure AD 1 identity; EU5 vanilla localization retained.
el_kef,,vanilla_passthrough,,,,,vanilla_passthrough,insufficient_secure_identity,No sufficiently secure AD 1 identity; EU5 vanilla localization retained.
el_kseur,Tubusuctu,reviewed_identity,roman_identity,antq_phoenician_punic,PLE:305171;PLN:305171/tubusuctu;R2,tier2,reviewed_override,,Reviewed modern-field identity for Pleiades place 305171; AD 1 name resource 305171/tubusuctu.
el_ksour,,vanilla_passthrough,,,,,vanilla_passthrough,insufficient_secure_identity,No sufficiently secure AD 1 identity; EU5 vanilla localization retained.
el_mahalla,,vanilla_passthrough,,,,,vanilla_passthrough,insufficient_secure_identity,No sufficiently secure AD 1 identity; EU5 vanilla localization retained.
el_milia,,vanilla_passthrough,,,,,vanilla_passthrough,insufficient_secure_identity,No sufficiently secure AD 1 identity; EU5 vanilla localization retained.
el_qasr,,vanilla_passthrough,,,,,vanilla_passthrough,insufficient_secure_identity,No sufficiently secure AD 1 identity; EU5 vanilla localization retained.
el_qoseir,,vanilla_passthrough,,,,,vanilla_passthrough,insufficient_secure_identity,No sufficiently secure AD 1 identity; EU5 vanilla localization retained.
el_tor,,vanilla_passthrough,,,,,vanilla_passthrough,insufficient_secure_identity,No sufficiently secure AD 1 identity; EU5 vanilla localization retained.
elassona,,vanilla_passthrough,,,,,vanilla_passthrough,insufficient_secure_identity,No sufficiently secure AD 1 identity; EU5 vanilla localization retained.
elbasan,,vanilla_passthrough,,,,,vanilla_passthrough,insufficient_secure_identity,No sufficiently secure AD 1 identity; EU5 vanilla localization retained.
elche,Ilici,reviewed_identity,roman_identity,antq_iberian,PLE:265922;PLN:265922/ilici;R2,tier2,reviewed_override,,Reviewed modern-field identity for Pleiades place 265922; AD 1 name resource 265922/ilici.
elizondo,,vanilla_passthrough,,,,,vanilla_passthrough,insufficient_secure_identity,No sufficiently secure AD 1 identity; EU5 vanilla localization retained.
elmali,,vanilla_passthrough,,,,,vanilla_passthrough,insufficient_secure_identity,No sufficiently secure AD 1 identity; EU5 vanilla localization retained.
elounda,,vanilla_passthrough,,,,,vanilla_passthrough,insufficient_secure_identity,No sufficiently secure AD 1 identity; EU5 vanilla localization retained.
elvas,,vanilla_passthrough,,,,,vanilla_passthrough,insufficient_secure_identity,No sufficiently secure AD 1 identity; EU5 vanilla localization retained.
emet,,vanilla_passthrough,,,,,vanilla_passthrough,insufficient_secure_identity,No sufficiently secure AD 1 identity; EU5 vanilla localization retained.
emirdag,,vanilla_passthrough,,,,,vanilla_passthrough,insufficient_secure_identity,No sufficiently secure AD 1 identity; EU5 vanilla localization retained.
enghien,,vanilla_passthrough,,,,,vanilla_passthrough,insufficient_secure_identity,No sufficiently secure AD 1 identity; EU5 vanilla localization retained.
enisala,,vanilla_passthrough,,,,,vanilla_passthrough,insufficient_secure_identity,No sufficiently secure AD 1 identity; EU5 vanilla localization retained.
entraigues,,vanilla_passthrough,,,,,vanilla_passthrough,insufficient_secure_identity,No sufficiently secure AD 1 identity; EU5 vanilla localization retained.
epernay,,vanilla_passthrough,,,,,vanilla_passthrough,insufficient_secure_identity,No sufficiently secure AD 1 identity; EU5 vanilla localization retained.
epinal,,vanilla_passthrough,,,,,vanilla_passthrough,insufficient_secure_identity,No sufficiently secure AD 1 identity; EU5 vanilla localization retained.
eregli,,vanilla_passthrough,,,,,vanilla_passthrough,insufficient_secure_identity,No sufficiently secure AD 1 identity; EU5 vanilla localization retained.
eregli_kar,,vanilla_passthrough,,,,,vanilla_passthrough,insufficient_secure_identity,No sufficiently secure AD 1 identity; EU5 vanilla localization retained.
eretreia,,vanilla_passthrough,,,,,vanilla_passthrough,insufficient_secure_identity,No sufficiently secure AD 1 identity; EU5 vanilla localization retained.
ermioni,,vanilla_passthrough,,,,,vanilla_passthrough,insufficient_secure_identity,No sufficiently secure AD 1 identity; EU5 vanilla localization retained.
escurial,,vanilla_passthrough,,,,,vanilla_passthrough,insufficient_secure_identity,No sufficiently secure AD 1 identity; EU5 vanilla localization retained.
esgueira,,vanilla_passthrough,,,,,vanilla_passthrough,insufficient_secure_identity,No sufficiently secure AD 1 identity; EU5 vanilla localization retained.
eskil,,vanilla_passthrough,,,,,vanilla_passthrough,insufficient_secure_identity,No sufficiently secure AD 1 identity; EU5 vanilla localization retained.
esna,Latopolis,reviewed_direct,curated,antq_egyptian,PLE:786059,secure,reviewed_override,,Direct Latopolis settlement point at the installed Esna city proxy.
espiel,,vanilla_passthrough,,,,,vanilla_passthrough,insufficient_secure_identity,No sufficiently secure AD 1 identity; EU5 vanilla localization retained.
estella,,vanilla_passthrough,,,,,vanilla_passthrough,insufficient_secure_identity,No sufficiently secure AD 1 identity; EU5 vanilla localization retained.
estremoz,,vanilla_passthrough,,,,,vanilla_passthrough,insufficient_secure_identity,No sufficiently secure AD 1 identity; EU5 vanilla localization retained.
etain,,vanilla_passthrough,,,,,vanilla_passthrough,insufficient_secure_identity,No sufficiently secure AD 1 identity; EU5 vanilla localization retained.
etampes,,vanilla_passthrough,,,,,vanilla_passthrough,insufficient_secure_identity,No sufficiently secure AD 1 identity; EU5 vanilla localization retained.
evian,,vanilla_passthrough,,,,,vanilla_passthrough,insufficient_secure_identity,No sufficiently secure AD 1 identity; EU5 vanilla localization retained.
evora,Ebora,reviewed_identity,roman_identity,antq_lusitanian,PLE:256151;PLN:256151/ebora;R2,tier2,reviewed_override,,Reviewed modern-field identity for Pleiades place 256151; AD 1 name resource 256151/ebora.
evreux,Mediolanum Aulercorum,reviewed_identity,roman_identity,antq_aulerci_eburovician,PLE:109153;PLN:109153/mediolanum-aulercorum;R2,tier2,reviewed_override,,Reviewed modern-field identity for Pleiades place 109153; AD 1 name resource 109153/mediolanum-aulercorum.
eynegol,,vanilla_passthrough,,,,,vanilla_passthrough,insufficient_secure_identity,No sufficiently secure AD 1 identity; EU5 vanilla localization retained.
fabriano,,vanilla_passthrough,,,,,vanilla_passthrough,insufficient_secure_identity,No sufficiently secure AD 1 identity; EU5 vanilla localization retained.
faenza,Faventia,reviewed_direct,curated,antq_cisalpine_gallic,BAT-ITALY,secure,reviewed_override,,Direct ancient Faventia label at the installed Faenza city field; replaces the distinct Ad Sinnium adapter.
faiyum,,vanilla_passthrough,,,,,vanilla_passthrough,insufficient_secure_identity,No sufficiently secure AD 1 identity; EU5 vanilla localization retained.
falaise,,vanilla_passthrough,,,,,vanilla_passthrough,insufficient_secure_identity,No sufficiently secure AD 1 identity; EU5 vanilla localization retained.
faqus,Phakoussa,reviewed_identity,roman_identity,antq_egyptian,PLE:727194;PLN:727194/phakoussa;R2,tier2,reviewed_override,,Reviewed modern-field identity for Pleiades place 727194; AD 1 name resource 727194/phakoussa.
faran,,vanilla_passthrough,,,,,vanilla_passthrough,insufficient_secure_identity,No sufficiently secure AD 1 identity; EU5 vanilla localization retained.
faro,Ossonoba,reviewed_identity,roman_identity,antq_cynetan,PLE:256345;PLN:256345/ossonoba;R2,tier2,reviewed_override,,Reviewed modern-field identity for Pleiades place 256345; AD 1 name resource 256345/ossonoba.
farsala,,vanilla_passthrough,,,,,vanilla_passthrough,insufficient_secure_identity,No sufficiently secure AD 1 identity; EU5 vanilla localization retained.
faucigny,,vanilla_passthrough,,,,,vanilla_passthrough,insufficient_secure_identity,No sufficiently secure AD 1 identity; EU5 vanilla localization retained.
fecamp,,vanilla_passthrough,,,,,vanilla_passthrough,insufficient_secure_identity,No sufficiently secure AD 1 identity; EU5 vanilla localization retained.
feira,,vanilla_passthrough,,,,,vanilla_passthrough,insufficient_secure_identity,No sufficiently secure AD 1 identity; EU5 vanilla localization retained.
feldbach,,vanilla_passthrough,,,,,vanilla_passthrough,insufficient_secure_identity,No sufficiently secure AD 1 identity; EU5 vanilla localization retained.
feldkirch,,vanilla_passthrough,,,,,vanilla_passthrough,insufficient_secure_identity,No sufficiently secure AD 1 identity; EU5 vanilla localization retained.
feldkirchen,,vanilla_passthrough,,,,,vanilla_passthrough,insufficient_secure_identity,No sufficiently secure AD 1 identity; EU5 vanilla localization retained.
feltre,Feltria,reviewed_identity,roman_identity,antq_venetic,PLE:187377;PLN:187377/feltria;R2,tier2,reviewed_override,,Reviewed modern-field identity for Pleiades place 187377; AD 1 name resource 187377/feltria.
fenouillet,,vanilla_passthrough,,,,,vanilla_passthrough,insufficient_secure_identity,No sufficiently secure AD 1 identity; EU5 vanilla localization retained.
feriana,,vanilla_passthrough,,,,,vanilla_passthrough,insufficient_secure_identity,No sufficiently secure AD 1 identity; EU5 vanilla localization retained.
fermo,Firmum Picenum,reviewed_identity,roman_identity,antq_oscan_umbrian,PLE:413135;PLN:413135/firmum-picenum;R2,tier2,reviewed_override,,Reviewed modern-field identity for Pleiades place 413135; AD 1 name resource 413135/firmum-picenum.
fermoselle,,vanilla_passthrough,,,,,vanilla_passthrough,insufficient_secure_identity,No sufficiently secure AD 1 identity; EU5 vanilla localization retained.
ferrara,,vanilla_passthrough,,,,,vanilla_passthrough,insufficient_secure_identity,No sufficiently secure AD 1 identity; EU5 vanilla localization retained.
ferrol,,vanilla_passthrough,,,,,vanilla_passthrough,insufficient_secure_identity,No sufficiently secure AD 1 identity; EU5 vanilla localization retained.
feurs,Forum Segusiavorum,reviewed_identity,roman_identity,antq_segusiavian,PLE:167771;PLN:167771/forum-segusiavorum;R2,tier2,reviewed_override,,Reviewed modern-field identity for Pleiades place 167771; AD 1 name resource 167771/forum-segusiavorum.
ficarolo,,vanilla_passthrough,,,,,vanilla_passthrough,insufficient_secure_identity,No sufficiently secure AD 1 identity; EU5 vanilla localization retained.
figeac,,vanilla_passthrough,,,,,vanilla_passthrough,insufficient_secure_identity,No sufficiently secure AD 1 identity; EU5 vanilla localization retained.
figueira,,vanilla_passthrough,,,,,vanilla_passthrough,insufficient_secure_identity,No sufficiently secure AD 1 identity; EU5 vanilla localization retained.
finalborgo,,vanilla_passthrough,,,,,vanilla_passthrough,insufficient_secure_identity,No sufficiently secure AD 1 identity; EU5 vanilla localization retained.
finike,,vanilla_passthrough,,,,,vanilla_passthrough,insufficient_secure_identity,No sufficiently secure AD 1 identity; EU5 vanilla localization retained.
finisterre,,vanilla_passthrough,,,,,vanilla_passthrough,insufficient_secure_identity,No sufficiently secure AD 1 identity; EU5 vanilla localization retained.
fiorenzuola,,vanilla_passthrough,,,,,vanilla_passthrough,insufficient_secure_identity,No sufficiently secure AD 1 identity; EU5 vanilla localization retained.
flix,,vanilla_passthrough,,,,,vanilla_passthrough,insufficient_secure_identity,No sufficiently secure AD 1 identity; EU5 vanilla localization retained.
florac,,vanilla_passthrough,,,,,vanilla_passthrough,insufficient_secure_identity,No sufficiently secure AD 1 identity; EU5 vanilla localization retained.
florence,Florentia,reviewed_direct,curated,antq_latin,PLE:413138,secure,reviewed_override,,Pleiades exact Florentia city point at 43.76980 11.25564; reviewed against the installed Florence location
florina,,vanilla_passthrough,,,,,vanilla_passthrough,insufficient_secure_identity,No sufficiently secure AD 1 identity; EU5 vanilla localization retained.
foca,Phocaea,reviewed_identity,roman_identity,antq_lydian,PLE:550823;PLN:550823/phocaea;R2,tier2,reviewed_override,,Pleiades explicitly associates place 550823 with this modern field; AD 1 name resource 550823/phocaea.
foggia,,vanilla_passthrough,,,,,vanilla_passthrough,insufficient_secure_identity,No sufficiently secure AD 1 identity; EU5 vanilla localization retained.
foix,,vanilla_passthrough,,,,,vanilla_passthrough,insufficient_secure_identity,No sufficiently secure AD 1 identity; EU5 vanilla localization retained.
fontenay,,vanilla_passthrough,,,,,vanilla_passthrough,insufficient_secure_identity,No sufficiently secure AD 1 identity; EU5 vanilla localization retained.
forcalquier,,vanilla_passthrough,,,,,vanilla_passthrough,insufficient_secure_identity,No sufficiently secure AD 1 identity; EU5 vanilla localization retained.
fosdinovo,,vanilla_passthrough,,,,,vanilla_passthrough,insufficient_secure_identity,No sufficiently secure AD 1 identity; EU5 vanilla localization retained.
fougeres,,vanilla_passthrough,,,,,vanilla_passthrough,insufficient_secure_identity,No sufficiently secure AD 1 identity; EU5 vanilla localization retained.
fraga,,vanilla_passthrough,,,,,vanilla_passthrough,insufficient_secure_identity,No sufficiently secure AD 1 identity; EU5 vanilla localization retained.
francavilla,,vanilla_passthrough,,,,,vanilla_passthrough,insufficient_secure_identity,No sufficiently secure AD 1 identity; EU5 vanilla localization retained.
frassinoro,,vanilla_passthrough,,,,,vanilla_passthrough,insufficient_secure_identity,No sufficiently secure AD 1 identity; EU5 vanilla localization retained.
frauenfeld,,vanilla_passthrough,,,,,vanilla_passthrough,insufficient_secure_identity,No sufficiently secure AD 1 identity; EU5 vanilla localization retained.
freistadt,,vanilla_passthrough,,,,,vanilla_passthrough,insufficient_secure_identity,No sufficiently secure AD 1 identity; EU5 vanilla localization retained.
frejus,Forum Iulii,reviewed_identity,roman_identity,antq_saluvian,PLE:157836;PLN:157836/col-forum-iulii;R2,tier2,reviewed_override,,Reviewed modern-field identity for Pleiades place 157836; AD 1 name resource 157836/col-forum-iulii.
french_ales,,vanilla_passthrough,,,,,vanilla_passthrough,insufficient_secure_identity,No sufficiently secure AD 1 identity; EU5 vanilla localization retained.
fresnes,,vanilla_passthrough,,,,,vanilla_passthrough,insufficient_secure_identity,No sufficiently secure AD 1 identity; EU5 vanilla localization retained.
fribourg,,vanilla_passthrough,,,,,vanilla_passthrough,insufficient_secure_identity,No sufficiently secure AD 1 identity; EU5 vanilla localization retained.
friesach,,vanilla_passthrough,,,,,vanilla_passthrough,insufficient_secure_identity,No sufficiently secure AD 1 identity; EU5 vanilla localization retained.
frutigen,,vanilla_passthrough,,,,,vanilla_passthrough,insufficient_secure_identity,No sufficiently secure AD 1 identity; EU5 vanilla localization retained.
fuenteovejuna,,vanilla_passthrough,,,,,vanilla_passthrough,insufficient_secure_identity,No sufficiently secure AD 1 identity; EU5 vanilla localization retained.
fuentiduena,,vanilla_passthrough,,,,,vanilla_passthrough,insufficient_secure_identity,No sufficiently secure AD 1 identity; EU5 vanilla localization retained.
furstenfeld,,vanilla_passthrough,,,,,vanilla_passthrough,insufficient_secure_identity,No sufficiently secure AD 1 identity; EU5 vanilla localization retained.
fuwa,,vanilla_passthrough,,,,,vanilla_passthrough,insufficient_secure_identity,No sufficiently secure AD 1 identity; EU5 vanilla localization retained.
gabes,Tacape,reviewed_direct,curated,antq_latin,PLE;P8.1,secure,reviewed_override,,Secure Roman-period city form at the direct Gabes match.
gacko,,vanilla_passthrough,,,,,vanilla_passthrough,insufficient_secure_identity,No sufficiently secure AD 1 identity; EU5 vanilla localization retained.
gaeta,Caieta,reviewed_identity,roman_identity,antq_latin,PLE:432734;PLN:432734/caieta;R2,tier2,reviewed_override,,Reviewed modern-field identity for Pleiades place 432734; AD 1 name resource 432734/caieta.
gafsa,Capsa,reviewed_direct,curated,antq_latin,PLE:324684,secure,reviewed_override,,Pleiades direct Capsa settlement point at 34.42054 8.78553
galisteo,,vanilla_passthrough,,,,,vanilla_passthrough,insufficient_secure_identity,No sufficiently secure AD 1 identity; EU5 vanilla localization retained.
gallipoliita,Anxa,reviewed_identity,roman_identity,antq_oscan_umbrian,PLE:442625;PLN:442625/anxa;R2,tier2,reviewed_override,,Reviewed modern-field identity for Pleiades place 442625; AD 1 name resource 442625/anxa.
gandia,,vanilla_passthrough,,,,,vanilla_passthrough,insufficient_secure_identity,No sufficiently secure AD 1 identity; EU5 vanilla localization retained.
ganserndorf,,vanilla_passthrough,,,,,vanilla_passthrough,insufficient_secure_identity,No sufficiently secure AD 1 identity; EU5 vanilla localization retained.
gap,,vanilla_passthrough,,,,,vanilla_passthrough,insufficient_secure_identity,No sufficiently secure AD 1 identity; EU5 vanilla localization retained.
gediz,,vanilla_passthrough,,,,,vanilla_passthrough,insufficient_secure_identity,No sufficiently secure AD 1 identity; EU5 vanilla localization retained.
gemona,,vanilla_passthrough,,,,,vanilla_passthrough,insufficient_secure_identity,No sufficiently secure AD 1 identity; EU5 vanilla localization retained.
geneve,Genava,reviewed_identity,roman_identity,antq_helvetian,PLE:177528;PLN:177528/genava;R2,tier2,reviewed_override,,Pleiades explicitly associates place 177528 with this modern field; AD 1 name resource 177528/genava.
genoa,Genua,reviewed_direct,curated,antq_latin,PLE;ORB;P8.1,secure,reviewed_override,,Direct Roman Ligurian city name
gerace,,vanilla_passthrough,,,,,vanilla_passthrough,insufficient_secure_identity,No sufficiently secure AD 1 identity; EU5 vanilla localization retained.
gerede,Krateia,reviewed_identity,roman_identity,antq_mariandynian,PLE:844991;PLN:844991/krateia;R2,tier2,reviewed_override,,Reviewed modern-field identity for Pleiades place 844991; AD 1 name resource 844991/krateia.
gergal,,vanilla_passthrough,,,,,vanilla_passthrough,insufficient_secure_identity,No sufficiently secure AD 1 identity; EU5 vanilla localization retained.
gergeri,,vanilla_passthrough,,,,,vanilla_passthrough,insufficient_secure_identity,No sufficiently secure AD 1 identity; EU5 vanilla localization retained.
gerze,,vanilla_passthrough,,,,,vanilla_passthrough,insufficient_secure_identity,No sufficiently secure AD 1 identity; EU5 vanilla localization retained.
gex,,vanilla_passthrough,,,,,vanilla_passthrough,insufficient_secure_identity,No sufficiently secure AD 1 identity; EU5 vanilla localization retained.
ghariyan,,vanilla_passthrough,,,,,vanilla_passthrough,insufficient_secure_identity,No sufficiently secure AD 1 identity; EU5 vanilla localization retained.
ghent,,vanilla_passthrough,,,,,vanilla_passthrough,insufficient_secure_identity,No sufficiently secure AD 1 identity; EU5 vanilla localization retained.
giannitsa,,vanilla_passthrough,,,,,vanilla_passthrough,insufficient_secure_identity,No sufficiently secure AD 1 identity; EU5 vanilla localization retained.
gibraltar,Calpe,reviewed_direct,curated,antq_turdetanian,PLE:256045;PLN:256045/Calpe-M,secure,reviewed_override,,Ancient Calpe promontory identity at the installed Gibraltar field.
gien,,vanilla_passthrough,,,,,vanilla_passthrough,insufficient_secure_identity,No sufficiently secure AD 1 identity; EU5 vanilla localization retained.
gigen,Oescus,reviewed_direct,curated,antq_thracian,PLE:216907,secure,reviewed_override,,Direct Oescus settlement point at the Gigen Danube-city proxy.
ginzo_de_limia,,vanilla_passthrough,,,,,vanilla_passthrough,insufficient_secure_identity,No sufficiently secure AD 1 identity; EU5 vanilla localization retained.
giresun,Kerasous,reviewed_identity,roman_identity,antq_tibarenian,PLE:857185;PLN:857185/kerasous-1;R2,tier2,reviewed_override,,Reviewed modern-field identity for Pleiades place 857185; AD 1 name resource 857185/kerasous-1.
girgenti,Akragas,reviewed_identity,roman_identity,antq_greek_koine,PLE:462086;PLN:462086/name.2015-09-29.4564435521;R2,tier2,reviewed_override,,Reviewed modern-field identity for Pleiades place 462086; AD 1 name resource 462086/name.2015-09-29.4564435521.
girona,Gerunda,reviewed_direct,curated,antq_latin,PLE,secure,reviewed_override,,Direct Roman-period city form for the installed Girona location
gisors,,vanilla_passthrough,,,,,vanilla_passthrough,insufficient_secure_identity,No sufficiently secure AD 1 identity; EU5 vanilla localization retained.
giza,,vanilla_passthrough,,,,,vanilla_passthrough,insufficient_secure_identity,No sufficiently secure AD 1 identity; EU5 vanilla localization retained.
gjakova,,vanilla_passthrough,,,,,vanilla_passthrough,insufficient_secure_identity,No sufficiently secure AD 1 identity; EU5 vanilla localization retained.
glamoc,,vanilla_passthrough,,,,,vanilla_passthrough,insufficient_secure_identity,No sufficiently secure AD 1 identity; EU5 vanilla localization retained.
glarus,,vanilla_passthrough,,,,,vanilla_passthrough,insufficient_secure_identity,No sufficiently secure AD 1 identity; EU5 vanilla localization retained.
glaz,,vanilla_passthrough,,,,,vanilla_passthrough,insufficient_secure_identity,No sufficiently secure AD 1 identity; EU5 vanilla localization retained.
glubocica,,vanilla_passthrough,,,,,vanilla_passthrough,insufficient_secure_identity,No sufficiently secure AD 1 identity; EU5 vanilla localization retained.
gmunden,,vanilla_passthrough,,,,,vanilla_passthrough,insufficient_secure_identity,No sufficiently secure AD 1 identity; EU5 vanilla localization retained.
goito,,vanilla_passthrough,,,,,vanilla_passthrough,insufficient_secure_identity,No sufficiently secure AD 1 identity; EU5 vanilla localization retained.
gokabat,,vanilla_passthrough,,,,,vanilla_passthrough,insufficient_secure_identity,No sufficiently secure AD 1 identity; EU5 vanilla localization retained.
golhisar,Cibyra,reviewed_identity,roman_identity,antq_carian,PLE:638804;PLN:638804/cibyra;R2,tier2,reviewed_override,,Reviewed modern-field identity for Pleiades place 638804; AD 1 name resource 638804/cibyra.
gonen,,vanilla_passthrough,,,,,vanilla_passthrough,insufficient_secure_identity,No sufficiently secure AD 1 identity; EU5 vanilla localization retained.
gordes,,vanilla_passthrough,,,,,vanilla_passthrough,insufficient_secure_identity,No sufficiently secure AD 1 identity; EU5 vanilla localization retained.
gorele,,vanilla_passthrough,,,,,vanilla_passthrough,insufficient_secure_identity,No sufficiently secure AD 1 identity; EU5 vanilla localization retained.
gorizia,,vanilla_passthrough,,,,,vanilla_passthrough,insufficient_secure_identity,No sufficiently secure AD 1 identity; EU5 vanilla localization retained.
gourdon,,vanilla_passthrough,,,,,vanilla_passthrough,insufficient_secure_identity,No sufficiently secure AD 1 identity; EU5 vanilla localization retained.
goynuk,,vanilla_passthrough,,,,,vanilla_passthrough,insufficient_secure_identity,No sufficiently secure AD 1 identity; EU5 vanilla localization retained.
gradac,,vanilla_passthrough,,,,,vanilla_passthrough,insufficient_secure_identity,No sufficiently secure AD 1 identity; EU5 vanilla localization retained.
gradina,,vanilla_passthrough,,,,,vanilla_passthrough,insufficient_secure_identity,No sufficiently secure AD 1 identity; EU5 vanilla localization retained.
gradiski_brod,,vanilla_passthrough,,,,,vanilla_passthrough,insufficient_secure_identity,No sufficiently secure AD 1 identity; EU5 vanilla localization retained.
granada,Iliberri,reviewed_identity,roman_identity,antq_bastetan,PLE:265921;PLN:265921/iliberri;R2,tier2,reviewed_override,,Reviewed modern-field identity for Pleiades place 265921; AD 1 name resource 265921/iliberri.
granadilla,,vanilla_passthrough,,,,,vanilla_passthrough,insufficient_secure_identity,No sufficiently secure AD 1 identity; EU5 vanilla localization retained.
grancey,,vanilla_passthrough,,,,,vanilla_passthrough,insufficient_secure_identity,No sufficiently secure AD 1 identity; EU5 vanilla localization retained.
grandpre,,vanilla_passthrough,,,,,vanilla_passthrough,insufficient_secure_identity,No sufficiently secure AD 1 identity; EU5 vanilla localization retained.
grasse,,vanilla_passthrough,,,,,vanilla_passthrough,insufficient_secure_identity,No sufficiently secure AD 1 identity; EU5 vanilla localization retained.
gravia,,vanilla_passthrough,,,,,vanilla_passthrough,insufficient_secure_identity,No sufficiently secure AD 1 identity; EU5 vanilla localization retained.
gray,,vanilla_passthrough,,,,,vanilla_passthrough,insufficient_secure_identity,No sufficiently secure AD 1 identity; EU5 vanilla localization retained.
graz,,vanilla_passthrough,,,,,vanilla_passthrough,insufficient_secure_identity,No sufficiently secure AD 1 identity; EU5 vanilla localization retained.
grenoble,Cularo,reviewed_identity,roman_identity,antq_allobrogian,PLE:167734;PLN:167734/cularo;R2,tier2,reviewed_override,,Reviewed modern-field identity for Pleiades place 167734; AD 1 name resource 167734/cularo.
grevena,,vanilla_passthrough,,,,,vanilla_passthrough,insufficient_secure_identity,No sufficiently secure AD 1 identity; EU5 vanilla localization retained.
grosseto,,vanilla_passthrough,,,,,vanilla_passthrough,insufficient_secure_identity,No sufficiently secure AD 1 identity; EU5 vanilla localization retained.
gruyere,,vanilla_passthrough,,,,,vanilla_passthrough,insufficient_secure_identity,No sufficiently secure AD 1 identity; EU5 vanilla localization retained.
guadalajara,,vanilla_passthrough,,,,,vanilla_passthrough,insufficient_secure_identity,No sufficiently secure AD 1 identity; EU5 vanilla localization retained.
guadalupe,,vanilla_passthrough,,,,,vanilla_passthrough,insufficient_secure_identity,No sufficiently secure AD 1 identity; EU5 vanilla localization retained.
guadix,,vanilla_passthrough,,,,,vanilla_passthrough,insufficient_secure_identity,No sufficiently secure AD 1 identity; EU5 vanilla localization retained.
guarda,,vanilla_passthrough,,,,,vanilla_passthrough,insufficient_secure_identity,No sufficiently secure AD 1 identity; EU5 vanilla localization retained.
guastalla,,vanilla_passthrough,,,,,vanilla_passthrough,insufficient_secure_identity,No sufficiently secure AD 1 identity; EU5 vanilla localization retained.
gubbio,Iguvium,reviewed_direct,curated,antq_cisalpine_gallic,ATT-IGUVIUM;BAT-ITALY,secure,reviewed_override,,Direct ancient Iguvium label at the installed Gubbio city field; replaces the distinct Cales adapter.
guelma,,vanilla_passthrough,,,,,vanilla_passthrough,insufficient_secure_identity,No sufficiently secure AD 1 identity; EU5 vanilla localization retained.
guerande,,vanilla_passthrough,,,,,vanilla_passthrough,insufficient_secure_identity,No sufficiently secure AD 1 identity; EU5 vanilla localization retained.
gueret,,vanilla_passthrough,,,,,vanilla_passthrough,insufficient_secure_identity,No sufficiently secure AD 1 identity; EU5 vanilla localization retained.
guimaraes,,vanilla_passthrough,,,,,vanilla_passthrough,insufficient_secure_identity,No sufficiently secure AD 1 identity; EU5 vanilla localization retained.
guise,,vanilla_passthrough,,,,,vanilla_passthrough,insufficient_secure_identity,No sufficiently secure AD 1 identity; EU5 vanilla localization retained.
gumushane,,vanilla_passthrough,,,,,vanilla_passthrough,insufficient_secure_identity,No sufficiently secure AD 1 identity; EU5 vanilla localization retained.
guzelhisar,Tralles,reviewed_identity,roman_identity,antq_ionian,PLE:599987;PLN:599987/tralles;R2,tier2,reviewed_override,,Reviewed modern-field identity for Pleiades place 599987; AD 1 name resource 599987/tralles.
gynaikokastro,,vanilla_passthrough,,,,,vanilla_passthrough,insufficient_secure_identity,No sufficiently secure AD 1 identity; EU5 vanilla localization retained.
hagios_pavlos,,vanilla_passthrough,,,,,vanilla_passthrough,insufficient_secure_identity,No sufficiently secure AD 1 identity; EU5 vanilla localization retained.
hallein,,vanilla_passthrough,,,,,vanilla_passthrough,insufficient_secure_identity,No sufficiently secure AD 1 identity; EU5 vanilla localization retained.
hammamet,,vanilla_passthrough,,,,,vanilla_passthrough,insufficient_secure_identity,No sufficiently secure AD 1 identity; EU5 vanilla localization retained.
harcourt,,vanilla_passthrough,,,,,vanilla_passthrough,insufficient_secure_identity,No sufficiently secure AD 1 identity; EU5 vanilla localization retained.
harmancik,,vanilla_passthrough,,,,,vanilla_passthrough,insufficient_secure_identity,No sufficiently secure AD 1 identity; EU5 vanilla localization retained.
harsova,,vanilla_passthrough,,,,,vanilla_passthrough,insufficient_secure_identity,No sufficiently secure AD 1 identity; EU5 vanilla localization retained.
has,,vanilla_passthrough,,,,,vanilla_passthrough,insufficient_secure_identity,No sufficiently secure AD 1 identity; EU5 vanilla localization retained.
hatera,,vanilla_passthrough,,,,,vanilla_passthrough,insufficient_secure_identity,No sufficiently secure AD 1 identity; EU5 vanilla localization retained.
hatunsaray,,vanilla_passthrough,,,,,vanilla_passthrough,insufficient_secure_identity,No sufficiently secure AD 1 identity; EU5 vanilla localization retained.
haymana,,vanilla_passthrough,,,,,vanilla_passthrough,insufficient_secure_identity,No sufficiently secure AD 1 identity; EU5 vanilla localization retained.
hellin,,vanilla_passthrough,,,,,vanilla_passthrough,insufficient_secure_identity,No sufficiently secure AD 1 identity; EU5 vanilla localization retained.
hennebont,,vanilla_passthrough,,,,,vanilla_passthrough,insufficient_secure_identity,No sufficiently secure AD 1 identity; EU5 vanilla localization retained.
hermagor,,vanilla_passthrough,,,,,vanilla_passthrough,insufficient_secure_identity,No sufficiently secure AD 1 identity; EU5 vanilla localization retained.
herment,,vanilla_passthrough,,,,,vanilla_passthrough,insufficient_secure_identity,No sufficiently secure AD 1 identity; EU5 vanilla localization retained.
herrera,,vanilla_passthrough,,,,,vanilla_passthrough,insufficient_secure_identity,No sufficiently secure AD 1 identity; EU5 vanilla localization retained.
hesdin,,vanilla_passthrough,,,,,vanilla_passthrough,insufficient_secure_identity,No sufficiently secure AD 1 identity; EU5 vanilla localization retained.
hirson,,vanilla_passthrough,,,,,vanilla_passthrough,insufficient_secure_identity,No sufficiently secure AD 1 identity; EU5 vanilla localization retained.
hiw,,vanilla_passthrough,,,,,vanilla_passthrough,insufficient_secure_identity,No sufficiently secure AD 1 identity; EU5 vanilla localization retained.
hollabrunn,,vanilla_passthrough,,,,,vanilla_passthrough,insufficient_secure_identity,No sufficiently secure AD 1 identity; EU5 vanilla localization retained.
honaz,,vanilla_passthrough,,,,,vanilla_passthrough,insufficient_secure_identity,No sufficiently secure AD 1 identity; EU5 vanilla localization retained.
horn,,vanilla_passthrough,,,,,vanilla_passthrough,insufficient_secure_identity,No sufficiently secure AD 1 identity; EU5 vanilla localization retained.
hotalich,,vanilla_passthrough,,,,,vanilla_passthrough,insufficient_secure_identity,No sufficiently secure AD 1 identity; EU5 vanilla localization retained.
huelva,Onuba,reviewed_direct,curated,antq_latin,PLE,secure,reviewed_override,,Direct Roman-period city form for the installed Huelva location
huesca,Osca,reviewed_direct,curated,antq_latin,PLE,secure,reviewed_override,,Direct Roman-period city form for the installed Huesca location
huescar,,vanilla_passthrough,,,,,vanilla_passthrough,insufficient_secure_identity,No sufficiently secure AD 1 identity; EU5 vanilla localization retained.
huete,,vanilla_passthrough,,,,,vanilla_passthrough,insufficient_secure_identity,No sufficiently secure AD 1 identity; EU5 vanilla localization retained.
hulst,,vanilla_passthrough,,,,,vanilla_passthrough,insufficient_secure_identity,No sufficiently secure AD 1 identity; EU5 vanilla localization retained.
huriel,,vanilla_passthrough,,,,,vanilla_passthrough,insufficient_secure_identity,No sufficiently secure AD 1 identity; EU5 vanilla localization retained.
huseyinabad,,vanilla_passthrough,,,,,vanilla_passthrough,insufficient_secure_identity,No sufficiently secure AD 1 identity; EU5 vanilla localization retained.
ibiza,Ebusus,reviewed_direct,curated,antq_latin,PLE,secure,reviewed_override,,Direct Roman-period city form for the installed Ibiza location
idanha,,vanilla_passthrough,,,,,vanilla_passthrough,insufficient_secure_identity,No sufficiently secure AD 1 identity; EU5 vanilla localization retained.
ikaria,,vanilla_passthrough,,,,,vanilla_passthrough,insufficient_secure_identity,No sufficiently secure AD 1 identity; EU5 vanilla localization retained.
ikjan,,vanilla_passthrough,,,,,vanilla_passthrough,insufficient_secure_identity,No sufficiently secure AD 1 identity; EU5 vanilla localization retained.
ilanz,,vanilla_passthrough,,,,,vanilla_passthrough,insufficient_secure_identity,No sufficiently secure AD 1 identity; EU5 vanilla localization retained.
ilgin,,vanilla_passthrough,,,,,vanilla_passthrough,insufficient_secure_identity,No sufficiently secure AD 1 identity; EU5 vanilla localization retained.
ilirska_bistrica,,vanilla_passthrough,,,,,vanilla_passthrough,insufficient_secure_identity,No sufficiently secure AD 1 identity; EU5 vanilla localization retained.
illescas,,vanilla_passthrough,,,,,vanilla_passthrough,insufficient_secure_identity,No sufficiently secure AD 1 identity; EU5 vanilla localization retained.
illora,,vanilla_passthrough,,,,,vanilla_passthrough,insufficient_secure_identity,No sufficiently secure AD 1 identity; EU5 vanilla localization retained.
ilok,,vanilla_passthrough,,,,,vanilla_passthrough,insufficient_secure_identity,No sufficiently secure AD 1 identity; EU5 vanilla localization retained.
imbros,,vanilla_passthrough,,,,,vanilla_passthrough,insufficient_secure_identity,No sufficiently secure AD 1 identity; EU5 vanilla localization retained.
imola,Forum Cornelii,reviewed_identity,roman_identity,antq_cisalpine_gallic,PLE:393424;PLN:393424/forum-cornelii;R2,tier2,reviewed_override,,Reviewed modern-field identity for Pleiades place 393424; AD 1 name resource 393424/forum-cornelii.
imst,,vanilla_passthrough,,,,,vanilla_passthrough,insufficient_secure_identity,No sufficiently secure AD 1 identity; EU5 vanilla localization retained.
inebolu,,vanilla_passthrough,,,,,vanilla_passthrough,insufficient_secure_identity,No sufficiently secure AD 1 identity; EU5 vanilla localization retained.
iniesta,,vanilla_passthrough,,,,,vanilla_passthrough,insufficient_secure_identity,No sufficiently secure AD 1 identity; EU5 vanilla localization retained.
innsbruck,,vanilla_passthrough,,,,,vanilla_passthrough,insufficient_secure_identity,No sufficiently secure AD 1 identity; EU5 vanilla localization retained.
inonu,,vanilla_passthrough,,,,,vanilla_passthrough,insufficient_secure_identity,No sufficiently secure AD 1 identity; EU5 vanilla localization retained.
insuyu,,vanilla_passthrough,,,,,vanilla_passthrough,insufficient_secure_identity,No sufficiently secure AD 1 identity; EU5 vanilla localization retained.
interlaken,,vanilla_passthrough,,,,,vanilla_passthrough,insufficient_secure_identity,No sufficiently secure AD 1 identity; EU5 vanilla localization retained.
ioannina,,vanilla_passthrough,,,,,vanilla_passthrough,insufficient_secure_identity,No sufficiently secure AD 1 identity; EU5 vanilla localization retained.
isaccea,,vanilla_passthrough,,,,,vanilla_passthrough,insufficient_secure_identity,No sufficiently secure AD 1 identity; EU5 vanilla localization retained.
isernia,Aesernia,reviewed_identity,roman_identity,antq_oscan_umbrian,PLE:432652;PLN:432652/aesernia;R2,tier2,reviewed_override,,Reviewed modern-field identity for Pleiades place 432652; AD 1 name resource 432652/aesernia.
isili,,vanilla_passthrough,,,,,vanilla_passthrough,insufficient_secure_identity,No sufficiently secure AD 1 identity; EU5 vanilla localization retained.
isparta,Baris,reviewed_identity,roman_identity,antq_cabalian,PLE:638790;PLN:638790/baris-1;R2,tier2,reviewed_override,,Reviewed modern-field identity for Pleiades place 638790; AD 1 name resource 638790/baris-1.
issoudun,,vanilla_passthrough,,,,,vanilla_passthrough,insufficient_secure_identity,No sufficiently secure AD 1 identity; EU5 vanilla localization retained.
istanoz,Isinda,reviewed_identity,roman_identity,antq_lycian,PLE:638872;PLN:638872/isinda;R2,tier2,reviewed_override,,Reviewed modern-field identity for Pleiades place 638872; AD 1 name resource 638872/isinda.
ivrea,Eporedia,reviewed_identity,roman_identity,antq_cisalpine_gallic,PLE:383642;PLN:383642/eporedia;R2,tier2,reviewed_override,,Reviewed modern-field identity for Pleiades place 383642; AD 1 name resource 383642/eporedia.
izmit,Nicomedia,reviewed_direct,curated,antq_greek_koine,PLE:511337,secure,reviewed_override,,Pleiades direct Nicomedia settlement point at 40.76519 29.91989
iznik,Nicaea,reviewed_identity,roman_identity,antq_greek_koine,PLE:511268;PLN:511268/nicaea;R2,tier2,reviewed_override,,Pleiades explicitly associates place 511268 with this modern field; AD 1 name resource 511268/nicaea.
jaca,,vanilla_passthrough,,,,,vanilla_passthrough,insufficient_secure_identity,No sufficiently secure AD 1 identity; EU5 vanilla localization retained.
jadu,,vanilla_passthrough,,,,,vanilla_passthrough,insufficient_secure_identity,No sufficiently secure AD 1 identity; EU5 vanilla localization retained.
jaen,,vanilla_passthrough,,,,,vanilla_passthrough,insufficient_secure_identity,No sufficiently secure AD 1 identity; EU5 vanilla localization retained.
jagodina,,vanilla_passthrough,,,,,vanilla_passthrough,insufficient_secure_identity,No sufficiently secure AD 1 identity; EU5 vanilla localization retained.
jajce,,vanilla_passthrough,,,,,vanilla_passthrough,insufficient_secure_identity,No sufficiently secure AD 1 identity; EU5 vanilla localization retained.
jaligny,,vanilla_passthrough,,,,,vanilla_passthrough,insufficient_secure_identity,No sufficiently secure AD 1 identity; EU5 vanilla localization retained.
jama_TUN,,vanilla_passthrough,,,,,vanilla_passthrough,insufficient_secure_identity,No sufficiently secure AD 1 identity; EU5 vanilla localization retained.
jaraicejo,,vanilla_passthrough,,,,,vanilla_passthrough,insufficient_secure_identity,No sufficiently secure AD 1 identity; EU5 vanilla localization retained.
jativa,,vanilla_passthrough,,,,,vanilla_passthrough,insufficient_secure_identity,No sufficiently secure AD 1 identity; EU5 vanilla localization retained.
jerez_de_la_frontera,,vanilla_passthrough,,,,,vanilla_passthrough,insufficient_secure_identity,No sufficiently secure AD 1 identity; EU5 vanilla localization retained.
jerez_de_los_caballeros,,vanilla_passthrough,,,,,vanilla_passthrough,insufficient_secure_identity,No sufficiently secure AD 1 identity; EU5 vanilla localization retained.
jersey,,vanilla_passthrough,,,,,vanilla_passthrough,insufficient_secure_identity,No sufficiently secure AD 1 identity; EU5 vanilla localization retained.
jijel,,vanilla_passthrough,,,,,vanilla_passthrough,insufficient_secure_identity,No sufficiently secure AD 1 identity; EU5 vanilla localization retained.
jodar,,vanilla_passthrough,,,,,vanilla_passthrough,insufficient_secure_identity,No sufficiently secure AD 1 identity; EU5 vanilla localization retained.
joigny,,vanilla_passthrough,,,,,vanilla_passthrough,insufficient_secure_identity,No sufficiently secure AD 1 identity; EU5 vanilla localization retained.
joinville,,vanilla_passthrough,,,,,vanilla_passthrough,insufficient_secure_identity,No sufficiently secure AD 1 identity; EU5 vanilla localization retained.
jonzac,,vanilla_passthrough,,,,,vanilla_passthrough,insufficient_secure_identity,No sufficiently secure AD 1 identity; EU5 vanilla localization retained.
jorquera,,vanilla_passthrough,,,,,vanilla_passthrough,insufficient_secure_identity,No sufficiently secure AD 1 identity; EU5 vanilla localization retained.
josselin,,vanilla_passthrough,,,,,vanilla_passthrough,insufficient_secure_identity,No sufficiently secure AD 1 identity; EU5 vanilla localization retained.
judenburg,,vanilla_passthrough,,,,,vanilla_passthrough,insufficient_secure_identity,No sufficiently secure AD 1 identity; EU5 vanilla localization retained.
jumilla,,vanilla_passthrough,,,,,vanilla_passthrough,insufficient_secure_identity,No sufficiently secure AD 1 identity; EU5 vanilla localization retained.
kafr_saqr,,vanilla_passthrough,,,,,vanilla_passthrough,insufficient_secure_identity,No sufficiently secure AD 1 identity; EU5 vanilla localization retained.
kairouan,,vanilla_passthrough,,,,,vanilla_passthrough,insufficient_secure_identity,No sufficiently secure AD 1 identity; EU5 vanilla localization retained.
kalaa_of_ait_abbas,,vanilla_passthrough,,,,,vanilla_passthrough,insufficient_secure_identity,No sufficiently secure AD 1 identity; EU5 vanilla localization retained.
kalamata,,vanilla_passthrough,,,,,vanilla_passthrough,insufficient_secure_identity,No sufficiently secure AD 1 identity; EU5 vanilla localization retained.
kalavryta,Kynaithai,reviewed_identity,roman_identity,antq_greek_koine,PLE:570392;PLN:570392/kynaithai;R2,tier2,reviewed_override,,Reviewed modern-field identity for Pleiades place 570392; AD 1 name resource 570392/kynaithai.
kalecik,,vanilla_passthrough,,,,,vanilla_passthrough,insufficient_secure_identity,No sufficiently secure AD 1 identity; EU5 vanilla localization retained.
kaliakra,,vanilla_passthrough,,,,,vanilla_passthrough,insufficient_secure_identity,No sufficiently secure AD 1 identity; EU5 vanilla localization retained.
kapfenberg,,vanilla_passthrough,,,,,vanilla_passthrough,insufficient_secure_identity,No sufficiently secure AD 1 identity; EU5 vanilla localization retained.
karahisar_i_sahib,,vanilla_passthrough,,,,,vanilla_passthrough,insufficient_secure_identity,No sufficiently secure AD 1 identity; EU5 vanilla localization retained.
karahisar_i_teke,,vanilla_passthrough,,,,,vanilla_passthrough,insufficient_secure_identity,No sufficiently secure AD 1 identity; EU5 vanilla localization retained.
karakecili,,vanilla_passthrough,,,,,vanilla_passthrough,insufficient_secure_identity,No sufficiently secure AD 1 identity; EU5 vanilla localization retained.
karapinar,,vanilla_passthrough,,,,,vanilla_passthrough,insufficient_secure_identity,No sufficiently secure AD 1 identity; EU5 vanilla localization retained.
karditsa,,vanilla_passthrough,,,,,vanilla_passthrough,insufficient_secure_identity,No sufficiently secure AD 1 identity; EU5 vanilla localization retained.
karlovac,,vanilla_passthrough,,,,,vanilla_passthrough,insufficient_secure_identity,No sufficiently secure AD 1 identity; EU5 vanilla localization retained.
karpathos,,vanilla_passthrough,,,,,vanilla_passthrough,insufficient_secure_identity,No sufficiently secure AD 1 identity; EU5 vanilla localization retained.
karpenisi,,vanilla_passthrough,,,,,vanilla_passthrough,insufficient_secure_identity,No sufficiently secure AD 1 identity; EU5 vanilla localization retained.
karvuna,,vanilla_passthrough,,,,,vanilla_passthrough,insufficient_secure_identity,No sufficiently secure AD 1 identity; EU5 vanilla localization retained.
karystos,Karystos,reviewed_identity,roman_identity,antq_greek_koine,PLE:570336;PLN:570336/karystos2;R2,tier2,reviewed_override,,Reviewed modern-field identity for Pleiades place 570336; AD 1 name resource 570336/karystos2.
karytaina,,vanilla_passthrough,,,,,vanilla_passthrough,insufficient_secure_identity,No sufficiently secure AD 1 identity; EU5 vanilla localization retained.
kas,,vanilla_passthrough,,,,,vanilla_passthrough,insufficient_secure_identity,No sufficiently secure AD 1 identity; EU5 vanilla localization retained.
kaseg,,vanilla_passthrough,,,,,vanilla_passthrough,insufficient_secure_identity,No sufficiently secure AD 1 identity; EU5 vanilla localization retained.
kassandreia,Kassandreia,reviewed_identity,roman_identity,antq_macedonian,PLE:491701;PLN:491701/kassandreia;R2,tier2,reviewed_override,,Reviewed modern-field identity for Pleiades place 491701; AD 1 name resource 491701/kassandreia.
kasserine,Cillium,reviewed_identity,roman_identity,antq_phoenician_punic,PLE:324694;PLN:324694/cillium;R2,tier2,reviewed_override,,Pleiades explicitly associates place 324694 with this modern field; AD 1 name resource 324694/cillium.
kastamonu,Kastamōn,reviewed_identity,roman_identity,antq_paphlagonian,PLE:844974;PLN:844974/kastamon;R2,tier2,reviewed_override,,Reviewed modern-field identity for Pleiades place 844974; AD 1 name resource 844974/kastamon.
kastoria,,vanilla_passthrough,,,,,vanilla_passthrough,insufficient_secure_identity,No sufficiently secure AD 1 identity; EU5 vanilla localization retained.
kavaje,,vanilla_passthrough,,,,,vanilla_passthrough,insufficient_secure_identity,No sufficiently secure AD 1 identity; EU5 vanilla localization retained.
kavala,Neapolis,reviewed_direct,curated,antq_greek_koine,PLE:501523,secure,reviewed_override,,Pleiades direct Neapolis Kavalla settlement and port point at 40.93432 24.41404
kaymaz,,vanilla_passthrough,,,,,vanilla_passthrough,insufficient_secure_identity,No sufficiently secure AD 1 identity; EU5 vanilla localization retained.
kebili,,vanilla_passthrough,,,,,vanilla_passthrough,insufficient_secure_identity,No sufficiently secure AD 1 identity; EU5 vanilla localization retained.
kelibia,,vanilla_passthrough,,,,,vanilla_passthrough,insufficient_secure_identity,No sufficiently secure AD 1 identity; EU5 vanilla localization retained.
kesra,,vanilla_passthrough,,,,,vanilla_passthrough,insufficient_secure_identity,No sufficiently secure AD 1 identity; EU5 vanilla localization retained.
kharga,,vanilla_passthrough,,,,,vanilla_passthrough,insufficient_secure_identity,No sufficiently secure AD 1 identity; EU5 vanilla localization retained.
kharibta,,vanilla_passthrough,,,,,vanilla_passthrough,insufficient_secure_identity,No sufficiently secure AD 1 identity; EU5 vanilla localization retained.
khupati,,vanilla_passthrough,,,,,vanilla_passthrough,insufficient_secure_identity,No sufficiently secure AD 1 identity; EU5 vanilla localization retained.
kibrus,,vanilla_passthrough,,,,,vanilla_passthrough,insufficient_secure_identity,No sufficiently secure AD 1 identity; EU5 vanilla localization retained.
kicevo,,vanilla_passthrough,,,,,vanilla_passthrough,insufficient_secure_identity,No sufficiently secure AD 1 identity; EU5 vanilla localization retained.
kilkis,,vanilla_passthrough,,,,,vanilla_passthrough,insufficient_secure_identity,No sufficiently secure AD 1 identity; EU5 vanilla localization retained.
kirchdorf,,vanilla_passthrough,,,,,vanilla_passthrough,insufficient_secure_identity,No sufficiently secure AD 1 identity; EU5 vanilla localization retained.
kitzbuhel,,vanilla_passthrough,,,,,vanilla_passthrough,insufficient_secure_identity,No sufficiently secure AD 1 identity; EU5 vanilla localization retained.
kizilca,,vanilla_passthrough,,,,,vanilla_passthrough,insufficient_secure_identity,No sufficiently secure AD 1 identity; EU5 vanilla localization retained.
kladentsi,,vanilla_passthrough,,,,,vanilla_passthrough,insufficient_secure_identity,No sufficiently secure AD 1 identity; EU5 vanilla localization retained.
klagenfurt,,vanilla_passthrough,,,,,vanilla_passthrough,insufficient_secure_identity,No sufficiently secure AD 1 identity; EU5 vanilla localization retained.
kleisoura,,vanilla_passthrough,,,,,vanilla_passthrough,insufficient_secure_identity,No sufficiently secure AD 1 identity; EU5 vanilla localization retained.
kleisoura_epirus,,vanilla_passthrough,,,,,vanilla_passthrough,insufficient_secure_identity,No sufficiently secure AD 1 identity; EU5 vanilla localization retained.
kljuc,,vanilla_passthrough,,,,,vanilla_passthrough,insufficient_secure_identity,No sufficiently secure AD 1 identity; EU5 vanilla localization retained.
knin,,vanilla_passthrough,,,,,vanilla_passthrough,insufficient_secure_identity,No sufficiently secure AD 1 identity; EU5 vanilla localization retained.
kocani,,vanilla_passthrough,,,,,vanilla_passthrough,insufficient_secure_identity,No sufficiently secure AD 1 identity; EU5 vanilla localization retained.
kocevje,,vanilla_passthrough,,,,,vanilla_passthrough,insufficient_secure_identity,No sufficiently secure AD 1 identity; EU5 vanilla localization retained.
kochisar,,vanilla_passthrough,,,,,vanilla_passthrough,insufficient_secure_identity,No sufficiently secure AD 1 identity; EU5 vanilla localization retained.
kom_ombo,Omboi,reviewed_identity,roman_identity,antq_egyptian,PLE:786079;PLN:786079/omboi;R2,tier2,reviewed_override,,Reviewed modern-field identity for Pleiades place 786079; AD 1 name resource 786079/omboi.
koman,,vanilla_passthrough,,,,,vanilla_passthrough,insufficient_secure_identity,No sufficiently secure AD 1 identity; EU5 vanilla localization retained.
konitsa,,vanilla_passthrough,,,,,vanilla_passthrough,insufficient_secure_identity,No sufficiently secure AD 1 identity; EU5 vanilla localization retained.
konjic,,vanilla_passthrough,,,,,vanilla_passthrough,insufficient_secure_identity,No sufficiently secure AD 1 identity; EU5 vanilla localization retained.
konrapa,,vanilla_passthrough,,,,,vanilla_passthrough,insufficient_secure_identity,No sufficiently secure AD 1 identity; EU5 vanilla localization retained.
konya,Iconium,reviewed_direct,curated,antq_greek_koine,PLE:648647,secure,reviewed_override,,Pleiades direct Iconium Claudiconium settlement point at 37.87246 32.49230
koprivnica,,vanilla_passthrough,,,,,vanilla_passthrough,insufficient_secure_identity,No sufficiently secure AD 1 identity; EU5 vanilla localization retained.
korneuburg,,vanilla_passthrough,,,,,vanilla_passthrough,insufficient_secure_identity,No sufficiently secure AD 1 identity; EU5 vanilla localization retained.
kortriik,Cortoriacum,reviewed_identity,roman_identity,antq_belgic,PLE:108911;PLN:108911/cortoriacum;R2,tier2,reviewed_override,,Reviewed modern-field identity for Pleiades place 108911; AD 1 name resource 108911/cortoriacum.
kos,Kos,reviewed_direct,curated,antq_greek_koine,PLE:599728;PLN:599728/kos,secure,reviewed_override,,Pleiades period-valid Greek settlement form at the direct Kos city field.
kotor,,vanilla_passthrough,,,,,vanilla_passthrough,insufficient_secure_identity,No sufficiently secure AD 1 identity; EU5 vanilla localization retained.
kozara,,vanilla_passthrough,,,,,vanilla_passthrough,insufficient_secure_identity,No sufficiently secure AD 1 identity; EU5 vanilla localization retained.
kozelj,,vanilla_passthrough,,,,,vanilla_passthrough,insufficient_secure_identity,No sufficiently secure AD 1 identity; EU5 vanilla localization retained.
kranj,Carnium,reviewed_direct,curated,antq_pannonian,PLE-CARNIUM;BAT-NORICUM,secure,reviewed_override,,Direct ancient Carnium label at the installed Kranj city field; replaces the distant Emona adapter.
kratovo,,vanilla_passthrough,,,,,vanilla_passthrough,insufficient_secure_identity,No sufficiently secure AD 1 identity; EU5 vanilla localization retained.
krems,,vanilla_passthrough,,,,,vanilla_passthrough,insufficient_secure_identity,No sufficiently secure AD 1 identity; EU5 vanilla localization retained.
krk,,vanilla_passthrough,,,,,vanilla_passthrough,insufficient_secure_identity,No sufficiently secure AD 1 identity; EU5 vanilla localization retained.
kruje,,vanilla_passthrough,,,,,vanilla_passthrough,insufficient_secure_identity,No sufficiently secure AD 1 identity; EU5 vanilla localization retained.
krupanj,,vanilla_passthrough,,,,,vanilla_passthrough,insufficient_secure_identity,No sufficiently secure AD 1 identity; EU5 vanilla localization retained.
krupnik,,vanilla_passthrough,,,,,vanilla_passthrough,insufficient_secure_identity,No sufficiently secure AD 1 identity; EU5 vanilla localization retained.
krusevac,,vanilla_passthrough,,,,,vanilla_passthrough,insufficient_secure_identity,No sufficiently secure AD 1 identity; EU5 vanilla localization retained.
ktenia,,vanilla_passthrough,,,,,vanilla_passthrough,insufficient_secure_identity,No sufficiently secure AD 1 identity; EU5 vanilla localization retained.
kucevo,,vanilla_passthrough,,,,,vanilla_passthrough,insufficient_secure_identity,No sufficiently secure AD 1 identity; EU5 vanilla localization retained.
kufstein,,vanilla_passthrough,,,,,vanilla_passthrough,insufficient_secure_identity,No sufficiently secure AD 1 identity; EU5 vanilla localization retained.
kuku,,vanilla_passthrough,,,,,vanilla_passthrough,insufficient_secure_identity,No sufficiently secure AD 1 identity; EU5 vanilla localization retained.
kula,,vanilla_passthrough,,,,,vanilla_passthrough,insufficient_secure_identity,No sufficiently secure AD 1 identity; EU5 vanilla localization retained.
kulu_turkey,,vanilla_passthrough,,,,,vanilla_passthrough,insufficient_secure_identity,No sufficiently secure AD 1 identity; EU5 vanilla localization retained.
kumanovo,,vanilla_passthrough,,,,,vanilla_passthrough,insufficient_secure_identity,No sufficiently secure AD 1 identity; EU5 vanilla localization retained.
kure_i_mamure,,vanilla_passthrough,,,,,vanilla_passthrough,insufficient_secure_identity,No sufficiently secure AD 1 identity; EU5 vanilla localization retained.
kursunlu,,vanilla_passthrough,,,,,vanilla_passthrough,insufficient_secure_identity,No sufficiently secure AD 1 identity; EU5 vanilla localization retained.
kutahya,Kotiaeion,reviewed_identity,roman_identity,antq_greek_koine,PLE:609444;PLN:609444/kotiaeion-1;R2,tier2,reviewed_override,,Reviewed modern-field identity for Pleiades place 609444; AD 1 name resource 609444/kotiaeion-1.
kutina,,vanilla_passthrough,,,,,vanilla_passthrough,insufficient_secure_identity,No sufficiently secure AD 1 identity; EU5 vanilla localization retained.
kutlovitsa,,vanilla_passthrough,,,,,vanilla_passthrough,insufficient_secure_identity,No sufficiently secure AD 1 identity; EU5 vanilla localization retained.
kyburg,,vanilla_passthrough,,,,,vanilla_passthrough,insufficient_secure_identity,No sufficiently secure AD 1 identity; EU5 vanilla localization retained.
kymi,,vanilla_passthrough,,,,,vanilla_passthrough,insufficient_secure_identity,No sufficiently secure AD 1 identity; EU5 vanilla localization retained.
kyparissia,Kyparissia,reviewed_identity,roman_identity,antq_greek_koine,PLE:570397;PLN:570397/kyparissia;R2,tier2,reviewed_override,,Reviewed modern-field identity for Pleiades place 570397; AD 1 name resource 570397/kyparissia.
kythira,,vanilla_passthrough,,,,,vanilla_passthrough,insufficient_secure_identity,No sufficiently secure AD 1 identity; EU5 vanilla localization retained.
kythnos,Kythnos,reviewed_identity,roman_identity,antq_greek_koine,PLE:570402;PLN:570402/kythnos;R2,tier2,reviewed_override,,Reviewed modern-field identity for Pleiades place 570402; AD 1 name resource 570402/kythnos.
la_mothe_en_bassigny,,vanilla_passthrough,,,,,vanilla_passthrough,insufficient_secure_identity,No sufficiently secure AD 1 identity; EU5 vanilla localization retained.
la_mure,,vanilla_passthrough,,,,,vanilla_passthrough,insufficient_secure_identity,No sufficiently secure AD 1 identity; EU5 vanilla localization retained.
la_roche,,vanilla_passthrough,,,,,vanilla_passthrough,insufficient_secure_identity,No sufficiently secure AD 1 identity; EU5 vanilla localization retained.
la_roche_sur_foron,,vanilla_passthrough,,,,,vanilla_passthrough,insufficient_secure_identity,No sufficiently secure AD 1 identity; EU5 vanilla localization retained.
la_roche_sur_yon,,vanilla_passthrough,,,,,vanilla_passthrough,insufficient_secure_identity,No sufficiently secure AD 1 identity; EU5 vanilla localization retained.
la_rochelle,,vanilla_passthrough,,,,,vanilla_passthrough,insufficient_secure_identity,No sufficiently secure AD 1 identity; EU5 vanilla localization retained.
la_teste_de_buch,,vanilla_passthrough,,,,,vanilla_passthrough,insufficient_secure_identity,No sufficiently secure AD 1 identity; EU5 vanilla localization retained.
la_tour_du_pin,,vanilla_passthrough,,,,,vanilla_passthrough,insufficient_secure_identity,No sufficiently secure AD 1 identity; EU5 vanilla localization retained.
labrit,,vanilla_passthrough,,,,,vanilla_passthrough,insufficient_secure_identity,No sufficiently secure AD 1 identity; EU5 vanilla localization retained.
ladik,,vanilla_passthrough,,,,,vanilla_passthrough,insufficient_secure_identity,No sufficiently secure AD 1 identity; EU5 vanilla localization retained.
lagonegro,,vanilla_passthrough,,,,,vanilla_passthrough,insufficient_secure_identity,No sufficiently secure AD 1 identity; EU5 vanilla localization retained.
lagos,,vanilla_passthrough,,,,,vanilla_passthrough,insufficient_secure_identity,No sufficiently secure AD 1 identity; EU5 vanilla localization retained.
laguardia,,vanilla_passthrough,,,,,vanilla_passthrough,insufficient_secure_identity,No sufficiently secure AD 1 identity; EU5 vanilla localization retained.
laigle,,vanilla_passthrough,,,,,vanilla_passthrough,insufficient_secure_identity,No sufficiently secure AD 1 identity; EU5 vanilla localization retained.
lalin,,vanilla_passthrough,,,,,vanilla_passthrough,insufficient_secure_identity,No sufficiently secure AD 1 identity; EU5 vanilla localization retained.
lamego,,vanilla_passthrough,,,,,vanilla_passthrough,insufficient_secure_identity,No sufficiently secure AD 1 identity; EU5 vanilla localization retained.
lanciano,Anxanum,reviewed_identity,roman_identity,antq_oscan_umbrian,PLE:413017;PLN:413017/anxanum;R2,tier2,reviewed_override,,Reviewed modern-field identity for Pleiades place 413017; AD 1 name resource 413017/anxanum.
landeck,,vanilla_passthrough,,,,,vanilla_passthrough,insufficient_secure_identity,No sufficiently secure AD 1 identity; EU5 vanilla localization retained.
langres,Andematunnum,reviewed_identity,roman_identity,antq_lingonian,PLE:177441;PLN:177441/andematunnum;R2,tier2,reviewed_override,,Reviewed modern-field identity for Pleiades place 177441; AD 1 name resource 177441/andematunnum.
lanzo,,vanilla_passthrough,,,,,vanilla_passthrough,insufficient_secure_identity,No sufficiently secure AD 1 identity; EU5 vanilla localization retained.
laon,,vanilla_passthrough,,,,,vanilla_passthrough,insufficient_secure_identity,No sufficiently secure AD 1 identity; EU5 vanilla localization retained.
lapseki,Lampsakos,reviewed_identity,roman_identity,antq_greek_koine,PLE:501570;PLN:501570/lampsakos;R2,tier2,reviewed_override,,Reviewed modern-field identity for Pleiades place 501570; AD 1 name resource 501570/lampsakos.
laredo,,vanilla_passthrough,,,,,vanilla_passthrough,insufficient_secure_identity,No sufficiently secure AD 1 identity; EU5 vanilla localization retained.
larende,Laranda,reviewed_identity,roman_identity,antq_phrygian,PLE:648693;PLN:648693/laranda;R2,tier2,reviewed_override,,Reviewed modern-field identity for Pleiades place 648693; AD 1 name resource 648693/laranda.
larino,Larinum,reviewed_identity,roman_identity,antq_oscan_umbrian,PLE:442629;PLN:442629/larinum;R2,tier2,reviewed_override,,Reviewed modern-field identity for Pleiades place 442629; AD 1 name resource 442629/larinum.
larissa,Larisa,reviewed_direct,curated,antq_greek_koine,PLE;P8.1,secure,reviewed_override,,Secure Roman-period city form.
las_navas,,vanilla_passthrough,,,,,vanilla_passthrough,insufficient_secure_identity,No sufficiently secure AD 1 identity; EU5 vanilla localization retained.
lasko,,vanilla_passthrough,,,,,vanilla_passthrough,insufficient_secure_identity,No sufficiently secure AD 1 identity; EU5 vanilla localization retained.
lausanne,,vanilla_passthrough,,,,,vanilla_passthrough,insufficient_secure_identity,No sufficiently secure AD 1 identity; EU5 vanilla localization retained.
lautrec,,vanilla_passthrough,,,,,vanilla_passthrough,insufficient_secure_identity,No sufficiently secure AD 1 identity; EU5 vanilla localization retained.
lavagna,,vanilla_passthrough,,,,,vanilla_passthrough,insufficient_secure_identity,No sufficiently secure AD 1 identity; EU5 vanilla localization retained.
laval,,vanilla_passthrough,,,,,vanilla_passthrough,insufficient_secure_identity,No sufficiently secure AD 1 identity; EU5 vanilla localization retained.
lavaur,,vanilla_passthrough,,,,,vanilla_passthrough,insufficient_secure_identity,No sufficiently secure AD 1 identity; EU5 vanilla localization retained.
lazkiye,,vanilla_passthrough,,,,,vanilla_passthrough,insufficient_secure_identity,No sufficiently secure AD 1 identity; EU5 vanilla localization retained.
le_faou,,vanilla_passthrough,,,,,vanilla_passthrough,insufficient_secure_identity,No sufficiently secure AD 1 identity; EU5 vanilla localization retained.
le_lude,,vanilla_passthrough,,,,,vanilla_passthrough,insufficient_secure_identity,No sufficiently secure AD 1 identity; EU5 vanilla localization retained.
le_mans,Ouindinon,reviewed_identity,roman_identity,antq_aulerci_cenomanian,PLE:109236;PLN:109236/ouindinon;R2,tier2,reviewed_override,,Reviewed modern-field identity for Pleiades place 109236; AD 1 name resource 109236/ouindinon.
le_puy,,vanilla_passthrough,,,,,vanilla_passthrough,insufficient_secure_identity,No sufficiently secure AD 1 identity; EU5 vanilla localization retained.
lecce,Lupiae,reviewed_direct,curated,antq_latin,PLE:442642,secure,reviewed_override,,Pleiades exact Lupia(e) city point at 40.35215 18.17243; Roman-period Latin form retained
lecco,,vanilla_passthrough,,,,,vanilla_passthrough,insufficient_secure_identity,No sufficiently secure AD 1 identity; EU5 vanilla localization retained.
lectoure,Lactora,reviewed_identity,roman_identity,antq_auscian,PLE:246459;PLN:246459/lactora;R2,tier2,reviewed_override,,Reviewed modern-field identity for Pleiades place 246459; AD 1 name resource 246459/lactora.
ledesma,,vanilla_passthrough,,,,,vanilla_passthrough,insufficient_secure_identity,No sufficiently secure AD 1 identity; EU5 vanilla localization retained.
legnago,,vanilla_passthrough,,,,,vanilla_passthrough,insufficient_secure_identity,No sufficiently secure AD 1 identity; EU5 vanilla localization retained.
legnano,,vanilla_passthrough,,,,,vanilla_passthrough,insufficient_secure_identity,No sufficiently secure AD 1 identity; EU5 vanilla localization retained.
leibnitz,,vanilla_passthrough,,,,,vanilla_passthrough,insufficient_secure_identity,No sufficiently secure AD 1 identity; EU5 vanilla localization retained.
leiria,,vanilla_passthrough,,,,,vanilla_passthrough,insufficient_secure_identity,No sufficiently secure AD 1 identity; EU5 vanilla localization retained.
lemnos,,vanilla_passthrough,,,,,vanilla_passthrough,insufficient_secure_identity,No sufficiently secure AD 1 identity; EU5 vanilla localization retained.
lens,,vanilla_passthrough,,,,,vanilla_passthrough,insufficient_secure_identity,No sufficiently secure AD 1 identity; EU5 vanilla localization retained.
leoben,,vanilla_passthrough,,,,,vanilla_passthrough,insufficient_secure_identity,No sufficiently secure AD 1 identity; EU5 vanilla localization retained.
leon,,vanilla_passthrough,,,,,vanilla_passthrough,insufficient_secure_identity,No sufficiently secure AD 1 identity; EU5 vanilla localization retained.
lerma,,vanilla_passthrough,,,,,vanilla_passthrough,insufficient_secure_identity,No sufficiently secure AD 1 identity; EU5 vanilla localization retained.
lesparre_medoc,,vanilla_passthrough,,,,,vanilla_passthrough,insufficient_secure_identity,No sufficiently secure AD 1 identity; EU5 vanilla localization retained.
leukas,,vanilla_passthrough,,,,,vanilla_passthrough,insufficient_secure_identity,No sufficiently secure AD 1 identity; EU5 vanilla localization retained.
leuktron,Leuktron,reviewed_identity,roman_identity,antq_greek_koine,PLE:570431;PLN:570431/leuktron;R2,tier2,reviewed_override,,Reviewed modern-field identity for Pleiades place 570431; AD 1 name resource 570431/leuktron.
lezha,,vanilla_passthrough,,,,,vanilla_passthrough,insufficient_secure_identity,No sufficiently secure AD 1 identity; EU5 vanilla localization retained.
lezuza,,vanilla_passthrough,,,,,vanilla_passthrough,insufficient_secure_identity,No sufficiently secure AD 1 identity; EU5 vanilla localization retained.
libourne,,vanilla_passthrough,,,,,vanilla_passthrough,insufficient_secure_identity,No sufficiently secure AD 1 identity; EU5 vanilla localization retained.
liege,,vanilla_passthrough,,,,,vanilla_passthrough,insufficient_secure_identity,No sufficiently secure AD 1 identity; EU5 vanilla localization retained.
lienz,,vanilla_passthrough,,,,,vanilla_passthrough,insufficient_secure_identity,No sufficiently secure AD 1 identity; EU5 vanilla localization retained.
liezen,,vanilla_passthrough,,,,,vanilla_passthrough,insufficient_secure_identity,No sufficiently secure AD 1 identity; EU5 vanilla localization retained.
lignieres,,vanilla_passthrough,,,,,vanilla_passthrough,insufficient_secure_identity,No sufficiently secure AD 1 identity; EU5 vanilla localization retained.
ligny,,vanilla_passthrough,,,,,vanilla_passthrough,insufficient_secure_identity,No sufficiently secure AD 1 identity; EU5 vanilla localization retained.
lilienfeld,,vanilla_passthrough,,,,,vanilla_passthrough,insufficient_secure_identity,No sufficiently secure AD 1 identity; EU5 vanilla localization retained.
lille,,vanilla_passthrough,,,,,vanilla_passthrough,insufficient_secure_identity,No sufficiently secure AD 1 identity; EU5 vanilla localization retained.
limbourg,,vanilla_passthrough,,,,,vanilla_passthrough,insufficient_secure_identity,No sufficiently secure AD 1 identity; EU5 vanilla localization retained.
limeuil,,vanilla_passthrough,,,,,vanilla_passthrough,insufficient_secure_identity,No sufficiently secure AD 1 identity; EU5 vanilla localization retained.
limoges,Augustoritum,reviewed_direct,curated,antq_latin,PLE:138203,secure,reviewed_override,,Pleiades exact Augustoritum settlement point at 45.82854 1.26439; reviewed against the installed Limoges location
limoux,,vanilla_passthrough,,,,,vanilla_passthrough,insufficient_secure_identity,No sufficiently secure AD 1 identity; EU5 vanilla localization retained.
linz,,vanilla_passthrough,,,,,vanilla_passthrough,insufficient_secure_identity,No sufficiently secure AD 1 identity; EU5 vanilla localization retained.
lisbon,Olisipo,reviewed_direct,curated,antq_latin,PLE:256338,secure,reviewed_override,,Pleiades exact Olisipo city point at 38.70717 -9.13551; reviewed against the installed Lisbon location
lisieux,Noviomagus Lexoviorum,reviewed_identity,roman_identity,antq_veliocassian,PLE:69540;PLN:69540/noviomagus-lexoviorum;R2,tier2,reviewed_override,,Reviewed modern-field identity for Pleiades place 69540; AD 1 name resource 69540/noviomagus-lexoviorum.
lisle_jourdain,,vanilla_passthrough,,,,,vanilla_passthrough,insufficient_secure_identity,No sufficiently secure AD 1 identity; EU5 vanilla localization retained.
livadeia,,vanilla_passthrough,,,,,vanilla_passthrough,insufficient_secure_identity,No sufficiently secure AD 1 identity; EU5 vanilla localization retained.
livno,,vanilla_passthrough,,,,,vanilla_passthrough,insufficient_secure_identity,No sufficiently secure AD 1 identity; EU5 vanilla localization retained.
livorno,,vanilla_passthrough,,,,,vanilla_passthrough,insufficient_secure_identity,No sufficiently secure AD 1 identity; EU5 vanilla localization retained.
ljubljana,,vanilla_passthrough,,,,,vanilla_passthrough,insufficient_secure_identity,No sufficiently secure AD 1 identity; EU5 vanilla localization retained.
llanes,,vanilla_passthrough,,,,,vanilla_passthrough,insufficient_secure_identity,No sufficiently secure AD 1 identity; EU5 vanilla localization retained.
lleida,Ilerda,reviewed_direct,curated,antq_latin,PLE,secure,reviewed_override,,Direct Roman-period city form for the installed Lleida location
llerena,,vanilla_passthrough,,,,,vanilla_passthrough,insufficient_secure_identity,No sufficiently secure AD 1 identity; EU5 vanilla localization retained.
lliria,,vanilla_passthrough,,,,,vanilla_passthrough,insufficient_secure_identity,No sufficiently secure AD 1 identity; EU5 vanilla localization retained.
llucena,,vanilla_passthrough,,,,,vanilla_passthrough,insufficient_secure_identity,No sufficiently secure AD 1 identity; EU5 vanilla localization retained.
locarno,,vanilla_passthrough,,,,,vanilla_passthrough,insufficient_secure_identity,No sufficiently secure AD 1 identity; EU5 vanilla localization retained.
loches,,vanilla_passthrough,,,,,vanilla_passthrough,insufficient_secure_identity,No sufficiently secure AD 1 identity; EU5 vanilla localization retained.
lodeve,Luteva,reviewed_identity,roman_identity,antq_elisycean,PLE:148121;PLN:148121/luteva;R2,tier2,reviewed_override,,Reviewed modern-field identity for Pleiades place 148121; AD 1 name resource 148121/luteva.
lodi,,vanilla_passthrough,,,,,vanilla_passthrough,insufficient_secure_identity,No sufficiently secure AD 1 identity; EU5 vanilla localization retained.
logrono,,vanilla_passthrough,,,,,vanilla_passthrough,insufficient_secure_identity,No sufficiently secure AD 1 identity; EU5 vanilla localization retained.
loidoriki,,vanilla_passthrough,,,,,vanilla_passthrough,insufficient_secure_identity,No sufficiently secure AD 1 identity; EU5 vanilla localization retained.
loja,,vanilla_passthrough,,,,,vanilla_passthrough,insufficient_secure_identity,No sufficiently secure AD 1 identity; EU5 vanilla localization retained.
lom,,vanilla_passthrough,,,,,vanilla_passthrough,insufficient_secure_identity,No sufficiently secure AD 1 identity; EU5 vanilla localization retained.
lomello,,vanilla_passthrough,,,,,vanilla_passthrough,insufficient_secure_identity,No sufficiently secure AD 1 identity; EU5 vanilla localization retained.
longueville,,vanilla_passthrough,,,,,vanilla_passthrough,insufficient_secure_identity,No sufficiently secure AD 1 identity; EU5 vanilla localization retained.
longwy,,vanilla_passthrough,,,,,vanilla_passthrough,insufficient_secure_identity,No sufficiently secure AD 1 identity; EU5 vanilla localization retained.
lorca,,vanilla_passthrough,,,,,vanilla_passthrough,insufficient_secure_identity,No sufficiently secure AD 1 identity; EU5 vanilla localization retained.
los_yebenes,,vanilla_passthrough,,,,,vanilla_passthrough,insufficient_secure_identity,No sufficiently secure AD 1 identity; EU5 vanilla localization retained.
loudun,,vanilla_passthrough,,,,,vanilla_passthrough,insufficient_secure_identity,No sufficiently secure AD 1 identity; EU5 vanilla localization retained.
louhans,,vanilla_passthrough,,,,,vanilla_passthrough,insufficient_secure_identity,No sufficiently secure AD 1 identity; EU5 vanilla localization retained.
louviers,,vanilla_passthrough,,,,,vanilla_passthrough,insufficient_secure_identity,No sufficiently secure AD 1 identity; EU5 vanilla localization retained.
lovech,,vanilla_passthrough,,,,,vanilla_passthrough,insufficient_secure_identity,No sufficiently secure AD 1 identity; EU5 vanilla localization retained.
lucca,Luca,reviewed_direct,curated,antq_latin,PLE:403234,secure,reviewed_override,,Pleiades exact Luca city point at 43.84184 10.50703; reviewed against the installed Lucca location
lucena,,vanilla_passthrough,,,,,vanilla_passthrough,insufficient_secure_identity,No sufficiently secure AD 1 identity; EU5 vanilla localization retained.
lucera,Luceria,reviewed_identity,roman_identity,antq_oscan_umbrian,PLE:442640;PLN:442640/luceria;R2,tier2,reviewed_override,,Reviewed modern-field identity for Pleiades place 442640; AD 1 name resource 442640/luceria.
lucerne,,vanilla_passthrough,,,,,vanilla_passthrough,insufficient_secure_identity,No sufficiently secure AD 1 identity; EU5 vanilla localization retained.
lugano,,vanilla_passthrough,,,,,vanilla_passthrough,insufficient_secure_identity,No sufficiently secure AD 1 identity; EU5 vanilla localization retained.
lugo,Lucus Augusti,reviewed_direct,curated,antq_latin,PLE,secure,reviewed_override,,Direct Roman-period city form for the installed Lugo location
luneville,,vanilla_passthrough,,,,,vanilla_passthrough,insufficient_secure_identity,No sufficiently secure AD 1 identity; EU5 vanilla localization retained.
lusignan,,vanilla_passthrough,,,,,vanilla_passthrough,insufficient_secure_identity,No sufficiently secure AD 1 identity; EU5 vanilla localization retained.
luxembourg,,vanilla_passthrough,,,,,vanilla_passthrough,insufficient_secure_identity,No sufficiently secure AD 1 identity; EU5 vanilla localization retained.
luxeuil,,vanilla_passthrough,,,,,vanilla_passthrough,insufficient_secure_identity,No sufficiently secure AD 1 identity; EU5 vanilla localization retained.
lyaskovets,,vanilla_passthrough,,,,,vanilla_passthrough,insufficient_secure_identity,No sufficiently secure AD 1 identity; EU5 vanilla localization retained.
lyon,Lugdunum,reviewed_direct,curated,antq_latin,PLE;P12.2;P8.1,secure,reviewed_override,,Direct Roman Gallic city name
macedo,,vanilla_passthrough,,,,,vanilla_passthrough,insufficient_secure_identity,No sufficiently secure AD 1 identity; EU5 vanilla localization retained.
macerata,,vanilla_passthrough,,,,,vanilla_passthrough,insufficient_secure_identity,No sufficiently secure AD 1 identity; EU5 vanilla localization retained.
machecoul,,vanilla_passthrough,,,,,vanilla_passthrough,insufficient_secure_identity,No sufficiently secure AD 1 identity; EU5 vanilla localization retained.
macomer,Makopsisa,reviewed_identity,roman_identity,antq_nuragic,PLE:471967;PLN:471967/makopsisa;R2,tier2,reviewed_override,,Reviewed modern-field identity for Pleiades place 471967; AD 1 name resource 471967/makopsisa.
macon,Matisco,reviewed_identity,roman_identity,antq_aeduan,PLE:177577;PLN:177577/matisco;R2,tier2,reviewed_override,,Reviewed modern-field identity for Pleiades place 177577; AD 1 name resource 177577/matisco.
madas,,vanilla_passthrough,,,,,vanilla_passthrough,insufficient_secure_identity,No sufficiently secure AD 1 identity; EU5 vanilla localization retained.
madjul,,vanilla_passthrough,,,,,vanilla_passthrough,insufficient_secure_identity,No sufficiently secure AD 1 identity; EU5 vanilla localization retained.
madrid,,vanilla_passthrough,,,,,vanilla_passthrough,insufficient_secure_identity,No sufficiently secure AD 1 identity; EU5 vanilla localization retained.
mahdia,,vanilla_passthrough,,,,,vanilla_passthrough,insufficient_secure_identity,No sufficiently secure AD 1 identity; EU5 vanilla localization retained.
mahres,,vanilla_passthrough,,,,,vanilla_passthrough,insufficient_secure_identity,No sufficiently secure AD 1 identity; EU5 vanilla localization retained.
makarska,,vanilla_passthrough,,,,,vanilla_passthrough,insufficient_secure_identity,No sufficiently secure AD 1 identity; EU5 vanilla localization retained.
malaga,Malaca,reviewed_identity,roman_identity,antq_bastulian,PLE:265963;PLN:265963/malaca;R2,tier2,reviewed_override,,Reviewed modern-field identity for Pleiades place 265963; AD 1 name resource 265963/malaca.
malagon,,vanilla_passthrough,,,,,vanilla_passthrough,insufficient_secure_identity,No sufficiently secure AD 1 identity; EU5 vanilla localization retained.
malta,,vanilla_passthrough,,,,,vanilla_passthrough,insufficient_secure_identity,No sufficiently secure AD 1 identity; EU5 vanilla localization retained.
manacor,,vanilla_passthrough,,,,,vanilla_passthrough,insufficient_secure_identity,No sufficiently secure AD 1 identity; EU5 vanilla localization retained.
manavgat,,vanilla_passthrough,,,,,vanilla_passthrough,insufficient_secure_identity,No sufficiently secure AD 1 identity; EU5 vanilla localization retained.
manfalut,,vanilla_passthrough,,,,,vanilla_passthrough,insufficient_secure_identity,No sufficiently secure AD 1 identity; EU5 vanilla localization retained.
manfredonia,,vanilla_passthrough,,,,,vanilla_passthrough,insufficient_secure_identity,No sufficiently secure AD 1 identity; EU5 vanilla localization retained.
mangona,,vanilla_passthrough,,,,,vanilla_passthrough,insufficient_secure_identity,No sufficiently secure AD 1 identity; EU5 vanilla localization retained.
manisa,Magnesia ad Sipylum,reviewed_direct,curated,antq_greek_koine,PLE:550706,secure,reviewed_override,,Pleiades direct Magnesia ad Sipylum settlement point at 38.61258 27.43340
manresa,,vanilla_passthrough,,,,,vanilla_passthrough,insufficient_secure_identity,No sufficiently secure AD 1 identity; EU5 vanilla localization retained.
mansilla,,vanilla_passthrough,,,,,vanilla_passthrough,insufficient_secure_identity,No sufficiently secure AD 1 identity; EU5 vanilla localization retained.
mansoura,,vanilla_passthrough,,,,,vanilla_passthrough,insufficient_secure_identity,No sufficiently secure AD 1 identity; EU5 vanilla localization retained.
mansouria,,vanilla_passthrough,,,,,vanilla_passthrough,insufficient_secure_identity,No sufficiently secure AD 1 identity; EU5 vanilla localization retained.
mantes,,vanilla_passthrough,,,,,vanilla_passthrough,insufficient_secure_identity,No sufficiently secure AD 1 identity; EU5 vanilla localization retained.
mantova,Mantua,reviewed_identity,roman_identity,antq_cisalpine_gallic,PLE:383704;PLN:383704/mantua;R2,tier2,reviewed_override,,Reviewed modern-field identity for Pleiades place 383704; AD 1 name resource 383704/mantua.
manyas,,vanilla_passthrough,,,,,vanilla_passthrough,insufficient_secure_identity,No sufficiently secure AD 1 identity; EU5 vanilla localization retained.
manzanares,,vanilla_passthrough,,,,,vanilla_passthrough,insufficient_secure_identity,No sufficiently secure AD 1 identity; EU5 vanilla localization retained.
maqueda,,vanilla_passthrough,,,,,vanilla_passthrough,insufficient_secure_identity,No sufficiently secure AD 1 identity; EU5 vanilla localization retained.
marbella,,vanilla_passthrough,,,,,vanilla_passthrough,insufficient_secure_identity,No sufficiently secure AD 1 identity; EU5 vanilla localization retained.
maribor,,vanilla_passthrough,,,,,vanilla_passthrough,insufficient_secure_identity,No sufficiently secure AD 1 identity; EU5 vanilla localization retained.
marle,,vanilla_passthrough,,,,,vanilla_passthrough,insufficient_secure_identity,No sufficiently secure AD 1 identity; EU5 vanilla localization retained.
marmande,,vanilla_passthrough,,,,,vanilla_passthrough,insufficient_secure_identity,No sufficiently secure AD 1 identity; EU5 vanilla localization retained.
marmaris,,vanilla_passthrough,,,,,vanilla_passthrough,insufficient_secure_identity,No sufficiently secure AD 1 identity; EU5 vanilla localization retained.
marsciano,,vanilla_passthrough,,,,,vanilla_passthrough,insufficient_secure_identity,No sufficiently secure AD 1 identity; EU5 vanilla localization retained.
marseille,Massilia,reviewed_direct,curated,antq_latin,PLE;P12.2;P8.1,secure,reviewed_override,,Direct Massilia Marseille city name
martigny,Octodurus,reviewed_identity,roman_identity,antq_helvetian,PLE:167859;PLN:167859/octodurus;R2,tier2,reviewed_override,,Reviewed modern-field identity for Pleiades place 167859; AD 1 name resource 167859/octodurus.
martinafr,,vanilla_passthrough,,,,,vanilla_passthrough,insufficient_secure_identity,No sufficiently secure AD 1 identity; EU5 vanilla localization retained.
martos,Tucci,reviewed_identity,roman_identity,antq_oretan,PLE:266070;PLN:266070/tucci;R2,tier2,reviewed_override,,Reviewed modern-field identity for Pleiades place 266070; AD 1 name resource 266070/tucci.
massa,,vanilla_passthrough,,,,,vanilla_passthrough,insufficient_secure_identity,No sufficiently secure AD 1 identity; EU5 vanilla localization retained.
massamar,,vanilla_passthrough,,,,,vanilla_passthrough,insufficient_secure_identity,No sufficiently secure AD 1 identity; EU5 vanilla localization retained.
matera,,vanilla_passthrough,,,,,vanilla_passthrough,insufficient_secure_identity,No sufficiently secure AD 1 identity; EU5 vanilla localization retained.
mateur,,vanilla_passthrough,,,,,vanilla_passthrough,insufficient_secure_identity,No sufficiently secure AD 1 identity; EU5 vanilla localization retained.
matilla_de_canos,,vanilla_passthrough,,,,,vanilla_passthrough,insufficient_secure_identity,No sufficiently secure AD 1 identity; EU5 vanilla localization retained.
matmata,,vanilla_passthrough,,,,,vanilla_passthrough,insufficient_secure_identity,No sufficiently secure AD 1 identity; EU5 vanilla localization retained.
matruh,,vanilla_passthrough,,,,,vanilla_passthrough,insufficient_secure_identity,No sufficiently secure AD 1 identity; EU5 vanilla localization retained.
maubeuge,,vanilla_passthrough,,,,,vanilla_passthrough,insufficient_secure_identity,No sufficiently secure AD 1 identity; EU5 vanilla localization retained.
mauleon,,vanilla_passthrough,,,,,vanilla_passthrough,insufficient_secure_identity,No sufficiently secure AD 1 identity; EU5 vanilla localization retained.
mauleon_poitou,,vanilla_passthrough,,,,,vanilla_passthrough,insufficient_secure_identity,No sufficiently secure AD 1 identity; EU5 vanilla localization retained.
mauriac,,vanilla_passthrough,,,,,vanilla_passthrough,insufficient_secure_identity,No sufficiently secure AD 1 identity; EU5 vanilla localization retained.
mayenne,,vanilla_passthrough,,,,,vanilla_passthrough,insufficient_secure_identity,No sufficiently secure AD 1 identity; EU5 vanilla localization retained.
mazara,Mazara,reviewed_identity,roman_identity,antq_greek_koine,PLE:462305;PLN:462305/name.2015-12-08.9399720331;R2,tier2,reviewed_override,,Reviewed modern-field identity for Pleiades place 462305; AD 1 name resource 462305/name.2015-12-08.9399720331.
meaux,Iatinon,reviewed_identity,roman_identity,antq_belgic,PLE:109059;PLN:109059/iatinon;R2,tier2,reviewed_override,,Reviewed modern-field identity for Pleiades place 109059; AD 1 name resource 109059/iatinon.
mechili,,vanilla_passthrough,,,,,vanilla_passthrough,insufficient_secure_identity,No sufficiently secure AD 1 identity; EU5 vanilla localization retained.
meda,,vanilla_passthrough,,,,,vanilla_passthrough,insufficient_secure_identity,No sufficiently secure AD 1 identity; EU5 vanilla localization retained.
medellin,,vanilla_passthrough,,,,,vanilla_passthrough,insufficient_secure_identity,No sufficiently secure AD 1 identity; EU5 vanilla localization retained.
medenine,,vanilla_passthrough,,,,,vanilla_passthrough,insufficient_secure_identity,No sufficiently secure AD 1 identity; EU5 vanilla localization retained.
medicina,,vanilla_passthrough,,,,,vanilla_passthrough,insufficient_secure_identity,No sufficiently secure AD 1 identity; EU5 vanilla localization retained.
medina_de_rioseco,,vanilla_passthrough,,,,,vanilla_passthrough,insufficient_secure_identity,No sufficiently secure AD 1 identity; EU5 vanilla localization retained.
medina_del_campo,,vanilla_passthrough,,,,,vanilla_passthrough,insufficient_secure_identity,No sufficiently secure AD 1 identity; EU5 vanilla localization retained.
medina_sidonia,,vanilla_passthrough,,,,,vanilla_passthrough,insufficient_secure_identity,No sufficiently secure AD 1 identity; EU5 vanilla localization retained.
medinaceli,,vanilla_passthrough,,,,,vanilla_passthrough,insufficient_secure_identity,No sufficiently secure AD 1 identity; EU5 vanilla localization retained.
medjez_el_bab,,vanilla_passthrough,,,,,vanilla_passthrough,insufficient_secure_identity,No sufficiently secure AD 1 identity; EU5 vanilla localization retained.
medveda,,vanilla_passthrough,,,,,vanilla_passthrough,insufficient_secure_identity,No sufficiently secure AD 1 identity; EU5 vanilla localization retained.
megara,Megara,reviewed_identity,roman_identity,antq_greek_koine,PLE:570468;PLN:570468/megara;R2,tier2,reviewed_override,,Reviewed modern-field identity for Pleiades place 570468; AD 1 name resource 570468/megara.
megri,,vanilla_passthrough,,,,,vanilla_passthrough,insufficient_secure_identity,No sufficiently secure AD 1 identity; EU5 vanilla localization retained.
melfi,,vanilla_passthrough,,,,,vanilla_passthrough,insufficient_secure_identity,No sufficiently secure AD 1 identity; EU5 vanilla localization retained.
melgueil,,vanilla_passthrough,,,,,vanilla_passthrough,insufficient_secure_identity,No sufficiently secure AD 1 identity; EU5 vanilla localization retained.
melk,,vanilla_passthrough,,,,,vanilla_passthrough,insufficient_secure_identity,No sufficiently secure AD 1 identity; EU5 vanilla localization retained.
mellid,,vanilla_passthrough,,,,,vanilla_passthrough,insufficient_secure_identity,No sufficiently secure AD 1 identity; EU5 vanilla localization retained.
melnik,,vanilla_passthrough,,,,,vanilla_passthrough,insufficient_secure_identity,No sufficiently secure AD 1 identity; EU5 vanilla localization retained.
melun,,vanilla_passthrough,,,,,vanilla_passthrough,insufficient_secure_identity,No sufficiently secure AD 1 identity; EU5 vanilla localization retained.
mende,,vanilla_passthrough,,,,,vanilla_passthrough,insufficient_secure_identity,No sufficiently secure AD 1 identity; EU5 vanilla localization retained.
menehould,,vanilla_passthrough,,,,,vanilla_passthrough,insufficient_secure_identity,No sufficiently secure AD 1 identity; EU5 vanilla localization retained.
menemen,,vanilla_passthrough,,,,,vanilla_passthrough,insufficient_secure_identity,No sufficiently secure AD 1 identity; EU5 vanilla localization retained.
mengen,,vanilla_passthrough,,,,,vanilla_passthrough,insufficient_secure_identity,No sufficiently secure AD 1 identity; EU5 vanilla localization retained.
menouf,,vanilla_passthrough,,,,,vanilla_passthrough,insufficient_secure_identity,No sufficiently secure AD 1 identity; EU5 vanilla localization retained.
merano,,vanilla_passthrough,,,,,vanilla_passthrough,insufficient_secure_identity,No sufficiently secure AD 1 identity; EU5 vanilla localization retained.
merida,Emerita Augusta,reviewed_direct,curated,antq_latin,PLE:256155,secure,reviewed_override,,Pleiades exact Emerita Augusta city point at 38.91766 -6.34103; reviewed against the installed Merida location
mertola,Myrtilis,reviewed_identity,roman_identity,antq_celtician,PLE:256234;PLN:256234/myrtilis;R2,tier2,reviewed_override,,Pleiades explicitly associates place 256234 with this modern field; AD 1 name resource 256234/myrtilis.
meskiana,,vanilla_passthrough,,,,,vanilla_passthrough,insufficient_secure_identity,No sufficiently secure AD 1 identity; EU5 vanilla localization retained.
mesocco,,vanilla_passthrough,,,,,vanilla_passthrough,insufficient_secure_identity,No sufficiently secure AD 1 identity; EU5 vanilla localization retained.
messina,Messana,reviewed_direct,curated,antq_latin,PLE:462538,secure,reviewed_override,,Pleiades Zancle Messana city point at 38.19225 15.55663; Roman-period Messana form retained
mestre,,vanilla_passthrough,,,,,vanilla_passthrough,insufficient_secure_identity,No sufficiently secure AD 1 identity; EU5 vanilla localization retained.
mesudiye,,vanilla_passthrough,,,,,vanilla_passthrough,insufficient_secure_identity,No sufficiently secure AD 1 identity; EU5 vanilla localization retained.
metkovic,,vanilla_passthrough,,,,,vanilla_passthrough,insufficient_secure_identity,No sufficiently secure AD 1 identity; EU5 vanilla localization retained.
metlika,,vanilla_passthrough,,,,,vanilla_passthrough,insufficient_secure_identity,No sufficiently secure AD 1 identity; EU5 vanilla localization retained.
metz,Divodurum,reviewed_direct,curated,antq_latin,PLE;P8.1,secure,reviewed_override,,Secure Roman Mediomatrician city form.
mevouillon,,vanilla_passthrough,,,,,vanilla_passthrough,insufficient_secure_identity,No sufficiently secure AD 1 identity; EU5 vanilla localization retained.
mieres,,vanilla_passthrough,,,,,vanilla_passthrough,insufficient_secure_identity,No sufficiently secure AD 1 identity; EU5 vanilla localization retained.
mihalic,,vanilla_passthrough,,,,,vanilla_passthrough,insufficient_secure_identity,No sufficiently secure AD 1 identity; EU5 vanilla localization retained.
mihaliccik,,vanilla_passthrough,,,,,vanilla_passthrough,insufficient_secure_identity,No sufficiently secure AD 1 identity; EU5 vanilla localization retained.
mila,,vanilla_passthrough,,,,,vanilla_passthrough,insufficient_secure_identity,No sufficiently secure AD 1 identity; EU5 vanilla localization retained.
milano,Mediolanum,reviewed_direct,curated,antq_latin,PLE:383706,secure,reviewed_override,,Pleiades exact ancient city point at 45.46375 9.18806; standard Latin display form retained for the installed Milano location
milas,,vanilla_passthrough,,,,,vanilla_passthrough,insufficient_secure_identity,No sufficiently secure AD 1 identity; EU5 vanilla localization retained.
millau,,vanilla_passthrough,,,,,vanilla_passthrough,insufficient_secure_identity,No sufficiently secure AD 1 identity; EU5 vanilla localization retained.
milos,,vanilla_passthrough,,,,,vanilla_passthrough,insufficient_secure_identity,No sufficiently secure AD 1 identity; EU5 vanilla localization retained.
mimizan,,vanilla_passthrough,,,,,vanilla_passthrough,insufficient_secure_identity,No sufficiently secure AD 1 identity; EU5 vanilla localization retained.
minya,Hermopolis Magna,reviewed_direct,curated,antq_egyptian,PLE:756574,secure,reviewed_override,,Direct Hermopolis Magna Schmun settlement point at the installed Minya city proxy.
miranda_de_ebro,,vanilla_passthrough,,,,,vanilla_passthrough,insufficient_secure_identity,No sufficiently secure AD 1 identity; EU5 vanilla localization retained.
miranda_de_i_douro,,vanilla_passthrough,,,,,vanilla_passthrough,insufficient_secure_identity,No sufficiently secure AD 1 identity; EU5 vanilla localization retained.
mirande,,vanilla_passthrough,,,,,vanilla_passthrough,insufficient_secure_identity,No sufficiently secure AD 1 identity; EU5 vanilla localization retained.
mirandela,,vanilla_passthrough,,,,,vanilla_passthrough,insufficient_secure_identity,No sufficiently secure AD 1 identity; EU5 vanilla localization retained.
mirandola,,vanilla_passthrough,,,,,vanilla_passthrough,insufficient_secure_identity,No sufficiently secure AD 1 identity; EU5 vanilla localization retained.
mirecourt,,vanilla_passthrough,,,,,vanilla_passthrough,insufficient_secure_identity,No sufficiently secure AD 1 identity; EU5 vanilla localization retained.
mirepoix,,vanilla_passthrough,,,,,vanilla_passthrough,insufficient_secure_identity,No sufficiently secure AD 1 identity; EU5 vanilla localization retained.
misratah,,vanilla_passthrough,,,,,vanilla_passthrough,insufficient_secure_identity,No sufficiently secure AD 1 identity; EU5 vanilla localization retained.
mistelbach,,vanilla_passthrough,,,,,vanilla_passthrough,insufficient_secure_identity,No sufficiently secure AD 1 identity; EU5 vanilla localization retained.
mistretta,Amestratus,reviewed_identity,roman_identity,antq_greek_koine,PLE:462093;PLN:462093/amestratus;R2,tier2,reviewed_override,,Reviewed modern-field identity for Pleiades place 462093; AD 1 name resource 462093/amestratus.
mitilene,,vanilla_passthrough,,,,,vanilla_passthrough,insufficient_secure_identity,No sufficiently secure AD 1 identity; EU5 vanilla localization retained.
mitrovica,,vanilla_passthrough,,,,,vanilla_passthrough,insufficient_secure_identity,No sufficiently secure AD 1 identity; EU5 vanilla localization retained.
mittersill,,vanilla_passthrough,,,,,vanilla_passthrough,insufficient_secure_identity,No sufficiently secure AD 1 identity; EU5 vanilla localization retained.
mizda,,vanilla_passthrough,,,,,vanilla_passthrough,insufficient_secure_identity,No sufficiently secure AD 1 identity; EU5 vanilla localization retained.
modena,Mutina,reviewed_direct,curated,antq_latin,PLE;ORB;P8.1,secure,reviewed_override,,Direct Roman Via Aemilia city name
modica,Mutyce,reviewed_identity,roman_identity,antq_greek_koine,PLE:462378;PLN:462378/mutyce;R2,tier2,reviewed_override,,Reviewed modern-field identity for Pleiades place 462378; AD 1 name resource 462378/mutyce.
modigliana,,vanilla_passthrough,,,,,vanilla_passthrough,insufficient_secure_identity,No sufficiently secure AD 1 identity; EU5 vanilla localization retained.
modon,Mothone,reviewed_identity,roman_identity,antq_greek_koine,PLE:570483;PLN:570483/mothone;R2,tier2,reviewed_override,,Reviewed modern-field identity for Pleiades place 570483; AD 1 name resource 570483/mothone.
mojacar,,vanilla_passthrough,,,,,vanilla_passthrough,insufficient_secure_identity,No sufficiently secure AD 1 identity; EU5 vanilla localization retained.
molina_de_aragon,,vanilla_passthrough,,,,,vanilla_passthrough,insufficient_secure_identity,No sufficiently secure AD 1 identity; EU5 vanilla localization retained.
molins,,vanilla_passthrough,,,,,vanilla_passthrough,insufficient_secure_identity,No sufficiently secure AD 1 identity; EU5 vanilla localization retained.
molyvos,,vanilla_passthrough,,,,,vanilla_passthrough,insufficient_secure_identity,No sufficiently secure AD 1 identity; EU5 vanilla localization retained.
monastir,,vanilla_passthrough,,,,,vanilla_passthrough,insufficient_secure_identity,No sufficiently secure AD 1 identity; EU5 vanilla localization retained.
moncorvo,,vanilla_passthrough,,,,,vanilla_passthrough,insufficient_secure_identity,No sufficiently secure AD 1 identity; EU5 vanilla localization retained.
mondonedo,,vanilla_passthrough,,,,,vanilla_passthrough,insufficient_secure_identity,No sufficiently secure AD 1 identity; EU5 vanilla localization retained.
mondovi,,vanilla_passthrough,,,,,vanilla_passthrough,insufficient_secure_identity,No sufficiently secure AD 1 identity; EU5 vanilla localization retained.
monemvasia,,vanilla_passthrough,,,,,vanilla_passthrough,insufficient_secure_identity,No sufficiently secure AD 1 identity; EU5 vanilla localization retained.
monesterio,,vanilla_passthrough,,,,,vanilla_passthrough,insufficient_secure_identity,No sufficiently secure AD 1 identity; EU5 vanilla localization retained.
monfort_lamaury,,vanilla_passthrough,,,,,vanilla_passthrough,insufficient_secure_identity,No sufficiently secure AD 1 identity; EU5 vanilla localization retained.
monfort_sur_meu,,vanilla_passthrough,,,,,vanilla_passthrough,insufficient_secure_identity,No sufficiently secure AD 1 identity; EU5 vanilla localization retained.
monforte_de_lemos,,vanilla_passthrough,,,,,vanilla_passthrough,insufficient_secure_identity,No sufficiently secure AD 1 identity; EU5 vanilla localization retained.
monopoli,,vanilla_passthrough,,,,,vanilla_passthrough,insufficient_secure_identity,No sufficiently secure AD 1 identity; EU5 vanilla localization retained.
mons,,vanilla_passthrough,,,,,vanilla_passthrough,insufficient_secure_identity,No sufficiently secure AD 1 identity; EU5 vanilla localization retained.
monselice,,vanilla_passthrough,,,,,vanilla_passthrough,insufficient_secure_identity,No sufficiently secure AD 1 identity; EU5 vanilla localization retained.
mont_de_marsan,,vanilla_passthrough,,,,,vanilla_passthrough,insufficient_secure_identity,No sufficiently secure AD 1 identity; EU5 vanilla localization retained.
montaigu,,vanilla_passthrough,,,,,vanilla_passthrough,insufficient_secure_identity,No sufficiently secure AD 1 identity; EU5 vanilla localization retained.
montaigut,,vanilla_passthrough,,,,,vanilla_passthrough,insufficient_secure_identity,No sufficiently secure AD 1 identity; EU5 vanilla localization retained.
montalban,,vanilla_passthrough,,,,,vanilla_passthrough,insufficient_secure_identity,No sufficiently secure AD 1 identity; EU5 vanilla localization retained.
montalcino,,vanilla_passthrough,,,,,vanilla_passthrough,insufficient_secure_identity,No sufficiently secure AD 1 identity; EU5 vanilla localization retained.
montalegre,,vanilla_passthrough,,,,,vanilla_passthrough,insufficient_secure_identity,No sufficiently secure AD 1 identity; EU5 vanilla localization retained.
montanchez,,vanilla_passthrough,,,,,vanilla_passthrough,insufficient_secure_identity,No sufficiently secure AD 1 identity; EU5 vanilla localization retained.
montargis,,vanilla_passthrough,,,,,vanilla_passthrough,insufficient_secure_identity,No sufficiently secure AD 1 identity; EU5 vanilla localization retained.
montauban,,vanilla_passthrough,,,,,vanilla_passthrough,insufficient_secure_identity,No sufficiently secure AD 1 identity; EU5 vanilla localization retained.
montbeliard,,vanilla_passthrough,,,,,vanilla_passthrough,insufficient_secure_identity,No sufficiently secure AD 1 identity; EU5 vanilla localization retained.
montblanc,,vanilla_passthrough,,,,,vanilla_passthrough,insufficient_secure_identity,No sufficiently secure AD 1 identity; EU5 vanilla localization retained.
montbozon,,vanilla_passthrough,,,,,vanilla_passthrough,insufficient_secure_identity,No sufficiently secure AD 1 identity; EU5 vanilla localization retained.
montbrison,,vanilla_passthrough,,,,,vanilla_passthrough,insufficient_secure_identity,No sufficiently secure AD 1 identity; EU5 vanilla localization retained.
montcenis,,vanilla_passthrough,,,,,vanilla_passthrough,insufficient_secure_identity,No sufficiently secure AD 1 identity; EU5 vanilla localization retained.
montefeltro,,vanilla_passthrough,,,,,vanilla_passthrough,insufficient_secure_identity,No sufficiently secure AD 1 identity; EU5 vanilla localization retained.
monteleone,,vanilla_passthrough,,,,,vanilla_passthrough,insufficient_secure_identity,No sufficiently secure AD 1 identity; EU5 vanilla localization retained.
montemor,,vanilla_passthrough,,,,,vanilla_passthrough,insufficient_secure_identity,No sufficiently secure AD 1 identity; EU5 vanilla localization retained.
montendre,,vanilla_passthrough,,,,,vanilla_passthrough,insufficient_secure_identity,No sufficiently secure AD 1 identity; EU5 vanilla localization retained.
montepeloso,,vanilla_passthrough,,,,,vanilla_passthrough,insufficient_secure_identity,No sufficiently secure AD 1 identity; EU5 vanilla localization retained.
monterrey,,vanilla_passthrough,,,,,vanilla_passthrough,insufficient_secure_identity,No sufficiently secure AD 1 identity; EU5 vanilla localization retained.
montflanquin,,vanilla_passthrough,,,,,vanilla_passthrough,insufficient_secure_identity,No sufficiently secure AD 1 identity; EU5 vanilla localization retained.
monthey,,vanilla_passthrough,,,,,vanilla_passthrough,insufficient_secure_identity,No sufficiently secure AD 1 identity; EU5 vanilla localization retained.
montiel,,vanilla_passthrough,,,,,vanilla_passthrough,insufficient_secure_identity,No sufficiently secure AD 1 identity; EU5 vanilla localization retained.
montlaur,,vanilla_passthrough,,,,,vanilla_passthrough,insufficient_secure_identity,No sufficiently secure AD 1 identity; EU5 vanilla localization retained.
montlucon,,vanilla_passthrough,,,,,vanilla_passthrough,insufficient_secure_identity,No sufficiently secure AD 1 identity; EU5 vanilla localization retained.
montmedy,,vanilla_passthrough,,,,,vanilla_passthrough,insufficient_secure_identity,No sufficiently secure AD 1 identity; EU5 vanilla localization retained.
montmorency,,vanilla_passthrough,,,,,vanilla_passthrough,insufficient_secure_identity,No sufficiently secure AD 1 identity; EU5 vanilla localization retained.
montmorillon,,vanilla_passthrough,,,,,vanilla_passthrough,insufficient_secure_identity,No sufficiently secure AD 1 identity; EU5 vanilla localization retained.
montpellier,,vanilla_passthrough,,,,,vanilla_passthrough,insufficient_secure_identity,No sufficiently secure AD 1 identity; EU5 vanilla localization retained.
montreuil,,vanilla_passthrough,,,,,vanilla_passthrough,insufficient_secure_identity,No sufficiently secure AD 1 identity; EU5 vanilla localization retained.
montreuillon,,vanilla_passthrough,,,,,vanilla_passthrough,insufficient_secure_identity,No sufficiently secure AD 1 identity; EU5 vanilla localization retained.
montreux,,vanilla_passthrough,,,,,vanilla_passthrough,insufficient_secure_identity,No sufficiently secure AD 1 identity; EU5 vanilla localization retained.
monza,,vanilla_passthrough,,,,,vanilla_passthrough,insufficient_secure_identity,No sufficiently secure AD 1 identity; EU5 vanilla localization retained.
monzon,,vanilla_passthrough,,,,,vanilla_passthrough,insufficient_secure_identity,No sufficiently secure AD 1 identity; EU5 vanilla localization retained.
monzon_campos,,vanilla_passthrough,,,,,vanilla_passthrough,insufficient_secure_identity,No sufficiently secure AD 1 identity; EU5 vanilla localization retained.
mora_de_rubielos,,vanilla_passthrough,,,,,vanilla_passthrough,insufficient_secure_identity,No sufficiently secure AD 1 identity; EU5 vanilla localization retained.
mora_portugal,,vanilla_passthrough,,,,,vanilla_passthrough,insufficient_secure_identity,No sufficiently secure AD 1 identity; EU5 vanilla localization retained.
morella,,vanilla_passthrough,,,,,vanilla_passthrough,insufficient_secure_identity,No sufficiently secure AD 1 identity; EU5 vanilla localization retained.
morgex,,vanilla_passthrough,,,,,vanilla_passthrough,insufficient_secure_identity,No sufficiently secure AD 1 identity; EU5 vanilla localization retained.
morhange,,vanilla_passthrough,,,,,vanilla_passthrough,insufficient_secure_identity,No sufficiently secure AD 1 identity; EU5 vanilla localization retained.
moron,Lucurgentum,reviewed_identity,roman_identity,antq_turdetanian,PLE:256275;PLN:256275/lucurgentum;R2,tier2,reviewed_override,,Reviewed modern-field identity for Pleiades place 256275; AD 1 name resource 256275/lucurgentum.
mortagne,,vanilla_passthrough,,,,,vanilla_passthrough,insufficient_secure_identity,No sufficiently secure AD 1 identity; EU5 vanilla localization retained.
mortain,,vanilla_passthrough,,,,,vanilla_passthrough,insufficient_secure_identity,No sufficiently secure AD 1 identity; EU5 vanilla localization retained.
mostar,,vanilla_passthrough,,,,,vanilla_passthrough,insufficient_secure_identity,No sufficiently secure AD 1 identity; EU5 vanilla localization retained.
mount_athos,,vanilla_passthrough,,,,,vanilla_passthrough,insufficient_secure_identity,No sufficiently secure AD 1 identity; EU5 vanilla localization retained.
moura,,vanilla_passthrough,,,,,vanilla_passthrough,insufficient_secure_identity,No sufficiently secure AD 1 identity; EU5 vanilla localization retained.
moutiers,,vanilla_passthrough,,,,,vanilla_passthrough,insufficient_secure_identity,No sufficiently secure AD 1 identity; EU5 vanilla localization retained.
mouzon,Mosomagus,reviewed_identity,roman_identity,antq_belgic,PLE:109183;PLN:109183/mosomagus;R2,tier2,reviewed_override,,Reviewed modern-field identity for Pleiades place 109183; AD 1 name resource 109183/mosomagus.
moya,,vanilla_passthrough,,,,,vanilla_passthrough,insufficient_secure_identity,No sufficiently secure AD 1 identity; EU5 vanilla localization retained.
msus,,vanilla_passthrough,,,,,vanilla_passthrough,insufficient_secure_identity,No sufficiently secure AD 1 identity; EU5 vanilla localization retained.
mudurnu,Modra,reviewed_identity,roman_identity,antq_bithynian,PLE:845022;PLN:845022/modra;R2,tier2,reviewed_override,,Reviewed modern-field identity for Pleiades place 845022; AD 1 name resource 845022/modra.
mugla,,vanilla_passthrough,,,,,vanilla_passthrough,insufficient_secure_identity,No sufficiently secure AD 1 identity; EU5 vanilla localization retained.
mula,,vanilla_passthrough,,,,,vanilla_passthrough,insufficient_secure_identity,No sufficiently secure AD 1 identity; EU5 vanilla localization retained.
murau,,vanilla_passthrough,,,,,vanilla_passthrough,insufficient_secure_identity,No sufficiently secure AD 1 identity; EU5 vanilla localization retained.
muravera,,vanilla_passthrough,,,,,vanilla_passthrough,insufficient_secure_identity,No sufficiently secure AD 1 identity; EU5 vanilla localization retained.
murcia,,vanilla_passthrough,,,,,vanilla_passthrough,insufficient_secure_identity,No sufficiently secure AD 1 identity; EU5 vanilla localization retained.
muret,,vanilla_passthrough,,,,,vanilla_passthrough,insufficient_secure_identity,No sufficiently secure AD 1 identity; EU5 vanilla localization retained.
murzzuschlag,,vanilla_passthrough,,,,,vanilla_passthrough,insufficient_secure_identity,No sufficiently secure AD 1 identity; EU5 vanilla localization retained.
mykonos,Mykonos,reviewed_identity,roman_identity,antq_greek_koine,PLE:599807;PLN:599807/mykonos;R2,tier2,reviewed_override,,Reviewed modern-field identity for Pleiades place 599807; AD 1 name resource 599807/mykonos.
mystras,,vanilla_passthrough,,,,,vanilla_passthrough,insufficient_secure_identity,No sufficiently secure AD 1 identity; EU5 vanilla localization retained.
nabeul,Neapolis,reviewed_identity,roman_identity,antq_phoenician_punic,PLE:315093;PLN:315093/neapolis;R2,tier2,reviewed_override,,Pleiades explicitly associates place 315093 with this modern field; AD 1 name resource 315093/neapolis.
nafpaktos,,vanilla_passthrough,,,,,vanilla_passthrough,insufficient_secure_identity,No sufficiently secure AD 1 identity; EU5 vanilla localization retained.
nafplio,,vanilla_passthrough,,,,,vanilla_passthrough,insufficient_secure_identity,No sufficiently secure AD 1 identity; EU5 vanilla localization retained.
najera,,vanilla_passthrough,,,,,vanilla_passthrough,insufficient_secure_identity,No sufficiently secure AD 1 identity; EU5 vanilla localization retained.
nalli,,vanilla_passthrough,,,,,vanilla_passthrough,insufficient_secure_identity,No sufficiently secure AD 1 identity; EU5 vanilla localization retained.
nalut,,vanilla_passthrough,,,,,vanilla_passthrough,insufficient_secure_identity,No sufficiently secure AD 1 identity; EU5 vanilla localization retained.
namur,,vanilla_passthrough,,,,,vanilla_passthrough,insufficient_secure_identity,No sufficiently secure AD 1 identity; EU5 vanilla localization retained.
nancy,,vanilla_passthrough,,,,,vanilla_passthrough,insufficient_secure_identity,No sufficiently secure AD 1 identity; EU5 vanilla localization retained.
nantes,,vanilla_passthrough,,,,,vanilla_passthrough,insufficient_secure_identity,No sufficiently secure AD 1 identity; EU5 vanilla localization retained.
naples,Neapolis,reviewed_direct,curated,antq_latin,PLE:433014,secure,reviewed_override,,Pleiades Parthenope Neapolis city point at 40.84000 14.25287; established AD 1 city form
narbonne,Narbo Martius,reviewed_direct,curated,antq_latin,PLE:246347,secure,reviewed_override,,Pleiades exact Colonia Narbo Martius city point at 43.18362 3.00420; reviewed against the installed Narbonne location
narni,Narnia,reviewed_identity,roman_identity,antq_oscan_umbrian,PLE:413225;PLN:413225/narnia;R2,tier2,reviewed_override,,Reviewed modern-field identity for Pleiades place 413225; AD 1 name resource 413225/narnia.
navalucillos,,vanilla_passthrough,,,,,vanilla_passthrough,insufficient_secure_identity,No sufficiently secure AD 1 identity; EU5 vanilla localization retained.
navia_de_suarna,,vanilla_passthrough,,,,,vanilla_passthrough,insufficient_secure_identity,No sufficiently secure AD 1 identity; EU5 vanilla localization retained.
naxos,Naxos,reviewed_identity,roman_identity,antq_greek_koine,PLE:599821;PLN:599821/naxos;R2,tier2,reviewed_override,,Reviewed modern-field identity for Pleiades place 599821; AD 1 name resource 599821/naxos.
nazilli,,vanilla_passthrough,,,,,vanilla_passthrough,insufficient_secure_identity,No sufficiently secure AD 1 identity; EU5 vanilla localization retained.
nefta,,vanilla_passthrough,,,,,vanilla_passthrough,insufficient_secure_identity,No sufficiently secure AD 1 identity; EU5 vanilla localization retained.
negroponte,,vanilla_passthrough,,,,,vanilla_passthrough,insufficient_secure_identity,No sufficiently secure AD 1 identity; EU5 vanilla localization retained.
nekhel,,vanilla_passthrough,,,,,vanilla_passthrough,insufficient_secure_identity,No sufficiently secure AD 1 identity; EU5 vanilla localization retained.
nemours,,vanilla_passthrough,,,,,vanilla_passthrough,insufficient_secure_identity,No sufficiently secure AD 1 identity; EU5 vanilla localization retained.
neopatras,,vanilla_passthrough,,,,,vanilla_passthrough,insufficient_secure_identity,No sufficiently secure AD 1 identity; EU5 vanilla localization retained.
nerac,,vanilla_passthrough,,,,,vanilla_passthrough,insufficient_secure_identity,No sufficiently secure AD 1 identity; EU5 vanilla localization retained.
nesle,,vanilla_passthrough,,,,,vanilla_passthrough,insufficient_secure_identity,No sufficiently secure AD 1 identity; EU5 vanilla localization retained.
neuchatel,,vanilla_passthrough,,,,,vanilla_passthrough,insufficient_secure_identity,No sufficiently secure AD 1 identity; EU5 vanilla localization retained.
neufchateau_des_vosges,,vanilla_passthrough,,,,,vanilla_passthrough,insufficient_secure_identity,No sufficiently secure AD 1 identity; EU5 vanilla localization retained.
neufchateau_luxembourg,,vanilla_passthrough,,,,,vanilla_passthrough,insufficient_secure_identity,No sufficiently secure AD 1 identity; EU5 vanilla localization retained.
nevers,,vanilla_passthrough,,,,,vanilla_passthrough,insufficient_secure_identity,No sufficiently secure AD 1 identity; EU5 vanilla localization retained.
nevesinje,,vanilla_passthrough,,,,,vanilla_passthrough,insufficient_secure_identity,No sufficiently secure AD 1 identity; EU5 vanilla localization retained.
nevrokop,,vanilla_passthrough,,,,,vanilla_passthrough,insufficient_secure_identity,No sufficiently secure AD 1 identity; EU5 vanilla localization retained.
ngaous,,vanilla_passthrough,,,,,vanilla_passthrough,insufficient_secure_identity,No sufficiently secure AD 1 identity; EU5 vanilla localization retained.
nicastro,,vanilla_passthrough,,,,,vanilla_passthrough,insufficient_secure_identity,No sufficiently secure AD 1 identity; EU5 vanilla localization retained.
nice,Nicaea,reviewed_direct,curated,antq_ligurian,PLE:157894;P8.1,secure,reviewed_override,,Direct Pleiades Nicaea settlement point at the installed Nice coastal city field; this replaces the nearby but distinct inland Cemenelum adapter.
nicosiasic,,vanilla_passthrough,,,,,vanilla_passthrough,insufficient_secure_identity,No sufficiently secure AD 1 identity; EU5 vanilla localization retained.
niebla,Ilipoula,reviewed_identity,roman_identity,antq_turdulian,PLE:256221;PLN:256221/ilipoula;R2,tier2,reviewed_override,,Reviewed modern-field identity for Pleiades place 256221; AD 1 name resource 256221/ilipoula.
nikopol,,vanilla_passthrough,,,,,vanilla_passthrough,insufficient_secure_identity,No sufficiently secure AD 1 identity; EU5 vanilla localization retained.
nimes,Nemausus,reviewed_direct,curated,antq_latin,PLE:148142,secure,reviewed_override,,Pleiades exact Nemausus city point at 43.84312 4.35417; reviewed against the installed Nimes location
niort,,vanilla_passthrough,,,,,vanilla_passthrough,insufficient_secure_identity,No sufficiently secure AD 1 identity; EU5 vanilla localization retained.
nis,Naissus,reviewed_direct,curated,antq_latin,PLE:207303,secure,reviewed_override,,Pleiades exact Naissus settlement point at 43.31629 21.89388; reviewed against the installed Nis location
nogaro,,vanilla_passthrough,,,,,vanilla_passthrough,insufficient_secure_identity,No sufficiently secure AD 1 identity; EU5 vanilla localization retained.
nogent_sur_seine,,vanilla_passthrough,,,,,vanilla_passthrough,insufficient_secure_identity,No sufficiently secure AD 1 identity; EU5 vanilla localization retained.
nola,Nola,reviewed_identity,roman_identity,antq_latin,PLE:432981;PLN:432981/nola;R2,tier2,reviewed_override,,Reviewed modern-field identity for Pleiades place 432981; AD 1 name resource 432981/nola.
nonantola,,vanilla_passthrough,,,,,vanilla_passthrough,insufficient_secure_identity,No sufficiently secure AD 1 identity; EU5 vanilla localization retained.
nontron,,vanilla_passthrough,,,,,vanilla_passthrough,insufficient_secure_identity,No sufficiently secure AD 1 identity; EU5 vanilla localization retained.
noto,Neaition,reviewed_identity,roman_identity,antq_greek_koine,PLE:462388;PLN:462388/neaition;R2,tier2,reviewed_override,,Reviewed modern-field identity for Pleiades place 462388; AD 1 name resource 462388/neaition.
novara,Novaria,reviewed_identity,roman_identity,antq_cisalpine_gallic,PLE:383717;PLN:383717/novaria;R2,tier2,reviewed_override,,Reviewed modern-field identity for Pleiades place 383717; AD 1 name resource 383717/novaria.
novi,,vanilla_passthrough,,,,,vanilla_passthrough,insufficient_secure_identity,No sufficiently secure AD 1 identity; EU5 vanilla localization retained.
novigrad,,vanilla_passthrough,,,,,vanilla_passthrough,insufficient_secure_identity,No sufficiently secure AD 1 identity; EU5 vanilla localization retained.
novo_brdo,,vanilla_passthrough,,,,,vanilla_passthrough,insufficient_secure_identity,No sufficiently secure AD 1 identity; EU5 vanilla localization retained.
novo_mesto,,vanilla_passthrough,,,,,vanilla_passthrough,insufficient_secure_identity,No sufficiently secure AD 1 identity; EU5 vanilla localization retained.
noya,,vanilla_passthrough,,,,,vanilla_passthrough,insufficient_secure_identity,No sufficiently secure AD 1 identity; EU5 vanilla localization retained.
noyon,,vanilla_passthrough,,,,,vanilla_passthrough,insufficient_secure_identity,No sufficiently secure AD 1 identity; EU5 vanilla localization retained.
nozza,,vanilla_passthrough,,,,,vanilla_passthrough,insufficient_secure_identity,No sufficiently secure AD 1 identity; EU5 vanilla localization retained.
nuweiba,,vanilla_passthrough,,,,,vanilla_passthrough,insufficient_secure_identity,No sufficiently secure AD 1 identity; EU5 vanilla localization retained.
nyon,Iulia Equestris,reviewed_identity,roman_identity,antq_helvetian,PLE:177496;PLN:177496/col-iulia-equestris;R2,tier2,reviewed_override,,Reviewed modern-field identity for Pleiades place 177496; AD 1 name resource 177496/col-iulia-equestris.
obruk,,vanilla_passthrough,,,,,vanilla_passthrough,insufficient_secure_identity,No sufficiently secure AD 1 identity; EU5 vanilla localization retained.
ocana,,vanilla_passthrough,,,,,vanilla_passthrough,insufficient_secure_identity,No sufficiently secure AD 1 identity; EU5 vanilla localization retained.
odemira,,vanilla_passthrough,,,,,vanilla_passthrough,insufficient_secure_identity,No sufficiently secure AD 1 identity; EU5 vanilla localization retained.
ohrid,Lychnidós,reviewed_identity,roman_identity,antq_pelagonian,PLE:481900;PLN:481900/name.2013-01-09.4256986645;R2,tier2,reviewed_override,,Reviewed modern-field identity for Pleiades place 481900; AD 1 name resource 481900/name.2013-01-09.4256986645.
oitylo,,vanilla_passthrough,,,,,vanilla_passthrough,insufficient_secure_identity,No sufficiently secure AD 1 identity; EU5 vanilla localization retained.
oleron,,vanilla_passthrough,,,,,vanilla_passthrough,insufficient_secure_identity,No sufficiently secure AD 1 identity; EU5 vanilla localization retained.
olite,,vanilla_passthrough,,,,,vanilla_passthrough,insufficient_secure_identity,No sufficiently secure AD 1 identity; EU5 vanilla localization retained.
oloron,,vanilla_passthrough,,,,,vanilla_passthrough,insufficient_secure_identity,No sufficiently secure AD 1 identity; EU5 vanilla localization retained.
olovo,,vanilla_passthrough,,,,,vanilla_passthrough,insufficient_secure_identity,No sufficiently secure AD 1 identity; EU5 vanilla localization retained.
olvera,,vanilla_passthrough,,,,,vanilla_passthrough,insufficient_secure_identity,No sufficiently secure AD 1 identity; EU5 vanilla localization retained.
onate,,vanilla_passthrough,,,,,vanilla_passthrough,insufficient_secure_identity,No sufficiently secure AD 1 identity; EU5 vanilla localization retained.
onogost,,vanilla_passthrough,,,,,vanilla_passthrough,insufficient_secure_identity,No sufficiently secure AD 1 identity; EU5 vanilla localization retained.
orange,Arausio,reviewed_identity,roman_identity,antq_cavaric,PLE:148054;PLN:148054/col-arausio;R2,tier2,reviewed_override,,Reviewed modern-field identity for Pleiades place 148054; AD 1 name resource 148054/col-arausio.
orchimont,,vanilla_passthrough,,,,,vanilla_passthrough,insufficient_secure_identity,No sufficiently secure AD 1 identity; EU5 vanilla localization retained.
oreos,Oreos,reviewed_identity,roman_identity,antq_greek_koine,PLE:540988;PLN:540988/oreos;R2,tier2,reviewed_override,,Reviewed modern-field identity for Pleiades place 540988; AD 1 name resource 540988/oreos.
orgelet,,vanilla_passthrough,,,,,vanilla_passthrough,insufficient_secure_identity,No sufficiently secure AD 1 identity; EU5 vanilla localization retained.
orgiva,,vanilla_passthrough,,,,,vanilla_passthrough,insufficient_secure_identity,No sufficiently secure AD 1 identity; EU5 vanilla localization retained.
orihuela,,vanilla_passthrough,,,,,vanilla_passthrough,insufficient_secure_identity,No sufficiently secure AD 1 identity; EU5 vanilla localization retained.
oristano,,vanilla_passthrough,,,,,vanilla_passthrough,insufficient_secure_identity,No sufficiently secure AD 1 identity; EU5 vanilla localization retained.
orleans,Cenabum,reviewed_direct,curated,antq_latin,PLE:138281,secure,reviewed_override,,Pleiades exact Cenabum settlement point at 47.90073 1.90687; reviewed against the installed Orleans location
ornans,,vanilla_passthrough,,,,,vanilla_passthrough,insufficient_secure_identity,No sufficiently secure AD 1 identity; EU5 vanilla localization retained.
oropesa,,vanilla_passthrough,,,,,vanilla_passthrough,insufficient_secure_identity,No sufficiently secure AD 1 identity; EU5 vanilla localization retained.
orosei,,vanilla_passthrough,,,,,vanilla_passthrough,insufficient_secure_identity,No sufficiently secure AD 1 identity; EU5 vanilla localization retained.
orte,Horta,reviewed_direct,curated,antq_latin,PLE:413172;BAT-ITALY,secure,reviewed_override,,Direct ancient Horta label at the installed Orte city field; promotes the exact record above the wide proximity layer.
orthez,,vanilla_passthrough,,,,,vanilla_passthrough,insufficient_secure_identity,No sufficiently secure AD 1 identity; EU5 vanilla localization retained.
orvietano,Volsinii Veteres,reviewed_identity,roman_identity,antq_latin,PLE:413373;PLN:413373/volsinii-veteres;R2,tier2,reviewed_override,,Reviewed modern-field identity for Pleiades place 413373; AD 1 name resource 413373/volsinii-veteres.
oryahovo,,vanilla_passthrough,,,,,vanilla_passthrough,insufficient_secure_identity,No sufficiently secure AD 1 identity; EU5 vanilla localization retained.
osijek,,vanilla_passthrough,,,,,vanilla_passthrough,insufficient_secure_identity,No sufficiently secure AD 1 identity; EU5 vanilla localization retained.
ostend,,vanilla_passthrough,,,,,vanilla_passthrough,insufficient_secure_identity,No sufficiently secure AD 1 identity; EU5 vanilla localization retained.
ostiglia,,vanilla_passthrough,,,,,vanilla_passthrough,insufficient_secure_identity,No sufficiently secure AD 1 identity; EU5 vanilla localization retained.
ostrovo,,vanilla_passthrough,,,,,vanilla_passthrough,insufficient_secure_identity,No sufficiently secure AD 1 identity; EU5 vanilla localization retained.
osuna,Urso,reviewed_identity,roman_identity,antq_turdetanian,PLE:256503;PLN:256503/urso;R2,tier2,reviewed_override,,Reviewed modern-field identity for Pleiades place 256503; AD 1 name resource 256503/urso.
otocac,,vanilla_passthrough,,,,,vanilla_passthrough,insufficient_secure_identity,No sufficiently secure AD 1 identity; EU5 vanilla localization retained.
oudenaarde,,vanilla_passthrough,,,,,vanilla_passthrough,insufficient_secure_identity,No sufficiently secure AD 1 identity; EU5 vanilla localization retained.
ourense,,vanilla_passthrough,,,,,vanilla_passthrough,insufficient_secure_identity,No sufficiently secure AD 1 identity; EU5 vanilla localization retained.
ourique,,vanilla_passthrough,,,,,vanilla_passthrough,insufficient_secure_identity,No sufficiently secure AD 1 identity; EU5 vanilla localization retained.
ovech,,vanilla_passthrough,,,,,vanilla_passthrough,insufficient_secure_identity,No sufficiently secure AD 1 identity; EU5 vanilla localization retained.
oviedo,,vanilla_passthrough,,,,,vanilla_passthrough,insufficient_secure_identity,No sufficiently secure AD 1 identity; EU5 vanilla localization retained.
ozieri,,vanilla_passthrough,,,,,vanilla_passthrough,insufficient_secure_identity,No sufficiently secure AD 1 identity; EU5 vanilla localization retained.
padova,Patavium,reviewed_identity,roman_identity,antq_venetic,PLE:393473;PLN:393473/patavium;R2,tier2,reviewed_override,,Reviewed modern-field identity for Pleiades place 393473; AD 1 name resource 393473/patavium.
pag,,vanilla_passthrough,,,,,vanilla_passthrough,insufficient_secure_identity,No sufficiently secure AD 1 identity; EU5 vanilla localization retained.
pakrac,,vanilla_passthrough,,,,,vanilla_passthrough,insufficient_secure_identity,No sufficiently secure AD 1 identity; EU5 vanilla localization retained.
palazzolo,,vanilla_passthrough,,,,,vanilla_passthrough,insufficient_secure_identity,No sufficiently secure AD 1 identity; EU5 vanilla localization retained.
palencia,Palantia,reviewed_identity,roman_identity,antq_vaccaean,PLE:236591;PLN:236591/palantia;R2,tier2,reviewed_override,,Reviewed modern-field identity for Pleiades place 236591; AD 1 name resource 236591/palantia.
palenzuela,,vanilla_passthrough,,,,,vanilla_passthrough,insufficient_secure_identity,No sufficiently secure AD 1 identity; EU5 vanilla localization retained.
palermo,Panhormus,reviewed_identity,roman_identity,antq_greek_koine,PLE:462410;PLN:462410/panhormus;R2,tier2,reviewed_override,,Reviewed modern-field identity for Pleiades place 462410; AD 1 name resource 462410/panhormus.
palestrina,Praeneste,reviewed_identity,roman_identity,antq_latin,PLE:423013;PLN:423013/praeneste;R2,tier2,reviewed_override,,Reviewed modern-field identity for Pleiades place 423013; AD 1 name resource 423013/praeneste.
palma,Palma,reviewed_direct,curated,antq_latin,PLE,secure,reviewed_override,,Direct Roman-period city form for the installed Palma location
palma_del_rio,,vanilla_passthrough,,,,,vanilla_passthrough,insufficient_secure_identity,No sufficiently secure AD 1 identity; EU5 vanilla localization retained.
palmi,Taurianum,reviewed_identity,roman_identity,antq_oscan_umbrian,PLE:452466;PLN:452466/taurianum;R2,tier2,reviewed_override,,Reviewed modern-field identity for Pleiades place 452466; AD 1 name resource 452466/taurianum.
pamiers,,vanilla_passthrough,,,,,vanilla_passthrough,insufficient_secure_identity,No sufficiently secure AD 1 identity; EU5 vanilla localization retained.
pamplona,Pompelo,reviewed_direct,curated,antq_latin,PLE,secure,reviewed_override,,Direct Roman-period city form for the installed Pamplona location
pangalia,,vanilla_passthrough,,,,,vanilla_passthrough,insufficient_secure_identity,No sufficiently secure AD 1 identity; EU5 vanilla localization retained.
paola,,vanilla_passthrough,,,,,vanilla_passthrough,insufficient_secure_identity,No sufficiently secure AD 1 identity; EU5 vanilla localization retained.
pareja,,vanilla_passthrough,,,,,vanilla_passthrough,insufficient_secure_identity,No sufficiently secure AD 1 identity; EU5 vanilla localization retained.
parga,,vanilla_passthrough,,,,,vanilla_passthrough,insufficient_secure_identity,No sufficiently secure AD 1 identity; EU5 vanilla localization retained.
paris,Lutetia,reviewed_direct,curated,antq_parisian,PLE:109126;P8.7,secure,reviewed_override,,Secure AD 1 Pleiades settlement point at the installed Paris city field.
parma,Parma,reviewed_direct,curated,antq_latin,PLE:383737,secure,reviewed_override,,Pleiades exact Parma settlement point at 44.80151 10.32797; reviewed against the installed Parma location
parthenay,,vanilla_passthrough,,,,,vanilla_passthrough,insufficient_secure_identity,No sufficiently secure AD 1 identity; EU5 vanilla localization retained.
passavant,,vanilla_passthrough,,,,,vanilla_passthrough,insufficient_secure_identity,No sufficiently secure AD 1 identity; EU5 vanilla localization retained.
patras,Patrae,reviewed_direct,curated,antq_greek_koine,PLE;P8.1,secure,reviewed_override,,Secure Roman-period city form.
patti,,vanilla_passthrough,,,,,vanilla_passthrough,insufficient_secure_identity,No sufficiently secure AD 1 identity; EU5 vanilla localization retained.
pau,,vanilla_passthrough,,,,,vanilla_passthrough,insufficient_secure_identity,No sufficiently secure AD 1 identity; EU5 vanilla localization retained.
pavia,Ticinum,reviewed_direct,curated,antq_latin,PLE:383798,secure,reviewed_override,,Pleiades exact Ticinum city point at 45.18590 9.15656; reviewed against the installed Pavia location
pazin,,vanilla_passthrough,,,,,vanilla_passthrough,insufficient_secure_identity,No sufficiently secure AD 1 identity; EU5 vanilla localization retained.
pedraza,,vanilla_passthrough,,,,,vanilla_passthrough,insufficient_secure_identity,No sufficiently secure AD 1 identity; EU5 vanilla localization retained.
pedroche,,vanilla_passthrough,,,,,vanilla_passthrough,insufficient_secure_identity,No sufficiently secure AD 1 identity; EU5 vanilla localization retained.
peja,,vanilla_passthrough,,,,,vanilla_passthrough,insufficient_secure_identity,No sufficiently secure AD 1 identity; EU5 vanilla localization retained.
penafiel,,vanilla_passthrough,,,,,vanilla_passthrough,insufficient_secure_identity,No sufficiently secure AD 1 identity; EU5 vanilla localization retained.
peniscola,,vanilla_passthrough,,,,,vanilla_passthrough,insufficient_secure_identity,No sufficiently secure AD 1 identity; EU5 vanilla localization retained.
perg,,vanilla_passthrough,,,,,vanilla_passthrough,insufficient_secure_identity,No sufficiently secure AD 1 identity; EU5 vanilla localization retained.
perigueux,Vesunna,reviewed_direct,curated,antq_latin,PLE:138650,secure,reviewed_override,,Pleiades exact Vesunna settlement point at 45.18404 0.72170; reviewed against the installed Perigueux location
peronne,,vanilla_passthrough,,,,,vanilla_passthrough,insufficient_secure_identity,No sufficiently secure AD 1 identity; EU5 vanilla localization retained.
perpignan,,vanilla_passthrough,,,,,vanilla_passthrough,insufficient_secure_identity,No sufficiently secure AD 1 identity; EU5 vanilla localization retained.
perreux,,vanilla_passthrough,,,,,vanilla_passthrough,insufficient_secure_identity,No sufficiently secure AD 1 identity; EU5 vanilla localization retained.
perugia,Perusia,reviewed_direct,curated,antq_latin,PLE:413248,secure,reviewed_override,,Pleiades exact Perusia city point at 43.11119 12.38991; reviewed against the installed Perugia location
pesaro,Pisaurum,reviewed_direct,curated,antq_latin,PLE:413256,secure,reviewed_override,,Pleiades exact Pisaurum city point at 43.91208 12.91577; reviewed against the installed Pesaro location
peschiera,,vanilla_passthrough,,,,,vanilla_passthrough,insufficient_secure_identity,No sufficiently secure AD 1 identity; EU5 vanilla localization retained.
pescia,,vanilla_passthrough,,,,,vanilla_passthrough,insufficient_secure_identity,No sufficiently secure AD 1 identity; EU5 vanilla localization retained.
petrinja,,vanilla_passthrough,,,,,vanilla_passthrough,insufficient_secure_identity,No sufficiently secure AD 1 identity; EU5 vanilla localization retained.
petrovaradin,,vanilla_passthrough,,,,,vanilla_passthrough,insufficient_secure_identity,No sufficiently secure AD 1 identity; EU5 vanilla localization retained.
peyre,,vanilla_passthrough,,,,,vanilla_passthrough,insufficient_secure_identity,No sufficiently secure AD 1 identity; EU5 vanilla localization retained.
peyrusse,,vanilla_passthrough,,,,,vanilla_passthrough,insufficient_secure_identity,No sufficiently secure AD 1 identity; EU5 vanilla localization retained.
piacenza,Placentia,reviewed_direct,curated,antq_latin,PLE;ORB;P8.1,secure,reviewed_override,,Direct Roman Via Aemilia city name
piazza,,vanilla_passthrough,,,,,vanilla_passthrough,insufficient_secure_identity,No sufficiently secure AD 1 identity; EU5 vanilla localization retained.
piedimonte,,vanilla_passthrough,,,,,vanilla_passthrough,insufficient_secure_identity,No sufficiently secure AD 1 identity; EU5 vanilla localization retained.
piedrahita,,vanilla_passthrough,,,,,vanilla_passthrough,insufficient_secure_identity,No sufficiently secure AD 1 identity; EU5 vanilla localization retained.
pieve,,vanilla_passthrough,,,,,vanilla_passthrough,insufficient_secure_identity,No sufficiently secure AD 1 identity; EU5 vanilla localization retained.
pina_de_ebro,,vanilla_passthrough,,,,,vanilla_passthrough,insufficient_secure_identity,No sufficiently secure AD 1 identity; EU5 vanilla localization retained.
pinar,,vanilla_passthrough,,,,,vanilla_passthrough,insufficient_secure_identity,No sufficiently secure AD 1 identity; EU5 vanilla localization retained.
pinerolo,,vanilla_passthrough,,,,,vanilla_passthrough,insufficient_secure_identity,No sufficiently secure AD 1 identity; EU5 vanilla localization retained.
pinhel,,vanilla_passthrough,,,,,vanilla_passthrough,insufficient_secure_identity,No sufficiently secure AD 1 identity; EU5 vanilla localization retained.
piombino,,vanilla_passthrough,,,,,vanilla_passthrough,insufficient_secure_identity,No sufficiently secure AD 1 identity; EU5 vanilla localization retained.
pirloganda,,vanilla_passthrough,,,,,vanilla_passthrough,insufficient_secure_identity,No sufficiently secure AD 1 identity; EU5 vanilla localization retained.
pirot,,vanilla_passthrough,,,,,vanilla_passthrough,insufficient_secure_identity,No sufficiently secure AD 1 identity; EU5 vanilla localization retained.
pisa,Pisae,reviewed_direct,curated,antq_latin,PLE;ORB;P8.1,secure,reviewed_override,,Direct Roman Tyrrhenian city name
pistoia,,vanilla_passthrough,,,,,vanilla_passthrough,insufficient_secure_identity,No sufficiently secure AD 1 identity; EU5 vanilla localization retained.
pitigliano,,vanilla_passthrough,,,,,vanilla_passthrough,insufficient_secure_identity,No sufficiently secure AD 1 identity; EU5 vanilla localization retained.
pitten,,vanilla_passthrough,,,,,vanilla_passthrough,insufficient_secure_identity,No sufficiently secure AD 1 identity; EU5 vanilla localization retained.
plasencia,,vanilla_passthrough,,,,,vanilla_passthrough,insufficient_secure_identity,No sufficiently secure AD 1 identity; EU5 vanilla localization retained.
pleven,,vanilla_passthrough,,,,,vanilla_passthrough,insufficient_secure_identity,No sufficiently secure AD 1 identity; EU5 vanilla localization retained.
pljevlja,,vanilla_passthrough,,,,,vanilla_passthrough,insufficient_secure_identity,No sufficiently secure AD 1 identity; EU5 vanilla localization retained.
ploermel,,vanilla_passthrough,,,,,vanilla_passthrough,insufficient_secure_identity,No sufficiently secure AD 1 identity; EU5 vanilla localization retained.
podgorica,,vanilla_passthrough,,,,,vanilla_passthrough,insufficient_secure_identity,No sufficiently secure AD 1 identity; EU5 vanilla localization retained.
poggibonsi,,vanilla_passthrough,,,,,vanilla_passthrough,insufficient_secure_identity,No sufficiently secure AD 1 identity; EU5 vanilla localization retained.
poitiers,Limonum,reviewed_direct,curated,antq_latin,PLE:138422,secure,reviewed_override,,Pleiades exact Limonum settlement point at 46.58365 0.34599; reviewed against the installed Poitiers location
pola,Pola,reviewed_identity,roman_identity,antq_illyrian,PLE:197448;PLN:197448/name.2013-01-11.5638691909;R2,tier2,reviewed_override,,Reviewed modern-field identity for Pleiades place 197448; AD 1 name resource 197448/name.2013-01-11.5638691909.
polatli,,vanilla_passthrough,,,,,vanilla_passthrough,insufficient_secure_identity,No sufficiently secure AD 1 identity; EU5 vanilla localization retained.
poligny,,vanilla_passthrough,,,,,vanilla_passthrough,insufficient_secure_identity,No sufficiently secure AD 1 identity; EU5 vanilla localization retained.
pollensa,,vanilla_passthrough,,,,,vanilla_passthrough,insufficient_secure_identity,No sufficiently secure AD 1 identity; EU5 vanilla localization retained.
polygyros,,vanilla_passthrough,,,,,vanilla_passthrough,insufficient_secure_identity,No sufficiently secure AD 1 identity; EU5 vanilla localization retained.
ponferrada,,vanilla_passthrough,,,,,vanilla_passthrough,insufficient_secure_identity,No sufficiently secure AD 1 identity; EU5 vanilla localization retained.
pont_audemer,,vanilla_passthrough,,,,,vanilla_passthrough,insufficient_secure_identity,No sufficiently secure AD 1 identity; EU5 vanilla localization retained.
pont_douilly,,vanilla_passthrough,,,,,vanilla_passthrough,insufficient_secure_identity,No sufficiently secure AD 1 identity; EU5 vanilla localization retained.
pontarlier,,vanilla_passthrough,,,,,vanilla_passthrough,insufficient_secure_identity,No sufficiently secure AD 1 identity; EU5 vanilla localization retained.
ponte_sor,,vanilla_passthrough,,,,,vanilla_passthrough,insufficient_secure_identity,No sufficiently secure AD 1 identity; EU5 vanilla localization retained.
pontedera,,vanilla_passthrough,,,,,vanilla_passthrough,insufficient_secure_identity,No sufficiently secure AD 1 identity; EU5 vanilla localization retained.
pontevedra,,vanilla_passthrough,,,,,vanilla_passthrough,insufficient_secure_identity,No sufficiently secure AD 1 identity; EU5 vanilla localization retained.
pontikokastro,,vanilla_passthrough,,,,,vanilla_passthrough,insufficient_secure_identity,No sufficiently secure AD 1 identity; EU5 vanilla localization retained.
pordenone,,vanilla_passthrough,,,,,vanilla_passthrough,insufficient_secure_identity,No sufficiently secure AD 1 identity; EU5 vanilla localization retained.
portalegre,,vanilla_passthrough,,,,,vanilla_passthrough,insufficient_secure_identity,No sufficiently secure AD 1 identity; EU5 vanilla localization retained.
portel,,vanilla_passthrough,,,,,vanilla_passthrough,insufficient_secure_identity,No sufficiently secure AD 1 identity; EU5 vanilla localization retained.
porto,,vanilla_passthrough,,,,,vanilla_passthrough,insufficient_secure_identity,No sufficiently secure AD 1 identity; EU5 vanilla localization retained.
posada,,vanilla_passthrough,,,,,vanilla_passthrough,insufficient_secure_identity,No sufficiently secure AD 1 identity; EU5 vanilla localization retained.
postojna,,vanilla_passthrough,,,,,vanilla_passthrough,insufficient_secure_identity,No sufficiently secure AD 1 identity; EU5 vanilla localization retained.
potenza,,vanilla_passthrough,,,,,vanilla_passthrough,insufficient_secure_identity,No sufficiently secure AD 1 identity; EU5 vanilla localization retained.
potes,,vanilla_passthrough,,,,,vanilla_passthrough,insufficient_secure_identity,No sufficiently secure AD 1 identity; EU5 vanilla localization retained.
pozega,,vanilla_passthrough,,,,,vanilla_passthrough,insufficient_secure_identity,No sufficiently secure AD 1 identity; EU5 vanilla localization retained.
prades,,vanilla_passthrough,,,,,vanilla_passthrough,insufficient_secure_identity,No sufficiently secure AD 1 identity; EU5 vanilla localization retained.
pragelato,,vanilla_passthrough,,,,,vanilla_passthrough,insufficient_secure_identity,No sufficiently secure AD 1 identity; EU5 vanilla localization retained.
prato,,vanilla_passthrough,,,,,vanilla_passthrough,insufficient_secure_identity,No sufficiently secure AD 1 identity; EU5 vanilla localization retained.
preveza,,vanilla_passthrough,,,,,vanilla_passthrough,insufficient_secure_identity,No sufficiently secure AD 1 identity; EU5 vanilla localization retained.
prijepolje,,vanilla_passthrough,,,,,vanilla_passthrough,insufficient_secure_identity,No sufficiently secure AD 1 identity; EU5 vanilla localization retained.
prilep,,vanilla_passthrough,,,,,vanilla_passthrough,insufficient_secure_identity,No sufficiently secure AD 1 identity; EU5 vanilla localization retained.
pristina,,vanilla_passthrough,,,,,vanilla_passthrough,insufficient_secure_identity,No sufficiently secure AD 1 identity; EU5 vanilla localization retained.
privas,,vanilla_passthrough,,,,,vanilla_passthrough,insufficient_secure_identity,No sufficiently secure AD 1 identity; EU5 vanilla localization retained.
prizren,,vanilla_passthrough,,,,,vanilla_passthrough,insufficient_secure_identity,No sufficiently secure AD 1 identity; EU5 vanilla localization retained.
proenca_nova,,vanilla_passthrough,,,,,vanilla_passthrough,insufficient_secure_identity,No sufficiently secure AD 1 identity; EU5 vanilla localization retained.
prokuplje,,vanilla_passthrough,,,,,vanilla_passthrough,insufficient_secure_identity,No sufficiently secure AD 1 identity; EU5 vanilla localization retained.
prosek,,vanilla_passthrough,,,,,vanilla_passthrough,insufficient_secure_identity,No sufficiently secure AD 1 identity; EU5 vanilla localization retained.
provins,,vanilla_passthrough,,,,,vanilla_passthrough,insufficient_secure_identity,No sufficiently secure AD 1 identity; EU5 vanilla localization retained.
ptuj,Poetovio,reviewed_direct,curated,antq_latin,PLE:197446,secure,reviewed_override,,Pleiades exact Poetovio settlement point at 46.41998 15.86998; reviewed against the installed Ptuj location
puebla_de_alcocer,,vanilla_passthrough,,,,,vanilla_passthrough,insufficient_secure_identity,No sufficiently secure AD 1 identity; EU5 vanilla localization retained.
puebla_de_guzman,,vanilla_passthrough,,,,,vanilla_passthrough,insufficient_secure_identity,No sufficiently secure AD 1 identity; EU5 vanilla localization retained.
puebla_de_montalban,,vanilla_passthrough,,,,,vanilla_passthrough,insufficient_secure_identity,No sufficiently secure AD 1 identity; EU5 vanilla localization retained.
puebla_de_sanabria,,vanilla_passthrough,,,,,vanilla_passthrough,insufficient_secure_identity,No sufficiently secure AD 1 identity; EU5 vanilla localization retained.
puente_arzobispo,,vanilla_passthrough,,,,,vanilla_passthrough,insufficient_secure_identity,No sufficiently secure AD 1 identity; EU5 vanilla localization retained.
puertollano,,vanilla_passthrough,,,,,vanilla_passthrough,insufficient_secure_identity,No sufficiently secure AD 1 identity; EU5 vanilla localization retained.
puget_theniers,,vanilla_passthrough,,,,,vanilla_passthrough,insufficient_secure_identity,No sufficiently secure AD 1 identity; EU5 vanilla localization retained.
puigcerda,,vanilla_passthrough,,,,,vanilla_passthrough,insufficient_secure_identity,No sufficiently secure AD 1 identity; EU5 vanilla localization retained.
pyli,,vanilla_passthrough,,,,,vanilla_passthrough,insufficient_secure_identity,No sufficiently secure AD 1 identity; EU5 vanilla localization retained.
qalyub,,vanilla_passthrough,,,,,vanilla_passthrough,insufficient_secure_identity,No sufficiently secure AD 1 identity; EU5 vanilla localization retained.
qaminis,,vanilla_passthrough,,,,,vanilla_passthrough,insufficient_secure_identity,No sufficiently secure AD 1 identity; EU5 vanilla localization retained.
qasr_farafra,,vanilla_passthrough,,,,,vanilla_passthrough,insufficient_secure_identity,No sufficiently secure AD 1 identity; EU5 vanilla localization retained.
qatya,,vanilla_passthrough,,,,,vanilla_passthrough,insufficient_secure_identity,No sufficiently secure AD 1 identity; EU5 vanilla localization retained.
qena,Coptos,reviewed_direct,curated,antq_egyptian,PLE:786010,secure,reviewed_override,,Direct Coptos settlement point; the installed Qena key is a bounded Nile-city adapter.
quimper,,vanilla_passthrough,,,,,vanilla_passthrough,insufficient_secure_identity,No sufficiently secure AD 1 identity; EU5 vanilla localization retained.
quimperle,,vanilla_passthrough,,,,,vanilla_passthrough,insufficient_secure_identity,No sufficiently secure AD 1 identity; EU5 vanilla localization retained.
qus,Apollonopolis Parva,reviewed_identity,roman_identity,antq_egyptian,PLE:785975;PLN:785975/apollonopolis-parva;R2,tier2,reviewed_override,,Reviewed modern-field identity for Pleiades place 785975; AD 1 name resource 785975/apollonopolis-parva.
ramsis,,vanilla_passthrough,,,,,vanilla_passthrough,insufficient_secure_identity,No sufficiently secure AD 1 identity; EU5 vanilla localization retained.
ras_gharib,,vanilla_passthrough,,,,,vanilla_passthrough,insufficient_secure_identity,No sufficiently secure AD 1 identity; EU5 vanilla localization retained.
ras_lanuf,,vanilla_passthrough,,,,,vanilla_passthrough,insufficient_secure_identity,No sufficiently secure AD 1 identity; EU5 vanilla localization retained.
rashid,Bolbitine,reviewed_identity,roman_identity,antq_egyptian,PLE:727085;PLN:727085/bolbitine;R2,tier2,reviewed_override,,Reviewed modern-field identity for Pleiades place 727085; AD 1 name resource 727085/bolbitine.
ravenna,Ravenna,reviewed_direct,curated,antq_cisalpine_gallic,PLE:393480;P8.1;MIC-CLASSE,secure,reviewed_override,,Direct Pleiades settlement point at the installed Ravenna city field; this replaces the distant Augusta adapter.
ravno,,vanilla_passthrough,,,,,vanilla_passthrough,insufficient_secure_identity,No sufficiently secure AD 1 identity; EU5 vanilla localization retained.
razgrad,,vanilla_passthrough,,,,,vanilla_passthrough,insufficient_secure_identity,No sufficiently secure AD 1 identity; EU5 vanilla localization retained.
redon,,vanilla_passthrough,,,,,vanilla_passthrough,insufficient_secure_identity,No sufficiently secure AD 1 identity; EU5 vanilla localization retained.
reggiocal,Regium,reviewed_direct,curated,antq_latin,PLE:452416,secure,reviewed_override,,Pleiades Rhegion Regium city point at 38.10928 15.64393; Roman-period Latin form retained
reggioem,Regium Lepidum,reviewed_direct,curated,antq_latin,PLE:383755,secure,reviewed_override,,Pleiades exact Regium Lepidum city point at 44.69814 10.63072; reviewed against the installed Reggio Emilia location
reims,Durocortorum,reviewed_direct,curated,antq_latin,PLE:108945,secure,reviewed_override,,Pleiades exact Durocortorum settlement point at 49.25395 4.03320; reviewed against the installed Reims location
reinosa,,vanilla_passthrough,,,,,vanilla_passthrough,insufficient_secure_identity,No sufficiently secure AD 1 identity; EU5 vanilla localization retained.
rennes,Condate Redonum,reviewed_identity,roman_identity,antq_redonian,PLE:69491;PLN:69491/condate-redonum;R2,tier2,reviewed_override,,Reviewed modern-field identity for Pleiades place 69491; AD 1 name resource 69491/condate-redonum.
rentina,,vanilla_passthrough,,,,,vanilla_passthrough,insufficient_secure_identity,No sufficiently secure AD 1 identity; EU5 vanilla localization retained.
requena,,vanilla_passthrough,,,,,vanilla_passthrough,insufficient_secure_identity,No sufficiently secure AD 1 identity; EU5 vanilla localization retained.
rethel,,vanilla_passthrough,,,,,vanilla_passthrough,insufficient_secure_identity,No sufficiently secure AD 1 identity; EU5 vanilla localization retained.
rethymno,,vanilla_passthrough,,,,,vanilla_passthrough,insufficient_secure_identity,No sufficiently secure AD 1 identity; EU5 vanilla localization retained.
reutte,,vanilla_passthrough,,,,,vanilla_passthrough,insufficient_secure_identity,No sufficiently secure AD 1 identity; EU5 vanilla localization retained.
rho,,vanilla_passthrough,,,,,vanilla_passthrough,insufficient_secure_identity,No sufficiently secure AD 1 identity; EU5 vanilla localization retained.
riano,,vanilla_passthrough,,,,,vanilla_passthrough,insufficient_secure_identity,No sufficiently secure AD 1 identity; EU5 vanilla localization retained.
ribadavia,,vanilla_passthrough,,,,,vanilla_passthrough,insufficient_secure_identity,No sufficiently secure AD 1 identity; EU5 vanilla localization retained.
ribemont,,vanilla_passthrough,,,,,vanilla_passthrough,insufficient_secure_identity,No sufficiently secure AD 1 identity; EU5 vanilla localization retained.
riberac,,vanilla_passthrough,,,,,vanilla_passthrough,insufficient_secure_identity,No sufficiently secure AD 1 identity; EU5 vanilla localization retained.
ried,,vanilla_passthrough,,,,,vanilla_passthrough,insufficient_secure_identity,No sufficiently secure AD 1 identity; EU5 vanilla localization retained.
rieti,Reate,reviewed_identity,roman_identity,antq_oscan_umbrian,PLE:413283;PLN:413283/reate;R2,tier2,reviewed_override,,Reviewed modern-field identity for Pleiades place 413283; AD 1 name resource 413283/reate.
rijeka,,vanilla_passthrough,,,,,vanilla_passthrough,insufficient_secure_identity,No sufficiently secure AD 1 identity; EU5 vanilla localization retained.
rimini,Ariminum,reviewed_direct,curated,antq_latin,PLE:393379;MIC-AEM,secure,reviewed_override,,Pleiades exact Ariminum city point at 44.05896 12.56319; the local Ministry source also anchors Roman Rimini
riom,,vanilla_passthrough,,,,,vanilla_passthrough,insufficient_secure_identity,No sufficiently secure AD 1 identity; EU5 vanilla localization retained.
ripoll,,vanilla_passthrough,,,,,vanilla_passthrough,insufficient_secure_identity,No sufficiently secure AD 1 identity; EU5 vanilla localization retained.
riva,,vanilla_passthrough,,,,,vanilla_passthrough,insufficient_secure_identity,No sufficiently secure AD 1 identity; EU5 vanilla localization retained.
riverie,,vanilla_passthrough,,,,,vanilla_passthrough,insufficient_secure_identity,No sufficiently secure AD 1 identity; EU5 vanilla localization retained.
rize,Rhizaion,reviewed_identity,roman_identity,antq_chalybian,PLE:857297;PLN:857297/rhizaion-1;R2,tier2,reviewed_override,,Reviewed modern-field identity for Pleiades place 857297; AD 1 name resource 857297/rhizaion-1.
roanne,Rodumna,reviewed_identity,roman_identity,antq_segusiavian,PLE:167885;PLN:167885/rodumna;R2,tier2,reviewed_override,,Reviewed modern-field identity for Pleiades place 167885; AD 1 name resource 167885/rodumna.
rochechouart,,vanilla_passthrough,,,,,vanilla_passthrough,insufficient_secure_identity,No sufficiently secure AD 1 identity; EU5 vanilla localization retained.
rochefort,,vanilla_passthrough,,,,,vanilla_passthrough,insufficient_secure_identity,No sufficiently secure AD 1 identity; EU5 vanilla localization retained.
rodez,Segodunum,reviewed_identity,roman_identity,antq_rutenian,PLE:138579;PLN:138579/segodunum;R2,tier2,reviewed_override,,Reviewed modern-field identity for Pleiades place 138579; AD 1 name resource 138579/segodunum.
rodos,Rhodos,reviewed_identity,roman_identity,antq_greek_koine,PLE:590030;PLN:590030/rhodos-1;R2,tier2,reviewed_override,,Reviewed modern-field identity for Pleiades place 590030; AD 1 name resource 590030/rhodos-1.
rohan,,vanilla_passthrough,,,,,vanilla_passthrough,insufficient_secure_identity,No sufficiently secure AD 1 identity; EU5 vanilla localization retained.
rohrbach,,vanilla_passthrough,,,,,vanilla_passthrough,insufficient_secure_identity,No sufficiently secure AD 1 identity; EU5 vanilla localization retained.
romans,,vanilla_passthrough,,,,,vanilla_passthrough,insufficient_secure_identity,No sufficiently secure AD 1 identity; EU5 vanilla localization retained.
rome,Roma,reviewed_direct,curated,antq_latin,P8.1;CAH-XI,secure,reviewed_override,,Secure AD 1 Roman capital form at the direct installed Rome city field.
romorantin,,vanilla_passthrough,,,,,vanilla_passthrough,insufficient_secure_identity,No sufficiently secure AD 1 identity; EU5 vanilla localization retained.
roncesvalles,,vanilla_passthrough,,,,,vanilla_passthrough,insufficient_secure_identity,No sufficiently secure AD 1 identity; EU5 vanilla localization retained.
ronda,,vanilla_passthrough,,,,,vanilla_passthrough,insufficient_secure_identity,No sufficiently secure AD 1 identity; EU5 vanilla localization retained.
rosnay,,vanilla_passthrough,,,,,vanilla_passthrough,insufficient_secure_identity,No sufficiently secure AD 1 identity; EU5 vanilla localization retained.
rossano,,vanilla_passthrough,,,,,vanilla_passthrough,insufficient_secure_identity,No sufficiently secure AD 1 identity; EU5 vanilla localization retained.
rotondo,,vanilla_passthrough,,,,,vanilla_passthrough,insufficient_secure_identity,No sufficiently secure AD 1 identity; EU5 vanilla localization retained.
rottenmann,,vanilla_passthrough,,,,,vanilla_passthrough,insufficient_secure_identity,No sufficiently secure AD 1 identity; EU5 vanilla localization retained.
roucy,,vanilla_passthrough,,,,,vanilla_passthrough,insufficient_secure_identity,No sufficiently secure AD 1 identity; EU5 vanilla localization retained.
rouen,Rotomagus,reviewed_direct,curated,antq_latin,PLE:109287,secure,reviewed_override,,Pleiades exact Rotomagus settlement point at 49.44084 1.09645; reviewed against the installed Rouen location
rovegno,,vanilla_passthrough,,,,,vanilla_passthrough,insufficient_secure_identity,No sufficiently secure AD 1 identity; EU5 vanilla localization retained.
rovereto,,vanilla_passthrough,,,,,vanilla_passthrough,insufficient_secure_identity,No sufficiently secure AD 1 identity; EU5 vanilla localization retained.
rovigo,,vanilla_passthrough,,,,,vanilla_passthrough,insufficient_secure_identity,No sufficiently secure AD 1 identity; EU5 vanilla localization retained.
rovinj,,vanilla_passthrough,,,,,vanilla_passthrough,insufficient_secure_identity,No sufficiently secure AD 1 identity; EU5 vanilla localization retained.
royan,,vanilla_passthrough,,,,,vanilla_passthrough,insufficient_secure_identity,No sufficiently secure AD 1 identity; EU5 vanilla localization retained.
rudnik,,vanilla_passthrough,,,,,vanilla_passthrough,insufficient_secure_identity,No sufficiently secure AD 1 identity; EU5 vanilla localization retained.
ruse,,vanilla_passthrough,,,,,vanilla_passthrough,insufficient_secure_identity,No sufficiently secure AD 1 identity; EU5 vanilla localization retained.
saalfelden,,vanilla_passthrough,,,,,vanilla_passthrough,insufficient_secure_identity,No sufficiently secure AD 1 identity; EU5 vanilla localization retained.
saanen,,vanilla_passthrough,,,,,vanilla_passthrough,insufficient_secure_identity,No sufficiently secure AD 1 identity; EU5 vanilla localization retained.
saarwerden,,vanilla_passthrough,,,,,vanilla_passthrough,insufficient_secure_identity,No sufficiently secure AD 1 identity; EU5 vanilla localization retained.
sabac,,vanilla_passthrough,,,,,vanilla_passthrough,insufficient_secure_identity,No sufficiently secure AD 1 identity; EU5 vanilla localization retained.
sabanozu,,vanilla_passthrough,,,,,vanilla_passthrough,insufficient_secure_identity,No sufficiently secure AD 1 identity; EU5 vanilla localization retained.
sabina,,vanilla_passthrough,,,,,vanilla_passthrough,insufficient_secure_identity,No sufficiently secure AD 1 identity; EU5 vanilla localization retained.
sable,,vanilla_passthrough,,,,,vanilla_passthrough,insufficient_secure_identity,No sufficiently secure AD 1 identity; EU5 vanilla localization retained.
sabugal,,vanilla_passthrough,,,,,vanilla_passthrough,insufficient_secure_identity,No sufficiently secure AD 1 identity; EU5 vanilla localization retained.
safaga,,vanilla_passthrough,,,,,vanilla_passthrough,insufficient_secure_identity,No sufficiently secure AD 1 identity; EU5 vanilla localization retained.
safranbolu,,vanilla_passthrough,,,,,vanilla_passthrough,insufficient_secure_identity,No sufficiently secure AD 1 identity; EU5 vanilla localization retained.
sahagun,,vanilla_passthrough,,,,,vanilla_passthrough,insufficient_secure_identity,No sufficiently secure AD 1 identity; EU5 vanilla localization retained.
saint_anthony,,vanilla_passthrough,,,,,vanilla_passthrough,insufficient_secure_identity,No sufficiently secure AD 1 identity; EU5 vanilla localization retained.
saint_avold,,vanilla_passthrough,,,,,vanilla_passthrough,insufficient_secure_identity,No sufficiently secure AD 1 identity; EU5 vanilla localization retained.
saint_brieuc,,vanilla_passthrough,,,,,vanilla_passthrough,insufficient_secure_identity,No sufficiently secure AD 1 identity; EU5 vanilla localization retained.
saint_claude,,vanilla_passthrough,,,,,vanilla_passthrough,insufficient_secure_identity,No sufficiently secure AD 1 identity; EU5 vanilla localization retained.
saint_die,,vanilla_passthrough,,,,,vanilla_passthrough,insufficient_secure_identity,No sufficiently secure AD 1 identity; EU5 vanilla localization retained.
saint_etienne,,vanilla_passthrough,,,,,vanilla_passthrough,insufficient_secure_identity,No sufficiently secure AD 1 identity; EU5 vanilla localization retained.
saint_florentin,,vanilla_passthrough,,,,,vanilla_passthrough,insufficient_secure_identity,No sufficiently secure AD 1 identity; EU5 vanilla localization retained.
saint_flour,,vanilla_passthrough,,,,,vanilla_passthrough,insufficient_secure_identity,No sufficiently secure AD 1 identity; EU5 vanilla localization retained.
saint_gaudens,,vanilla_passthrough,,,,,vanilla_passthrough,insufficient_secure_identity,No sufficiently secure AD 1 identity; EU5 vanilla localization retained.
saint_jean_de_maurienne,,vanilla_passthrough,,,,,vanilla_passthrough,insufficient_secure_identity,No sufficiently secure AD 1 identity; EU5 vanilla localization retained.
saint_jean_pied_de_port,,vanilla_passthrough,,,,,vanilla_passthrough,insufficient_secure_identity,No sufficiently secure AD 1 identity; EU5 vanilla localization retained.
saint_katrine,,vanilla_passthrough,,,,,vanilla_passthrough,insufficient_secure_identity,No sufficiently secure AD 1 identity; EU5 vanilla localization retained.
saint_lizier,Consoranni,reviewed_identity,roman_identity,antq_convenian,PLE:246354;PLN:246354/consoranni;R2,tier2,reviewed_override,,Reviewed modern-field identity for Pleiades place 246354; AD 1 name resource 246354/consoranni.
saint_malo,,vanilla_passthrough,,,,,vanilla_passthrough,insufficient_secure_identity,No sufficiently secure AD 1 identity; EU5 vanilla localization retained.
saint_marceilin,,vanilla_passthrough,,,,,vanilla_passthrough,insufficient_secure_identity,No sufficiently secure AD 1 identity; EU5 vanilla localization retained.
saint_mihiel,,vanilla_passthrough,,,,,vanilla_passthrough,insufficient_secure_identity,No sufficiently secure AD 1 identity; EU5 vanilla localization retained.
saint_omer,,vanilla_passthrough,,,,,vanilla_passthrough,insufficient_secure_identity,No sufficiently secure AD 1 identity; EU5 vanilla localization retained.
saint_paul_anchorite,,vanilla_passthrough,,,,,vanilla_passthrough,insufficient_secure_identity,No sufficiently secure AD 1 identity; EU5 vanilla localization retained.
saint_pol,,vanilla_passthrough,,,,,vanilla_passthrough,insufficient_secure_identity,No sufficiently secure AD 1 identity; EU5 vanilla localization retained.
saint_pons,,vanilla_passthrough,,,,,vanilla_passthrough,insufficient_secure_identity,No sufficiently secure AD 1 identity; EU5 vanilla localization retained.
saint_quentin,Augusta Viromanduorum,reviewed_identity,roman_identity,antq_viromanduian,PLE:108774;PLN:108774/augusta-viromanduorum;R2,tier2,reviewed_override,,Reviewed modern-field identity for Pleiades place 108774; AD 1 name resource 108774/augusta-viromanduorum.
sainte_suzanne,,vanilla_passthrough,,,,,vanilla_passthrough,insufficient_secure_identity,No sufficiently secure AD 1 identity; EU5 vanilla localization retained.
saintes,Mediolanum,reviewed_direct,curated,antq_latin,PLE:138458,secure,reviewed_override,,Pleiades exact Mediolanum settlement point at 45.74417 -0.63339; reviewed against the installed Saintes location
salacon,Consilinum,reviewed_identity,roman_identity,antq_latin,PLE:442757;PLN:442757/consilinum-castrum;R2,tier2,reviewed_override,,Reviewed modern-field identity for Pleiades place 442757; AD 1 name resource 442757/consilinum-castrum.
salamanca,Salmantica,reviewed_direct,curated,antq_latin,PLE,secure,reviewed_override,,Direct Roman-period city form for the installed Salamanca location
saldana,,vanilla_passthrough,,,,,vanilla_passthrough,insufficient_secure_identity,No sufficiently secure AD 1 identity; EU5 vanilla localization retained.
salemi,,vanilla_passthrough,,,,,vanilla_passthrough,insufficient_secure_identity,No sufficiently secure AD 1 identity; EU5 vanilla localization retained.
salerno,Salernum,reviewed_direct,curated,antq_latin,PLE:433075,secure,reviewed_override,,Pleiades exact Salernum city point at 40.67799 14.76592; reviewed against the installed Salerno location
salins_les_bains,,vanilla_passthrough,,,,,vanilla_passthrough,insufficient_secure_identity,No sufficiently secure AD 1 identity; EU5 vanilla localization retained.
sallanches,,vanilla_passthrough,,,,,vanilla_passthrough,insufficient_secure_identity,No sufficiently secure AD 1 identity; EU5 vanilla localization retained.
sallum,,vanilla_passthrough,,,,,vanilla_passthrough,insufficient_secure_identity,No sufficiently secure AD 1 identity; EU5 vanilla localization retained.
salm,,vanilla_passthrough,,,,,vanilla_passthrough,insufficient_secure_identity,No sufficiently secure AD 1 identity; EU5 vanilla localization retained.
salo_ita,,vanilla_passthrough,,,,,vanilla_passthrough,insufficient_secure_identity,No sufficiently secure AD 1 identity; EU5 vanilla localization retained.
salona,,vanilla_passthrough,,,,,vanilla_passthrough,insufficient_secure_identity,No sufficiently secure AD 1 identity; EU5 vanilla localization retained.
saluzzo,,vanilla_passthrough,,,,,vanilla_passthrough,insufficient_secure_identity,No sufficiently secure AD 1 identity; EU5 vanilla localization retained.
salvaterra,,vanilla_passthrough,,,,,vanilla_passthrough,insufficient_secure_identity,No sufficiently secure AD 1 identity; EU5 vanilla localization retained.
salvatierra,,vanilla_passthrough,,,,,vanilla_passthrough,insufficient_secure_identity,No sufficiently secure AD 1 identity; EU5 vanilla localization retained.
salzburg,Iuvavum,reviewed_identity,roman_identity,antq_noric,PLE:187432;PLN:187432/iuvavum;R2,tier2,reviewed_override,,Reviewed modern-field identity for Pleiades place 187432; AD 1 name resource 187432/iuvavum.
samanoud,,vanilla_passthrough,,,,,vanilla_passthrough,insufficient_secure_identity,No sufficiently secure AD 1 identity; EU5 vanilla localization retained.
samokov,,vanilla_passthrough,,,,,vanilla_passthrough,insufficient_secure_identity,No sufficiently secure AD 1 identity; EU5 vanilla localization retained.
samos,Samos,reviewed_direct,curated,antq_greek_koine,PLE:599925,secure,reviewed_override,,Pleiades direct Samos settlement point at 37.68825 26.94448
samsun,Amisus,reviewed_direct,curated,antq_henetian,PLE:857024,secure,reviewed_override,,Direct Amisus settlement point at the installed Samsun coastal city proxy.
san_clemente,,vanilla_passthrough,,,,,vanilla_passthrough,insufficient_secure_identity,No sufficiently secure AD 1 identity; EU5 vanilla localization retained.
san_felices,,vanilla_passthrough,,,,,vanilla_passthrough,insufficient_secure_identity,No sufficiently secure AD 1 identity; EU5 vanilla localization retained.
san_sebastian,,vanilla_passthrough,,,,,vanilla_passthrough,insufficient_secure_identity,No sufficiently secure AD 1 identity; EU5 vanilla localization retained.
san_vicente_barquera,,vanilla_passthrough,,,,,vanilla_passthrough,insufficient_secure_identity,No sufficiently secure AD 1 identity; EU5 vanilla localization retained.
sancerre,,vanilla_passthrough,,,,,vanilla_passthrough,insufficient_secure_identity,No sufficiently secure AD 1 identity; EU5 vanilla localization retained.
sancoins,,vanilla_passthrough,,,,,vanilla_passthrough,insufficient_secure_identity,No sufficiently secure AD 1 identity; EU5 vanilla localization retained.
sandikli,,vanilla_passthrough,,,,,vanilla_passthrough,insufficient_secure_identity,No sufficiently secure AD 1 identity; EU5 vanilla localization retained.
sandonnino,,vanilla_passthrough,,,,,vanilla_passthrough,insufficient_secure_identity,No sufficiently secure AD 1 identity; EU5 vanilla localization retained.
sanguesa,,vanilla_passthrough,,,,,vanilla_passthrough,insufficient_secure_identity,No sufficiently secure AD 1 identity; EU5 vanilla localization retained.
sanlorenzo,,vanilla_passthrough,,,,,vanilla_passthrough,insufficient_secure_identity,No sufficiently secure AD 1 identity; EU5 vanilla localization retained.
sanlucar,,vanilla_passthrough,,,,,vanilla_passthrough,insufficient_secure_identity,No sufficiently secure AD 1 identity; EU5 vanilla localization retained.
sanlucar_la_mayor,,vanilla_passthrough,,,,,vanilla_passthrough,insufficient_secure_identity,No sufficiently secure AD 1 identity; EU5 vanilla localization retained.
sansepolcro,,vanilla_passthrough,,,,,vanilla_passthrough,insufficient_secure_identity,No sufficiently secure AD 1 identity; EU5 vanilla localization retained.
sansevero,,vanilla_passthrough,,,,,vanilla_passthrough,insufficient_secure_identity,No sufficiently secure AD 1 identity; EU5 vanilla localization retained.
sant_feliu,,vanilla_passthrough,,,,,vanilla_passthrough,insufficient_secure_identity,No sufficiently secure AD 1 identity; EU5 vanilla localization retained.
santa_eufemia,,vanilla_passthrough,,,,,vanilla_passthrough,insufficient_secure_identity,No sufficiently secure AD 1 identity; EU5 vanilla localization retained.
santander,,vanilla_passthrough,,,,,vanilla_passthrough,insufficient_secure_identity,No sufficiently secure AD 1 identity; EU5 vanilla localization retained.
santangelo,,vanilla_passthrough,,,,,vanilla_passthrough,insufficient_secure_identity,No sufficiently secure AD 1 identity; EU5 vanilla localization retained.
santarcangelo,,vanilla_passthrough,,,,,vanilla_passthrough,insufficient_secure_identity,No sufficiently secure AD 1 identity; EU5 vanilla localization retained.
santarem,Scalabis,reviewed_identity,roman_identity,antq_lusitanian,PLE:256438;PLN:256438/name.2015-03-10.6442864655;R2,tier2,reviewed_override,,Reviewed modern-field identity for Pleiades place 256438; AD 1 name resource 256438/name.2015-03-10.6442864655.
santiago_compostela,,vanilla_passthrough,,,,,vanilla_passthrough,insufficient_secure_identity,No sufficiently secure AD 1 identity; EU5 vanilla localization retained.
sarinena,,vanilla_passthrough,,,,,vanilla_passthrough,insufficient_secure_identity,No sufficiently secure AD 1 identity; EU5 vanilla localization retained.
sarkikaraagac,,vanilla_passthrough,,,,,vanilla_passthrough,insufficient_secure_identity,No sufficiently secure AD 1 identity; EU5 vanilla localization retained.
sarlat,,vanilla_passthrough,,,,,vanilla_passthrough,insufficient_secure_identity,No sufficiently secure AD 1 identity; EU5 vanilla localization retained.
sarnen,,vanilla_passthrough,,,,,vanilla_passthrough,insufficient_secure_identity,No sufficiently secure AD 1 identity; EU5 vanilla localization retained.
sarrebourg,Pons Saravi,reviewed_identity,roman_identity,antq_belgic,PLE:109254;PLN:109254/pons-saravi;R2,tier2,reviewed_override,,Reviewed modern-field identity for Pleiades place 109254; AD 1 name resource 109254/pons-saravi.
sarreguemines,,vanilla_passthrough,,,,,vanilla_passthrough,insufficient_secure_identity,No sufficiently secure AD 1 identity; EU5 vanilla localization retained.
sarria,,vanilla_passthrough,,,,,vanilla_passthrough,insufficient_secure_identity,No sufficiently secure AD 1 identity; EU5 vanilla localization retained.
sartene,,vanilla_passthrough,,,,,vanilla_passthrough,insufficient_secure_identity,No sufficiently secure AD 1 identity; EU5 vanilla localization retained.
sarzana,,vanilla_passthrough,,,,,vanilla_passthrough,insufficient_secure_identity,No sufficiently secure AD 1 identity; EU5 vanilla localization retained.
sassari,,vanilla_passthrough,,,,,vanilla_passthrough,insufficient_secure_identity,No sufficiently secure AD 1 identity; EU5 vanilla localization retained.
saumur,,vanilla_passthrough,,,,,vanilla_passthrough,insufficient_secure_identity,No sufficiently secure AD 1 identity; EU5 vanilla localization retained.
sauveterre_de_guyenne,,vanilla_passthrough,,,,,vanilla_passthrough,insufficient_secure_identity,No sufficiently secure AD 1 identity; EU5 vanilla localization retained.
savona,Savo,reviewed_identity,roman_identity,antq_ligurian,PLE:383770;PLN:383770/savo;R2,tier2,reviewed_override,,Pleiades explicitly associates place 383770 with this modern field; AD 1 name resource 383770/savo.
sbiba,,vanilla_passthrough,,,,,vanilla_passthrough,insufficient_secure_identity,No sufficiently secure AD 1 identity; EU5 vanilla localization retained.
sbikha,,vanilla_passthrough,,,,,vanilla_passthrough,insufficient_secure_identity,No sufficiently secure AD 1 identity; EU5 vanilla localization retained.
scalea,,vanilla_passthrough,,,,,vanilla_passthrough,insufficient_secure_identity,No sufficiently secure AD 1 identity; EU5 vanilla localization retained.
scharding,,vanilla_passthrough,,,,,vanilla_passthrough,insufficient_secure_identity,No sufficiently secure AD 1 identity; EU5 vanilla localization retained.
scheibbs,,vanilla_passthrough,,,,,vanilla_passthrough,insufficient_secure_identity,No sufficiently secure AD 1 identity; EU5 vanilla localization retained.
schio,,vanilla_passthrough,,,,,vanilla_passthrough,insufficient_secure_identity,No sufficiently secure AD 1 identity; EU5 vanilla localization retained.
schladming,,vanilla_passthrough,,,,,vanilla_passthrough,insufficient_secure_identity,No sufficiently secure AD 1 identity; EU5 vanilla localization retained.
schwaz,,vanilla_passthrough,,,,,vanilla_passthrough,insufficient_secure_identity,No sufficiently secure AD 1 identity; EU5 vanilla localization retained.
schwyz,,vanilla_passthrough,,,,,vanilla_passthrough,insufficient_secure_identity,No sufficiently secure AD 1 identity; EU5 vanilla localization retained.
sciacca,,vanilla_passthrough,,,,,vanilla_passthrough,insufficient_secure_identity,No sufficiently secure AD 1 identity; EU5 vanilla localization retained.
seddori,,vanilla_passthrough,,,,,vanilla_passthrough,insufficient_secure_identity,No sufficiently secure AD 1 identity; EU5 vanilla localization retained.
segovia,Segovia,reviewed_direct,curated,antq_latin,PLE,secure,reviewed_override,,Direct Roman-period city form for the installed Segovia location
segur,,vanilla_passthrough,,,,,vanilla_passthrough,insufficient_secure_identity,No sufficiently secure AD 1 identity; EU5 vanilla localization retained.
segura_de_la_sierra,,vanilla_passthrough,,,,,vanilla_passthrough,insufficient_secure_identity,No sufficiently secure AD 1 identity; EU5 vanilla localization retained.
seia,,vanilla_passthrough,,,,,vanilla_passthrough,insufficient_secure_identity,No sufficiently secure AD 1 identity; EU5 vanilla localization retained.
sejnane,,vanilla_passthrough,,,,,vanilla_passthrough,insufficient_secure_identity,No sufficiently secure AD 1 identity; EU5 vanilla localization retained.
selinti,,vanilla_passthrough,,,,,vanilla_passthrough,insufficient_secure_identity,No sufficiently secure AD 1 identity; EU5 vanilla localization retained.
semur_en_auxois,,vanilla_passthrough,,,,,vanilla_passthrough,insufficient_secure_identity,No sufficiently secure AD 1 identity; EU5 vanilla localization retained.
semur_en_brionnais,,vanilla_passthrough,,,,,vanilla_passthrough,insufficient_secure_identity,No sufficiently secure AD 1 identity; EU5 vanilla localization retained.
senj,Senia,reviewed_identity,roman_identity,antq_iapodian,PLE:197505;PLN:197505/senia;R2,tier2,reviewed_override,,Reviewed modern-field identity for Pleiades place 197505; AD 1 name resource 197505/senia.
senlis,Augustomagus,reviewed_identity,roman_identity,antq_bellovacian,PLE:108776;PLN:108776/augustomagus;R2,tier2,reviewed_override,,Reviewed modern-field identity for Pleiades place 108776; AD 1 name resource 108776/augustomagus.
senonches,,vanilla_passthrough,,,,,vanilla_passthrough,insufficient_secure_identity,No sufficiently secure AD 1 identity; EU5 vanilla localization retained.
sens,Agedincum,reviewed_identity,roman_identity,antq_senonian,PLE:108729;PLN:108729/agedincum;R2,tier2,reviewed_override,,Reviewed modern-field identity for Pleiades place 108729; AD 1 name resource 108729/agedincum.
sepulveda,,vanilla_passthrough,,,,,vanilla_passthrough,insufficient_secure_identity,No sufficiently secure AD 1 identity; EU5 vanilla localization retained.
serpa,Serpa,reviewed_identity,roman_identity,antq_celtician,PLE:256446;PLN:256446/serpa;R2,tier2,reviewed_override,,Reviewed modern-field identity for Pleiades place 256446; AD 1 name resource 256446/serpa.
serres,Sirra,reviewed_identity,roman_identity,antq_lyncestian,PLE:501616;PLN:501616/sirra;R2,tier2,reviewed_override,,Reviewed modern-field identity for Pleiades place 501616; AD 1 name resource 501616/sirra.
servia,,vanilla_passthrough,,,,,vanilla_passthrough,insufficient_secure_identity,No sufficiently secure AD 1 identity; EU5 vanilla localization retained.
setif,Sitifis,reviewed_identity,roman_identity,antq_phoenician_punic,PLE:305153;PLN:305153/sitifis;R2,tier2,reviewed_override,,Reviewed modern-field identity for Pleiades place 305153; AD 1 name resource 305153/sitifis.
setubal,,vanilla_passthrough,,,,,vanilla_passthrough,insufficient_secure_identity,No sufficiently secure AD 1 identity; EU5 vanilla localization retained.
seu_durgell,,vanilla_passthrough,,,,,vanilla_passthrough,insufficient_secure_identity,No sufficiently secure AD 1 identity; EU5 vanilla localization retained.
sevilla,Hispalis,reviewed_direct,curated,antq_latin,PLE,secure,reviewed_override,,Direct Roman-period city form for the installed Sevilla location
seydisehir,,vanilla_passthrough,,,,,vanilla_passthrough,insufficient_secure_identity,No sufficiently secure AD 1 identity; EU5 vanilla localization retained.
seyhli,,vanilla_passthrough,,,,,vanilla_passthrough,insufficient_secure_identity,No sufficiently secure AD 1 identity; EU5 vanilla localization retained.
seyitgazi,,vanilla_passthrough,,,,,vanilla_passthrough,insufficient_secure_identity,No sufficiently secure AD 1 identity; EU5 vanilla localization retained.
sfaqes,,vanilla_passthrough,,,,,vanilla_passthrough,insufficient_secure_identity,No sufficiently secure AD 1 identity; EU5 vanilla localization retained.
sharuna,Hwt-nsw,reviewed_identity,roman_identity,antq_egyptian,PLE:736925;PLN:736925/hwt-nsw;R2,tier2,reviewed_override,,Reviewed modern-field identity for Pleiades place 736925; AD 1 name resource 736925/hwt-nsw.
shkoder,Scodra,reviewed_identity,roman_identity,antq_parthinian,PLE:481986;PLN:481986/scodra;R2,tier2,reviewed_override,,Reviewed modern-field identity for Pleiades place 481986; AD 1 name resource 481986/scodra.
shtip,Astibo,reviewed_direct,curated,antq_paeonian,STIP-MUN;TAB-ASTIBO;P8.1,secure,reviewed_override,,Direct installed Štip city-field label from the municipal ancient Astibo Astibos history and the Tabula Peutingeriana record; this replaces the distinct Stobi proxy.
shumen,,vanilla_passthrough,,,,,vanilla_passthrough,insufficient_secure_identity,No sufficiently secure AD 1 identity; EU5 vanilla localization retained.
siatista,,vanilla_passthrough,,,,,vanilla_passthrough,insufficient_secure_identity,No sufficiently secure AD 1 identity; EU5 vanilla localization retained.
sibenik,,vanilla_passthrough,,,,,vanilla_passthrough,insufficient_secure_identity,No sufficiently secure AD 1 identity; EU5 vanilla localization retained.
sidi_fredj,,vanilla_passthrough,,,,,vanilla_passthrough,insufficient_secure_identity,No sufficiently secure AD 1 identity; EU5 vanilla localization retained.
siena,Saena,reviewed_direct,curated,antq_latin,PLE:413293,secure,reviewed_override,,Pleiades exact Saena city point at 43.31862 11.33108; reviewed against the installed Siena location
siguenza,,vanilla_passthrough,,,,,vanilla_passthrough,insufficient_secure_identity,No sufficiently secure AD 1 identity; EU5 vanilla localization retained.
silandro,,vanilla_passthrough,,,,,vanilla_passthrough,insufficient_secure_identity,No sufficiently secure AD 1 identity; EU5 vanilla localization retained.
silli,,vanilla_passthrough,,,,,vanilla_passthrough,insufficient_secure_identity,No sufficiently secure AD 1 identity; EU5 vanilla localization retained.
silves,,vanilla_passthrough,,,,,vanilla_passthrough,insufficient_secure_identity,No sufficiently secure AD 1 identity; EU5 vanilla localization retained.
simav,Synaos,reviewed_identity,roman_identity,antq_greek_koine,PLE:609537;PLN:609537/synaos;R2,tier2,reviewed_override,,Reviewed modern-field identity for Pleiades place 609537; AD 1 name resource 609537/synaos.
sines,,vanilla_passthrough,,,,,vanilla_passthrough,insufficient_secure_identity,No sufficiently secure AD 1 identity; EU5 vanilla localization retained.
sinj,,vanilla_passthrough,,,,,vanilla_passthrough,insufficient_secure_identity,No sufficiently secure AD 1 identity; EU5 vanilla localization retained.
sinop,Sinope,reviewed_direct,curated,antq_greek_koine,PLE:857321,secure,reviewed_override,,Pleiades direct Sinope settlement and port point at 42.02578 35.14304
sint_niklaas,,vanilla_passthrough,,,,,vanilla_passthrough,insufficient_secure_identity,No sufficiently secure AD 1 identity; EU5 vanilla localization retained.
sion,,vanilla_passthrough,,,,,vanilla_passthrough,insufficient_secure_identity,No sufficiently secure AD 1 identity; EU5 vanilla localization retained.
sirte,,vanilla_passthrough,,,,,vanilla_passthrough,insufficient_secure_identity,No sufficiently secure AD 1 identity; EU5 vanilla localization retained.
sisak,Siscia,reviewed_direct,curated,antq_latin,PLE:197504,secure,reviewed_override,,Pleiades exact Segestica Siscia settlement point at 45.48317 16.37139; reviewed against the installed Sisak location
sisteron,,vanilla_passthrough,,,,,vanilla_passthrough,insufficient_secure_identity,No sufficiently secure AD 1 identity; EU5 vanilla localization retained.
siteia,,vanilla_passthrough,,,,,vanilla_passthrough,insufficient_secure_identity,No sufficiently secure AD 1 identity; EU5 vanilla localization retained.
sitges,,vanilla_passthrough,,,,,vanilla_passthrough,insufficient_secure_identity,No sufficiently secure AD 1 identity; EU5 vanilla localization retained.
sivrihisar,,vanilla_passthrough,,,,,vanilla_passthrough,insufficient_secure_identity,No sufficiently secure AD 1 identity; EU5 vanilla localization retained.
siwa,,vanilla_passthrough,,,,,vanilla_passthrough,insufficient_secure_identity,No sufficiently secure AD 1 identity; EU5 vanilla localization retained.
sjenica,,vanilla_passthrough,,,,,vanilla_passthrough,insufficient_secure_identity,No sufficiently secure AD 1 identity; EU5 vanilla localization retained.
skikda,Rusicade,reviewed_direct,curated,antq_latin,PLE:305137,secure,reviewed_override,,Pleiades direct Rusicade Thapsus settlement and port point at 36.88144 6.90558
skofja_loka,,vanilla_passthrough,,,,,vanilla_passthrough,insufficient_secure_identity,No sufficiently secure AD 1 identity; EU5 vanilla localization retained.
skopje,Scupi,reviewed_direct,curated,antq_paeonian,PLE:481987,secure,reviewed_override,,Direct Scupi settlement record; the installed Skopje key is a bounded urban-field adapter.
slano,,vanilla_passthrough,,,,,vanilla_passthrough,insufficient_secure_identity,No sufficiently secure AD 1 identity; EU5 vanilla localization retained.
slovenj_gradec,,vanilla_passthrough,,,,,vanilla_passthrough,insufficient_secure_identity,No sufficiently secure AD 1 identity; EU5 vanilla localization retained.
slunj,,vanilla_passthrough,,,,,vanilla_passthrough,insufficient_secure_identity,No sufficiently secure AD 1 identity; EU5 vanilla localization retained.
smederevo,,vanilla_passthrough,,,,,vanilla_passthrough,insufficient_secure_identity,No sufficiently secure AD 1 identity; EU5 vanilla localization retained.
smyrna,Smyrna,reviewed_direct,curated,antq_greek_koine,PLE;P8.1,secure,reviewed_override,,Secure Roman-period city form.
sogut,,vanilla_passthrough,,,,,vanilla_passthrough,insufficient_secure_identity,No sufficiently secure AD 1 identity; EU5 vanilla localization retained.
soissons,Augusta Suessionum,reviewed_identity,roman_identity,antq_suessionian,PLE:108772;PLN:108772/augusta-suessionum;R2,tier2,reviewed_override,,Reviewed modern-field identity for Pleiades place 108772; AD 1 name resource 108772/augusta-suessionum.
soko_grad,,vanilla_passthrough,,,,,vanilla_passthrough,insufficient_secure_identity,No sufficiently secure AD 1 identity; EU5 vanilla localization retained.
soli,,vanilla_passthrough,,,,,vanilla_passthrough,insufficient_secure_identity,No sufficiently secure AD 1 identity; EU5 vanilla localization retained.
solothurn,Salodurum,reviewed_identity,roman_identity,antq_helvetian,PLE:177624;PLN:177624/salodurum;R2,tier2,reviewed_override,,Reviewed modern-field identity for Pleiades place 177624; AD 1 name resource 177624/salodurum.
soma,,vanilla_passthrough,,,,,vanilla_passthrough,insufficient_secure_identity,No sufficiently secure AD 1 identity; EU5 vanilla localization retained.
soncino,,vanilla_passthrough,,,,,vanilla_passthrough,insufficient_secure_identity,No sufficiently secure AD 1 identity; EU5 vanilla localization retained.
sora,Sora,reviewed_identity,roman_identity,antq_latin,PLE:433126;PLN:433126/sora;R2,tier2,reviewed_override,,Reviewed modern-field identity for Pleiades place 433126; AD 1 name resource 433126/sora.
sorgono,,vanilla_passthrough,,,,,vanilla_passthrough,insufficient_secure_identity,No sufficiently secure AD 1 identity; EU5 vanilla localization retained.
sorgun,,vanilla_passthrough,,,,,vanilla_passthrough,insufficient_secure_identity,No sufficiently secure AD 1 identity; EU5 vanilla localization retained.
soria,,vanilla_passthrough,,,,,vanilla_passthrough,insufficient_secure_identity,No sufficiently secure AD 1 identity; EU5 vanilla localization retained.
sos,,vanilla_passthrough,,,,,vanilla_passthrough,insufficient_secure_identity,No sufficiently secure AD 1 identity; EU5 vanilla localization retained.
souk_el_arba,,vanilla_passthrough,,,,,vanilla_passthrough,insufficient_secure_identity,No sufficiently secure AD 1 identity; EU5 vanilla localization retained.
sousse,Hadrumetum,reviewed_direct,curated,antq_latin,PLE;P8.1,secure,reviewed_override,,Secure Roman-period city form at the direct Sousse match.
spilimbergo,,vanilla_passthrough,,,,,vanilla_passthrough,insufficient_secure_identity,No sufficiently secure AD 1 identity; EU5 vanilla localization retained.
spittal,,vanilla_passthrough,,,,,vanilla_passthrough,insufficient_secure_identity,No sufficiently secure AD 1 identity; EU5 vanilla localization retained.
split,Aspalathos,reviewed_direct,curated,antq_latin,PLE:197524;WILKES-SPLIT,secure,reviewed_override,,Pre-palatial Greek settlement name at modern Split; avoids the later Roman/late-antique Spalatum form.
spoleto,,vanilla_passthrough,,,,,vanilla_passthrough,insufficient_secure_identity,No sufficiently secure AD 1 identity; EU5 vanilla localization retained.
sporades,,vanilla_passthrough,,,,,vanilla_passthrough,insufficient_secure_identity,No sufficiently secure AD 1 identity; EU5 vanilla localization retained.
srb,,vanilla_passthrough,,,,,vanilla_passthrough,insufficient_secure_identity,No sufficiently secure AD 1 identity; EU5 vanilla localization retained.
srebrenica,,vanilla_passthrough,,,,,vanilla_passthrough,insufficient_secure_identity,No sufficiently secure AD 1 identity; EU5 vanilla localization retained.
srebrenik,,vanilla_passthrough,,,,,vanilla_passthrough,insufficient_secure_identity,No sufficiently secure AD 1 identity; EU5 vanilla localization retained.
sredets,,vanilla_passthrough,,,,,vanilla_passthrough,insufficient_secure_identity,No sufficiently secure AD 1 identity; EU5 vanilla localization retained.
sremska_mitrovica,Sirmium,reviewed_direct,curated,antq_latin,PLE:207447,secure,reviewed_override,,Pleiades exact Sirmium settlement point at 44.97311 19.60983; reviewed against the installed Sremska Mitrovica location
st_affrique,,vanilla_passthrough,,,,,vanilla_passthrough,insufficient_secure_identity,No sufficiently secure AD 1 identity; EU5 vanilla localization retained.
st_aignan,,vanilla_passthrough,,,,,vanilla_passthrough,insufficient_secure_identity,No sufficiently secure AD 1 identity; EU5 vanilla localization retained.
st_ambroix,,vanilla_passthrough,,,,,vanilla_passthrough,insufficient_secure_identity,No sufficiently secure AD 1 identity; EU5 vanilla localization retained.
st_calais,,vanilla_passthrough,,,,,vanilla_passthrough,insufficient_secure_identity,No sufficiently secure AD 1 identity; EU5 vanilla localization retained.
st_gallen,,vanilla_passthrough,,,,,vanilla_passthrough,insufficient_secure_identity,No sufficiently secure AD 1 identity; EU5 vanilla localization retained.
st_georgen,,vanilla_passthrough,,,,,vanilla_passthrough,insufficient_secure_identity,No sufficiently secure AD 1 identity; EU5 vanilla localization retained.
st_gerand,,vanilla_passthrough,,,,,vanilla_passthrough,insufficient_secure_identity,No sufficiently secure AD 1 identity; EU5 vanilla localization retained.
st_jean_dangely,,vanilla_passthrough,,,,,vanilla_passthrough,insufficient_secure_identity,No sufficiently secure AD 1 identity; EU5 vanilla localization retained.
st_johann,,vanilla_passthrough,,,,,vanilla_passthrough,insufficient_secure_identity,No sufficiently secure AD 1 identity; EU5 vanilla localization retained.
st_leonard,,vanilla_passthrough,,,,,vanilla_passthrough,insufficient_secure_identity,No sufficiently secure AD 1 identity; EU5 vanilla localization retained.
st_pierre_de_moutier,,vanilla_passthrough,,,,,vanilla_passthrough,insufficient_secure_identity,No sufficiently secure AD 1 identity; EU5 vanilla localization retained.
st_pol_de_leon,,vanilla_passthrough,,,,,vanilla_passthrough,insufficient_secure_identity,No sufficiently secure AD 1 identity; EU5 vanilla localization retained.
st_polten,,vanilla_passthrough,,,,,vanilla_passthrough,insufficient_secure_identity,No sufficiently secure AD 1 identity; EU5 vanilla localization retained.
st_sauveur,,vanilla_passthrough,,,,,vanilla_passthrough,insufficient_secure_identity,No sufficiently secure AD 1 identity; EU5 vanilla localization retained.
st_veit,,vanilla_passthrough,,,,,vanilla_passthrough,insufficient_secure_identity,No sufficiently secure AD 1 identity; EU5 vanilla localization retained.
st_vith,,vanilla_passthrough,,,,,vanilla_passthrough,insufficient_secure_identity,No sufficiently secure AD 1 identity; EU5 vanilla localization retained.
stalac,,vanilla_passthrough,,,,,vanilla_passthrough,insufficient_secure_identity,No sufficiently secure AD 1 identity; EU5 vanilla localization retained.
stavelot,,vanilla_passthrough,,,,,vanilla_passthrough,insufficient_secure_identity,No sufficiently secure AD 1 identity; EU5 vanilla localization retained.
stefani,,vanilla_passthrough,,,,,vanilla_passthrough,insufficient_secure_identity,No sufficiently secure AD 1 identity; EU5 vanilla localization retained.
steinfeld,,vanilla_passthrough,,,,,vanilla_passthrough,insufficient_secure_identity,No sufficiently secure AD 1 identity; EU5 vanilla localization retained.
sterzing,,vanilla_passthrough,,,,,vanilla_passthrough,insufficient_secure_identity,No sufficiently secure AD 1 identity; EU5 vanilla localization retained.
steyr,,vanilla_passthrough,,,,,vanilla_passthrough,insufficient_secure_identity,No sufficiently secure AD 1 identity; EU5 vanilla localization retained.
sto_domingo_silos,,vanilla_passthrough,,,,,vanilla_passthrough,insufficient_secure_identity,No sufficiently secure AD 1 identity; EU5 vanilla localization retained.
stomio,,vanilla_passthrough,,,,,vanilla_passthrough,insufficient_secure_identity,No sufficiently secure AD 1 identity; EU5 vanilla localization retained.
strumica,,vanilla_passthrough,,,,,vanilla_passthrough,insufficient_secure_identity,No sufficiently secure AD 1 identity; EU5 vanilla localization retained.
subaytila,,vanilla_passthrough,,,,,vanilla_passthrough,insufficient_secure_identity,No sufficiently secure AD 1 identity; EU5 vanilla localization retained.
suez,,vanilla_passthrough,,,,,vanilla_passthrough,insufficient_secure_identity,No sufficiently secure AD 1 identity; EU5 vanilla localization retained.
suhut,Synnada,reviewed_identity,roman_identity,antq_pisidian,PLE:609538;PLN:609538/synnada-1;R2,tier2,reviewed_override,,Reviewed modern-field identity for Pleiades place 609538; AD 1 name resource 609538/synnada-1.
sully,,vanilla_passthrough,,,,,vanilla_passthrough,insufficient_secure_identity,No sufficiently secure AD 1 identity; EU5 vanilla localization retained.
sulmona,Sulmo,reviewed_identity,roman_identity,antq_oscan_umbrian,PLE:433134;PLN:433134/sulmo;R2,tier2,reviewed_override,,Reviewed modern-field identity for Pleiades place 433134; AD 1 name resource 433134/sulmo.
sultanonu,,vanilla_passthrough,,,,,vanilla_passthrough,insufficient_secure_identity,No sufficiently secure AD 1 identity; EU5 vanilla localization retained.
suluklu,,vanilla_passthrough,,,,,vanilla_passthrough,insufficient_secure_identity,No sufficiently secure AD 1 identity; EU5 vanilla localization retained.
suluntah,,vanilla_passthrough,,,,,vanilla_passthrough,insufficient_secure_identity,No sufficiently secure AD 1 identity; EU5 vanilla localization retained.
surmene,,vanilla_passthrough,,,,,vanilla_passthrough,insufficient_secure_identity,No sufficiently secure AD 1 identity; EU5 vanilla localization retained.
susa,Segusio,reviewed_identity,roman_identity,antq_cisalpine_gallic,PLE:167919;PLN:167919/segusio;R2,tier2,reviewed_override,,Reviewed modern-field identity for Pleiades place 167919; AD 1 name resource 167919/segusio.
susurluk,,vanilla_passthrough,,,,,vanilla_passthrough,insufficient_secure_identity,No sufficiently secure AD 1 identity; EU5 vanilla localization retained.
svoge,,vanilla_passthrough,,,,,vanilla_passthrough,insufficient_secure_identity,No sufficiently secure AD 1 identity; EU5 vanilla localization retained.
svrljig,,vanilla_passthrough,,,,,vanilla_passthrough,insufficient_secure_identity,No sufficiently secure AD 1 identity; EU5 vanilla localization retained.
syracuse,Syracusae,reviewed_direct,curated,antq_latin,PLE:462503,secure,reviewed_override,,Pleiades Syracusae Syrakousai city point at 37.07008 15.28334; Latin plural form retained
tabarka,,vanilla_passthrough,,,,,vanilla_passthrough,insufficient_secure_identity,No sufficiently secure AD 1 identity; EU5 vanilla localization retained.
tahna,,vanilla_passthrough,,,,,vanilla_passthrough,insufficient_secure_identity,No sufficiently secure AD 1 identity; EU5 vanilla localization retained.
talarn,,vanilla_passthrough,,,,,vanilla_passthrough,insufficient_secure_identity,No sufficiently secure AD 1 identity; EU5 vanilla localization retained.
talavera_de_la_reina,Caesarobriga,reviewed_identity,roman_identity,antq_carpetanian,PLE:265834;PLN:265834/caesarobriga;R2,tier2,reviewed_override,,Reviewed modern-field identity for Pleiades place 265834; AD 1 name resource 265834/caesarobriga.
talmont,,vanilla_passthrough,,,,,vanilla_passthrough,insufficient_secure_identity,No sufficiently secure AD 1 identity; EU5 vanilla localization retained.
tamsweg,,vanilla_passthrough,,,,,vanilla_passthrough,insufficient_secure_identity,No sufficiently secure AD 1 identity; EU5 vanilla localization retained.
tancarville,,vanilla_passthrough,,,,,vanilla_passthrough,insufficient_secure_identity,No sufficiently secure AD 1 identity; EU5 vanilla localization retained.
taranto,Tarentum,reviewed_direct,curated,antq_latin,PLE;ORB;P8.1,secure,reviewed_override,,Direct Roman southern-Italian city name
tarascon,,vanilla_passthrough,,,,,vanilla_passthrough,insufficient_secure_identity,No sufficiently secure AD 1 identity; EU5 vanilla localization retained.
tarasp,,vanilla_passthrough,,,,,vanilla_passthrough,insufficient_secure_identity,No sufficiently secure AD 1 identity; EU5 vanilla localization retained.
tarazona,,vanilla_passthrough,,,,,vanilla_passthrough,insufficient_secure_identity,No sufficiently secure AD 1 identity; EU5 vanilla localization retained.
tarbes,Tarba,reviewed_identity,roman_identity,antq_bigerrionian,PLE:246679;PLN:246679/tarba;R2,tier2,reviewed_override,,Reviewed modern-field identity for Pleiades place 246679; AD 1 name resource 246679/tarba.
targoviste_BUL,,vanilla_passthrough,,,,,vanilla_passthrough,insufficient_secure_identity,No sufficiently secure AD 1 identity; EU5 vanilla localization retained.
tarhuna,,vanilla_passthrough,,,,,vanilla_passthrough,insufficient_secure_identity,No sufficiently secure AD 1 identity; EU5 vanilla localization retained.
tarifa,,vanilla_passthrough,,,,,vanilla_passthrough,insufficient_secure_identity,No sufficiently secure AD 1 identity; EU5 vanilla localization retained.
tarnovo,,vanilla_passthrough,,,,,vanilla_passthrough,insufficient_secure_identity,No sufficiently secure AD 1 identity; EU5 vanilla localization retained.
tarragona,Tarraco,reviewed_direct,curated,antq_latin,PLE:246349,secure,reviewed_override,,Pleiades exact Colonia Tarraco city point at 41.11689 1.25834; reviewed against the installed Tarragona location
tarrana,,vanilla_passthrough,,,,,vanilla_passthrough,insufficient_secure_identity,No sufficiently secure AD 1 identity; EU5 vanilla localization retained.
tarrega,,vanilla_passthrough,,,,,vanilla_passthrough,insufficient_secure_identity,No sufficiently secure AD 1 identity; EU5 vanilla localization retained.
tartas,,vanilla_passthrough,,,,,vanilla_passthrough,insufficient_secure_identity,No sufficiently secure AD 1 identity; EU5 vanilla localization retained.
taskopru,Pompēiópolis,reviewed_identity,roman_identity,antq_paphlagonian,PLE:845041;PLN:845041/pompeiopolis;R2,tier2,reviewed_override,,Reviewed modern-field identity for Pleiades place 845041; AD 1 name resource 845041/pompeiopolis.
tataouine,,vanilla_passthrough,,,,,vanilla_passthrough,insufficient_secure_identity,No sufficiently secure AD 1 identity; EU5 vanilla localization retained.
tavas,,vanilla_passthrough,,,,,vanilla_passthrough,insufficient_secure_identity,No sufficiently secure AD 1 identity; EU5 vanilla localization retained.
tavira,,vanilla_passthrough,,,,,vanilla_passthrough,insufficient_secure_identity,No sufficiently secure AD 1 identity; EU5 vanilla localization retained.
tavsanli,,vanilla_passthrough,,,,,vanilla_passthrough,insufficient_secure_identity,No sufficiently secure AD 1 identity; EU5 vanilla localization retained.
tawurgha,,vanilla_passthrough,,,,,vanilla_passthrough,insufficient_secure_identity,No sufficiently secure AD 1 identity; EU5 vanilla localization retained.
tebessa,Theveste,reviewed_identity,roman_identity,antq_phoenician_punic,PLE:324831;PLN:324831/theveste;R2,tier2,reviewed_override,,Pleiades explicitly associates place 324831 with this modern field; AD 1 name resource 324831/theveste.
tebourba,Thuburbi Minus,reviewed_identity,roman_identity,antq_phoenician_punic,PLE:315219;PLN:315219/thuburbi-minus;R2,tier2,reviewed_override,,Reviewed modern-field identity for Pleiades place 315219; AD 1 name resource 315219/thuburbi-minus.
tedelles,,vanilla_passthrough,,,,,vanilla_passthrough,insufficient_secure_identity,No sufficiently secure AD 1 identity; EU5 vanilla localization retained.
tekouch,,vanilla_passthrough,,,,,vanilla_passthrough,insufficient_secure_identity,No sufficiently secure AD 1 identity; EU5 vanilla localization retained.
tempiopausania,,vanilla_passthrough,,,,,vanilla_passthrough,insufficient_secure_identity,No sufficiently secure AD 1 identity; EU5 vanilla localization retained.
teocak,,vanilla_passthrough,,,,,vanilla_passthrough,insufficient_secure_identity,No sufficiently secure AD 1 identity; EU5 vanilla localization retained.
teramo,Interamnia Praetuttiorum,reviewed_identity,roman_identity,antq_oscan_umbrian,PLE:413179;PLN:413179/interamnia-praetuttiorum;R2,tier2,reviewed_override,,Reviewed modern-field identity for Pleiades place 413179; AD 1 name resource 413179/interamnia-praetuttiorum.
terme,,vanilla_passthrough,,,,,vanilla_passthrough,insufficient_secure_identity,No sufficiently secure AD 1 identity; EU5 vanilla localization retained.
termini,,vanilla_passthrough,,,,,vanilla_passthrough,insufficient_secure_identity,No sufficiently secure AD 1 identity; EU5 vanilla localization retained.
terracina,Tarracina,reviewed_identity,roman_identity,antq_latin,PLE:433143;PLN:433143/tarracina;R2,tier2,reviewed_override,,Reviewed modern-field identity for Pleiades place 433143; AD 1 name resource 433143/tarracina.
terralba,,vanilla_passthrough,,,,,vanilla_passthrough,insufficient_secure_identity,No sufficiently secure AD 1 identity; EU5 vanilla localization retained.
terranova_pausania,,vanilla_passthrough,,,,,vanilla_passthrough,insufficient_secure_identity,No sufficiently secure AD 1 identity; EU5 vanilla localization retained.
terranovasic,,vanilla_passthrough,,,,,vanilla_passthrough,insufficient_secure_identity,No sufficiently secure AD 1 identity; EU5 vanilla localization retained.
terrassa,,vanilla_passthrough,,,,,vanilla_passthrough,insufficient_secure_identity,No sufficiently secure AD 1 identity; EU5 vanilla localization retained.
teruel,,vanilla_passthrough,,,,,vanilla_passthrough,insufficient_secure_identity,No sufficiently secure AD 1 identity; EU5 vanilla localization retained.
tetovo,,vanilla_passthrough,,,,,vanilla_passthrough,insufficient_secure_identity,No sufficiently secure AD 1 identity; EU5 vanilla localization retained.
thagaste,Thagaste,reviewed_identity,roman_identity,antq_phoenician_punic,PLE:315198;PLN:315198/thagaste;R2,tier2,reviewed_override,,Reviewed modern-field identity for Pleiades place 315198; AD 1 name resource 315198/thagaste.
thala,Thala,reviewed_identity,roman_identity,antq_phoenician_punic,PLE:324826;PLN:324826/thala;R2,tier2,reviewed_override,,Reviewed modern-field identity for Pleiades place 324826; AD 1 name resource 324826/thala.
thasos,Thasos,reviewed_identity,roman_identity,antq_lyncestian,PLE:501634;PLN:501634/thasos;R2,tier2,reviewed_override,,Reviewed modern-field identity for Pleiades place 501634; AD 1 name resource 501634/thasos.
thebes,Thebae,reviewed_direct,curated,antq_greek_koine,PLE;P8.1,secure,reviewed_override,,Secure Roman-period city form.
thessaloniki,Thessalonica,reviewed_direct,curated,antq_latin,PLE;ORB;P8.1,secure,reviewed_override,,Direct Roman Macedonian city name
thiers,,vanilla_passthrough,,,,,vanilla_passthrough,insufficient_secure_identity,No sufficiently secure AD 1 identity; EU5 vanilla localization retained.
thiesi,,vanilla_passthrough,,,,,vanilla_passthrough,insufficient_secure_identity,No sufficiently secure AD 1 identity; EU5 vanilla localization retained.
thionville,,vanilla_passthrough,,,,,vanilla_passthrough,insufficient_secure_identity,No sufficiently secure AD 1 identity; EU5 vanilla localization retained.
thiviers,,vanilla_passthrough,,,,,vanilla_passthrough,insufficient_secure_identity,No sufficiently secure AD 1 identity; EU5 vanilla localization retained.
thoire,,vanilla_passthrough,,,,,vanilla_passthrough,insufficient_secure_identity,No sufficiently secure AD 1 identity; EU5 vanilla localization retained.
thouars,,vanilla_passthrough,,,,,vanilla_passthrough,insufficient_secure_identity,No sufficiently secure AD 1 identity; EU5 vanilla localization retained.
thun,,vanilla_passthrough,,,,,vanilla_passthrough,insufficient_secure_identity,No sufficiently secure AD 1 identity; EU5 vanilla localization retained.
tidah,,vanilla_passthrough,,,,,vanilla_passthrough,insufficient_secure_identity,No sufficiently secure AD 1 identity; EU5 vanilla localization retained.
tiffech,,vanilla_passthrough,,,,,vanilla_passthrough,insufficient_secure_identity,No sufficiently secure AD 1 identity; EU5 vanilla localization retained.
tijis,,vanilla_passthrough,,,,,vanilla_passthrough,insufficient_secure_identity,No sufficiently secure AD 1 identity; EU5 vanilla localization retained.
tineo,,vanilla_passthrough,,,,,vanilla_passthrough,insufficient_secure_identity,No sufficiently secure AD 1 identity; EU5 vanilla localization retained.
tinnis,,vanilla_passthrough,,,,,vanilla_passthrough,insufficient_secure_identity,No sufficiently secure AD 1 identity; EU5 vanilla localization retained.
tirana,,vanilla_passthrough,,,,,vanilla_passthrough,insufficient_secure_identity,No sufficiently secure AD 1 identity; EU5 vanilla localization retained.
tire,Thyaira,reviewed_identity,roman_identity,antq_ionian,PLE:599981;PLN:599981/thyaira;R2,tier2,reviewed_override,,Reviewed modern-field identity for Pleiades place 599981; AD 1 name resource 599981/thyaira.
tivoli,Tibur,reviewed_direct,curated,antq_latin,BAT-LATIUM,secure,reviewed_override,,Direct ancient Tibur label at the installed Tivoli city field; replaces the distant Montelibretti adapter.
tmimi,,vanilla_passthrough,,,,,vanilla_passthrough,insufficient_secure_identity,No sufficiently secure AD 1 identity; EU5 vanilla localization retained.
tobruk,Antipyrgos,reviewed_direct,curated,antq_latin,PLE:716525,secure,reviewed_override,,Pleiades direct Antipyrgos settlement point at 32.07646 23.96137
todi,Tuder,reviewed_identity,roman_identity,antq_oscan_umbrian,PLE:413354;PLN:413354/tuder;R2,tier2,reviewed_override,,Pleiades explicitly associates place 413354 with this modern field; AD 1 name resource 413354/tuder.
toggenburg,,vanilla_passthrough,,,,,vanilla_passthrough,insufficient_secure_identity,No sufficiently secure AD 1 identity; EU5 vanilla localization retained.
toledo,Toletum,reviewed_direct,curated,antq_latin,PLE,secure,reviewed_override,,Direct Roman-period city form for the installed Toledo location
tolmezzo,,vanilla_passthrough,,,,,vanilla_passthrough,insufficient_secure_identity,No sufficiently secure AD 1 identity; EU5 vanilla localization retained.
tolmin,,vanilla_passthrough,,,,,vanilla_passthrough,insufficient_secure_identity,No sufficiently secure AD 1 identity; EU5 vanilla localization retained.
tolosa,,vanilla_passthrough,,,,,vanilla_passthrough,insufficient_secure_identity,No sufficiently secure AD 1 identity; EU5 vanilla localization retained.
tomar,,vanilla_passthrough,,,,,vanilla_passthrough,insufficient_secure_identity,No sufficiently secure AD 1 identity; EU5 vanilla localization retained.
tomelloso,,vanilla_passthrough,,,,,vanilla_passthrough,insufficient_secure_identity,No sufficiently secure AD 1 identity; EU5 vanilla localization retained.
tonnerre,,vanilla_passthrough,,,,,vanilla_passthrough,insufficient_secure_identity,No sufficiently secure AD 1 identity; EU5 vanilla localization retained.
tordesillas,,vanilla_passthrough,,,,,vanilla_passthrough,insufficient_secure_identity,No sufficiently secure AD 1 identity; EU5 vanilla localization retained.
toro,,vanilla_passthrough,,,,,vanilla_passthrough,insufficient_secure_identity,No sufficiently secure AD 1 identity; EU5 vanilla localization retained.
torralba,,vanilla_passthrough,,,,,vanilla_passthrough,insufficient_secure_identity,No sufficiently secure AD 1 identity; EU5 vanilla localization retained.
torres_novas,,vanilla_passthrough,,,,,vanilla_passthrough,insufficient_secure_identity,No sufficiently secure AD 1 identity; EU5 vanilla localization retained.
torres_vedras,,vanilla_passthrough,,,,,vanilla_passthrough,insufficient_secure_identity,No sufficiently secure AD 1 identity; EU5 vanilla localization retained.
tortoli,Sulcis,reviewed_identity,roman_identity,antq_nuragic,PLE:472025;PLN:472025/sulcis;R2,tier2,reviewed_override,,Pleiades explicitly associates place 472025 with this modern field; AD 1 name resource 472025/sulcis.
tortona,Dertona,reviewed_direct,curated,antq_cisalpine_gallic,BAT-ITALY,secure,reviewed_override,,Direct ancient Dertona label at the installed Tortona city field; replaces the distinct Libarna adapter.
tortosa,Dertosa,reviewed_direct,curated,antq_latin,PLE,secure,reviewed_override,,Direct Roman-period city form for the installed Tortosa location
tosse,,vanilla_passthrough,,,,,vanilla_passthrough,insufficient_secure_identity,No sufficiently secure AD 1 identity; EU5 vanilla localization retained.
tosya,,vanilla_passthrough,,,,,vanilla_passthrough,insufficient_secure_identity,No sufficiently secure AD 1 identity; EU5 vanilla localization retained.
toul,Tullum,reviewed_identity,roman_identity,antq_mediomatrician,PLE:109396;PLN:109396/tullum;R2,tier2,reviewed_override,,Reviewed modern-field identity for Pleiades place 109396; AD 1 name resource 109396/tullum.
toulon,,vanilla_passthrough,,,,,vanilla_passthrough,insufficient_secure_identity,No sufficiently secure AD 1 identity; EU5 vanilla localization retained.
toulouse,Tolosa,reviewed_direct,curated,antq_latin,PLE:246694,secure,reviewed_override,,Pleiades exact Tolosa settlement point at 43.60417 1.44325; reviewed against the installed Toulouse location
tour_auvergne,,vanilla_passthrough,,,,,vanilla_passthrough,insufficient_secure_identity,No sufficiently secure AD 1 identity; EU5 vanilla localization retained.
tournai,Turnacum,reviewed_direct,curated,antq_belgic,PLE:109398;BAT-GAUL,secure,reviewed_override,,Direct ancient Turnacum label at the installed Tournai city field; promotes the exact record above the wide proximity layer.
tournon,,vanilla_passthrough,,,,,vanilla_passthrough,insufficient_secure_identity,No sufficiently secure AD 1 identity; EU5 vanilla localization retained.
tours,Caesarodunum,reviewed_identity,roman_identity,antq_turonian,PLE:138255;PLN:138255/caesarodunum;R2,tier2,reviewed_override,,Reviewed modern-field identity for Pleiades place 138255; AD 1 name resource 138255/caesarodunum.
tozeur,,vanilla_passthrough,,,,,vanilla_passthrough,insufficient_secure_identity,No sufficiently secure AD 1 identity; EU5 vanilla localization retained.
trancoso,,vanilla_passthrough,,,,,vanilla_passthrough,insufficient_secure_identity,No sufficiently secure AD 1 identity; EU5 vanilla localization retained.
trapani,Drepanum,reviewed_identity,roman_identity,antq_greek_koine,PLE:462187;PLN:462187/drepanum;R2,tier2,reviewed_override,,Reviewed modern-field identity for Pleiades place 462187; AD 1 name resource 462187/drepanum.
tratalias,,vanilla_passthrough,,,,,vanilla_passthrough,insufficient_secure_identity,No sufficiently secure AD 1 identity; EU5 vanilla localization retained.
trebinje,,vanilla_passthrough,,,,,vanilla_passthrough,insufficient_secure_identity,No sufficiently secure AD 1 identity; EU5 vanilla localization retained.
trebizond,Trapezus,reviewed_direct,curated,antq_chalybian,PLE:857359,secure,reviewed_override,,Direct Trapezus settlement point at the installed Trebizond coastal city proxy.
treguier,,vanilla_passthrough,,,,,vanilla_passthrough,insufficient_secure_identity,No sufficiently secure AD 1 identity; EU5 vanilla localization retained.
trento,Tridentum,reviewed_direct,curated,antq_latin,PLE:383804,secure,reviewed_override,,Pleiades exact ancient city point at 46.06677 11.11914; standard Latin display form retained for the installed Trento location
tresivio,,vanilla_passthrough,,,,,vanilla_passthrough,insufficient_secure_identity,No sufficiently secure AD 1 identity; EU5 vanilla localization retained.
treviglio,,vanilla_passthrough,,,,,vanilla_passthrough,insufficient_secure_identity,No sufficiently secure AD 1 identity; EU5 vanilla localization retained.
treviso,Tarvisium,reviewed_direct,curated,antq_latin,PLE:393503,secure,reviewed_override,,Pleiades exact Tarvisium settlement point at 45.66625 12.24206; reviewed against the installed Treviso location
trevoux,,vanilla_passthrough,,,,,vanilla_passthrough,insufficient_secure_identity,No sufficiently secure AD 1 identity; EU5 vanilla localization retained.
trgoviste_SER,,vanilla_passthrough,,,,,vanilla_passthrough,insufficient_secure_identity,No sufficiently secure AD 1 identity; EU5 vanilla localization retained.
trieste,Tergeste,reviewed_direct,curated,antq_latin,PLE:187578,secure,reviewed_override,,Pleiades exact Tergeste city point at 45.64915 13.77170; reviewed against the installed Trieste location
trikala,,vanilla_passthrough,,,,,vanilla_passthrough,insufficient_secure_identity,No sufficiently secure AD 1 identity; EU5 vanilla localization retained.
tripoli,Oea,reviewed_direct,curated,antq_latin,PLE;P8.1,secure,reviewed_override,,Secure ancient and Roman-period city form at the direct Tripoli match.
tripolitsa,,vanilla_passthrough,,,,,vanilla_passthrough,insufficient_secure_identity,No sufficiently secure AD 1 identity; EU5 vanilla localization retained.
trivento,,vanilla_passthrough,,,,,vanilla_passthrough,insufficient_secure_identity,No sufficiently secure AD 1 identity; EU5 vanilla localization retained.
troyes,Augustobona,reviewed_direct,curated,antq_belgic,PLE:108775;BAT-GAUL,secure,reviewed_override,,Direct ancient Augustobona label at the installed Troyes city field; promotes the exact record above the wide proximity layer.
trujillo,,vanilla_passthrough,,,,,vanilla_passthrough,insufficient_secure_identity,No sufficiently secure AD 1 identity; EU5 vanilla localization retained.
tryavna,,vanilla_passthrough,,,,,vanilla_passthrough,insufficient_secure_identity,No sufficiently secure AD 1 identity; EU5 vanilla localization retained.
tsaribrod,,vanilla_passthrough,,,,,vanilla_passthrough,insufficient_secure_identity,No sufficiently secure AD 1 identity; EU5 vanilla localization retained.
tudela,,vanilla_passthrough,,,,,vanilla_passthrough,insufficient_secure_identity,No sufficiently secure AD 1 identity; EU5 vanilla localization retained.
tulcea,Aegyssus,reviewed_direct,curated,antq_thracian,PLE:216694,secure,reviewed_override,,Direct Aegyssus settlement point at the installed Tulcea delta-city proxy.
tulle,,vanilla_passthrough,,,,,vanilla_passthrough,insufficient_secure_identity,No sufficiently secure AD 1 identity; EU5 vanilla localization retained.
tulln,,vanilla_passthrough,,,,,vanilla_passthrough,insufficient_secure_identity,No sufficiently secure AD 1 identity; EU5 vanilla localization retained.
tunis,Carthago,reviewed_direct,curated,antq_latin,PLE:314921,secure,reviewed_override,,Pleiades direct Carthago settlement and port point at 36.85306 10.32306
turenne,,vanilla_passthrough,,,,,vanilla_passthrough,insufficient_secure_identity,No sufficiently secure AD 1 identity; EU5 vanilla localization retained.
turgut,,vanilla_passthrough,,,,,vanilla_passthrough,insufficient_secure_identity,No sufficiently secure AD 1 identity; EU5 vanilla localization retained.
turin,Augusta Taurinorum,reviewed_direct,curated,antq_latin,PLE:383580,secure,reviewed_override,,Pleiades exact Augusta Taurinorum city point at 45.07178 7.68600; reviewed against the installed Turin location
tutrakan,,vanilla_passthrough,,,,,vanilla_passthrough,insufficient_secure_identity,No sufficiently secure AD 1 identity; EU5 vanilla localization retained.
tuy,,vanilla_passthrough,,,,,vanilla_passthrough,insufficient_secure_identity,No sufficiently secure AD 1 identity; EU5 vanilla localization retained.
tyrnavos,,vanilla_passthrough,,,,,vanilla_passthrough,insufficient_secure_identity,No sufficiently secure AD 1 identity; EU5 vanilla localization retained.
ubeda,,vanilla_passthrough,,,,,vanilla_passthrough,insufficient_secure_identity,No sufficiently secure AD 1 identity; EU5 vanilla localization retained.
ucles,Ocules,reviewed_identity,roman_identity,antq_celtiberian,PLE:265983;PLN:265983/ocules;R2,tier2,reviewed_override,,Reviewed modern-field identity for Pleiades place 265983; AD 1 name resource 265983/ocules.
udine,,vanilla_passthrough,,,,,vanilla_passthrough,insufficient_secure_identity,No sufficiently secure AD 1 identity; EU5 vanilla localization retained.
uluborlu,,vanilla_passthrough,,,,,vanilla_passthrough,insufficient_secure_identity,No sufficiently secure AD 1 identity; EU5 vanilla localization retained.
ulus,,vanilla_passthrough,,,,,vanilla_passthrough,insufficient_secure_identity,No sufficiently secure AD 1 identity; EU5 vanilla localization retained.
unye,,vanilla_passthrough,,,,,vanilla_passthrough,insufficient_secure_identity,No sufficiently secure AD 1 identity; EU5 vanilla localization retained.
urbino,Urvinum Mataurense,reviewed_identity,roman_identity,antq_cisalpine_gallic,PLE:413366;PLN:413366/urvinum-mataurense;R2,tier2,reviewed_override,,Reviewed modern-field identity for Pleiades place 413366; AD 1 name resource 413366/urvinum-mataurense.
urla,,vanilla_passthrough,,,,,vanilla_passthrough,insufficient_secure_identity,No sufficiently secure AD 1 identity; EU5 vanilla localization retained.
usak,,vanilla_passthrough,,,,,vanilla_passthrough,insufficient_secure_identity,No sufficiently secure AD 1 identity; EU5 vanilla localization retained.
ushmum_tannah,,vanilla_passthrough,,,,,vanilla_passthrough,insufficient_secure_identity,No sufficiently secure AD 1 identity; EU5 vanilla localization retained.
uskudar,,vanilla_passthrough,,,,,vanilla_passthrough,insufficient_secure_identity,No sufficiently secure AD 1 identity; EU5 vanilla localization retained.
ussel,,vanilla_passthrough,,,,,vanilla_passthrough,insufficient_secure_identity,No sufficiently secure AD 1 identity; EU5 vanilla localization retained.
ustikolina,,vanilla_passthrough,,,,,vanilla_passthrough,insufficient_secure_identity,No sufficiently secure AD 1 identity; EU5 vanilla localization retained.
uzes,Ucetia,reviewed_identity,roman_identity,antq_volcan_arecomican,PLE:148222;PLN:148222/ucetia;R2,tier2,reviewed_override,,Reviewed modern-field identity for Pleiades place 148222; AD 1 name resource 148222/ucetia.
uzice,,vanilla_passthrough,,,,,vanilla_passthrough,insufficient_secure_identity,No sufficiently secure AD 1 identity; EU5 vanilla localization retained.
valderrobres,,vanilla_passthrough,,,,,vanilla_passthrough,insufficient_secure_identity,No sufficiently secure AD 1 identity; EU5 vanilla localization retained.
valenca,,vanilla_passthrough,,,,,vanilla_passthrough,insufficient_secure_identity,No sufficiently secure AD 1 identity; EU5 vanilla localization retained.
valence,Valentia,reviewed_identity,roman_identity,antq_vocontian,PLE:167718;PLN:167718/col-valentia;R2,tier2,reviewed_override,,Reviewed modern-field identity for Pleiades place 167718; AD 1 name resource 167718/col-valentia.
valencia,Valentia,reviewed_direct,curated,antq_latin,PLE,secure,reviewed_override,,Direct Roman-period city form for the installed Valencia location
valencia_de_alcantara,,vanilla_passthrough,,,,,vanilla_passthrough,insufficient_secure_identity,No sufficiently secure AD 1 identity; EU5 vanilla localization retained.
valenciennes,,vanilla_passthrough,,,,,vanilla_passthrough,insufficient_secure_identity,No sufficiently secure AD 1 identity; EU5 vanilla localization retained.
valjevo,,vanilla_passthrough,,,,,vanilla_passthrough,insufficient_secure_identity,No sufficiently secure AD 1 identity; EU5 vanilla localization retained.
valladolid,,vanilla_passthrough,,,,,vanilla_passthrough,insufficient_secure_identity,No sufficiently secure AD 1 identity; EU5 vanilla localization retained.
vallo,,vanilla_passthrough,,,,,vanilla_passthrough,insufficient_secure_identity,No sufficiently secure AD 1 identity; EU5 vanilla localization retained.
valmaseda,,vanilla_passthrough,,,,,vanilla_passthrough,insufficient_secure_identity,No sufficiently secure AD 1 identity; EU5 vanilla localization retained.
valverde,,vanilla_passthrough,,,,,vanilla_passthrough,insufficient_secure_identity,No sufficiently secure AD 1 identity; EU5 vanilla localization retained.
vannes,Darioritum,reviewed_identity,roman_identity,antq_venetian,PLE:138323;PLN:138323/darioritum;R2,tier2,reviewed_override,,Reviewed modern-field identity for Pleiades place 138323; AD 1 name resource 138323/darioritum.
varallo,,vanilla_passthrough,,,,,vanilla_passthrough,insufficient_secure_identity,No sufficiently secure AD 1 identity; EU5 vanilla localization retained.
varazdin,,vanilla_passthrough,,,,,vanilla_passthrough,insufficient_secure_identity,No sufficiently secure AD 1 identity; EU5 vanilla localization retained.
varese,,vanilla_passthrough,,,,,vanilla_passthrough,insufficient_secure_identity,No sufficiently secure AD 1 identity; EU5 vanilla localization retained.
varna,Odessus,reviewed_direct,curated,antq_thracian,PLE:216904,secure,reviewed_override,,Direct Odessus settlement point; Varna is the continuous coastal city adapter.
vaska,,vanilla_passthrough,,,,,vanilla_passthrough,insufficient_secure_identity,No sufficiently secure AD 1 identity; EU5 vanilla localization retained.
vasto,Histonium,reviewed_identity,roman_identity,antq_oscan_umbrian,PLE:413171;PLN:413171/histonium;R2,tier2,reviewed_override,,Reviewed modern-field identity for Pleiades place 413171; AD 1 name resource 413171/histonium.
vaucouleurs,,vanilla_passthrough,,,,,vanilla_passthrough,insufficient_secure_identity,No sufficiently secure AD 1 identity; EU5 vanilla localization retained.
velbuzd,,vanilla_passthrough,,,,,vanilla_passthrough,insufficient_secure_identity,No sufficiently secure AD 1 identity; EU5 vanilla localization retained.
veles,,vanilla_passthrough,,,,,vanilla_passthrough,insufficient_secure_identity,No sufficiently secure AD 1 identity; EU5 vanilla localization retained.
velez_malaga,,vanilla_passthrough,,,,,vanilla_passthrough,insufficient_secure_identity,No sufficiently secure AD 1 identity; EU5 vanilla localization retained.
velez_rubio,,vanilla_passthrough,,,,,vanilla_passthrough,insufficient_secure_identity,No sufficiently secure AD 1 identity; EU5 vanilla localization retained.
veligosti,,vanilla_passthrough,,,,,vanilla_passthrough,insufficient_secure_identity,No sufficiently secure AD 1 identity; EU5 vanilla localization retained.
veliki_preslav,,vanilla_passthrough,,,,,vanilla_passthrough,insufficient_secure_identity,No sufficiently secure AD 1 identity; EU5 vanilla localization retained.
velletri,Velitrae,reviewed_direct,curated,antq_latin,PLE:423117;BAT-LATIUM,secure,reviewed_override,,Direct Pleiades Velitrae settlement label at the installed Velletri city field; replaces the unrelated S Gennaro adapter.
venafro,Venafrum,reviewed_identity,roman_identity,antq_latin,PLE:433185;PLN:433185/venafrum;R2,tier2,reviewed_override,,Reviewed modern-field identity for Pleiades place 433185; AD 1 name resource 433185/venafrum.
vendome,,vanilla_passthrough,,,,,vanilla_passthrough,insufficient_secure_identity,No sufficiently secure AD 1 identity; EU5 vanilla localization retained.
venice,,vanilla_passthrough,,,,,vanilla_passthrough,insufficient_secure_identity,No sufficiently secure AD 1 identity; EU5 vanilla localization retained.
ventadour,,vanilla_passthrough,,,,,vanilla_passthrough,insufficient_secure_identity,No sufficiently secure AD 1 identity; EU5 vanilla localization retained.
ventimiglia,Albium Intimilium,reviewed_identity,roman_identity,antq_ligurian,PLE:157802;PLN:157802/albium-intimilium;R2,tier2,reviewed_override,,Reviewed modern-field identity for Pleiades place 157802; AD 1 name resource 157802/albium-intimilium.
vercelli,Vercellae,reviewed_identity,roman_identity,antq_cisalpine_gallic,PLE:383815;PLN:383815/vercellae;R2,tier2,reviewed_override,,Reviewed modern-field identity for Pleiades place 383815; AD 1 name resource 383815/vercellae.
verdun,,vanilla_passthrough,,,,,vanilla_passthrough,insufficient_secure_identity,No sufficiently secure AD 1 identity; EU5 vanilla localization retained.
verdun_sur_garonne,,vanilla_passthrough,,,,,vanilla_passthrough,insufficient_secure_identity,No sufficiently secure AD 1 identity; EU5 vanilla localization retained.
vergato,,vanilla_passthrough,,,,,vanilla_passthrough,insufficient_secure_identity,No sufficiently secure AD 1 identity; EU5 vanilla localization retained.
veria,Berroia,reviewed_identity,roman_identity,antq_macedonian,PLE:491546;PLN:491546/berroia;R2,tier2,reviewed_override,,Reviewed modern-field identity for Pleiades place 491546; AD 1 name resource 491546/berroia.
verona,Verona,reviewed_direct,curated,antq_latin,PLE:383816,secure,reviewed_override,,Pleiades exact Verona settlement point at 45.44215 10.99572; reviewed against the installed Verona location
vertus,,vanilla_passthrough,,,,,vanilla_passthrough,insufficient_secure_identity,No sufficiently secure AD 1 identity; EU5 vanilla localization retained.
vesoul,,vanilla_passthrough,,,,,vanilla_passthrough,insufficient_secure_identity,No sufficiently secure AD 1 identity; EU5 vanilla localization retained.
veurne,,vanilla_passthrough,,,,,vanilla_passthrough,insufficient_secure_identity,No sufficiently secure AD 1 identity; EU5 vanilla localization retained.
viana,,vanilla_passthrough,,,,,vanilla_passthrough,insufficient_secure_identity,No sufficiently secure AD 1 identity; EU5 vanilla localization retained.
viana_bolo,,vanilla_passthrough,,,,,vanilla_passthrough,insufficient_secure_identity,No sufficiently secure AD 1 identity; EU5 vanilla localization retained.
viana_do_castelo,,vanilla_passthrough,,,,,vanilla_passthrough,insufficient_secure_identity,No sufficiently secure AD 1 identity; EU5 vanilla localization retained.
vianden,,vanilla_passthrough,,,,,vanilla_passthrough,insufficient_secure_identity,No sufficiently secure AD 1 identity; EU5 vanilla localization retained.
viannos,,vanilla_passthrough,,,,,vanilla_passthrough,insufficient_secure_identity,No sufficiently secure AD 1 identity; EU5 vanilla localization retained.
vic,Auso,reviewed_identity,roman_identity,antq_ausetanian,PLE:246212;PLN:246212/auso;R2,tier2,reviewed_override,,Reviewed modern-field identity for Pleiades place 246212; AD 1 name resource 246212/auso.
vic_le_comte,,vanilla_passthrough,,,,,vanilla_passthrough,insufficient_secure_identity,No sufficiently secure AD 1 identity; EU5 vanilla localization retained.
vic_sur_seille,,vanilla_passthrough,,,,,vanilla_passthrough,insufficient_secure_identity,No sufficiently secure AD 1 identity; EU5 vanilla localization retained.
vicenza,Vicetia,reviewed_direct,curated,antq_latin,PLE:393513,secure,reviewed_override,,Pleiades exact Vicetia city point at 45.54577 11.54028; reviewed against the installed Vicenza location
vichy,Aquae Calidae,reviewed_identity,roman_identity,antq_arvernian,PLE:138186;PLN:138186/aquae-calidae;R2,tier2,reviewed_override,,Reviewed modern-field identity for Pleiades place 138186; AD 1 name resource 138186/aquae-calidae.
vico,,vanilla_passthrough,,,,,vanilla_passthrough,insufficient_secure_identity,No sufficiently secure AD 1 identity; EU5 vanilla localization retained.
vidin,,vanilla_passthrough,,,,,vanilla_passthrough,insufficient_secure_identity,No sufficiently secure AD 1 identity; EU5 vanilla localization retained.
vielha,,vanilla_passthrough,,,,,vanilla_passthrough,insufficient_secure_identity,No sufficiently secure AD 1 identity; EU5 vanilla localization retained.
vienna,,vanilla_passthrough,,,,,vanilla_passthrough,insufficient_secure_identity,No sufficiently secure AD 1 identity; EU5 vanilla localization retained.
vienne,Vienna,reviewed_identity,roman_identity,antq_allobrogian,PLE:167719;PLN:167719/col-vienna;R2,tier2,reviewed_override,,Reviewed modern-field identity for Pleiades place 167719; AD 1 name resource 167719/col-vienna.
vierzon,,vanilla_passthrough,,,,,vanilla_passthrough,insufficient_secure_identity,No sufficiently secure AD 1 identity; EU5 vanilla localization retained.
vila_real,,vanilla_passthrough,,,,,vanilla_passthrough,insufficient_secure_identity,No sufficiently secure AD 1 identity; EU5 vanilla localization retained.
vila_vicosa,,vanilla_passthrough,,,,,vanilla_passthrough,insufficient_secure_identity,No sufficiently secure AD 1 identity; EU5 vanilla localization retained.
villa_di_chiesa,,vanilla_passthrough,,,,,vanilla_passthrough,insufficient_secure_identity,No sufficiently secure AD 1 identity; EU5 vanilla localization retained.
villablino,,vanilla_passthrough,,,,,vanilla_passthrough,insufficient_secure_identity,No sufficiently secure AD 1 identity; EU5 vanilla localization retained.
villach,,vanilla_passthrough,,,,,vanilla_passthrough,insufficient_secure_identity,No sufficiently secure AD 1 identity; EU5 vanilla localization retained.
villadiego,,vanilla_passthrough,,,,,vanilla_passthrough,insufficient_secure_identity,No sufficiently secure AD 1 identity; EU5 vanilla localization retained.
villafranca_bierzo,,vanilla_passthrough,,,,,vanilla_passthrough,insufficient_secure_identity,No sufficiently secure AD 1 identity; EU5 vanilla localization retained.
villafranca_del_penedes,,vanilla_passthrough,,,,,vanilla_passthrough,insufficient_secure_identity,No sufficiently secure AD 1 identity; EU5 vanilla localization retained.
villaines,,vanilla_passthrough,,,,,vanilla_passthrough,insufficient_secure_identity,No sufficiently secure AD 1 identity; EU5 vanilla localization retained.
villalba,,vanilla_passthrough,,,,,vanilla_passthrough,insufficient_secure_identity,No sufficiently secure AD 1 identity; EU5 vanilla localization retained.
villalpando,,vanilla_passthrough,,,,,vanilla_passthrough,insufficient_secure_identity,No sufficiently secure AD 1 identity; EU5 vanilla localization retained.
villandro,,vanilla_passthrough,,,,,vanilla_passthrough,insufficient_secure_identity,No sufficiently secure AD 1 identity; EU5 vanilla localization retained.
villanueva_de_la_serena,,vanilla_passthrough,,,,,vanilla_passthrough,insufficient_secure_identity,No sufficiently secure AD 1 identity; EU5 vanilla localization retained.
villanueva_del_fresno,,vanilla_passthrough,,,,,vanilla_passthrough,insufficient_secure_identity,No sufficiently secure AD 1 identity; EU5 vanilla localization retained.
villapalacios,,vanilla_passthrough,,,,,vanilla_passthrough,insufficient_secure_identity,No sufficiently secure AD 1 identity; EU5 vanilla localization retained.
villarcayo,,vanilla_passthrough,,,,,vanilla_passthrough,insufficient_secure_identity,No sufficiently secure AD 1 identity; EU5 vanilla localization retained.
villarobledo,,vanilla_passthrough,,,,,vanilla_passthrough,insufficient_secure_identity,No sufficiently secure AD 1 identity; EU5 vanilla localization retained.
villars,,vanilla_passthrough,,,,,vanilla_passthrough,insufficient_secure_identity,No sufficiently secure AD 1 identity; EU5 vanilla localization retained.
villatoro,,vanilla_passthrough,,,,,vanilla_passthrough,insufficient_secure_identity,No sufficiently secure AD 1 identity; EU5 vanilla localization retained.
villaviciosa,,vanilla_passthrough,,,,,vanilla_passthrough,insufficient_secure_identity,No sufficiently secure AD 1 identity; EU5 vanilla localization retained.
villefranche,,vanilla_passthrough,,,,,vanilla_passthrough,insufficient_secure_identity,No sufficiently secure AD 1 identity; EU5 vanilla localization retained.
villemaur,,vanilla_passthrough,,,,,vanilla_passthrough,insufficient_secure_identity,No sufficiently secure AD 1 identity; EU5 vanilla localization retained.
villemur,,vanilla_passthrough,,,,,vanilla_passthrough,insufficient_secure_identity,No sufficiently secure AD 1 identity; EU5 vanilla localization retained.
villena,,vanilla_passthrough,,,,,vanilla_passthrough,insufficient_secure_identity,No sufficiently secure AD 1 identity; EU5 vanilla localization retained.
vire,,vanilla_passthrough,,,,,vanilla_passthrough,insufficient_secure_identity,No sufficiently secure AD 1 identity; EU5 vanilla localization retained.
virovitica,,vanilla_passthrough,,,,,vanilla_passthrough,insufficient_secure_identity,No sufficiently secure AD 1 identity; EU5 vanilla localization retained.
visegrad,,vanilla_passthrough,,,,,vanilla_passthrough,insufficient_secure_identity,No sufficiently secure AD 1 identity; EU5 vanilla localization retained.
visesav,,vanilla_passthrough,,,,,vanilla_passthrough,insufficient_secure_identity,No sufficiently secure AD 1 identity; EU5 vanilla localization retained.
viseu,,vanilla_passthrough,,,,,vanilla_passthrough,insufficient_secure_identity,No sufficiently secure AD 1 identity; EU5 vanilla localization retained.
viterbo,,vanilla_passthrough,,,,,vanilla_passthrough,insufficient_secure_identity,No sufficiently secure AD 1 identity; EU5 vanilla localization retained.
vitoria,,vanilla_passthrough,,,,,vanilla_passthrough,insufficient_secure_identity,No sufficiently secure AD 1 identity; EU5 vanilla localization retained.
vitre,,vanilla_passthrough,,,,,vanilla_passthrough,insufficient_secure_identity,No sufficiently secure AD 1 identity; EU5 vanilla localization retained.
vitry_aux_loges,,vanilla_passthrough,,,,,vanilla_passthrough,insufficient_secure_identity,No sufficiently secure AD 1 identity; EU5 vanilla localization retained.
vitry_en_pertois,,vanilla_passthrough,,,,,vanilla_passthrough,insufficient_secure_identity,No sufficiently secure AD 1 identity; EU5 vanilla localization retained.
vivero,,vanilla_passthrough,,,,,vanilla_passthrough,insufficient_secure_identity,No sufficiently secure AD 1 identity; EU5 vanilla localization retained.
viviers,,vanilla_passthrough,,,,,vanilla_passthrough,insufficient_secure_identity,No sufficiently secure AD 1 identity; EU5 vanilla localization retained.
vodable,,vanilla_passthrough,,,,,vanilla_passthrough,insufficient_secure_identity,No sufficiently secure AD 1 identity; EU5 vanilla localization retained.
voghera,Iria,reviewed_identity,roman_identity,antq_cisalpine_gallic,PLE:383680;PLN:383680/iria;R2,tier2,reviewed_override,,Pleiades explicitly associates place 383680 with this modern field; AD 1 name resource 383680/iria.
voitsberg,,vanilla_passthrough,,,,,vanilla_passthrough,insufficient_secure_identity,No sufficiently secure AD 1 identity; EU5 vanilla localization retained.
volkermarkt,,vanilla_passthrough,,,,,vanilla_passthrough,insufficient_secure_identity,No sufficiently secure AD 1 identity; EU5 vanilla localization retained.
volterra,Volaterrae,reviewed_identity,roman_identity,antq_etruscan,PLE:403292;PLN:403292/volaterrae;R2,tier2,reviewed_override,,Reviewed modern-field identity for Pleiades place 403292; AD 1 name resource 403292/volaterrae.
vonitsa,,vanilla_passthrough,,,,,vanilla_passthrough,insufficient_secure_identity,No sufficiently secure AD 1 identity; EU5 vanilla localization retained.
vostitsa,,vanilla_passthrough,,,,,vanilla_passthrough,insufficient_secure_identity,No sufficiently secure AD 1 identity; EU5 vanilla localization retained.
vranje,,vanilla_passthrough,,,,,vanilla_passthrough,insufficient_secure_identity,No sufficiently secure AD 1 identity; EU5 vanilla localization retained.
vratsa,,vanilla_passthrough,,,,,vanilla_passthrough,insufficient_secure_identity,No sufficiently secure AD 1 identity; EU5 vanilla localization retained.
vrhbosna,,vanilla_passthrough,,,,,vanilla_passthrough,insufficient_secure_identity,No sufficiently secure AD 1 identity; EU5 vanilla localization retained.
vukovar,,vanilla_passthrough,,,,,vanilla_passthrough,insufficient_secure_identity,No sufficiently secure AD 1 identity; EU5 vanilla localization retained.
wadi_el_natrun,,vanilla_passthrough,,,,,vanilla_passthrough,insufficient_secure_identity,No sufficiently secure AD 1 identity; EU5 vanilla localization retained.
waidhofen,,vanilla_passthrough,,,,,vanilla_passthrough,insufficient_secure_identity,No sufficiently secure AD 1 identity; EU5 vanilla localization retained.
waidhofen_an_der_thaya,,vanilla_passthrough,,,,,vanilla_passthrough,insufficient_secure_identity,No sufficiently secure AD 1 identity; EU5 vanilla localization retained.
walcourt,,vanilla_passthrough,,,,,vanilla_passthrough,insufficient_secure_identity,No sufficiently secure AD 1 identity; EU5 vanilla localization retained.
wallerfangen,,vanilla_passthrough,,,,,vanilla_passthrough,insufficient_secure_identity,No sufficiently secure AD 1 identity; EU5 vanilla localization retained.
warrada,,vanilla_passthrough,,,,,vanilla_passthrough,insufficient_secure_identity,No sufficiently secure AD 1 identity; EU5 vanilla localization retained.
weiz,,vanilla_passthrough,,,,,vanilla_passthrough,insufficient_secure_identity,No sufficiently secure AD 1 identity; EU5 vanilla localization retained.
wels,,vanilla_passthrough,,,,,vanilla_passthrough,insufficient_secure_identity,No sufficiently secure AD 1 identity; EU5 vanilla localization retained.
werdenberg,,vanilla_passthrough,,,,,vanilla_passthrough,insufficient_secure_identity,No sufficiently secure AD 1 identity; EU5 vanilla localization retained.
wiener_neustadt,,vanilla_passthrough,,,,,vanilla_passthrough,insufficient_secure_identity,No sufficiently secure AD 1 identity; EU5 vanilla localization retained.
winklern,,vanilla_passthrough,,,,,vanilla_passthrough,insufficient_secure_identity,No sufficiently secure AD 1 identity; EU5 vanilla localization retained.
wolfsberg,,vanilla_passthrough,,,,,vanilla_passthrough,insufficient_secure_identity,No sufficiently secure AD 1 identity; EU5 vanilla localization retained.
wolhusen,,vanilla_passthrough,,,,,vanilla_passthrough,insufficient_secure_identity,No sufficiently secure AD 1 identity; EU5 vanilla localization retained.
xylokastro,,vanilla_passthrough,,,,,vanilla_passthrough,insufficient_secure_identity,No sufficiently secure AD 1 identity; EU5 vanilla localization retained.
yafran,,vanilla_passthrough,,,,,vanilla_passthrough,insufficient_secure_identity,No sufficiently secure AD 1 identity; EU5 vanilla localization retained.
yalvac,Antiochia,reviewed_identity,roman_identity,antq_homonadean,PLE:609307;PLN:609307/antiochia;R2,tier2,reviewed_override,,Reviewed modern-field identity for Pleiades place 609307; AD 1 name resource 609307/antiochia.
yecla_de_yeltes,,vanilla_passthrough,,,,,vanilla_passthrough,insufficient_secure_identity,No sufficiently secure AD 1 identity; EU5 vanilla localization retained.
yenicepazari,,vanilla_passthrough,,,,,vanilla_passthrough,insufficient_secure_identity,No sufficiently secure AD 1 identity; EU5 vanilla localization retained.
ypres,,vanilla_passthrough,,,,,vanilla_passthrough,insufficient_secure_identity,No sufficiently secure AD 1 identity; EU5 vanilla localization retained.
yuksekkum,,vanilla_passthrough,,,,,vanilla_passthrough,insufficient_secure_identity,No sufficiently secure AD 1 identity; EU5 vanilla localization retained.
yverdon_les_bains,,vanilla_passthrough,,,,,vanilla_passthrough,insufficient_secure_identity,No sufficiently secure AD 1 identity; EU5 vanilla localization retained.
zadar,Iader,reviewed_direct,curated,antq_liburnian_culture,PLE:197312,secure,reviewed_override,,Direct Iader settlement point at the installed Zadar coastal city proxy.
zafra,,vanilla_passthrough,,,,,vanilla_passthrough,insufficient_secure_identity,No sufficiently secure AD 1 identity; EU5 vanilla localization retained.
zaghouan,,vanilla_passthrough,,,,,vanilla_passthrough,insufficient_secure_identity,No sufficiently secure AD 1 identity; EU5 vanilla localization retained.
zagreb,,vanilla_passthrough,,,,,vanilla_passthrough,insufficient_secure_identity,No sufficiently secure AD 1 identity; EU5 vanilla localization retained.
zakynthos,,vanilla_passthrough,,,,,vanilla_passthrough,insufficient_secure_identity,No sufficiently secure AD 1 identity; EU5 vanilla localization retained.
zalamea,,vanilla_passthrough,,,,,vanilla_passthrough,insufficient_secure_identity,No sufficiently secure AD 1 identity; EU5 vanilla localization retained.
zamora,,vanilla_passthrough,,,,,vanilla_passthrough,insufficient_secure_identity,No sufficiently secure AD 1 identity; EU5 vanilla localization retained.
zaragoza,Caesaraugusta,reviewed_direct,curated,antq_latin,PLE:246344,secure,reviewed_override,,Pleiades exact Colonia Caesaraugusta city point at 41.65419 -0.87727; reviewed against the installed Zaragoza location
zarzis,,vanilla_passthrough,,,,,vanilla_passthrough,insufficient_secure_identity,No sufficiently secure AD 1 identity; EU5 vanilla localization retained.
zawiya,,vanilla_passthrough,,,,,vanilla_passthrough,insufficient_secure_identity,No sufficiently secure AD 1 identity; EU5 vanilla localization retained.
zell_am_see,,vanilla_passthrough,,,,,vanilla_passthrough,insufficient_secure_identity,No sufficiently secure AD 1 identity; EU5 vanilla localization retained.
zell_am_ziller,,vanilla_passthrough,,,,,vanilla_passthrough,insufficient_secure_identity,No sufficiently secure AD 1 identity; EU5 vanilla localization retained.
zemlungrad,,vanilla_passthrough,,,,,vanilla_passthrough,insufficient_secure_identity,No sufficiently secure AD 1 identity; EU5 vanilla localization retained.
zenica,,vanilla_passthrough,,,,,vanilla_passthrough,insufficient_secure_identity,No sufficiently secure AD 1 identity; EU5 vanilla localization retained.
zetounion,,vanilla_passthrough,,,,,vanilla_passthrough,insufficient_secure_identity,No sufficiently secure AD 1 identity; EU5 vanilla localization retained.
zica,,vanilla_passthrough,,,,,vanilla_passthrough,insufficient_secure_identity,No sufficiently secure AD 1 identity; EU5 vanilla localization retained.
zintan,,vanilla_passthrough,,,,,vanilla_passthrough,insufficient_secure_identity,No sufficiently secure AD 1 identity; EU5 vanilla localization retained.
zliten,,vanilla_passthrough,,,,,vanilla_passthrough,insufficient_secure_identity,No sufficiently secure AD 1 identity; EU5 vanilla localization retained.
zogno,,vanilla_passthrough,,,,,vanilla_passthrough,insufficient_secure_identity,No sufficiently secure AD 1 identity; EU5 vanilla localization retained.
zorita,,vanilla_passthrough,,,,,vanilla_passthrough,insufficient_secure_identity,No sufficiently secure AD 1 identity; EU5 vanilla localization retained.
zuera,,vanilla_passthrough,,,,,vanilla_passthrough,insufficient_secure_identity,No sufficiently secure AD 1 identity; EU5 vanilla localization retained.
zuoz,,vanilla_passthrough,,,,,vanilla_passthrough,insufficient_secure_identity,No sufficiently secure AD 1 identity; EU5 vanilla localization retained.
zurich,Turicum,reviewed_identity,roman_identity,antq_helvetian,PLE:187596;PLN:187596/turicum;R2,tier2,reviewed_override,,Reviewed modern-field identity for Pleiades place 187596; AD 1 name resource 187596/turicum.
zuwarah,,vanilla_passthrough,,,,,vanilla_passthrough,insufficient_secure_identity,No sufficiently secure AD 1 identity; EU5 vanilla localization retained.
zwettl,,vanilla_passthrough,,,,,vanilla_passthrough,insufficient_secure_identity,No sufficiently secure AD 1 identity; EU5 vanilla localization retained.
