granularity,key,parent,kind,ad1_name,language,method,source,confidence,note,unchanged_verified
location,mnisaton,winnipeg_province,land,Red–Assiniboine Woodland,local geography / sourced AD 1 parent frame / English,reviewed ancient identity or anti-anachronism reconstruction,GEO-PROXY;installed:in_game/map_data/location_templates.txt,medium,Reviewed AD 1 placement; modern or duplicate field label removed.,false
location,mnitanka,kickatari_province,land,Mnitaknka High Uplands,local geography / sourced AD 1 parent frame / English,ancient-parent local-feature construction,GEO-PROXY;installed:in_game/map_data/location_templates.txt,medium,AD 1 local label within the researched parent frame.,false
location,mo_o_ti,pechichitane_province,land,Sierra-Gorda Lands,local geography / sourced AD 1 parent frame / English,reviewed ancient identity or anti-anachronism reconstruction,GEO-PROXY;installed:in_game/map_data/location_templates.txt,medium,Reviewed AD 1 placement; modern or duplicate field label removed.,false
location,mo_ohta_vo_honaaeva,itkanaahtuusu_province,land,Little Missouri Hills,local geography / sourced AD 1 parent frame / English,ancient-parent local-feature construction,GEO-PROXY;installed:in_game/map_data/location_templates.txt,medium,AD 1 local label within the researched parent frame.,false
location,moadokado,malheur_province,land,Wadadokado Harney Lands,local geography / sourced AD 1 parent frame / English,reviewed ancient identity or anti-anachronism reconstruction,GEO-PROXY;installed:in_game/map_data/location_templates.txt,medium,Reviewed AD 1 placement; modern or duplicate field label removed.,false
location,moala,viti_levu_province,land,Lapita-Heir Island,local geography / sourced AD 1 parent frame / English,reviewed ancient identity or anti-anachronism reconstruction,GEO-PROXY;installed:in_game/map_data/location_templates.txt,medium,Reviewed AD 1 placement; modern or duplicate field label removed.,false
location,moala_atoll,viti_levu_province,land,Lapita-Heir Shore,local geography / sourced AD 1 parent frame / English,reviewed ancient identity or anti-anachronism reconstruction,GEO-PROXY;installed:in_game/map_data/location_templates.txt,medium,Reviewed AD 1 placement; modern or duplicate field label removed.,false
location,moana_kassongo,ulindi_province,land,Lualaba Ulindi Ironworking,local geography / sourced AD 1 parent frame / English,reviewed ancient identity or anti-anachronism reconstruction,GEO-PROXY;installed:in_game/map_data/location_templates.txt,medium,Reviewed AD 1 placement; modern or duplicate field label removed.,false
location,moana_mpafu,lukassi_province,land,Lualaba Lukassi Ironworking,local geography / sourced AD 1 parent frame / English,reviewed ancient identity or anti-anachronism reconstruction,GEO-PROXY;installed:in_game/map_data/location_templates.txt,medium,Reviewed AD 1 placement; modern or duplicate field label removed.,false
location,moana_muafi,luxico_province,land,Kasai Lulua Ironworking,local geography / sourced AD 1 parent frame / English,reviewed ancient identity or anti-anachronism reconstruction,GEO-PROXY;installed:in_game/map_data/location_templates.txt,medium,Reviewed AD 1 placement; modern or duplicate field label removed.,false
location,moana_mussumba,lukassi_province,land,Lukassi Iron Settlements,local geography / sourced AD 1 parent frame / English,reviewed ancient identity or anti-anachronism reconstruction,GEO-PROXY;installed:in_game/map_data/location_templates.txt,medium,Reviewed AD 1 placement; modern or duplicate field label removed.,false
location,moanunts,weeminuche_province,land,Late Basketmaker Highlands,local geography / sourced AD 1 parent frame / English,reviewed ancient identity or anti-anachronism reconstruction,GEO-PROXY;installed:in_game/map_data/location_templates.txt,medium,Reviewed AD 1 placement; modern or duplicate field label removed.,false
location,moapa,chemewevi_province,land,Mojave Colorado Lands,local geography / sourced AD 1 parent frame / English,reviewed ancient identity or anti-anachronism reconstruction,GEO-PROXY;installed:in_game/map_data/location_templates.txt,medium,Reviewed AD 1 placement; modern or duplicate field label removed.,false
location,mobaye,djemah_province,land,Kotto Ubangi Forest,local geography / sourced AD 1 parent frame / English,reviewed ancient identity or anti-anachronism reconstruction,GEO-PROXY;installed:in_game/map_data/location_templates.txt,medium,Reviewed AD 1 placement; modern or duplicate field label removed.,false
location,mobile,mobile_province,land,Mabila Woodland,local geography / sourced AD 1 parent frame / English,reviewed ancient identity or anti-anachronism reconstruction,GEO-PROXY;installed:in_game/map_data/location_templates.txt,medium,Reviewed AD 1 placement; modern or duplicate field label removed.,false
location,mobile_bay,eastern_gulf_coast_province,sea,Mabila Bight,local geography / sourced AD 1 parent frame / English,reviewed ancient identity or anti-anachronism reconstruction,GEO-PROXY;installed:in_game/map_data/location_templates.txt,medium,Reviewed AD 1 placement; modern or duplicate field label removed.,false
location,moca,magua_province,land,Cibao Saladoid Lands,local geography / sourced AD 1 parent frame / English,reviewed ancient identity or anti-anachronism reconstruction,GEO-PROXY;installed:in_game/map_data/location_templates.txt,medium,Reviewed AD 1 placement; modern or duplicate field label removed.,false
location,mocama,mocama_province,land,Atlantic-Timucua Woodlands,local geography / sourced AD 1 parent frame / English,ancient-parent local-feature construction,GEO-PROXY;installed:in_game/map_data/location_templates.txt,medium,AD 1 local label within the researched parent frame.,false
location,mocamedes_desert,damara_province,land,Namib Hunter-Herder Desert,local geography / sourced AD 1 parent frame / English,reviewed ancient identity or anti-anachronism reconstruction,GEO-PROXY;installed:in_game/map_data/location_templates.txt,medium,Reviewed AD 1 placement; modern or duplicate field label removed.,false
location,mocana,mompoj_province,land,Yuma Lands,local geography / sourced AD 1 parent frame / English,ancient-parent local-feature construction,GEO-PROXY;installed:in_game/map_data/location_templates.txt,medium,AD 1 local label within the researched parent frame.,false
location,moce_atoll,vanua_levu_province,land,Lapita-Heir Lagoon,local geography / sourced AD 1 parent frame / English,reviewed ancient identity or anti-anachronism reconstruction,GEO-PROXY;installed:in_game/map_data/location_templates.txt,medium,Reviewed AD 1 placement; modern or duplicate field label removed.,false
location,moce_coast,vanua_coastal_sea_zones_province,sea,Lau Offing,local geography / sourced AD 1 parent frame / English,reviewed ancient identity or anti-anachronism reconstruction,GEO-PROXY;installed:in_game/map_data/location_templates.txt,medium,Reviewed AD 1 placement; modern or duplicate field label removed.,false
location,moch_coast,chuuk_sea_zones_province,sea,Carolinian Offing,local geography / sourced AD 1 parent frame / English,reviewed ancient identity or anti-anachronism reconstruction,GEO-PROXY;installed:in_game/map_data/location_templates.txt,medium,Reviewed AD 1 placement; modern or duplicate field label removed.,false
location,mocoa,papamane_province,land,Guayupe Upper-Guaviare Lands,local geography / sourced AD 1 parent frame / English,reviewed ancient identity or anti-anachronism reconstruction,GEO-PROXY;installed:in_game/map_data/location_templates.txt,medium,Reviewed AD 1 placement; modern or duplicate field label removed.,false
location,mocozo,tampa_province,land,Timucuan Tampa Coast,local geography / sourced AD 1 parent frame / English,reviewed ancient identity or anti-anachronism reconstruction,GEO-PROXY;installed:in_game/map_data/location_templates.txt,medium,Reviewed AD 1 placement; modern or duplicate field label removed.,false
location,modasa,khekassala,land,Anartan Barygaza Hinterland,local geography / sourced AD 1 parent frame / English,reviewed ancient identity or anti-anachronism reconstruction,GEO-PROXY;installed:in_game/map_data/location_templates.txt,medium,Reviewed AD 1 placement; modern or duplicate field label removed.,false
location,modena,modena_province,land,Mutina,local geography / sourced AD 1 parent frame / English,reviewed classical settlement identity,PLE;ORB,high,Secure period-valid Roman Mutina identity.,false
location,modica,noto_province,land,Mutyce,local geography / sourced AD 1 parent frame / English,reviewed Pleiades ancient settlement identity,https://pleiades.stoa.org/places/462378,medium,Period-valid ancient settlement placed on the reviewed engine field.,false
location,modigliana,romagna_province,land,Roman Ariminum Apennines,local geography / sourced AD 1 parent frame / English,reviewed ancient identity or anti-anachronism reconstruction,GEO-PROXY;installed:in_game/map_data/location_templates.txt,medium,Reviewed AD 1 placement; modern or duplicate field label removed.,false
location,modipe,mosega_province,land,Limpopo–Kalahari Pastoral,local geography / sourced AD 1 parent frame / English,ancient-parent local-feature construction,GEO-PROXY;installed:in_game/map_data/location_templates.txt,medium,AD 1 local label within the researched parent frame.,false
location,modokni,klamath_province,land,Klamath-Pit Hills,local geography / sourced AD 1 parent frame / English,ancient-parent local-feature construction,GEO-PROXY;installed:in_game/map_data/location_templates.txt,medium,AD 1 local label within the researched parent frame.,false
location,modon,messenia_province,land,Mothone,local geography / sourced AD 1 parent frame / English,reviewed Pleiades ancient settlement identity,https://pleiades.stoa.org/places/570483,medium,Period-valid ancient settlement placed on the reviewed engine field.,false
location,modos,west_banat_province,land,Dacian Tibiscus Plain,local geography / sourced AD 1 parent frame / English,reviewed ancient identity or anti-anachronism reconstruction,GEO-PROXY;installed:in_game/map_data/location_templates.txt,medium,Reviewed AD 1 placement; modern or duplicate field label removed.,false
location,moehe_yoe,chakadee_wakpa_province,land,'yohe Little,local geography / sourced AD 1 parent frame / English,ancient-parent local-feature construction,GEO-PROXY;installed:in_game/map_data/location_templates.txt,medium,AD 1 local label within the researched parent frame.,false
location,moena_kalengo,south_moxico_province,land,Zambezi–Cuando Hills,local geography / sourced AD 1 parent frame / English,ancient-parent local-feature construction,GEO-PROXY;installed:in_game/map_data/location_templates.txt,medium,AD 1 local label within the researched parent frame.,false
location,moffat,northern_nuchiu_province,land,Nuchiu Yampa Lands,local geography / sourced AD 1 parent frame / English,reviewed ancient identity or anti-anachronism reconstruction,GEO-PROXY;installed:in_game/map_data/location_templates.txt,medium,Reviewed AD 1 placement; modern or duplicate field label removed.,false
location,mogadishu,banaadir_province,land,Northern Azanian Coast,local geography / sourced AD 1 parent frame / English,reviewed regional antiquity reconstruction,PME-BARBARIA,medium,Azanian coast frame replaces the later urban name.,false
location,mogador,haha_province,land,Cerne Atlantic Port,local geography / sourced AD 1 parent frame / English,reviewed ancient identity or anti-anachronism reconstruction,GEO-PROXY;installed:in_game/map_data/location_templates.txt,medium,Reviewed AD 1 placement; modern or duplicate field label removed.,false
location,mogas,macaclita_province,land,Salinas-Grandes-Dulce Lands,local geography / sourced AD 1 parent frame / English,ancient-parent local-feature construction,GEO-PROXY;installed:in_game/map_data/location_templates.txt,medium,AD 1 local label within the researched parent frame.,false
location,moghwachi,alamosa_province,land,Rockies Basketmaker Uplands,local geography / sourced AD 1 parent frame / English,ancient-parent local-feature construction,GEO-PROXY;installed:in_game/map_data/location_templates.txt,medium,AD 1 local label within the researched parent frame.,false
location,mogi_das_cruzes,parnaiba_province,land,Mboîa Hills of Tupiniquim,local geography / sourced AD 1 parent frame / English,ancient-parent local-feature construction,GEO-PROXY;installed:in_game/map_data/location_templates.txt,medium,AD 1 local label within the researched parent frame.,false
location,mogi_forest,guaratuba_province,land,Tupinambá–Carijó Atlantic,local geography / sourced AD 1 parent frame / English,ancient-parent local-feature construction,GEO-PROXY;installed:in_game/map_data/location_templates.txt,medium,AD 1 local label within the researched parent frame.,false
location,mogi_mirim,jundiai_province,land,Moî'ymirim of Tietê–Jundiaí,local geography / sourced AD 1 parent frame / English,ancient-parent local-feature construction,GEO-PROXY;installed:in_game/map_data/location_templates.txt,medium,AD 1 local label within the researched parent frame.,false
location,mogilev,mogilev_province,land,Upper-Dnieper–Sozh Lands,local geography / sourced AD 1 parent frame / English,reviewed ancient identity or anti-anachronism reconstruction,GEO-PROXY;installed:in_game/map_data/location_templates.txt,medium,Reviewed AD 1 placement; modern or duplicate field label removed.,false
location,mogilno,gniezno_province,land,Przeworsk Upper-Warta Lands,local geography / sourced AD 1 parent frame / English,reviewed ancient identity or anti-anachronism reconstruction,GEO-PROXY;installed:in_game/map_data/location_templates.txt,medium,Reviewed AD 1 placement; modern or duplicate field label removed.,false
location,mogot,gilyuy_province,land,Zeya–Gilyuy Hills,local geography / sourced AD 1 parent frame / English,ancient-parent local-feature construction,GEO-PROXY;installed:in_game/map_data/location_templates.txt,medium,AD 1 local label within the researched parent frame.,false
location,mohacs,baranya_province,land,Mursa,local geography / sourced AD 1 parent frame / English,reviewed Pleiades ancient settlement identity,https://pleiades.stoa.org/places/197389,medium,Period-valid ancient settlement placed on the reviewed engine field.,false
location,mohan,rewa_kantha,land,Anarta–Lata Vindhyan March,local geography / sourced AD 1 parent frame / English,reviewed ancient identity or anti-anachronism reconstruction,GEO-PROXY;installed:in_game/map_data/location_templates.txt,medium,Reviewed AD 1 placement; modern or duplicate field label removed.,false
location,mohe,amur_province,land,Amazar Lands,local geography / sourced AD 1 parent frame / English,reviewed ancient identity or anti-anachronism reconstruction,GEO-PROXY;installed:in_game/map_data/location_templates.txt,medium,Reviewed AD 1 placement; modern or duplicate field label removed.,false
location,moheli_island,comoros_coast_sea_province,sea,Comorian Passage,local geography / sourced AD 1 parent frame / English,reviewed ancient identity or anti-anachronism reconstruction,GEO-PROXY;installed:in_game/map_data/location_templates.txt,medium,Reviewed AD 1 placement; modern or duplicate field label removed.,false
location,mohetan,kanawha_province,land,Ohio–Kanawha Woodland,local geography / sourced AD 1 parent frame / English,ancient-parent local-feature construction,GEO-PROXY;installed:in_game/map_data/location_templates.txt,medium,AD 1 local label within the researched parent frame.,false
location,mohko,korela_province,land,Finnic Ladoga–Onega Lands,local geography / sourced AD 1 parent frame / English,reviewed ancient identity or anti-anachronism reconstruction,GEO-PROXY;installed:in_game/map_data/location_templates.txt,medium,Reviewed AD 1 placement; modern or duplicate field label removed.,false
location,mohotani_island,aono_raina_sea_zones_province,sea,Remote Equatorial Passage,local geography / sourced AD 1 parent frame / English,reviewed ancient identity or anti-anachronism reconstruction,GEO-PROXY;installed:in_game/map_data/location_templates.txt,medium,Reviewed AD 1 placement; modern or duplicate field label removed.,false
location,mohyliv_podilskyi,eastern_podolia_province,land,Lipița Tyras–Hypanis Lands,local geography / sourced AD 1 parent frame / English,reviewed ancient identity or anti-anachronism reconstruction,GEO-PROXY;installed:in_game/map_data/location_templates.txt,medium,Reviewed AD 1 placement; modern or duplicate field label removed.,false
location,moi,doberai_province,land,Moi of Doberai–Maybrat Forest,local geography / sourced AD 1 parent frame / English,ancient-parent local-feature construction,GEO-PROXY;installed:in_game/map_data/location_templates.txt,medium,AD 1 local label within the researched parent frame.,false
location,moi_urusta,upper_kolyma_province,land,Yukaghir Upper-Kolyma Lands,local geography / sourced AD 1 parent frame / English,reviewed ancient identity or anti-anachronism reconstruction,GEO-PROXY;installed:in_game/map_data/location_templates.txt,medium,Reviewed AD 1 placement; modern or duplicate field label removed.,false
location,moingwena,moingwena_province,land,Mississippi–Wapsipinicon Lands,local geography / sourced AD 1 parent frame / English,ancient-parent local-feature construction,GEO-PROXY;installed:in_game/map_data/location_templates.txt,medium,AD 1 local label within the researched parent frame.,false
location,moira,lunsemfwa_province,land,Lunsemfwa–Luangwa Ironworking,local geography / sourced AD 1 parent frame / English,reviewed ancient identity or anti-anachronism reconstruction,GEO-PROXY;installed:in_game/map_data/location_templates.txt,medium,Reviewed AD 1 placement; modern or duplicate field label removed.,false
location,mois_waar_island,bakaro_coastal_sea_zones_province,sea,Doberai Passage,local geography / sourced AD 1 parent frame / English,reviewed ancient identity or anti-anachronism reconstruction,GEO-PROXY;installed:in_game/map_data/location_templates.txt,medium,Reviewed AD 1 placement; modern or duplicate field label removed.,false
location,moissala,bouar_province,land,Ouham Nana Savanna,local geography / sourced AD 1 parent frame / English,reviewed ancient identity or anti-anachronism reconstruction,GEO-PROXY;installed:in_game/map_data/location_templates.txt,medium,Reviewed AD 1 placement; modern or duplicate field label removed.,false
location,moito,sao_province,land,Sao Logone–Chari Country,local geography / sourced AD 1 parent frame / English,ancient-parent local-feature construction,GEO-PROXY;installed:in_game/map_data/location_templates.txt,medium,AD 1 local label within the researched parent frame.,false
location,moiynkum_desert,sozak_province,land,Kangju Chu–Sarysu Desert,local geography / sourced AD 1 parent frame / English,reviewed ancient identity or anti-anachronism reconstruction,GEO-PROXY;installed:in_game/map_data/location_templates.txt,medium,Reviewed AD 1 placement; modern or duplicate field label removed.,false
location,moiynty,zhamshy_province,land,Saka Betpak-Dala Steppe,local geography / sourced AD 1 parent frame / English,reviewed ancient identity or anti-anachronism reconstruction,GEO-PROXY;installed:in_game/map_data/location_templates.txt,medium,Reviewed AD 1 placement; modern or duplicate field label removed.,false
location,mojacar,almeria_province,land,Bastetan Urci Coast,local geography / sourced AD 1 parent frame / English,reviewed ancient identity or anti-anachronism reconstruction,GEO-PROXY;installed:in_game/map_data/location_templates.txt,medium,Reviewed AD 1 placement; modern or duplicate field label removed.,false
location,mojenga,malingo_province,land,Cubango–Cuando Uplands,local geography / sourced AD 1 parent frame / English,ancient-parent local-feature construction,GEO-PROXY;installed:in_game/map_data/location_templates.txt,medium,AD 1 local label within the researched parent frame.,false
location,mokaie,mokaie_province,land,Paraíba-do-Sul Atlantic-Forest,local geography / sourced AD 1 parent frame / English,ancient-parent local-feature construction,GEO-PROXY;installed:in_game/map_data/location_templates.txt,medium,AD 1 local label within the researched parent frame.,false
location,mokelumne,miwok_province,land,Tuolumne Sierra Hills,local geography / sourced AD 1 parent frame / English,ancient-parent local-feature construction,GEO-PROXY;installed:in_game/map_data/location_templates.txt,medium,AD 1 local label within the researched parent frame.,false
location,mokhcha,bogdanovo_province,land,Moksha–Sura Forest-Steppe,local geography / sourced AD 1 parent frame / English,reviewed ancient identity or anti-anachronism reconstruction,GEO-PROXY;installed:in_game/map_data/location_templates.txt,medium,Reviewed AD 1 placement; modern or duplicate field label removed.,false
location,mokil_atoll,pohnpei_province,land,Pohnpei Oceanic Lagoon,local geography / sourced AD 1 parent frame / English,reviewed ancient identity or anti-anachronism reconstruction,GEO-PROXY;installed:in_game/map_data/location_templates.txt,medium,Reviewed AD 1 placement; modern or duplicate field label removed.,false
location,mokil_coast,chuuk_sea_zones_province,sea,Chuuk–Pohnpei Roadstead,local geography / sourced AD 1 parent frame / English,reviewed ancient identity or anti-anachronism reconstruction,GEO-PROXY;installed:in_game/map_data/location_templates.txt,medium,Reviewed AD 1 placement; modern or duplicate field label removed.,false
location,mokowan,apahtoksipisskan_province,land,Besant Hills,local geography / sourced AD 1 parent frame / English,ancient-parent local-feature construction,GEO-PROXY;installed:in_game/map_data/location_templates.txt,medium,AD 1 local label within the researched parent frame.,false
location,mokrous,piterka_province,land,Aorsi Lower-Volga Lands,local geography / sourced AD 1 parent frame / English,reviewed ancient identity or anti-anachronism reconstruction,GEO-PROXY;installed:in_game/map_data/location_templates.txt,medium,Reviewed AD 1 placement; modern or duplicate field label removed.,false
location,mokshan,penza_province,land,Gorodets Moksha Lands,local geography / sourced AD 1 parent frame / English,reviewed ancient identity or anti-anachronism reconstruction,GEO-PROXY;installed:in_game/map_data/location_templates.txt,medium,Reviewed AD 1 placement; modern or duplicate field label removed.,false
location,moksobo,sagaing_province,land,Pyu Chindwin Lands,local geography / sourced AD 1 parent frame / English,reviewed ancient identity or anti-anachronism reconstruction,GEO-PROXY;installed:in_game/map_data/location_templates.txt,medium,Reviewed AD 1 placement; modern or duplicate field label removed.,false
location,mokumanamana,papahanaumokuakea_province,land,Nihoa Isle,local geography / sourced AD 1 parent frame / English,reviewed ancient identity or anti-anachronism reconstruction,GEO-PROXY;installed:in_game/map_data/location_templates.txt,medium,Reviewed AD 1 placement; modern or duplicate field label removed.,false
location,mokumanamana_coast_1,papahanaumokuakea_sea_zones_province,sea,Nihoa–Hōlanikū Passage,local geography / sourced AD 1 parent frame / English,reviewed ancient identity or anti-anachronism reconstruction,GEO-PROXY;installed:in_game/map_data/location_templates.txt,medium,Reviewed AD 1 placement; modern or duplicate field label removed.,false
location,mokumanamana_coast_2,papahanaumokuakea_sea_zones_province,sea,Nihoa–Hōlanikū Sound,local geography / sourced AD 1 parent frame / English,reviewed ancient identity or anti-anachronism reconstruction,GEO-PROXY;installed:in_game/map_data/location_templates.txt,medium,Reviewed AD 1 placement; modern or duplicate field label removed.,false
location,mokwa,nupe_province,land,Nok Niger-Benue Lands,local geography / sourced AD 1 parent frame / English,reviewed ancient identity or anti-anachronism reconstruction,GEO-PROXY;installed:in_game/map_data/location_templates.txt,medium,Reviewed AD 1 placement; modern or duplicate field label removed.,false
location,molangur,warangal_province,land,Andhra Godavari Uplands,local geography / sourced AD 1 parent frame / English,reviewed ancient identity or anti-anachronism reconstruction,GEO-PROXY;installed:in_game/map_data/location_templates.txt,medium,Reviewed AD 1 placement; modern or duplicate field label removed.,false
location,molchanovo,tomsk_province,land,Kulay Tom–Ket Lands,local geography / sourced AD 1 parent frame / English,reviewed ancient identity or anti-anachronism reconstruction,GEO-PROXY;installed:in_game/map_data/location_templates.txt,medium,Reviewed AD 1 placement; modern or duplicate field label removed.,false
location,molde,romsdalen_province,land,North-Germanic Rauma Coast,local geography / sourced AD 1 parent frame / English,reviewed ancient identity or anti-anachronism reconstruction,GEO-PROXY;installed:in_game/map_data/location_templates.txt,medium,Reviewed AD 1 placement; modern or duplicate field label removed.,false
location,molevon,tarsus_province,land,Mampsoukrenai,local geography / sourced AD 1 parent frame / English,reviewed Pleiades ancient settlement identity,https://pleiades.stoa.org/places/648704,medium,Period-valid ancient settlement placed on the reviewed engine field.,false
location,molina_de_aragon,cuenca_province,land,Olcadian Upper-Sucro Lands,local geography / sourced AD 1 parent frame / English,reviewed ancient identity or anti-anachronism reconstruction,GEO-PROXY;installed:in_game/map_data/location_templates.txt,medium,Reviewed AD 1 placement; modern or duplicate field label removed.,false
location,molins,bourbon_province,land,Biturigan Arverni Borderlands,local geography / sourced AD 1 parent frame / English,reviewed ancient identity or anti-anachronism reconstruction,GEO-PROXY;installed:in_game/map_data/location_templates.txt,medium,Reviewed AD 1 placement; modern or duplicate field label removed.,false
location,mollyhuajeck,avalon_province,land,Dorset–Beothuk Lands,local geography / sourced AD 1 parent frame / English,ancient-parent local-feature construction,GEO-PROXY;installed:in_game/map_data/location_templates.txt,medium,AD 1 local label within the researched parent frame.,false
location,molodo,kuhuur_province,land,Lena Arctic Wetlands,local geography / sourced AD 1 parent frame / English,ancient-parent local-feature construction,GEO-PROXY;installed:in_game/map_data/location_templates.txt,medium,AD 1 local label within the researched parent frame.,false
location,molodoi_tud,rzhev_province,land,Dyakovo Upper-Volga Lands,local geography / sourced AD 1 parent frame / English,reviewed ancient identity or anti-anachronism reconstruction,GEO-PROXY;installed:in_game/map_data/location_templates.txt,medium,Reviewed AD 1 placement; modern or duplicate field label removed.,false
location,mologa,mologa_province,land,Late-Dyakovo Lands,local geography / sourced AD 1 parent frame / English,reviewed ancient identity or anti-anachronism reconstruction,GEO-PROXY;installed:in_game/map_data/location_templates.txt,medium,Reviewed AD 1 placement; modern or duplicate field label removed.,false
location,moloka_i,maui_province,land,Hawaiian Molokai Isle,local geography / sourced AD 1 parent frame / English,reviewed ancient identity or anti-anachronism reconstruction,GEO-PROXY;installed:in_game/map_data/location_templates.txt,medium,Reviewed AD 1 placement; modern or duplicate field label removed.,false
location,molomo,malingo_province,land,Cubango–Cuando Hills,local geography / sourced AD 1 parent frame / English,ancient-parent local-feature construction,GEO-PROXY;installed:in_game/map_data/location_templates.txt,medium,AD 1 local label within the researched parent frame.,false
location,moloskovitsa,vodskaya_province,land,Finnic Upper-Luga Lands,local geography / sourced AD 1 parent frame / English,reviewed ancient identity or anti-anachronism reconstruction,GEO-PROXY;installed:in_game/map_data/location_templates.txt,medium,Reviewed AD 1 placement; modern or duplicate field label removed.,false
location,molsemtekw,rimouski_province,land,Maritime Thickets,local geography / sourced AD 1 parent frame / English,ancient-parent local-feature construction,GEO-PROXY;installed:in_game/map_data/location_templates.txt,medium,AD 1 local label within the researched parent frame.,false
location,molson_lake,nunatonowago_province,lake,Laurel Manitou-Wapow Lake,local geography / sourced AD 1 parent frame / English,reviewed ancient identity or anti-anachronism reconstruction,GEO-PROXY;installed:in_game/map_data/location_templates.txt,medium,Reviewed AD 1 placement; modern or duplicate field label removed.,false
location,molucca_sea,ternate_coast_sea_province,sea,Halmahera Spice-Island Sea,local geography / sourced AD 1 parent frame / English,reviewed ancient identity or anti-anachronism reconstruction,GEO-PROXY;installed:in_game/map_data/location_templates.txt,medium,Reviewed AD 1 placement; modern or duplicate field label removed.,false
location,molumbo,muchinga_province,land,Luangwa–Muchinga Hills,local geography / sourced AD 1 parent frame / English,ancient-parent local-feature construction,GEO-PROXY;installed:in_game/map_data/location_templates.txt,medium,AD 1 local label within the researched parent frame.,false
location,molundu,mweru_province,land,Upemba–Mweru Uplands,local geography / sourced AD 1 parent frame / English,ancient-parent local-feature construction,GEO-PROXY;installed:in_game/map_data/location_templates.txt,medium,AD 1 local label within the researched parent frame.,false
location,molvo,bul_bukhta_province,land,Chara–Olyokma Hills,local geography / sourced AD 1 parent frame / English,ancient-parent local-feature construction,GEO-PROXY;installed:in_game/map_data/location_templates.txt,medium,AD 1 local label within the researched parent frame.,false
location,molyvos,lemnos_province,land,Methymna,local geography / sourced AD 1 parent frame / English,reviewed ancient identity or anti-anachronism reconstruction,GEO-PROXY;installed:in_game/map_data/location_templates.txt,medium,Reviewed AD 1 placement; modern or duplicate field label removed.,false
location,moma,liganha_province,land,Ligonha–Lomwe Wetlands,local geography / sourced AD 1 parent frame / English,ancient-parent local-feature construction,GEO-PROXY;installed:in_game/map_data/location_templates.txt,medium,AD 1 local label within the researched parent frame.,false
location,moma_katwoi,urua_province,land,Lualaba–Luapula Hills,local geography / sourced AD 1 parent frame / English,ancient-parent local-feature construction,GEO-PROXY;installed:in_game/map_data/location_templates.txt,medium,AD 1 local label within the researched parent frame.,false
location,moma_moamba,muchinga_province,land,Luangwa–Muchinga Uplands,local geography / sourced AD 1 parent frame / English,ancient-parent local-feature construction,GEO-PROXY;installed:in_game/map_data/location_templates.txt,medium,AD 1 local label within the researched parent frame.,false
location,mombasa,lower_gafana_province,land,Kwale Coast,local geography / sourced AD 1 parent frame / English,reviewed archaeological coast identity,QI-EAFRICA;UC-MOMBASA,medium,Kwale-coast frame replaces the later city name.,false
location,mombasa_island,gafana_coast_sea_province,sea,Azanian Passage,local geography / sourced AD 1 parent frame / English,reviewed ancient identity or anti-anachronism reconstruction,GEO-PROXY;installed:in_game/map_data/location_templates.txt,medium,Reviewed AD 1 placement; modern or duplicate field label removed.,false
location,mombote,west_lekumu_province,land,Ogooué–Léfini Forest,local geography / sourced AD 1 parent frame / English,ancient-parent local-feature construction,GEO-PROXY;installed:in_game/map_data/location_templates.txt,medium,AD 1 local label within the researched parent frame.,false
location,mompoj,mompoj_province,land,Lower-Yuma Wetlands,local geography / sourced AD 1 parent frame / English,ancient-parent local-feature construction,GEO-PROXY;installed:in_game/map_data/location_templates.txt,medium,AD 1 local label within the researched parent frame.,false
location,mon,chin_province,land,Kaladan Chin Hills,local geography / sourced AD 1 parent frame / English,reviewed ancient identity or anti-anachronism reconstruction,GEO-PROXY;installed:in_game/map_data/location_templates.txt,medium,Reviewed AD 1 placement; modern or duplicate field label removed.,false
location,mon_coast,myanmar_coast_province,sea,Mon Irrawaddy Offing,local geography / sourced AD 1 parent frame / English,reviewed ancient identity or anti-anachronism reconstruction,GEO-PROXY;installed:in_game/map_data/location_templates.txt,medium,Reviewed AD 1 placement; modern or duplicate field label removed.,false
location,mona_island,higuey_province,land,Taino Amona Isle,local geography / sourced AD 1 parent frame / English,reviewed ancient identity or anti-anachronism reconstruction,GEO-PROXY;installed:in_game/map_data/location_templates.txt,medium,Reviewed AD 1 placement; modern or duplicate field label removed.,false
location,mona_passage,arecibo_coast_sea_province,sea,Taíno Amona Offing,local geography / sourced AD 1 parent frame / English,reviewed ancient identity or anti-anachronism reconstruction,GEO-PROXY;installed:in_game/map_data/location_templates.txt,medium,Reviewed AD 1 placement; modern or duplicate field label removed.,false
location,monadnock,coos_province,land,Abenaki Upper-Connecticut,local geography / sourced AD 1 parent frame / English,reviewed ancient identity or anti-anachronism reconstruction,GEO-PROXY;installed:in_game/map_data/location_templates.txt,medium,Reviewed AD 1 placement; modern or duplicate field label removed.,false
location,monaghan,oriel_province,land,Voluntian Eastern-Ulster Lands,local geography / sourced AD 1 parent frame / English,reviewed ancient identity or anti-anachronism reconstruction,GEO-PROXY;installed:in_game/map_data/location_templates.txt,medium,Reviewed AD 1 placement; modern or duplicate field label removed.,false
location,monagua_jungle,orinucu_province,land,Barrancoid Orinoco Woodlands,local geography / sourced AD 1 parent frame / English,ancient-parent local-feature construction,GEO-PROXY;installed:in_game/map_data/location_templates.txt,medium,AD 1 local label within the researched parent frame.,false
location,monahassanugh,monacan_province,land,Powhatan-Appomattox Hills,local geography / sourced AD 1 parent frame / English,ancient-parent local-feature construction,GEO-PROXY;installed:in_game/map_data/location_templates.txt,medium,AD 1 local label within the researched parent frame.,false
location,monashee,east_shuswap_province,land,Secwepemc Big-River Highlands,local geography / sourced AD 1 parent frame / English,reviewed ancient identity or anti-anachronism reconstruction,GEO-PROXY;installed:in_game/map_data/location_templates.txt,medium,Reviewed AD 1 placement; modern or duplicate field label removed.,false
location,monastir,sahel_TUN_province,land,Ruspina,local geography / sourced AD 1 parent frame / English,reviewed ancient identity or anti-anachronism reconstruction,GEO-PROXY;installed:in_game/map_data/location_templates.txt,medium,Reviewed AD 1 placement; modern or duplicate field label removed.,false
location,monastyrshchina,mstsislaw_province,land,Sozh Northern Lands,local geography / sourced AD 1 parent frame / English,reviewed ancient identity or anti-anachronism reconstruction,GEO-PROXY;installed:in_game/map_data/location_templates.txt,medium,Reviewed AD 1 placement; modern or duplicate field label removed.,false
location,monasukapanough,monacan_province,land,Powhatan-Appomattox Uplands,local geography / sourced AD 1 parent frame / English,ancient-parent local-feature construction,GEO-PROXY;installed:in_game/map_data/location_templates.txt,medium,AD 1 local label within the researched parent frame.,false
location,monbetsu,kitami_province,land,Epi-Jomon Okhotsk Coast,local geography / sourced AD 1 parent frame / English,reviewed ancient identity or anti-anachronism reconstruction,GEO-PROXY;installed:in_game/map_data/location_templates.txt,medium,Reviewed AD 1 placement; modern or duplicate field label removed.,false
location,moncayo_range,zaragoza_province,land,Sedetan Iberus Highlands,local geography / sourced AD 1 parent frame / English,reviewed ancient identity or anti-anachronism reconstruction,GEO-PROXY;installed:in_game/map_data/location_templates.txt,medium,Reviewed AD 1 placement; modern or duplicate field label removed.,false
location,monchengladbach,niederrhein_province,land,Sablones,local geography / sourced AD 1 parent frame / English,reviewed Pleiades ancient settlement identity,https://pleiades.stoa.org/places/109300,medium,Period-valid ancient settlement placed on the reviewed engine field.,false
location,moncorvo,tras_os_montes,land,Zoelan Durius Highlands,local geography / sourced AD 1 parent frame / English,reviewed ancient identity or anti-anachronism reconstruction,GEO-PROXY;installed:in_game/map_data/location_templates.txt,medium,Reviewed AD 1 placement; modern or duplicate field label removed.,false
location,mondo,mondo_province,land,Bahr-el-Ghazal Chad,local geography / sourced AD 1 parent frame / English,reviewed ancient identity or anti-anachronism reconstruction,GEO-PROXY;installed:in_game/map_data/location_templates.txt,medium,Reviewed AD 1 placement; modern or duplicate field label removed.,false
location,mondonedo,coruna_province,land,Artabrian Brigantium Highlands,local geography / sourced AD 1 parent frame / English,reviewed ancient identity or anti-anachronism reconstruction,GEO-PROXY;installed:in_game/map_data/location_templates.txt,medium,Reviewed AD 1 placement; modern or duplicate field label removed.,false
location,mondongachate,tutelo_province,land,Siouan Kanawha–Roanoke Uplands,local geography / sourced AD 1 parent frame / English,ancient-parent local-feature construction,GEO-PROXY;installed:in_game/map_data/location_templates.txt,medium,AD 1 local label within the researched parent frame.,false
location,mondoro,kissi_province,land,Gourma–Liptako Iron Plain,local geography / sourced AD 1 parent frame / English,ancient-parent local-feature construction,GEO-PROXY;installed:in_game/map_data/location_templates.txt,medium,AD 1 local label within the researched parent frame.,false
location,mondovi,mondovi_province,land,Ligures Bagienni Uplands,local geography / sourced AD 1 parent frame / English,reviewed ancient identity or anti-anachronism reconstruction,GEO-PROXY;installed:in_game/map_data/location_templates.txt,medium,Reviewed AD 1 placement; modern or duplicate field label removed.,false
location,monecato,shuntaneshnanga_province,land,Kansas–Republican Forest,local geography / sourced AD 1 parent frame / English,ancient-parent local-feature construction,GEO-PROXY;installed:in_game/map_data/location_templates.txt,medium,AD 1 local label within the researched parent frame.,false
location,monemvasia,laconia_province,land,Laconian Malea Coast,local geography / sourced AD 1 parent frame / English,reviewed ancient identity or anti-anachronism reconstruction,GEO-PROXY;installed:in_game/map_data/location_templates.txt,medium,Reviewed AD 1 placement; modern or duplicate field label removed.,false
location,monesterio,merida_province,land,Lusitanian Anas Lands,local geography / sourced AD 1 parent frame / English,reviewed ancient identity or anti-anachronism reconstruction,GEO-PROXY;installed:in_game/map_data/location_templates.txt,medium,Reviewed AD 1 placement; modern or duplicate field label removed.,false
location,moneta,western_crow_province,land,Absaroka Wind-River Highlands,local geography / sourced AD 1 parent frame / English,reviewed ancient identity or anti-anachronism reconstruction,GEO-PROXY;installed:in_game/map_data/location_templates.txt,medium,Reviewed AD 1 placement; modern or duplicate field label removed.,false
location,moneton,kanawha_province,land,Monteton of Ohio–Kanawha,local geography / sourced AD 1 parent frame / English,ancient-parent local-feature construction,GEO-PROXY;installed:in_game/map_data/location_templates.txt,medium,AD 1 local label within the researched parent frame.,false
location,monfort_lamaury,pays_france_province,land,Parisian Western Lands,local geography / sourced AD 1 parent frame / English,reviewed ancient identity or anti-anachronism reconstruction,GEO-PROXY;installed:in_game/map_data/location_templates.txt,medium,Reviewed AD 1 placement; modern or duplicate field label removed.,false
location,monfort_sur_meu,ploermel_province,land,Venetic Oust Lands,local geography / sourced AD 1 parent frame / English,reviewed ancient identity or anti-anachronism reconstruction,GEO-PROXY;installed:in_game/map_data/location_templates.txt,medium,Reviewed AD 1 placement; modern or duplicate field label removed.,false
location,monforte_de_lemos,lugo_province,land,Callaecian Lemus Valley,local geography / sourced AD 1 parent frame / English,reviewed ancient identity or anti-anachronism reconstruction,GEO-PROXY;installed:in_game/map_data/location_templates.txt,medium,Reviewed AD 1 placement; modern or duplicate field label removed.,false
location,mong_hpayak,kengtung_province,land,Kengtung Eastern Pass,local geography / sourced AD 1 parent frame / English,reviewed ancient identity or anti-anachronism reconstruction,GEO-PROXY;installed:in_game/map_data/location_templates.txt,medium,Reviewed AD 1 placement; modern or duplicate field label removed.,false
location,mong_hsat,kengtung_province,land,Kengtung Southern Valley,local geography / sourced AD 1 parent frame / English,reviewed ancient identity or anti-anachronism reconstruction,GEO-PROXY;installed:in_game/map_data/location_templates.txt,medium,Reviewed AD 1 placement; modern or duplicate field label removed.,false
location,mong_yai,monghsu_province,land,Salween Nam-Pang North,local geography / sourced AD 1 parent frame / English,reviewed ancient identity or anti-anachronism reconstruction,GEO-PROXY;installed:in_game/map_data/location_templates.txt,medium,Reviewed AD 1 placement; modern or duplicate field label removed.,false
location,mong_yang,kengtung_province,land,Kengtung Eastern Valley,local geography / sourced AD 1 parent frame / English,reviewed ancient identity or anti-anachronism reconstruction,GEO-PROXY;installed:in_game/map_data/location_templates.txt,medium,Reviewed AD 1 placement; modern or duplicate field label removed.,false
location,mong_yawng,kengtung_province,land,Kengtung Southern Pass,local geography / sourced AD 1 parent frame / English,reviewed ancient identity or anti-anachronism reconstruction,GEO-PROXY;installed:in_game/map_data/location_templates.txt,medium,Reviewed AD 1 placement; modern or duplicate field label removed.,false
location,monghsu,monghsu_province,land,Salween Nam-Pang Highlands,local geography / sourced AD 1 parent frame / English,reviewed ancient identity or anti-anachronism reconstruction,GEO-PROXY;installed:in_game/map_data/location_templates.txt,medium,Reviewed AD 1 placement; modern or duplicate field label removed.,false
location,monghyr,bhagalpur_province,land,Angan Ganges Fort,local geography / sourced AD 1 parent frame / English,reviewed ancient identity or anti-anachronism reconstruction,GEO-PROXY;installed:in_game/map_data/location_templates.txt,medium,Reviewed AD 1 placement; modern or duplicate field label removed.,false
location,mongkawng,mongkawng_province,land,Upper-Irrawaddy Indawgyi Lands,local geography / sourced AD 1 parent frame / English,reviewed ancient identity or anti-anachronism reconstruction,GEO-PROXY;installed:in_game/map_data/location_templates.txt,medium,Reviewed AD 1 placement; modern or duplicate field label removed.,false
location,mongkung,mongnai_province,land,Nam-Teng–Salween Uplands,local geography / sourced AD 1 parent frame / English,ancient-parent local-feature construction,GEO-PROXY;installed:in_game/map_data/location_templates.txt,medium,AD 1 local label within the researched parent frame.,false
location,monglong,hsipaw_province,land,Myitnge–Salween Valleys Hills,local geography / sourced AD 1 parent frame / English,ancient-parent local-feature construction,GEO-PROXY;installed:in_game/map_data/location_templates.txt,medium,AD 1 local label within the researched parent frame.,false
location,mongmit,manmaw_province,land,Shweli–Taping Hills,local geography / sourced AD 1 parent frame / English,ancient-parent local-feature construction,GEO-PROXY;installed:in_game/map_data/location_templates.txt,medium,AD 1 local label within the researched parent frame.,false
location,mongnai,mongnai_province,land,Southern Plateau Corridors,local geography / sourced AD 1 parent frame / English,reviewed ancient identity or anti-anachronism reconstruction,GEO-PROXY;installed:in_game/map_data/location_templates.txt,medium,Reviewed AD 1 placement; modern or duplicate field label removed.,false
location,mongnawng,monghsu_province,land,Salween–Nam-Pang Uplands,local geography / sourced AD 1 parent frame / English,ancient-parent local-feature construction,GEO-PROXY;installed:in_game/map_data/location_templates.txt,medium,AD 1 local label within the researched parent frame.,false
location,mongo,yao_province,land,Fitri–Batha Sahel Hills,local geography / sourced AD 1 parent frame / English,ancient-parent local-feature construction,GEO-PROXY;installed:in_game/map_data/location_templates.txt,medium,AD 1 local label within the researched parent frame.,false
location,mongoffa,mweru_province,land,Upemba–Mweru Hills,local geography / sourced AD 1 parent frame / English,ancient-parent local-feature construction,GEO-PROXY;installed:in_game/map_data/location_templates.txt,medium,AD 1 local label within the researched parent frame.,false
location,mongol_altay,khovd_province,land,Saka-Xiongnu Altai Highlands,local geography / sourced AD 1 parent frame / English,reviewed ancient identity or anti-anachronism reconstruction,GEO-PROXY;installed:in_game/map_data/location_templates.txt,medium,Reviewed AD 1 placement; modern or duplicate field label removed.,false
location,mongomo,sangmelima_province,land,Early-Bantu Ntem–Dja Forest,local geography / sourced AD 1 parent frame / English,ancient-parent local-feature construction,GEO-PROXY;installed:in_game/map_data/location_templates.txt,medium,AD 1 local label within the researched parent frame.,false
location,mongpai,mongpai_province,land,Inle–Sittaung Foothills,local geography / sourced AD 1 parent frame / English,ancient-parent local-feature construction,GEO-PROXY;installed:in_game/map_data/location_templates.txt,medium,AD 1 local label within the researched parent frame.,false
location,mongping,kengtung_province,land,Kengtung–Salween Hills,local geography / sourced AD 1 parent frame / English,ancient-parent local-feature construction,GEO-PROXY;installed:in_game/map_data/location_templates.txt,medium,AD 1 local label within the researched parent frame.,false
location,mongtung,mongnai_province,land,Nam-Teng–Salween Hills,local geography / sourced AD 1 parent frame / English,ancient-parent local-feature construction,GEO-PROXY;installed:in_game/map_data/location_templates.txt,medium,AD 1 local label within the researched parent frame.,false
location,mongyang,mongkawng_province,land,Irrawaddy-Indawgyi Lands,local geography / sourced AD 1 parent frame / English,ancient-parent local-feature construction,GEO-PROXY;installed:in_game/map_data/location_templates.txt,medium,AD 1 local label within the researched parent frame.,false
location,monhyin,mongkawng_province,land,Irrawaddy-Indawgyi Hills,local geography / sourced AD 1 parent frame / English,ancient-parent local-feature construction,GEO-PROXY;installed:in_game/map_data/location_templates.txt,medium,AD 1 local label within the researched parent frame.,false
location,moniga_estuary,mozambique_coast_sea_province,sea,Azanian Offing,local geography / sourced AD 1 parent frame / English,reviewed ancient identity or anti-anachronism reconstruction,GEO-PROXY;installed:in_game/map_data/location_templates.txt,medium,Reviewed AD 1 placement; modern or duplicate field label removed.,false
location,monkey_point,atlantic_central_america_sea_zones_province,sea,Isthmian Caribbean-Headland,local geography / sourced AD 1 parent frame / English,reviewed ancient identity or anti-anachronism reconstruction,GEO-PROXY;installed:in_game/map_data/location_templates.txt,medium,Reviewed AD 1 placement; modern or duplicate field label removed.,false
location,monmouth,glamorgan_province,land,Blestium,local geography / sourced AD 1 parent frame / English,reviewed ancient identity or anti-anachronism reconstruction,GEO-PROXY;installed:in_game/map_data/location_templates.txt,medium,Reviewed AD 1 placement; modern or duplicate field label removed.,false
location,mono,tinputz_province,land,Buka–Me’ekamui Lands,local geography / sourced AD 1 parent frame / English,ancient-parent local-feature construction,GEO-PROXY;installed:in_game/map_data/location_templates.txt,medium,AD 1 local label within the researched parent frame.,false
location,mono_island,tinputz_coastal_sea_zones_province,sea,Lapita-Heir Passage,local geography / sourced AD 1 parent frame / English,reviewed ancient identity or anti-anachronism reconstruction,GEO-PROXY;installed:in_game/map_data/location_templates.txt,medium,Reviewed AD 1 placement; modern or duplicate field label removed.,false
location,monocacy,potomac_province,land,Potomac Mockley Country,local geography / sourced AD 1 parent frame / English,ancient-parent local-feature construction,GEO-PROXY;installed:in_game/map_data/location_templates.txt,medium,AD 1 local label within the researched parent frame.,false
location,monona,nishnabotna_province,land,Missouri–Nishnabotna Woodland,local geography / sourced AD 1 parent frame / English,ancient-parent local-feature construction,GEO-PROXY;installed:in_game/map_data/location_templates.txt,medium,AD 1 local label within the researched parent frame.,false
location,monongahela,monongahela_province,land,Youghiogheny Hills,local geography / sourced AD 1 parent frame / English,ancient-parent local-feature construction,GEO-PROXY;installed:in_game/map_data/location_templates.txt,medium,AD 1 local label within the researched parent frame.,false
location,monopoli,bari_province,land,Neapolis Peucetiae,local geography / sourced AD 1 parent frame / English,reviewed ancient identity or anti-anachronism reconstruction,GEO-PROXY;installed:in_game/map_data/location_templates.txt,medium,Reviewed AD 1 placement; modern or duplicate field label removed.,false
location,monqui,cadegomo_province,land,Guaycura Hills,local geography / sourced AD 1 parent frame / English,ancient-parent local-feature construction,GEO-PROXY;installed:in_game/map_data/location_templates.txt,medium,AD 1 local label within the researched parent frame.,false
location,mons,hainaut_province,land,Nervian Sabis Uplands,local geography / sourced AD 1 parent frame / English,reviewed ancient identity or anti-anachronism reconstruction,GEO-PROXY;installed:in_game/map_data/location_templates.txt,medium,Reviewed AD 1 placement; modern or duplicate field label removed.,false
location,monselice,padua_province,land,Mons Silicis,local geography / sourced AD 1 parent frame / English,reviewed ancient identity or anti-anachronism reconstruction,GEO-PROXY;installed:in_game/map_data/location_templates.txt,medium,Reviewed AD 1 placement; modern or duplicate field label removed.,false
location,monsol,south_sangha_province,land,Sangha–Ubangi Hills,local geography / sourced AD 1 parent frame / English,ancient-parent local-feature construction,GEO-PROXY;installed:in_game/map_data/location_templates.txt,medium,AD 1 local label within the researched parent frame.,false
location,mont_de_marsan,tursan_province,land,Tarbelli Aturus Lands,local geography / sourced AD 1 parent frame / English,reviewed ancient identity or anti-anachronism reconstruction,GEO-PROXY;installed:in_game/map_data/location_templates.txt,medium,Reviewed AD 1 placement; modern or duplicate field label removed.,false
location,montaigu,lower_poitou_province,land,Pictonian Lower-Poitou Heights,local geography / sourced AD 1 parent frame / English,reviewed ancient identity or anti-anachronism reconstruction,GEO-PROXY;installed:in_game/map_data/location_templates.txt,medium,Reviewed AD 1 placement; modern or duplicate field label removed.,false
location,montaigut,combraille_province,land,Arvernian Combraille Hills,local geography / sourced AD 1 parent frame / English,reviewed ancient identity or anti-anachronism reconstruction,GEO-PROXY;installed:in_game/map_data/location_templates.txt,medium,Reviewed AD 1 placement; modern or duplicate field label removed.,false
location,montalban,alcaniz_province,land,Ilercavonian Uplands,local geography / sourced AD 1 parent frame / English,reviewed ancient identity or anti-anachronism reconstruction,GEO-PROXY;installed:in_game/map_data/location_templates.txt,medium,Reviewed AD 1 placement; modern or duplicate field label removed.,false
location,montalcino,siena_province,land,Etruscan Saena Hills,local geography / sourced AD 1 parent frame / English,reviewed ancient identity or anti-anachronism reconstruction,GEO-PROXY;installed:in_game/map_data/location_templates.txt,medium,Reviewed AD 1 placement; modern or duplicate field label removed.,false
location,montalegre,tras_os_montes,land,Zoelan Durius Highlands East,local geography / sourced AD 1 parent frame / English,reviewed ancient identity or anti-anachronism reconstruction,GEO-PROXY;installed:in_game/map_data/location_templates.txt,medium,Reviewed AD 1 placement; modern or duplicate field label removed.,false
location,montanchez,merida_province,land,Lusitanian Anas Highlands,local geography / sourced AD 1 parent frame / English,reviewed ancient identity or anti-anachronism reconstruction,GEO-PROXY;installed:in_game/map_data/location_templates.txt,medium,Reviewed AD 1 placement; modern or duplicate field label removed.,false
location,montargis,orleanais_province,land,Carnutian Cenabum Lands,local geography / sourced AD 1 parent frame / English,reviewed ancient identity or anti-anachronism reconstruction,GEO-PROXY;installed:in_game/map_data/location_templates.txt,medium,Reviewed AD 1 placement; modern or duplicate field label removed.,false
location,montauban,quercy_province,land,Cadurcian Tarn Plain,local geography / sourced AD 1 parent frame / English,reviewed ancient identity or anti-anachronism reconstruction,GEO-PROXY;installed:in_game/map_data/location_templates.txt,medium,Reviewed AD 1 placement; modern or duplicate field label removed.,false
location,montauk,montauk_province,land,Eastern-Long Woodland,local geography / sourced AD 1 parent frame / English,ancient-parent local-feature construction,GEO-PROXY;installed:in_game/map_data/location_templates.txt,medium,AD 1 local label within the researched parent frame.,false
location,montbeliard,amont_province,land,Sequanian Upper-Saone Lands,local geography / sourced AD 1 parent frame / English,reviewed ancient identity or anti-anachronism reconstruction,GEO-PROXY;installed:in_game/map_data/location_templates.txt,medium,Reviewed AD 1 placement; modern or duplicate field label removed.,false
location,montblanc,new_catalonia_province,land,Ilergetan Tarraco March,local geography / sourced AD 1 parent frame / English,reviewed ancient identity or anti-anachronism reconstruction,GEO-PROXY;installed:in_game/map_data/location_templates.txt,medium,Reviewed AD 1 placement; modern or duplicate field label removed.,false
location,montbozon,amont_province,land,Sequanian Saone Uplands,local geography / sourced AD 1 parent frame / English,reviewed ancient identity or anti-anachronism reconstruction,GEO-PROXY;installed:in_game/map_data/location_templates.txt,medium,Reviewed AD 1 placement; modern or duplicate field label removed.,false
location,montbrison,lyonnais_province,land,Segusiavian Liger Lands,local geography / sourced AD 1 parent frame / English,reviewed ancient identity or anti-anachronism reconstruction,GEO-PROXY;installed:in_game/map_data/location_templates.txt,medium,Reviewed AD 1 placement; modern or duplicate field label removed.,false
location,montcenis,autunnais_province,land,Aeduan Bibracte Highlands,local geography / sourced AD 1 parent frame / English,reviewed ancient identity or anti-anachronism reconstruction,GEO-PROXY;installed:in_game/map_data/location_templates.txt,medium,Reviewed AD 1 placement; modern or duplicate field label removed.,false
location,monte_alegre_lake,curuai_province,lake,Tapajos Curuai Lake,local geography / sourced AD 1 parent frame / English,reviewed ancient identity or anti-anachronism reconstruction,GEO-PROXY;installed:in_game/map_data/location_templates.txt,medium,Reviewed AD 1 placement; modern or duplicate field label removed.,false
location,monte_lagoon,rangkullmapu_province,lake,Tandilia Coastal Basin,local geography / sourced AD 1 parent frame / English,reviewed ancient identity or anti-anachronism reconstruction,GEO-PROXY;installed:in_game/map_data/location_templates.txt,medium,Reviewed AD 1 placement; modern or duplicate field label removed.,false
location,montefeltro,urbino_province,land,Urvinum Apennine Lands,local geography / sourced AD 1 parent frame / English,reviewed ancient identity or anti-anachronism reconstruction,GEO-PROXY;installed:in_game/map_data/location_templates.txt,medium,Reviewed AD 1 placement; modern or duplicate field label removed.,false
location,montego_bay,coast_of_jamaica,sea,Xaymaca-Bay,local geography / sourced AD 1 parent frame / English,reviewed ancient identity or anti-anachronism reconstruction,GEO-PROXY;installed:in_game/map_data/location_templates.txt,medium,Reviewed AD 1 placement; modern or duplicate field label removed.,false
location,monteleone,calabria_ultra_province,land,Bruttian Hipponion Lands,local geography / sourced AD 1 parent frame / English,reviewed ancient identity or anti-anachronism reconstruction,GEO-PROXY;installed:in_game/map_data/location_templates.txt,medium,Reviewed AD 1 placement; modern or duplicate field label removed.,false
location,montemor,alto_alentejo_province,land,Celtician Ebora Uplands,local geography / sourced AD 1 parent frame / English,reviewed ancient identity or anti-anachronism reconstruction,GEO-PROXY;installed:in_game/map_data/location_templates.txt,medium,Reviewed AD 1 placement; modern or duplicate field label removed.,false
location,montendre,saintonge_province,land,Santonian Coastal Plain,local geography / sourced AD 1 parent frame / English,reviewed ancient identity or anti-anachronism reconstruction,GEO-PROXY;installed:in_game/map_data/location_templates.txt,medium,Reviewed AD 1 placement; modern or duplicate field label removed.,false
location,montepeloso,basilicata_province,land,Lucanian Bradano Hills,local geography / sourced AD 1 parent frame / English,reviewed ancient identity or anti-anachronism reconstruction,GEO-PROXY;installed:in_game/map_data/location_templates.txt,medium,Reviewed AD 1 placement; modern or duplicate field label removed.,false
location,monterado,sambas_province,land,Sambas–Kapuas Lands,local geography / sourced AD 1 parent frame / English,reviewed ancient identity or anti-anachronism reconstruction,GEO-PROXY;installed:in_game/map_data/location_templates.txt,medium,Reviewed AD 1 placement; modern or duplicate field label removed.,false
location,monterey_coast,san_francisco_sea_zones_province,sea,Ohlone Rumsen-Bay Offing,local geography / sourced AD 1 parent frame / English,reviewed ancient identity or anti-anachronism reconstruction,GEO-PROXY;installed:in_game/map_data/location_templates.txt,medium,Reviewed AD 1 placement; modern or duplicate field label removed.,false
location,monterrey,ourense_province,land,Limician Minius Valley,local geography / sourced AD 1 parent frame / English,reviewed ancient identity or anti-anachronism reconstruction,GEO-PROXY;installed:in_game/map_data/location_templates.txt,medium,Reviewed AD 1 placement; modern or duplicate field label removed.,false
location,montes_claros,paracatu_province,land,Akwe Sao-Francisco Uplands,local geography / sourced AD 1 parent frame / English,reviewed ancient identity or anti-anachronism reconstruction,GEO-PROXY;installed:in_game/map_data/location_templates.txt,medium,Reviewed AD 1 placement; modern or duplicate field label removed.,false
location,montflanquin,agenais_province,land,Nitiobrigian Aginnum Lands,local geography / sourced AD 1 parent frame / English,reviewed ancient identity or anti-anachronism reconstruction,GEO-PROXY;installed:in_game/map_data/location_templates.txt,medium,Reviewed AD 1 placement; modern or duplicate field label removed.,false
location,montgomery,powys_province,land,Ordovician Upper-Sabrina Lands,local geography / sourced AD 1 parent frame / English,reviewed ancient identity or anti-anachronism reconstruction,GEO-PROXY;installed:in_game/map_data/location_templates.txt,medium,Reviewed AD 1 placement; modern or duplicate field label removed.,false
location,monthey,oberwallis_province,land,Lepontian Rhodanus Valley,local geography / sourced AD 1 parent frame / English,reviewed ancient identity or anti-anachronism reconstruction,GEO-PROXY;installed:in_game/map_data/location_templates.txt,medium,Reviewed AD 1 placement; modern or duplicate field label removed.,false
location,montiel,east_mancha_province,land,Oretanian Laminium Lands,local geography / sourced AD 1 parent frame / English,reviewed ancient identity or anti-anachronism reconstruction,GEO-PROXY;installed:in_game/map_data/location_templates.txt,medium,Reviewed AD 1 placement; modern or duplicate field label removed.,false
location,montijo_gulf,nekokiaw_coast_sea_zones_province,sea,Nicoyan Pacific Bight,local geography / sourced AD 1 parent frame / English,reviewed ancient identity or anti-anachronism reconstruction,GEO-PROXY;installed:in_game/map_data/location_templates.txt,medium,Reviewed AD 1 placement; modern or duplicate field label removed.,false
location,montlaur,vivarais_province,land,Helvian Alba Highlands,local geography / sourced AD 1 parent frame / English,reviewed ancient identity or anti-anachronism reconstruction,GEO-PROXY;installed:in_game/map_data/location_templates.txt,medium,Reviewed AD 1 placement; modern or duplicate field label removed.,false
location,montlucon,bourbon_province,land,Biturigan Cher Valley,local geography / sourced AD 1 parent frame / English,reviewed ancient identity or anti-anachronism reconstruction,GEO-PROXY;installed:in_game/map_data/location_templates.txt,medium,Reviewed AD 1 placement; modern or duplicate field label removed.,false
location,montmedy,west_luxembourg_province,land,Treveran Semois Uplands,local geography / sourced AD 1 parent frame / English,reviewed ancient identity or anti-anachronism reconstruction,GEO-PROXY;installed:in_game/map_data/location_templates.txt,medium,Reviewed AD 1 placement; modern or duplicate field label removed.,false
location,montmorency,pays_france_province,land,Parisian Lutetian Northlands,local geography / sourced AD 1 parent frame / English,reviewed ancient identity or anti-anachronism reconstruction,GEO-PROXY;installed:in_game/map_data/location_templates.txt,medium,Reviewed AD 1 placement; modern or duplicate field label removed.,false
location,montmorillon,upper_poitou_province,land,Pictonian Gartempe Lands,local geography / sourced AD 1 parent frame / English,reviewed ancient identity or anti-anachronism reconstruction,GEO-PROXY;installed:in_game/map_data/location_templates.txt,medium,Reviewed AD 1 placement; modern or duplicate field label removed.,false
location,montpellier,nimois_province,land,Volcian Nemausus Plain,local geography / sourced AD 1 parent frame / English,reviewed ancient identity or anti-anachronism reconstruction,GEO-PROXY;installed:in_game/map_data/location_templates.txt,medium,Reviewed AD 1 placement; modern or duplicate field label removed.,false
location,montreal_lake,sakitawahk_province,lake,Taltheilei Missinipi Lake,local geography / sourced AD 1 parent frame / English,reviewed ancient identity or anti-anachronism reconstruction,GEO-PROXY;installed:in_game/map_data/location_templates.txt,medium,Reviewed AD 1 placement; modern or duplicate field label removed.,false
location,montreuil,ponthieu_province,land,Ambian Channel Coast,local geography / sourced AD 1 parent frame / English,reviewed ancient identity or anti-anachronism reconstruction,GEO-PROXY;installed:in_game/map_data/location_templates.txt,medium,Reviewed AD 1 placement; modern or duplicate field label removed.,false
location,montreuillon,nevernais_province,land,Aeduan Liger Lands,local geography / sourced AD 1 parent frame / English,reviewed ancient identity or anti-anachronism reconstruction,GEO-PROXY;installed:in_game/map_data/location_templates.txt,medium,Reviewed AD 1 placement; modern or duplicate field label removed.,false
location,montreux,vaud_province,land,Helvetian Lemanus Shore,local geography / sourced AD 1 parent frame / English,reviewed ancient identity or anti-anachronism reconstruction,GEO-PROXY;installed:in_game/map_data/location_templates.txt,medium,Reviewed AD 1 placement; modern or duplicate field label removed.,false
location,monxoro,jaguaribe_province,land,Jaguaribe–Quixadá Drylands,local geography / sourced AD 1 parent frame / English,ancient-parent local-feature construction,GEO-PROXY;installed:in_game/map_data/location_templates.txt,medium,AD 1 local label within the researched parent frame.,false
location,monza,monza_province,land,Modicia,local geography / sourced AD 1 parent frame / English,reviewed ancient identity or anti-anachronism reconstruction,GEO-PROXY;installed:in_game/map_data/location_templates.txt,medium,Reviewed AD 1 placement; modern or duplicate field label removed.,false
location,monzes,utembo_province,land,Kafue Farmer Uplands,local geography / sourced AD 1 parent frame / English,ancient-parent local-feature construction,GEO-PROXY;installed:in_game/map_data/location_templates.txt,medium,AD 1 local label within the researched parent frame.,false
location,monzon,barbastro_province,land,Ilergetan Osca North,local geography / sourced AD 1 parent frame / English,reviewed ancient identity or anti-anachronism reconstruction,GEO-PROXY;installed:in_game/map_data/location_templates.txt,medium,Reviewed AD 1 placement; modern or duplicate field label removed.,false
location,monzon_campos,palencia_province,land,Vaccaean Pallantia Lands,local geography / sourced AD 1 parent frame / English,reviewed ancient identity or anti-anachronism reconstruction,GEO-PROXY;installed:in_game/map_data/location_templates.txt,medium,Reviewed AD 1 placement; modern or duplicate field label removed.,false
location,mooi,eiland_province,land,Vaal Harts Uplands,local geography / sourced AD 1 parent frame / English,ancient-parent local-feature construction,GEO-PROXY;installed:in_game/map_data/location_templates.txt,medium,AD 1 local label within the researched parent frame.,false
location,moona_mpanda,upper_moshiko_province,land,Lualaba–Lufira Hills,local geography / sourced AD 1 parent frame / English,ancient-parent local-feature construction,GEO-PROXY;installed:in_game/map_data/location_templates.txt,medium,AD 1 local label within the researched parent frame.,false
location,moorea,nia_matai_ma_province,land,Tahiti Volcanic Isle,local geography / sourced AD 1 parent frame / English,reviewed ancient identity or anti-anachronism reconstruction,GEO-PROXY;installed:in_game/map_data/location_templates.txt,medium,Reviewed AD 1 placement; modern or duplicate field label removed.,false
location,moorea_atoll,nia_matai_ma_province,land,Tahiti Shoals,local geography / sourced AD 1 parent frame / English,reviewed ancient identity or anti-anachronism reconstruction,GEO-PROXY;installed:in_game/map_data/location_templates.txt,medium,Reviewed AD 1 placement; modern or duplicate field label removed.,false
location,moorea_coast,tuhaa_pae_coastal_sea_zones_province,sea,Rapa–Tubuai Shoals,local geography / sourced AD 1 parent frame / English,reviewed ancient identity or anti-anachronism reconstruction,GEO-PROXY;installed:in_game/map_data/location_templates.txt,medium,Reviewed AD 1 placement; modern or duplicate field label removed.,false
location,moose_river,east_shuswap_province,land,Secwepemc Big-River Valley,local geography / sourced AD 1 parent frame / English,reviewed ancient identity or anti-anachronism reconstruction,GEO-PROXY;installed:in_game/map_data/location_templates.txt,medium,Reviewed AD 1 placement; modern or duplicate field label removed.,false
location,moosehead_lake,norridgewock_province,lake,Abenaki Kennebec Lake,local geography / sourced AD 1 parent frame / English,reviewed ancient identity or anti-anachronism reconstruction,GEO-PROXY;installed:in_game/map_data/location_templates.txt,medium,Reviewed AD 1 placement; modern or duplicate field label removed.,false
location,moosonee,moosonee_province,land,Moose-Abitibi Lowlands,local geography / sourced AD 1 parent frame / English,reviewed ancient identity or anti-anachronism reconstruction,GEO-PROXY;installed:in_game/map_data/location_templates.txt,medium,Reviewed AD 1 placement; modern or duplicate field label removed.,false
location,mootka,western_kola_province,land,Sami Pechenga Tundra,local geography / sourced AD 1 parent frame / English,reviewed ancient identity or anti-anachronism reconstruction,GEO-PROXY;installed:in_game/map_data/location_templates.txt,medium,Reviewed AD 1 placement; modern or duplicate field label removed.,false
location,mopeia,lower_zambezi_province,land,Lower-Zambezi Delta,local geography / sourced AD 1 parent frame / English,reviewed ancient identity or anti-anachronism reconstruction,GEO-PROXY;installed:in_game/map_data/location_templates.txt,medium,Reviewed AD 1 placement; modern or duplicate field label removed.,false
location,moqoit,moqoit_province,land,Córdoba–Salinas Lands,local geography / sourced AD 1 parent frame / English,ancient-parent local-feature construction,GEO-PROXY;installed:in_game/map_data/location_templates.txt,medium,AD 1 local label within the researched parent frame.,false
location,mora,dalarna_province,land,Suionic Dalalven Lands,local geography / sourced AD 1 parent frame / English,reviewed ancient identity or anti-anachronism reconstruction,GEO-PROXY;installed:in_game/map_data/location_templates.txt,medium,Reviewed AD 1 placement; modern or duplicate field label removed.,false
location,mora_cam,mandara_province,land,Mandara Iron Foothills,local geography / sourced AD 1 parent frame / English,reviewed ancient identity or anti-anachronism reconstruction,GEO-PROXY;installed:in_game/map_data/location_templates.txt,medium,Reviewed AD 1 placement; modern or duplicate field label removed.,false
location,mora_de_rubielos,teruel_province,land,Celtiberian Jiloca Lands,local geography / sourced AD 1 parent frame / English,reviewed ancient identity or anti-anachronism reconstruction,GEO-PROXY;installed:in_game/map_data/location_templates.txt,medium,Reviewed AD 1 placement; modern or duplicate field label removed.,false
location,mora_eth,mora_province,land,Danakil Awash Pastures,local geography / sourced AD 1 parent frame / English,reviewed ancient identity or anti-anachronism reconstruction,GEO-PROXY;installed:in_game/map_data/location_templates.txt,medium,Reviewed AD 1 placement; modern or duplicate field label removed.,false
location,mora_portugal,ribatejo_province,land,Lusitanian Scallabis Lands,local geography / sourced AD 1 parent frame / English,reviewed ancient identity or anti-anachronism reconstruction,GEO-PROXY;installed:in_game/map_data/location_templates.txt,medium,Reviewed AD 1 placement; modern or duplicate field label removed.,false
location,morag,upper_prussia_province,land,Aestian Vistula-Lagoon Lands,local geography / sourced AD 1 parent frame / English,reviewed ancient identity or anti-anachronism reconstruction,GEO-PROXY;installed:in_game/map_data/location_templates.txt,medium,Reviewed AD 1 placement; modern or duplicate field label removed.,false
location,moramanga,bezanozano_province,land,Malagasy Eastern Highlands,local geography / sourced AD 1 parent frame / English,reviewed ancient identity or anti-anachronism reconstruction,GEO-PROXY;installed:in_game/map_data/location_templates.txt,medium,Reviewed AD 1 placement; modern or duplicate field label removed.,false
location,morane_atoll,mangareva_province,land,Mangareva Lagoon,local geography / sourced AD 1 parent frame / English,reviewed ancient identity or anti-anachronism reconstruction,GEO-PROXY;installed:in_game/map_data/location_templates.txt,medium,Reviewed AD 1 placement; modern or duplicate field label removed.,false
location,morane_coast_1,papakena_coastal_sea_zones_province,sea,Tematagi–Mangareva Passage,local geography / sourced AD 1 parent frame / English,reviewed ancient identity or anti-anachronism reconstruction,GEO-PROXY;installed:in_game/map_data/location_templates.txt,medium,Reviewed AD 1 placement; modern or duplicate field label removed.,false
location,morangi,kachari_province,land,Dhansiri–Dimapur Hills,local geography / sourced AD 1 parent frame / English,ancient-parent local-feature construction,GEO-PROXY;installed:in_game/map_data/location_templates.txt,medium,AD 1 local label within the researched parent frame.,false
location,moratau,daga_province,land,Milne–Suau Hills,local geography / sourced AD 1 parent frame / English,ancient-parent local-feature construction,GEO-PROXY;installed:in_game/map_data/location_templates.txt,medium,AD 1 local label within the researched parent frame.,false
location,moray_firth,scotland_coastal_sea_zones_province,sea,Caledonian Passage,local geography / sourced AD 1 parent frame / English,reviewed ancient identity or anti-anachronism reconstruction,GEO-PROXY;installed:in_game/map_data/location_templates.txt,medium,Reviewed AD 1 placement; modern or duplicate field label removed.,false
location,mordovo,tambov_province,land,Gorodets Tsna Lands,local geography / sourced AD 1 parent frame / English,reviewed ancient identity or anti-anachronism reconstruction,GEO-PROXY;installed:in_game/map_data/location_templates.txt,medium,Reviewed AD 1 placement; modern or duplicate field label removed.,false
location,morella,castellon_province,land,Ilercavonian Coastal Heights,local geography / sourced AD 1 parent frame / English,reviewed ancient identity or anti-anachronism reconstruction,GEO-PROXY;installed:in_game/map_data/location_templates.txt,medium,Reviewed AD 1 placement; modern or duplicate field label removed.,false
location,moreno_point,atacama_coastal_sea_zones_province,sea,Atacama Headland Offing,local geography / sourced AD 1 parent frame / English,reviewed ancient identity or anti-anachronism reconstruction,GEO-PROXY;installed:in_game/map_data/location_templates.txt,medium,Reviewed AD 1 placement; modern or duplicate field label removed.,false
location,moresby_coast,haida_sea_zones_province,sea,Haida Gwaii Offing,local geography / sourced AD 1 parent frame / English,reviewed ancient identity or anti-anachronism reconstruction,GEO-PROXY;installed:in_game/map_data/location_templates.txt,medium,Reviewed AD 1 placement; modern or duplicate field label removed.,false
location,moreton_bay,darumbal_province_coast,sea,Darumbal-Bay,local geography / sourced AD 1 parent frame / English,reviewed ancient identity or anti-anachronism reconstruction,GEO-PROXY;installed:in_game/map_data/location_templates.txt,medium,Reviewed AD 1 placement; modern or duplicate field label removed.,false
location,morgan,bear_river_province,land,Shoshone Bear-Weber Lands,local geography / sourced AD 1 parent frame / English,reviewed ancient identity or anti-anachronism reconstruction,GEO-PROXY;installed:in_game/map_data/location_templates.txt,medium,Reviewed AD 1 placement; modern or duplicate field label removed.,false
location,morgex,aosta_province,land,Salassian Upper-Duria Valley,local geography / sourced AD 1 parent frame / English,reviewed ancient identity or anti-anachronism reconstruction,GEO-PROXY;installed:in_game/map_data/location_templates.txt,medium,Reviewed AD 1 placement; modern or duplicate field label removed.,false
location,morhange,pays_messin_province,land,Mediomatrician Divodurum Lands,local geography / sourced AD 1 parent frame / English,reviewed ancient identity or anti-anachronism reconstruction,GEO-PROXY;installed:in_game/map_data/location_templates.txt,medium,Reviewed AD 1 placement; modern or duplicate field label removed.,false
location,mori,beshbalik_province,land,Jushi Barkol Eastern Oasis,local geography / sourced AD 1 parent frame / English,reviewed ancient identity or anti-anachronism reconstruction,GEO-PROXY;installed:in_game/map_data/location_templates.txt,medium,Reviewed AD 1 placement; modern or duplicate field label removed.,false
location,mori_baridag,selenga_province,land,Xiongnu Selenga March,local geography / sourced AD 1 parent frame / English,reviewed ancient identity or anti-anachronism reconstruction,GEO-PROXY;installed:in_game/map_data/location_templates.txt,medium,Reviewed AD 1 placement; modern or duplicate field label removed.,false
location,mori_celebes,bungku_province,land,Kendari Hills,local geography / sourced AD 1 parent frame / English,ancient-parent local-feature construction,GEO-PROXY;installed:in_game/map_data/location_templates.txt,medium,AD 1 local label within the researched parent frame.,false
location,morki,yaransk_province,land,Pyanobor Vyatka Lands,local geography / sourced AD 1 parent frame / English,reviewed ancient identity or anti-anachronism reconstruction,GEO-PROXY;installed:in_game/map_data/location_templates.txt,medium,Reviewed AD 1 placement; modern or duplicate field label removed.,false
location,morkoka,aikhal_province,land,Vilyuy Markha Taiga,local geography / sourced AD 1 parent frame / English,reviewed ancient identity or anti-anachronism reconstruction,GEO-PROXY;installed:in_game/map_data/location_templates.txt,medium,Reviewed AD 1 placement; modern or duplicate field label removed.,false
location,morkvash,samara_province,land,Sarmatian Samara Bend,local geography / sourced AD 1 parent frame / English,reviewed ancient identity or anti-anachronism reconstruction,GEO-PROXY;installed:in_game/map_data/location_templates.txt,medium,Reviewed AD 1 placement; modern or duplicate field label removed.,false
location,mormor,oromia_province,land,Cushitic Dawa–Genale Pastures,local geography / sourced AD 1 parent frame / English,reviewed ancient identity or anti-anachronism reconstruction,GEO-PROXY;installed:in_game/map_data/location_templates.txt,medium,Reviewed AD 1 placement; modern or duplicate field label removed.,false
location,mornei,north_darfur_province,land,Wadi-Howar Marra Lands,local geography / sourced AD 1 parent frame / English,reviewed ancient identity or anti-anachronism reconstruction,GEO-PROXY;installed:in_game/map_data/location_templates.txt,medium,Reviewed AD 1 placement; modern or duplicate field label removed.,false
location,moro,ternate_province,land,Halmahera Ternate Isles,local geography / sourced AD 1 parent frame / English,reviewed ancient identity or anti-anachronism reconstruction,GEO-PROXY;installed:in_game/map_data/location_templates.txt,medium,Reviewed AD 1 placement; modern or duplicate field label removed.,false
location,moro_gulf,tagloc_coast_sea_province,sea,Sarangani–Davao Inner Bight,local geography / sourced AD 1 parent frame / English,reviewed ancient identity or anti-anachronism reconstruction,GEO-PROXY;installed:in_game/map_data/location_templates.txt,medium,Reviewed AD 1 placement; modern or duplicate field label removed.,false
location,moro_sindh,northern_sindh_province,land,Sauvira Eastern-Indus Lands,local geography / sourced AD 1 parent frame / English,reviewed ancient identity or anti-anachronism reconstruction,GEO-PROXY;installed:in_game/map_data/location_templates.txt,medium,Reviewed AD 1 placement; modern or duplicate field label removed.,false
location,moron,sevilla_province,land,Lucurgentum,local geography / sourced AD 1 parent frame / English,reviewed Pleiades ancient settlement identity,https://pleiades.stoa.org/places/256275,medium,Period-valid ancient settlement placed on the reviewed engine field.,false
location,morondo,senufo_province,land,Bandama–Comoé Forest,local geography / sourced AD 1 parent frame / English,ancient-parent local-feature construction,GEO-PROXY;installed:in_game/map_data/location_templates.txt,medium,AD 1 local label within the researched parent frame.,false
location,morotai_strait,ternate_coast_sea_province,sea,Halmahera–Morotai Strait,local geography / sourced AD 1 parent frame / English,reviewed ancient identity or anti-anachronism reconstruction,GEO-PROXY;installed:in_game/map_data/location_templates.txt,medium,Reviewed AD 1 placement; modern or duplicate field label removed.,false
location,morpeth,northumberland_province,land,Votadinian Tyne March,local geography / sourced AD 1 parent frame / English,reviewed ancient identity or anti-anachronism reconstruction,GEO-PROXY;installed:in_game/map_data/location_templates.txt,medium,Reviewed AD 1 placement; modern or duplicate field label removed.,false
location,morphou,cyprus_province,land,Phlason,local geography / sourced AD 1 parent frame / English,reviewed Pleiades ancient settlement identity,https://pleiades.stoa.org/places/707610,medium,Period-valid ancient settlement placed on the reviewed engine field.,false
location,morphou_bay,cilician_sea_province,sea,Phlason Bay,local geography / sourced AD 1 parent frame / English,reviewed ancient identity or anti-anachronism reconstruction,GEO-PROXY;installed:in_game/map_data/location_templates.txt,medium,Reviewed AD 1 placement; modern or duplicate field label removed.,false
location,morrinhos,bois_province,land,aíb a Hills,local geography / sourced AD 1 parent frame / English,ancient-parent local-feature construction,GEO-PROXY;installed:in_game/map_data/location_templates.txt,medium,AD 1 local label within the researched parent frame.,false
location,morrosquillo_gulf,magdalena_sea_zones_province,sea,Zenú Caribbean Bight,local geography / sourced AD 1 parent frame / English,reviewed ancient identity or anti-anachronism reconstruction,GEO-PROXY;installed:in_game/map_data/location_templates.txt,medium,Reviewed AD 1 placement; modern or duplicate field label removed.,false
location,mors,niederrhein_province,land,Asciburgium,local geography / sourced AD 1 parent frame / English,reviewed ancient identity or anti-anachronism reconstruction,GEO-PROXY;installed:in_game/map_data/location_templates.txt,medium,Reviewed AD 1 placement; modern or duplicate field label removed.,false
location,morsha,tambov_province,land,Gorodets Tsna-Vorona Lands,local geography / sourced AD 1 parent frame / English,reviewed ancient identity or anti-anachronism reconstruction,GEO-PROXY;installed:in_game/map_data/location_templates.txt,medium,Reviewed AD 1 placement; modern or duplicate field label removed.,false
location,mortagne,perche_province,land,Aulercian Huisne Lands,local geography / sourced AD 1 parent frame / English,reviewed ancient identity or anti-anachronism reconstruction,GEO-PROXY;installed:in_game/map_data/location_templates.txt,medium,Reviewed AD 1 placement; modern or duplicate field label removed.,false
location,mortain,cotentin_province,land,Unellian Armorican Hills,local geography / sourced AD 1 parent frame / English,reviewed ancient identity or anti-anachronism reconstruction,GEO-PROXY;installed:in_game/map_data/location_templates.txt,medium,Reviewed AD 1 placement; modern or duplicate field label removed.,false
location,morvi,halar,land,Anartan Dvaraka Coast,local geography / sourced AD 1 parent frame / English,reviewed ancient identity or anti-anachronism reconstruction,GEO-PROXY;installed:in_game/map_data/location_templates.txt,medium,Reviewed AD 1 placement; modern or duplicate field label removed.,false
location,mosbach,odenwald_province,land,Vicus Alisinensium,local geography / sourced AD 1 parent frame / English,reviewed ancient identity or anti-anachronism reconstruction,GEO-PROXY;installed:in_game/map_data/location_templates.txt,medium,Reviewed AD 1 placement; modern or duplicate field label removed.,false
location,moschevo,tuapse_province,land,Zygian Tuapse Coast,local geography / sourced AD 1 parent frame / English,reviewed ancient identity or anti-anachronism reconstruction,GEO-PROXY;installed:in_game/map_data/location_templates.txt,medium,Reviewed AD 1 placement; modern or duplicate field label removed.,false
location,mosco,oklatannap_province,land,Marksville Tombigbee–Pearl,local geography / sourced AD 1 parent frame / English,ancient-parent local-feature construction,GEO-PROXY;installed:in_game/map_data/location_templates.txt,medium,AD 1 local label within the researched parent frame.,false
location,moscos_islands,myanmar_coast_province,sea,Mon Irrawaddy Passage,local geography / sourced AD 1 parent frame / English,reviewed ancient identity or anti-anachronism reconstruction,GEO-PROXY;installed:in_game/map_data/location_templates.txt,medium,Reviewed AD 1 placement; modern or duplicate field label removed.,false
location,moscow,moscow_province,land,Dyakovo Moskva Heartland,local geography / sourced AD 1 parent frame / English,reviewed ancient identity or anti-anachronism reconstruction,GEO-PROXY;installed:in_game/map_data/location_templates.txt,medium,Reviewed AD 1 placement; modern or duplicate field label removed.,false
location,mosega,mosega_province,land,Limpopo Kalahari Hills,local geography / sourced AD 1 parent frame / English,ancient-parent local-feature construction,GEO-PROXY;installed:in_game/map_data/location_templates.txt,medium,AD 1 local label within the researched parent frame.,false
location,mosharahat,ahvaz_province,land,Elymaean Lower-Eulaeus Plain,local geography / sourced AD 1 parent frame / English,reviewed ancient identity or anti-anachronism reconstruction,GEO-PROXY;installed:in_game/map_data/location_templates.txt,medium,Reviewed AD 1 placement; modern or duplicate field label removed.,false
location,moshenskoye,bezhetskaya_province,land,Msta Mologa Forest,local geography / sourced AD 1 parent frame / English,reviewed ancient identity or anti-anachronism reconstruction,GEO-PROXY;installed:in_game/map_data/location_templates.txt,medium,Reviewed AD 1 placement; modern or duplicate field label removed.,false
location,moshi,ichera_province,land,Vitim–Olyokma Lands,local geography / sourced AD 1 parent frame / English,ancient-parent local-feature construction,GEO-PROXY;installed:in_game/map_data/location_templates.txt,medium,AD 1 local label within the researched parent frame.,false
location,moshok,vladimir_province,land,Dyakovo Klyazma–Oka Lands,local geography / sourced AD 1 parent frame / English,reviewed ancient identity or anti-anachronism reconstruction,GEO-PROXY;installed:in_game/map_data/location_templates.txt,medium,Reviewed AD 1 placement; modern or duplicate field label removed.,false
location,mosiko,south_moxico_province,land,Zambezi–Cuando Frontier,local geography / sourced AD 1 parent frame / English,reviewed ancient identity or anti-anachronism reconstruction,GEO-PROXY;installed:in_game/map_data/location_templates.txt,medium,Reviewed AD 1 placement; modern or duplicate field label removed.,false
location,moskona,wamesa_province,land,Bird's Head Papuan Hills,local geography / sourced AD 1 parent frame / English,ancient-parent local-feature construction,GEO-PROXY;installed:in_game/map_data/location_templates.txt,medium,AD 1 local label within the researched parent frame.,false
location,moskwawakwa,ocheyedan_province,land,Moskwakwa Sioux -Woodland,local geography / sourced AD 1 parent frame / English,ancient-parent local-feature construction,GEO-PROXY;installed:in_game/map_data/location_templates.txt,medium,AD 1 local label within the researched parent frame.,false
location,mosolova_bay,tartar_strait_province,sea,Nivkh Amur-Sakhalin Bay,local geography / sourced AD 1 parent frame / English,reviewed ancient identity or anti-anachronism reconstruction,GEO-PROXY;installed:in_game/map_data/location_templates.txt,medium,Reviewed AD 1 placement; modern or duplicate field label removed.,false
location,mosopeleacipi,mosopeleacipi_province,land,Upper Kanawha–Clinch Woodland,local geography / sourced AD 1 parent frame / English,ancient-parent local-feature construction,GEO-PROXY;installed:in_game/map_data/location_templates.txt,medium,AD 1 local label within the researched parent frame.,false
location,moss,ostfold_province,land,Foldafjord Germanic Lands,local geography / sourced AD 1 parent frame / English,reviewed ancient identity or anti-anachronism reconstruction,GEO-PROXY;installed:in_game/map_data/location_templates.txt,medium,Reviewed AD 1 placement; modern or duplicate field label removed.,false
location,mossel_bay,goringhaikona_coast_sea_province,sea,Outeniqua Bay,local geography / sourced AD 1 parent frame / English,reviewed ancient identity or anti-anachronism reconstruction,GEO-PROXY;installed:in_game/map_data/location_templates.txt,medium,Reviewed AD 1 placement; modern or duplicate field label removed.,false
location,most,zatecko_province,land,Marcomannic Eger Lands,local geography / sourced AD 1 parent frame / English,reviewed ancient identity or anti-anachronism reconstruction,GEO-PROXY;installed:in_game/map_data/location_templates.txt,medium,Reviewed AD 1 placement; modern or duplicate field label removed.,false
location,mostaganem,dahra_province,land,Ballene Praesidium,local geography / sourced AD 1 parent frame / English,reviewed Pleiades ancient settlement identity,https://pleiades.stoa.org/places/285418,medium,Period-valid ancient settlement placed on the reviewed engine field.,false
location,mostar,hum_province,land,Daorsian Neretva Valley,local geography / sourced AD 1 parent frame / English,reviewed ancient identity or anti-anachronism reconstruction,GEO-PROXY;installed:in_game/map_data/location_templates.txt,medium,Reviewed AD 1 placement; modern or duplicate field label removed.,false
location,moster,bergenhus_province,land,North-Germanic Hordaland Isle,local geography / sourced AD 1 parent frame / English,reviewed ancient identity or anti-anachronism reconstruction,GEO-PROXY;installed:in_game/map_data/location_templates.txt,medium,Reviewed AD 1 placement; modern or duplicate field label removed.,false
location,mostoos_upland,sakitawahk_province,land,Taltheilei Uplands,local geography / sourced AD 1 parent frame / English,ancient-parent local-feature construction,GEO-PROXY;installed:in_game/map_data/location_templates.txt,medium,AD 1 local label within the researched parent frame.,false
location,mosul,mosul_province,land,Ninos,local geography / sourced AD 1 parent frame / English,reviewed Pleiades ancient settlement identity,https://pleiades.stoa.org/places/874621,medium,Period-valid ancient settlement placed on the reviewed engine field.,false
location,motal,pinsk_province,land,Zarubintsy Pina–Pripyat Lands,local geography / sourced AD 1 parent frame / English,reviewed ancient identity or anti-anachronism reconstruction,GEO-PROXY;installed:in_game/map_data/location_templates.txt,medium,Reviewed AD 1 placement; modern or duplicate field label removed.,false
location,motoyoshi,rikuzen_province,land,Emishi Kitakami Coast,local geography / sourced AD 1 parent frame / English,reviewed ancient identity or anti-anachronism reconstruction,GEO-PROXY;installed:in_game/map_data/location_templates.txt,medium,Reviewed AD 1 placement; modern or duplicate field label removed.,false
location,motta_cape,ezo_coast_sea_province,sea,Epi-Jōmon Hokkaido Shoals,local geography / sourced AD 1 parent frame / English,reviewed ancient identity or anti-anachronism reconstruction,GEO-PROXY;installed:in_game/map_data/location_templates.txt,medium,Reviewed AD 1 placement; modern or duplicate field label removed.,false
location,motu_maha,motu_maha_province,land,Subantarctic Island,local geography / sourced AD 1 parent frame / English,reviewed ancient identity or anti-anachronism reconstruction,GEO-PROXY;installed:in_game/map_data/location_templates.txt,medium,Reviewed AD 1 placement; modern or duplicate field label removed.,false
location,motu_maha_coast,murihiku_sea_zones_province,sea,Aotearoa Offing,local geography / sourced AD 1 parent frame / English,reviewed ancient identity or anti-anachronism reconstruction,GEO-PROXY;installed:in_game/map_data/location_templates.txt,medium,Reviewed AD 1 placement; modern or duplicate field label removed.,false
location,motu_maha_high_sea_1,murihiku_sea_zones_province,sea,Aotearoa Passage,local geography / sourced AD 1 parent frame / English,reviewed ancient identity or anti-anachronism reconstruction,GEO-PROXY;installed:in_game/map_data/location_templates.txt,medium,Reviewed AD 1 placement; modern or duplicate field label removed.,false
location,motu_maha_high_sea_2,murihiku_sea_zones_province,sea,Aotearoa Bight,local geography / sourced AD 1 parent frame / English,reviewed ancient identity or anti-anachronism reconstruction,GEO-PROXY;installed:in_game/map_data/location_templates.txt,medium,Reviewed AD 1 placement; modern or duplicate field label removed.,false
location,motu_maha_high_sea_3,murihiku_sea_zones_province,sea,Aotearoa Roadstead,local geography / sourced AD 1 parent frame / English,reviewed ancient identity or anti-anachronism reconstruction,GEO-PROXY;installed:in_game/map_data/location_templates.txt,medium,Reviewed AD 1 placement; modern or duplicate field label removed.,false
location,motu_one_atoll,raro_matai_ma_province,land,Havaian Lagoon,local geography / sourced AD 1 parent frame / English,reviewed ancient identity or anti-anachronism reconstruction,GEO-PROXY;installed:in_game/map_data/location_templates.txt,medium,Reviewed AD 1 placement; modern or duplicate field label removed.,false
location,motu_one_coast,tuhaa_pae_coastal_sea_zones_province,sea,Rapa–Tubuai Banks,local geography / sourced AD 1 parent frame / English,reviewed ancient identity or anti-anachronism reconstruction,GEO-PROXY;installed:in_game/map_data/location_templates.txt,medium,Reviewed AD 1 placement; modern or duplicate field label removed.,false
location,motul,dzilam_province,land,Maya Ichkaansiho Lands,local geography / sourced AD 1 parent frame / English,reviewed ancient identity or anti-anachronism reconstruction,GEO-PROXY;installed:in_game/map_data/location_templates.txt,medium,Reviewed AD 1 placement; modern or duplicate field label removed.,false
location,motupalli,kamma_nadu,land,Andhra Krishna Port,local geography / sourced AD 1 parent frame / English,reviewed ancient identity or anti-anachronism reconstruction,GEO-PROXY;installed:in_game/map_data/location_templates.txt,medium,Reviewed AD 1 placement; modern or duplicate field label removed.,false
location,motupohue,murihiku_province,land,Aotearoa Southern Headland,local geography / sourced AD 1 parent frame / English,reviewed ancient identity or anti-anachronism reconstruction,GEO-PROXY;installed:in_game/map_data/location_templates.txt,medium,Reviewed AD 1 placement; modern or duplicate field label removed.,false
location,motutunga_atoll,nganaa_nui_province,land,Tahanea Lagoon,local geography / sourced AD 1 parent frame / English,reviewed ancient identity or anti-anachronism reconstruction,GEO-PROXY;installed:in_game/map_data/location_templates.txt,medium,Reviewed AD 1 placement; modern or duplicate field label removed.,false
location,motygino,kamensk_province,land,Kulay Kan–Biryusa Lands,local geography / sourced AD 1 parent frame / English,reviewed ancient identity or anti-anachronism reconstruction,GEO-PROXY;installed:in_game/map_data/location_templates.txt,medium,Reviewed AD 1 placement; modern or duplicate field label removed.,false
location,mouchalagane,manicouagan_province,land,Manicouagan Hills,local geography / sourced AD 1 parent frame / English,ancient-parent local-feature construction,GEO-PROXY;installed:in_game/map_data/location_templates.txt,medium,AD 1 local label within the researched parent frame.,false
location,moudery,galam_province,land,Senegal–Ferlo Plain,local geography / sourced AD 1 parent frame / English,ancient-parent local-feature construction,GEO-PROXY;installed:in_game/map_data/location_templates.txt,medium,AD 1 local label within the researched parent frame.,false
location,moulouya_corridor1,ksour_province,land,Gaetulian Upper Passage,local geography / sourced AD 1 parent frame / English,reviewed ancient identity or anti-anachronism reconstruction,GEO-PROXY;installed:in_game/map_data/location_templates.txt,medium,Reviewed AD 1 placement; modern or duplicate field label removed.,false
location,moulouya_corridor2,ksour_province,land,Gaetulian Middle Passage,local geography / sourced AD 1 parent frame / English,reviewed ancient identity or anti-anachronism reconstruction,GEO-PROXY;installed:in_game/map_data/location_templates.txt,medium,Reviewed AD 1 placement; modern or duplicate field label removed.,false
location,moulouya_corridor3,ksour_province,land,Gaetulian Lower Passage,local geography / sourced AD 1 parent frame / English,reviewed ancient identity or anti-anachronism reconstruction,GEO-PROXY;installed:in_game/map_data/location_templates.txt,medium,Reviewed AD 1 placement; modern or duplicate field label removed.,false
location,mount_athos,chalkidiki_province,land,Akte Lands,local geography / sourced AD 1 parent frame / English,reviewed ancient identity or anti-anachronism reconstruction,GEO-PROXY;installed:in_game/map_data/location_templates.txt,medium,Reviewed AD 1 placement; modern or duplicate field label removed.,false
location,mount_azuma,iwase_province,land,Emishi Highlands,local geography / sourced AD 1 parent frame / English,reviewed ancient identity or anti-anachronism reconstruction,GEO-PROXY;installed:in_game/map_data/location_templates.txt,medium,Reviewed AD 1 placement; modern or duplicate field label removed.,false
location,mount_etna,demena_province,land,Aitne,local geography / sourced AD 1 parent frame / English,reviewed ancient identity or anti-anachronism reconstruction,GEO-PROXY;installed:in_game/map_data/location_templates.txt,medium,Reviewed AD 1 placement; modern or duplicate field label removed.,false
location,mount_fuji,suruga_province,land,Yayoi Highlands,local geography / sourced AD 1 parent frame / English,reviewed ancient identity or anti-anachronism reconstruction,GEO-PROXY;installed:in_game/map_data/location_templates.txt,medium,Reviewed AD 1 placement; modern or duplicate field label removed.,false
location,mount_haku,hida_province,land,Wa Highlands,local geography / sourced AD 1 parent frame / English,reviewed ancient identity or anti-anachronism reconstruction,GEO-PROXY;installed:in_game/map_data/location_templates.txt,medium,Reviewed AD 1 placement; modern or duplicate field label removed.,false
location,mount_olympos,thessaly_province,land,Roman Larisa Plain,local geography / sourced AD 1 parent frame / English,reviewed ancient identity or anti-anachronism reconstruction,GEO-PROXY;installed:in_game/map_data/location_templates.txt,medium,Reviewed AD 1 placement; modern or duplicate field label removed.,false
location,mount_ontake,hida_province,land,Wa Hills,local geography / sourced AD 1 parent frame / English,reviewed ancient identity or anti-anachronism reconstruction,GEO-PROXY;installed:in_game/map_data/location_templates.txt,medium,Reviewed AD 1 placement; modern or duplicate field label removed.,false
location,mount_stromboli,demena_province,land,Strongyle Volcano,local geography / sourced AD 1 parent frame / English,reviewed ancient identity or anti-anachronism reconstruction,GEO-PROXY;installed:in_game/map_data/location_templates.txt,medium,Reviewed AD 1 placement; modern or duplicate field label removed.,false
location,mount_tsurugi,awa_province,land,Wa Uplands,local geography / sourced AD 1 parent frame / English,reviewed ancient identity or anti-anachronism reconstruction,GEO-PROXY;installed:in_game/map_data/location_templates.txt,medium,Reviewed AD 1 placement; modern or duplicate field label removed.,false
location,mountain_druze,hawran_province,land,Auranitis Highlands,local geography / sourced AD 1 parent frame / English,reviewed ancient identity or anti-anachronism reconstruction,GEO-PROXY;installed:in_game/map_data/location_templates.txt,medium,Reviewed AD 1 placement; modern or duplicate field label removed.,false
location,mountain_maidu,maidu_province,land,Feather-River Highlands,local geography / sourced AD 1 parent frame / English,reviewed ancient identity or anti-anachronism reconstruction,GEO-PROXY;installed:in_game/map_data/location_templates.txt,medium,Reviewed AD 1 placement; modern or duplicate field label removed.,false
location,moura,baixo_alentejo_province,land,Celtician Pax-Iulia Lands,local geography / sourced AD 1 parent frame / English,reviewed ancient identity or anti-anachronism reconstruction,GEO-PROXY;installed:in_game/map_data/location_templates.txt,medium,Reviewed AD 1 placement; modern or duplicate field label removed.,false
location,mourdiah,sosso_province,land,Niger–Bafing Mande Country,local geography / sourced AD 1 parent frame / English,ancient-parent local-feature construction,GEO-PROXY;installed:in_game/map_data/location_templates.txt,medium,AD 1 local label within the researched parent frame.,false
location,mourionska,torne_lappmark_province,land,Sámi Torne–Käsivarsi Wetlands,local geography / sourced AD 1 parent frame / English,ancient-parent local-feature construction,GEO-PROXY;installed:in_game/map_data/location_templates.txt,medium,AD 1 local label within the researched parent frame.,false
location,moussoro,mondo_province,land,Bahr-el-Ghazal Lands,local geography / sourced AD 1 parent frame / English,ancient-parent local-feature construction,GEO-PROXY;installed:in_game/map_data/location_templates.txt,medium,AD 1 local label within the researched parent frame.,false
location,mouth_benarivo,madagascar_coast_sea_province,sea,Madagascar Offing,local geography / sourced AD 1 parent frame / English,reviewed ancient identity or anti-anachronism reconstruction,GEO-PROXY;installed:in_game/map_data/location_templates.txt,medium,Reviewed AD 1 placement; modern or duplicate field label removed.,false
location,mouth_douro,coast_of_portugal_province,sea,Durius Estuary,local geography / sourced AD 1 parent frame / English,reviewed ancient identity or anti-anachronism reconstruction,GEO-PROXY;installed:in_game/map_data/location_templates.txt,medium,Reviewed AD 1 placement; modern or duplicate field label removed.,false
location,mouth_jubba,gafana_coast_sea_province,sea,Azanian Estuary,local geography / sourced AD 1 parent frame / English,reviewed ancient identity or anti-anachronism reconstruction,GEO-PROXY;installed:in_game/map_data/location_templates.txt,medium,Reviewed AD 1 placement; modern or duplicate field label removed.,false
location,mouth_limpopo,inhambane_coast_sea_province,sea,Azanian Sound,local geography / sourced AD 1 parent frame / English,reviewed ancient identity or anti-anachronism reconstruction,GEO-PROXY;installed:in_game/map_data/location_templates.txt,medium,Reviewed AD 1 placement; modern or duplicate field label removed.,false
location,mouth_mananara,betsimisaraka_coast_sea_province,sea,Malagasy Passage,local geography / sourced AD 1 parent frame / English,reviewed ancient identity or anti-anachronism reconstruction,GEO-PROXY;installed:in_game/map_data/location_templates.txt,medium,Reviewed AD 1 placement; modern or duplicate field label removed.,false
location,mouth_of_saint_lawrence,saint_lawrence_coast_sea_zones_province,sea,Mi'kmaq Great-River Estuary,local geography / sourced AD 1 parent frame / English,reviewed ancient identity or anti-anachronism reconstruction,GEO-PROXY;installed:in_game/map_data/location_templates.txt,medium,Reviewed AD 1 placement; modern or duplicate field label removed.,false
location,mouth_of_the_winisk,keewatin_sea_zones_province,sea,Kangiqsualuk Inland Offing,local geography / sourced AD 1 parent frame / English,reviewed ancient identity or anti-anachronism reconstruction,GEO-PROXY;installed:in_game/map_data/location_templates.txt,medium,Reviewed AD 1 placement; modern or duplicate field label removed.,false
location,mouth_of_thlewiaza,keewatin_sea_zones_province,sea,Kangiqsualuk Inland Passage,local geography / sourced AD 1 parent frame / English,reviewed ancient identity or anti-anachronism reconstruction,GEO-PROXY;installed:in_game/map_data/location_templates.txt,medium,Reviewed AD 1 placement; modern or duplicate field label removed.,false
location,mouth_rianila,tintingue_coast_sea_province,sea,Antongil–Nosy-Boraha Offing,local geography / sourced AD 1 parent frame / English,reviewed ancient identity or anti-anachronism reconstruction,GEO-PROXY;installed:in_game/map_data/location_templates.txt,medium,Reviewed AD 1 placement; modern or duplicate field label removed.,false
location,mouth_sebou,gulf_cadiz_province,sea,Subur Estuary,local geography / sourced AD 1 parent frame / English,reviewed ancient identity or anti-anachronism reconstruction,GEO-PROXY;installed:in_game/map_data/location_templates.txt,medium,Reviewed AD 1 placement; modern or duplicate field label removed.,false
location,mouth_zambezi,mozambique_coast_sea_province,sea,Azanian Roadstead,local geography / sourced AD 1 parent frame / English,reviewed ancient identity or anti-anachronism reconstruction,GEO-PROXY;installed:in_game/map_data/location_templates.txt,medium,Reviewed AD 1 placement; modern or duplicate field label removed.,false
location,mouths_rhone,gulf_of_leon_province,sea,Rhodanus Delta Passage,local geography / sourced AD 1 parent frame / English,reviewed ancient identity or anti-anachronism reconstruction,GEO-PROXY;installed:in_game/map_data/location_templates.txt,medium,Reviewed AD 1 placement; modern or duplicate field label removed.,false
location,moutiers,savoy_province,land,Darantasia,local geography / sourced AD 1 parent frame / English,reviewed ancient identity or anti-anachronism reconstruction,GEO-PROXY;installed:in_game/map_data/location_templates.txt,medium,Reviewed AD 1 placement; modern or duplicate field label removed.,false
location,mouzon,rethelois_province,land,Mosomagus,local geography / sourced AD 1 parent frame / English,reviewed Pleiades ancient settlement identity,https://pleiades.stoa.org/places/109183,medium,Period-valid ancient settlement placed on the reviewed engine field.,false
location,movima,mamore_province,land,Mamoré–Beni Llanos Wetlands,local geography / sourced AD 1 parent frame / English,ancient-parent local-feature construction,GEO-PROXY;installed:in_game/map_data/location_templates.txt,medium,AD 1 local label within the researched parent frame.,false
location,mowe_bay,namibe_coast_province,sea,Namib Bay,local geography / sourced AD 1 parent frame / English,reviewed ancient identity or anti-anachronism reconstruction,GEO-PROXY;installed:in_game/map_data/location_templates.txt,medium,Reviewed AD 1 placement; modern or duplicate field label removed.,false
location,mowhemencho,monacan_province,land,Powhatan-Appomattox Riverlands,local geography / sourced AD 1 parent frame / English,ancient-parent local-feature construction,GEO-PROXY;installed:in_game/map_data/location_templates.txt,medium,AD 1 local label within the researched parent frame.,false
location,moxos,mamore_province,land,Mamoré–Beni Llanos Fens,local geography / sourced AD 1 parent frame / English,ancient-parent local-feature construction,GEO-PROXY;installed:in_game/map_data/location_templates.txt,medium,AD 1 local label within the researched parent frame.,false
location,moya,alarcon_province,land,Olcadian Southern Lands,local geography / sourced AD 1 parent frame / English,reviewed ancient identity or anti-anachronism reconstruction,GEO-PROXY;installed:in_game/map_data/location_templates.txt,medium,Reviewed AD 1 placement; modern or duplicate field label removed.,false
location,moyarta,clare_province,land,Gangani Shannon Estuary,local geography / sourced AD 1 parent frame / English,reviewed ancient identity or anti-anachronism reconstruction,GEO-PROXY;installed:in_game/map_data/location_templates.txt,medium,Reviewed AD 1 placement; modern or duplicate field label removed.,false
location,moycarn,tipperary_province,land,Ivernian Shannon-Suir Lands,local geography / sourced AD 1 parent frame / English,reviewed ancient identity or anti-anachronism reconstruction,GEO-PROXY;installed:in_game/map_data/location_templates.txt,medium,Reviewed AD 1 placement; modern or duplicate field label removed.,false
location,moyenga,mbunda_province,land,Cubango–Cuito Hills,local geography / sourced AD 1 parent frame / English,ancient-parent local-feature construction,GEO-PROXY;installed:in_game/map_data/location_templates.txt,medium,AD 1 local label within the researched parent frame.,false
location,moyobamba,cocamas_province,land,Maranon Eastern Foothills,local geography / sourced AD 1 parent frame / English,reviewed ancient identity or anti-anachronism reconstruction,GEO-PROXY;installed:in_game/map_data/location_templates.txt,medium,Reviewed AD 1 placement; modern or duplicate field label removed.,false
location,mozambique,mozambique_province,land,Azanian Angoche Coast,local geography / sourced AD 1 parent frame / English,reviewed ancient identity or anti-anachronism reconstruction,GEO-PROXY;installed:in_game/map_data/location_templates.txt,medium,Reviewed AD 1 placement; modern or duplicate field label removed.,false
location,mozambique_channel,indian_north_agulhas_province,sea,Azanian Channel,local geography / sourced AD 1 parent frame / English,reviewed ancient identity or anti-anachronism reconstruction,GEO-PROXY;installed:in_game/map_data/location_templates.txt,medium,Reviewed AD 1 placement; modern or duplicate field label removed.,false
location,mozambique_channel1,ruvuma_coast_sea_province,sea,Azanian-Menuthian Channel,local geography / sourced AD 1 parent frame / English,reviewed ancient identity or anti-anachronism reconstruction,GEO-PROXY;installed:in_game/map_data/location_templates.txt,medium,Reviewed AD 1 placement; modern or duplicate field label removed.,false
location,mozambique_channel10,iboina_coast_sea_province,sea,Azanian-Menuthian Strait,local geography / sourced AD 1 parent frame / English,reviewed ancient identity or anti-anachronism reconstruction,GEO-PROXY;installed:in_game/map_data/location_templates.txt,medium,Reviewed AD 1 placement; modern or duplicate field label removed.,false
location,mozambique_channel11,maroserana_coast_sea_province,sea,Azanian-Menuthian Passage,local geography / sourced AD 1 parent frame / English,reviewed ancient identity or anti-anachronism reconstruction,GEO-PROXY;installed:in_game/map_data/location_templates.txt,medium,Reviewed AD 1 placement; modern or duplicate field label removed.,false
location,mozambique_channel12,maroserana_coast_sea_province,sea,Azanian-Menuthian Narrows,local geography / sourced AD 1 parent frame / English,reviewed ancient identity or anti-anachronism reconstruction,GEO-PROXY;installed:in_game/map_data/location_templates.txt,medium,Reviewed AD 1 placement; modern or duplicate field label removed.,false
location,mozambique_channel13,mozambique_coast_sea_province,sea,Azanian-Menuthian Tideway,local geography / sourced AD 1 parent frame / English,reviewed ancient identity or anti-anachronism reconstruction,GEO-PROXY;installed:in_game/map_data/location_templates.txt,medium,Reviewed AD 1 placement; modern or duplicate field label removed.,false
location,mozambique_channel14,mozambique_coast_sea_province,sea,Azanian-Menuthian Sound,local geography / sourced AD 1 parent frame / English,reviewed ancient identity or anti-anachronism reconstruction,GEO-PROXY;installed:in_game/map_data/location_templates.txt,medium,Reviewed AD 1 placement; modern or duplicate field label removed.,false
location,mozambique_channel15,inhambane_coast_sea_province,sea,Azanian-Menuthian Windward,local geography / sourced AD 1 parent frame / English,reviewed ancient identity or anti-anachronism reconstruction,GEO-PROXY;installed:in_game/map_data/location_templates.txt,medium,Reviewed AD 1 placement; modern or duplicate field label removed.,false
location,mozambique_channel2,ruvuma_coast_sea_province,sea,Windward Azanian,local geography / sourced AD 1 parent frame / English,reviewed ancient identity or anti-anachronism reconstruction,GEO-PROXY;installed:in_game/map_data/location_templates.txt,medium,Reviewed AD 1 placement; modern or duplicate field label removed.,false
location,mozambique_channel3,iboina_coast_sea_province,sea,Azanian,local geography / sourced AD 1 parent frame / English,reviewed ancient identity or anti-anachronism reconstruction,GEO-PROXY;installed:in_game/map_data/location_templates.txt,medium,Reviewed AD 1 placement; modern or duplicate field label removed.,false
location,mozambique_channel4,ruvuma_coast_sea_province,sea,Azanian-Menuthian West Channel,local geography / sourced AD 1 parent frame / English,reviewed ancient identity or anti-anachronism reconstruction,GEO-PROXY;installed:in_game/map_data/location_templates.txt,medium,Reviewed AD 1 placement; modern or duplicate field label removed.,false
location,mozambique_channel5,mozambique_coast_sea_province,sea,Azanian-Menuthian North,local geography / sourced AD 1 parent frame / English,reviewed ancient identity or anti-anachronism reconstruction,GEO-PROXY;installed:in_game/map_data/location_templates.txt,medium,Reviewed AD 1 placement; modern or duplicate field label removed.,false
location,mozambique_channel6,mozambique_coast_sea_province,sea,Windward Narrows,local geography / sourced AD 1 parent frame / English,reviewed ancient identity or anti-anachronism reconstruction,GEO-PROXY;installed:in_game/map_data/location_templates.txt,medium,Reviewed AD 1 placement; modern or duplicate field label removed.,false
location,mozambique_channel7,mozambique_coast_sea_province,sea,Azanian-Menuthian East Channel,local geography / sourced AD 1 parent frame / English,reviewed ancient identity or anti-anachronism reconstruction,GEO-PROXY;installed:in_game/map_data/location_templates.txt,medium,Reviewed AD 1 placement; modern or duplicate field label removed.,false
location,mozambique_channel8,inhambane_coast_sea_province,sea,Azanian-Menuthian South,local geography / sourced AD 1 parent frame / English,reviewed ancient identity or anti-anachronism reconstruction,GEO-PROXY;installed:in_game/map_data/location_templates.txt,medium,Reviewed AD 1 placement; modern or duplicate field label removed.,false
location,mozambique_channel9,inhambane_coast_sea_province,sea,Windward Menuthian,local geography / sourced AD 1 parent frame / English,reviewed ancient identity or anti-anachronism reconstruction,GEO-PROXY;installed:in_game/map_data/location_templates.txt,medium,Reviewed AD 1 placement; modern or duplicate field label removed.,false
location,mozambique_island,ruvuma_coast_sea_province,sea,Azanian Menuthias-Passage,local geography / sourced AD 1 parent frame / English,reviewed ancient identity or anti-anachronism reconstruction,GEO-PROXY;installed:in_game/map_data/location_templates.txt,medium,Reviewed AD 1 placement; modern or duplicate field label removed.,false
location,mozhaysk,mozhaysk_province,land,Dyakovo Upper-Protva Lands,local geography / sourced AD 1 parent frame / English,reviewed ancient identity or anti-anachronism reconstruction,GEO-PROXY;installed:in_game/map_data/location_templates.txt,medium,Reviewed AD 1 placement; modern or duplicate field label removed.,false
location,mozhga,sarapul_province,land,Pyanobor Kama–Vyatka Lands,local geography / sourced AD 1 parent frame / English,reviewed ancient identity or anti-anachronism reconstruction,GEO-PROXY;installed:in_game/map_data/location_templates.txt,medium,Reviewed AD 1 placement; modern or duplicate field label removed.,false
location,mozhino,dorogobuzh_province,land,Dnieper–Dvina Upper Lands,local geography / sourced AD 1 parent frame / English,reviewed ancient identity or anti-anachronism reconstruction,GEO-PROXY;installed:in_game/map_data/location_templates.txt,medium,Reviewed AD 1 placement; modern or duplicate field label removed.,false
location,mpala,urua_province,land,Lualaba–Luapula Uplands,local geography / sourced AD 1 parent frame / English,ancient-parent local-feature construction,GEO-PROXY;installed:in_game/map_data/location_templates.txt,medium,AD 1 local label within the researched parent frame.,false
location,mpanda,chambeshi_province,land,Chambeshi–Luapula Uplands,local geography / sourced AD 1 parent frame / English,ancient-parent local-feature construction,GEO-PROXY;installed:in_game/map_data/location_templates.txt,medium,AD 1 local label within the researched parent frame.,false
location,mpondo,umngazi_province,land,Umngazi Herder Hills,local geography / sourced AD 1 parent frame / English,ancient-parent local-feature construction,GEO-PROXY;installed:in_game/map_data/location_templates.txt,medium,AD 1 local label within the researched parent frame.,false
location,mpongwe,moyen_ogoowe_province,land,Ogooué–Ivindo Forest,local geography / sourced AD 1 parent frame / English,ancient-parent local-feature construction,GEO-PROXY;installed:in_game/map_data/location_templates.txt,medium,AD 1 local label within the researched parent frame.,false
location,mpota,urua_province,land,Lualaba–Luapula Highlands,local geography / sourced AD 1 parent frame / English,ancient-parent local-feature construction,GEO-PROXY;installed:in_game/map_data/location_templates.txt,medium,AD 1 local label within the researched parent frame.,false
location,mpueto,urua_province,land,Lualaba–Luapula Ridges,local geography / sourced AD 1 parent frame / English,ancient-parent local-feature construction,GEO-PROXY;installed:in_game/map_data/location_templates.txt,medium,AD 1 local label within the researched parent frame.,false
location,mpwapwa,upper_wami_province,land,Wami Pastoral Hills,local geography / sourced AD 1 parent frame / English,ancient-parent local-feature construction,GEO-PROXY;installed:in_game/map_data/location_templates.txt,medium,AD 1 local label within the researched parent frame.,false
location,mrauk_u,northern_arakhan_province,land,Dhanyawadi Kaladan Coast,local geography / sourced AD 1 parent frame / English,reviewed ancient identity or anti-anachronism reconstruction,GEO-PROXY;installed:in_game/map_data/location_templates.txt,medium,Reviewed AD 1 placement; modern or duplicate field label removed.,false
location,mrirah,tamasna_province,land,Mauretanian Sala-Anfa Coast,local geography / sourced AD 1 parent frame / English,reviewed ancient identity or anti-anachronism reconstruction,GEO-PROXY;installed:in_game/map_data/location_templates.txt,medium,Reviewed AD 1 placement; modern or duplicate field label removed.,false
location,mrubicha,saipuru_province,land,Chané Pilcomayo–Tarija Lands,local geography / sourced AD 1 parent frame / English,ancient-parent local-feature construction,GEO-PROXY;installed:in_game/map_data/location_templates.txt,medium,AD 1 local label within the researched parent frame.,false
location,msassa,lualaba_province,land,Lualaba–Lubudi Iron Hills,local geography / sourced AD 1 parent frame / English,ancient-parent local-feature construction,GEO-PROXY;installed:in_game/map_data/location_templates.txt,medium,AD 1 local label within the researched parent frame.,false
location,msene,upper_igombe_province,land,Urewe Igombe–Malagarasi,local geography / sourced AD 1 parent frame / English,ancient-parent local-feature construction,GEO-PROXY;installed:in_game/map_data/location_templates.txt,medium,AD 1 local label within the researched parent frame.,false
location,mser,mser_province,land,Chari–Logone Iron Wetlands,local geography / sourced AD 1 parent frame / English,ancient-parent local-feature construction,GEO-PROXY;installed:in_game/map_data/location_templates.txt,medium,AD 1 local label within the researched parent frame.,false
location,msila,hodna_province,land,Numidian Eastern-Hodna Lands,local geography / sourced AD 1 parent frame / English,reviewed ancient identity or anti-anachronism reconstruction,GEO-PROXY;installed:in_game/map_data/location_templates.txt,medium,Reviewed AD 1 placement; modern or duplicate field label removed.,false
location,msinja,lower_malawi_province,land,Malawi–Kasungu Hills,local geography / sourced AD 1 parent frame / English,ancient-parent local-feature construction,GEO-PROXY;installed:in_game/map_data/location_templates.txt,medium,AD 1 local label within the researched parent frame.,false
location,msire,luangwa_province,land,Luangwa–Zambezi Hills,local geography / sourced AD 1 parent frame / English,ancient-parent local-feature construction,GEO-PROXY;installed:in_game/map_data/location_templates.txt,medium,AD 1 local label within the researched parent frame.,false
location,msire_zambia,chambeshi_province,land,Chambeshi–Luapula Hills,local geography / sourced AD 1 parent frame / English,ancient-parent local-feature construction,GEO-PROXY;installed:in_game/map_data/location_templates.txt,medium,AD 1 local label within the researched parent frame.,false
location,msiri,lunsemfwa_province,land,Lunsemfwa–Luangwa Uplands,local geography / sourced AD 1 parent frame / English,ancient-parent local-feature construction,GEO-PROXY;installed:in_game/map_data/location_templates.txt,medium,AD 1 local label within the researched parent frame.,false
location,msoro,lunsemfwa_province,land,Lunsemfwa–Luangwa Hills,local geography / sourced AD 1 parent frame / English,ancient-parent local-feature construction,GEO-PROXY;installed:in_game/map_data/location_templates.txt,medium,AD 1 local label within the researched parent frame.,false
location,mstow,czestochowa_province,land,Przeworsk Upper-Warta Hills,local geography / sourced AD 1 parent frame / English,reviewed ancient identity or anti-anachronism reconstruction,GEO-PROXY;installed:in_game/map_data/location_templates.txt,medium,Reviewed AD 1 placement; modern or duplicate field label removed.,false
location,mstsislaw,mstsislaw_province,land,East Sozh,local geography / sourced AD 1 parent frame / English,reviewed ancient identity or anti-anachronism reconstruction,GEO-PROXY;installed:in_game/map_data/location_templates.txt,medium,Reviewed AD 1 placement; modern or duplicate field label removed.,false
location,msus,jebel_akhdar_province,land,Kyrenaican Interior Highlands,local geography / sourced AD 1 parent frame / English,reviewed ancient identity or anti-anachronism reconstruction,GEO-PROXY;installed:in_game/map_data/location_templates.txt,medium,Reviewed AD 1 placement; modern or duplicate field label removed.,false
location,mtanye,mzingwane_province,land,Mzingwane–Limpopo Plain,local geography / sourced AD 1 parent frame / English,ancient-parent local-feature construction,GEO-PROXY;installed:in_game/map_data/location_templates.txt,medium,AD 1 local label within the researched parent frame.,false
location,mtetengwe,mzingwane_province,land,Mzingwane–Limpopo Vale,local geography / sourced AD 1 parent frame / English,ancient-parent local-feature construction,GEO-PROXY;installed:in_game/map_data/location_templates.txt,medium,AD 1 local label within the researched parent frame.,false
location,mthethwa,umgungundlovu_province,land,Early-Nguni Tugela Lands,local geography / sourced AD 1 parent frame / English,reviewed ancient identity or anti-anachronism reconstruction,GEO-PROXY;installed:in_game/map_data/location_templates.txt,medium,Reviewed AD 1 placement; modern or duplicate field label removed.,false
location,mti_pa,cadegomo_province,land,Pa Monqui Lands,local geography / sourced AD 1 parent frame / English,ancient-parent local-feature construction,GEO-PROXY;installed:in_game/map_data/location_templates.txt,medium,AD 1 local label within the researched parent frame.,false
location,mtoko,ruenya_province,land,Zambezi-Save Hunter Highlands,local geography / sourced AD 1 parent frame / English,reviewed ancient identity or anti-anachronism reconstruction,GEO-PROXY;installed:in_game/map_data/location_templates.txt,medium,Reviewed AD 1 placement; modern or duplicate field label removed.,false
