granularity,key,parent,kind,ad1_name,language,method,source,confidence,note,unchanged_verified
location,tungaru_high_sea_2,aranauka_sea_zones_province,sea,Southeastern Aranuka–Banaba Open Ocean,local historical geography / English,ancient-parent coordinate-terrain construction,GEO-PROXY;installed:in_game/map_data/location_templates.txt,medium,Distinct AD 1 parent-frame label keyed to installed coordinates and terrain.,false
location,tungaru_high_sea_3,aranauka_sea_zones_province,sea,Outer Northeastern Aranuka–Banaba Open Ocean,local historical geography / English,ancient-parent coordinate-terrain construction,GEO-PROXY;installed:in_game/map_data/location_templates.txt,medium,Distinct AD 1 parent-frame label keyed to installed coordinates and terrain.,false
location,tungaru_high_sea_4,aranauka_sea_zones_province,sea,Central Northeastern Aranuka–Banaba Open Ocean,local historical geography / English,ancient-parent coordinate-terrain construction,GEO-PROXY;installed:in_game/map_data/location_templates.txt,medium,Distinct AD 1 parent-frame label keyed to installed coordinates and terrain.,false
location,tungaru_high_sea_5,tungaru_sea_zones_province,sea,Central Northeastern Tarawa–Abemama Open Waters,local historical geography / English,ancient-parent coordinate-terrain construction,GEO-PROXY;installed:in_game/map_data/location_templates.txt,medium,Distinct AD 1 parent-frame label keyed to installed coordinates and terrain.,false
location,tungaru_high_sea_6,tungaru_sea_zones_province,sea,Outer Northeastern Tarawa–Abemama Open Waters,local historical geography / English,ancient-parent coordinate-terrain construction,GEO-PROXY;installed:in_game/map_data/location_templates.txt,medium,Distinct AD 1 parent-frame label keyed to installed coordinates and terrain.,false
location,tungaru_high_sea_7,tungaru_sea_zones_province,sea,Outer Northwestern Tarawa–Abemama Open Waters,local historical geography / English,ancient-parent coordinate-terrain construction,GEO-PROXY;installed:in_game/map_data/location_templates.txt,medium,Distinct AD 1 parent-frame label keyed to installed coordinates and terrain.,false
location,tungaru_high_sea_8,tungaru_sea_zones_province,sea,Central Northwestern Tarawa–Abemama Open Waters,local historical geography / English,ancient-parent coordinate-terrain construction,GEO-PROXY;installed:in_game/map_data/location_templates.txt,medium,Distinct AD 1 parent-frame label keyed to installed coordinates and terrain.,false
location,tungaru_high_sea_9,tungaru_sea_zones_province,sea,Western Tarawa–Abemama Open Waters,local historical geography / English,ancient-parent coordinate-terrain construction,GEO-PROXY;installed:in_game/map_data/location_templates.txt,medium,Distinct AD 1 parent-frame label keyed to installed coordinates and terrain.,false
location,tungi,lower_ruvuma_province,land,Southeastern Southern-Azanian Ruvuma Woodlands,local historical geography / English,ancient-parent coordinate-terrain construction,GEO-PROXY;installed:in_game/map_data/location_templates.txt,medium,Distinct AD 1 parent-frame label keyed to installed coordinates and terrain.,false
location,tungkal,lower_jambi_province,land,Northwestern Batang-Hari–Jambi Marshlands,local historical geography / English,ancient-parent coordinate-terrain construction,GEO-PROXY;installed:in_game/map_data/location_templates.txt,medium,Distinct AD 1 parent-frame label keyed to installed coordinates and terrain.,false
location,tunguska_trail1,uchami_province,land,Northwestern Kulay Lower Evenki Uplands,local historical geography / English,ancient-parent coordinate-terrain construction,GEO-PROXY;installed:in_game/map_data/location_templates.txt,medium,Distinct AD 1 parent-frame label keyed to installed coordinates and terrain.,false
location,tunguska_trail2,uchami_province,land,Northwestern Kulay Lower Evenki Hills,local historical geography / English,ancient-parent coordinate-terrain construction,GEO-PROXY;installed:in_game/map_data/location_templates.txt,medium,Distinct AD 1 parent-frame label keyed to installed coordinates and terrain.,false
location,tunguska_trail3,uchami_province,land,Northwestern Kulay Lower Evenki Woodland District,local historical geography / English,ancient-parent coordinate-terrain construction,GEO-PROXY;installed:in_game/map_data/location_templates.txt,medium,Distinct AD 1 parent-frame label keyed to installed coordinates and terrain.,false
location,tunguska_trail4,uchami_province,land,Northern Kulay Lower Evenki Hills,local historical geography / English,ancient-parent coordinate-terrain construction,GEO-PROXY;installed:in_game/map_data/location_templates.txt,medium,Distinct AD 1 parent-frame label keyed to installed coordinates and terrain.,false
location,tunguska_trail5,xamaxar_province,land,Far Northwestern Ilimpeya Taiga Hills,local historical geography / English,ancient-parent coordinate-terrain construction,GEO-PROXY;installed:in_game/map_data/location_templates.txt,medium,Distinct AD 1 parent-frame label keyed to installed coordinates and terrain.,false
location,tunguska_trail6,xamaxar_province,land,Western Lower Ilimpeya Taiga Woodlands,local historical geography / English,ancient-parent coordinate-terrain construction,GEO-PROXY;installed:in_game/map_data/location_templates.txt,medium,Distinct AD 1 parent-frame label keyed to installed coordinates and terrain.,false
location,tuni,kalingandhra,land,Southern Kalinga–Andhra Eastern Ghats Hills,local historical geography / English,ancient-parent coordinate-terrain construction,GEO-PROXY;installed:in_game/map_data/location_templates.txt,medium,Distinct AD 1 parent-frame label keyed to installed coordinates and terrain.,false
location,tunica,catahoula_province,land,Northeastern Marksville–Tensas Marshlands,local historical geography / English,ancient-parent coordinate-terrain construction,GEO-PROXY;installed:in_game/map_data/location_templates.txt,medium,Distinct AD 1 parent-frame label keyed to installed coordinates and terrain.,false
location,tunis,tunis_province,land,Carthago,attested ancient toponym,project-vetted ancient identity,https://pleiades.stoa.org/places/314921;GEO-PROXY;installed:in_game/map_data/location_templates.txt,high,Direct or project-vetted AD 1 identity supersedes the later installed field name.,false
location,tunkuo,inner_white_karelia_province,land,Southeastern White Kuito Marshlands,local historical geography / English,ancient-parent coordinate-terrain construction,GEO-PROXY;installed:in_game/map_data/location_templates.txt,medium,Distinct AD 1 parent-frame label keyed to installed coordinates and terrain.,false
location,tunliu,luan_province,land,Western Shangdang Commandery Highlands High District,local historical geography / English,ancient-parent coordinate-terrain construction,GEO-PROXY;installed:in_game/map_data/location_templates.txt,medium,Distinct AD 1 parent-frame label keyed to installed coordinates and terrain.,false
location,tununaq,kaialigamiut_province,land,Southwestern Nunivak–Kuskokwim Coastal Marshlands,local historical geography / English,ancient-parent coordinate-terrain construction,GEO-PROXY;installed:in_game/map_data/location_templates.txt,medium,Distinct AD 1 parent-frame label keyed to installed coordinates and terrain.,false
location,tunupegosode,ayoreo_province,land,Northwestern Northern Chaco Woodlands,local historical geography / English,ancient-parent coordinate-terrain construction,GEO-PROXY;installed:in_game/map_data/location_templates.txt,medium,Distinct AD 1 parent-frame label keyed to installed coordinates and terrain.,false
location,tunxi,huizhou_province,land,Northeastern Danyang Southern Woodlands,local historical geography / English,ancient-parent coordinate-terrain construction,GEO-PROXY;installed:in_game/map_data/location_templates.txt,medium,Distinct AD 1 parent-frame label keyed to installed coordinates and terrain.,false
location,tuobuya,marxa_province,land,Northern Middle Lena–Aldan Taiga Woodlands,local historical geography / English,ancient-parent coordinate-terrain construction,GEO-PROXY;installed:in_game/map_data/location_templates.txt,medium,Distinct AD 1 parent-frame label keyed to installed coordinates and terrain.,false
location,tuol_ta_mouk,prey_nokor_province,land,Northeastern Mekong–Bassac Delta Woodlands,local historical geography / English,ancient-parent coordinate-terrain construction,GEO-PROXY;installed:in_game/map_data/location_templates.txt,medium,Distinct AD 1 parent-frame label keyed to installed coordinates and terrain.,false
location,tuolba,upper_lena_province,land,Central Western Lena–Olekma Hunting Hills,local historical geography / English,ancient-parent coordinate-terrain construction,GEO-PROXY;installed:in_game/map_data/location_templates.txt,medium,Distinct AD 1 parent-frame label keyed to installed coordinates and terrain.,false
location,tuolomne,miwok_province,land,Southeastern Mokelumne–Tuolumne Sierra Highlands,local historical geography / English,ancient-parent coordinate-terrain construction,GEO-PROXY;installed:in_game/map_data/location_templates.txt,medium,Distinct AD 1 parent-frame label keyed to installed coordinates and terrain.,false
location,tuorbchany,upper_lena_province,land,Middle Western Lena–Olekma Hunting Hills,local historical geography / English,ancient-parent coordinate-terrain construction,GEO-PROXY;installed:in_game/map_data/location_templates.txt,medium,Distinct AD 1 parent-frame label keyed to installed coordinates and terrain.,false
location,tuoydakh,tuyodakh_province,land,Central Southeastern Proto-Yukaghir Vilyuy–Lena Lowlands,local historical geography / English,ancient-parent coordinate-terrain construction,GEO-PROXY;installed:in_game/map_data/location_templates.txt,medium,Distinct AD 1 parent-frame label keyed to installed coordinates and terrain.,false
location,tupancireta,icabaqua_province,land,Northwestern Jacuí–Vacacaí Pampas Plains,local historical geography / English,ancient-parent coordinate-terrain construction,GEO-PROXY;installed:in_game/map_data/location_templates.txt,medium,Distinct AD 1 parent-frame label keyed to installed coordinates and terrain.,false
location,tupialuviniq,tursujuq_province,land,Western Dorset Nastapoka–Tasiujarjuaq Open Plains,local historical geography / English,ancient-parent coordinate-terrain construction,GEO-PROXY;installed:in_game/map_data/location_templates.txt,medium,Distinct AD 1 parent-frame label keyed to installed coordinates and terrain.,false
location,tupik,yuktali_province,land,Southwestern Proto-Tungusic Zeya–Olekma Hills,local historical geography / English,ancient-parent coordinate-terrain construction,GEO-PROXY;installed:in_game/map_data/location_templates.txt,medium,Distinct AD 1 parent-frame label keyed to installed coordinates and terrain.,false
location,tupinamba,pindare_province,land,Northwestern Pindaré–Gurupi Marshlands,local historical geography / English,ancient-parent coordinate-terrain construction,GEO-PROXY;installed:in_game/map_data/location_templates.txt,medium,Distinct AD 1 parent-frame label keyed to installed coordinates and terrain.,false
location,tupinambarana,amazon_province,land,Middle Southern Açutuba Middle Great-River Marshlands,local historical geography / English,ancient-parent coordinate-terrain construction,GEO-PROXY;installed:in_game/map_data/location_templates.txt,medium,Distinct AD 1 parent-frame label keyed to installed coordinates and terrain.,false
location,tupiniquim,itapicuru_province,land,Southeastern Itapicuru–São Francisco Caatinga Hills,local historical geography / English,ancient-parent coordinate-terrain construction,GEO-PROXY;installed:in_game/map_data/location_templates.txt,medium,Distinct AD 1 parent-frame label keyed to installed coordinates and terrain.,false
location,tupirama,araguaia_province,land,Northeastern Araguaia–Bananal River Woodlands,local historical geography / English,ancient-parent coordinate-terrain construction,GEO-PROXY;installed:in_game/map_data/location_templates.txt,medium,Distinct AD 1 parent-frame label keyed to installed coordinates and terrain.,false
location,tupirvialuit,mushuau_province,land,Northwestern Ungava–Torngat Tundra Hills,local historical geography / English,ancient-parent coordinate-terrain construction,GEO-PROXY;installed:in_game/map_data/location_templates.txt,medium,Distinct AD 1 parent-frame label keyed to installed coordinates and terrain.,false
location,tupiza,charka_province,land,Southern Pukara–Charka Highlands,local historical geography / English,ancient-parent coordinate-terrain construction,GEO-PROXY;installed:in_game/map_data/location_templates.txt,medium,Distinct AD 1 parent-frame label keyed to installed coordinates and terrain.,false
location,tupran,warangal_province,land,Southwestern Godavari–Musi Andhra Plains,local historical geography / English,ancient-parent coordinate-terrain construction,GEO-PROXY;installed:in_game/map_data/location_templates.txt,medium,Distinct AD 1 parent-frame label keyed to installed coordinates and terrain.,false
location,tupuai_high_sea_1,tuhaa_pae_coastal_sea_zones_province,sea,Northwestern Rapa–Tubuai Outer Open Waters,local historical geography / English,ancient-parent coordinate-terrain construction,GEO-PROXY;installed:in_game/map_data/location_templates.txt,medium,Distinct AD 1 parent-frame label keyed to installed coordinates and terrain.,false
location,tupuai_high_sea_10,tuhaa_pae_coastal_sea_zones_province,sea,Central Southwestern Rapa–Tubuai Open Waters,local historical geography / English,ancient-parent coordinate-terrain construction,GEO-PROXY;installed:in_game/map_data/location_templates.txt,medium,Distinct AD 1 parent-frame label keyed to installed coordinates and terrain.,false
location,tupuai_high_sea_11,tuhaa_pae_coastal_sea_zones_province,sea,Outer Southwestern Rapa–Tubuai Open Waters,local historical geography / English,ancient-parent coordinate-terrain construction,GEO-PROXY;installed:in_game/map_data/location_templates.txt,medium,Distinct AD 1 parent-frame label keyed to installed coordinates and terrain.,false
location,tupuai_high_sea_2,tuhaa_pae_coastal_sea_zones_province,sea,Rapa–Tubuai Outer Central Open Waters,local historical geography / English,ancient-parent coordinate-terrain construction,GEO-PROXY;installed:in_game/map_data/location_templates.txt,medium,Distinct AD 1 parent-frame label keyed to installed coordinates and terrain.,false
location,tupuai_high_sea_3,tuhaa_pae_coastal_sea_zones_province,sea,Eastern Rapa–Tubuai Outer Open Waters,local historical geography / English,ancient-parent coordinate-terrain construction,GEO-PROXY;installed:in_game/map_data/location_templates.txt,medium,Distinct AD 1 parent-frame label keyed to installed coordinates and terrain.,false
location,tupuai_high_sea_4,tuhaa_pae_coastal_sea_zones_province,sea,Eastern Rapa–Tubuai Outer Waters,local historical geography / English,ancient-parent coordinate-terrain construction,GEO-PROXY;installed:in_game/map_data/location_templates.txt,medium,Distinct AD 1 parent-frame label keyed to installed coordinates and terrain.,false
location,tupuai_high_sea_5,tuhaa_pae_coastal_sea_zones_province,sea,Southeastern Rapa–Tubuai Outer Middle Waters,local historical geography / English,ancient-parent coordinate-terrain construction,GEO-PROXY;installed:in_game/map_data/location_templates.txt,medium,Distinct AD 1 parent-frame label keyed to installed coordinates and terrain.,false
location,tupuai_high_sea_6,tuhaa_pae_coastal_sea_zones_province,sea,Medial Southeastern Rapa–Tubuai Outer Open Waters,local historical geography / English,ancient-parent coordinate-terrain construction,GEO-PROXY;installed:in_game/map_data/location_templates.txt,medium,Distinct AD 1 parent-frame label keyed to installed coordinates and terrain.,false
location,tupuai_high_sea_7,tuhaa_pae_coastal_sea_zones_province,sea,Central Southeastern Rapa–Tubuai Open Waters,local historical geography / English,ancient-parent coordinate-terrain construction,GEO-PROXY;installed:in_game/map_data/location_templates.txt,medium,Distinct AD 1 parent-frame label keyed to installed coordinates and terrain.,false
location,tupuai_high_sea_8,tuhaa_pae_coastal_sea_zones_province,sea,Southeastern Rapa–Tubuai Outer Waters,local historical geography / English,ancient-parent coordinate-terrain construction,GEO-PROXY;installed:in_game/map_data/location_templates.txt,medium,Distinct AD 1 parent-frame label keyed to installed coordinates and terrain.,false
location,tupuai_high_sea_9,tuhaa_pae_coastal_sea_zones_province,sea,Heartland Southeastern Rapa–Tubuai Outer Open Waters,local historical geography / English,ancient-parent coordinate-terrain construction,GEO-PROXY;installed:in_game/map_data/location_templates.txt,medium,Distinct AD 1 parent-frame label keyed to installed coordinates and terrain.,false
location,tupuchikan,ichera_province,land,Central Northeastern Vitim–Olyokma Taiga Woodlands,local historical geography / English,ancient-parent coordinate-terrain construction,GEO-PROXY;installed:in_game/map_data/location_templates.txt,medium,Distinct AD 1 parent-frame label keyed to installed coordinates and terrain.,false
location,tupulicus,lower_tapajos_province,land,Outer Northern Tapajós–Xingu Açutuba Marshlands,local historical geography / English,ancient-parent coordinate-terrain construction,GEO-PROXY;installed:in_game/map_data/location_templates.txt,medium,Distinct AD 1 parent-frame label keyed to installed coordinates and terrain.,false
location,tura,ingoda_province,land,Southwestern Ingoda–Shilka Tungusic Hills,local historical geography / English,ancient-parent coordinate-terrain construction,GEO-PROXY;installed:in_game/map_data/location_templates.txt,medium,Distinct AD 1 parent-frame label keyed to installed coordinates and terrain.,false
location,turah,south_selish_province,land,Northeastern Pithouse Bitterroot–Clark Highlands,local historical geography / English,ancient-parent coordinate-terrain construction,GEO-PROXY;installed:in_game/map_data/location_templates.txt,medium,Distinct AD 1 parent-frame label keyed to installed coordinates and terrain.,false
location,turama,baykit_province,land,Northwestern Stony Tunguska Taiga Uplands,local historical geography / English,ancient-parent coordinate-terrain construction,GEO-PROXY;installed:in_game/map_data/location_templates.txt,medium,Distinct AD 1 parent-frame label keyed to installed coordinates and terrain.,false
location,turanganui_bay,rekohu_sea_zones_province,sea,Outer Northwestern Rēkohu–Aotearoa Bight,local historical geography / English,ancient-parent coordinate-terrain construction,GEO-PROXY;installed:in_game/map_data/location_templates.txt,medium,Distinct AD 1 parent-frame label keyed to installed coordinates and terrain.,false
location,turas,amazon_province,land,Far Southwestern Açutuba Middle Great-River Lowlands,local historical geography / English,ancient-parent coordinate-terrain construction,GEO-PROXY;installed:in_game/map_data/location_templates.txt,medium,Distinct AD 1 parent-frame label keyed to installed coordinates and terrain.,false
location,turaythith,turaythith_province,land,Northern Parthian Quhistan of Toun–Kashmar Uplands,local historical geography / English,ancient-parent coordinate-terrain construction,GEO-PROXY;installed:in_game/map_data/location_templates.txt,medium,Distinct AD 1 parent-frame label keyed to installed coordinates and terrain.,false
location,turbah,turbah_province,land,Northeastern Kinda Wajj Oases Uplands,local historical geography / English,ancient-parent coordinate-terrain construction,GEO-PROXY;installed:in_game/map_data/location_templates.txt,medium,Distinct AD 1 parent-frame label keyed to installed coordinates and terrain.,false
location,turbat,gwadar_province,land,Southeastern Gedrosian Ora–Makran Dry Plains,local historical geography / English,ancient-parent coordinate-terrain construction,GEO-PROXY;installed:in_game/map_data/location_templates.txt,medium,Distinct AD 1 parent-frame label keyed to installed coordinates and terrain.,false
location,turciansky_svaty_martin,trencsen_province,land,Southwestern Cotini of Váh–Tatra Hills,local historical geography / English,ancient-parent coordinate-terrain construction,GEO-PROXY;installed:in_game/map_data/location_templates.txt,medium,Distinct AD 1 parent-frame label keyed to installed coordinates and terrain.,false
location,turda,torda_province,land,Brucla,attested ancient toponym,project-vetted ancient identity,https://pleiades.stoa.org/places/206988;GEO-PROXY;installed:in_game/map_data/location_templates.txt,medium,Direct or project-vetted AD 1 identity supersedes the later installed field name.,false
location,turek,sieradz_province,land,Northwestern Przeworsk Warta–Prosna Plains,local historical geography / English,ancient-parent coordinate-terrain construction,GEO-PROXY;installed:in_game/map_data/location_templates.txt,medium,Distinct AD 1 parent-frame label keyed to installed coordinates and terrain.,false
location,turenne,turenne_province,land,Southwestern Lemovices of Tutela–Dordonia Hills,local historical geography / English,ancient-parent coordinate-terrain construction,GEO-PROXY;installed:in_game/map_data/location_templates.txt,medium,Distinct AD 1 parent-frame label keyed to installed coordinates and terrain.,false
location,turere_lake,amazon_province,lake,Southeastern Açutuba Middle Great-River Valleys Lake,local historical geography / English,ancient-parent coordinate-terrain construction,GEO-PROXY;installed:in_game/map_data/location_templates.txt,medium,Distinct AD 1 parent-frame label keyed to installed coordinates and terrain.,false
location,turets,novogrudok_province,land,Northeastern Zarubintsy Neman–Pripyat Woodlands,local historical geography / English,ancient-parent coordinate-terrain construction,GEO-PROXY;installed:in_game/map_data/location_templates.txt,medium,Distinct AD 1 parent-frame label keyed to installed coordinates and terrain.,false
location,turgay,turgay_province,land,Southwestern Saka Turgai–Irgiz Steppe Plains,local historical geography / English,ancient-parent coordinate-terrain construction,GEO-PROXY;installed:in_game/map_data/location_templates.txt,medium,Distinct AD 1 parent-frame label keyed to installed coordinates and terrain.,false
location,turgut,konya_province,land,Northwestern Lycaonia of Iconium Uplands,local historical geography / English,ancient-parent coordinate-terrain construction,GEO-PROXY;installed:in_game/map_data/location_templates.txt,medium,Distinct AD 1 parent-frame label keyed to installed coordinates and terrain.,false
location,turiacu_bay,mearim_coastal_sea_zones_province,sea,Southwestern Upaon-Açu–Parnaíba Estuarine Bight,local historical geography / English,ancient-parent coordinate-terrain construction,GEO-PROXY;installed:in_game/map_data/location_templates.txt,medium,Distinct AD 1 parent-frame label keyed to installed coordinates and terrain.,false
location,turiisk,volodymyr_province,land,Southwestern Zarubintsy Western Bug Woodlands,local historical geography / English,ancient-parent coordinate-terrain construction,GEO-PROXY;installed:in_game/map_data/location_templates.txt,medium,Distinct AD 1 parent-frame label keyed to installed coordinates and terrain.,false
location,turili,south_sahtu_province,land,Northeastern Taltheilei Sahtu Interior Woodlands,local historical geography / English,ancient-parent coordinate-terrain construction,GEO-PROXY;installed:in_game/map_data/location_templates.txt,medium,Distinct AD 1 parent-frame label keyed to installed coordinates and terrain.,false
location,turili_uplands,south_sahtu_province,land,Southeastern Taltheilei Sahtu Interior Lands Interior,local historical geography / English,ancient-parent coordinate-terrain construction,GEO-PROXY;installed:in_game/map_data/location_templates.txt,medium,Distinct AD 1 parent-frame label keyed to installed coordinates and terrain.,false
location,turin,torino_province,land,Augusta Taurinorum,attested ancient toponym,project-vetted ancient identity,https://pleiades.stoa.org/places/383580;GEO-PROXY;installed:in_game/map_data/location_templates.txt,high,Direct or project-vetted AD 1 identity supersedes the later installed field name.,false
location,turinsk,turinsk_province,land,Northeastern Gorokhovo Tura–Iset Woodlands,local historical geography / English,ancient-parent coordinate-terrain construction,GEO-PROXY;installed:in_game/map_data/location_templates.txt,medium,Distinct AD 1 parent-frame label keyed to installed coordinates and terrain.,false
location,turka,drohobych_province,land,Southwestern Upper Dniester Lipița Uplands,local historical geography / English,ancient-parent coordinate-terrain construction,GEO-PROXY;installed:in_game/map_data/location_templates.txt,medium,Distinct AD 1 parent-frame label keyed to installed coordinates and terrain.,false
location,turkestan,turkestan_province,land,Kangju Middle-Iaxartes–Karatau Central Plains,local historical geography / English,ancient-parent coordinate-terrain construction,GEO-PROXY;installed:in_game/map_data/location_templates.txt,medium,Distinct AD 1 parent-frame label keyed to installed coordinates and terrain.,false
location,turki,atkarsk_province,land,Northwestern Khopyor–Medveditsa Steppe Plains,local historical geography / English,ancient-parent coordinate-terrain construction,GEO-PROXY;installed:in_game/map_data/location_templates.txt,medium,Distinct AD 1 parent-frame label keyed to installed coordinates and terrain.,false
location,turkmenevo,chishmy_province,land,Northwestern Kara-Abyz Belaya Plains,local historical geography / English,ancient-parent coordinate-terrain construction,GEO-PROXY;installed:in_game/map_data/location_templates.txt,medium,Distinct AD 1 parent-frame label keyed to installed coordinates and terrain.,false
location,turks_islands_passage,south_bahamas_coast_sea_province,sea,Middle Southern Oceanic Southern-Lucayan Bight,local historical geography / English,ancient-parent coordinate-terrain construction,GEO-PROXY;installed:in_game/map_data/location_templates.txt,medium,Distinct AD 1 parent-frame label keyed to installed coordinates and terrain.,false
location,turna,szepes_province,land,Southwestern Hornád–Poprad Cotini March Hills,local historical geography / English,ancient-parent coordinate-terrain construction,GEO-PROXY;installed:in_game/map_data/location_templates.txt,medium,Distinct AD 1 parent-frame label keyed to installed coordinates and terrain.,false
location,turnagain_cape,rekohu_sea_zones_province,sea,Central Northwestern Rēkohu–Aotearoa Bight,local historical geography / English,ancient-parent coordinate-terrain construction,GEO-PROXY;installed:in_game/map_data/location_templates.txt,medium,Distinct AD 1 parent-frame label keyed to installed coordinates and terrain.,false
location,turneffe_atoll,yucatan_coast_province,sea,Outer Southwestern Chactemal–Cozumel Maya Bight,local historical geography / English,ancient-parent coordinate-terrain construction,GEO-PROXY;installed:in_game/map_data/location_templates.txt,medium,Distinct AD 1 parent-frame label keyed to installed coordinates and terrain.,false
location,turnhout,antwerp_province,land,Southeastern Menapii–Nervii Scheldt Plains,local historical geography / English,ancient-parent coordinate-terrain construction,GEO-PROXY;installed:in_game/map_data/location_templates.txt,medium,Distinct AD 1 parent-frame label keyed to installed coordinates and terrain.,false
location,turnov,boleslavsko_province,land,Northeastern Boii–Marcomanni Upper Elbe Hills,local historical geography / English,ancient-parent coordinate-terrain construction,GEO-PROXY;installed:in_game/map_data/location_templates.txt,medium,Distinct AD 1 parent-frame label keyed to installed coordinates and terrain.,false
location,turnu_magurele,west_muntenia_province,land,Oescus of Argedava–Olt Getic Plain,attested ancient toponym,project-vetted ancient identity,https://pleiades.stoa.org/places/216907;GEO-PROXY;installed:in_game/map_data/location_templates.txt,medium,Direct or project-vetted AD 1 identity supersedes the later installed field name.,false
location,turov,turov_province,land,Northeastern Zarubintsy Pripyat–Styr Marshlands,local historical geography / English,ancient-parent coordinate-terrain construction,GEO-PROXY;installed:in_game/map_data/location_templates.txt,medium,Distinct AD 1 parent-frame label keyed to installed coordinates and terrain.,false
location,turpan,turpan_province,land,Jushi Turpan,attested ancient toponym,project-vetted ancient identity,IRAN-CT;GEO-PROXY;installed:in_game/map_data/location_templates.txt,high,Direct or project-vetted AD 1 identity supersedes the later installed field name.,false
location,turrbal,turrbal_province,land,Northeastern Bundjalung River Woodlands,local historical geography / English,ancient-parent coordinate-terrain construction,GEO-PROXY;installed:in_game/map_data/location_templates.txt,medium,Distinct AD 1 parent-frame label keyed to installed coordinates and terrain.,false
location,tursunskiy_tuman,konda_province,lake,Northwestern Konda–Ob Ust-Poluy Lake,local historical geography / English,ancient-parent coordinate-terrain construction,GEO-PROXY;installed:in_game/map_data/location_templates.txt,medium,Distinct AD 1 parent-frame label keyed to installed coordinates and terrain.,false
location,tursunt,qashliq_province,lake,Northwestern Lower Irtysh–Konda Taiga Lake,local historical geography / English,ancient-parent coordinate-terrain construction,GEO-PROXY;installed:in_game/map_data/location_templates.txt,medium,Distinct AD 1 parent-frame label keyed to installed coordinates and terrain.,false
location,turtas,qashliq_province,land,Northeastern Lower Irtysh–Konda Taiga Marshlands,local historical geography / English,ancient-parent coordinate-terrain construction,GEO-PROXY;installed:in_game/map_data/location_templates.txt,medium,Distinct AD 1 parent-frame label keyed to installed coordinates and terrain.,false
location,turu,xamaxar_province,land,Far Western Tunguska–Ilimpeya Taiga Hills,local historical geography / English,ancient-parent coordinate-terrain construction,GEO-PROXY;installed:in_game/map_data/location_templates.txt,medium,Distinct AD 1 parent-frame label keyed to installed coordinates and terrain.,false
location,turuepano,karu_pana_province,land,Eastern Cumaná–Paria Saladoid Marshlands,local historical geography / English,ancient-parent coordinate-terrain construction,GEO-PROXY;installed:in_game/map_data/location_templates.txt,medium,Distinct AD 1 parent-frame label keyed to installed coordinates and terrain.,false
location,turukhansk,dudinka_province,land,Eastern Yenisei–Khantayka Tundra Marshlands,local historical geography / English,ancient-parent coordinate-terrain construction,GEO-PROXY;installed:in_game/map_data/location_templates.txt,medium,Distinct AD 1 parent-frame label keyed to installed coordinates and terrain.,false
location,turunku,zazzau_province,land,Southwestern Late-Nok Kaduna–Gurara Uplands,local historical geography / English,ancient-parent coordinate-terrain construction,GEO-PROXY;installed:in_game/map_data/location_templates.txt,medium,Distinct AD 1 parent-frame label keyed to installed coordinates and terrain.,false
location,turuum,tes_province,land,Southwestern Uvs–Tes Altai Pastures Uplands,local historical geography / English,ancient-parent coordinate-terrain construction,GEO-PROXY;installed:in_game/map_data/location_templates.txt,medium,Distinct AD 1 parent-frame label keyed to installed coordinates and terrain.,false
location,turyinskiye_rudniki,kushva_province,land,Northwestern Trans-Ural Ironworking Hills,local historical geography / English,ancient-parent coordinate-terrain construction,GEO-PROXY;installed:in_game/map_data/location_templates.txt,medium,Distinct AD 1 parent-frame label keyed to installed coordinates and terrain.,false
location,tus,mashhad_province,land,Tusa,attested ancient toponym,project-vetted ancient identity,https://pleiades.stoa.org/places/952108;GEO-PROXY;installed:in_game/map_data/location_templates.txt,medium,Direct or project-vetted AD 1 identity supersedes the later installed field name.,false
location,tuscarawas,cuyahoga_province,land,Southwestern Cuyahoga Hopewell Woodlands,local historical geography / English,ancient-parent coordinate-terrain construction,GEO-PROXY;installed:in_game/map_data/location_templates.txt,medium,Distinct AD 1 parent-frame label keyed to installed coordinates and terrain.,false
location,tuscarora_coast,tuvalu_coastal_sea_zones_province,sea,Southeastern Funafuti–Nanumea Bight,local historical geography / English,ancient-parent coordinate-terrain construction,GEO-PROXY;installed:in_game/map_data/location_templates.txt,medium,Distinct AD 1 parent-frame label keyed to installed coordinates and terrain.,false
location,tussahaw,coweta_province,land,Northeastern Chattahoochee–Ocmulgee Lowlands,local historical geography / English,ancient-parent coordinate-terrain construction,GEO-PROXY;installed:in_game/map_data/location_templates.txt,medium,Distinct AD 1 parent-frame label keyed to installed coordinates and terrain.,false
location,tuszyn,sieradz_province,land,Northeastern Przeworsk Warta–Prosna Woodlands,local historical geography / English,ancient-parent coordinate-terrain construction,GEO-PROXY;installed:in_game/map_data/location_templates.txt,medium,Distinct AD 1 parent-frame label keyed to installed coordinates and terrain.,false
location,tutak,malazgirt_province,land,Southeastern Upper Arsanias Armenia Uplands,local historical geography / English,ancient-parent coordinate-terrain construction,GEO-PROXY;installed:in_game/map_data/location_templates.txt,medium,Distinct AD 1 parent-frame label keyed to installed coordinates and terrain.,false
location,tutelo,tutelo_province,land,Western Siouan Kanawha–Roanoke Hills,local historical geography / English,ancient-parent coordinate-terrain construction,GEO-PROXY;installed:in_game/map_data/location_templates.txt,medium,Distinct AD 1 parent-frame label keyed to installed coordinates and terrain.,false
location,tutilcoya,utiangue_province,land,Northern Fourche Maline Arkansas–Ouachita Woodlands,local historical geography / English,ancient-parent coordinate-terrain construction,GEO-PROXY;installed:in_game/map_data/location_templates.txt,medium,Distinct AD 1 parent-frame label keyed to installed coordinates and terrain.,false
location,tutilpinco,anilco_province,land,Northern Lower Arkansas Marksville Woodlands,local historical geography / English,ancient-parent coordinate-terrain construction,GEO-PROXY;installed:in_game/map_data/location_templates.txt,medium,Distinct AD 1 parent-frame label keyed to installed coordinates and terrain.,false
location,tutonchany,uchami_province,land,Southwestern Kulay Lower-Tunguska–Evenki Woodlands,local historical geography / English,ancient-parent coordinate-terrain construction,GEO-PROXY;installed:in_game/map_data/location_templates.txt,medium,Distinct AD 1 parent-frame label keyed to installed coordinates and terrain.,false
location,tutong,baram_province,land,Northeastern Niah–Baram Valleys Marshlands,local historical geography / English,ancient-parent coordinate-terrain construction,GEO-PROXY;installed:in_game/map_data/location_templates.txt,medium,Distinct AD 1 parent-frame label keyed to installed coordinates and terrain.,false
location,tutotepec,tetzapotitlan_province,land,Southeastern Huastec–Otomí Sierra Frontier Hills,local historical geography / English,ancient-parent coordinate-terrain construction,GEO-PROXY;installed:in_game/map_data/location_templates.txt,medium,Distinct AD 1 parent-frame label keyed to installed coordinates and terrain.,false
location,tutova,iasi_province,land,Southwestern Bastarnae–Costoboci Prut Woodlands,local historical geography / English,ancient-parent coordinate-terrain construction,GEO-PROXY;installed:in_game/map_data/location_templates.txt,medium,Distinct AD 1 parent-frame label keyed to installed coordinates and terrain.,false
location,tutrakan,south_dobruja_province,land,Western Callatis–Durostorum Moesia Woodlands,local historical geography / English,ancient-parent coordinate-terrain construction,GEO-PROXY;installed:in_game/map_data/location_templates.txt,medium,Distinct AD 1 parent-frame label keyed to installed coordinates and terrain.,false
location,tutuala,timor_province,land,Northeastern Timor–Roti Hills,local historical geography / English,ancient-parent coordinate-terrain construction,GEO-PROXY;installed:in_game/map_data/location_templates.txt,medium,Distinct AD 1 parent-frame label keyed to installed coordinates and terrain.,false
location,tutuila,tutuila_province,land,Western Sāmoan Manuʻa Woodlands,local historical geography / English,ancient-parent coordinate-terrain construction,GEO-PROXY;installed:in_game/map_data/location_templates.txt,medium,Distinct AD 1 parent-frame label keyed to installed coordinates and terrain.,false
location,tututepec,tututepec_province,land,Western Chatino–Mixtec Juquila Hills,local historical geography / English,ancient-parent coordinate-terrain construction,GEO-PROXY;installed:in_game/map_data/location_templates.txt,medium,Distinct AD 1 parent-frame label keyed to installed coordinates and terrain.,false
location,tututni,yuru_kyara_province,land,Northwestern Rogue–Klamath Coastal Hills,local historical geography / English,ancient-parent coordinate-terrain construction,GEO-PROXY;installed:in_game/map_data/location_templates.txt,medium,Distinct AD 1 parent-frame label keyed to installed coordinates and terrain.,false
location,tuubaa,jolof_province,land,Southwestern Ferlo–Saloum Iron Plains,local historical geography / English,ancient-parent coordinate-terrain construction,GEO-PROXY;installed:in_game/map_data/location_templates.txt,medium,Distinct AD 1 parent-frame label keyed to installed coordinates and terrain.,false
location,tuul,tuul_province,land,Northeastern Xiongnu Khentii Heartland Hills,local historical geography / English,ancient-parent coordinate-terrain construction,GEO-PROXY;installed:in_game/map_data/location_templates.txt,medium,Distinct AD 1 parent-frame label keyed to installed coordinates and terrain.,false
location,tuvalu_high_sea_1,tuvalu_coastal_sea_zones_province,sea,Outer Southeastern Funafuti–Nanumea Open Waters,local historical geography / English,ancient-parent coordinate-terrain construction,GEO-PROXY;installed:in_game/map_data/location_templates.txt,medium,Distinct AD 1 parent-frame label keyed to installed coordinates and terrain.,false
location,tuvalu_high_sea_10,tuvalu_coastal_sea_zones_province,sea,Medial Northwestern Funafuti–Nanumea Open Waters,local historical geography / English,ancient-parent coordinate-terrain construction,GEO-PROXY;installed:in_game/map_data/location_templates.txt,medium,Distinct AD 1 parent-frame label keyed to installed coordinates and terrain.,false
location,tuvalu_high_sea_11,tuvalu_coastal_sea_zones_province,sea,Central Northwestern Funafuti–Nanumea Open Waters,local historical geography / English,ancient-parent coordinate-terrain construction,GEO-PROXY;installed:in_game/map_data/location_templates.txt,medium,Distinct AD 1 parent-frame label keyed to installed coordinates and terrain.,false
location,tuvalu_high_sea_12,tuvalu_coastal_sea_zones_province,sea,Outer Southwestern Funafuti–Nanumea Open Waters,local historical geography / English,ancient-parent coordinate-terrain construction,GEO-PROXY;installed:in_game/map_data/location_templates.txt,medium,Distinct AD 1 parent-frame label keyed to installed coordinates and terrain.,false
location,tuvalu_high_sea_2,tuvalu_coastal_sea_zones_province,sea,Central Southeastern Funafuti–Nanumea Open Waters,local historical geography / English,ancient-parent coordinate-terrain construction,GEO-PROXY;installed:in_game/map_data/location_templates.txt,medium,Distinct AD 1 parent-frame label keyed to installed coordinates and terrain.,false
location,tuvalu_high_sea_3,tuvalu_coastal_sea_zones_province,sea,Central Northeastern Funafuti–Nanumea Open Waters,local historical geography / English,ancient-parent coordinate-terrain construction,GEO-PROXY;installed:in_game/map_data/location_templates.txt,medium,Distinct AD 1 parent-frame label keyed to installed coordinates and terrain.,false
location,tuvalu_high_sea_4,tuvalu_coastal_sea_zones_province,sea,Northeastern Funafuti–Nanumea Open Waters,local historical geography / English,ancient-parent coordinate-terrain construction,GEO-PROXY;installed:in_game/map_data/location_templates.txt,medium,Distinct AD 1 parent-frame label keyed to installed coordinates and terrain.,false
location,tuvalu_high_sea_5,tuvalu_coastal_sea_zones_province,sea,Northern Funafuti–Nanumea Open Waters,local historical geography / English,ancient-parent coordinate-terrain construction,GEO-PROXY;installed:in_game/map_data/location_templates.txt,medium,Distinct AD 1 parent-frame label keyed to installed coordinates and terrain.,false
location,tuvalu_high_sea_6,tuvalu_coastal_sea_zones_province,sea,Northwestern Funafuti–Nanumea Open Waters,local historical geography / English,ancient-parent coordinate-terrain construction,GEO-PROXY;installed:in_game/map_data/location_templates.txt,medium,Distinct AD 1 parent-frame label keyed to installed coordinates and terrain.,false
location,tuvalu_high_sea_7,tuvalu_coastal_sea_zones_province,sea,Northwestern Funafuti–Nanumea Inner Waters,local historical geography / English,ancient-parent coordinate-terrain construction,GEO-PROXY;installed:in_game/map_data/location_templates.txt,medium,Distinct AD 1 parent-frame label keyed to installed coordinates and terrain.,false
location,tuvalu_high_sea_8,tuvalu_coastal_sea_zones_province,sea,Western Funafuti–Nanumea Open Waters,local historical geography / English,ancient-parent coordinate-terrain construction,GEO-PROXY;installed:in_game/map_data/location_templates.txt,medium,Distinct AD 1 parent-frame label keyed to installed coordinates and terrain.,false
location,tuvalu_high_sea_9,tuvalu_coastal_sea_zones_province,sea,Southwestern Funafuti–Nanumea Open Waters,local historical geography / English,ancient-parent coordinate-terrain construction,GEO-PROXY;installed:in_game/map_data/location_templates.txt,medium,Distinct AD 1 parent-frame label keyed to installed coordinates and terrain.,false
location,tuvana_i_colo_coast,vanua_coastal_sea_zones_province,sea,Southwestern Lapita-Descended Lau–Vanua Bight,local historical geography / English,ancient-parent coordinate-terrain construction,GEO-PROXY;installed:in_game/map_data/location_templates.txt,medium,Distinct AD 1 parent-frame label keyed to installed coordinates and terrain.,false
location,tuvicha_mini,la_plata_province,land,Southeastern Paraná-Delta River-Mound Plains,local historical geography / English,ancient-parent coordinate-terrain construction,GEO-PROXY;installed:in_game/map_data/location_templates.txt,medium,Distinct AD 1 parent-frame label keyed to installed coordinates and terrain.,false
location,tuxa,sao_francisco_province,land,Northwestern Kariri–Xokó Opará Plains,local historical geography / English,ancient-parent coordinate-terrain construction,GEO-PROXY;installed:in_game/map_data/location_templates.txt,medium,Distinct AD 1 parent-frame label keyed to installed coordinates and terrain.,false
location,tuxpan,tuxpan_province,land,Northern Totonac Pantepec Woodlands,local historical geography / English,ancient-parent coordinate-terrain construction,GEO-PROXY;installed:in_game/map_data/location_templates.txt,medium,Distinct AD 1 parent-frame label keyed to installed coordinates and terrain.,false
location,tuxpan_coast,tochtepec_coast_sea_province,sea,Middle Northwestern Totonac Coatzacoalcos Bight,local historical geography / English,ancient-parent coordinate-terrain construction,GEO-PROXY;installed:in_game/map_data/location_templates.txt,medium,Distinct AD 1 parent-frame label keyed to installed coordinates and terrain.,false
location,tuy,santiago_province,land,Southern Callaeci of Iria–Minius Hills,local historical geography / English,ancient-parent coordinate-terrain construction,GEO-PROXY;installed:in_game/map_data/location_templates.txt,medium,Distinct AD 1 parent-frame label keyed to installed coordinates and terrain.,false
location,tuyandina,north_yandin_province,land,Northwestern Yana–Kolyma Marshlands,local historical geography / English,ancient-parent coordinate-terrain construction,GEO-PROXY;installed:in_game/map_data/location_templates.txt,medium,Distinct AD 1 parent-frame label keyed to installed coordinates and terrain.,false
location,tuyen_hoa,thai_nguyen_province,land,Southwestern Cầu–Red River Jiaozhi Hills,local historical geography / English,ancient-parent coordinate-terrain construction,GEO-PROXY;installed:in_game/map_data/location_templates.txt,medium,Distinct AD 1 parent-frame label keyed to installed coordinates and terrain.,false
location,tuyen_quang,tuyen_hoa_province,land,Southeastern Jiaozhi–Yelang Lô–Gâm March Hills,local historical geography / English,ancient-parent coordinate-terrain construction,GEO-PROXY;installed:in_game/map_data/location_templates.txt,medium,Distinct AD 1 parent-frame label keyed to installed coordinates and terrain.,false
location,tuyetah,mackenzie_sahtu_province,land,Southwestern Sahtu–Dehcho Tundra Hills,local historical geography / English,ancient-parent coordinate-terrain construction,GEO-PROXY;installed:in_game/map_data/location_templates.txt,medium,Distinct AD 1 parent-frame label keyed to installed coordinates and terrain.,false
location,tuyuk,lower_mahakam_province,land,Southern Mahakam–Kutai River Woodlands,local historical geography / English,ancient-parent coordinate-terrain construction,GEO-PROXY;installed:in_game/map_data/location_templates.txt,medium,Distinct AD 1 parent-frame label keyed to installed coordinates and terrain.,false
location,tuz_khurma,safhat_jibal_province,land,Southeastern Adiabene of Arbela–Arrapha Open Plains,local historical geography / English,ancient-parent coordinate-terrain construction,GEO-PROXY;installed:in_game/map_data/location_templates.txt,medium,Distinct AD 1 parent-frame label keyed to installed coordinates and terrain.,false
location,tuzantla,cuitzeo_province,land,Northeastern Chupícuaro–Cuitzeo Uplands,local historical geography / English,ancient-parent coordinate-terrain construction,GEO-PROXY;installed:in_game/map_data/location_templates.txt,medium,Distinct AD 1 parent-frame label keyed to installed coordinates and terrain.,false
location,tuzapan,tlatlauquitepec_province,land,Northwestern Totonac Papantla–Nautla Woodlands,local historical geography / English,ancient-parent coordinate-terrain construction,GEO-PROXY;installed:in_game/map_data/location_templates.txt,medium,Distinct AD 1 parent-frame label keyed to installed coordinates and terrain.,false
location,tuzara,orhei_province,land,Northwestern Bastarnae Tyras–Răut Plains,local historical geography / English,ancient-parent coordinate-terrain construction,GEO-PROXY;installed:in_game/map_data/location_templates.txt,medium,Distinct AD 1 parent-frame label keyed to installed coordinates and terrain.,false
location,tuzdysor,karasor_province,land,Northwestern Saryarka–Karasor Saka Steppe Marshlands,local historical geography / English,ancient-parent coordinate-terrain construction,GEO-PROXY;installed:in_game/map_data/location_templates.txt,medium,Distinct AD 1 parent-frame label keyed to installed coordinates and terrain.,false
location,tuzkan_lake,jizzakh_province,lake,Northwestern Northern Sogdian–Jaxartes Gate Lake,local historical geography / English,ancient-parent coordinate-terrain construction,GEO-PROXY;installed:in_game/map_data/location_templates.txt,medium,Distinct AD 1 parent-frame label keyed to installed coordinates and terrain.,false
location,tver,tver_province,land,Northwestern Dyakovo Tvertsa–Volga Lands Fields,local historical geography / English,ancient-parent coordinate-terrain construction,GEO-PROXY;installed:in_game/map_data/location_templates.txt,medium,Distinct AD 1 parent-frame label keyed to installed coordinates and terrain.,false
location,twana,olympic_province,land,Northeastern Ozette–Chehalis Maritime Woodlands,local historical geography / English,ancient-parent coordinate-terrain construction,GEO-PROXY;installed:in_game/map_data/location_templates.txt,medium,Distinct AD 1 parent-frame label keyed to installed coordinates and terrain.,false
location,twante,myaungmya_province,land,Northeastern Irrawaddy-Delta Protohistoric Marshlands,local historical geography / English,ancient-parent coordinate-terrain construction,GEO-PROXY;installed:in_game/map_data/location_templates.txt,medium,Distinct AD 1 parent-frame label keyed to installed coordinates and terrain.,false
location,two_rocks,mandurah_badimaya_province_coast,sea,Far Southeastern Yamatji–Shark Bight,local historical geography / English,ancient-parent coordinate-terrain construction,GEO-PROXY;installed:in_game/map_data/location_templates.txt,medium,Distinct AD 1 parent-frame label keyed to installed coordinates and terrain.,false
location,twofold_bay,dharug_bombala_province_coast,sea,Central Southwestern Eora–Yuin Bight,local historical geography / English,ancient-parent coordinate-terrain construction,GEO-PROXY;installed:in_game/map_data/location_templates.txt,medium,Distinct AD 1 parent-frame label keyed to installed coordinates and terrain.,false
location,tyagacho,kaska_province,land,Northwestern Liard–Cassiar Mountain High District,local historical geography / English,ancient-parent coordinate-terrain construction,GEO-PROXY;installed:in_game/map_data/location_templates.txt,medium,Distinct AD 1 parent-frame label keyed to installed coordinates and terrain.,false
location,tyaia,ulaxan_province,land,Eastern Proto-Yukaghir Aldan–Amga Marshlands,local historical geography / English,ancient-parent coordinate-terrain construction,GEO-PROXY;installed:in_game/map_data/location_templates.txt,medium,Distinct AD 1 parent-frame label keyed to installed coordinates and terrain.,false
location,tyanya,dikimdya_province,land,Southwestern Aldan–Olyokma Highlands High District,local historical geography / English,ancient-parent coordinate-terrain construction,GEO-PROXY;installed:in_game/map_data/location_templates.txt,medium,Distinct AD 1 parent-frame label keyed to installed coordinates and terrain.,false
location,tyatseryn,orsha_province,land,Southwestern Dnieper–Dvina Pottery-Culture Woodlands,local historical geography / English,ancient-parent coordinate-terrain construction,GEO-PROXY;installed:in_game/map_data/location_templates.txt,medium,Distinct AD 1 parent-frame label keyed to installed coordinates and terrain.,false
location,tybee,ossabaw_province,land,Northeastern Deptford–Wilmington Marshlands,local historical geography / English,ancient-parent coordinate-terrain construction,GEO-PROXY;installed:in_game/map_data/location_templates.txt,medium,Distinct AD 1 parent-frame label keyed to installed coordinates and terrain.,false
location,tyerrernotepanner,tasmania_province,land,Northeastern Lutruwita Palawa Woodlands,local historical geography / English,ancient-parent coordinate-terrain construction,GEO-PROXY;installed:in_game/map_data/location_templates.txt,medium,Distinct AD 1 parent-frame label keyed to installed coordinates and terrain.,false
location,tygde,lower_zeya_province,land,Northwestern Zeya–Amur Yilou Woodlands,local historical geography / English,ancient-parent coordinate-terrain construction,GEO-PROXY;installed:in_game/map_data/location_templates.txt,medium,Distinct AD 1 parent-frame label keyed to installed coordinates and terrain.,false
location,tykhomel,kremenets_province,land,Southeastern Zarubintsy Volhynian Woodlands,local historical geography / English,ancient-parent coordinate-terrain construction,GEO-PROXY;installed:in_game/map_data/location_templates.txt,medium,Distinct AD 1 parent-frame label keyed to installed coordinates and terrain.,false
location,tykocin,podlasie_province,land,Northern Przeworsk–Zarubintsy Bug Woodlands,local historical geography / English,ancient-parent coordinate-terrain construction,GEO-PROXY;installed:in_game/map_data/location_templates.txt,medium,Distinct AD 1 parent-frame label keyed to installed coordinates and terrain.,false
location,tynda,gilyuy_province,land,Southeastern Zeya–Gilyuy Taiga Hills,local historical geography / English,ancient-parent coordinate-terrain construction,GEO-PROXY;installed:in_game/map_data/location_templates.txt,medium,Distinct AD 1 parent-frame label keyed to installed coordinates and terrain.,false
location,tynset,hedmark_province,land,Northwestern Glomma–Mjøsa Highlands,local historical geography / English,ancient-parent coordinate-terrain construction,GEO-PROXY;installed:in_game/map_data/location_templates.txt,medium,Distinct AD 1 parent-frame label keyed to installed coordinates and terrain.,false
location,tyokhtyur,lena_province,land,Northeastern Middle-Lena Taiga Woodlands,local historical geography / English,ancient-parent coordinate-terrain construction,GEO-PROXY;installed:in_game/map_data/location_templates.txt,medium,Distinct AD 1 parent-frame label keyed to installed coordinates and terrain.,false
location,tyonek,dena_ina_province,land,Southeastern Tikahtnu Dena'ina Plains,local historical geography / English,ancient-parent coordinate-terrain construction,GEO-PROXY;installed:in_game/map_data/location_templates.txt,medium,Distinct AD 1 parent-frame label keyed to installed coordinates and terrain.,false
location,tyrma,upper_bureya_province,land,Southwestern Bureya–Amur Uplands,local historical geography / English,ancient-parent coordinate-terrain construction,GEO-PROXY;installed:in_game/map_data/location_templates.txt,medium,Distinct AD 1 parent-frame label keyed to installed coordinates and terrain.,false
location,tyrnavos,thessaly_province,land,Northeastern Roman Thessaly of Larisa–Demetrias Hills,local historical geography / English,ancient-parent coordinate-terrain construction,GEO-PROXY;installed:in_game/map_data/location_templates.txt,medium,Distinct AD 1 parent-frame label keyed to installed coordinates and terrain.,false
location,tyrrhenian_sea1,tyrrhenian_sea_province,sea,Roma–Neapolis Tyrrhenum Pelagos,local historical geography / English,ancient-parent coordinate-terrain construction,GEO-PROXY;installed:in_game/map_data/location_templates.txt,medium,Distinct AD 1 parent-frame label keyed to installed coordinates and terrain.,false
location,tyrrhenian_sea2,tyrrhenian_sea_province,sea,Southeastern Tyrrhenum Pelagos,local historical geography / English,ancient-parent coordinate-terrain construction,GEO-PROXY;installed:in_game/map_data/location_templates.txt,medium,Distinct AD 1 parent-frame label keyed to installed coordinates and terrain.,false
location,tyrrhenian_sea3,tyrrhenian_sea_province,sea,Inshore Tyrrhenum of Roma–Neapolis Inland Waters,local historical geography / English,ancient-parent coordinate-terrain construction,GEO-PROXY;installed:in_game/map_data/location_templates.txt,medium,Distinct AD 1 parent-frame label keyed to installed coordinates and terrain.,false
location,tyrrhenian_sea4,tyrrhenian_sea_province,sea,Offshore Tyrrhenum of Roma–Neapolis Inland Waters,local historical geography / English,ancient-parent coordinate-terrain construction,GEO-PROXY;installed:in_game/map_data/location_templates.txt,medium,Distinct AD 1 parent-frame label keyed to installed coordinates and terrain.,false
location,tysmenytsia,pocutia_province,land,Northern Costoboci Prut–Carpathian Foothills Woodlands,local historical geography / English,ancient-parent coordinate-terrain construction,GEO-PROXY;installed:in_game/map_data/location_templates.txt,medium,Distinct AD 1 parent-frame label keyed to installed coordinates and terrain.,false
location,tyukalinsk,omsk_province,land,Northwestern Sargat Irtysh–Om Steppe Lowlands,local historical geography / English,ancient-parent coordinate-terrain construction,GEO-PROXY;installed:in_game/map_data/location_templates.txt,medium,Distinct AD 1 parent-frame label keyed to installed coordinates and terrain.,false
location,tyukhtet,bolshoy_uluy_province,land,Western Middle Chulym–Ket Taiga Woodlands,local historical geography / English,ancient-parent coordinate-terrain construction,GEO-PROXY;installed:in_game/map_data/location_templates.txt,medium,Distinct AD 1 parent-frame label keyed to installed coordinates and terrain.,false
location,tyul_gyar,urasalaax_province,land,Southeastern Omoloy–Lena Hunting Hills,local historical geography / English,ancient-parent coordinate-terrain construction,GEO-PROXY;installed:in_game/map_data/location_templates.txt,medium,Distinct AD 1 parent-frame label keyed to installed coordinates and terrain.,false
location,tyulene,kerek_province,land,Outer Southwestern Olyutor–Koryak Hills,local historical geography / English,ancient-parent coordinate-terrain construction,GEO-PROXY;installed:in_game/map_data/location_templates.txt,medium,Distinct AD 1 parent-frame label keyed to installed coordinates and terrain.,false
location,tywhapita,lewekomi_province,land,Southwestern Lower-Ohio Adena Woodlands,local historical geography / English,ancient-parent coordinate-terrain construction,GEO-PROXY;installed:in_game/map_data/location_templates.txt,medium,Distinct AD 1 parent-frame label keyed to installed coordinates and terrain.,false
location,tza_wan_pupako,tickanwatic_province,land,Northeastern Edwards–Colorado Woodlands,local historical geography / English,ancient-parent coordinate-terrain construction,GEO-PROXY;installed:in_game/map_data/location_templates.txt,medium,Distinct AD 1 parent-frame label keyed to installed coordinates and terrain.,false
location,tzaneen,tzaneen_province,land,Northern Limpopo–Olifants Early-Iron Uplands,local historical geography / English,ancient-parent coordinate-terrain construction,GEO-PROXY;installed:in_game/map_data/location_templates.txt,medium,Distinct AD 1 parent-frame label keyed to installed coordinates and terrain.,false
location,tzapotzingo,ahuacatlan_province,land,Northwestern Nayarit Shaft-Tomb Valleys Hills,local historical geography / English,ancient-parent coordinate-terrain construction,GEO-PROXY;installed:in_game/map_data/location_templates.txt,medium,Distinct AD 1 parent-frame label keyed to installed coordinates and terrain.,false
location,tzintzuntzan,tzintzuntzan_province,land,Northwestern Chupícuaro Pátzcuaro–Lerma Hills,local historical geography / English,ancient-parent coordinate-terrain construction,GEO-PROXY;installed:in_game/map_data/location_templates.txt,medium,Distinct AD 1 parent-frame label keyed to installed coordinates and terrain.,false
location,tzitacuaro,tzintzuntzan_province,land,Southeastern Chupícuaro Pátzcuaro–Lerma Highlands,local historical geography / English,ancient-parent coordinate-terrain construction,GEO-PROXY;installed:in_game/map_data/location_templates.txt,medium,Distinct AD 1 parent-frame label keyed to installed coordinates and terrain.,false
location,tziuhcoac,metztitlan_province,land,Northeastern Sierra-Hidalgo Late Woodlands,local historical geography / English,ancient-parent coordinate-terrain construction,GEO-PROXY;installed:in_game/map_data/location_templates.txt,medium,Distinct AD 1 parent-frame label keyed to installed coordinates and terrain.,false
location,tzoite,ceibal_province,land,Northeastern Pasión–Mopan Woodlands,local historical geography / English,ancient-parent coordinate-terrain construction,GEO-PROXY;installed:in_game/map_data/location_templates.txt,medium,Distinct AD 1 parent-frame label keyed to installed coordinates and terrain.,false
location,tzunun_kaab,cuchumatan_province,land,Southeastern Cuchumatan Maya Highland,local historical geography / English,ancient-parent coordinate-terrain construction,GEO-PROXY;installed:in_game/map_data/location_templates.txt,medium,Distinct AD 1 parent-frame label keyed to installed coordinates and terrain.,false
location,tzunuun,lamanai_province,land,Northwestern Preclassic Maya Woodlands,local historical geography / English,ancient-parent coordinate-terrain construction,GEO-PROXY;installed:in_game/map_data/location_templates.txt,medium,Distinct AD 1 parent-frame label keyed to installed coordinates and terrain.,false
location,u_minh_coast,mekong_coast_sea_province,sea,Southeastern Funan Delta–Kampot Bight,local historical geography / English,ancient-parent coordinate-terrain construction,GEO-PROXY;installed:in_game/map_data/location_templates.txt,medium,Distinct AD 1 parent-frame label keyed to installed coordinates and terrain.,false
location,ua_huka,te_henua_enana_province,land,Central Northeastern Henua Enana Hills,local historical geography / English,ancient-parent coordinate-terrain construction,GEO-PROXY;installed:in_game/map_data/location_templates.txt,medium,Distinct AD 1 parent-frame label keyed to installed coordinates and terrain.,false
location,ua_huka_coast,aono_raina_sea_zones_province,sea,Southeastern Oceanic Equatorial Bight,local historical geography / English,ancient-parent coordinate-terrain construction,GEO-PROXY;installed:in_game/map_data/location_templates.txt,medium,Distinct AD 1 parent-frame label keyed to installed coordinates and terrain.,false
location,ua_pou,te_henua_enana_province,land,Middle Southwestern Henua Enana Hills,local historical geography / English,ancient-parent coordinate-terrain construction,GEO-PROXY;installed:in_game/map_data/location_templates.txt,medium,Distinct AD 1 parent-frame label keyed to installed coordinates and terrain.,false
location,uanaman,minganie_province,land,Northwestern Early Mingan–Natashquan Hills,local historical geography / English,ancient-parent coordinate-terrain construction,GEO-PROXY;installed:in_game/map_data/location_templates.txt,medium,Distinct AD 1 parent-frame label keyed to installed coordinates and terrain.,false
location,uashat,uashat_province,land,Southeastern Ancestral-Innu Moisie Woodlands,local historical geography / English,ancient-parent coordinate-terrain construction,GEO-PROXY;installed:in_game/map_data/location_templates.txt,medium,Distinct AD 1 parent-frame label keyed to installed coordinates and terrain.,false
location,uashekanau,mushuau_province,land,Southern Ungava–Torngat Tundra Uplands,local historical geography / English,ancient-parent coordinate-terrain construction,GEO-PROXY;installed:in_game/map_data/location_templates.txt,medium,Distinct AD 1 parent-frame label keyed to installed coordinates and terrain.,false
location,uataaq,kugmiut_province,land,Western Kobuk–Noatak Coastal Open Plains,local historical geography / English,ancient-parent coordinate-terrain construction,GEO-PROXY;installed:in_game/map_data/location_templates.txt,medium,Distinct AD 1 parent-frame label keyed to installed coordinates and terrain.,false
location,uatuma,amazon_province,land,Middle Southwestern Açutuba Middle Great-River Lowlands,local historical geography / English,ancient-parent coordinate-terrain construction,GEO-PROXY;installed:in_game/map_data/location_templates.txt,medium,Distinct AD 1 parent-frame label keyed to installed coordinates and terrain.,false
location,uaua,itapicuru_province,land,Far Northeastern Itapicuru–São Francisco Lowlands,local historical geography / English,ancient-parent coordinate-terrain construction,GEO-PROXY;installed:in_game/map_data/location_templates.txt,medium,Distinct AD 1 parent-frame label keyed to installed coordinates and terrain.,false
location,ubangi,south_sangha_province,land,Northeastern Sangha Early-Iron Uplands,local historical geography / English,ancient-parent coordinate-terrain construction,GEO-PROXY;installed:in_game/map_data/location_templates.txt,medium,Distinct AD 1 parent-frame label keyed to installed coordinates and terrain.,false
location,ubari,fezzan_province,land,Garama,attested ancient toponym,project-vetted ancient identity,PLE;CAH-XI;GEO-PROXY;installed:in_game/map_data/location_templates.txt,medium,Direct or project-vetted AD 1 identity supersedes the later installed field name.,false
location,ubeda,jaen_province,land,Northeastern Oretani of Aurgi–Castulo Hills,local historical geography / English,ancient-parent coordinate-terrain construction,GEO-PROXY;installed:in_game/map_data/location_templates.txt,medium,Distinct AD 1 parent-frame label keyed to installed coordinates and terrain.,false
location,uberaba,uberaba_province,land,Southwestern Macro-Jê Paranaíba–Grande Uplands,local historical geography / English,ancient-parent coordinate-terrain construction,GEO-PROXY;installed:in_game/map_data/location_templates.txt,medium,Distinct AD 1 parent-frame label keyed to installed coordinates and terrain.,false
location,uberlingen,hegau_province,land,Northeastern Helvetii–Vindelici Hills,local historical geography / English,ancient-parent coordinate-terrain construction,GEO-PROXY;installed:in_game/map_data/location_templates.txt,medium,Distinct AD 1 parent-frame label keyed to installed coordinates and terrain.,false
location,ubinskoye,sartlan_province,lake,Eastern Sargat Baraba–Chany Lake,local historical geography / English,ancient-parent coordinate-terrain construction,GEO-PROXY;installed:in_game/map_data/location_templates.txt,medium,Distinct AD 1 parent-frame label keyed to installed coordinates and terrain.,false
location,ubiqua,ubiqua_province,land,Southeastern Khoe Breede–Langeberg Herder Hills,local historical geography / English,ancient-parent coordinate-terrain construction,GEO-PROXY;installed:in_game/map_data/location_templates.txt,medium,Distinct AD 1 parent-frame label keyed to installed coordinates and terrain.,false
location,ubuntu,siyathemba_province,land,Southeastern Gamka–Seekoei Karoo Hills,local historical geography / English,ancient-parent coordinate-terrain construction,GEO-PROXY;installed:in_game/map_data/location_templates.txt,medium,Distinct AD 1 parent-frame label keyed to installed coordinates and terrain.,false
location,ucaln,tewelmapu_province,land,Northeastern Limay–Colorado Patagonian Plains,local historical geography / English,ancient-parent coordinate-terrain construction,GEO-PROXY;installed:in_game/map_data/location_templates.txt,medium,Distinct AD 1 parent-frame label keyed to installed coordinates and terrain.,false
location,uch,cholistan_province,land,Northwestern Sauvira–Hakra Desert Oases Fields,local historical geography / English,ancient-parent coordinate-terrain construction,GEO-PROXY;installed:in_game/map_data/location_templates.txt,medium,Distinct AD 1 parent-frame label keyed to installed coordinates and terrain.,false
location,uch_barchik,bul_bukhta_province,land,Southeastern Chara–Olyokma Taiga Hills,local historical geography / English,ancient-parent coordinate-terrain construction,GEO-PROXY;installed:in_game/map_data/location_templates.txt,medium,Distinct AD 1 parent-frame label keyed to installed coordinates and terrain.,false
location,uchami,uchami_province,land,Northwestern Kulay Lower-Tunguska–Evenki Woodlands,local historical geography / English,ancient-parent coordinate-terrain construction,GEO-PROXY;installed:in_game/map_data/location_templates.txt,medium,Distinct AD 1 parent-frame label keyed to installed coordinates and terrain.,false
location,uchangidurga,chitradurga_province,land,Northwestern Chitradurga–Tumkur Megalithic Uplands,local historical geography / English,ancient-parent coordinate-terrain construction,GEO-PROXY;installed:in_game/map_data/location_templates.txt,medium,Distinct AD 1 parent-frame label keyed to installed coordinates and terrain.,false
location,uchee,pakana_province,land,Southern Deptford–Early-Swift-Creek Woodlands,local historical geography / English,ancient-parent coordinate-terrain construction,GEO-PROXY;installed:in_game/map_data/location_templates.txt,medium,Distinct AD 1 parent-frame label keyed to installed coordinates and terrain.,false
location,uchele,amga_province,land,Southeastern Amga–Aldan Taiga Hills,local historical geography / English,ancient-parent coordinate-terrain construction,GEO-PROXY;installed:in_game/map_data/location_templates.txt,medium,Distinct AD 1 parent-frame label keyed to installed coordinates and terrain.,false
location,uchiura_bay,hokkaidou_east_coast,sea,Northwestern Epi-Jomon Tokachi–Nemuro Passage,local historical geography / English,ancient-parent coordinate-terrain construction,GEO-PROXY;installed:in_game/map_data/location_templates.txt,medium,Distinct AD 1 parent-frame label keyed to installed coordinates and terrain.,false
location,uchkuduk,ust_yurt_province,land,Eastern Chorasmia Ustyurt–Sarygamysh Open Plains,local historical geography / English,ancient-parent coordinate-terrain construction,GEO-PROXY;installed:in_game/map_data/location_templates.txt,medium,Distinct AD 1 parent-frame label keyed to installed coordinates and terrain.,false
location,ucles,ocana_province,land,Ocules,attested ancient toponym,project-vetted ancient identity,https://pleiades.stoa.org/places/265983;GEO-PROXY;installed:in_game/map_data/location_templates.txt,medium,Direct or project-vetted AD 1 identity supersedes the later installed field name.,false
location,ucluelet,southern_vancouver_province,land,Northwestern Salish–Nuu-chah-nulth Highlands,local historical geography / English,ancient-parent coordinate-terrain construction,GEO-PROXY;installed:in_game/map_data/location_templates.txt,medium,Distinct AD 1 parent-frame label keyed to installed coordinates and terrain.,false
location,uco,quines_province,land,Southwestern Huarpe–Uspallata Eastern-Andean Valleys Uplands,local historical geography / English,ancient-parent coordinate-terrain construction,GEO-PROXY;installed:in_game/map_data/location_templates.txt,medium,Distinct AD 1 parent-frame label keyed to installed coordinates and terrain.,false
location,ucuna,chala_province,land,Southern Nazca–Ocoña Uplands,local historical geography / English,ancient-parent coordinate-terrain construction,GEO-PROXY;installed:in_game/map_data/location_templates.txt,medium,Distinct AD 1 parent-frame label keyed to installed coordinates and terrain.,false
location,uda_mutsu,iwaki_province,land,Northeastern Southern Michinoku Yayoi–Emishi Hills,local historical geography / English,ancient-parent coordinate-terrain construction,GEO-PROXY;installed:in_game/map_data/location_templates.txt,medium,Distinct AD 1 parent-frame label keyed to installed coordinates and terrain.,false
location,udabhanda,kashmir_province,land,Northwestern Kashmir–Darada Himalayan Valleys Highlands,local historical geography / English,ancient-parent coordinate-terrain construction,GEO-PROXY;installed:in_game/map_data/location_templates.txt,medium,Distinct AD 1 parent-frame label keyed to installed coordinates and terrain.,false
location,udachny,aikhal_province,land,Southwestern Vilyuy–Markha Taiga Woodlands,local historical geography / English,ancient-parent coordinate-terrain construction,GEO-PROXY;installed:in_game/map_data/location_templates.txt,medium,Distinct AD 1 parent-frame label keyed to installed coordinates and terrain.,false
location,udakh,udakh_province,land,Northeastern Kinda Yamama Steppe Uplands,local historical geography / English,ancient-parent coordinate-terrain construction,GEO-PROXY;installed:in_game/map_data/location_templates.txt,medium,Distinct AD 1 parent-frame label keyed to installed coordinates and terrain.,false
location,udamik,yana_province,land,Southeastern Yana–Tompo Taiga Marshlands,local historical geography / English,ancient-parent coordinate-terrain construction,GEO-PROXY;installed:in_game/map_data/location_templates.txt,medium,Distinct AD 1 parent-frame label keyed to installed coordinates and terrain.,false
location,udamphur,punjab_hills_province,land,Northwestern Chenab–Ravi Himalayan Foothills Highlands,local historical geography / English,ancient-parent coordinate-terrain construction,GEO-PROXY;installed:in_game/map_data/location_templates.txt,medium,Distinct AD 1 parent-frame label keyed to installed coordinates and terrain.,false
location,udasar,jangladesh,land,Southwestern Ghaggar–Hakra Desert March Dry Plains,local historical geography / English,ancient-parent coordinate-terrain construction,GEO-PROXY;installed:in_game/map_data/location_templates.txt,medium,Distinct AD 1 parent-frame label keyed to installed coordinates and terrain.,false
location,udayagiri,northern_rayalaseema,land,Southeastern Asmaka–Andhra Nallamala Hills,local historical geography / English,ancient-parent coordinate-terrain construction,GEO-PROXY;installed:in_game/map_data/location_templates.txt,medium,Distinct AD 1 parent-frame label keyed to installed coordinates and terrain.,false
location,udayagiri_kotagad,orissa_garjats,land,Southwestern Kalinga Atavi of Mahakantara Hills,local historical geography / English,ancient-parent coordinate-terrain construction,GEO-PROXY;installed:in_game/map_data/location_templates.txt,medium,Distinct AD 1 parent-frame label keyed to installed coordinates and terrain.,false
location,uddevalla,bohus_province,land,Göta River–Northern Plains,local historical geography / English,ancient-parent coordinate-terrain construction,GEO-PROXY;installed:in_game/map_data/location_templates.txt,medium,Distinct AD 1 parent-frame label keyed to installed coordinates and terrain.,false
location,uddjaur,lule_lappmark_province,lake,Southwestern Lule–Sarek Sámi Lake,local historical geography / English,ancient-parent coordinate-terrain construction,GEO-PROXY;installed:in_game/map_data/location_templates.txt,medium,Distinct AD 1 parent-frame label keyed to installed coordinates and terrain.,false
location,ude_baikal,uda_province,land,Northeastern Xiongnu Uda–Selenga Uplands,local historical geography / English,ancient-parent coordinate-terrain construction,GEO-PROXY;installed:in_game/map_data/location_templates.txt,medium,Distinct AD 1 parent-frame label keyed to installed coordinates and terrain.,false
location,udgir,upper_marathwada,land,Southeastern Pratishthana–Tagara Satavahana High District,local historical geography / English,ancient-parent coordinate-terrain construction,GEO-PROXY;installed:in_game/map_data/location_templates.txt,medium,Distinct AD 1 parent-frame label keyed to installed coordinates and terrain.,false
location,udine,friuli_province,land,Southeastern Aquileia–Carni Plains,local historical geography / English,ancient-parent coordinate-terrain construction,GEO-PROXY;installed:in_game/map_data/location_templates.txt,medium,Distinct AD 1 parent-frame label keyed to installed coordinates and terrain.,false
location,udo_cape,oosumi_islands,sea,Northern Wa Tanegashima–Yakushima Bight,local historical geography / English,ancient-parent coordinate-terrain construction,GEO-PROXY;installed:in_game/map_data/location_templates.txt,medium,Distinct AD 1 parent-frame label keyed to installed coordinates and terrain.,false
location,udomlya,tverskaya_province,land,Northwestern Late-Dyakovo Msta–Mologa Woodlands,local historical geography / English,ancient-parent coordinate-terrain construction,GEO-PROXY;installed:in_game/map_data/location_templates.txt,medium,Distinct AD 1 parent-frame label keyed to installed coordinates and terrain.,false
location,udon_thani,loei_province,land,Southeastern Mekong–Chi Woodlands,local historical geography / English,ancient-parent coordinate-terrain construction,GEO-PROXY;installed:in_game/map_data/location_templates.txt,medium,Distinct AD 1 parent-frame label keyed to installed coordinates and terrain.,false
location,udskoye,chumikan_province,land,Southeastern Uda–Maya Taiga Woodlands,local historical geography / English,ancient-parent coordinate-terrain construction,GEO-PROXY;installed:in_game/map_data/location_templates.txt,medium,Distinct AD 1 parent-frame label keyed to installed coordinates and terrain.,false
location,udupi,tulu_nadu,land,Olochoira,attested ancient toponym,project-vetted ancient identity,https://pleiades.stoa.org/places/50174;GEO-PROXY;installed:in_game/map_data/location_templates.txt,medium,Direct or project-vetted AD 1 identity supersedes the later installed field name.,false
location,udya,anaabyr_province,land,Anabar–Olenyok Tundra Central Open Plains,local historical geography / English,ancient-parent coordinate-terrain construction,GEO-PROXY;installed:in_game/map_data/location_templates.txt,medium,Distinct AD 1 parent-frame label keyed to installed coordinates and terrain.,false
location,uechamitogosode,ayoreo_province,land,Northeastern Northern Chaco Traditions Hills,local historical geography / English,ancient-parent coordinate-terrain construction,GEO-PROXY;installed:in_game/map_data/location_templates.txt,medium,Distinct AD 1 parent-frame label keyed to installed coordinates and terrain.,false
location,ueckermunde,stettin_province,land,Western Oder-Lagoon Rugii–Lemovii Woodlands,local historical geography / English,ancient-parent coordinate-terrain construction,GEO-PROXY;installed:in_game/map_data/location_templates.txt,medium,Distinct AD 1 parent-frame label keyed to installed coordinates and terrain.,false
location,uel_tympychan,ichera_province,land,Northeastern Vitim–Olyokma Taiga Woodlands,local historical geography / English,ancient-parent coordinate-terrain construction,GEO-PROXY;installed:in_game/map_data/location_templates.txt,medium,Distinct AD 1 parent-frame label keyed to installed coordinates and terrain.,false
location,uele,anaabyr_province,land,Northwestern Anabar–Olenyok Tundra Marshlands,local historical geography / English,ancient-parent coordinate-terrain construction,GEO-PROXY;installed:in_game/map_data/location_templates.txt,medium,Distinct AD 1 parent-frame label keyed to installed coordinates and terrain.,false
location,uele_ca,bomokandi_province,land,Northwestern Bomokandi Woodlands,local historical geography / English,ancient-parent coordinate-terrain construction,GEO-PROXY;installed:in_game/map_data/location_templates.txt,medium,Distinct AD 1 parent-frame label keyed to installed coordinates and terrain.,false
location,uelzen,luneburger_heide_province,land,Southeastern Langobardi–Chauci Heathlands Plains,local historical geography / English,ancient-parent coordinate-terrain construction,GEO-PROXY;installed:in_game/map_data/location_templates.txt,medium,Distinct AD 1 parent-frame label keyed to installed coordinates and terrain.,false
location,uemba,upper_moshiko_province,land,Northeastern Lualaba–Lufira Early-Iron Uplands,local historical geography / English,ancient-parent coordinate-terrain construction,GEO-PROXY;installed:in_game/map_data/location_templates.txt,medium,Distinct AD 1 parent-frame label keyed to installed coordinates and terrain.,false
location,ufa,ufa_province,land,Southern Glyadenovo Belaya–Ufa Woodlands,local historical geography / English,ancient-parent coordinate-terrain construction,GEO-PROXY;installed:in_game/map_data/location_templates.txt,medium,Distinct AD 1 parent-frame label keyed to installed coordinates and terrain.,false
location,uffenheim,ries_province,land,Northwestern Naristi of Altmühl–Regnitz Woodlands,local historical geography / English,ancient-parent coordinate-terrain construction,GEO-PROXY;installed:in_game/map_data/location_templates.txt,medium,Distinct AD 1 parent-frame label keyed to installed coordinates and terrain.,false
location,uftyuga,yaren_province,land,Southwestern Vychegda Lowlands,local historical geography / English,ancient-parent coordinate-terrain construction,GEO-PROXY;installed:in_game/map_data/location_templates.txt,medium,Distinct AD 1 parent-frame label keyed to installed coordinates and terrain.,false
location,ugashik,ogulmiut_province,land,Southwestern Yup'ik Alutiiq Peninsula Marshlands,local historical geography / English,ancient-parent coordinate-terrain construction,GEO-PROXY;installed:in_game/map_data/location_templates.txt,medium,Distinct AD 1 parent-frame label keyed to installed coordinates and terrain.,false
location,ugashik_lake,ogulmiut_province,lake,Southwestern Yup'ik Alutiiq Peninsula Lake,local historical geography / English,ancient-parent coordinate-terrain construction,GEO-PROXY;installed:in_game/map_data/location_templates.txt,medium,Distinct AD 1 parent-frame label keyed to installed coordinates and terrain.,false
location,ugbo,enugu_province,land,Southwestern Nsukka–Lejja Iron Woodlands,local historical geography / English,ancient-parent coordinate-terrain construction,GEO-PROXY;installed:in_game/map_data/location_templates.txt,medium,Distinct AD 1 parent-frame label keyed to installed coordinates and terrain.,false
location,ugbodu,south_benin_province,land,Eastern Lower-Benin Early-Iron Woodlands,local historical geography / English,ancient-parent coordinate-terrain construction,GEO-PROXY;installed:in_game/map_data/location_templates.txt,medium,Distinct AD 1 parent-frame label keyed to installed coordinates and terrain.,false
location,ughoton,south_benin_province,land,Southwestern Lower-Benin Early-Iron Marshlands,local historical geography / English,ancient-parent coordinate-terrain construction,GEO-PROXY;installed:in_game/map_data/location_templates.txt,medium,Distinct AD 1 parent-frame label keyed to installed coordinates and terrain.,false
location,uglich,uglich_province,land,Southeastern Dyakovo Upper-Volga–Mologa Plains,local historical geography / English,ancient-parent coordinate-terrain construction,GEO-PROXY;installed:in_game/map_data/location_templates.txt,medium,Distinct AD 1 parent-frame label keyed to installed coordinates and terrain.,false
location,ugolney,kolyma_province,land,Western Upper-Kolyma Taiga Woodlands,local historical geography / English,ancient-parent coordinate-terrain construction,GEO-PROXY;installed:in_game/map_data/location_templates.txt,medium,Distinct AD 1 parent-frame label keyed to installed coordinates and terrain.,false
location,ugolnye,north_onmilin_province,land,Southwestern Northern-Chukotka Tundra Open Plains,local historical geography / English,ancient-parent coordinate-terrain construction,GEO-PROXY;installed:in_game/map_data/location_templates.txt,medium,Distinct AD 1 parent-frame label keyed to installed coordinates and terrain.,false
location,ugoyan,upper_amga_province,land,Far Southwestern Aldan–Amga Hunting Plateau,local historical geography / English,ancient-parent coordinate-terrain construction,GEO-PROXY;installed:in_game/map_data/location_templates.txt,medium,Distinct AD 1 parent-frame label keyed to installed coordinates and terrain.,false
location,ugrovesk,chelm_province,land,Upper Bug Zarubintsy Woodlands,local historical geography / English,ancient-parent coordinate-terrain construction,GEO-PROXY;installed:in_game/map_data/location_templates.txt,medium,Distinct AD 1 parent-frame label keyed to installed coordinates and terrain.,false
location,uguumur,kerulen_province,land,Northeastern Xiongnu Kherlen Heartland Uplands,local historical geography / English,ancient-parent coordinate-terrain construction,GEO-PROXY;installed:in_game/map_data/location_templates.txt,medium,Distinct AD 1 parent-frame label keyed to installed coordinates and terrain.,false
location,uhtuo,inner_white_karelia_province,land,Northwestern White Kuito Marshlands,local historical geography / English,ancient-parent coordinate-terrain construction,GEO-PROXY;installed:in_game/map_data/location_templates.txt,medium,Distinct AD 1 parent-frame label keyed to installed coordinates and terrain.,false
location,uhun,dippa_province,land,Northwestern Vilyuy–Dippa Woodlands,local historical geography / English,ancient-parent coordinate-terrain construction,GEO-PROXY;installed:in_game/map_data/location_templates.txt,medium,Distinct AD 1 parent-frame label keyed to installed coordinates and terrain.,false
location,uian,dongnae_province,land,Byeonhan,attested ancient toponym,project-vetted ancient identity,SAM;GEO-PROXY;installed:in_game/map_data/location_templates.txt,medium,Direct or project-vetted AD 1 identity supersedes the later installed field name.,false
location,uiju,uiju_province,land,Western Lelang Yalu–Cheongcheon Hills,local historical geography / English,ancient-parent coordinate-terrain construction,GEO-PROXY;installed:in_game/map_data/location_templates.txt,medium,Distinct AD 1 parent-frame label keyed to installed coordinates and terrain.,false
location,uil,uil_province,land,Eastern Sarmatian Emba–Uil Steppe Open Plains,local historical geography / English,ancient-parent coordinate-terrain construction,GEO-PROXY;installed:in_game/map_data/location_templates.txt,medium,Distinct AD 1 parent-frame label keyed to installed coordinates and terrain.,false
location,uinkaret,east_nuwuvi_province,land,Southern Kaibab–Colorado Hills,local historical geography / English,ancient-parent coordinate-terrain construction,GEO-PROXY;installed:in_game/map_data/location_templates.txt,medium,Distinct AD 1 parent-frame label keyed to installed coordinates and terrain.,false
location,uintah,central_nuchiu_province,land,Southern Uinta–Tavaputs Hills,local historical geography / English,ancient-parent coordinate-terrain construction,GEO-PROXY;installed:in_game/map_data/location_templates.txt,medium,Distinct AD 1 parent-frame label keyed to installed coordinates and terrain.,false
location,uiseong,seongju_province,land,Northeastern Jinhan–Byeonhan Nakdong Hills,local historical geography / English,ancient-parent coordinate-terrain construction,GEO-PROXY;installed:in_game/map_data/location_templates.txt,medium,Distinct AD 1 parent-frame label keyed to installed coordinates and terrain.,false
location,uist,outer_hebrides_province,land,Southwestern Ebudae of Lewis Marshlands,local historical geography / English,ancient-parent coordinate-terrain construction,GEO-PROXY;installed:in_game/map_data/location_templates.txt,medium,Distinct AD 1 parent-frame label keyed to installed coordinates and terrain.,false
location,uivvak,kugmiut_province,land,Western Kobuk–Noatak Coastal Hills,local historical geography / English,ancient-parent coordinate-terrain construction,GEO-PROXY;installed:in_game/map_data/location_templates.txt,medium,Distinct AD 1 parent-frame label keyed to installed coordinates and terrain.,false
location,uivvatok,labrador_province,land,Northeastern Dorset Torngat Interior Woodlands,local historical geography / English,ancient-parent coordinate-terrain construction,GEO-PROXY;installed:in_game/map_data/location_templates.txt,medium,Distinct AD 1 parent-frame label keyed to installed coordinates and terrain.,false
location,ujae_atoll,ralik_province,land,Central Southwestern Rālik Coral Ring,local historical geography / English,ancient-parent coordinate-terrain construction,GEO-PROXY;installed:in_game/map_data/location_templates.txt,medium,Distinct AD 1 parent-frame label keyed to installed coordinates and terrain.,false
location,ujan,tabriz_province,land,Northeastern Eastern Urmia–Atropatene Hills,local historical geography / English,ancient-parent coordinate-terrain construction,GEO-PROXY;installed:in_game/map_data/location_templates.txt,medium,Distinct AD 1 parent-frame label keyed to installed coordinates and terrain.,false
location,ujargarh,akara,land,Southwestern Chedi–Vindhya Uplands High District,local historical geography / English,ancient-parent coordinate-terrain construction,GEO-PROXY;installed:in_game/map_data/location_templates.txt,medium,Distinct AD 1 parent-frame label keyed to installed coordinates and terrain.,false
location,ujelang_atoll,ralik_province,land,Far Western Rālik Coral Ring,local historical geography / English,ancient-parent coordinate-terrain construction,GEO-PROXY;installed:in_game/map_data/location_templates.txt,medium,Distinct AD 1 parent-frame label keyed to installed coordinates and terrain.,false
location,ujelang_coast,ralik_sea_zones_province,sea,Northwestern Rālik Outer Bight,local historical geography / English,ancient-parent coordinate-terrain construction,GEO-PROXY;installed:in_game/map_data/location_templates.txt,medium,Distinct AD 1 parent-frame label keyed to installed coordinates and terrain.,false
location,ujiji,lower_igombe_province,land,Northern Tanganyika–Malagarasi Urewe Hills,local historical geography / English,ancient-parent coordinate-terrain construction,GEO-PROXY;installed:in_game/map_data/location_templates.txt,medium,Distinct AD 1 parent-frame label keyed to installed coordinates and terrain.,false
location,ujjain,western_malwa,land,Ujjayini,attested ancient toponym,project-vetted ancient identity,CAH-INDUS;GEO-PROXY;installed:in_game/map_data/location_templates.txt,medium,Direct or project-vetted AD 1 identity supersedes the later installed field name.,false
location,ujvyn,anauls_province,land,Northwestern Middle Anadyr Tundra Marshlands,local historical geography / English,ancient-parent coordinate-terrain construction,GEO-PROXY;installed:in_game/map_data/location_templates.txt,medium,Distinct AD 1 parent-frame label keyed to installed coordinates and terrain.,false
location,uka_town,north_itelmen_province,land,Northern Kamchatka-River Maritime Marshlands,local historical geography / English,ancient-parent coordinate-terrain construction,GEO-PROXY;installed:in_game/map_data/location_templates.txt,medium,Distinct AD 1 parent-frame label keyed to installed coordinates and terrain.,false
location,ukarangma,lower_tapajos_province,land,Far Northern Tapajós–Xingu Açutuba Marshlands,local historical geography / English,ancient-parent coordinate-terrain construction,GEO-PROXY;installed:in_game/map_data/location_templates.txt,medium,Distinct AD 1 parent-frame label keyed to installed coordinates and terrain.,false
location,ukasikalik,nunatsiavut_province,land,Southeastern Dorset Torngat–Okak Hills,local historical geography / English,ancient-parent coordinate-terrain construction,GEO-PROXY;installed:in_game/map_data/location_templates.txt,medium,Distinct AD 1 parent-frame label keyed to installed coordinates and terrain.,false
location,ukbara,samarra_province,land,Southeastern Parthian Tigris of Samarra–Tikrit Fields,local historical geography / English,ancient-parent coordinate-terrain construction,GEO-PROXY;installed:in_game/map_data/location_templates.txt,medium,Distinct AD 1 parent-frame label keyed to installed coordinates and terrain.,false
location,ukek,saratov_province,land,Southwestern Sarmatian Rha–Tereska Steppe Plains,local historical geography / English,ancient-parent coordinate-terrain construction,GEO-PROXY;installed:in_game/map_data/location_templates.txt,medium,Distinct AD 1 parent-frame label keyed to installed coordinates and terrain.,false
location,ukena,iyo_province,land,Northeastern Iyo–Uwa Inland Highlands,local historical geography / English,ancient-parent coordinate-terrain construction,GEO-PROXY;installed:in_game/map_data/location_templates.txt,medium,Distinct AD 1 parent-frame label keyed to installed coordinates and terrain.,false
location,ukhaa_khudag,ulaan_province,land,Southeastern Xiongnu Gobi-Altai–Ongi Uplands,local historical geography / English,ancient-parent coordinate-terrain construction,GEO-PROXY;installed:in_game/map_data/location_templates.txt,medium,Distinct AD 1 parent-frame label keyed to installed coordinates and terrain.,false
location,ukhahlamba,umhlanga_province,land,Northwestern Thukela–Umgeni Herder Uplands,local historical geography / English,ancient-parent coordinate-terrain construction,GEO-PROXY;installed:in_game/map_data/location_templates.txt,medium,Distinct AD 1 parent-frame label keyed to installed coordinates and terrain.,false
location,ukhta,vukyl_province,land,Northwestern Permic Pechora Woodlands,local historical geography / English,ancient-parent coordinate-terrain construction,GEO-PROXY;installed:in_game/map_data/location_templates.txt,medium,Distinct AD 1 parent-frame label keyed to installed coordinates and terrain.,false
location,ukomno_om,pomo_province,land,Northern Mendocino–Clear Hills,local historical geography / English,ancient-parent coordinate-terrain construction,GEO-PROXY;installed:in_game/map_data/location_templates.txt,medium,Distinct AD 1 parent-frame label keyed to installed coordinates and terrain.,false
location,uktus,uktus_province,land,Southeastern Gorokhovo Iset–Tagil Woodlands,local historical geography / English,ancient-parent coordinate-terrain construction,GEO-PROXY;installed:in_game/map_data/location_templates.txt,medium,Distinct AD 1 parent-frame label keyed to installed coordinates and terrain.,false
location,ukulan,upper_amga_province,land,Outer Southwestern Aldan–Amga Hunting Plateau,local historical geography / English,ancient-parent coordinate-terrain construction,GEO-PROXY;installed:in_game/map_data/location_templates.txt,medium,Distinct AD 1 parent-frame label keyed to installed coordinates and terrain.,false
location,ukunzu,south_benin_province,land,Northeastern Lower-Benin Early-Iron Woodlands,local historical geography / English,ancient-parent coordinate-terrain construction,GEO-PROXY;installed:in_game/map_data/location_templates.txt,medium,Distinct AD 1 parent-frame label keyed to installed coordinates and terrain.,false
location,ukutal,matagalpa_province,land,Central Northwestern Tuma–Coco Highlands,local historical geography / English,ancient-parent coordinate-terrain construction,GEO-PROXY;installed:in_game/map_data/location_templates.txt,medium,Distinct AD 1 parent-frame label keyed to installed coordinates and terrain.,false
location,ukyulyakh,xalizaax_province,land,Central Northeastern Chondon–Selennyakh Arctic Marshlands,local historical geography / English,ancient-parent coordinate-terrain construction,GEO-PROXY;installed:in_game/map_data/location_templates.txt,medium,Distinct AD 1 parent-frame label keyed to installed coordinates and terrain.,false
location,ul_kan,barga_province,land,Northwestern Barguzin–Upper Angara Hills,local historical geography / English,ancient-parent coordinate-terrain construction,GEO-PROXY;installed:in_game/map_data/location_templates.txt,medium,Distinct AD 1 parent-frame label keyed to installed coordinates and terrain.,false
location,ul_ya,okam_province,land,Central Northeastern Ul'ya–Ayan Hunting Hills,local historical geography / English,ancient-parent coordinate-terrain construction,GEO-PROXY;installed:in_game/map_data/location_templates.txt,medium,Distinct AD 1 parent-frame label keyed to installed coordinates and terrain.,false
location,ulaagchiin,khyargas_province,land,Southeastern Xiongnu Khyargas–Uvs Uplands,local historical geography / English,ancient-parent coordinate-terrain construction,GEO-PROXY;installed:in_game/map_data/location_templates.txt,medium,Distinct AD 1 parent-frame label keyed to installed coordinates and terrain.,false
location,ulaamgom,tes_province,land,Western Uvs–Tes Altai Pastures Uplands,local historical geography / English,ancient-parent coordinate-terrain construction,GEO-PROXY;installed:in_game/map_data/location_templates.txt,medium,Distinct AD 1 parent-frame label keyed to installed coordinates and terrain.,false
location,ulaan,ulaan_province,land,Northern Xiongnu Gobi-Altai–Ongi Uplands,local historical geography / English,ancient-parent coordinate-terrain construction,GEO-PROXY;installed:in_game/map_data/location_templates.txt,medium,Distinct AD 1 parent-frame label keyed to installed coordinates and terrain.,false
location,ulaanbadrakh,sharangad_province,land,Southwestern Xiongnu Eastern-Gobi Pastures Uplands,local historical geography / English,ancient-parent coordinate-terrain construction,GEO-PROXY;installed:in_game/map_data/location_templates.txt,medium,Distinct AD 1 parent-frame label keyed to installed coordinates and terrain.,false
location,ulakh,south_alais_province,land,Western Yana–Alais Southern Marshlands,local historical geography / English,ancient-parent coordinate-terrain construction,GEO-PROXY;installed:in_game/map_data/location_templates.txt,medium,Distinct AD 1 parent-frame label keyed to installed coordinates and terrain.,false
location,ulakhan_an,lena_province,land,Western Middle-Lena Taiga Woodlands,local historical geography / English,ancient-parent coordinate-terrain construction,GEO-PROXY;installed:in_game/map_data/location_templates.txt,medium,Distinct AD 1 parent-frame label keyed to installed coordinates and terrain.,false
location,ulakhan_kyuel_lake,ecigeen_province,lake,Northwestern Lower Lena Taiga–Tundra Lake,local historical geography / English,ancient-parent coordinate-terrain construction,GEO-PROXY;installed:in_game/map_data/location_templates.txt,medium,Distinct AD 1 parent-frame label keyed to installed coordinates and terrain.,false
location,ulakhan_kyuyol,ulaxan_province,land,Northeastern Proto-Yukaghir Aldan–Amga Marshlands,local historical geography / English,ancient-parent coordinate-terrain construction,GEO-PROXY;installed:in_game/map_data/location_templates.txt,medium,Distinct AD 1 parent-frame label keyed to installed coordinates and terrain.,false
location,ulakhan_vava,aikhal_province,land,Southwestern Vilyuy–Markha Taiga Uplands,local historical geography / English,ancient-parent coordinate-terrain construction,GEO-PROXY;installed:in_game/map_data/location_templates.txt,medium,Distinct AD 1 parent-frame label keyed to installed coordinates and terrain.,false
location,ulan_buh_desert,alasha_province,land,Northeastern Western Ordos Xiongnu Lands Dunes,local historical geography / English,ancient-parent coordinate-terrain construction,GEO-PROXY;installed:in_game/map_data/location_templates.txt,medium,Distinct AD 1 parent-frame label keyed to installed coordinates and terrain.,false
location,ulan_hua,dorbod_province,land,Southeastern Xiongnu Ulanchab Pastures Uplands,local historical geography / English,ancient-parent coordinate-terrain construction,GEO-PROXY;installed:in_game/map_data/location_templates.txt,medium,Distinct AD 1 parent-frame label keyed to installed coordinates and terrain.,false
location,ulan_ui_lake,gyahor_province,lake,Outer Northwestern Qiang of the Huang Basin,local historical geography / English,ancient-parent coordinate-terrain construction,GEO-PROXY;installed:in_game/map_data/location_templates.txt,medium,Distinct AD 1 parent-frame label keyed to installed coordinates and terrain.,false
location,ulan_us,yangjibaliq_province,land,Northwestern Jushi–Bogda Xiongnu March Open Plains,local historical geography / English,ancient-parent coordinate-terrain construction,GEO-PROXY;installed:in_game/map_data/location_templates.txt,medium,Distinct AD 1 parent-frame label keyed to installed coordinates and terrain.,false
location,ulanchab,dorbod_province,land,Xiongnu Eastern Pastures,local historical geography / English,ancient-parent coordinate-terrain construction,GEO-PROXY;installed:in_game/map_data/location_templates.txt,medium,Distinct AD 1 parent-frame label keyed to installed coordinates and terrain.,false
location,ulapes,quines_province,land,Northeastern Huarpe–Uspallata Eastern-Andean Plains,local historical geography / English,ancient-parent coordinate-terrain construction,GEO-PROXY;installed:in_game/map_data/location_templates.txt,medium,Distinct AD 1 parent-frame label keyed to installed coordinates and terrain.,false
location,ulawa,tetepare_province,land,Southeastern Nggela–Rendova Lapita Woodlands,local historical geography / English,ancient-parent coordinate-terrain construction,GEO-PROXY;installed:in_game/map_data/location_templates.txt,medium,Distinct AD 1 parent-frame label keyed to installed coordinates and terrain.,false
location,ulawa_island,dai_coastal_sea_zones_province,sea,Lapita Inshore,local historical geography / English,ancient-parent coordinate-terrain construction,GEO-PROXY;installed:in_game/map_data/location_templates.txt,medium,Distinct AD 1 parent-frame label keyed to installed coordinates and terrain.,false
location,uldurga,ingoda_province,land,Northeastern Ingoda–Shilka Tungusic Hills,local historical geography / English,ancient-parent coordinate-terrain construction,GEO-PROXY;installed:in_game/map_data/location_templates.txt,medium,Distinct AD 1 parent-frame label keyed to installed coordinates and terrain.,false
location,uleaborg,norra_osterbotten_province,land,Outer Southwestern Oulu–Kemi Woodlands,local historical geography / English,ancient-parent coordinate-terrain construction,GEO-PROXY;installed:in_game/map_data/location_templates.txt,medium,Distinct AD 1 parent-frame label keyed to installed coordinates and terrain.,false
location,ulegir,irelyakh_province,land,Southwestern Chara–Vitim Woodlands,local historical geography / English,ancient-parent coordinate-terrain construction,GEO-PROXY;installed:in_game/map_data/location_templates.txt,medium,Distinct AD 1 parent-frame label keyed to installed coordinates and terrain.,false
location,ulenkhe,dzhida_province,land,Northwestern Xiongnu Selenga–Dzhida March Highlands,local historical geography / English,ancient-parent coordinate-terrain construction,GEO-PROXY;installed:in_game/map_data/location_templates.txt,medium,Distinct AD 1 parent-frame label keyed to installed coordinates and terrain.,false
location,ulgain,shilingol_province,land,Northeastern Xiongnu Shilingol Pastures Uplands,local historical geography / English,ancient-parent coordinate-terrain construction,GEO-PROXY;installed:in_game/map_data/location_templates.txt,medium,Distinct AD 1 parent-frame label keyed to installed coordinates and terrain.,false
location,uliastai,zavkhan_province,land,Northeastern Xiongnu Zavkhan–Khangai Highlands,local historical geography / English,ancient-parent coordinate-terrain construction,GEO-PROXY;installed:in_game/map_data/location_templates.txt,medium,Distinct AD 1 parent-frame label keyed to installed coordinates and terrain.,false
location,ulibahali,coosa_province,land,Southwestern Etowah–Coosa Hills,local historical geography / English,ancient-parent coordinate-terrain construction,GEO-PROXY;installed:in_game/map_data/location_templates.txt,medium,Distinct AD 1 parent-frame label keyed to installed coordinates and terrain.,false
location,ulithi_atoll,yap_province,land,Northwestern Yap Worlds Ring,local historical geography / English,ancient-parent coordinate-terrain construction,GEO-PROXY;installed:in_game/map_data/location_templates.txt,medium,Distinct AD 1 parent-frame label keyed to installed coordinates and terrain.,false
location,uljin,gangneung_province,land,Southeastern Eastern Ye of the Taebaek Hills,local historical geography / English,ancient-parent coordinate-terrain construction,GEO-PROXY;installed:in_game/map_data/location_templates.txt,medium,Distinct AD 1 parent-frame label keyed to installed coordinates and terrain.,false
location,ulju,dongnae_province,land,Far Northeastern Byeonhan–Gaya Lowlands,local historical geography / English,ancient-parent coordinate-terrain construction,GEO-PROXY;installed:in_game/map_data/location_templates.txt,medium,Distinct AD 1 parent-frame label keyed to installed coordinates and terrain.,false
location,ulkatchot_en,river_dakelh_province,land,Outer Southwestern Ancestral-Dakelh Plateau,local historical geography / English,ancient-parent coordinate-terrain construction,GEO-PROXY;installed:in_game/map_data/location_templates.txt,medium,Distinct AD 1 parent-frame label keyed to installed coordinates and terrain.,false
location,ulkayak,sarykopa_province,land,Southwestern Saka–Sarmatian Turgai–Sarykopa Steppe Plains,local historical geography / English,ancient-parent coordinate-terrain construction,GEO-PROXY;installed:in_game/map_data/location_templates.txt,medium,Distinct AD 1 parent-frame label keyed to installed coordinates and terrain.,false
location,ulken_karoy,bayanaul_province,lake,Northwestern Saryarka–Irtysh Steppe Lake,local historical geography / English,ancient-parent coordinate-terrain construction,GEO-PROXY;installed:in_game/map_data/location_templates.txt,medium,Distinct AD 1 parent-frame label keyed to installed coordinates and terrain.,false
location,ulla,polotsk_province,land,Eastern Upper Dnieper–Dvina Woodlands,local historical geography / English,ancient-parent coordinate-terrain construction,GEO-PROXY;installed:in_game/map_data/location_templates.txt,medium,Distinct AD 1 parent-frame label keyed to installed coordinates and terrain.,false
location,ullantaytampu,yunca_province,land,Southeastern Chanapata Vilcabamba–Urubamba Highlands,local historical geography / English,ancient-parent coordinate-terrain construction,GEO-PROXY;installed:in_game/map_data/location_templates.txt,medium,Distinct AD 1 parent-frame label keyed to installed coordinates and terrain.,false
location,ullapool,ross_province,land,Northwestern Caledonia,attested ancient toponym,project-vetted ancient identity,PTO-GEO-II2;MANN-BRI;GEO-PROXY;installed:in_game/map_data/location_templates.txt,medium,Direct or project-vetted AD 1 identity supersedes the later installed field name.,false
location,ullensvang,bergenhus_province,land,Northwestern Hardanger–Hordaland Fjord Hills,local historical geography / English,ancient-parent coordinate-terrain construction,GEO-PROXY;installed:in_game/map_data/location_templates.txt,medium,Distinct AD 1 parent-frame label keyed to installed coordinates and terrain.,false
location,ulleungdo,gangneung_province,land,Eastern Ye of the Taebaek Hills,local historical geography / English,ancient-parent coordinate-terrain construction,GEO-PROXY;installed:in_game/map_data/location_templates.txt,medium,Distinct AD 1 parent-frame label keyed to installed coordinates and terrain.,false
location,ullum,quines_province,land,Northwestern Huarpe–Uspallata Eastern-Andean Highlands,local historical geography / English,ancient-parent coordinate-terrain construction,GEO-PROXY;installed:in_game/map_data/location_templates.txt,medium,Distinct AD 1 parent-frame label keyed to installed coordinates and terrain.,false
location,ulm,swabian_alb_province,land,Northeastern Danuvius–Alba Vindelician March Plains,local historical geography / English,ancient-parent coordinate-terrain construction,GEO-PROXY;installed:in_game/map_data/location_templates.txt,medium,Distinct AD 1 parent-frame label keyed to installed coordinates and terrain.,false
location,ulma,selemdzha_province,land,Southwestern Yilou Selemdzha–Zeya Woodlands,local historical geography / English,ancient-parent coordinate-terrain construction,GEO-PROXY;installed:in_game/map_data/location_templates.txt,medium,Distinct AD 1 parent-frame label keyed to installed coordinates and terrain.,false
location,ulnia,marash_province,land,Southwestern Kataonia–Kommagene Taurus March Highlands,local historical geography / English,ancient-parent coordinate-terrain construction,GEO-PROXY;installed:in_game/map_data/location_templates.txt,medium,Distinct AD 1 parent-frame label keyed to installed coordinates and terrain.,false
location,ulu_sysy,yakutia_province,land,Northwestern Middle Lena–Aldan Taiga Woodlands,local historical geography / English,ancient-parent coordinate-terrain construction,GEO-PROXY;installed:in_game/map_data/location_templates.txt,medium,Distinct AD 1 parent-frame label keyed to installed coordinates and terrain.,false
location,uluborlu,hamid_province,land,Northern Pisidian Uplands,local historical geography / English,ancient-parent coordinate-terrain construction,GEO-PROXY;installed:in_game/map_data/location_templates.txt,medium,Distinct AD 1 parent-frame label keyed to installed coordinates and terrain.,false
location,ulug,upper_yenisei_province,land,Eastern Tashtyk Khemchik–Upper Yenisei Uplands,local historical geography / English,ancient-parent coordinate-terrain construction,GEO-PROXY;installed:in_game/map_data/location_templates.txt,medium,Distinct AD 1 parent-frame label keyed to installed coordinates and terrain.,false
location,ulukulevo,chishmy_province,land,Northeastern Kara-Abyz Belaya Woodlands,local historical geography / English,ancient-parent coordinate-terrain construction,GEO-PROXY;installed:in_game/map_data/location_templates.txt,medium,Distinct AD 1 parent-frame label keyed to installed coordinates and terrain.,false
location,ulul_coast,chuuk_sea_zones_province,sea,Northwestern Chuuk Lagoon Bight,local historical geography / English,ancient-parent coordinate-terrain construction,GEO-PROXY;installed:in_game/map_data/location_templates.txt,medium,Distinct AD 1 parent-frame label keyed to installed coordinates and terrain.,false
location,ulungur,altay_province,land,Western Altai Xiongnu Contact Uplands,local historical geography / English,ancient-parent coordinate-terrain construction,GEO-PROXY;installed:in_game/map_data/location_templates.txt,medium,Distinct AD 1 parent-frame label keyed to installed coordinates and terrain.,false
location,ulus,safranbolu_province,land,Northeastern Paphlagones of Sesamus–Gangra Hills,local historical geography / English,ancient-parent coordinate-terrain construction,GEO-PROXY;installed:in_game/map_data/location_templates.txt,medium,Distinct AD 1 parent-frame label keyed to installed coordinates and terrain.,false
location,uluu,upper_amga_province,land,Northwestern Aldan–Amga Hunting Uplands,local historical geography / English,ancient-parent coordinate-terrain construction,GEO-PROXY;installed:in_game/map_data/location_templates.txt,medium,Distinct AD 1 parent-frame label keyed to installed coordinates and terrain.,false
location,ulwas,matagalpa_province,land,Southeastern Tuma–Coco Hills,local historical geography / English,ancient-parent coordinate-terrain construction,GEO-PROXY;installed:in_game/map_data/location_templates.txt,medium,Distinct AD 1 parent-frame label keyed to installed coordinates and terrain.,false
location,ulytau,ulytau_province,land,Central Saryarka,attested ancient toponym,project-vetted ancient identity,UNESCO-CA-NOMADS;WIL-SAR;GEO-PROXY;installed:in_game/map_data/location_templates.txt,medium,Direct or project-vetted AD 1 identity supersedes the later installed field name.,false
location,ulziit,choyr_province,land,Southwestern Eastern Gobi Xiongnu Pastures Uplands,local historical geography / English,ancient-parent coordinate-terrain construction,GEO-PROXY;installed:in_game/map_data/location_templates.txt,medium,Distinct AD 1 parent-frame label keyed to installed coordinates and terrain.,false
location,uman,torgovytsia_province,land,Eastern Zarubintsy Southern-Bug Woodlands,local historical geography / English,ancient-parent coordinate-terrain construction,GEO-PROXY;installed:in_game/map_data/location_templates.txt,medium,Distinct AD 1 parent-frame label keyed to installed coordinates and terrain.,false
location,umanske,yelanets_province,land,Western Ingul–Southern-Bug Sarmatian Steppe Woodlands,local historical geography / English,ancient-parent coordinate-terrain construction,GEO-PROXY;installed:in_game/map_data/location_templates.txt,medium,Distinct AD 1 parent-frame label keyed to installed coordinates and terrain.,false
location,umarkot,tharparkar_province,land,Northwestern Abiria–Thar Desert Open Plains,local historical geography / English,ancient-parent coordinate-terrain construction,GEO-PROXY;installed:in_game/map_data/location_templates.txt,medium,Distinct AD 1 parent-frame label keyed to installed coordinates and terrain.,false
location,umatilla,sahaptin_province,land,Northern Ancestral-Sahaptin Walúulapam Hills,local historical geography / English,ancient-parent coordinate-terrain construction,GEO-PROXY;installed:in_game/map_data/location_templates.txt,medium,Distinct AD 1 parent-frame label keyed to installed coordinates and terrain.,false
location,umba,south_kola_province,land,Western Sámi Kandalaksha–Imandra Marshlands,local historical geography / English,ancient-parent coordinate-terrain construction,GEO-PROXY;installed:in_game/map_data/location_templates.txt,medium,Distinct AD 1 parent-frame label keyed to installed coordinates and terrain.,false
location,umbagog,pennacook_province,land,Northeastern Middle Highlands,local historical geography / English,ancient-parent coordinate-terrain construction,GEO-PROXY;installed:in_game/map_data/location_templates.txt,medium,Distinct AD 1 parent-frame label keyed to installed coordinates and terrain.,false
location,umbakumba_coast,ngalakan_province_coast,sea,Outer Southwestern Yolngu–Numbulwar Arafura Bight,local historical geography / English,ancient-parent coordinate-terrain construction,GEO-PROXY;installed:in_game/map_data/location_templates.txt,medium,Distinct AD 1 parent-frame label keyed to installed coordinates and terrain.,false
location,umballa,lualaba_province,land,Western Lualaba–Lubudi Iron Uplands,local historical geography / English,ancient-parent coordinate-terrain construction,GEO-PROXY;installed:in_game/map_data/location_templates.txt,medium,Distinct AD 1 parent-frame label keyed to installed coordinates and terrain.,false
location,umbindhamu,umbindhamu_province,land,Northwestern Guugu-Yimidhirr–Kuku-Yalanji Lowlands,local historical geography / English,ancient-parent coordinate-terrain construction,GEO-PROXY;installed:in_game/map_data/location_templates.txt,medium,Distinct AD 1 parent-frame label keyed to installed coordinates and terrain.,false
location,umboi,kate_province,land,Eastern Huon–Vitiaz Post-Lapita Hills,local historical geography / English,ancient-parent coordinate-terrain construction,GEO-PROXY;installed:in_game/map_data/location_templates.txt,medium,Distinct AD 1 parent-frame label keyed to installed coordinates and terrain.,false
location,umbra,tahami_province,land,Northeastern Calima–Sonso Highlands,local historical geography / English,ancient-parent coordinate-terrain construction,GEO-PROXY;installed:in_game/map_data/location_templates.txt,medium,Distinct AD 1 parent-frame label keyed to installed coordinates and terrain.,false
location,umbu,icabaqua_province,land,Northeastern Jacuí–Vacacaí Pampas Plains,local historical geography / English,ancient-parent coordinate-terrain construction,GEO-PROXY;installed:in_game/map_data/location_templates.txt,medium,Distinct AD 1 parent-frame label keyed to installed coordinates and terrain.,false
location,umea,vasterbotten_province,land,Southwestern Sámi Bothnian–Torne Woodlands,local historical geography / English,ancient-parent coordinate-terrain construction,GEO-PROXY;installed:in_game/map_data/location_templates.txt,medium,Distinct AD 1 parent-frame label keyed to installed coordinates and terrain.,false
location,umgungundlovu,umgungundlovu_province,land,Eastern Early-Nguni Mhlatuze–Tugela Hills,local historical geography / English,ancient-parent coordinate-terrain construction,GEO-PROXY;installed:in_game/map_data/location_templates.txt,medium,Distinct AD 1 parent-frame label keyed to installed coordinates and terrain.,false
location,umhlanga,umhlanga_province,land,Eastern Thukela–Umgeni Herder Hills,local historical geography / English,ancient-parent coordinate-terrain construction,GEO-PROXY;installed:in_game/map_data/location_templates.txt,medium,Distinct AD 1 parent-frame label keyed to installed coordinates and terrain.,false
location,umida,warwa_province,land,Middle Southwestern Wilinggin–Worrorra Monsoon Hills,local historical geography / English,ancient-parent coordinate-terrain construction,GEO-PROXY;installed:in_game/map_data/location_templates.txt,medium,Distinct AD 1 parent-frame label keyed to installed coordinates and terrain.,false
location,umkomazi_mouth,umgungundlovu_coast_sea_province,sea,Northern Nguni Umzimvubu Bight,local historical geography / English,ancient-parent coordinate-terrain construction,GEO-PROXY;installed:in_game/map_data/location_templates.txt,medium,Distinct AD 1 parent-frame label keyed to installed coordinates and terrain.,false
location,umluj,umluj_province,land,Nabataean Leuke-Kome–Al-Hawra Dry Plains,local historical geography / English,ancient-parent coordinate-terrain construction,GEO-PROXY;installed:in_game/map_data/location_templates.txt,medium,Distinct AD 1 parent-frame label keyed to installed coordinates and terrain.,false
location,umm_ad_dawm,dhalam_province,land,Southwestern Northern Najd Wells Uplands,local historical geography / English,ancient-parent coordinate-terrain construction,GEO-PROXY;installed:in_game/map_data/location_templates.txt,medium,Distinct AD 1 parent-frame label keyed to installed coordinates and terrain.,false
location,umm_al_ghiran,taif_province,land,Ṭā'if–Wajj Western-Arabian Highlands District,local historical geography / English,ancient-parent coordinate-terrain construction,GEO-PROXY;installed:in_game/map_data/location_templates.txt,medium,Distinct AD 1 parent-frame label keyed to installed coordinates and terrain.,false
location,umm_al_qulban,nafud_province,land,Southeastern Tayma–Nafud Caravan Uplands,local historical geography / English,ancient-parent coordinate-terrain construction,GEO-PROXY;installed:in_game/map_data/location_templates.txt,medium,Distinct AD 1 parent-frame label keyed to installed coordinates and terrain.,false
location,ummatur,mysore_plateau,land,Southeastern Karnata–Mahisha Uplands,local historical geography / English,ancient-parent coordinate-terrain construction,GEO-PROXY;installed:in_game/map_data/location_templates.txt,medium,Distinct AD 1 parent-frame label keyed to installed coordinates and terrain.,false
location,umncumuba,umsobomvu_province,land,Southwestern Gariep–Mohokare Herder Hills,local historical geography / English,ancient-parent coordinate-terrain construction,GEO-PROXY;installed:in_game/map_data/location_templates.txt,medium,Distinct AD 1 parent-frame label keyed to installed coordinates and terrain.,false
location,umngazi,umngazi_province,land,Southeastern Mzimvubu Herder Hills,local historical geography / English,ancient-parent coordinate-terrain construction,GEO-PROXY;installed:in_game/map_data/location_templates.txt,medium,Distinct AD 1 parent-frame label keyed to installed coordinates and terrain.,false
location,umpila,yupangathi_province,land,Southeastern Yupangathi–Wik Cape-York Hills,local historical geography / English,ancient-parent coordinate-terrain construction,GEO-PROXY;installed:in_game/map_data/location_templates.txt,medium,Distinct AD 1 parent-frame label keyed to installed coordinates and terrain.,false
location,umpqua,oregon_province,land,Southeastern Willamette Riverine Hills,local historical geography / English,ancient-parent coordinate-terrain construction,GEO-PROXY;installed:in_game/map_data/location_templates.txt,medium,Distinct AD 1 parent-frame label keyed to installed coordinates and terrain.,false
location,umsobomvu,umsobomvu_province,land,Western Gariep–Mohokare Herder Hills,local historical geography / English,ancient-parent coordinate-terrain construction,GEO-PROXY;installed:in_game/map_data/location_templates.txt,medium,Distinct AD 1 parent-frame label keyed to installed coordinates and terrain.,false
location,umuarama,ivai_province,land,Northwestern Ivaí–Iguaçu Itararé Uplands,local historical geography / English,ancient-parent coordinate-terrain construction,GEO-PROXY;installed:in_game/map_data/location_templates.txt,medium,Distinct AD 1 parent-frame label keyed to installed coordinates and terrain.,false
location,umzimkulu_mouth,umgungundlovu_coast_sea_province,sea,Outer Northwestern Nguni Umzimvubu–Umkomazi Bight,local historical geography / English,ancient-parent coordinate-terrain construction,GEO-PROXY;installed:in_game/map_data/location_templates.txt,medium,Distinct AD 1 parent-frame label keyed to installed coordinates and terrain.,false
location,umzimvubu_mouth,umgungundlovu_coast_sea_province,sea,Central Northwestern Nguni Umkomazi Bight,local historical geography / English,ancient-parent coordinate-terrain construction,GEO-PROXY;installed:in_game/map_data/location_templates.txt,medium,Distinct AD 1 parent-frame label keyed to installed coordinates and terrain.,false
location,un_zhallor,belogorye_province,lake,Southeastern Lower Ob Ust-Poluy Lake,local historical geography / English,ancient-parent coordinate-terrain construction,GEO-PROXY;installed:in_game/map_data/location_templates.txt,medium,Distinct AD 1 parent-frame label keyed to installed coordinates and terrain.,false
location,una_una,banggai_province,land,Northwestern Peling–Tojo Networks Woodlands,local historical geography / English,ancient-parent coordinate-terrain construction,GEO-PROXY;installed:in_game/map_data/location_templates.txt,medium,Distinct AD 1 parent-frame label keyed to installed coordinates and terrain.,false
location,unaaha,bungku_province,land,Southern Mori–Kendari Woodlands,local historical geography / English,ancient-parent coordinate-terrain construction,GEO-PROXY;installed:in_game/map_data/location_templates.txt,medium,Distinct AD 1 parent-frame label keyed to installed coordinates and terrain.,false
location,unaizah,east_qassim_province,land,Southern Central Najd Oasis Uplands,local historical geography / English,ancient-parent coordinate-terrain construction,GEO-PROXY;installed:in_game/map_data/location_templates.txt,medium,Distinct AD 1 parent-frame label keyed to installed coordinates and terrain.,false
location,unalakleet,unaligmiut_province,land,Outer Northeastern Kwiguk Interior Hills,local historical geography / English,ancient-parent coordinate-terrain construction,GEO-PROXY;installed:in_game/map_data/location_templates.txt,medium,Distinct AD 1 parent-frame label keyed to installed coordinates and terrain.,false
location,unazigmit,north_onmilin_province,land,Southeastern Northern-Chukotka Tundra-Maritime Open Plains,local historical geography / English,ancient-parent coordinate-terrain construction,GEO-PROXY;installed:in_game/map_data/location_templates.txt,medium,Distinct AD 1 parent-frame label keyed to installed coordinates and terrain.,false
location,uncompaghre,weeminuche_province,land,Northeastern Uncompahgre–Wasatch Hills,local historical geography / English,ancient-parent coordinate-terrain construction,GEO-PROXY;installed:in_game/map_data/location_templates.txt,medium,Distinct AD 1 parent-frame label keyed to installed coordinates and terrain.,false
location,unda,lower_onon_province,land,Northeastern Xiongnu Lower-Onon Valleys Hills,local historical geography / English,ancient-parent coordinate-terrain construction,GEO-PROXY;installed:in_game/map_data/location_templates.txt,medium,Distinct AD 1 parent-frame label keyed to installed coordinates and terrain.,false
location,undrugonda,golconda_province,land,Northeastern Lower Musi Andhra Plains,local historical geography / English,ancient-parent coordinate-terrain construction,GEO-PROXY;installed:in_game/map_data/location_templates.txt,medium,Distinct AD 1 parent-frame label keyed to installed coordinates and terrain.,false
location,undurkhaan,kerulen_province,land,Eastern Xiongnu Kherlen Heartland Uplands,local historical geography / English,ancient-parent coordinate-terrain construction,GEO-PROXY;installed:in_game/map_data/location_templates.txt,medium,Distinct AD 1 parent-frame label keyed to installed coordinates and terrain.,false
location,unezhma,pomorye_province,land,Northwestern Finnic White Vygozero Woodlands,local historical geography / English,ancient-parent coordinate-terrain construction,GEO-PROXY;installed:in_game/map_data/location_templates.txt,medium,Distinct AD 1 parent-frame label keyed to installed coordinates and terrain.,false
location,ung,khilok_province,land,Southwestern Xiongnu Khilok–Selenga Valley Hills,local historical geography / English,ancient-parent coordinate-terrain construction,GEO-PROXY;installed:in_game/map_data/location_templates.txt,medium,Distinct AD 1 parent-frame label keyed to installed coordinates and terrain.,false
location,unga_sea,unalaska_coast_sea_zones_province,sea,Aleutian Unimak–Sanak Central Bight,local historical geography / English,ancient-parent coordinate-terrain construction,GEO-PROXY;installed:in_game/map_data/location_templates.txt,medium,Distinct AD 1 parent-frame label keyed to installed coordinates and terrain.,false
location,ungaliq,unaligmiut_province,land,Far Northeastern Unalakleet–Kwiguk Interior Hills,local historical geography / English,ancient-parent coordinate-terrain construction,GEO-PROXY;installed:in_game/map_data/location_templates.txt,medium,Distinct AD 1 parent-frame label keyed to installed coordinates and terrain.,false
location,ungava_bay_high_sea,hudson_strait_sea_zones_province,sea,Southeastern Dorset Bight,local historical geography / English,ancient-parent coordinate-terrain construction,GEO-PROXY;installed:in_game/map_data/location_templates.txt,medium,Distinct AD 1 parent-frame label keyed to installed coordinates and terrain.,false
location,ungava_peninsula,koksoak_province,land,Southeastern Koksoak Tundra Rocky Uplands,local historical geography / English,ancient-parent coordinate-terrain construction,GEO-PROXY;installed:in_game/map_data/location_templates.txt,medium,Distinct AD 1 parent-frame label keyed to installed coordinates and terrain.,false
location,unggami,warwa_province,land,Central Southern Wilinggin–Worrorra Monsoon Hills,local historical geography / English,ancient-parent coordinate-terrain construction,GEO-PROXY;installed:in_game/map_data/location_templates.txt,medium,Distinct AD 1 parent-frame label keyed to installed coordinates and terrain.,false
location,unggarangi,warwa_province,land,Outer Southwestern Wilinggin–Worrorra Lowlands,local historical geography / English,ancient-parent coordinate-terrain construction,GEO-PROXY;installed:in_game/map_data/location_templates.txt,medium,Distinct AD 1 parent-frame label keyed to installed coordinates and terrain.,false
location,ungheni,iasi_province,land,Northern Bastarnae–Costoboci Prut Woodlands,local historical geography / English,ancient-parent coordinate-terrain construction,GEO-PROXY;installed:in_game/map_data/location_templates.txt,medium,Distinct AD 1 parent-frame label keyed to installed coordinates and terrain.,false
location,ungwana,lamu_archipelago_province,land,Southwestern Northern Azanian Ports Woodlands,local historical geography / English,ancient-parent coordinate-terrain construction,GEO-PROXY;installed:in_game/map_data/location_templates.txt,medium,Distinct AD 1 parent-frame label keyed to installed coordinates and terrain.,false
location,uni,nema_province,land,Northeastern Kilmez–Vyatka Pyanobor Woodlands,local historical geography / English,ancient-parent coordinate-terrain construction,GEO-PROXY;installed:in_game/map_data/location_templates.txt,medium,Distinct AD 1 parent-frame label keyed to installed coordinates and terrain.,false
location,unica,cayas_province,land,Northeastern Arkansas–Ozark Hills,local historical geography / English,ancient-parent coordinate-terrain construction,GEO-PROXY;installed:in_game/map_data/location_templates.txt,medium,Distinct AD 1 parent-frame label keyed to installed coordinates and terrain.,false
location,uniejow,sieradz_province,land,Northwestern Przeworsk Warta–Prosna Woodlands,local historical geography / English,ancient-parent coordinate-terrain construction,GEO-PROXY;installed:in_game/map_data/location_templates.txt,medium,Distinct AD 1 parent-frame label keyed to installed coordinates and terrain.,false
location,unimax,unalaska_province,land,Southwestern Aleutian Unimak–Chignik Open Plains,local historical geography / English,ancient-parent coordinate-terrain construction,GEO-PROXY;installed:in_game/map_data/location_templates.txt,medium,Distinct AD 1 parent-frame label keyed to installed coordinates and terrain.,false
location,uninka,bolon_province,land,Southeastern Lower Amur–Sungari Pol'tse Highlands,local historical geography / English,ancient-parent coordinate-terrain construction,GEO-PROXY;installed:in_game/map_data/location_templates.txt,medium,Distinct AD 1 parent-frame label keyed to installed coordinates and terrain.,false
location,unjegah,dunnneza_province,land,Southwestern Peace River–Rocky Mountain High District,local historical geography / English,ancient-parent coordinate-terrain construction,GEO-PROXY;installed:in_game/map_data/location_templates.txt,medium,Distinct AD 1 parent-frame label keyed to installed coordinates and terrain.,false
