granularity,key,parent,kind,ad1_name,language,method,source,confidence,note,unchanged_verified
location,katobe_a_mubebe,anbamba_province,land,Katobe A Mubebe Kwanza,ancient or local ethnogeographic / English,source-led AD 1 province-centroid construction,installed:in_game/map_data/location_templates.txt;GEO-PROXY;JAH-BANTU-MOBILITY,medium,The label combines the researched AD 1 province frame with installed terrain and relative position.,false
location,katok,derge_province,land,Upriver Drichu Eastern,ancient or local ethnogeographic / English,source-led AD 1 province-centroid construction,installed:in_game/map_data/location_templates.txt;installed:in_game/map_data/definitions.txt;https://www.britannica.com/place/Yangtze-River,medium,The label combines the researched AD 1 province frame with installed terrain and relative position.,false
location,katol,upper_vidarbha,land,Vidarbha Wainganga–Satpura,ancient or local ethnogeographic / English,source-led AD 1 province-centroid construction,installed:in_game/map_data/location_templates.txt;GEO-PROXY;PER,medium,The label combines the researched AD 1 province frame with installed terrain and relative position.,false
location,katori,shimousa_province,land,Chiba–Katori Wa Southeastern,ancient or local ethnogeographic / English,source-led AD 1 province-centroid construction,installed:in_game/map_data/location_templates.txt;GEO-PROXY;ISIJ-YAY,medium,The label combines the researched AD 1 province frame with installed terrain and relative position.,false
location,katou,tokachi_province,land,North Epi,ancient or local ethnogeographic / English,source-led AD 1 province-centroid construction,installed:in_game/map_data/location_templates.txt;GEO-PROXY;RYU-ARC,medium,The label combines the researched AD 1 province frame with installed terrain and relative position.,false
location,katou_bicchuu,bicchuu_province,land,Kibi Southwestern,ancient or local ethnogeographic / English,source-led AD 1 province-centroid construction,installed:in_game/map_data/location_templates.txt;GEO-PROXY;https://www.metmuseum.org/toah/hd/yayo/hd_yayo.htm,medium,The label combines the researched AD 1 province frame with installed terrain and relative position.,false
location,katrasgarh,hazaribagh_province,land,Chota Nagpur Iron-Forest,ancient or local ethnogeographic / English,source-led AD 1 province-centroid construction,installed:in_game/map_data/location_templates.txt;GEO-PROXY;https://www.britannica.com/place/Chota-Nagpur,medium,The label combines the researched AD 1 province frame with installed terrain and relative position.,false
location,katrawunletuayin,patagonia_province,land,Northeast Cruz,ancient or local ethnogeographic / English,source-led AD 1 province-centroid construction,installed:in_game/map_data/location_templates.txt;GEO-PROXY;https://whc.unesco.org/en/list/936/,medium,The label combines the researched AD 1 province frame with installed terrain and relative position.,false
location,katsina,katsina_province,land,Daura–Katsina Iron,ancient or local ethnogeographic / English,source-led AD 1 province-centroid construction,installed:in_game/map_data/location_templates.txt;GEO-PROXY;OUP-CHAD,medium,The label combines the researched AD 1 province frame with installed terrain and relative position.,false
location,katsina_ala,enugu_province,land,Nsukka–Lejja Ironworking,ancient or local ethnogeographic / English,source-led AD 1 province-centroid construction,installed:in_game/map_data/location_templates.txt;installed:in_game/map_data/definitions.txt;https://www.nature.com/articles/s40494-024-01383-2,medium,The label combines the researched AD 1 province frame with installed terrain and relative position.,false
location,katsushika,shimousa_province,land,Chiba–Katori Wa Western Plain,ancient or local ethnogeographic / English,source-led AD 1 province-centroid construction,installed:in_game/map_data/location_templates.txt;GEO-PROXY;ISIJ-YAY,medium,The label combines the researched AD 1 province frame with installed terrain and relative position.,false
location,katta,iwaki_province,land,South Yayoi,ancient or local ethnogeographic / English,source-led AD 1 province-centroid construction,installed:in_game/map_data/location_templates.txt;GEO-PROXY;https://www.metmuseum.org/toah/hd/yayo/hd_yayo.htm,medium,The label combines the researched AD 1 province frame with installed terrain and relative position.,false
location,kattashor_lake,khiva_province,lake,Chorasmia Kattashor Lake,ancient or local ethnogeographic / English,source-led AD 1 province-centroid construction,installed:in_game/map_data/location_templates.txt;GEO-PROXY;UNESCO-CA-NOMADS,medium,The label combines the researched AD 1 province frame with installed terrain and relative position.,false
location,kattegatt,danish_sea,sea,Sinus Codanus Channel,ancient or local ethnogeographic / English,source-led AD 1 province-centroid construction,installed:in_game/map_data/location_templates.txt;installed:in_game/map_data/definitions.txt;https://www.perseus.tufts.edu/hopper/text?doc=Perseus%3Atext%3A1999.01.0198%3Abook%3D7,medium,The label combines the researched AD 1 province frame with installed terrain and relative position.,false
location,katugino,irakinda_province,land,Kuanda–Olyokma,ancient or local ethnogeographic / English,source-led AD 1 province-centroid construction,installed:in_game/map_data/location_templates.txt;GEO-PROXY;https://www.britannica.com/place/Olekma-River,medium,The label combines the researched AD 1 province frame with installed terrain and relative position.,false
location,katumbele,wambu_province,land,Cubal–Cunene Eastern Plateau,ancient or local ethnogeographic / English,source-led AD 1 province-centroid construction,installed:in_game/map_data/location_templates.txt;GEO-PROXY;JAH-BANTU-MOBILITY,medium,The label combines the researched AD 1 province frame with installed terrain and relative position.,false
location,katwe,katonga_province,land,Nalubaale–Katonga Urewe,ancient or local ethnogeographic / English,source-led AD 1 province-centroid construction,installed:in_game/map_data/location_templates.txt;GEO-PROXY;AZA-UREWE,medium,The label combines the researched AD 1 province frame with installed terrain and relative position.,false
location,katyn,verzhavsk_province,land,Dnieper–Dvina Kasplya,ancient or local ethnogeographic / English,source-led AD 1 province-centroid construction,installed:in_game/map_data/location_templates.txt;ENC-NEEU;GEO-PROXY,medium,The label combines the researched AD 1 province frame with installed terrain and relative position.,false
location,katzenelnbogen,taunus_province,land,Taunus–Lahn Chatti,ancient or local ethnogeographic / English,source-led AD 1 province-centroid construction,installed:in_game/map_data/location_templates.txt;installed:in_game/map_data/definitions.txt;STR-GER;TAC-GER,medium,The label combines the researched AD 1 province frame with installed terrain and relative position.,false
location,katzie,halkomelem_province,land,Stó꞉lō Salishan Northwestern,ancient or local ethnogeographic / English,source-led AD 1 province-centroid construction,installed:in_game/map_data/location_templates.txt;GEO-PROXY;https://www.thecanadianencyclopedia.ca/en/article/coast-salish,medium,The label combines the researched AD 1 province frame with installed terrain and relative position.,false
location,kaua_i,maui_province,land,Kaua I Central Hawaiian Isles,ancient or local ethnogeographic / English,source-led AD 1 province-centroid construction,installed:in_game/map_data/location_templates.txt;GEO-PROXY;https://www.nps.gov/hale/learn/historyculture/archeology.htm,medium,The label combines the researched AD 1 province frame with installed terrain and relative position.,false
location,kauakiekamatsh,waskaganish_province,land,Northeast Nemaska,ancient or local ethnogeographic / English,source-led AD 1 province-centroid construction,installed:in_game/map_data/location_templates.txt;installed:in_game/map_data/definitions.txt;GEO-PROXY,medium,The label combines the researched AD 1 province frame with installed terrain and relative position.,false
location,kaudwane,xun_province,land,Okavango–Omatako San Eastern,ancient or local ethnogeographic / English,source-led AD 1 province-centroid construction,installed:in_game/map_data/location_templates.txt;installed:in_game/map_data/definitions.txt;OUP-SOUTH-AFRICA;GEO-PROXY,medium,The label combines the researched AD 1 province frame with installed terrain and relative position.,false
location,kauehi_atoll,fakarava_province,land,Heartland Lowlying Atolls,ancient or local ethnogeographic / English,source-led AD 1 province-centroid construction,installed:in_game/map_data/location_templates.txt;installed:in_game/map_data/definitions.txt;https://www.britannica.com/place/Tuamotu-Archipelago,medium,The label combines the researched AD 1 province frame with installed terrain and relative position.,false
location,kauehi_coast,fakarava_coastal_sea_zones_province,sea,Atoll Offing,ancient or local ethnogeographic / English,source-led AD 1 province-centroid construction,installed:in_game/map_data/location_templates.txt;installed:in_game/map_data/definitions.txt;https://www.britannica.com/place/Tuamotu-Archipelago,medium,The label combines the researched AD 1 province frame with installed terrain and relative position.,false
location,kauipushkakamat,aivitok_province,land,Mista-shipu–Sheshatshiu,ancient or local ethnogeographic / English,source-led AD 1 province-centroid construction,installed:in_game/map_data/location_templates.txt;installed:in_game/map_data/definitions.txt;GEO-PROXY,medium,The label combines the researched AD 1 province frame with installed terrain and relative position.,false
location,kaukou,trakamma_province,land,Khoe Tankwa–Hantam,ancient or local ethnogeographic / English,source-led AD 1 province-centroid construction,installed:in_game/map_data/location_templates.txt;GEO-PROXY;OUP-SOUTH-AFRICA,medium,The label combines the researched AD 1 province frame with installed terrain and relative position.,false
location,kaukura_atoll,arutua_province,land,Remote Western Tuamotu Atolls,ancient or local ethnogeographic / English,source-led AD 1 province-centroid construction,installed:in_game/map_data/location_templates.txt;GEO-PROXY;https://www.cambridge.org/core/journals/antiquity/article/late-colonisation-of-east-polynesia/6F6B34DDA7B45E00D841AED9C79DDDBB,medium,The label combines the researched AD 1 province frame with installed terrain and relative position.,false
location,kaulas,warangal_province,land,Godavari–Musi Andhra,ancient or local ethnogeographic / English,source-led AD 1 province-centroid construction,installed:in_game/map_data/location_templates.txt;installed:in_game/map_data/definitions.txt;GEO-PROXY;INFLIB-EARLY-HISTORIC,medium,The label combines the researched AD 1 province frame with installed terrain and relative position.,false
location,kaulong,lamogai_province,land,Muso–Nakanai Post-Lapita,ancient or local ethnogeographic / English,source-led AD 1 province-centroid construction,installed:in_game/map_data/location_templates.txt;GEO-PROXY;CAM-LAP,medium,The label combines the researched AD 1 province frame with installed terrain and relative position.,false
location,kaunas,kaunas_province,land,Nemunas–Neris Brushed-Pottery,ancient or local ethnogeographic / English,source-led AD 1 province-centroid construction,installed:in_game/map_data/location_templates.txt;GEO-PROXY;LIT-NEMAN-STRIATED,medium,The label combines the researched AD 1 province frame with installed terrain and relative position.,false
location,kauo,papahanaumokuakea_province,land,Nihoa–Mokumanamana Isles,ancient or local ethnogeographic / English,source-led AD 1 province-centroid construction,installed:in_game/map_data/location_templates.txt;GEO-PROXY;https://www.nps.gov/papa/learn/historyculture/index.htm,medium,The label combines the researched AD 1 province frame with installed terrain and relative position.,false
location,kauo_coast,papahanaumokuakea_sea_zones_province,sea,Nihoa–Hōlanikū Shoals,ancient or local ethnogeographic / English,source-led AD 1 province-centroid construction,installed:in_game/map_data/location_templates.txt;GEO-PROXY;https://www.nps.gov/papa/learn/historyculture/index.htm,medium,The label combines the researched AD 1 province frame with installed terrain and relative position.,false
location,kaurna_pangkarra,narangga_province,land,Narungga–Kaurna Gulf,ancient or local ethnogeographic / English,source-led AD 1 province-centroid construction,installed:in_game/map_data/location_templates.txt;installed:in_game/map_data/definitions.txt;GEO-PROXY;https://aiatsis.gov.au/explore/map-indigenous-australia,medium,The label combines the researched AD 1 province frame with installed terrain and relative position.,false
location,kausseskait,mushuau_province,land,Ungava–Torngat Tundra,ancient or local ethnogeographic / English,source-led AD 1 province-centroid construction,installed:in_game/map_data/location_templates.txt;GEO-PROXY;https://www.thecanadianencyclopedia.ca/en/article/ungava-bay,medium,The label combines the researched AD 1 province frame with installed terrain and relative position.,false
location,kaustby,sodra_osterbotten_province,land,Finnic Bothnian-Coast,ancient or local ethnogeographic / English,source-led AD 1 province-centroid construction,installed:in_game/map_data/location_templates.txt;GEO-PROXY;ENC-NEEU,medium,The label combines the researched AD 1 province frame with installed terrain and relative position.,false
location,kauthara,kauthara_province,land,Sa Huỳnh Kauthara Coast,ancient or local ethnogeographic / English,source-led AD 1 province-centroid construction,installed:in_game/map_data/location_templates.txt;GEO-PROXY;https://www.metmuseum.org/toah/hd/sahu/hd_sahu.htm,medium,The label combines the researched AD 1 province frame with installed terrain and relative position.,false
location,kautokeino,finnmark_province,land,Sápmi Southwestern,ancient or local ethnogeographic / English,source-led AD 1 province-centroid construction,installed:in_game/map_data/location_templates.txt;installed:in_game/map_data/definitions.txt;https://www.britannica.com/place/Lapland,medium,The label combines the researched AD 1 province frame with installed terrain and relative position.,false
location,kauwes,karukinka_province,land,Southwest Karukinka,ancient or local ethnogeographic / English,source-led AD 1 province-centroid construction,installed:in_game/map_data/location_templates.txt;GEO-PROXY;https://www.cambridge.org/core/books/abs/archaeology-of-the-pampas-and-patagonia/introduction/2521FD9F2856E2FBD6517DA57D9C3170,medium,The label combines the researched AD 1 province frame with installed terrain and relative position.,false
location,kavaje,albania_province,land,Dyrrachium–Byllis,ancient or local ethnogeographic / English,source-led AD 1 province-centroid construction,installed:in_game/map_data/location_templates.txt;installed:in_game/map_data/definitions.txt;STR-BAL;PLE,medium,The label combines the researched AD 1 province frame with installed terrain and relative position.,false
location,kavala,lower_macedonia_province,land,East Edonis,ancient or local ethnogeographic / English,source-led AD 1 province-centroid construction,installed:in_game/map_data/location_templates.txt;GEO-PROXY;https://www.perseus.tufts.edu/hopper/text?doc=Strab.+7.7&fromdoc=Perseus%3Atext%3A1999.01.0239,medium,The label combines the researched AD 1 province frame with installed terrain and relative position.,false
location,kavalan,north_taiwan_province,land,Northern-Taiwan Austronesian,ancient or local ethnogeographic / English,source-led AD 1 province-centroid construction,installed:in_game/map_data/location_templates.txt;GEO-PROXY;https://www.britannica.com/place/Taiwan/History,medium,The label combines the researched AD 1 province frame with installed terrain and relative position.,false
location,kavali,kosta,land,North Andhra,ancient or local ethnogeographic / English,source-led AD 1 province-centroid construction,installed:in_game/map_data/location_templates.txt;GEO-PROXY;https://www.britannica.com/place/Andhra-Pradesh/History,medium,The label combines the researched AD 1 province frame with installed terrain and relative position.,false
location,kavanga,wizi_province,land,Northeast Ngovo,ancient or local ethnogeographic / English,source-led AD 1 province-centroid construction,installed:in_game/map_data/location_templates.txt;installed:in_game/map_data/definitions.txt;NGOVO-GROUP;SCI-CONGO-RAINFOREST,medium,The label combines the researched AD 1 province frame with installed terrain and relative position.,false
location,kavar,jahrom_province,land,Fasa–Jahrom Southern,ancient or local ethnogeographic / English,source-led AD 1 province-centroid construction,installed:in_game/map_data/location_templates.txt;installed:in_game/map_data/definitions.txt;GEO-PROXY;PLE,medium,The label combines the researched AD 1 province frame with installed terrain and relative position.,false
location,kavaratti_atoll,laccadive_province,land,Erythraean-Sea Coral,ancient or local ethnogeographic / English,source-led AD 1 province-centroid construction,installed:in_game/map_data/location_templates.txt;GEO-PROXY;PER,medium,The label combines the researched AD 1 province frame with installed terrain and relative position.,false
location,kavieng,patpatar_province,land,Northwest Lapita,ancient or local ethnogeographic / English,source-led AD 1 province-centroid construction,installed:in_game/map_data/location_templates.txt;GEO-PROXY;https://www.britannica.com/place/New-Ireland-island-Papua-New-Guinea,medium,The label combines the researched AD 1 province frame with installed terrain and relative position.,false
location,kavitaha,merina_province,land,Analamanga–Ikopa Highlands,ancient or local ethnogeographic / English,source-led AD 1 province-centroid construction,installed:in_game/map_data/location_templates.txt;GEO-PROXY;https://www.britannica.com/place/Madagascar/History,medium,The label combines the researched AD 1 province frame with installed terrain and relative position.,false
location,kaw,aahkawiraahkata,land,North Villages,ancient or local ethnogeographic / English,source-led AD 1 province-centroid construction,installed:in_game/map_data/location_templates.txt;installed:in_game/map_data/location_templates.txt;GEO-PROXY,medium,The label combines the researched AD 1 province frame with installed terrain and relative position.,false
location,kawabe,settsu_province,land,Kawachi–Naniwa Wa Northern,ancient or local ethnogeographic / English,source-led AD 1 province-centroid construction,installed:in_game/map_data/location_templates.txt;GEO-PROXY;ISIJ-YAY,medium,The label combines the researched AD 1 province frame with installed terrain and relative position.,false
location,kawachi,shimotsuke_province,land,Nasu–Ashikaga Wa Southeastern,ancient or local ethnogeographic / English,source-led AD 1 province-centroid construction,installed:in_game/map_data/location_templates.txt;GEO-PROXY;ISIJ-YAY,medium,The label combines the researched AD 1 province frame with installed terrain and relative position.,false
location,kawachikamasu,caniapiscau_province,land,Kaniapiskau Caribou Eastern,ancient or local ethnogeographic / English,source-led AD 1 province-centroid construction,installed:in_game/map_data/location_templates.txt;installed:in_game/map_data/definitions.txt;https://www.britannica.com/topic/Dorset-culture;GEO-PROXY,medium,The label combines the researched AD 1 province frame with installed terrain and relative position.,false
location,kawachisakau,caniapiscau_province,land,Kaniapiskau Caribou,ancient or local ethnogeographic / English,source-led AD 1 province-centroid construction,installed:in_game/map_data/location_templates.txt;installed:in_game/map_data/definitions.txt;https://www.britannica.com/topic/Dorset-culture;GEO-PROXY,medium,The label combines the researched AD 1 province frame with installed terrain and relative position.,false
location,kawahib,ji_parana_province,land,Ji,ancient or local ethnogeographic / English,source-led AD 1 province-centroid construction,installed:in_game/map_data/location_templates.txt;installed:in_game/map_data/definitions.txt;GEO-PROXY;SA-EXPANSIONS,medium,The label combines the researched AD 1 province frame with installed terrain and relative position.,false
location,kawaiapan_bay,suau_coastal_sea_zones_province,sea,Milne–Massim Island Bay,ancient or local ethnogeographic / English,source-led AD 1 province-centroid construction,installed:in_game/map_data/location_templates.txt;installed:in_game/map_data/definitions.txt;GEO-PROXY;JPA-PAPUA,medium,The label combines the researched AD 1 province frame with installed terrain and relative position.,false
location,kawaiisu,mojave_province,land,Mojave–San-Bernardino,ancient or local ethnogeographic / English,source-led AD 1 province-centroid construction,installed:in_game/map_data/location_templates.txt;GEO-PROXY;https://www.nps.gov/moja/learn/historyculture/archeology.htm,medium,The label combines the researched AD 1 province frame with installed terrain and relative position.,false
location,kawakami_hokkaido,kushiro_province,land,Epi-Jomon Kushiro–Akan,ancient or local ethnogeographic / English,source-led AD 1 province-centroid construction,installed:in_game/map_data/location_templates.txt;GEO-PROXY;https://eprints.lib.hokudai.ac.jp/dspace/handle/2115/38237,medium,The label combines the researched AD 1 province frame with installed terrain and relative position.,false
location,kawali,kawali_province,land,Priangan–Cimanuk Metal-Age,ancient or local ethnogeographic / English,source-led AD 1 province-centroid construction,installed:in_game/map_data/location_templates.txt;GEO-PROXY;https://www.cambridge.org/core/books/abs/cambridge-world-prehistory/southeast-asia/8784CA1FB2B45C97C99E03EF7193B923,medium,The label combines the researched AD 1 province frame with installed terrain and relative position.,false
location,kawanuma,iwase_province,land,West Aizu,ancient or local ethnogeographic / English,source-led AD 1 province-centroid construction,installed:in_game/map_data/location_templates.txt;GEO-PROXY;https://www.metmuseum.org/toah/hd/yayo/hd_yayo.htm,medium,The label combines the researched AD 1 province frame with installed terrain and relative position.,false
location,kawardha,dakshina_kosala,land,Southwest Kosala,ancient or local ethnogeographic / English,source-led AD 1 province-centroid construction,installed:in_game/map_data/location_templates.txt;installed:in_game/map_data/definitions.txt;https://www.britannica.com/place/Chhattisgarh,medium,The label combines the researched AD 1 province frame with installed terrain and relative position.,false
location,kawartha,kawartha_province,land,Southwest Trent,ancient or local ethnogeographic / English,source-led AD 1 province-centroid construction,installed:in_game/map_data/location_templates.txt;GEO-PROXY;OAS-POINT,medium,The label combines the researched AD 1 province frame with installed terrain and relative position.,false
location,kawashiri_cape,nagato_coast_sea_province,sea,Nagato–Tsushima Wa Bight,ancient or local ethnogeographic / English,source-led AD 1 province-centroid construction,installed:in_game/map_data/location_templates.txt;installed:in_game/map_data/definitions.txt;GEO-PROXY;ISIJ-YAY,medium,The label combines the researched AD 1 province frame with installed terrain and relative position.,false
location,kawatinook,sakitawahk_province,land,Taltheilei Missinipi,ancient or local ethnogeographic / English,source-led AD 1 province-centroid construction,installed:in_game/map_data/location_templates.txt;GEO-PROXY;https://www.thecanadianencyclopedia.ca/en/article/taltheilei-shale-tradition,medium,The label combines the researched AD 1 province frame with installed terrain and relative position.,false
location,kawawasukutisich,ungunniavik_province,land,South Whale,ancient or local ethnogeographic / English,source-led AD 1 province-centroid construction,installed:in_game/map_data/location_templates.txt;GEO-PROXY;https://www.thecanadianencyclopedia.ca/en/article/dorset-culture,medium,The label combines the researched AD 1 province frame with installed terrain and relative position.,false
location,kaweinag,asmat_province,land,Kaweinag Asmat–Kamoro Lowland,ancient or local ethnogeographic / English,source-led AD 1 province-centroid construction,installed:in_game/map_data/location_templates.txt;GEO-PROXY;JPA-PAPUA;ANU-BOMBERAI,medium,The label combines the researched AD 1 province frame with installed terrain and relative position.,false
location,kawenote,adirondacks_province,land,Point Peninsula–Adirondack,ancient or local ethnogeographic / English,source-led AD 1 province-centroid construction,installed:in_game/map_data/location_templates.txt;installed:in_game/map_data/definitions.txt;GEO-PROXY,medium,The label combines the researched AD 1 province frame with installed terrain and relative position.,false
location,kawich,nye_province,land,Desert-Kawich,ancient or local ethnogeographic / English,source-led AD 1 province-centroid construction,installed:in_game/map_data/location_templates.txt;GEO-PROXY;https://www.nps.gov/grba/learn/historyculture/index.htm,medium,The label combines the researched AD 1 province frame with installed terrain and relative position.,false
location,kawinaw,oceko_sipiy_province,land,Kawinaw Laurel Cedar–Winnipeg,ancient or local ethnogeographic / English,source-led AD 1 province-centroid construction,installed:in_game/map_data/location_templates.txt;GEO-PROXY;https://scholarlypress.si.edu/store/all/subsistence-economies-of-indigenous-north-american-societies-a-handbook/,medium,The label combines the researched AD 1 province frame with installed terrain and relative position.,false
location,kawishiwi,koochiching_province,land,Rainy–Red-Lake,ancient or local ethnogeographic / English,source-led AD 1 province-centroid construction,installed:in_game/map_data/location_templates.txt;GEO-PROXY;OAS-POINT,medium,The label combines the researched AD 1 province frame with installed terrain and relative position.,false
location,kawkaban,hudaida_province,land,East Tihama,ancient or local ethnogeographic / English,source-led AD 1 province-centroid construction,installed:in_game/map_data/location_templates.txt;GEO-PROXY;https://www.britannica.com/place/Himyar,medium,The label combines the researched AD 1 province frame with installed terrain and relative position.,false
location,kawliya,pegu_province,land,Pyu Pegu–Sittaung Lowlands,ancient or local ethnogeographic / English,source-led AD 1 province-centroid construction,installed:in_game/map_data/location_templates.txt;GEO-PROXY;https://whc.unesco.org/en/list/1444,medium,The label combines the researched AD 1 province frame with installed terrain and relative position.,false
location,kawthaung,tenasserim_province,land,South Tavoy,ancient or local ethnogeographic / English,source-led AD 1 province-centroid construction,installed:in_game/map_data/location_templates.txt;installed:in_game/map_data/definitions.txt;CAM-MYANMAR-CHRON;BELLINA-SHK,medium,The label combines the researched AD 1 province frame with installed terrain and relative position.,false
location,kaxa_marca,markahuamachuco_province,land,Northwest Cajamarca,ancient or local ethnogeographic / English,source-led AD 1 province-centroid construction,installed:in_game/map_data/location_templates.txt;installed:in_game/map_data/definitions.txt;GEO-PROXY;CWP-ANDES;MET-ANDES-1500,medium,The label combines the researched AD 1 province frame with installed terrain and relative position.,false
location,kaxarari,madeira_brazil_province,land,Cuyari–Guaporé Woodland,ancient or local ethnogeographic / English,source-led AD 1 province-centroid construction,installed:in_game/map_data/location_templates.txt;GEO-PROXY;SA-EXPANSIONS,medium,The label combines the researched AD 1 province frame with installed terrain and relative position.,false
location,kaxixo,upper_sao_francisco_province,land,Opara Ceramic-Horticultural,ancient or local ethnogeographic / English,source-led AD 1 province-centroid construction,installed:in_game/map_data/location_templates.txt;GEO-PROXY;SA-EXPANSIONS,medium,The label combines the researched AD 1 province frame with installed terrain and relative position.,false
location,kay_reef_shore,yupangathi_umbindhamu_province_coast,sea,Yupangathi–Umbindhamu Reef,ancient or local ethnogeographic / English,source-led AD 1 province-centroid construction,installed:in_game/map_data/location_templates.txt;GEO-PROXY;https://aiatsis.gov.au/explore/map-indigenous-australia,medium,The label combines the researched AD 1 province frame with installed terrain and relative position.,false
location,kaya,bicchuu_province,land,Kibi Northeastern,ancient or local ethnogeographic / English,source-led AD 1 province-centroid construction,installed:in_game/map_data/location_templates.txt;GEO-PROXY;https://www.metmuseum.org/toah/hd/yayo/hd_yayo.htm,medium,The label combines the researched AD 1 province frame with installed terrain and relative position.,false
location,kaya_bay,sumatra_coast_province,sea,Indragiri–Karimata Strait Bay,ancient or local ethnogeographic / English,source-led AD 1 province-centroid construction,installed:in_game/map_data/location_templates.txt;installed:in_game/map_data/definitions.txt;GEO-PROXY;BELLINA-SHK,medium,The label combines the researched AD 1 province frame with installed terrain and relative position.,false
location,kaya_paha,kaya_paha_province,land,Niobrara–Keya-Paha Eastern,ancient or local ethnogeographic / English,source-led AD 1 province-centroid construction,installed:in_game/map_data/location_templates.txt;GEO-PROXY;MOSHPO-KC,medium,The label combines the researched AD 1 province frame with installed terrain and relative position.,false
location,kayabe,oshima_province,land,Epi-Jōmon Oshima,ancient or local ethnogeographic / English,source-led AD 1 province-centroid construction,installed:in_game/map_data/location_templates.txt;GEO-PROXY;https://www.jomon-no-mori.jp/english/jomon_no_mori/,medium,The label combines the researched AD 1 province frame with installed terrain and relative position.,false
location,kayabi,juruena_province,land,Northwest Pires,ancient or local ethnogeographic / English,source-led AD 1 province-centroid construction,installed:in_game/map_data/location_templates.txt;installed:in_game/map_data/definitions.txt;GEO-PROXY;SA-EXPANSIONS,medium,The label combines the researched AD 1 province frame with installed terrain and relative position.,false
location,kayabi_jungle,juruena_province,land,North Pires,ancient or local ethnogeographic / English,source-led AD 1 province-centroid construction,installed:in_game/map_data/location_templates.txt;installed:in_game/map_data/definitions.txt;GEO-PROXY;SA-EXPANSIONS,medium,The label combines the researched AD 1 province frame with installed terrain and relative position.,false
location,kayagar,asmat_province,land,Kayagar Asmat–Kamoro Lowland,ancient or local ethnogeographic / English,source-led AD 1 province-centroid construction,installed:in_game/map_data/location_templates.txt;GEO-PROXY;JPA-PAPUA;ANU-BOMBERAI,medium,The label combines the researched AD 1 province frame with installed terrain and relative position.,false
location,kayal,pandya_nadu,land,Southwest Realm,ancient or local ethnogeographic / English,source-led AD 1 province-centroid construction,installed:in_game/map_data/location_templates.txt;GEO-PROXY;PER;CAM-TAMIL-MERCHANTS,medium,The label combines the researched AD 1 province frame with installed terrain and relative position.,false
location,kayalyk,kayalyk_province,land,Wusun Lepsy–Ayagoz Valleys,ancient or local ethnogeographic / English,source-led AD 1 province-centroid construction,installed:in_game/map_data/location_templates.txt;GEO-PROXY;HAN-WR;UNESCO-CA-NOMADS,medium,The label combines the researched AD 1 province frame with installed terrain and relative position.,false
location,kayambi,quitu_province,land,Quito Regional Lands,ancient or local ethnogeographic / English,source-led AD 1 province-centroid construction,installed:in_game/map_data/location_templates.txt;installed:in_game/map_data/definitions.txt;GEO-PROXY;https://www.metmuseum.org/toah/hd/ande/hd_ande.htm,medium,The label combines the researched AD 1 province frame with installed terrain and relative position.,false
location,kayan,berau_province,land,Kayan–Berau River,ancient or local ethnogeographic / English,source-led AD 1 province-centroid construction,installed:in_game/map_data/location_templates.txt;GEO-PROXY;QSR-LIANG-JON;QINT-LIANG-ABU,medium,The label combines the researched AD 1 province frame with installed terrain and relative position.,false
location,kayan_melawai,melawai_province,land,Kapuas–Melawi Metal-Age,ancient or local ethnogeographic / English,source-led AD 1 province-centroid construction,installed:in_game/map_data/location_templates.txt;GEO-PROXY;https://www.britannica.com/place/Borneo/History,medium,The label combines the researched AD 1 province frame with installed terrain and relative position.,false
location,kayangel_coast,belau_sea_zones_province,sea,Belau Passage Offing,ancient or local ethnogeographic / English,source-led AD 1 province-centroid construction,installed:in_game/map_data/location_templates.txt;installed:in_game/map_data/definitions.txt;https://www.britannica.com/place/Palau,medium,The label combines the researched AD 1 province frame with installed terrain and relative position.,false
location,kayapo,grande_province,land,Opara Dry Forests,ancient or local ethnogeographic / English,source-led AD 1 province-centroid construction,installed:in_game/map_data/location_templates.txt;installed:in_game/map_data/definitions.txt;https://www.britannica.com/place/Sao-Francisco-River;GEO-PROXY,medium,The label combines the researched AD 1 province frame with installed terrain and relative position.,false
location,kayattar,pandya_nadu,land,Pandya Realm,ancient or local ethnogeographic / English,source-led AD 1 province-centroid construction,installed:in_game/map_data/location_templates.txt;GEO-PROXY;PER;CAM-TAMIL-MERCHANTS,medium,The label combines the researched AD 1 province frame with installed terrain and relative position.,false
location,kayeli,buru_province,land,Buru–Sula Worlds Southeastern,ancient or local ethnogeographic / English,source-led AD 1 province-centroid construction,installed:in_game/map_data/location_templates.txt;installed:in_game/map_data/definitions.txt;https://www.metmuseum.org/toah/hd/indp/hd_indp.htm;GEO-PROXY,medium,The label combines the researched AD 1 province frame with installed terrain and relative position.,false
location,kayen,tashir_province,land,Tashir–Gugark Armenian Lands,ancient or local ethnogeographic / English,source-led AD 1 province-centroid construction,installed:in_game/map_data/location_templates.txt;installed:in_game/map_data/definitions.txt;IRAN-ARM;IRAN-GEO,medium,The label combines the researched AD 1 province frame with installed terrain and relative position.,false
location,kayes,khaaso_province,land,Upper-Senegal–Falémé Iron,ancient or local ethnogeographic / English,source-led AD 1 province-centroid construction,installed:in_game/map_data/location_templates.txt;GEO-PROXY;JAH-GHANA,medium,The label combines the researched AD 1 province frame with installed terrain and relative position.,false
location,kayeskikan,chequamegon_province,land,South Superior,ancient or local ethnogeographic / English,source-led AD 1 province-centroid construction,installed:in_game/map_data/location_templates.txt;installed:in_game/map_data/definitions.txt;https://www.britannica.com/topic/Woodland-cultures,medium,The label combines the researched AD 1 province frame with installed terrain and relative position.,false
location,kayigyalik_lake,kaialigamiut_province,lake,Nunivak–Kuskokwim Kayigyalik,ancient or local ethnogeographic / English,source-led AD 1 province-centroid construction,installed:in_game/map_data/location_templates.txt;installed:in_game/map_data/definitions.txt;GEO-PROXY;https://www.nps.gov/articles/iyatayet.htm,medium,The label combines the researched AD 1 province frame with installed terrain and relative position.,false
location,kaymaz,sivrihisar_province,land,Southwest Phrygia,ancient or local ethnogeographic / English,source-led AD 1 province-centroid construction,installed:in_game/map_data/location_templates.txt;GEO-PROXY;https://www.perseus.tufts.edu/hopper/text?doc=Strab.+12.8&fromdoc=Perseus%3Atext%3A1999.01.0198,medium,The label combines the researched AD 1 province frame with installed terrain and relative position.,false
location,kaynar,shagiz_province,land,Kangju Shagiz–Emba Pastures,ancient or local ethnogeographic / English,source-led AD 1 province-centroid construction,installed:in_game/map_data/location_templates.txt;GEO-PROXY;HAN-WR,medium,The label combines the researched AD 1 province frame with installed terrain and relative position.,false
location,kaynar_atbai,sarybulak_province,land,Tasmola Arkat–Sarysu Steppe,ancient or local ethnogeographic / English,source-led AD 1 province-centroid construction,installed:in_game/map_data/location_templates.txt;GEO-PROXY;ACSS-ALTAI-XIONGNU,medium,The label combines the researched AD 1 province frame with installed terrain and relative position.,false
location,kaypikupau,ungunniavik_province,land,Southwest Whale,ancient or local ethnogeographic / English,source-led AD 1 province-centroid construction,installed:in_game/map_data/location_templates.txt;GEO-PROXY;https://www.thecanadianencyclopedia.ca/en/article/dorset-culture,medium,The label combines the researched AD 1 province frame with installed terrain and relative position.,false
location,kayrakty,irgiz_province,land,Turgai–Irgiz Sarmatian Steppe,ancient or local ethnogeographic / English,source-led AD 1 province-centroid construction,installed:in_game/map_data/location_templates.txt;GEO-PROXY;UNESCO-CA-NOMADS;WIL-SAR,medium,The label combines the researched AD 1 province frame with installed terrain and relative position.,false
location,kayseri,kayseri_province,land,North Mazaca,ancient or local ethnogeographic / English,source-led AD 1 province-centroid construction,installed:in_game/map_data/location_templates.txt;GEO-PROXY;STR-ANA,medium,The label combines the researched AD 1 province frame with installed terrain and relative position.,false
location,kaysun,malatya_province,land,Southwest Melitene,ancient or local ethnogeographic / English,source-led AD 1 province-centroid construction,installed:in_game/map_data/location_templates.txt;installed:in_game/map_data/definitions.txt;GEO-PROXY;STR-ANA;PLE,medium,The label combines the researched AD 1 province frame with installed terrain and relative position.,false
location,kayuadi_island,bone_coast_sea_province,sea,Selayar–South Sulawesi,ancient or local ethnogeographic / English,source-led AD 1 province-centroid construction,installed:in_game/map_data/location_templates.txt;GEO-PROXY;ANU-SULAWESI,medium,The label combines the researched AD 1 province frame with installed terrain and relative position.,false
location,kazachinskoye,bolshoy_uluy_province,land,Chulym–Ket Taiga Eastern,ancient or local ethnogeographic / English,source-led AD 1 province-centroid construction,installed:in_game/map_data/location_templates.txt;GEO-PROXY;TOM-KUL,medium,The label combines the researched AD 1 province frame with installed terrain and relative position.,false
location,kazachye,xahaaciya_province,land,East Kular,ancient or local ethnogeographic / English,source-led AD 1 province-centroid construction,installed:in_game/map_data/location_templates.txt;installed:in_game/map_data/definitions.txt;GEO-PROXY,medium,The label combines the researched AD 1 province frame with installed terrain and relative position.,false
location,kazaidi,lualaba_province,land,Southeast Lubudi,ancient or local ethnogeographic / English,source-led AD 1 province-centroid construction,installed:in_game/map_data/location_templates.txt;GEO-PROXY;SCI-CONGO-RAINFOREST;JAH-BANTU-MOBILITY,medium,The label combines the researched AD 1 province frame with installed terrain and relative position.,false
location,kazan,kazan_province,land,Volga–Kama Pyanobor,ancient or local ethnogeographic / English,source-led AD 1 province-centroid construction,installed:in_game/map_data/location_templates.txt;GEO-PROXY;ENC-NEEU,medium,The label combines the researched AD 1 province frame with installed terrain and relative position.,false
location,kazan_uplands,thaolintoa_province,land,East Kazan,ancient or local ethnogeographic / English,source-led AD 1 province-centroid construction,installed:in_game/map_data/location_templates.txt;GEO-PROXY;https://www.thecanadianencyclopedia.ca/en/article/dorset-culture,medium,The label combines the researched AD 1 province frame with installed terrain and relative position.,false
location,kazari,ryazan_province,land,Gorodets Oka–Moksha,ancient or local ethnogeographic / English,source-led AD 1 province-centroid construction,installed:in_game/map_data/location_templates.txt;GEO-PROXY;ENC-NEEU,medium,The label combines the researched AD 1 province frame with installed terrain and relative position.,false
location,kazatlyk,isbijab_province,land,White-River Kangju March,ancient or local ethnogeographic / English,source-led AD 1 province-centroid construction,installed:in_game/map_data/location_templates.txt;GEO-PROXY;IRAN-SOG-KANGJU;UNESCO-CA-NOMADS,medium,The label combines the researched AD 1 province frame with installed terrain and relative position.,false
location,kazaure,kano_province,land,Nok–Kano Iron Northwestern,ancient or local ethnogeographic / English,source-led AD 1 province-centroid construction,installed:in_game/map_data/location_templates.txt;GEO-PROXY;JAA-NOK;OUP-NOK,medium,The label combines the researched AD 1 province frame with installed terrain and relative position.,false
location,kazeh,ugalla_province,land,Early-Bantu Ugalla–Malagarasi,ancient or local ethnogeographic / English,source-led AD 1 province-centroid construction,installed:in_game/map_data/location_templates.txt;GEO-PROXY;JAH-BANTU-MOBILITY,medium,The label combines the researched AD 1 province frame with installed terrain and relative position.,false
location,kazembe,mweru_province,land,Upemba–Mweru Southeastern,ancient or local ethnogeographic / English,source-led AD 1 province-centroid construction,installed:in_game/map_data/location_templates.txt;GEO-PROXY;JAH-BANTU-MOBILITY,medium,The label combines the researched AD 1 province frame with installed terrain and relative position.,false
location,kazerun,kazerun_province,land,North Gate,ancient or local ethnogeographic / English,source-led AD 1 province-centroid construction,installed:in_game/map_data/location_templates.txt;GEO-PROXY;https://www.iranicaonline.org/articles/elymais,medium,The label combines the researched AD 1 province frame with installed terrain and relative position.,false
location,kazhi,lithang_province,land,Northeast Highland,ancient or local ethnogeographic / English,source-led AD 1 province-centroid construction,installed:in_game/map_data/location_templates.txt;GEO-PROXY;CAM-TIB-ARCH,medium,The label combines the researched AD 1 province frame with installed terrain and relative position.,false
location,kazhma,baykit_province,land,Stony Tunguska Taiga,ancient or local ethnogeographic / English,source-led AD 1 province-centroid construction,installed:in_game/map_data/location_templates.txt;installed:in_game/map_data/definitions.txt;https://www.britannica.com/place/Tunguska-River,medium,The label combines the researched AD 1 province frame with installed terrain and relative position.,false
location,kazimah,batin_province,land,Characene Desert March,ancient or local ethnogeographic / English,source-led AD 1 province-centroid construction,installed:in_game/map_data/location_templates.txt;installed:in_game/map_data/definitions.txt;https://depts.washington.edu/silkroad/texts/periplus/periplus.html,medium,The label combines the researched AD 1 province frame with installed terrain and relative position.,false
location,kazimierz,lublin_province,land,West Wieprz,ancient or local ethnogeographic / English,source-led AD 1 province-centroid construction,installed:in_game/map_data/location_templates.txt;GEO-PROXY;UW-PRZEWORSK;PAN-LPR,medium,The label combines the researched AD 1 province frame with installed terrain and relative position.,false
location,kazungala,utembo_province,land,South Kafue,ancient or local ethnogeographic / English,source-led AD 1 province-centroid construction,installed:in_game/map_data/location_templates.txt;GEO-PROXY;JAH-BANTU-MOBILITY,medium,The label combines the researched AD 1 province frame with installed terrain and relative position.,false
location,kazuno,rikuou_province,land,South Emishi,ancient or local ethnogeographic / English,source-led AD 1 province-centroid construction,installed:in_game/map_data/location_templates.txt;GEO-PROXY;ISIJ-YAY,medium,The label combines the researched AD 1 province frame with installed terrain and relative position.,false
location,kazym,kazym_province,land,Northeast Ob,ancient or local ethnogeographic / English,source-led AD 1 province-centroid construction,installed:in_game/map_data/location_templates.txt;GEO-PROXY;BSE-UST-POLUY,medium,The label combines the researched AD 1 province frame with installed terrain and relative position.,false
location,kcewite,kawesqar_province,land,West Channel,ancient or local ethnogeographic / English,source-led AD 1 province-centroid construction,installed:in_game/map_data/location_templates.txt;GEO-PROXY;https://www.cambridge.org/core/books/abs/archaeology-of-the-pampas-and-patagonia/introduction/2521FD9F2856E2FBD6517DA57D9C3170,medium,The label combines the researched AD 1 province frame with installed terrain and relative position.,false
location,kcheeminpink,menahkwesk_province,land,North Fundy,ancient or local ethnogeographic / English,source-led AD 1 province-centroid construction,installed:in_game/map_data/location_templates.txt;GEO-PROXY;https://www.pc.gc.ca/apps/dfhd/page_nhs_eng.aspx?id=1817,medium,The label combines the researched AD 1 province frame with installed terrain and relative position.,false
location,keahole_point,hawaii_sea_zones_province,sea,Hawaiʻi Offing,ancient or local ethnogeographic / English,source-led AD 1 province-centroid construction,installed:in_game/map_data/location_templates.txt;GEO-PROXY;https://www.nps.gov/articles/000/polynesian-voyaging-and-settlement.htm,medium,The label combines the researched AD 1 province frame with installed terrain and relative position.,false
location,kealakio_bay,hawaii_sea_zones_province,sea,Hawaiʻi Bight,ancient or local ethnogeographic / English,source-led AD 1 province-centroid construction,installed:in_game/map_data/location_templates.txt;GEO-PROXY;https://www.nps.gov/articles/000/polynesian-voyaging-and-settlement.htm,medium,The label combines the researched AD 1 province frame with installed terrain and relative position.,false
location,kealedji,coweta_province,land,Chattahoochee–Ocmulgee,ancient or local ethnogeographic / English,source-led AD 1 province-centroid construction,installed:in_game/map_data/location_templates.txt;GEO-PROXY;https://www.nps.gov/ocmu/learn/historyculture/woodland-period.htm,medium,The label combines the researched AD 1 province frame with installed terrain and relative position.,false
location,keban,harput_province,land,Sophene,ancient or local ethnogeographic / English,source-led AD 1 province-centroid construction,installed:in_game/map_data/location_templates.txt;GEO-PROXY;https://www.iranicaonline.org/articles/sophene,medium,The label combines the researched AD 1 province frame with installed terrain and relative position.,false
location,kebergene,south_yandin_province,land,South Indigirka,ancient or local ethnogeographic / English,source-led AD 1 province-centroid construction,installed:in_game/map_data/location_templates.txt;GEO-PROXY;https://www.britannica.com/place/Yana-River,medium,The label combines the researched AD 1 province frame with installed terrain and relative position.,false
location,kebili,djerid_province,land,Capsian Chott–Gafsa,ancient or local ethnogeographic / English,source-led AD 1 province-centroid construction,installed:in_game/map_data/location_templates.txt;GEO-PROXY;https://www.britannica.com/place/Gafsa,medium,The label combines the researched AD 1 province frame with installed terrain and relative position.,false
location,kebkabiya,north_darfur_province,land,South Wadi,ancient or local ethnogeographic / English,source-led AD 1 province-centroid construction,installed:in_game/map_data/location_templates.txt;GEO-PROXY;OUP-MERO,medium,The label combines the researched AD 1 province frame with installed terrain and relative position.,false
location,kechemeche,kechemeche_province,land,Lenape–Kechemeche-Cape,ancient or local ethnogeographic / English,source-led AD 1 province-centroid construction,installed:in_game/map_data/location_templates.txt;GEO-PROXY;NYSM-POINT,medium,The label combines the researched AD 1 province frame with installed terrain and relative position.,false
location,kechika_trail,kaska_province,land,Southwest Liard,ancient or local ethnogeographic / English,source-led AD 1 province-centroid construction,installed:in_game/map_data/location_templates.txt;GEO-PROXY;https://www.thecanadianencyclopedia.ca/en/article/liard-river,medium,The label combines the researched AD 1 province frame with installed terrain and relative position.,false
location,kecskemet,pest_province,land,Iazyges Danube–Tisza,ancient or local ethnogeographic / English,source-led AD 1 province-centroid construction,installed:in_game/map_data/location_templates.txt;GEO-PROXY;WIL-SAR,medium,The label combines the researched AD 1 province frame with installed terrain and relative position.,false
location,kedah,kedah_province,land,Kedah–Muda Monsoon-Coast,ancient or local ethnogeographic / English,source-led AD 1 province-centroid construction,installed:in_game/map_data/location_templates.txt;GEO-PROXY;https://www.cambridge.org/core/books/abs/cambridge-world-prehistory/southeast-asia/8784CA1FB2B45C97C99E03EF7193B923,medium,The label combines the researched AD 1 province frame with installed terrain and relative position.,false
location,kedah_coast,singapore_coast_province,sea,Chryse Malacca–Johor Straits,ancient or local ethnogeographic / English,source-led AD 1 province-centroid construction,installed:in_game/map_data/location_templates.txt;GEO-PROXY;PER,medium,The label combines the researched AD 1 province frame with installed terrain and relative position.,false
location,kedainiai,raseiniai_province,land,East Baltic,ancient or local ethnogeographic / English,source-led AD 1 province-centroid construction,installed:in_game/map_data/location_templates.txt;GEO-PROXY;https://www.britannica.com/topic/Baltic-languages,medium,The label combines the researched AD 1 province frame with installed terrain and relative position.,false
location,kedang,taozhou_province,land,Kedang Bailong–Longxi Qiang,ancient or local ethnogeographic / English,source-led AD 1 province-centroid construction,installed:in_game/map_data/location_templates.txt;installed:in_game/map_data/definitions.txt;BHR;CHG;CAM-EAST-TIB,medium,The label combines the researched AD 1 province frame with installed terrain and relative position.,false
location,kedang_pahu,lower_mahakam_province,land,Northwest Kutai,ancient or local ethnogeographic / English,source-led AD 1 province-centroid construction,installed:in_game/map_data/location_templates.txt;GEO-PROXY;QSR-LIANG-JON;QINT-LIANG-ABU,medium,The label combines the researched AD 1 province frame with installed terrain and relative position.,false
location,kedar,gorin_province,land,Southwest Udyl,ancient or local ethnogeographic / English,source-led AD 1 province-centroid construction,installed:in_game/map_data/location_templates.txt;installed:in_game/map_data/definitions.txt;NMJH-YIL;CAM-PROTOTUNGUSIC;GEO-PROXY,medium,The label combines the researched AD 1 province frame with installed terrain and relative position.,false
location,kedon_range,omchikan_province,land,Kolyma–Omolon Hunting Lands,ancient or local ethnogeographic / English,source-led AD 1 province-centroid construction,installed:in_game/map_data/location_templates.txt;GEO-PROXY;https://www.britannica.com/place/Kolyma-River,medium,The label combines the researched AD 1 province frame with installed terrain and relative position.,false
location,kedu,qujing_province,land,Northeast Qujing,ancient or local ethnogeographic / English,source-led AD 1 province-centroid construction,installed:in_game/map_data/location_templates.txt;installed:in_game/map_data/definitions.txt;BHR;CHG,medium,The label combines the researched AD 1 province frame with installed terrain and relative position.,false
location,kedun,tuul_province,land,Xiongnu Tuul–Khentii,ancient or local ethnogeographic / English,source-led AD 1 province-centroid construction,installed:in_game/map_data/location_templates.txt;GEO-PROXY;OUP-XIO,medium,The label combines the researched AD 1 province frame with installed terrain and relative position.,false
location,keelivtyn,anauls_province,land,Anadyr Tundra Northeastern,ancient or local ethnogeographic / English,source-led AD 1 province-centroid construction,installed:in_game/map_data/location_templates.txt;GEO-PROXY;https://www.britannica.com/place/Anadyr-River,medium,The label combines the researched AD 1 province frame with installed terrain and relative position.,false
location,keex,south_tlingit_province,land,Northwest Taku,ancient or local ethnogeographic / English,source-led AD 1 province-centroid construction,installed:in_game/map_data/location_templates.txt;GEO-PROXY;https://www.nps.gov/klgo/learn/historyculture/index.htm,medium,The label combines the researched AD 1 province frame with installed terrain and relative position.,false
location,keflavik,south_farthing,land,Fire-Ice Western,ancient or local ethnogeographic / English,source-led AD 1 province-centroid construction,installed:in_game/map_data/location_templates.txt;GEO-PROXY;https://www.britannica.com/place/Iceland/History,medium,The label combines the researched AD 1 province frame with installed terrain and relative position.,false
location,kegaska,mecatina_province,land,Point-Revenge Mécatina Coast,ancient or local ethnogeographic / English,source-led AD 1 province-centroid construction,installed:in_game/map_data/location_templates.txt;GEO-PROXY;https://www.heritage.nf.ca/articles/aboriginal/recent-indian.php,medium,The label combines the researched AD 1 province frame with installed terrain and relative position.,false
location,kegen,ilibalyk_province,land,Wusun Ili–Charyn Valleys,ancient or local ethnogeographic / English,source-led AD 1 province-centroid construction,installed:in_game/map_data/location_templates.txt;GEO-PROXY;HAN-WR;UNESCO-CA-NOMADS,medium,The label combines the researched AD 1 province frame with installed terrain and relative position.,false
location,keglo_bay,hudson_strait_sea_zones_province,sea,Dorset Ungava Passage Bay,ancient or local ethnogeographic / English,source-led AD 1 province-centroid construction,installed:in_game/map_data/location_templates.txt;GEO-PROXY;https://www.thecanadianencyclopedia.ca/en/article/dorset-culture,medium,The label combines the researched AD 1 province frame with installed terrain and relative position.,false
location,kegum_kagati_lake,kaialigamiut_province,lake,Nunivak–Kuskokwim Kegum,ancient or local ethnogeographic / English,source-led AD 1 province-centroid construction,installed:in_game/map_data/location_templates.txt;installed:in_game/map_data/definitions.txt;GEO-PROXY;https://www.nps.gov/articles/iyatayet.htm,medium,The label combines the researched AD 1 province frame with installed terrain and relative position.,false
location,kehaukee,gowtano_province,land,East Chowan,ancient or local ethnogeographic / English,source-led AD 1 province-centroid construction,installed:in_game/map_data/location_templates.txt;installed:in_game/map_data/definitions.txt;https://www.nps.gov/orgs/1539/the-southeast-chronicles-moores-creek-national-battlefield-park.htm;GEO-PROXY,medium,The label combines the researched AD 1 province frame with installed terrain and relative position.,false
location,kehek_aike,aonikenk_province,land,South Aónikenk,ancient or local ethnogeographic / English,source-led AD 1 province-centroid construction,installed:in_game/map_data/location_templates.txt;GEO-PROXY;https://www.cambridge.org/core/books/abs/archaeology-of-the-pampas-and-patagonia/introduction/2521FD9F2856E2FBD6517DA57D9C3170,medium,The label combines the researched AD 1 province frame with installed terrain and relative position.,false
location,kehsi,monghsu_province,land,Salween–Nam-Pang Highland,ancient or local ethnogeographic / English,source-led AD 1 province-centroid construction,installed:in_game/map_data/location_templates.txt;GEO-PROXY;https://www.cambridge.org/core/books/abs/cambridge-world-prehistory/southeast-asia/8784CA1FB2B45C97C99E03EF7193B923,medium,The label combines the researched AD 1 province frame with installed terrain and relative position.,false
location,kehu,shizhou_shanxi_province,land,Xihe Lishi–Fen Northwestern,ancient or local ethnogeographic / English,source-led AD 1 province-centroid construction,installed:in_game/map_data/location_templates.txt;GEO-PROXY;https://ctext.org/han-shu/di-li-zhi/ens,medium,The label combines the researched AD 1 province frame with installed terrain and relative position.,false
location,kei_mouth,goringhaikona_coast_sea_province,sea,Outeniqua–Kei Estuary,ancient or local ethnogeographic / English,source-led AD 1 province-centroid construction,installed:in_game/map_data/location_templates.txt;installed:in_game/map_data/definitions.txt;OUP-SOUTH-AFRICA;GEO-PROXY,medium,The label combines the researched AD 1 province frame with installed terrain and relative position.,false
location,kekerengu_bank,rekohu_sea_zones_province,sea,Rēkohu–Aotearoa Shoals,ancient or local ethnogeographic / English,source-led AD 1 province-centroid construction,installed:in_game/map_data/location_templates.txt;GEO-PROXY;https://teara.govt.nz/en/moriori,medium,The label combines the researched AD 1 province frame with installed terrain and relative position.,false
location,keku_strait,tlingit_sea_zones_province,sea,Tlingit–Haida Inside-Passage,ancient or local ethnogeographic / English,source-led AD 1 province-centroid construction,installed:in_game/map_data/location_templates.txt;GEO-PROXY;https://www.nps.gov/sitk/learn/historyculture/tlingit-culture.htm,medium,The label combines the researched AD 1 province frame with installed terrain and relative position.,false
location,kekwapskuk,eskikewakik_province,land,Mi'kma'ki Atlantic,ancient or local ethnogeographic / English,source-led AD 1 province-centroid construction,installed:in_game/map_data/location_templates.txt;installed:in_game/map_data/definitions.txt;https://www.britannica.com/topic/Mikmaq,medium,The label combines the researched AD 1 province frame with installed terrain and relative position.,false
location,kel_tegey,xahaaciya_province,land,Northwest Shore,ancient or local ethnogeographic / English,source-led AD 1 province-centroid construction,installed:in_game/map_data/location_templates.txt;installed:in_game/map_data/definitions.txt;GEO-PROXY,medium,The label combines the researched AD 1 province frame with installed terrain and relative position.,false
location,kelaelkces,kawesqar_province,land,West Kawesqar,ancient or local ethnogeographic / English,source-led AD 1 province-centroid construction,installed:in_game/map_data/location_templates.txt;GEO-PROXY;https://www.cambridge.org/core/books/abs/archaeology-of-the-pampas-and-patagonia/introduction/2521FD9F2856E2FBD6517DA57D9C3170,medium,The label combines the researched AD 1 province frame with installed terrain and relative position.,false
location,kelafo,haud_province,land,Haud–Webi Pastoral Southern,ancient or local ethnogeographic / English,source-led AD 1 province-centroid construction,installed:in_game/map_data/location_templates.txt;GEO-PROXY;QI-EAFRICA,medium,The label combines the researched AD 1 province frame with installed terrain and relative position.,false
location,kelan,kelan_province,land,North Loufan,ancient or local ethnogeographic / English,source-led AD 1 province-centroid construction,installed:in_game/map_data/location_templates.txt;GEO-PROXY;OUP-XIO;https://ctext.org/han-shu/xiong-nu-zhuan-xia/ens,medium,The label combines the researched AD 1 province frame with installed terrain and relative position.,false
location,kelantan,kelantan_province,land,Southeast Pattani,ancient or local ethnogeographic / English,source-led AD 1 province-centroid construction,installed:in_game/map_data/location_templates.txt;GEO-PROXY;https://www.cambridge.org/core/books/abs/cambridge-world-prehistory/southeast-asia/8784CA1FB2B45C97C99E03EF7193B923,medium,The label combines the researched AD 1 province frame with installed terrain and relative position.,false
location,kelantan_coast,kelantan_coast_sea_province,sea,Malay Monsoon Offing,ancient or local ethnogeographic / English,source-led AD 1 province-centroid construction,installed:in_game/map_data/location_templates.txt;GEO-PROXY;PER,medium,The label combines the researched AD 1 province frame with installed terrain and relative position.,false
location,kelapur,lower_vidarbha,land,Vidarbha–Berar Southeastern,ancient or local ethnogeographic / English,source-led AD 1 province-centroid construction,installed:in_game/map_data/location_templates.txt;GEO-PROXY;https://www.britannica.com/topic/Satavahana-dynasty,medium,The label combines the researched AD 1 province frame with installed terrain and relative position.,false
location,kelay,berau_province,land,Kayan–Berau River Southern,ancient or local ethnogeographic / English,source-led AD 1 province-centroid construction,installed:in_game/map_data/location_templates.txt;GEO-PROXY;QSR-LIANG-JON;QINT-LIANG-ABU,medium,The label combines the researched AD 1 province frame with installed terrain and relative position.,false
location,kele,sangaar_province,land,Southeast Aldan,ancient or local ethnogeographic / English,source-led AD 1 province-centroid construction,installed:in_game/map_data/location_templates.txt;GEO-PROXY;https://www.britannica.com/topic/Yukaghir,medium,The label combines the researched AD 1 province frame with installed terrain and relative position.,false
location,kele_bay,roviana_coastal_sea_zones_province,sea,Roviana–Marovo Island Bay,ancient or local ethnogeographic / English,source-led AD 1 province-centroid construction,installed:in_game/map_data/location_templates.txt;GEO-PROXY;CAM-LAP,medium,The label combines the researched AD 1 province frame with installed terrain and relative position.,false
location,kelheim,donau_moos_province,land,Vindelici–Raetian Danube,ancient or local ethnogeographic / English,source-led AD 1 province-centroid construction,installed:in_game/map_data/location_templates.txt;GEO-PROXY;https://www.perseus.tufts.edu/hopper/text?doc=Strab.+4.6&fromdoc=Perseus%3Atext%3A1999.01.0239,medium,The label combines the researched AD 1 province frame with installed terrain and relative position.,false
location,kelibia,tunis_province,land,Africa Carthago Plain,ancient or local ethnogeographic / English,source-led AD 1 province-centroid construction,installed:in_game/map_data/location_templates.txt;GEO-PROXY;https://penelope.uchicago.edu/Thayer/E/Roman/Texts/Pliny_the_Elder/5*.html,medium,The label combines the researched AD 1 province frame with installed terrain and relative position.,false
location,kelich,usolye_province,land,Southwest Kama,ancient or local ethnogeographic / English,source-led AD 1 province-centroid construction,installed:in_game/map_data/location_templates.txt;ENC-NEEU;GEO-PROXY,medium,The label combines the researched AD 1 province frame with installed terrain and relative position.,false
location,kelif,kelif_province,land,Nasaf–Oxus Sogdian,ancient or local ethnogeographic / English,source-led AD 1 province-centroid construction,installed:in_game/map_data/location_templates.txt;GEO-PROXY;IRAN-SOG-KANGJU,medium,The label combines the researched AD 1 province frame with installed terrain and relative position.,false
location,kelimyar,tumyat_province,land,Southeast Proto,ancient or local ethnogeographic / English,source-led AD 1 province-centroid construction,installed:in_game/map_data/location_templates.txt;GEO-PROXY;https://www.britannica.com/topic/Yukaghir,medium,The label combines the researched AD 1 province frame with installed terrain and relative position.,false
location,kelinjau,upper_mahakam_province,land,Mahakam–Telen Metal-Age,ancient or local ethnogeographic / English,source-led AD 1 province-centroid construction,installed:in_game/map_data/location_templates.txt;GEO-PROXY;https://www.britannica.com/place/Borneo/History,medium,The label combines the researched AD 1 province frame with installed terrain and relative position.,false
location,kelkit,erzurum_province,land,Northwest Armenia,ancient or local ethnogeographic / English,source-led AD 1 province-centroid construction,installed:in_game/map_data/location_templates.txt;installed:in_game/map_data/definitions.txt;https://www.perseus.tufts.edu/hopper/text?doc=Perseus%3Atext%3A1999.01.0198%3Abook%3D11,medium,The label combines the researched AD 1 province frame with installed terrain and relative position.,false
location,kelle,zinder_province,land,Komadugu–Aïr Chadic,ancient or local ethnogeographic / English,source-led AD 1 province-centroid construction,installed:in_game/map_data/location_templates.txt;GEO-PROXY;OUP-CHAD;MET-IRON,medium,The label combines the researched AD 1 province frame with installed terrain and relative position.,false
location,keller_lake,south_sahtu_province,lake,Taltheilei Keller Lake,ancient or local ethnogeographic / English,source-led AD 1 province-centroid construction,installed:in_game/map_data/location_templates.txt;GEO-PROXY;https://www.thecanadianencyclopedia.ca/en/article/taltheilei-shale-tradition,medium,The label combines the researched AD 1 province frame with installed terrain and relative position.,false
location,kellollampu,elki_province,land,Elqui–Limarí Valleys,ancient or local ethnogeographic / English,source-led AD 1 province-centroid construction,installed:in_game/map_data/location_templates.txt;installed:in_game/map_data/definitions.txt;https://www.britannica.com/place/Chile/Drainage,medium,The label combines the researched AD 1 province frame with installed terrain and relative position.,false
location,kells,meath_province,land,Northeast Boyne,ancient or local ethnogeographic / English,source-led AD 1 province-centroid construction,installed:in_game/map_data/location_templates.txt;GEO-PROXY;https://www.britannica.com/place/Ireland/Early-Celtic-Ireland,medium,The label combines the researched AD 1 province frame with installed terrain and relative position.,false
location,kelt_aiken,patagonia_province,land,Southwest Río,ancient or local ethnogeographic / English,source-led AD 1 province-centroid construction,installed:in_game/map_data/location_templates.txt;GEO-PROXY;https://whc.unesco.org/en/list/936/,medium,The label combines the researched AD 1 province frame with installed terrain and relative position.,false
location,kelta_lake,aonikenk_province,lake,Aónikenk Kelta Lake,ancient or local ethnogeographic / English,source-led AD 1 province-centroid construction,installed:in_game/map_data/location_templates.txt;GEO-PROXY;https://www.cambridge.org/core/books/abs/archaeology-of-the-pampas-and-patagonia/introduction/2521FD9F2856E2FBD6517DA57D9C3170,medium,The label combines the researched AD 1 province frame with installed terrain and relative position.,false
location,kelyuyekyan,north_alais_province,land,Yana–Indigirka Taiga,ancient or local ethnogeographic / English,source-led AD 1 province-centroid construction,installed:in_game/map_data/location_templates.txt;GEO-PROXY;https://www.britannica.com/place/Indigirka-River,medium,The label combines the researched AD 1 province frame with installed terrain and relative position.,false
location,kem,white_karelia_province,land,Kem–Kovda Woodlands Eastern,ancient or local ethnogeographic / English,source-led AD 1 province-centroid construction,installed:in_game/map_data/location_templates.txt;installed:in_game/map_data/definitions.txt;GERMANIA-NEVA;ENC-NEEU,medium,The label combines the researched AD 1 province frame with installed terrain and relative position.,false
location,kema,tumnin_province,land,Nivkh Amur–Tumnin Lands,ancient or local ethnogeographic / English,source-led AD 1 province-centroid construction,installed:in_game/map_data/location_templates.txt;GEO-PROXY;https://www.britannica.com/topic/Nivkh,medium,The label combines the researched AD 1 province frame with installed terrain and relative position.,false
location,kemah,erzurum_province,land,Southwest Euphrates,ancient or local ethnogeographic / English,source-led AD 1 province-centroid construction,installed:in_game/map_data/location_templates.txt;installed:in_game/map_data/definitions.txt;https://www.perseus.tufts.edu/hopper/text?doc=Perseus%3Atext%3A1999.01.0198%3Abook%3D11,medium,The label combines the researched AD 1 province frame with installed terrain and relative position.,false
location,kembhavi,kalyana_karnakassala,land,Southeast Karnata,ancient or local ethnogeographic / English,source-led AD 1 province-centroid construction,installed:in_game/map_data/location_templates.txt;GEO-PROXY;https://www.britannica.com/topic/Satavahana-dynasty,medium,The label combines the researched AD 1 province frame with installed terrain and relative position.,false
location,kemijarvi,kemi_lappmark_province,land,Kemi–Inari Sámi Southern,ancient or local ethnogeographic / English,source-led AD 1 province-centroid construction,installed:in_game/map_data/location_templates.txt;GEO-PROXY;https://www.britannica.com/topic/Sami,medium,The label combines the researched AD 1 province frame with installed terrain and relative position.,false
location,kemoimenahan,hochelaga_province,land,East Point,ancient or local ethnogeographic / English,source-led AD 1 province-centroid construction,installed:in_game/map_data/location_templates.txt;GEO-PROXY;https://scholarlypress.si.edu/store/all/subsistence-economies-of-indigenous-north-american-societies-a-handbook/,medium,The label combines the researched AD 1 province frame with installed terrain and relative position.,false
location,kempendyai,botomoyu_province,land,Vilyuy–Lena Taiga,ancient or local ethnogeographic / English,source-led AD 1 province-centroid construction,installed:in_game/map_data/location_templates.txt;GEO-PROXY;https://www.britannica.com/place/Vilyuy-River,medium,The label combines the researched AD 1 province frame with installed terrain and relative position.,false
location,kempten,allgau_province,land,Estiones of Cambodunum,ancient or local ethnogeographic / English,source-led AD 1 province-centroid construction,installed:in_game/map_data/location_templates.txt;installed:in_game/map_data/definitions.txt;STR-GAL;PLE,medium,The label combines the researched AD 1 province frame with installed terrain and relative position.,false
location,kenai,dena_ina_province,land,Southeast Dena'ina,ancient or local ethnogeographic / English,source-led AD 1 province-centroid construction,installed:in_game/map_data/location_templates.txt;installed:in_game/map_data/definitions.txt;https://www.britannica.com/place/Cook-Inlet,medium,The label combines the researched AD 1 province frame with installed terrain and relative position.,false
location,kenai_fjords,denaina_coast_sea_zones_province,sea,Tikahtnu–Koniag Passage,ancient or local ethnogeographic / English,source-led AD 1 province-centroid construction,installed:in_game/map_data/location_templates.txt;installed:in_game/map_data/definitions.txt;https://www.britannica.com/place/Cook-Inlet,medium,The label combines the researched AD 1 province frame with installed terrain and relative position.,false
location,kenamu,aivitok_province,land,Sheshatshiu,ancient or local ethnogeographic / English,source-led AD 1 province-centroid construction,installed:in_game/map_data/location_templates.txt;installed:in_game/map_data/definitions.txt;GEO-PROXY,medium,The label combines the researched AD 1 province frame with installed terrain and relative position.,false
location,kenda,dakshina_kosala,land,Northwest Kosala,ancient or local ethnogeographic / English,source-led AD 1 province-centroid construction,installed:in_game/map_data/location_templates.txt;installed:in_game/map_data/definitions.txt;https://www.britannica.com/place/Chhattisgarh,medium,The label combines the researched AD 1 province frame with installed terrain and relative position.,false
location,kendal,westmorland_province,land,Luguvalium–Eden Carvetii,ancient or local ethnogeographic / English,source-led AD 1 province-centroid construction,installed:in_game/map_data/location_templates.txt;installed:in_game/map_data/definitions.txt;PTO-GEO-II2;MANN-BRI,medium,The label combines the researched AD 1 province frame with installed terrain and relative position.,false
location,kendari,bungku_province,land,Mori–Kendari Metal-Age,ancient or local ethnogeographic / English,source-led AD 1 province-centroid construction,installed:in_game/map_data/location_templates.txt;installed:in_game/map_data/definitions.txt;ANU-SULAWESI;SPAFA-TOPOGARO;GEO-PROXY,medium,The label combines the researched AD 1 province frame with installed terrain and relative position.,false
location,kendawangan,sukadana_province,land,Pawan–Kendawangan Bornean,ancient or local ethnogeographic / English,source-led AD 1 province-centroid construction,installed:in_game/map_data/location_templates.txt;installed:in_game/map_data/definitions.txt;GEO-PROXY;QINT-LIANG-ABU,medium,The label combines the researched AD 1 province frame with installed terrain and relative position.,false
location,kenderli_kayasan,mangistau_province,land,Dahāe Caspian Uplands,ancient or local ethnogeographic / English,source-led AD 1 province-centroid construction,installed:in_game/map_data/location_templates.txt;installed:in_game/map_data/definitions.txt;GEO-PROXY;https://www.iranicaonline.org/articles/chorasmia-i,medium,The label combines the researched AD 1 province frame with installed terrain and relative position.,false
location,keneme_cape,bengkulu_coast_sea_province,sea,Barisan–Sunda Strait Offing,ancient or local ethnogeographic / English,source-led AD 1 province-centroid construction,installed:in_game/map_data/location_templates.txt;installed:in_game/map_data/definitions.txt;https://www.britannica.com/place/Sumatra,medium,The label combines the researched AD 1 province frame with installed terrain and relative position.,false
location,kengdey,kuhuur_province,land,Northeast Lena-Delta,ancient or local ethnogeographic / English,source-led AD 1 province-centroid construction,installed:in_game/map_data/location_templates.txt;GEO-PROXY;https://www.britannica.com/place/Lena-River,medium,The label combines the researched AD 1 province frame with installed terrain and relative position.,false
location,kengkham,monghsu_province,land,Southeast Pang,ancient or local ethnogeographic / English,source-led AD 1 province-centroid construction,installed:in_game/map_data/location_templates.txt;GEO-PROXY;https://www.cambridge.org/core/books/abs/cambridge-world-prehistory/southeast-asia/8784CA1FB2B45C97C99E03EF7193B923,medium,The label combines the researched AD 1 province frame with installed terrain and relative position.,false
location,kengtawng,mongnai_province,land,East Nam,ancient or local ethnogeographic / English,source-led AD 1 province-centroid construction,installed:in_game/map_data/location_templates.txt;GEO-PROXY;https://www.cambridge.org/core/books/abs/cambridge-world-prehistory/southeast-asia/8784CA1FB2B45C97C99E03EF7193B923,medium,The label combines the researched AD 1 province frame with installed terrain and relative position.,false
location,kengtung,kengtung_province,land,Kengtung–Salween Highland,ancient or local ethnogeographic / English,source-led AD 1 province-centroid construction,installed:in_game/map_data/location_templates.txt;GEO-PROXY;https://www.cambridge.org/core/books/abs/cambridge-world-prehistory/southeast-asia/8784CA1FB2B45C97C99E03EF7193B923,medium,The label combines the researched AD 1 province frame with installed terrain and relative position.,false
location,kenhionatatie,niagara_province,land,South Point,ancient or local ethnogeographic / English,source-led AD 1 province-centroid construction,installed:in_game/map_data/location_templates.txt;installed:in_game/map_data/definitions.txt;GEO-PROXY;OAS-POINT,medium,The label combines the researched AD 1 province frame with installed terrain and relative position.,false
location,keniergyn,west_peninsula_province,land,West Chukchi,ancient or local ethnogeographic / English,source-led AD 1 province-centroid construction,installed:in_game/map_data/location_templates.txt;installed:in_game/map_data/definitions.txt;GEO-PROXY;RAD-RFE-IRON,medium,The label combines the researched AD 1 province frame with installed terrain and relative position.,false
location,kenkeme,lena_province,land,Middle-Lena Taiga,ancient or local ethnogeographic / English,source-led AD 1 province-centroid construction,installed:in_game/map_data/location_templates.txt;GEO-PROXY;https://www.britannica.com/place/Lena-River,medium,The label combines the researched AD 1 province frame with installed terrain and relative position.,false
location,kenmure,galloway_province,land,Novantae–Western Selgovae,ancient or local ethnogeographic / English,source-led AD 1 province-centroid construction,installed:in_game/map_data/location_templates.txt;installed:in_game/map_data/definitions.txt;https://www.perseus.tufts.edu/hopper/text?doc=Perseus%3Atext%3A1999.01.0239%3Abook%3D2,medium,The label combines the researched AD 1 province frame with installed terrain and relative position.,false
location,kennebango,norridgewock_province,land,Upper-Kennebec,ancient or local ethnogeographic / English,source-led AD 1 province-centroid construction,installed:in_game/map_data/location_templates.txt;GEO-PROXY;NYSM-POINT;OAS-POINT,medium,The label combines the researched AD 1 province frame with installed terrain and relative position.,false
location,kennebec,kennebec_province,land,Kennebec–Androscoggin,ancient or local ethnogeographic / English,source-led AD 1 province-centroid construction,installed:in_game/map_data/location_templates.txt;GEO-PROXY;NYSM-POINT;OAS-POINT,medium,The label combines the researched AD 1 province frame with installed terrain and relative position.,false
location,kennebecasis,menahkwesk_province,land,Southeast Fundy,ancient or local ethnogeographic / English,source-led AD 1 province-centroid construction,installed:in_game/map_data/location_templates.txt;GEO-PROXY;https://www.pc.gc.ca/apps/dfhd/page_nhs_eng.aspx?id=1817,medium,The label combines the researched AD 1 province frame with installed terrain and relative position.,false
location,kennebunk,casco_province,land,Aucocisco,ancient or local ethnogeographic / English,source-led AD 1 province-centroid construction,installed:in_game/map_data/location_templates.txt;installed:in_game/map_data/definitions.txt;https://scholarlypress.si.edu/store/all/subsistence-economies-of-indigenous-north-american-societies-a-handbook/;GEO-PROXY,medium,The label combines the researched AD 1 province frame with installed terrain and relative position.,false
location,kennetook,sipeknekatik_province,land,Maritime Cobequid,ancient or local ethnogeographic / English,source-led AD 1 province-centroid construction,installed:in_game/map_data/location_templates.txt;GEO-PROXY;https://www.pc.gc.ca/apps/dfhd/page_nhs_eng.aspx?id=1817,medium,The label combines the researched AD 1 province frame with installed terrain and relative position.,false
location,kenogamissi,mattagami_province,land,Laurel Abitibi–Mattagami Lake,ancient or local ethnogeographic / English,source-led AD 1 province-centroid construction,installed:in_game/map_data/location_templates.txt;GEO-PROXY;https://scholarlypress.si.edu/store/all/subsistence-economies-of-indigenous-north-american-societies-a-handbook/,medium,The label combines the researched AD 1 province frame with installed terrain and relative position.,false
location,kenosha,millioke_province,land,Southeast Littoral,ancient or local ethnogeographic / English,source-led AD 1 province-centroid construction,installed:in_game/map_data/location_templates.txt;GEO-PROXY;https://www.wisconsinhistory.org/Records/Article/CS383,medium,The label combines the researched AD 1 province frame with installed terrain and relative position.,false
location,kent_group_shore,braikalung_buandig_province_coast,sea,Nairm–Bunganditj Offing,ancient or local ethnogeographic / English,source-led AD 1 province-centroid construction,installed:in_game/map_data/location_templates.txt;installed:in_game/map_data/definitions.txt;https://aiatsis.gov.au/explore/map-indigenous-australia;https://www.cambridge.org/core/books/abs/cambridge-world-prehistory/archaeology-of-australia/8FD599758CD45C497555402360ECF868,medium,The label combines the researched AD 1 province frame with installed terrain and relative position.,false
location,kentucky,kentucky_province,land,Ohio–Kentucky Adena,ancient or local ethnogeographic / English,source-led AD 1 province-centroid construction,installed:in_game/map_data/location_templates.txt;GEO-PROXY;https://www.nps.gov/articles/000/adena-culture.htm,medium,The label combines the researched AD 1 province frame with installed terrain and relative position.,false
location,keoma,waskasoo_province,land,Red-Deer–Battle-River,ancient or local ethnogeographic / English,source-led AD 1 province-centroid construction,installed:in_game/map_data/location_templates.txt;installed:in_game/map_data/definitions.txt;GEO-PROXY;MOSHPO-KC,medium,The label combines the researched AD 1 province frame with installed terrain and relative position.,false
location,keonjhar,keonjhar_province,land,Southwest Atavi,ancient or local ethnogeographic / English,source-led AD 1 province-centroid construction,installed:in_game/map_data/location_templates.txt;GEO-PROXY;https://www.britannica.com/place/Kalinga-historical-kingdom-India,medium,The label combines the researched AD 1 province frame with installed terrain and relative position.,false
location,keowee,keowee_province,land,Savannah–Keowee Woodland,ancient or local ethnogeographic / English,source-led AD 1 province-centroid construction,installed:in_game/map_data/location_templates.txt;GEO-PROXY;https://www.nps.gov/ocmu/learn/historyculture/woodland-period.htm,medium,The label combines the researched AD 1 province frame with installed terrain and relative position.,false
location,keperveem,central_omok_province,land,Kolyma–Anyuy Tundra,ancient or local ethnogeographic / English,source-led AD 1 province-centroid construction,installed:in_game/map_data/location_templates.txt;installed:in_game/map_data/definitions.txt;https://www.britannica.com/place/Kolyma-River,medium,The label combines the researched AD 1 province frame with installed terrain and relative position.,false
location,kepimits,ashuanipi_province,land,Ashuanipi–Mécatina Taiga,ancient or local ethnogeographic / English,source-led AD 1 province-centroid construction,installed:in_game/map_data/location_templates.txt;GEO-PROXY;https://www.pc.gc.ca/apps/dfhd/page_nhs_eng.aspx?id=229,medium,The label combines the researched AD 1 province frame with installed terrain and relative position.,false
location,keraoua,mandara_province,land,North Mandara,ancient or local ethnogeographic / English,source-led AD 1 province-centroid construction,installed:in_game/map_data/location_templates.txt;installed:in_game/map_data/definitions.txt;GEO-PROXY;MEGACHAD-WADAI;MET-IRON,medium,The label combines the researched AD 1 province frame with installed terrain and relative position.,false
location,keraudren,jaburrara_kundal_province_coast,sea,Pilbara–Roebuck Passage,ancient or local ethnogeographic / English,source-led AD 1 province-centroid construction,installed:in_game/map_data/location_templates.txt;GEO-PROXY;https://www.britannica.com/place/Pilbara,medium,The label combines the researched AD 1 province frame with installed terrain and relative position.,false
location,kerbatch,kantor_province,land,Northwest Stone,ancient or local ethnogeographic / English,source-led AD 1 province-centroid construction,installed:in_game/map_data/location_templates.txt;GEO-PROXY;https://whc.unesco.org/en/list/1226/,medium,The label combines the researched AD 1 province frame with installed terrain and relative position.,false
location,kerbau_cape,bengkulu_coast_sea_province,sea,Barisan–Sunda Strait Bight,ancient or local ethnogeographic / English,source-led AD 1 province-centroid construction,installed:in_game/map_data/location_templates.txt;installed:in_game/map_data/definitions.txt;https://www.britannica.com/place/Sumatra,medium,The label combines the researched AD 1 province frame with installed terrain and relative position.,false
location,kerben,akhsikath_province,land,Dayuan Valley Northeastern,ancient or local ethnogeographic / English,source-led AD 1 province-centroid construction,installed:in_game/map_data/location_templates.txt;installed:in_game/map_data/definitions.txt;HAN-WR;GEO-PROXY,medium,The label combines the researched AD 1 province frame with installed terrain and relative position.,false
location,kerbi,amgun_province,land,Pol'tse Amgun–Bureya Lands,ancient or local ethnogeographic / English,source-led AD 1 province-centroid construction,installed:in_game/map_data/location_templates.txt;GEO-PROXY;NMJH-YIL;CAM-PROTOTUNGUSIC,medium,The label combines the researched AD 1 province frame with installed terrain and relative position.,false
location,kerek_uplands,kerek_province,land,Northwest Koryak,ancient or local ethnogeographic / English,source-led AD 1 province-centroid construction,installed:in_game/map_data/location_templates.txt;GEO-PROXY;https://www.britannica.com/place/Kamchatka-Peninsula,medium,The label combines the researched AD 1 province frame with installed terrain and relative position.,false
location,keren,hamasien_province,land,Aksumite Plateau of Matara,ancient or local ethnogeographic / English,source-led AD 1 province-centroid construction,installed:in_game/map_data/location_templates.txt;GEO-PROXY;https://whc.unesco.org/en/list/15/,medium,The label combines the researched AD 1 province frame with installed terrain and relative position.,false
location,keret,white_karelia_province,land,Kem–Kovda,ancient or local ethnogeographic / English,source-led AD 1 province-centroid construction,installed:in_game/map_data/location_templates.txt;installed:in_game/map_data/definitions.txt;GERMANIA-NEVA;ENC-NEEU,medium,The label combines the researched AD 1 province frame with installed terrain and relative position.,false
location,kerewo,hamtai_province,land,Purari–Kikori,ancient or local ethnogeographic / English,source-led AD 1 province-centroid construction,installed:in_game/map_data/location_templates.txt;GEO-PROXY;JPA-PAPUA,medium,The label combines the researched AD 1 province frame with installed terrain and relative position.,false
location,kergelen,southern_africa_islands_province,land,Southern-Ocean Volcanic Isles,ancient or local ethnogeographic / English,source-led AD 1 province-centroid construction,installed:in_game/map_data/location_templates.txt;GEO-PROXY;https://www.britannica.com/place/Kerguelen-Islands,medium,The label combines the researched AD 1 province frame with installed terrain and relative position.,false
location,kerhiretarhu,xilotepec_province,land,Northwest Otomí,ancient or local ethnogeographic / English,source-led AD 1 province-centroid construction,installed:in_game/map_data/location_templates.txt;installed:in_game/map_data/definitions.txt;GEO-PROXY;INAH-TEO-START,medium,The label combines the researched AD 1 province frame with installed terrain and relative position.,false
location,keriya,khotan_province,land,Yutian Oasis Eastern Plateau,ancient or local ethnogeographic / English,source-led AD 1 province-centroid construction,installed:in_game/map_data/location_templates.txt;GEO-PROXY;HAN-WR;IRAN-KHO,medium,The label combines the researched AD 1 province frame with installed terrain and relative position.,false
location,kerkennah_islands,gulf_gabes_province,sea,Syrtis Minor Passage,ancient or local ethnogeographic / English,source-led AD 1 province-centroid construction,installed:in_game/map_data/location_templates.txt;GEO-PROXY;https://www.perseus.tufts.edu/hopper/text?doc=Strab.+17.3&fromdoc=Perseus%3Atext%3A1999.01.0239,medium,The label combines the researched AD 1 province frame with installed terrain and relative position.,false
location,kerki,kelif_province,land,Nasaf–Oxus Sogdian March,ancient or local ethnogeographic / English,source-led AD 1 province-centroid construction,installed:in_game/map_data/location_templates.txt;GEO-PROXY;IRAN-SOG-KANGJU,medium,The label combines the researched AD 1 province frame with installed terrain and relative position.,false
location,kerma,makuria_province,land,Napata–Kerma Meroitic,ancient or local ethnogeographic / English,source-led AD 1 province-centroid construction,installed:in_game/map_data/location_templates.txt;installed:in_game/map_data/definitions.txt;GEO-PROXY;OUP-MERO;https://whc.unesco.org/en/list/1336/,medium,The label combines the researched AD 1 province frame with installed terrain and relative position.,false
location,kerman,kerman_province,land,Southwest Karmana,ancient or local ethnogeographic / English,source-led AD 1 province-centroid construction,installed:in_game/map_data/location_templates.txt;GEO-PROXY;https://www.perseus.tufts.edu/hopper/text?doc=Strab.+15.3&fromdoc=Perseus%3Atext%3A1999.01.0239,medium,The label combines the researched AD 1 province frame with installed terrain and relative position.,false
location,kermanshah,kermanshah_province,land,Media–Elymais Zagros,ancient or local ethnogeographic / English,source-led AD 1 province-centroid construction,installed:in_game/map_data/location_templates.txt;GEO-PROXY;https://www.iranicaonline.org/articles/elymais;https://www.iranicaonline.org/articles/media,medium,The label combines the researched AD 1 province frame with installed terrain and relative position.,false
location,kernave,vilnius_province,land,West Baltic Neris–Kernavė,ancient or local ethnogeographic / English,source-led AD 1 province-centroid construction,installed:in_game/map_data/location_templates.txt;ENC-NEEU;GEO-PROXY,medium,The label combines the researched AD 1 province frame with installed terrain and relative position.,false
location,kerouane,wassulu_province,land,Bure–Milo Ironworking Savanna,ancient or local ethnogeographic / English,source-led AD 1 province-centroid construction,installed:in_game/map_data/location_templates.txt;installed:in_game/map_data/definitions.txt;CAM-MLR;MET-IRON,medium,The label combines the researched AD 1 province frame with installed terrain and relative position.,false
location,kesagami_lake,moosonee_province,lake,Moose–Abitibi Kesagami Lake,ancient or local ethnogeographic / English,source-led AD 1 province-centroid construction,installed:in_game/map_data/location_templates.txt;GEO-PROXY;OAS-POINT,medium,The label combines the researched AD 1 province frame with installed terrain and relative position.,false
location,kesan,dardanelles_province,land,Hellespontine Chersonese,ancient or local ethnogeographic / English,source-led AD 1 province-centroid construction,installed:in_game/map_data/location_templates.txt;installed:in_game/map_data/definitions.txt;https://www.perseus.tufts.edu/hopper/text?doc=Perseus%3Atext%3A1999.01.0198%3Abook%3D7,medium,The label combines the researched AD 1 province frame with installed terrain and relative position.,false
location,kesen,rikuzen_province,land,Emishi Kitakami–Sendai,ancient or local ethnogeographic / English,source-led AD 1 province-centroid construction,installed:in_game/map_data/location_templates.txt;GEO-PROXY;ISIJ-YAY,medium,The label combines the researched AD 1 province frame with installed terrain and relative position.,false
location,kesova_gora,kashin_province,land,Upper-Volga Dyakovo,ancient or local ethnogeographic / English,source-led AD 1 province-centroid construction,installed:in_game/map_data/location_templates.txt;GEO-PROXY;RA-DYAKOVO-UPPER,medium,The label combines the researched AD 1 province frame with installed terrain and relative position.,false
location,kesra,kairouan_province,land,Byzacena,ancient or local ethnogeographic / English,source-led AD 1 province-centroid construction,installed:in_game/map_data/location_templates.txt;installed:in_game/map_data/definitions.txt;GEO-PROXY;PLE,medium,The label combines the researched AD 1 province frame with installed terrain and relative position.,false
location,ket,tomsk_province,land,Kulay Tom–Ket,ancient or local ethnogeographic / English,source-led AD 1 province-centroid construction,installed:in_game/map_data/location_templates.txt;GEO-PROXY;TOM-KUL,medium,The label combines the researched AD 1 province frame with installed terrain and relative position.,false
location,keta,ewe_province,land,Volta–Mono Forests,ancient or local ethnogeographic / English,source-led AD 1 province-centroid construction,installed:in_game/map_data/location_templates.txt;installed:in_game/map_data/definitions.txt;https://www.britannica.com/place/Volta-River,medium,The label combines the researched AD 1 province frame with installed terrain and relative position.,false
location,keta_tajima,tajima_province,land,Northeast Yabu,ancient or local ethnogeographic / English,source-led AD 1 province-centroid construction,installed:in_game/map_data/location_templates.txt;installed:in_game/map_data/definitions.txt;ISIJ-YAY;JAA-YAY,medium,The label combines the researched AD 1 province frame with installed terrain and relative position.,false
location,ketagalan,north_taiwan_province,land,Northwest Taiwan,ancient or local ethnogeographic / English,source-led AD 1 province-centroid construction,installed:in_game/map_data/location_templates.txt;GEO-PROXY;https://www.britannica.com/place/Taiwan/History,medium,The label combines the researched AD 1 province frame with installed terrain and relative position.,false
location,ketanda,ogonok_province,land,East Ul'ya,ancient or local ethnogeographic / English,source-led AD 1 province-centroid construction,installed:in_game/map_data/location_templates.txt;GEO-PROXY;https://www.britannica.com/place/Sea-of-Okhotsk,medium,The label combines the researched AD 1 province frame with installed terrain and relative position.,false
location,ketik_kala,mangyshlak_province,land,Caspian–Ustyurt Dahāe,ancient or local ethnogeographic / English,source-led AD 1 province-centroid construction,installed:in_game/map_data/location_templates.txt;installed:in_game/map_data/definitions.txt;GEO-PROXY;https://www.iranicaonline.org/articles/chorasmia-i,medium,The label combines the researched AD 1 province frame with installed terrain and relative position.,false
location,ketilsfjord,herjolfnes_province,land,Northeast Grounds,ancient or local ethnogeographic / English,source-led AD 1 province-centroid construction,installed:in_game/map_data/location_templates.txt;GEO-PROXY;https://www.britannica.com/place/Greenland/History,medium,The label combines the researched AD 1 province frame with installed terrain and relative position.,false
location,ketmen_tobe,naryn_province,land,Northwest Shan,ancient or local ethnogeographic / English,source-led AD 1 province-centroid construction,installed:in_game/map_data/location_templates.txt;installed:in_game/map_data/definitions.txt;GEO-PROXY;https://www.iranicaonline.org/articles/sogdiana-iii-history-and-archaeology/,medium,The label combines the researched AD 1 province frame with installed terrain and relative position.,false
location,kettering,northamptonshire_province,land,Catuvellauni–Corieltauvi Nene,ancient or local ethnogeographic / English,source-led AD 1 province-centroid construction,installed:in_game/map_data/location_templates.txt;GEO-PROXY;PTO-GEO-II2,medium,The label combines the researched AD 1 province frame with installed terrain and relative position.,false
location,ketu,fon_province,land,Ouémé–Mono Forest,ancient or local ethnogeographic / English,source-led AD 1 province-centroid construction,installed:in_game/map_data/location_templates.txt;installed:in_game/map_data/definitions.txt;https://www.britannica.com/place/Benin/Drainage,medium,The label combines the researched AD 1 province frame with installed terrain and relative position.,false
location,ketungau,upper_kapuas_province,land,Kapuas–Sentarum Metal-Age,ancient or local ethnogeographic / English,source-led AD 1 province-centroid construction,installed:in_game/map_data/location_templates.txt;GEO-PROXY;https://www.britannica.com/place/Borneo/History,medium,The label combines the researched AD 1 province frame with installed terrain and relative position.,false
location,keutkeut,thakhek_proivnce,land,Northwest Mekong,ancient or local ethnogeographic / English,source-led AD 1 province-centroid construction,installed:in_game/map_data/location_templates.txt;installed:in_game/map_data/definitions.txt;UNESCO-JARS;ANT-NLAOS,medium,The label combines the researched AD 1 province frame with installed terrain and relative position.,false
location,keweenaw,keweenaw_province,land,Northwest Copper,ancient or local ethnogeographic / English,source-led AD 1 province-centroid construction,installed:in_game/map_data/location_templates.txt;GEO-PROXY;https://www.nps.gov/kewe/learn/historyculture/prehistory.htm,medium,The label combines the researched AD 1 province frame with installed terrain and relative position.,false
location,keweenaw_bay,lake_superior_province,sea,Gichigami Bay,ancient or local ethnogeographic / English,source-led AD 1 province-centroid construction,installed:in_game/map_data/location_templates.txt;GEO-PROXY;https://www.britannica.com/place/Lake-Superior,medium,The label combines the researched AD 1 province frame with installed terrain and relative position.,false
location,keweenaw_coast,west_lake_superior_province,sea,Keweenaw–Animikie Freshwater,ancient or local ethnogeographic / English,source-led AD 1 province-centroid construction,installed:in_game/map_data/location_templates.txt;installed:in_game/map_data/definitions.txt;GEO-PROXY,medium,The label combines the researched AD 1 province frame with installed terrain and relative position.,false
location,keyauwee,yadkin_province,land,Yadkin–Dan Badin Woodlands,ancient or local ethnogeographic / English,source-led AD 1 province-centroid construction,installed:in_game/map_data/location_templates.txt;installed:in_game/map_data/definitions.txt;GEO-PROXY;NPS-HOPEWELL,medium,The label combines the researched AD 1 province frame with installed terrain and relative position.,false
location,keyikte,marxa_province,land,Lena–Aldan Taiga Northwestern,ancient or local ethnogeographic / English,source-led AD 1 province-centroid construction,installed:in_game/map_data/location_templates.txt;installed:in_game/map_data/definitions.txt;GEO-PROXY;https://www.britannica.com/place/Lena-River,medium,The label combines the researched AD 1 province frame with installed terrain and relative position.,false
location,keylong,punjab_hills_province,land,East Ravi,ancient or local ethnogeographic / English,source-led AD 1 province-centroid construction,installed:in_game/map_data/location_templates.txt;installed:in_game/map_data/definitions.txt;GEO-PROXY;IRAN-GANDHARA,medium,The label combines the researched AD 1 province frame with installed terrain and relative position.,false
location,kezhma,kezhma_province,land,Angara–Tunguska Taiga,ancient or local ethnogeographic / English,source-led AD 1 province-centroid construction,installed:in_game/map_data/location_templates.txt;GEO-PROXY;TOM-KUL,medium,The label combines the researched AD 1 province frame with installed terrain and relative position.,false
location,kezlev,or_qapi_province,land,Southwest Tauric,ancient or local ethnogeographic / English,source-led AD 1 province-centroid construction,installed:in_game/map_data/location_templates.txt;GEO-PROXY;https://www.perseus.tufts.edu/hopper/text?doc=Strab.+7.4&fromdoc=Perseus%3Atext%3A1999.01.0198,medium,The label combines the researched AD 1 province frame with installed terrain and relative position.,false
location,kgun_lake,unaligmiut_province,lake,Unaliq Kgun Lake,ancient or local ethnogeographic / English,source-led AD 1 province-centroid construction,installed:in_game/map_data/location_templates.txt;GEO-PROXY;https://www.nps.gov/articles/iyatayet.htm,medium,The label combines the researched AD 1 province frame with installed terrain and relative position.,false
location,khabar,harat_province,land,Northwest Persian,ancient or local ethnogeographic / English,source-led AD 1 province-centroid construction,installed:in_game/map_data/location_templates.txt;GEO-PROXY;https://www.perseus.tufts.edu/hopper/text?doc=Strab.+15.3&fromdoc=Perseus%3Atext%3A1999.01.0239,medium,The label combines the researched AD 1 province frame with installed terrain and relative position.,false
location,khabr,sirjan_province,land,Carmania Sirjan Uplands,ancient or local ethnogeographic / English,source-led AD 1 province-centroid construction,installed:in_game/map_data/location_templates.txt;GEO-PROXY;https://www.iranicaonline.org/articles/carmania-region-east-of-fars-province,medium,The label combines the researched AD 1 province frame with installed terrain and relative position.,false
location,khabushan,bojnurd_province,land,Aparni–Parthian Kopet,ancient or local ethnogeographic / English,source-led AD 1 province-centroid construction,installed:in_game/map_data/location_templates.txt;GEO-PROXY;https://www.iranicaonline.org/articles/aparna-c3k,medium,The label combines the researched AD 1 province frame with installed terrain and relative position.,false
location,khabzhylakh,xalizaax_province,land,Northwest Arctic,ancient or local ethnogeographic / English,source-led AD 1 province-centroid construction,installed:in_game/map_data/location_templates.txt;installed:in_game/map_data/definitions.txt;GEO-PROXY,medium,The label combines the researched AD 1 province frame with installed terrain and relative position.,false
location,khachimcher,north_yandin_province,land,Yana–Kolyma Upland Western,ancient or local ethnogeographic / English,source-led AD 1 province-centroid construction,installed:in_game/map_data/location_templates.txt;GEO-PROXY;https://www.britannica.com/place/Kolyma-River,medium,The label combines the researched AD 1 province frame with installed terrain and relative position.,false
location,khadanzaa,chkoy_province,land,West Khentii,ancient or local ethnogeographic / English,source-led AD 1 province-centroid construction,installed:in_game/map_data/location_templates.txt;GEO-PROXY;OUP-XIO,medium,The label combines the researched AD 1 province frame with installed terrain and relative position.,false
location,khadat,ulaan_province,land,Xiongnu Gobi-Altai–Ongi,ancient or local ethnogeographic / English,source-led AD 1 province-centroid construction,installed:in_game/map_data/location_templates.txt;GEO-PROXY;OUP-XIO,medium,The label combines the researched AD 1 province frame with installed terrain and relative position.,false
location,khadjibey,khadjibey_province,land,South Tyras,ancient or local ethnogeographic / English,source-led AD 1 province-centroid construction,installed:in_game/map_data/location_templates.txt;GEO-PROXY;WIL-SAR;ANA-SAR,medium,The label combines the researched AD 1 province frame with installed terrain and relative position.,false
location,khadyzhi,tuapse_province,land,Zygii Tuapse–Achaean Coast,ancient or local ethnogeographic / English,source-led AD 1 province-centroid construction,installed:in_game/map_data/location_templates.txt;GEO-PROXY;STR-CAUC,medium,The label combines the researched AD 1 province frame with installed terrain and relative position.,false
location,khadzhi_bay,tartar_strait_province,sea,Amur–Sakhalin Strait Bay,ancient or local ethnogeographic / English,source-led AD 1 province-centroid construction,installed:in_game/map_data/location_templates.txt;installed:in_game/map_data/definitions.txt;RAD-SAKHALIN;GEO-PROXY,medium,The label combines the researched AD 1 province frame with installed terrain and relative position.,false
location,khadzhibey_liman,khadjibey_province,lake,Khadzhibey Liman Sound,ancient or local ethnogeographic / English,source-led AD 1 province-centroid construction,installed:in_game/map_data/location_templates.txt;GEO-PROXY;WIL-SAR;ANA-SAR,medium,The label combines the researched AD 1 province frame with installed terrain and relative position.,false
location,khagaria,bhagalpur_province,land,Anga–Videha Ganges Lands,ancient or local ethnogeographic / English,source-led AD 1 province-centroid construction,installed:in_game/map_data/location_templates.txt;GEO-PROXY;https://www.britannica.com/place/Anga,medium,The label combines the researched AD 1 province frame with installed terrain and relative position.,false
location,khai_ma,ai_ais_province,land,Khai Lower Gariep–ǀAi-ǀAis,ancient or local ethnogeographic / English,source-led AD 1 province-centroid construction,installed:in_game/map_data/location_templates.txt;installed:in_game/map_data/definitions.txt;OUP-SOUTH-AFRICA;GEO-PROXY,medium,The label combines the researched AD 1 province frame with installed terrain and relative position.,false
location,khairabad,khairabad_province,land,Southwest Level,ancient or local ethnogeographic / English,source-led AD 1 province-centroid construction,installed:in_game/map_data/location_templates.txt;GEO-PROXY;https://www.britannica.com/place/Kosala,medium,The label combines the researched AD 1 province frame with installed terrain and relative position.,false
location,khairagarh,raipur_garjats,land,Northwest Level,ancient or local ethnogeographic / English,source-led AD 1 province-centroid construction,installed:in_game/map_data/location_templates.txt;installed:in_game/map_data/definitions.txt;GEO-PROXY;https://www.britannica.com/place/Chhattisgarh,medium,The label combines the researched AD 1 province frame with installed terrain and relative position.,false
location,khairpur,cholistan_province,land,Sauvira–Hakra Desert Oases,ancient or local ethnogeographic / English,source-led AD 1 province-centroid construction,installed:in_game/map_data/location_templates.txt;GEO-PROXY;https://www.britannica.com/place/Sindh-province-Pakistan/History,medium,The label combines the researched AD 1 province frame with installed terrain and relative position.,false
location,khaiylmysh,khaqmar_province,land,Northwest Sarmatian,ancient or local ethnogeographic / English,source-led AD 1 province-centroid construction,installed:in_game/map_data/location_templates.txt;GEO-PROXY;WIL-SAR;ANA-SAR,medium,The label combines the researched AD 1 province frame with installed terrain and relative position.,false
location,khajuraho,upper_bundelkhand_province,land,Chedi–Vatsa Vindhyan Eastern,ancient or local ethnogeographic / English,source-led AD 1 province-centroid construction,installed:in_game/map_data/location_templates.txt;GEO-PROXY;https://www.britannica.com/place/Bundelkhand,medium,The label combines the researched AD 1 province frame with installed terrain and relative position.,false
location,khakhaly,kurmysh_province,land,Gorodets Volga–Sura,ancient or local ethnogeographic / English,source-led AD 1 province-centroid construction,installed:in_game/map_data/location_templates.txt;GEO-PROXY;ENC-NEEU,medium,The label combines the researched AD 1 province frame with installed terrain and relative position.,false
location,khakhsyk,aikhal_province,land,Vilyuy–Markha Taiga,ancient or local ethnogeographic / English,source-led AD 1 province-centroid construction,installed:in_game/map_data/location_templates.txt;installed:in_game/map_data/definitions.txt;GEO-PROXY,medium,The label combines the researched AD 1 province frame with installed terrain and relative position.,false
location,khalafabad,ramhormoz_province,land,East Level,ancient or local ethnogeographic / English,source-led AD 1 province-centroid construction,installed:in_game/map_data/location_templates.txt;installed:in_game/map_data/definitions.txt;GEO-PROXY;https://www.iranicaonline.org/articles/elymais,medium,The label combines the researched AD 1 province frame with installed terrain and relative position.,false
location,khalangsha,kuki_province,land,Chin–Lushai Highland Northern,ancient or local ethnogeographic / English,source-led AD 1 province-centroid construction,installed:in_game/map_data/location_templates.txt;GEO-PROXY;https://www.britannica.com/place/Chin-Hills,medium,The label combines the researched AD 1 province frame with installed terrain and relative position.,false
location,khalfut,mahra_province,land,Northwest Hadramaut,ancient or local ethnogeographic / English,source-led AD 1 province-centroid construction,installed:in_game/map_data/location_templates.txt;GEO-PROXY;PER;UNESCO-INCENSE,medium,The label combines the researched AD 1 province frame with installed terrain and relative position.,false
location,khaliajuri,sylhet_province,land,West Barak,ancient or local ethnogeographic / English,source-led AD 1 province-centroid construction,installed:in_game/map_data/location_templates.txt;installed:in_game/map_data/definitions.txt;GEO-PROXY;OUP-NEINDIA,medium,The label combines the researched AD 1 province frame with installed terrain and relative position.,false
location,khalifatabad,khalifatabad_province,land,Vanga–Samatata,ancient or local ethnogeographic / English,source-led AD 1 province-centroid construction,installed:in_game/map_data/location_templates.txt;GEO-PROXY;https://en.banglapedia.org/index.php/Samatata,medium,The label combines the researched AD 1 province frame with installed terrain and relative position.,false
location,khalino,east_koryak_province,land,Penzhina–Olyutor Maritime,ancient or local ethnogeographic / English,source-led AD 1 province-centroid construction,installed:in_game/map_data/location_templates.txt;GEO-PROXY;https://www.britannica.com/place/Kamchatka-Peninsula,medium,The label combines the researched AD 1 province frame with installed terrain and relative position.,false
location,khalis,baghdad_province,land,Ctesiphon–Diyala Northwestern,ancient or local ethnogeographic / English,source-led AD 1 province-centroid construction,installed:in_game/map_data/location_templates.txt;installed:in_game/map_data/definitions.txt;https://www.perseus.tufts.edu/hopper/text?doc=Perseus%3Atext%3A1999.01.0198%3Abook%3D16,medium,The label combines the researched AD 1 province frame with installed terrain and relative position.,false
location,khalis_medina,medina_province,land,Yathrib Oasis Southwestern,ancient or local ethnogeographic / English,source-led AD 1 province-centroid construction,installed:in_game/map_data/location_templates.txt;GEO-PROXY;https://www.britannica.com/place/Medina-Saudi-Arabia,medium,The label combines the researched AD 1 province frame with installed terrain and relative position.,false
location,khalkh,buir_nuur_province,land,Buir–Argun Xianbei Steppe,ancient or local ethnogeographic / English,source-led AD 1 province-centroid construction,installed:in_game/map_data/location_templates.txt;installed:in_game/map_data/definitions.txt;https://ctext.org/hou-han-shu/ens;GEO-PROXY,medium,The label combines the researched AD 1 province frame with installed terrain and relative position.,false
location,khalkhal,miyaneh_province,land,Atropatene–Miana,ancient or local ethnogeographic / English,source-led AD 1 province-centroid construction,installed:in_game/map_data/location_templates.txt;GEO-PROXY;https://www.iranicaonline.org/articles/atropates,medium,The label combines the researched AD 1 province frame with installed terrain and relative position.,false
location,khalzan_shireg,valley_of_the_lakes_province,land,West Orog,ancient or local ethnogeographic / English,source-led AD 1 province-centroid construction,installed:in_game/map_data/location_templates.txt;GEO-PROXY;HAN-WR,medium,The label combines the researched AD 1 province frame with installed terrain and relative position.,false
location,kham_bahar,darvaz_province,land,Upriver Oxus–Pamir,ancient or local ethnogeographic / English,source-led AD 1 province-centroid construction,installed:in_game/map_data/location_templates.txt;installed:in_game/map_data/definitions.txt;https://www.iranicaonline.org/articles/darvaz/,medium,The label combines the researched AD 1 province frame with installed terrain and relative position.,false
location,kham_muang,roi_et_province,land,Mun–Chi Moated-Settlement,ancient or local ethnogeographic / English,source-led AD 1 province-centroid construction,installed:in_game/map_data/location_templates.txt;GEO-PROXY;BELLINA-SHK,medium,The label combines the researched AD 1 province frame with installed terrain and relative position.,false
location,khamakar,xamaxar_province,land,Tunguska–Ilimpeya Taiga,ancient or local ethnogeographic / English,source-led AD 1 province-centroid construction,installed:in_game/map_data/location_templates.txt;installed:in_game/map_data/definitions.txt;GEO-PROXY;TOM-KUL,medium,The label combines the researched AD 1 province frame with installed terrain and relative position.,false
location,khambat,khekassala,land,Anarta–Lata Gulf of Barygaza,ancient or local ethnogeographic / English,source-led AD 1 province-centroid construction,installed:in_game/map_data/location_templates.txt;GEO-PROXY;PER,medium,The label combines the researched AD 1 province frame with installed terrain and relative position.,false
location,khameneh,urmia_province,land,Northeast Media,ancient or local ethnogeographic / English,source-led AD 1 province-centroid construction,installed:in_game/map_data/location_templates.txt;GEO-PROXY;https://www.perseus.tufts.edu/hopper/text?doc=Strab.+11.13&fromdoc=Perseus%3Atext%3A1999.01.0198,medium,The label combines the researched AD 1 province frame with installed terrain and relative position.,false
location,khamgar,chamdo_province,land,Drichu–Zachu Valleys,ancient or local ethnogeographic / English,source-led AD 1 province-centroid construction,installed:in_game/map_data/location_templates.txt;installed:in_game/map_data/definitions.txt;https://www.britannica.com/place/Mekong-River,medium,The label combines the researched AD 1 province frame with installed terrain and relative position.,false
location,khami,shangani_province,land,Shashe–Limpopo Hunter-Farmer,ancient or local ethnogeographic / English,source-led AD 1 province-centroid construction,installed:in_game/map_data/location_templates.txt;GEO-PROXY;OUP-SOUTH-AFRICA,medium,The label combines the researched AD 1 province frame with installed terrain and relative position.,false
location,khamir,hirda_province,land,East Highland,ancient or local ethnogeographic / English,source-led AD 1 province-centroid construction,installed:in_game/map_data/location_templates.txt;GEO-PROXY;https://www.britannica.com/place/Himyar,medium,The label combines the researched AD 1 province frame with installed terrain and relative position.,false
location,khamkeut,thakhek_proivnce,land,Southeast Corridor,ancient or local ethnogeographic / English,source-led AD 1 province-centroid construction,installed:in_game/map_data/location_templates.txt;installed:in_game/map_data/definitions.txt;UNESCO-JARS;ANT-NLAOS,medium,The label combines the researched AD 1 province frame with installed terrain and relative position.,false
location,khammamet,khammamet_province,land,Andhra–Krishna Eastern Deccan,ancient or local ethnogeographic / English,source-led AD 1 province-centroid construction,installed:in_game/map_data/location_templates.txt;GEO-PROXY;https://www.britannica.com/topic/Satavahana-dynasty,medium,The label combines the researched AD 1 province frame with installed terrain and relative position.,false
location,khampa,ulaxan_province,land,West Amga,ancient or local ethnogeographic / English,source-led AD 1 province-centroid construction,installed:in_game/map_data/location_templates.txt;GEO-PROXY;https://www.britannica.com/topic/Yukaghir,medium,The label combines the researched AD 1 province frame with installed terrain and relative position.,false
location,khamra,eastern_sym_province,land,Lena–Patom Taiga Southwestern,ancient or local ethnogeographic / English,source-led AD 1 province-centroid construction,installed:in_game/map_data/location_templates.txt;GEO-PROXY;https://www.britannica.com/place/Lena-River,medium,The label combines the researched AD 1 province frame with installed terrain and relative position.,false
location,khamyab,balkh_province,land,Bactra Oxus,ancient or local ethnogeographic / English,source-led AD 1 province-centroid construction,installed:in_game/map_data/location_templates.txt;installed:in_game/map_data/definitions.txt;https://www.iranicaonline.org/articles/bactria/,medium,The label combines the researched AD 1 province frame with installed terrain and relative position.,false
location,khan_khentii,chkoy_province,land,Southeast Khentii,ancient or local ethnogeographic / English,source-led AD 1 province-centroid construction,installed:in_game/map_data/location_templates.txt;GEO-PROXY;OUP-XIO,medium,The label combines the researched AD 1 province frame with installed terrain and relative position.,false
location,khan_khentii1,tuul_province,land,Northeast Khentii,ancient or local ethnogeographic / English,source-led AD 1 province-centroid construction,installed:in_game/map_data/location_templates.txt;GEO-PROXY;OUP-XIO,medium,The label combines the researched AD 1 province frame with installed terrain and relative position.,false
location,khan_khentii2,chkoy_province,land,Southwest Khentii,ancient or local ethnogeographic / English,source-led AD 1 province-centroid construction,installed:in_game/map_data/location_templates.txt;GEO-PROXY;OUP-XIO,medium,The label combines the researched AD 1 province frame with installed terrain and relative position.,false
location,khan_khentii3,chkoy_province,land,East Khentii,ancient or local ethnogeographic / English,source-led AD 1 province-centroid construction,installed:in_game/map_data/location_templates.txt;GEO-PROXY;OUP-XIO,medium,The label combines the researched AD 1 province frame with installed terrain and relative position.,false
location,khana,yushu_province,land,Qiangic Upper-Yangzi–Yushu,ancient or local ethnogeographic / English,source-led AD 1 province-centroid construction,installed:in_game/map_data/location_templates.txt;GEO-PROXY;RAD-YUSHU;CAM-EAST-TIB,medium,The label combines the researched AD 1 province frame with installed terrain and relative position.,false
location,khanapur,malnad,land,South Deccan,ancient or local ethnogeographic / English,source-led AD 1 province-centroid construction,installed:in_game/map_data/location_templates.txt;installed:in_game/map_data/definitions.txt;GEO-PROXY;PER,medium,The label combines the researched AD 1 province frame with installed terrain and relative position.,false
location,khanaqin,hulwan_province,land,Median Zagros Gates,ancient or local ethnogeographic / English,source-led AD 1 province-centroid construction,installed:in_game/map_data/location_templates.txt;GEO-PROXY;https://www.iranicaonline.org/articles/media,medium,The label combines the researched AD 1 province frame with installed terrain and relative position.,false
location,khanaser,hims_province,land,Emesene Orontes Northeastern,ancient or local ethnogeographic / English,source-led AD 1 province-centroid construction,installed:in_game/map_data/location_templates.txt;GEO-PROXY;https://www.perseus.tufts.edu/hopper/text?doc=Strab.+16.2&fromdoc=Perseus%3Atext%3A1999.01.0198,medium,The label combines the researched AD 1 province frame with installed terrain and relative position.,false
location,khanashin,garmsir_province,land,Helmand Sakastan Western,ancient or local ethnogeographic / English,source-led AD 1 province-centroid construction,installed:in_game/map_data/location_templates.txt;installed:in_game/map_data/definitions.txt;https://www.iranicaonline.org/articles/drangiana;https://www.iranicaonline.org/articles/arachosia;GEO-PROXY,medium,The label combines the researched AD 1 province frame with installed terrain and relative position.,false
location,khanda,khandyga_province,land,Southwest Khanda,ancient or local ethnogeographic / English,source-led AD 1 province-centroid construction,installed:in_game/map_data/location_templates.txt;GEO-PROXY;https://www.britannica.com/place/Aldan-River,medium,The label combines the researched AD 1 province frame with installed terrain and relative position.,false
location,khandesh_mountains,khandesh,land,Malava–Vidarbha Tapti,ancient or local ethnogeographic / English,source-led AD 1 province-centroid construction,installed:in_game/map_data/location_templates.txt;GEO-PROXY;BM-TRIBAL-COINS,medium,The label combines the researched AD 1 province frame with installed terrain and relative position.,false
location,khandesh_mountains_2,khandesh,land,East Tapti,ancient or local ethnogeographic / English,source-led AD 1 province-centroid construction,installed:in_game/map_data/location_templates.txt;GEO-PROXY;BM-TRIBAL-COINS,medium,The label combines the researched AD 1 province frame with installed terrain and relative position.,false
location,khandwa,nimar,land,Māhiṣmatī–Narmadā Anupa,ancient or local ethnogeographic / English,source-led AD 1 province-centroid construction,installed:in_game/map_data/location_templates.txt;installed:in_game/map_data/definitions.txt;GEO-PROXY;PER;https://www.britannica.com/place/Avanti-ancient-kingdom-India,medium,The label combines the researched AD 1 province frame with installed terrain and relative position.,false
location,khandyga,khandyga_province,land,Aldan–Khandyga Taiga,ancient or local ethnogeographic / English,source-led AD 1 province-centroid construction,installed:in_game/map_data/location_templates.txt;GEO-PROXY;https://www.britannica.com/place/Aldan-River,medium,The label combines the researched AD 1 province frame with installed terrain and relative position.,false
location,khangain_mountains,valley_of_the_lakes_province,land,Northeast Orog,ancient or local ethnogeographic / English,source-led AD 1 province-centroid construction,installed:in_game/map_data/location_templates.txt;GEO-PROXY;HAN-WR,medium,The label combines the researched AD 1 province frame with installed terrain and relative position.,false
location,khangal,valley_of_the_lakes_province,land,Xiongnu Baidrag–Orog,ancient or local ethnogeographic / English,source-led AD 1 province-centroid construction,installed:in_game/map_data/location_templates.txt;GEO-PROXY;HAN-WR,medium,The label combines the researched AD 1 province frame with installed terrain and relative position.,false
location,khani,irakinda_province,land,Kuanda–Olyokma Taiga Eastern,ancient or local ethnogeographic / English,source-led AD 1 province-centroid construction,installed:in_game/map_data/location_templates.txt;GEO-PROXY;https://www.britannica.com/place/Olekma-River,medium,The label combines the researched AD 1 province frame with installed terrain and relative position.,false
location,khaniadhana,gird,land,Chambal–Sindh Mālava March,ancient or local ethnogeographic / English,source-led AD 1 province-centroid construction,installed:in_game/map_data/location_templates.txt;installed:in_game/map_data/definitions.txt;https://www.britannica.com/place/Rajasthan;GEO-PROXY,medium,The label combines the researched AD 1 province frame with installed terrain and relative position.,false
location,khann_cape,fars_coastal_sea_zones_province,sea,Persis–Characene Gulf Offing,ancient or local ethnogeographic / English,source-led AD 1 province-centroid construction,installed:in_game/map_data/location_templates.txt;installed:in_game/map_data/definitions.txt;https://depts.washington.edu/silkroad/texts/periplus/periplus.html,medium,The label combines the researched AD 1 province frame with installed terrain and relative position.,false
location,khannya,xatii_province,land,Vilyuy–Aldan,ancient or local ethnogeographic / English,source-led AD 1 province-centroid construction,installed:in_game/map_data/location_templates.txt;installed:in_game/map_data/definitions.txt;GEO-PROXY,medium,The label combines the researched AD 1 province frame with installed terrain and relative position.,false
location,khansiir_cape,somalia_coast_sea_province,sea,Aromata–Malao Azanian Offing,ancient or local ethnogeographic / English,source-led AD 1 province-centroid construction,installed:in_game/map_data/location_templates.txt;GEO-PROXY;PER,medium,The label combines the researched AD 1 province frame with installed terrain and relative position.,false
location,khantau,kuragharty_province,land,Wusun Chu–Talas,ancient or local ethnogeographic / English,source-led AD 1 province-centroid construction,installed:in_game/map_data/location_templates.txt;GEO-PROXY;HAN-WR,medium,The label combines the researched AD 1 province frame with installed terrain and relative position.,false
location,khantayskoye,dudinka_province,land,Yenisei–Khantayka Tundra,ancient or local ethnogeographic / English,source-led AD 1 province-centroid construction,installed:in_game/map_data/location_templates.txt;GEO-PROXY;https://www.britannica.com/place/Yenisey-River,medium,The label combines the researched AD 1 province frame with installed terrain and relative position.,false
location,khaplu,balti_province,land,Indus–Skardu Southeastern,ancient or local ethnogeographic / English,source-led AD 1 province-centroid construction,installed:in_game/map_data/location_templates.txt;installed:in_game/map_data/definitions.txt;https://www.britannica.com/place/Gilgit-Baltistan,medium,The label combines the researched AD 1 province frame with installed terrain and relative position.,false
location,khaqmar,khaqmar_province,land,Northeast Southern,ancient or local ethnogeographic / English,source-led AD 1 province-centroid construction,installed:in_game/map_data/location_templates.txt;GEO-PROXY;WIL-SAR;ANA-SAR,medium,The label combines the researched AD 1 province frame with installed terrain and relative position.,false
location,khar_balgas,orkhon_province,land,North Orkhon,ancient or local ethnogeographic / English,source-led AD 1 province-centroid construction,installed:in_game/map_data/location_templates.txt;GEO-PROXY;OUP-XIO,medium,The label combines the researched AD 1 province frame with installed terrain and relative position.,false
location,khar_bukhyn,tuul_province,land,Northwest Tuul,ancient or local ethnogeographic / English,source-led AD 1 province-centroid construction,installed:in_game/map_data/location_templates.txt;GEO-PROXY;OUP-XIO,medium,The label combines the researched AD 1 province frame with installed terrain and relative position.,false
location,khara_khoto,khara_khoto_province,land,Juyan–Xiongnu Desert,ancient or local ethnogeographic / English,source-led AD 1 province-centroid construction,installed:in_game/map_data/location_templates.txt;GEO-PROXY;OUP-XIO;https://ctext.org/han-shu/xiong-nu-zhuan-xia/ens,medium,The label combines the researched AD 1 province frame with installed terrain and relative position.,false
location,kharak,derge_province,land,Upriver Drichu,ancient or local ethnogeographic / English,source-led AD 1 province-centroid construction,installed:in_game/map_data/location_templates.txt;installed:in_game/map_data/definitions.txt;https://www.britannica.com/place/Yangtze-River,medium,The label combines the researched AD 1 province frame with installed terrain and relative position.,false
location,kharakhoen,kharakhoen_province,land,Central-Kalahari Forager,ancient or local ethnogeographic / English,source-led AD 1 province-centroid construction,installed:in_game/map_data/location_templates.txt;GEO-PROXY;OUP-SOUTH-AFRICA,medium,The label combines the researched AD 1 province frame with installed terrain and relative position.,false
location,kharan,kharan_province,land,Gedrosian Kharan Desert,ancient or local ethnogeographic / English,source-led AD 1 province-centroid construction,installed:in_game/map_data/location_templates.txt;GEO-PROXY;https://www.perseus.tufts.edu/hopper/text?doc=Strab.+15.2&fromdoc=Perseus%3Atext%3A1999.01.0239,medium,The label combines the researched AD 1 province frame with installed terrain and relative position.,false
location,kharan_desert1,khash_province,land,Dunes of Gedrosian Mashkel,ancient or local ethnogeographic / English,source-led AD 1 province-centroid construction,installed:in_game/map_data/location_templates.txt;GEO-PROXY;https://www.perseus.tufts.edu/hopper/text?doc=Strab.+15.2&fromdoc=Perseus%3Atext%3A1999.01.0239,medium,The label combines the researched AD 1 province frame with installed terrain and relative position.,false
location,kharan_desert2,kharan_province,land,Dunes of Gedrosian Kharan,ancient or local ethnogeographic / English,source-led AD 1 province-centroid construction,installed:in_game/map_data/location_templates.txt;GEO-PROXY;https://www.perseus.tufts.edu/hopper/text?doc=Strab.+15.2&fromdoc=Perseus%3Atext%3A1999.01.0239,medium,The label combines the researched AD 1 province frame with installed terrain and relative position.,false
location,kharan_desert3,kharan_province,land,West Kharan,ancient or local ethnogeographic / English,source-led AD 1 province-centroid construction,installed:in_game/map_data/location_templates.txt;GEO-PROXY;https://www.perseus.tufts.edu/hopper/text?doc=Strab.+15.2&fromdoc=Perseus%3Atext%3A1999.01.0239,medium,The label combines the researched AD 1 province frame with installed terrain and relative position.,false
location,kharbalakh,khandyga_province,land,Southwest Aldan,ancient or local ethnogeographic / English,source-led AD 1 province-centroid construction,installed:in_game/map_data/location_templates.txt;GEO-PROXY;https://www.britannica.com/place/Aldan-River,medium,The label combines the researched AD 1 province frame with installed terrain and relative position.,false
location,kharga,oasis_province,land,Oasis Magna–Parva Ammonium,ancient or local ethnogeographic / English,source-led AD 1 province-centroid construction,installed:in_game/map_data/location_templates.txt;GEO-PROXY;https://www.perseus.tufts.edu/hopper/text?doc=Strab.+17.1&fromdoc=Perseus%3Atext%3A1999.01.0198,medium,The label combines the researched AD 1 province frame with installed terrain and relative position.,false
location,khargerd,qaen_province,land,North Khaf,ancient or local ethnogeographic / English,source-led AD 1 province-centroid construction,installed:in_game/map_data/location_templates.txt;installed:in_game/map_data/definitions.txt;GEO-PROXY;https://www.iranicaonline.org/articles/sagartians/,medium,The label combines the researched AD 1 province frame with installed terrain and relative position.,false
location,khargytyr,north_yandin_province,land,Khargytyr Yana–Kolyma Upland,ancient or local ethnogeographic / English,source-led AD 1 province-centroid construction,installed:in_game/map_data/location_templates.txt;GEO-PROXY;https://www.britannica.com/place/Kolyma-River,medium,The label combines the researched AD 1 province frame with installed terrain and relative position.,false
location,khari_karoo,khari_karoo_province,land,South Karoo,ancient or local ethnogeographic / English,source-led AD 1 province-centroid construction,installed:in_game/map_data/location_templates.txt;GEO-PROXY;OUP-SOUTH-AFRICA,medium,The label combines the researched AD 1 province frame with installed terrain and relative position.,false
location,khariar,kalahandi_garjat,land,Northwest Kalinga,ancient or local ethnogeographic / English,source-led AD 1 province-centroid construction,installed:in_game/map_data/location_templates.txt;installed:in_game/map_data/definitions.txt;GEO-PROXY;https://www.britannica.com/place/Kalinga-ancient-state-India,medium,The label combines the researched AD 1 province frame with installed terrain and relative position.,false
location,kharibta,buhayra_province,land,East Parva,ancient or local ethnogeographic / English,source-led AD 1 province-centroid construction,installed:in_game/map_data/location_templates.txt;installed:in_game/map_data/definitions.txt;PLE;GEO-PROXY,medium,The label combines the researched AD 1 province frame with installed terrain and relative position.,false
location,khark_island,fars_coastal_sea_zones_province,sea,Persis–Characene Gulf Passage,ancient or local ethnogeographic / English,source-led AD 1 province-centroid construction,installed:in_game/map_data/location_templates.txt;installed:in_game/map_data/definitions.txt;https://depts.washington.edu/silkroad/texts/periplus/periplus.html,medium,The label combines the researched AD 1 province frame with installed terrain and relative position.,false
location,kharkhul,selenga_province,land,Xiongnu Selenga–Orkhon,ancient or local ethnogeographic / English,source-led AD 1 province-centroid construction,installed:in_game/map_data/location_templates.txt;GEO-PROXY;OUP-XIO,medium,The label combines the researched AD 1 province frame with installed terrain and relative position.,false
location,kharom_vosh,yendyr_province,land,Northwest Konda Kulay,ancient or local ethnogeographic / English,source-led AD 1 province-centroid construction,installed:in_game/map_data/location_templates.txt;installed:in_game/map_data/definitions.txt;TOM-KUL;GEO-PROXY,medium,The label combines the researched AD 1 province frame with installed terrain and relative position.,false
location,kharooan,karas_province,land,Karas–Orange Aridland,ancient or local ethnogeographic / English,source-led AD 1 province-centroid construction,installed:in_game/map_data/location_templates.txt;GEO-PROXY;OUP-SOUTH-AFRICA,medium,The label combines the researched AD 1 province frame with installed terrain and relative position.,false
location,kharpunath,upper_ghaghara_province,land,North Khasa,ancient or local ethnogeographic / English,source-led AD 1 province-centroid construction,installed:in_game/map_data/location_templates.txt;GEO-PROXY;https://www.britannica.com/place/Nepal/History,medium,The label combines the researched AD 1 province frame with installed terrain and relative position.,false
location,kharsawan,ranchi_province,land,Munda Koel–Subarnarekha,ancient or local ethnogeographic / English,source-led AD 1 province-centroid construction,installed:in_game/map_data/location_templates.txt;GEO-PROXY;https://www.britannica.com/topic/Munda-languages,medium,The label combines the researched AD 1 province frame with installed terrain and relative position.,false
location,kharturan,sabzevar_province,land,South Rivand,ancient or local ethnogeographic / English,source-led AD 1 province-centroid construction,installed:in_game/map_data/location_templates.txt;GEO-PROXY;https://www.iranicaonline.org/articles/bayhaq,medium,The label combines the researched AD 1 province frame with installed terrain and relative position.,false
location,kharuukh,tuul_province,land,Southwest Tuul,ancient or local ethnogeographic / English,source-led AD 1 province-centroid construction,installed:in_game/map_data/location_templates.txt;GEO-PROXY;OUP-XIO,medium,The label combines the researched AD 1 province frame with installed terrain and relative position.,false
location,kharyyalakh,aikhal_province,land,Vilyuy–Markha Taiga Northern,ancient or local ethnogeographic / English,source-led AD 1 province-centroid construction,installed:in_game/map_data/location_templates.txt;installed:in_game/map_data/definitions.txt;GEO-PROXY,medium,The label combines the researched AD 1 province frame with installed terrain and relative position.,false
location,khasagt_khairkhan,valley_of_the_lakes_province,land,Northwest Orog,ancient or local ethnogeographic / English,source-led AD 1 province-centroid construction,installed:in_game/map_data/location_templates.txt;GEO-PROXY;HAN-WR,medium,The label combines the researched AD 1 province frame with installed terrain and relative position.,false
location,khash,khash_province,land,Gedrosian Mashkel Desert,ancient or local ethnogeographic / English,source-led AD 1 province-centroid construction,installed:in_game/map_data/location_templates.txt;GEO-PROXY;https://www.perseus.tufts.edu/hopper/text?doc=Strab.+15.2&fromdoc=Perseus%3Atext%3A1999.01.0239,medium,The label combines the researched AD 1 province frame with installed terrain and relative position.,false
location,khash_sistan,zaranj_province,land,Sakastan Helmand–Hamun,ancient or local ethnogeographic / English,source-led AD 1 province-centroid construction,installed:in_game/map_data/location_templates.txt;GEO-PROXY;https://www.iranicaonline.org/articles/drangiana,medium,The label combines the researched AD 1 province frame with installed terrain and relative position.,false
location,khaspur,sylhet_province,land,Surma–Barak Vanga,ancient or local ethnogeographic / English,source-led AD 1 province-centroid construction,installed:in_game/map_data/location_templates.txt;installed:in_game/map_data/definitions.txt;GEO-PROXY;OUP-NEINDIA,medium,The label combines the researched AD 1 province frame with installed terrain and relative position.,false
location,khatanbulag,eastern_gobi_province,land,Galbyn Gobi Xiongnu Pastures,ancient or local ethnogeographic / English,source-led AD 1 province-centroid construction,installed:in_game/map_data/location_templates.txt;GEO-PROXY;OUP-XIO,medium,The label combines the researched AD 1 province frame with installed terrain and relative position.,false
location,khatas,yakutia_province,land,Lena–Aldan Taiga Northeastern,ancient or local ethnogeographic / English,source-led AD 1 province-centroid construction,installed:in_game/map_data/location_templates.txt;installed:in_game/map_data/definitions.txt;GEO-PROXY,medium,The label combines the researched AD 1 province frame with installed terrain and relative position.,false
location,khategaon,nimar,land,Northeast Anupa,ancient or local ethnogeographic / English,source-led AD 1 province-centroid construction,installed:in_game/map_data/location_templates.txt;installed:in_game/map_data/definitions.txt;GEO-PROXY;PER;https://www.britannica.com/place/Avanti-ancient-kingdom-India,medium,The label combines the researched AD 1 province frame with installed terrain and relative position.,false
location,khatgal,egiin_province,land,Southwest Egiin,ancient or local ethnogeographic / English,source-led AD 1 province-centroid construction,installed:in_game/map_data/location_templates.txt;GEO-PROXY;OUP-XIO,medium,The label combines the researched AD 1 province frame with installed terrain and relative position.,false
location,khati,xatii_province,land,Vilyuy,ancient or local ethnogeographic / English,source-led AD 1 province-centroid construction,installed:in_game/map_data/location_templates.txt;installed:in_game/map_data/definitions.txt;GEO-PROXY,medium,The label combines the researched AD 1 province frame with installed terrain and relative position.,false
location,khatun,kolomna_province,land,Oka–Moskva Dyakovo,ancient or local ethnogeographic / English,source-led AD 1 province-centroid construction,installed:in_game/map_data/location_templates.txt;GEO-PROXY;RAS-DYAKOVO,medium,The label combines the researched AD 1 province frame with installed terrain and relative position.,false
location,khatunabad,harat_province,land,Southeast Persian,ancient or local ethnogeographic / English,source-led AD 1 province-centroid construction,installed:in_game/map_data/location_templates.txt;GEO-PROXY;https://www.perseus.tufts.edu/hopper/text?doc=Strab.+15.3&fromdoc=Perseus%3Atext%3A1999.01.0239,medium,The label combines the researched AD 1 province frame with installed terrain and relative position.,false
location,khatyrka_coast,unazigmit_coast_sea_province,sea,Kresta–Khatyrka Unangan,ancient or local ethnogeographic / English,source-led AD 1 province-centroid construction,installed:in_game/map_data/location_templates.txt;GEO-PROXY;https://www.britannica.com/place/Bering-Sea,medium,The label combines the researched AD 1 province frame with installed terrain and relative position.,false
location,khatyryk_komo,ulaxan_province,land,Northeast Amga,ancient or local ethnogeographic / English,source-led AD 1 province-centroid construction,installed:in_game/map_data/location_templates.txt;GEO-PROXY;https://www.britannica.com/topic/Yukaghir,medium,The label combines the researched AD 1 province frame with installed terrain and relative position.,false
location,khaugoan,kharakhoen_province,land,Northwest Central,ancient or local ethnogeographic / English,source-led AD 1 province-centroid construction,installed:in_game/map_data/location_templates.txt;GEO-PROXY;OUP-SOUTH-AFRICA,medium,The label combines the researched AD 1 province frame with installed terrain and relative position.,false
location,khawr_baraka,atbai_province,land,Blemmyan Atbara Northeastern,ancient or local ethnogeographic / English,source-led AD 1 province-centroid construction,installed:in_game/map_data/location_templates.txt;installed:in_game/map_data/definitions.txt;https://www.perseus.tufts.edu/hopper/text?doc=Perseus%3Atext%3A1999.01.0198%3Abook%3D17,medium,The label combines the researched AD 1 province frame with installed terrain and relative position.,false
location,khawr_nubt,atbai_province,land,Blemmyan Atbara Northern,ancient or local ethnogeographic / English,source-led AD 1 province-centroid construction,installed:in_game/map_data/location_templates.txt;installed:in_game/map_data/definitions.txt;https://www.perseus.tufts.edu/hopper/text?doc=Perseus%3Atext%3A1999.01.0198%3Abook%3D17,medium,The label combines the researched AD 1 province frame with installed terrain and relative position.,false
location,khaybar,khaybar_province,land,Dedan–Khaybar Oasis Corridor,ancient or local ethnogeographic / English,source-led AD 1 province-centroid construction,installed:in_game/map_data/location_templates.txt;GEO-PROXY;NABATAEA-MAP,medium,The label combines the researched AD 1 province frame with installed terrain and relative position.,false
location,khaybar_janoub,tathlith_province,land,Wadi Tathlith–Sabaean,ancient or local ethnogeographic / English,source-led AD 1 province-centroid construction,installed:in_game/map_data/location_templates.txt;installed:in_game/map_data/definitions.txt;UNESCO-SABA;STR-ARAB,medium,The label combines the researched AD 1 province frame with installed terrain and relative position.,false
location,khayrij,hadramawt_province,land,Hadramaut of Shabwa Sayun,ancient or local ethnogeographic / English,source-led AD 1 province-centroid construction,installed:in_game/map_data/location_templates.txt;GEO-PROXY;UNESCO-INCENSE;PER,medium,The label combines the researched AD 1 province frame with installed terrain and relative position.,false
location,khayryuzovo,west_itelmen_province,land,Northeast Itelmen,ancient or local ethnogeographic / English,source-led AD 1 province-centroid construction,installed:in_game/map_data/location_templates.txt;installed:in_game/map_data/definitions.txt;GEO-PROXY;RAD-RFE-IRON,medium,The label combines the researched AD 1 province frame with installed terrain and relative position.,false
location,khaysar,adraskan_province,land,Aria–Paropamisus Southwestern,ancient or local ethnogeographic / English,source-led AD 1 province-centroid construction,installed:in_game/map_data/location_templates.txt;installed:in_game/map_data/definitions.txt;PLE;GEO-PROXY,medium,The label combines the researched AD 1 province frame with installed terrain and relative position.,false
location,khayyr,xahaaciya_province,land,Southwest Kular,ancient or local ethnogeographic / English,source-led AD 1 province-centroid construction,installed:in_game/map_data/location_templates.txt;installed:in_game/map_data/definitions.txt;GEO-PROXY,medium,The label combines the researched AD 1 province frame with installed terrain and relative position.,false
location,khed,marwar,land,Southwest Luni,ancient or local ethnogeographic / English,source-led AD 1 province-centroid construction,installed:in_game/map_data/location_templates.txt;installed:in_game/map_data/definitions.txt;GEO-PROXY;https://www.britannica.com/place/Rajasthan,medium,The label combines the researched AD 1 province frame with installed terrain and relative position.,false
location,kheis,prieska_province,land,Gariep–Kheis Hunter-Herder,ancient or local ethnogeographic / English,source-led AD 1 province-centroid construction,installed:in_game/map_data/location_templates.txt;installed:in_game/map_data/definitions.txt;GEO-PROXY;OUP-SOUTH-AFRICA,medium,The label combines the researched AD 1 province frame with installed terrain and relative position.,false
location,khelhghubun,lake_dakelh_province,lake,Khelhghubun Sound,ancient or local ethnogeographic / English,source-led AD 1 province-centroid construction,installed:in_game/map_data/location_templates.txt;GEO-PROXY;https://www.britannica.com/place/Nechako-River,medium,The label combines the researched AD 1 province frame with installed terrain and relative position.,false
location,khelhghubunt_en,lake_dakelh_province,land,Nechako–Nak’al-Bun Northern,ancient or local ethnogeographic / English,source-led AD 1 province-centroid construction,installed:in_game/map_data/location_templates.txt;GEO-PROXY;https://www.britannica.com/place/Nechako-River,medium,The label combines the researched AD 1 province frame with installed terrain and relative position.,false
location,khemchik,upper_yenisei_province,land,Tashtyk Khemchik–Upper,ancient or local ethnogeographic / English,source-led AD 1 province-centroid construction,installed:in_game/map_data/location_templates.txt;FU-TASHTYK;GEO-PROXY,medium,The label combines the researched AD 1 province frame with installed terrain and relative position.,false
location,khenifra,tadla_province,land,Northeast Oum,ancient or local ethnogeographic / English,source-led AD 1 province-centroid construction,installed:in_game/map_data/location_templates.txt;installed:in_game/map_data/definitions.txt;GEO-PROXY;SOR-AFRICA-FRONTIER,medium,The label combines the researched AD 1 province frame with installed terrain and relative position.,false
location,kheong,muli_province,land,Northeast Muli,ancient or local ethnogeographic / English,source-led AD 1 province-centroid construction,installed:in_game/map_data/location_templates.txt;GEO-PROXY;CAM-TIB-ARCH,medium,The label combines the researched AD 1 province frame with installed terrain and relative position.,false
location,kherameh,shiraz_province,land,West Anshan,ancient or local ethnogeographic / English,source-led AD 1 province-centroid construction,installed:in_game/map_data/location_templates.txt;GEO-PROXY;https://www.iranicaonline.org/articles/fars-i,medium,The label combines the researched AD 1 province frame with installed terrain and relative position.,false
location,kherigarh,khairabad_province,land,Kosala–Gomati Plains,ancient or local ethnogeographic / English,source-led AD 1 province-centroid construction,installed:in_game/map_data/location_templates.txt;GEO-PROXY;https://www.britannica.com/place/Kosala,medium,The label combines the researched AD 1 province frame with installed terrain and relative position.,false
location,kherla,mahadeo,land,Southwest Atavika,ancient or local ethnogeographic / English,source-led AD 1 province-centroid construction,installed:in_game/map_data/location_templates.txt;GEO-PROXY;https://www.britannica.com/place/Narmada-River,medium,The label combines the researched AD 1 province frame with installed terrain and relative position.,false
location,kherlen,kerulen_province,land,Xiongnu Kherlen,ancient or local ethnogeographic / English,source-led AD 1 province-centroid construction,installed:in_game/map_data/location_templates.txt;GEO-PROXY;OUP-XIO,medium,The label combines the researched AD 1 province frame with installed terrain and relative position.,false
location,khet_theu,thanh_hoa_province,land,Jiuzhen Commandery–Ma,ancient or local ethnogeographic / English,source-led AD 1 province-centroid construction,installed:in_game/map_data/location_templates.txt;GEO-PROXY;CAM-YUE,medium,The label combines the researched AD 1 province frame with installed terrain and relative position.,false
location,khewra,pothwar_province,land,Southeast Gandhāra,ancient or local ethnogeographic / English,source-led AD 1 province-centroid construction,installed:in_game/map_data/location_templates.txt;installed:in_game/map_data/definitions.txt;GEO-PROXY;IRAN-GANDHARA,medium,The label combines the researched AD 1 province frame with installed terrain and relative position.,false
location,khiching,keonjhar_province,land,Northeast Atavi,ancient or local ethnogeographic / English,source-led AD 1 province-centroid construction,installed:in_game/map_data/location_templates.txt;GEO-PROXY;https://www.britannica.com/place/Kalinga-historical-kingdom-India,medium,The label combines the researched AD 1 province frame with installed terrain and relative position.,false
location,khikhani,meskheti_province,land,Northeast Moschian,ancient or local ethnogeographic / English,source-led AD 1 province-centroid construction,installed:in_game/map_data/location_templates.txt;GEO-PROXY;https://www.perseus.tufts.edu/hopper/text?doc=Strab.+11.2&fromdoc=Perseus%3Atext%3A1999.01.0198,medium,The label combines the researched AD 1 province frame with installed terrain and relative position.,false
location,khilgo,khilok_province,land,Xiongnu Khilok–Selenga Valley,ancient or local ethnogeographic / English,source-led AD 1 province-centroid construction,installed:in_game/map_data/location_templates.txt;GEO-PROXY;OUP-XIO,medium,The label combines the researched AD 1 province frame with installed terrain and relative position.,false
location,khilgoson,khilok_province,land,East Khilok,ancient or local ethnogeographic / English,source-led AD 1 province-centroid construction,installed:in_game/map_data/location_templates.txt;GEO-PROXY;OUP-XIO,medium,The label combines the researched AD 1 province frame with installed terrain and relative position.,false
