granularity,key,parent,kind,ad1_name,language,method,source,confidence,note,unchanged_verified
location,izasa_cape,sea_of_japan,sea,Wa–Okjeo-Sea Offing,local geography / sourced AD 1 parent frame / English,ancient-parent local-feature construction,GEO-PROXY;installed:in_game/map_data/location_templates.txt,medium,AD 1 local label without postcolonial eponyms.,false
location,izberdey,lipetsk_province,land,Don Gorodets Lands,local geography / sourced AD 1 parent frame / English,ancient-parent local-feature construction,GEO-PROXY;installed:in_game/map_data/location_templates.txt,medium,AD 1 local label without postcolonial eponyms.,false
location,izboishchi,belozerskaya_province,land,Mologa–Msta Woodlands,local geography / sourced AD 1 parent frame / English,ancient-parent local-feature construction,GEO-PROXY;installed:in_game/map_data/location_templates.txt,medium,AD 1 local label without postcolonial eponyms.,false
location,izborsk,north_pskov_province,land,Peipus–Velikaya Lands,local geography / sourced AD 1 parent frame / English,ancient-parent local-feature construction,GEO-PROXY;installed:in_game/map_data/location_templates.txt,medium,AD 1 local label without postcolonial eponyms.,false
location,izdeshkovo,vyazma_province,land,Dnieper–Dvina Ugra–Vazuza Lands,local geography / sourced AD 1 parent frame / English,ancient-parent local-feature construction,GEO-PROXY;installed:in_game/map_data/location_templates.txt,medium,AD 1 local label without postcolonial eponyms.,false
location,izeh,izeh_province,land,Elymaian Zagros Uxiana Lands,local geography / sourced AD 1 parent frame / English,ancient-parent local-feature construction,GEO-PROXY;installed:in_game/map_data/location_templates.txt,medium,AD 1 local label without postcolonial eponyms.,false
location,izhevsk,sarapul_province,land,Pyanobor Kama–Vyatka Country,local geography / sourced AD 1 parent frame / English,ancient-parent local-feature construction,GEO-PROXY;installed:in_game/map_data/location_templates.txt,medium,AD 1 local label without postcolonial eponyms.,false
location,izhma,izhma_province,land,Pechora Glyadenovo Lands,local geography / sourced AD 1 parent frame / English,ancient-parent local-feature construction,GEO-PROXY;installed:in_game/map_data/location_templates.txt,medium,AD 1 local label without postcolonial eponyms.,false
location,iziaslav,zviahel_province,land,Zarubintsy Teteriv-Sluch Lands,local geography / sourced AD 1 parent frame / English,ancient-parent local-feature construction,GEO-PROXY;installed:in_game/map_data/location_templates.txt,medium,AD 1 local label without postcolonial eponyms.,false
location,izium,izium_province,land,Donets–Oskol Sarmatian Lands,local geography / sourced AD 1 parent frame / English,ancient-parent local-feature construction,GEO-PROXY;installed:in_game/map_data/location_templates.txt,medium,AD 1 local label without postcolonial eponyms.,false
location,izki,nizwa_province,land,Samad–Hajar Oases,local geography / sourced AD 1 parent frame / English,ancient-parent local-feature construction,GEO-PROXY;installed:in_game/map_data/location_templates.txt,medium,AD 1 local label without postcolonial eponyms.,false
location,izmit,kocaeli_province,land,Nicomedia Bithynian Lands,local geography / sourced AD 1 parent frame / English,ancient-parent local-feature construction,GEO-PROXY;installed:in_game/map_data/location_templates.txt,medium,AD 1 local label without postcolonial eponyms.,false
location,iznik,hudavendigar_province,land,Bithynia Olympene Mysia Lands,local geography / sourced AD 1 parent frame / English,ancient-parent local-feature construction,GEO-PROXY;installed:in_game/map_data/location_templates.txt,medium,AD 1 local label without postcolonial eponyms.,false
location,izori,vodskaya_province,land,Finnic Izhora–Luga Country,local geography / sourced AD 1 parent frame / English,ancient-parent local-feature construction,GEO-PROXY;installed:in_game/map_data/location_templates.txt,medium,AD 1 local label without postcolonial eponyms.,false
location,iztachacalapan,tochtepec_province,land,Epi-Olmec Lands,local geography / sourced AD 1 parent frame / English,ancient-parent local-feature construction,GEO-PROXY;installed:in_game/map_data/location_templates.txt,medium,AD 1 local label without postcolonial eponyms.,false
location,izu_islands,izu_province,land,Izu Archipelago,local geography / sourced AD 1 parent frame / English,ancient-parent local-feature construction,GEO-PROXY;installed:in_game/map_data/location_templates.txt,medium,AD 1 local label without postcolonial eponyms.,false
location,izumi,settsu_province,land,Kawachi–Naniwa Wa Country,local geography / sourced AD 1 parent frame / English,ancient-parent local-feature construction,GEO-PROXY;installed:in_game/map_data/location_templates.txt,medium,AD 1 local label without postcolonial eponyms.,false
location,izumi_satsuma,satsuma_province,land,Kumaso Kagoshima Country,local geography / sourced AD 1 parent frame / English,ancient-parent local-feature construction,GEO-PROXY;installed:in_game/map_data/location_templates.txt,medium,AD 1 local label without postcolonial eponyms.,false
location,izumo,izumo_province,land,Yayoi Sacred Lands,local geography / sourced AD 1 parent frame / English,ancient-parent local-feature construction,GEO-PROXY;installed:in_game/map_data/location_templates.txt,medium,AD 1 local label without postcolonial eponyms.,false
location,izyaslavl,roslavl_province,land,Dnieper-Desna Lands,local geography / sourced AD 1 parent frame / English,ancient-parent local-feature construction,GEO-PROXY;installed:in_game/map_data/location_templates.txt,medium,AD 1 local label without postcolonial eponyms.,false
location,j_hradec,bechinsko_province,land,Jindřichův Marcomannia Lands,local geography / sourced AD 1 parent frame / English,ancient-parent local-feature construction,GEO-PROXY;installed:in_game/map_data/location_templates.txt,medium,AD 1 local label without postcolonial eponyms.,false
location,jaasjarvi,tavastland_province,lake,Päijänne–Kokemäki Finnic Lake,local geography / sourced AD 1 parent frame / English,ancient-parent local-feature construction,GEO-PROXY;installed:in_game/map_data/location_templates.txt,medium,AD 1 local label without postcolonial eponyms.,false
location,jabar,raqqa_province,land,Ja'bar Lands Euphrates Nikephorion–Sura,local geography / sourced AD 1 parent frame / English,ancient-parent local-feature construction,GEO-PROXY;installed:in_game/map_data/location_templates.txt,medium,AD 1 local label without postcolonial eponyms.,false
location,jabar_goemba,western_bhutan_province,land,Paro–Punakha Lands,local geography / sourced AD 1 parent frame / English,ancient-parent local-feature construction,GEO-PROXY;installed:in_game/map_data/location_templates.txt,medium,AD 1 local label without postcolonial eponyms.,false
location,jabbul,halab_province,land,Al Beroea–Chalybon Syria Lands,local geography / sourced AD 1 parent frame / English,ancient-parent local-feature construction,GEO-PROXY;installed:in_game/map_data/location_templates.txt,medium,AD 1 local label without postcolonial eponyms.,false
location,jabhua,western_malwa,land,Ujjayinī–Daśapura Avanti Country,local geography / sourced AD 1 parent frame / English,ancient-parent local-feature construction,GEO-PROXY;installed:in_game/map_data/location_templates.txt,medium,AD 1 local label without postcolonial eponyms.,false
location,jabirrjabirr,yawuru_province,land,Yawuru–Nyikina Wilinggin Country,local geography / sourced AD 1 parent frame / English,ancient-parent local-feature construction,GEO-PROXY;installed:in_game/map_data/location_templates.txt,medium,AD 1 local label without postcolonial eponyms.,false
location,jabiyan,liaoyang_province,land,Liaodong Commandery Lands,local geography / sourced AD 1 parent frame / English,ancient-parent local-feature construction,GEO-PROXY;installed:in_game/map_data/location_templates.txt,medium,AD 1 local label without postcolonial eponyms.,false
location,jableh,latakia_province,land,Laodicea–Aradus Phoenician Lands,local geography / sourced AD 1 parent frame / English,ancient-parent local-feature construction,GEO-PROXY;installed:in_game/map_data/location_templates.txt,medium,AD 1 local label without postcolonial eponyms.,false
location,jaboticabal,tanabi_province,land,Tietê–Paraná Woodlands,local geography / sourced AD 1 parent frame / English,ancient-parent local-feature construction,GEO-PROXY;installed:in_game/map_data/location_templates.txt,medium,AD 1 local label without postcolonial eponyms.,false
location,jaburrara,jaburrara_province,land,Pilbara-Sandy Drylands,local geography / sourced AD 1 parent frame / English,ancient-parent local-feature construction,GEO-PROXY;installed:in_game/map_data/location_templates.txt,medium,AD 1 local label without postcolonial eponyms.,false
location,jaca,huesca_province,land,Osca Ilergetes Lands,local geography / sourced AD 1 parent frame / English,ancient-parent local-feature construction,GEO-PROXY;installed:in_game/map_data/location_templates.txt,medium,AD 1 local label without postcolonial eponyms.,false
location,jacarei,taubate_province,land,Îakare'y of Paraíba–Mantiqueira Forest,local geography / sourced AD 1 parent frame / English,ancient-parent local-feature construction,GEO-PROXY;installed:in_game/map_data/location_templates.txt,medium,AD 1 local label without postcolonial eponyms.,false
location,jachal,cuyo_province,land,Ansilta–Huarpe Valleys Lands,local geography / sourced AD 1 parent frame / English,ancient-parent local-feature construction,GEO-PROXY;installed:in_game/map_data/location_templates.txt,medium,AD 1 local label without postcolonial eponyms.,false
location,jachymov,chebsko_province,land,Marcomanni–Naristi Lands,local geography / sourced AD 1 parent frame / English,ancient-parent local-feature construction,GEO-PROXY;installed:in_game/map_data/location_templates.txt,medium,AD 1 local label without postcolonial eponyms.,false
location,jacmel_cape,hispaniola_coast,sea,Saladoid Quisqueya Offing,local geography / sourced AD 1 parent frame / English,ancient-parent local-feature construction,GEO-PROXY;installed:in_game/map_data/location_templates.txt,medium,AD 1 local label without postcolonial eponyms.,false
location,jacquinot_bay,bismarck_coastal_sea_zones_province,sea,Open Bay,local geography / sourced AD 1 parent frame / English,ancient-parent local-feature construction,GEO-PROXY;installed:in_game/map_data/location_templates.txt,medium,AD 1 local label without postcolonial eponyms.,false
location,jacu,gurgueia_province,land,Gurgueia–Parnaíba Cerrado Plain,local geography / sourced AD 1 parent frame / English,ancient-parent local-feature construction,GEO-PROXY;installed:in_game/map_data/location_templates.txt,medium,AD 1 local label without postcolonial eponyms.,false
location,jacui,jacui_province,land,Patos Pampas Lands,local geography / sourced AD 1 parent frame / English,ancient-parent local-feature construction,GEO-PROXY;installed:in_game/map_data/location_templates.txt,medium,AD 1 local label without postcolonial eponyms.,false
location,jade_bay,danmark_coastal_sea_zones_province,sea,Cimbrian–Frisian Inlet,local geography / sourced AD 1 parent frame / English,ancient-parent local-feature construction,GEO-PROXY;installed:in_game/map_data/location_templates.txt,medium,AD 1 local label without postcolonial eponyms.,false
location,jadliaura,kooapudna_province,land,Adnyamathanha–Kuyani Lands,local geography / sourced AD 1 parent frame / English,ancient-parent local-feature construction,GEO-PROXY;installed:in_game/map_data/location_templates.txt,medium,AD 1 local label without postcolonial eponyms.,false
location,jadu,nafusa_province,land,Garamantian–Tripolitanian Lands,local geography / sourced AD 1 parent frame / English,ancient-parent local-feature construction,GEO-PROXY;installed:in_game/map_data/location_templates.txt,medium,AD 1 local label without postcolonial eponyms.,false
location,jae_aaya,yoli_province,land,Jâ'é Conchos–Sierra Lands,local geography / sourced AD 1 parent frame / English,ancient-parent local-feature construction,GEO-PROXY;installed:in_game/map_data/location_templates.txt,medium,AD 1 local label without postcolonial eponyms.,false
location,jaen,jaen_province,land,Oretani Aurgi–Castulo Lands,local geography / sourced AD 1 parent frame / English,ancient-parent local-feature construction,GEO-PROXY;installed:in_game/map_data/location_templates.txt,medium,AD 1 local label without postcolonial eponyms.,false
location,jaeren,rogaland_province,land,Jæren of Jæren–Ryfylke Country,local geography / sourced AD 1 parent frame / English,ancient-parent local-feature construction,GEO-PROXY;installed:in_game/map_data/location_templates.txt,medium,AD 1 local label without postcolonial eponyms.,false
location,jaeryeong,haeju_province,land,Mahan–Lelang Lands,local geography / sourced AD 1 parent frame / English,ancient-parent local-feature construction,GEO-PROXY;installed:in_game/map_data/location_templates.txt,medium,AD 1 local label without postcolonial eponyms.,false
location,jaffa,filastin_province,land,Judaea–Samaria–Idumaea Lands,local geography / sourced AD 1 parent frame / English,ancient-parent local-feature construction,GEO-PROXY;installed:in_game/map_data/location_templates.txt,medium,AD 1 local label without postcolonial eponyms.,false
location,jaffna,jaffna_province,land,Nāgadīpa Taprobane Lands,local geography / sourced AD 1 parent frame / English,ancient-parent local-feature construction,GEO-PROXY;installed:in_game/map_data/location_templates.txt,medium,AD 1 local label without postcolonial eponyms.,false
location,jagadevipalayam,baramahal,land,Kongu–Dharmapuri Lands,local geography / sourced AD 1 parent frame / English,ancient-parent local-feature construction,GEO-PROXY;installed:in_game/map_data/location_templates.txt,medium,AD 1 local label without postcolonial eponyms.,false
location,jagaraga,pajang_province,land,Solo–Brantas Austronesian Lands,local geography / sourced AD 1 parent frame / English,ancient-parent local-feature construction,GEO-PROXY;installed:in_game/map_data/location_templates.txt,medium,AD 1 local label without postcolonial eponyms.,false
location,jagatipur,bheri_province,land,Karnali–Bheri Himalayan Lands,local geography / sourced AD 1 parent frame / English,ancient-parent local-feature construction,GEO-PROXY;installed:in_game/map_data/location_templates.txt,medium,AD 1 local label without postcolonial eponyms.,false
location,jagdalpur,bastar_province,land,Bastar Plateau Horizon,local geography / sourced AD 1 parent frame / English,reviewed archaeological-region anchor,GEO-PROXY;installed:in_game/map_data/location_templates.txt,medium,Qualified horizon rather than the later city or dynasty.,false
location,jagga_kalemba,mbegela_province,land,Benguela–Catumbela Lands,local geography / sourced AD 1 parent frame / English,ancient-parent local-feature construction,GEO-PROXY;installed:in_game/map_data/location_templates.txt,medium,AD 1 local label without postcolonial eponyms.,false
location,jaggas,kwango_province,land,Kwango–Kwilu Lands,local geography / sourced AD 1 parent frame / English,ancient-parent local-feature construction,GEO-PROXY;installed:in_game/map_data/location_templates.txt,medium,AD 1 local label without postcolonial eponyms.,false
location,jagin_zir,tiz_province,land,e Gedrosia Lands,local geography / sourced AD 1 parent frame / English,ancient-parent local-feature construction,GEO-PROXY;installed:in_game/map_data/location_templates.txt,medium,AD 1 local label without postcolonial eponyms.,false
location,jagodina,toplica_province,land,Dardani–Moesi Lands,local geography / sourced AD 1 parent frame / English,ancient-parent local-feature construction,GEO-PROXY;installed:in_game/map_data/location_templates.txt,medium,AD 1 local label without postcolonial eponyms.,false
location,jagua,havana_province,land,Cuba Ceramic Lands,local geography / sourced AD 1 parent frame / English,ancient-parent local-feature construction,GEO-PROXY;installed:in_game/map_data/location_templates.txt,medium,AD 1 local label without postcolonial eponyms.,false
location,jaguarao,taquari_province,land,Mirim Lands,local geography / sourced AD 1 parent frame / English,ancient-parent local-feature construction,GEO-PROXY;installed:in_game/map_data/location_templates.txt,medium,AD 1 local label without postcolonial eponyms.,false
location,jaguarari,brigida_province,land,Opara Interior Lands,local geography / sourced AD 1 parent frame / English,ancient-parent local-feature construction,GEO-PROXY;installed:in_game/map_data/location_templates.txt,medium,AD 1 local label without postcolonial eponyms.,false
location,jahreh,kariyan_province,land,Persis–Carmania Lands,local geography / sourced AD 1 parent frame / English,ancient-parent local-feature construction,GEO-PROXY;installed:in_game/map_data/location_templates.txt,medium,AD 1 local label without postcolonial eponyms.,false
location,jahrom,jahrom_province,land,Jahrūm Lands of Fasa–Jahrom Southern Persis,local geography / sourced AD 1 parent frame / English,ancient-parent local-feature construction,GEO-PROXY;installed:in_game/map_data/location_templates.txt,medium,AD 1 local label without postcolonial eponyms.,false
location,jahunda,shashe_province,land,Shashe–Tuli Hunter-Herder Lands,local geography / sourced AD 1 parent frame / English,ancient-parent local-feature construction,GEO-PROXY;installed:in_game/map_data/location_templates.txt,medium,AD 1 local label without postcolonial eponyms.,false
location,jaiba,paracatu_province,land,Ya'yba of Akwẽ Uplands,local geography / sourced AD 1 parent frame / English,ancient-parent local-feature construction,GEO-PROXY;installed:in_game/map_data/location_templates.txt,medium,AD 1 local label without postcolonial eponyms.,false
location,jailolo,ternate_province,land,Halmahera–Ternate Metal Lands,local geography / sourced AD 1 parent frame / English,ancient-parent local-feature construction,GEO-PROXY;installed:in_game/map_data/location_templates.txt,medium,AD 1 local label without postcolonial eponyms.,false
location,jaintiapur,meghalaya_province,land,Khasi–Jaintia Megalithic Lands,local geography / sourced AD 1 parent frame / English,ancient-parent local-feature construction,GEO-PROXY;installed:in_game/map_data/location_templates.txt,medium,AD 1 local label without postcolonial eponyms.,false
location,jaisalmer,jaisalmer_province,land,Western Thar Drylands,local geography / sourced AD 1 parent frame / English,ancient-parent local-feature construction,GEO-PROXY;installed:in_game/map_data/location_templates.txt,medium,AD 1 local label without postcolonial eponyms.,false
location,jaitmatang,braiakalung_province,land,Boon Wurrung–Gunai Country,local geography / sourced AD 1 parent frame / English,ancient-parent local-feature construction,GEO-PROXY;installed:in_game/map_data/location_templates.txt,medium,AD 1 local label without postcolonial eponyms.,false
location,jajarm,esfarayen_province,land,Comisene–Parthia Lands,local geography / sourced AD 1 parent frame / English,ancient-parent local-feature construction,GEO-PROXY;installed:in_game/map_data/location_templates.txt,medium,AD 1 local label without postcolonial eponyms.,false
location,jajce,donji_kraji_province,land,Delmatae–Daesitiates Dinaric Lands,local geography / sourced AD 1 parent frame / English,ancient-parent local-feature construction,GEO-PROXY;installed:in_game/map_data/location_templates.txt,medium,AD 1 local label without postcolonial eponyms.,false
location,jajjaldeypur,kalahandi_garjat,land,Mahākāntāra–Kalinga Hills,local geography / sourced AD 1 parent frame / English,ancient-parent local-feature construction,GEO-PROXY;installed:in_game/map_data/location_templates.txt,medium,AD 1 local label without postcolonial eponyms.,false
location,jajnagar,rajabandi,land,Kalinga–Mahanadī Lands,local geography / sourced AD 1 parent frame / English,ancient-parent local-feature construction,GEO-PROXY;installed:in_game/map_data/location_templates.txt,medium,AD 1 local label without postcolonial eponyms.,false
location,jakarta_bay,surabaya_coast_sea_province,sea,Open Ocean Bight,local geography / sourced AD 1 parent frame / English,ancient-parent local-feature construction,GEO-PROXY;installed:in_game/map_data/location_templates.txt,medium,AD 1 local label without postcolonial eponyms.,false
location,jakelbalak,karta_pintingga_province,land,Millewa-Coorong Lands,local geography / sourced AD 1 parent frame / English,ancient-parent local-feature construction,GEO-PROXY;installed:in_game/map_data/location_templates.txt,medium,AD 1 local label without postcolonial eponyms.,false
location,jalalabad,kabul_province,land,Kabura–Kapisa Paropamisos Lands,local geography / sourced AD 1 parent frame / English,ancient-parent local-feature construction,GEO-PROXY;installed:in_game/map_data/location_templates.txt,medium,AD 1 local label without postcolonial eponyms.,false
location,jalalabad_fergana,andijan_province,land,Dayuan Ferghana Lands,local geography / sourced AD 1 parent frame / English,ancient-parent local-feature construction,GEO-PROXY;installed:in_game/map_data/location_templates.txt,medium,AD 1 local label without postcolonial eponyms.,false
location,jalalpur_pirwala,bari_doab_province,land,Iravati–Vipāśā Doab Lands,local geography / sourced AD 1 parent frame / English,ancient-parent local-feature construction,GEO-PROXY;installed:in_game/map_data/location_templates.txt,medium,AD 1 local label without postcolonial eponyms.,false
location,jalan_buani_buali,masqat_province,land,Ja'alan Banī Bū 'Alī of Omana,local geography / sourced AD 1 parent frame / English,ancient-parent local-feature construction,GEO-PROXY;installed:in_game/map_data/location_templates.txt,medium,AD 1 local label without postcolonial eponyms.,false
location,jalandhar,doaba_province,land,Trigarta Satadru Doab Lands,local geography / sourced AD 1 parent frame / English,ancient-parent local-feature construction,GEO-PROXY;installed:in_game/map_data/location_templates.txt,medium,AD 1 local label without postcolonial eponyms.,false
location,jaleq,khash_province,land,Gedrosian Mashkel Drylands,local geography / sourced AD 1 parent frame / English,ancient-parent local-feature construction,GEO-PROXY;installed:in_game/map_data/location_templates.txt,medium,AD 1 local label without postcolonial eponyms.,false
location,jalesar,rajabandi,land,Kalinga–Mahanadī Plain,local geography / sourced AD 1 parent frame / English,ancient-parent local-feature construction,GEO-PROXY;installed:in_game/map_data/location_templates.txt,medium,AD 1 local label without postcolonial eponyms.,false
location,jalesar_doab,braj_province,land,Śūrasena Mathurā Lands,local geography / sourced AD 1 parent frame / English,ancient-parent local-feature construction,GEO-PROXY;installed:in_game/map_data/location_templates.txt,medium,AD 1 local label without postcolonial eponyms.,false
location,jaligny,bourbon_province,land,sur-Besbre Bituriges Lands,local geography / sourced AD 1 parent frame / English,ancient-parent local-feature construction,GEO-PROXY;installed:in_game/map_data/location_templates.txt,medium,AD 1 local label without postcolonial eponyms.,false
location,jalna,upper_marathwada,land,Pratishthana–Tagara Satavahana Lands,local geography / sourced AD 1 parent frame / English,ancient-parent local-feature construction,GEO-PROXY;installed:in_game/map_data/location_templates.txt,medium,AD 1 local label without postcolonial eponyms.,false
location,jalor,godwar,land,Aravalli–Luni Mālava Lands,local geography / sourced AD 1 parent frame / English,ancient-parent local-feature construction,GEO-PROXY;installed:in_game/map_data/location_templates.txt,medium,AD 1 local label without postcolonial eponyms.,false
location,jalpaiguri,jalpaiguri_province,land,Karatoya–Duars Pundra Lands,local geography / sourced AD 1 parent frame / English,ancient-parent local-feature construction,GEO-PROXY;installed:in_game/map_data/location_templates.txt,medium,AD 1 local label without postcolonial eponyms.,false
location,jalpan,metztitlan_province,land,Sierra-Hidalgo Late Lands,local geography / sourced AD 1 parent frame / English,ancient-parent local-feature construction,GEO-PROXY;installed:in_game/map_data/location_templates.txt,medium,AD 1 local label without postcolonial eponyms.,false
location,jaltenango,zaklohpakab_province,land,Late-Preclassic Zoque Lands,local geography / sourced AD 1 parent frame / English,ancient-parent local-feature construction,GEO-PROXY;installed:in_game/map_data/location_templates.txt,medium,AD 1 local label without postcolonial eponyms.,false
location,jaltepec,tlachquiauhco_province,land,Ñuu-Dzahui Tilantongo–Achiutla Lands,local geography / sourced AD 1 parent frame / English,ancient-parent local-feature construction,GEO-PROXY;installed:in_game/map_data/location_templates.txt,medium,AD 1 local label without postcolonial eponyms.,false
location,jaluit_atoll,ralik_province,land,Coral Rālik Lagoon,local geography / sourced AD 1 parent frame / English,ancient-parent local-feature construction,GEO-PROXY;installed:in_game/map_data/location_templates.txt,medium,AD 1 local label without postcolonial eponyms.,false
location,jaluit_coast_1,ralik_sea_zones_province,sea,Rālik-Ocean Passage,local geography / sourced AD 1 parent frame / English,ancient-parent local-feature construction,GEO-PROXY;installed:in_game/map_data/location_templates.txt,medium,AD 1 local label without postcolonial eponyms.,false
location,jaluit_coast_2,ralik_sea_zones_province,sea,Rālik-Ocean Channel,local geography / sourced AD 1 parent frame / English,ancient-parent local-feature construction,GEO-PROXY;installed:in_game/map_data/location_templates.txt,medium,AD 1 local label without postcolonial eponyms.,false
location,jama,atacames_province,land,Cordilleran Coast,local geography / sourced AD 1 parent frame / English,ancient-parent local-feature construction,GEO-PROXY;installed:in_game/map_data/location_templates.txt,medium,AD 1 local label without postcolonial eponyms.,false
location,jama_TUN,medjerda_province,land,Al Jamah of Bagradas–Thugga Numidian Country,local geography / sourced AD 1 parent frame / English,ancient-parent local-feature construction,GEO-PROXY;installed:in_game/map_data/location_templates.txt,medium,AD 1 local label without postcolonial eponyms.,false
location,jamaica_channel,coast_of_jamaica,sea,Xaymaca Passage Channel,local geography / sourced AD 1 parent frame / English,ancient-parent local-feature construction,GEO-PROXY;installed:in_game/map_data/location_templates.txt,medium,AD 1 local label without postcolonial eponyms.,false
location,jambi,lower_jambi_province,land,Batang-Hari Lands,local geography / sourced AD 1 parent frame / English,ancient-parent local-feature construction,GEO-PROXY;installed:in_game/map_data/location_templates.txt,medium,AD 1 local label without postcolonial eponyms.,false
location,james_bay_lowlands,kashechewan_province,land,Northeastern of Mushkegowuk Lowlands,local geography / sourced AD 1 parent frame / English,ancient-parent local-feature construction,GEO-PROXY;installed:in_game/map_data/location_templates.txt,medium,AD 1 local label without postcolonial eponyms.,false
location,jaminjung,jaminjung_province,land,Larrakia Lands,local geography / sourced AD 1 parent frame / English,ancient-parent local-feature construction,GEO-PROXY;installed:in_game/map_data/location_templates.txt,medium,AD 1 local label without postcolonial eponyms.,false
location,jammer_bay,skagerrak_province,sea,Cimbrian–Norwegian Bay,local geography / sourced AD 1 parent frame / English,ancient-parent local-feature construction,GEO-PROXY;installed:in_game/map_data/location_templates.txt,medium,AD 1 local label without postcolonial eponyms.,false
location,jammu,punjab_hills_province,land,Chenab–Ravi Himalayan Lands,local geography / sourced AD 1 parent frame / English,ancient-parent local-feature construction,GEO-PROXY;installed:in_game/map_data/location_templates.txt,medium,AD 1 local label without postcolonial eponyms.,false
location,jamsa,tavastland_province,land,Päijänne–Kokemäki Finnic Country,local geography / sourced AD 1 parent frame / English,ancient-parent local-feature construction,GEO-PROXY;installed:in_game/map_data/location_templates.txt,medium,AD 1 local label without postcolonial eponyms.,false
location,jan_mayen,impassable_atlantic,land,Northern Volcanic Outer Island,local geography / sourced AD 1 parent frame / English,ancient-parent local-feature construction,GEO-PROXY;installed:in_game/map_data/location_templates.txt,medium,AD 1 local label without postcolonial eponyms.,false
location,janakkala,tavastland_province,land,Päijänne–Kokemäki Finnic Lands,local geography / sourced AD 1 parent frame / English,ancient-parent local-feature construction,GEO-PROXY;installed:in_game/map_data/location_templates.txt,medium,AD 1 local label without postcolonial eponyms.,false
location,janakpur,surguja,land,Rihand–Mahanadī Munda Lands,local geography / sourced AD 1 parent frame / English,ancient-parent local-feature construction,GEO-PROXY;installed:in_game/map_data/location_templates.txt,medium,AD 1 local label without postcolonial eponyms.,false
location,janakpur_nepal,darbhanga_province,land,Mithila–Videha Heartland Lands,local geography / sourced AD 1 parent frame / English,ancient-parent local-feature construction,GEO-PROXY;installed:in_game/map_data/location_templates.txt,medium,AD 1 local label without postcolonial eponyms.,false
location,janauba,paracatu_province,land,Akwẽ Uplands,local geography / sourced AD 1 parent frame / English,ancient-parent local-feature construction,GEO-PROXY;installed:in_game/map_data/location_templates.txt,medium,AD 1 local label without postcolonial eponyms.,false
location,jand,sighnaq_province,land,Kangju Iaxartes Oases,local geography / sourced AD 1 parent frame / English,ancient-parent local-feature construction,GEO-PROXY;installed:in_game/map_data/location_templates.txt,medium,AD 1 local label without postcolonial eponyms.,false
location,jang_tana,nangchen_province,land,Dri Lands,local geography / sourced AD 1 parent frame / English,ancient-parent local-feature construction,GEO-PROXY;installed:in_game/map_data/location_templates.txt,medium,AD 1 local label without postcolonial eponyms.,false
location,jangheung,naju_province,land,Naju–Yeongsan Mahan Heartland Lands,local geography / sourced AD 1 parent frame / English,ancient-parent local-feature construction,GEO-PROXY;installed:in_game/map_data/location_templates.txt,medium,AD 1 local label without postcolonial eponyms.,false
location,jangipur,dumka_province,land,Anga–Rajmahal Hills,local geography / sourced AD 1 parent frame / English,ancient-parent local-feature construction,GEO-PROXY;installed:in_game/map_data/location_templates.txt,medium,AD 1 local label without postcolonial eponyms.,false
location,jangjin,hamheung_province,land,Okjeo Hamhung Plain,local geography / sourced AD 1 parent frame / English,ancient-parent local-feature construction,GEO-PROXY;installed:in_game/map_data/location_templates.txt,medium,AD 1 local label without postcolonial eponyms.,false
location,jangyeon,haeju_province,land,Mahan–Lelang Plain,local geography / sourced AD 1 parent frame / English,ancient-parent local-feature construction,GEO-PROXY;installed:in_game/map_data/location_templates.txt,medium,AD 1 local label without postcolonial eponyms.,false
location,janjira,north_konkan,land,Aparanta Sopara–Kalyan Lands,local geography / sourced AD 1 parent frame / English,ancient-parent local-feature construction,GEO-PROXY;installed:in_game/map_data/location_templates.txt,medium,AD 1 local label without postcolonial eponyms.,false
location,jannaba,qala_safid_province,land,Genāveh Lands of Taoke–Southern Persis Coast,local geography / sourced AD 1 parent frame / English,ancient-parent local-feature construction,GEO-PROXY;installed:in_game/map_data/location_templates.txt,medium,AD 1 local label without postcolonial eponyms.,false
location,jannah,nita_province,land,Gerrha–Summan Pastoral Country,local geography / sourced AD 1 parent frame / English,ancient-parent local-feature construction,GEO-PROXY;installed:in_game/map_data/location_templates.txt,medium,AD 1 local label without postcolonial eponyms.,false
location,jannat_shahr,darab_province,land,Darabgerd Persis Lands,local geography / sourced AD 1 parent frame / English,ancient-parent local-feature construction,GEO-PROXY;installed:in_game/map_data/location_templates.txt,medium,AD 1 local label without postcolonial eponyms.,false
location,janow_lubelski,lublin_province,land,Vistula–Wieprz Przeworsk Lands,local geography / sourced AD 1 parent frame / English,ancient-parent local-feature construction,GEO-PROXY;installed:in_game/map_data/location_templates.txt,medium,AD 1 local label without postcolonial eponyms.,false
location,jansath,upper_doab_province,land,Kuru Upper-Yamuna–Ganges Country,local geography / sourced AD 1 parent frame / English,ancient-parent local-feature construction,GEO-PROXY;installed:in_game/map_data/location_templates.txt,medium,AD 1 local label without postcolonial eponyms.,false
location,japallan,konchuko_province,land,Chavín-Successor Conchucos Lands,local geography / sourced AD 1 parent frame / English,ancient-parent local-feature construction,GEO-PROXY;installed:in_game/map_data/location_templates.txt,medium,AD 1 local label without postcolonial eponyms.,false
location,japan_high_sea1,japan_east_sea,sea,Wa Pacific Sea,local geography / sourced AD 1 parent frame / English,ancient-parent local-feature construction,GEO-PROXY;installed:in_game/map_data/location_templates.txt,medium,AD 1 local label without postcolonial eponyms.,false
location,japan_high_sea10,sakishima_islands,sea,Yaeyama–Miyako Island Sea,local geography / sourced AD 1 parent frame / English,ancient-parent local-feature construction,GEO-PROXY;installed:in_game/map_data/location_templates.txt,medium,AD 1 local label without postcolonial eponyms.,false
location,japan_high_sea11,sakishima_islands,sea,Yaeyama–Miyako Island Ocean,local geography / sourced AD 1 parent frame / English,ancient-parent local-feature construction,GEO-PROXY;installed:in_game/map_data/location_templates.txt,medium,AD 1 local label without postcolonial eponyms.,false
location,japan_high_sea12,cagayan_coast_sea_province,sea,Batanes–Luzon Strait Sea Leeward,local geography / sourced AD 1 parent frame / English,ancient-parent local-feature construction,GEO-PROXY;installed:in_game/map_data/location_templates.txt,medium,AD 1 local label without postcolonial eponyms.,false
location,japan_high_sea2,tokaido_coast_sea_province,sea,Open Sea,local geography / sourced AD 1 parent frame / English,ancient-parent local-feature construction,GEO-PROXY;installed:in_game/map_data/location_templates.txt,medium,AD 1 local label without postcolonial eponyms.,false
location,japan_high_sea3,shikoku_coast,sea,Wa Iyo–Tosa Pacific Sea,local geography / sourced AD 1 parent frame / English,ancient-parent local-feature construction,GEO-PROXY;installed:in_game/map_data/location_templates.txt,medium,AD 1 local label without postcolonial eponyms.,false
location,japan_high_sea4,shikoku_coast,sea,Wa Iyo–Tosa Pacific Ocean,local geography / sourced AD 1 parent frame / English,ancient-parent local-feature construction,GEO-PROXY;installed:in_game/map_data/location_templates.txt,medium,AD 1 local label without postcolonial eponyms.,false
location,japan_high_sea5,oosumi_islands,sea,Wa Tanegashima–Yakushima Sea,local geography / sourced AD 1 parent frame / English,ancient-parent local-feature construction,GEO-PROXY;installed:in_game/map_data/location_templates.txt,medium,AD 1 local label without postcolonial eponyms.,false
location,japan_high_sea6,okinawa_islands,sea,Ryukyu Oceanic Passage,local geography / sourced AD 1 parent frame / English,ancient-parent local-feature construction,GEO-PROXY;installed:in_game/map_data/location_templates.txt,medium,AD 1 local label without postcolonial eponyms.,false
location,japan_high_sea7,okinawa_islands,sea,Ryukyu Pelagic Expanse,local geography / sourced AD 1 parent frame / English,ancient-parent local-feature construction,GEO-PROXY;installed:in_game/map_data/location_templates.txt,medium,AD 1 local label without postcolonial eponyms.,false
location,japan_high_sea8,okinawa_islands,sea,Open Ocean Deep,local geography / sourced AD 1 parent frame / English,ancient-parent local-feature construction,GEO-PROXY;installed:in_game/map_data/location_templates.txt,medium,AD 1 local label without postcolonial eponyms.,false
location,japan_high_sea9,okinawa_islands,sea,Open Ocean Current,local geography / sourced AD 1 parent frame / English,ancient-parent local-feature construction,GEO-PROXY;installed:in_game/map_data/location_templates.txt,medium,AD 1 local label without postcolonial eponyms.,false
location,jaqi_jiwata_mountain,sura_province,land,Desaguadero–Sicasica Highlands,local geography / sourced AD 1 parent frame / English,ancient-parent local-feature construction,GEO-PROXY;installed:in_game/map_data/location_templates.txt,medium,AD 1 local label without postcolonial eponyms.,false
location,jarabacoa,maguana_province,land,Ayiti-Kiskeya Saladoid Lands,local geography / sourced AD 1 parent frame / English,ancient-parent local-feature construction,GEO-PROXY;installed:in_game/map_data/location_templates.txt,medium,AD 1 local label without postcolonial eponyms.,false
location,jaragua,jaragua_province,land,Baoruco–Yaguana Saladoid Country,local geography / sourced AD 1 parent frame / English,ancient-parent local-feature construction,GEO-PROXY;installed:in_game/map_data/location_templates.txt,medium,AD 1 local label without postcolonial eponyms.,false
location,jaraicejo,plasencia_province,land,Vettones Capera–Tagus Uplands,local geography / sourced AD 1 parent frame / English,ancient-parent local-feature construction,GEO-PROXY;installed:in_game/map_data/location_templates.txt,medium,AD 1 local label without postcolonial eponyms.,false
location,jaranwala,rechna_doab_province,land,Malloi Chenab–Ravi Country,local geography / sourced AD 1 parent frame / English,ancient-parent local-feature construction,GEO-PROXY;installed:in_game/map_data/location_templates.txt,medium,AD 1 local label without postcolonial eponyms.,false
location,jarawah_abu_al_aysh,oujda_province,land,Jarawa Lands Mauri Mulucha–Angad,local geography / sourced AD 1 parent frame / English,ancient-parent local-feature construction,GEO-PROXY;installed:in_game/map_data/location_templates.txt,medium,AD 1 local label without postcolonial eponyms.,false
location,jardines_reina,south_cuba_coast,sea,Saladoid Canarreos–Cuban Passage,local geography / sourced AD 1 parent frame / English,ancient-parent local-feature construction,GEO-PROXY;installed:in_game/map_data/location_templates.txt,medium,AD 1 local label without postcolonial eponyms.,false
location,jardwajali,buandig_province,land,Gunditjmara–Wadawurrung Lands,local geography / sourced AD 1 parent frame / English,ancient-parent local-feature construction,GEO-PROXY;installed:in_game/map_data/location_templates.txt,medium,AD 1 local label without postcolonial eponyms.,false
location,jargalan,faraveh_province,land,Hyrcanian Gates–Dahistan Lands,local geography / sourced AD 1 parent frame / English,ancient-parent local-feature construction,GEO-PROXY;installed:in_game/map_data/location_templates.txt,medium,AD 1 local label without postcolonial eponyms.,false
location,jargo_lake,namru_province,land,Namtso–Siling Lake,local geography / sourced AD 1 parent frame / English,ancient-parent local-feature construction,GEO-PROXY;installed:in_game/map_data/location_templates.txt,medium,AD 1 local label without postcolonial eponyms.,false
location,jariekhi,alania_province,land,Alans Caucasus Lands,local geography / sourced AD 1 parent frame / English,ancient-parent local-feature construction,GEO-PROXY;installed:in_game/map_data/location_templates.txt,medium,AD 1 local label without postcolonial eponyms.,false
location,jaroujiji,sequoyah_province,land,Eel–Mattole Country,local geography / sourced AD 1 parent frame / English,ancient-parent local-feature construction,GEO-PROXY;installed:in_game/map_data/location_templates.txt,medium,AD 1 local label without postcolonial eponyms.,false
location,jarrah_karri,wardandi_province,land,Wardandi–Kaniyang Lands,local geography / sourced AD 1 parent frame / English,ancient-parent local-feature construction,GEO-PROXY;installed:in_game/map_data/location_templates.txt,medium,AD 1 local label without postcolonial eponyms.,false
location,jarrakan,ngarinyin_province,land,Ngarinyin–Balanggarra Lands,local geography / sourced AD 1 parent frame / English,ancient-parent local-feature construction,GEO-PROXY;installed:in_game/map_data/location_templates.txt,medium,AD 1 local label without postcolonial eponyms.,false
location,jarrarah,nita_province,land,Gerrha–Summan Pastoral Lands,local geography / sourced AD 1 parent frame / English,ancient-parent local-feature construction,GEO-PROXY;installed:in_game/map_data/location_templates.txt,medium,AD 1 local label without postcolonial eponyms.,false
location,jaru,mangala_province,land,Bunuba–Gooniyandi Wilinggin Lands,local geography / sourced AD 1 parent frame / English,ancient-parent local-feature construction,GEO-PROXY;installed:in_game/map_data/location_templates.txt,medium,AD 1 local label without postcolonial eponyms.,false
location,jashpur_nagar,raigadh_garjats,land,Mahākāntāra Mahanadī Lands,local geography / sourced AD 1 parent frame / English,ancient-parent local-feature construction,GEO-PROXY;installed:in_game/map_data/location_templates.txt,medium,AD 1 local label without postcolonial eponyms.,false
location,jaskis,vyborg_province,land,Finnic Saimaa–Kymi Country,local geography / sourced AD 1 parent frame / English,ancient-parent local-feature construction,GEO-PROXY;installed:in_game/map_data/location_templates.txt,medium,AD 1 local label without postcolonial eponyms.,false
location,jaslo,nowy_sacz_province,land,Jasło of Przeworsk Dunajec–Poprad Country,local geography / sourced AD 1 parent frame / English,ancient-parent local-feature construction,GEO-PROXY;installed:in_game/map_data/location_templates.txt,medium,AD 1 local label without postcolonial eponyms.,false
location,jaszbereny,pest_province,land,Iazyges Danube–Tisza Country,local geography / sourced AD 1 parent frame / English,ancient-parent local-feature construction,GEO-PROXY;installed:in_game/map_data/location_templates.txt,medium,AD 1 local label without postcolonial eponyms.,false
location,jataizinho,imbau_province,land,Itararé–Taquara Highland,local geography / sourced AD 1 parent frame / English,ancient-parent local-feature construction,GEO-PROXY;installed:in_game/map_data/location_templates.txt,medium,AD 1 local label without postcolonial eponyms.,false
location,jath,southern_desh,land,Satavahana Kuntala–Karad Country,local geography / sourced AD 1 parent frame / English,ancient-parent local-feature construction,GEO-PROXY;installed:in_game/map_data/location_templates.txt,medium,AD 1 local label without postcolonial eponyms.,false
location,jativa,jativa_province,land,Saetabis–Dianium Contestania Lands,local geography / sourced AD 1 parent frame / English,ancient-parent local-feature construction,GEO-PROXY;installed:in_game/map_data/location_templates.txt,medium,AD 1 local label without postcolonial eponyms.,false
location,jaund,arrah_province,land,Western Magadha–Son Country,local geography / sourced AD 1 parent frame / English,ancient-parent local-feature construction,GEO-PROXY;installed:in_game/map_data/location_templates.txt,medium,AD 1 local label without postcolonial eponyms.,false
location,jaunpur,varanasi_province,land,Varanasi Kashi Lands,local geography / sourced AD 1 parent frame / English,ancient-parent local-feature construction,GEO-PROXY;installed:in_game/map_data/location_templates.txt,medium,AD 1 local label without postcolonial eponyms.,false
location,jauregui,suchiimma_province,land,Catatumbo–Perijá Lands,local geography / sourced AD 1 parent frame / English,ancient-parent local-feature construction,GEO-PROXY;installed:in_game/map_data/location_templates.txt,medium,AD 1 local label without postcolonial eponyms.,false
location,jaurua,quines_province,land,Huarpe–Uspallata Lands,local geography / sourced AD 1 parent frame / English,ancient-parent local-feature construction,GEO-PROXY;installed:in_game/map_data/location_templates.txt,medium,AD 1 local label without postcolonial eponyms.,false
location,jautok,kawesqar_province,land,Kawesqar Offing,local geography / sourced AD 1 parent frame / English,ancient-parent local-feature construction,GEO-PROXY;installed:in_game/map_data/location_templates.txt,medium,AD 1 local label without postcolonial eponyms.,false
location,java_sea1,surabaya_coast_sea_province,sea,Maritime Expanse Iabadiou Offing,local geography / sourced AD 1 parent frame / English,ancient-parent local-feature construction,GEO-PROXY;installed:in_game/map_data/location_templates.txt,medium,AD 1 local label without postcolonial eponyms.,false
location,java_sea2,surabaya_coast_sea_province,sea,Northeastern Iabadiou Maritime Lanes,local geography / sourced AD 1 parent frame / English,ancient-parent local-feature construction,GEO-PROXY;installed:in_game/map_data/location_templates.txt,medium,AD 1 local label without postcolonial eponyms.,false
location,java_sea3,surabaya_coast_sea_province,sea,Maritime Expanse Iabadiou Passage,local geography / sourced AD 1 parent frame / English,ancient-parent local-feature construction,GEO-PROXY;installed:in_game/map_data/location_templates.txt,medium,AD 1 local label without postcolonial eponyms.,false
location,java_sea4,cirebon_coast_sea_province,sea,Maritime Expanse Offing,local geography / sourced AD 1 parent frame / English,ancient-parent local-feature construction,GEO-PROXY;installed:in_game/map_data/location_templates.txt,medium,AD 1 local label without postcolonial eponyms.,false
location,java_sea5,cirebon_coast_sea_province,sea,Maritime Expanse Passage,local geography / sourced AD 1 parent frame / English,ancient-parent local-feature construction,GEO-PROXY;installed:in_game/map_data/location_templates.txt,medium,AD 1 local label without postcolonial eponyms.,false
location,java_sea6,cirebon_coast_sea_province,sea,Maritime Expanse Sound,local geography / sourced AD 1 parent frame / English,ancient-parent local-feature construction,GEO-PROXY;installed:in_game/map_data/location_templates.txt,medium,AD 1 local label without postcolonial eponyms.,false
location,java_sea7,cirebon_coast_sea_province,sea,Maritime Expanse Bight,local geography / sourced AD 1 parent frame / English,ancient-parent local-feature construction,GEO-PROXY;installed:in_game/map_data/location_templates.txt,medium,AD 1 local label without postcolonial eponyms.,false
location,javad,baku_province,land,Albanian Caspiane Lands,local geography / sourced AD 1 parent frame / English,ancient-parent local-feature construction,GEO-PROXY;installed:in_game/map_data/location_templates.txt,medium,AD 1 local label without postcolonial eponyms.,false
location,javaes,bois_province,land,Araguaia Paraguay Lands,local geography / sourced AD 1 parent frame / English,ancient-parent local-feature construction,GEO-PROXY;installed:in_game/map_data/location_templates.txt,medium,AD 1 local label without postcolonial eponyms.,false
location,javanese_mountains1,kawali_province,land,Priangan–Cimanuk Metal Highlands,local geography / sourced AD 1 parent frame / English,ancient-parent local-feature construction,GEO-PROXY;installed:in_game/map_data/location_templates.txt,medium,AD 1 local label without postcolonial eponyms.,false
location,javanese_mountains2,mataram_province,land,Dieng–Progo Iabadiou Highlands,local geography / sourced AD 1 parent frame / English,ancient-parent local-feature construction,GEO-PROXY;installed:in_game/map_data/location_templates.txt,medium,AD 1 local label without postcolonial eponyms.,false
location,javanese_mountains3,trowulan_province,land,Brantas–Bromo Austronesian Highlands,local geography / sourced AD 1 parent frame / English,ancient-parent local-feature construction,GEO-PROXY;installed:in_game/map_data/location_templates.txt,medium,AD 1 local label without postcolonial eponyms.,false
location,javanrud,sahrazur_province,land,Corduene–Adiabene Zagros Lands,local geography / sourced AD 1 parent frame / English,ancient-parent local-feature construction,GEO-PROXY;installed:in_game/map_data/location_templates.txt,medium,AD 1 local label without postcolonial eponyms.,false
location,jawan,yuat_province,land,Noongar Ballardong–Njaki Country,local geography / sourced AD 1 parent frame / English,ancient-parent local-feature construction,GEO-PROXY;installed:in_game/map_data/location_templates.txt,medium,AD 1 local label without postcolonial eponyms.,false
location,jawand,badhghis_province,land,Paropamisus–Margiana Lands,local geography / sourced AD 1 parent frame / English,ancient-parent local-feature construction,GEO-PROXY;installed:in_game/map_data/location_templates.txt,medium,AD 1 local label without postcolonial eponyms.,false
location,jawhar,baglana,land,Nāsikya Ghats Lands,local geography / sourced AD 1 parent frame / English,ancient-parent local-feature construction,GEO-PROXY;installed:in_game/map_data/location_templates.txt,medium,AD 1 local label without postcolonial eponyms.,false
location,jawor,legnica_province,land,Oder–Kaczawa Przeworsk Lands,local geography / sourced AD 1 parent frame / English,ancient-parent local-feature construction,GEO-PROXY;installed:in_game/map_data/location_templates.txt,medium,AD 1 local label without postcolonial eponyms.,false
location,jawoyn,ongkakaringa_province,land,Alligator–Katherine Rock-Art Lands,local geography / sourced AD 1 parent frame / English,ancient-parent local-feature construction,GEO-PROXY;installed:in_game/map_data/location_templates.txt,medium,AD 1 local label without postcolonial eponyms.,false
location,jayankondam,cola_nadu,land,Chola Kaveri Country,local geography / sourced AD 1 parent frame / English,ancient-parent local-feature construction,GEO-PROXY;installed:in_game/map_data/location_templates.txt,medium,AD 1 local label without postcolonial eponyms.,false
location,jaynagar,khulna_province,land,Vanga Sundarban Delta,local geography / sourced AD 1 parent frame / English,ancient-parent local-feature construction,GEO-PROXY;installed:in_game/map_data/location_templates.txt,medium,AD 1 local label without postcolonial eponyms.,false
location,jayrud,shaam_province,land,Damascus Coele Syria Lands,local geography / sourced AD 1 parent frame / English,ancient-parent local-feature construction,GEO-PROXY;installed:in_game/map_data/location_templates.txt,medium,AD 1 local label without postcolonial eponyms.,false
location,jazair,furat_province,land,Al Jaza'ir Lands of Euphrates–Dura,local geography / sourced AD 1 parent frame / English,ancient-parent local-feature construction,GEO-PROXY;installed:in_game/map_data/location_templates.txt,medium,AD 1 local label without postcolonial eponyms.,false
location,jazan,jazan_province,land,Sabaean Tihāma–Farasān Coast,local geography / sourced AD 1 parent frame / English,ancient-parent local-feature construction,GEO-PROXY;installed:in_game/map_data/location_templates.txt,medium,AD 1 local label without postcolonial eponyms.,false
location,jean_marie_river,dehcho_province,land,Tthets'ék'ehdéli of Dehcho–Nahanni Country,local geography / sourced AD 1 parent frame / English,ancient-parent local-feature construction,GEO-PROXY;installed:in_game/map_data/location_templates.txt,medium,AD 1 local label without postcolonial eponyms.,false
location,jebba,nupe_province,land,Nok–Niger-Benue Ironworking Country,local geography / sourced AD 1 parent frame / English,ancient-parent local-feature construction,GEO-PROXY;installed:in_game/map_data/location_templates.txt,medium,AD 1 local label without postcolonial eponyms.,false
location,jecheon,chungju_province,land,Mahan–Han River Eastern Basin,local geography / sourced AD 1 parent frame / English,ancient-parent local-feature construction,GEO-PROXY;installed:in_game/map_data/location_templates.txt,medium,AD 1 local label without postcolonial eponyms.,false
location,jeddah,mecca_province,land,Macoraba–Tihama Sanctuary Lands,local geography / sourced AD 1 parent frame / English,ancient-parent local-feature construction,GEO-PROXY;installed:in_game/map_data/location_templates.txt,medium,AD 1 local label without postcolonial eponyms.,false
location,jefferson,snake_river_province,land,Eastern Lands of Desert-Snake–Camas,local geography / sourced AD 1 parent frame / English,ancient-parent local-feature construction,GEO-PROXY;installed:in_game/map_data/location_templates.txt,medium,AD 1 local label without postcolonial eponyms.,false
location,jeguakava,ibicui_province,land,Uruguay–Ibicui Plain,local geography / sourced AD 1 parent frame / English,ancient-parent local-feature construction,GEO-PROXY;installed:in_game/map_data/location_templates.txt,medium,AD 1 local label without postcolonial eponyms.,false
location,jekabpils,latgalia_province,land,Daugava–Lubans Lands,local geography / sourced AD 1 parent frame / English,ancient-parent local-feature construction,GEO-PROXY;installed:in_game/map_data/location_templates.txt,medium,AD 1 local label without postcolonial eponyms.,false
location,jelai,lamandau_province,land,Lamandau Riverlands,local geography / sourced AD 1 parent frame / English,ancient-parent local-feature construction,GEO-PROXY;installed:in_game/map_data/location_templates.txt,medium,AD 1 local label without postcolonial eponyms.,false
location,jeldesa,adal_province,land,Upper Awash Highlands,local geography / sourced AD 1 parent frame / English,ancient-parent local-feature construction,GEO-PROXY;installed:in_game/map_data/location_templates.txt,medium,AD 1 local label without postcolonial eponyms.,false
location,jelgava,semigalia_province,land,Baltic Lielupe–Venta Lands,local geography / sourced AD 1 parent frame / English,ancient-parent local-feature construction,GEO-PROXY;installed:in_game/map_data/location_templates.txt,medium,AD 1 local label without postcolonial eponyms.,false
location,jembayan,lower_mahakam_province,land,Mahakam–Kutai Riverlands,local geography / sourced AD 1 parent frame / English,ancient-parent local-feature construction,GEO-PROXY;installed:in_game/map_data/location_templates.txt,medium,AD 1 local label without postcolonial eponyms.,false
location,jeminay,altay_province,land,Altai Xiongnu Contact Country,local geography / sourced AD 1 parent frame / English,ancient-parent local-feature construction,GEO-PROXY;installed:in_game/map_data/location_templates.txt,medium,AD 1 local label without postcolonial eponyms.,false
location,jenipaboacu,acarau_province,land,Acaraú–Jaguaribe Lands,local geography / sourced AD 1 parent frame / English,ancient-parent local-feature construction,GEO-PROXY;installed:in_game/map_data/location_templates.txt,medium,AD 1 local label without postcolonial eponyms.,false
location,jeongeup,namwon_province,land,Seomjin–Jirisan Mahan Country,local geography / sourced AD 1 parent frame / English,ancient-parent local-feature construction,GEO-PROXY;installed:in_game/map_data/location_templates.txt,medium,AD 1 local label without postcolonial eponyms.,false
location,jeongju_jeongju,uiju_province,land,Lelang Yalu–Cheongcheon Country,local geography / sourced AD 1 parent frame / English,ancient-parent local-feature construction,GEO-PROXY;installed:in_game/map_data/location_templates.txt,medium,AD 1 local label without postcolonial eponyms.,false
location,jeongseon,wonju_province,land,Han–Seom Ye-Maek Country,local geography / sourced AD 1 parent frame / English,ancient-parent local-feature construction,GEO-PROXY;installed:in_game/map_data/location_templates.txt,medium,AD 1 local label without postcolonial eponyms.,false
location,jeonju,jeonju_province,land,Geum–Mangyeong Mahan Country,local geography / sourced AD 1 parent frame / English,ancient-parent local-feature construction,GEO-PROXY;installed:in_game/map_data/location_templates.txt,medium,AD 1 local label without postcolonial eponyms.,false
location,jepara,demak_province,land,Muria Java Networks Lands,local geography / sourced AD 1 parent frame / English,ancient-parent local-feature construction,GEO-PROXY;installed:in_game/map_data/location_templates.txt,medium,AD 1 local label without postcolonial eponyms.,false
location,jepara_archipelago,surabaya_coast_sea_province,sea,Iabadiou Lanes Passage,local geography / sourced AD 1 parent frame / English,ancient-parent local-feature construction,GEO-PROXY;installed:in_game/map_data/location_templates.txt,medium,AD 1 local label without postcolonial eponyms.,false
location,jequitinhonha,jequitinhonha_province,land,Pardo Forest,local geography / sourced AD 1 parent frame / English,ancient-parent local-feature construction,GEO-PROXY;installed:in_game/map_data/location_templates.txt,medium,AD 1 local label without postcolonial eponyms.,false
location,jequitinhonha_delta,sao_francisco_coastal_sea_zones_province,sea,Tupinambá Bahia–Opará Estuary,local geography / sourced AD 1 parent frame / English,ancient-parent local-feature construction,GEO-PROXY;installed:in_game/map_data/location_templates.txt,medium,AD 1 local label without postcolonial eponyms.,false
location,jerada,oujda_province,land,Mauri Mulucha–Angad Lands,local geography / sourced AD 1 parent frame / English,ancient-parent local-feature construction,GEO-PROXY;installed:in_game/map_data/location_templates.txt,medium,AD 1 local label without postcolonial eponyms.,false
location,jerantut,pahang_province,land,Golden-Chersonese Tembeling Plain,local geography / sourced AD 1 parent frame / English,ancient-parent local-feature construction,GEO-PROXY;installed:in_game/map_data/location_templates.txt,medium,AD 1 local label without postcolonial eponyms.,false
location,jerez_de_la_frontera,cadiz_province,land,Gades–Baelo Lands,local geography / sourced AD 1 parent frame / English,ancient-parent local-feature construction,GEO-PROXY;installed:in_game/map_data/location_templates.txt,medium,AD 1 local label without postcolonial eponyms.,false
location,jerez_de_los_caballeros,badajoz_province,land,Emerita–Baeturia Lands,local geography / sourced AD 1 parent frame / English,ancient-parent local-feature construction,GEO-PROXY;installed:in_game/map_data/location_templates.txt,medium,AD 1 local label without postcolonial eponyms.,false
location,jerichow,magdeburger_borde_province,land,Semnones–Hermunduri Elbe Lands,local geography / sourced AD 1 parent frame / English,ancient-parent local-feature construction,GEO-PROXY;installed:in_game/map_data/location_templates.txt,medium,AD 1 local label without postcolonial eponyms.,false
location,jerramungup,kaleap_province,land,Minang–Noongar Coast,local geography / sourced AD 1 parent frame / English,ancient-parent local-feature construction,GEO-PROXY;installed:in_game/map_data/location_templates.txt,medium,AD 1 local label without postcolonial eponyms.,false
location,jerrinja,dharug_province,land,Eora–Dharug Country,local geography / sourced AD 1 parent frame / English,ancient-parent local-feature construction,GEO-PROXY;installed:in_game/map_data/location_templates.txt,medium,AD 1 local label without postcolonial eponyms.,false
location,jersey,cotentin_province,land,Unelli Armorican Lands,local geography / sourced AD 1 parent frame / English,ancient-parent local-feature construction,GEO-PROXY;installed:in_game/map_data/location_templates.txt,medium,AD 1 local label without postcolonial eponyms.,false
location,jerubatuba,parnaiba_province,land,Tupiniquim Tietê–Piratininga Lands,local geography / sourced AD 1 parent frame / English,ancient-parent local-feature construction,GEO-PROXY;installed:in_game/map_data/location_templates.txt,medium,AD 1 local label without postcolonial eponyms.,false
location,jerusalem,filastin_province,land,Judaea–Samaria–Idumaea Plain,local geography / sourced AD 1 parent frame / English,ancient-parent local-feature construction,GEO-PROXY;installed:in_game/map_data/location_templates.txt,medium,AD 1 local label without postcolonial eponyms.,false
location,jervis_bay,dharug_bombala_province_coast,sea,Eora–Yuin Inner Bight,local geography / sourced AD 1 parent frame / English,ancient-parent local-feature construction,GEO-PROXY;installed:in_game/map_data/location_templates.txt,medium,AD 1 local label without postcolonial eponyms.,false
location,jessore,nadia_province,land,Vanga–Bhagirathi Delta,local geography / sourced AD 1 parent frame / English,ancient-parent local-feature construction,GEO-PROXY;installed:in_game/map_data/location_templates.txt,medium,AD 1 local label without postcolonial eponyms.,false
location,jetarktetqal,kawesqar_province,land,Kawesqar Passage,local geography / sourced AD 1 parent frame / English,ancient-parent local-feature construction,GEO-PROXY;installed:in_game/map_data/location_templates.txt,medium,AD 1 local label without postcolonial eponyms.,false
location,jeungsan,seogyeong_province,land,Lelang Wanggeom Lands,local geography / sourced AD 1 parent frame / English,ancient-parent local-feature construction,GEO-PROXY;installed:in_game/map_data/location_templates.txt,medium,AD 1 local label without postcolonial eponyms.,false
location,jever,east_friesland_province,land,Chauci Ems Coast,local geography / sourced AD 1 parent frame / English,ancient-parent local-feature construction,GEO-PROXY;installed:in_game/map_data/location_templates.txt,medium,AD 1 local label without postcolonial eponyms.,false
location,jeziarysca,vitebsk_province,land,Dnieper–Dvina Luchesa–Vitba Lands,local geography / sourced AD 1 parent frame / English,ancient-parent local-feature construction,GEO-PROXY;installed:in_game/map_data/location_templates.txt,medium,AD 1 local label without postcolonial eponyms.,false
location,jhal,sibi_province,land,Gedrosian Bolan–Kirthar Lands,local geography / sourced AD 1 parent frame / English,ancient-parent local-feature construction,GEO-PROXY;installed:in_game/map_data/location_templates.txt,medium,AD 1 local label without postcolonial eponyms.,false
location,jhang,rechna_doab_province,land,Malloi Chenab–Ravi Lands,local geography / sourced AD 1 parent frame / English,ancient-parent local-feature construction,GEO-PROXY;installed:in_game/map_data/location_templates.txt,medium,AD 1 local label without postcolonial eponyms.,false
location,jhanjharpur,darbhanga_province,land,Mithila–Videha Heartland Plain,local geography / sourced AD 1 parent frame / English,ancient-parent local-feature construction,GEO-PROXY;installed:in_game/map_data/location_templates.txt,medium,AD 1 local label without postcolonial eponyms.,false
location,jhansi,lower_bundelkhand_province,land,Vatsa–Chedi Yamuna Hills,local geography / sourced AD 1 parent frame / English,ancient-parent local-feature construction,GEO-PROXY;installed:in_game/map_data/location_templates.txt,medium,AD 1 local label without postcolonial eponyms.,false
location,jhao,qusdar_province,land,Nal–Mula Gedrosian Highlands,local geography / sourced AD 1 parent frame / English,ancient-parent local-feature construction,GEO-PROXY;installed:in_game/map_data/location_templates.txt,medium,AD 1 local label without postcolonial eponyms.,false
location,jhatpat,upper_sindh_province,land,Sindhu Sukkur–Kirthar Country,local geography / sourced AD 1 parent frame / English,ancient-parent local-feature construction,GEO-PROXY;installed:in_game/map_data/location_templates.txt,medium,AD 1 local label without postcolonial eponyms.,false
location,jhenaidah,nadia_province,land,Vanga–Bhagirathi Marshlands,local geography / sourced AD 1 parent frame / English,ancient-parent local-feature construction,GEO-PROXY;installed:in_game/map_data/location_templates.txt,medium,AD 1 local label without postcolonial eponyms.,false
location,jhunjhunu,shekhawati,land,Matsya–Arjunayana Lands,local geography / sourced AD 1 parent frame / English,ancient-parent local-feature construction,GEO-PROXY;installed:in_game/map_data/location_templates.txt,medium,AD 1 local label without postcolonial eponyms.,false
location,jiachuan,guangyuan_province,land,Jiameng Shu Gate Lands,local geography / sourced AD 1 parent frame / English,ancient-parent local-feature construction,GEO-PROXY;installed:in_game/map_data/location_templates.txt,medium,AD 1 local label without postcolonial eponyms.,false
location,jiading,suzhou_province,land,Wu–Yangcheng Danyang Country,local geography / sourced AD 1 parent frame / English,ancient-parent local-feature construction,GEO-PROXY;installed:in_game/map_data/location_templates.txt,medium,AD 1 local label without postcolonial eponyms.,false
location,jiaha,mengzi_province,land,Dian–Jiaozhi Red Riverlands,local geography / sourced AD 1 parent frame / English,ancient-parent local-feature construction,GEO-PROXY;installed:in_game/map_data/location_templates.txt,medium,AD 1 local label without postcolonial eponyms.,false
location,jiajiang,jiading_province,land,Emei–Qianwei Shu Lands,local geography / sourced AD 1 parent frame / English,ancient-parent local-feature construction,GEO-PROXY;installed:in_game/map_data/location_templates.txt,medium,AD 1 local label without postcolonial eponyms.,false
location,jiajin,lower_bureya_province,land,Amur–Bureya Yilou Lands,local geography / sourced AD 1 parent frame / English,ancient-parent local-feature construction,GEO-PROXY;installed:in_game/map_data/location_templates.txt,medium,AD 1 local label without postcolonial eponyms.,false
location,jianan,jianning_province,land,Wuyi–Northern Minyue Country,local geography / sourced AD 1 parent frame / English,ancient-parent local-feature construction,GEO-PROXY;installed:in_game/map_data/location_templates.txt,medium,AD 1 local label without postcolonial eponyms.,false
location,jianchang,nankang_province,land,Poyang–Gan Yuzhang Lands,local geography / sourced AD 1 parent frame / English,ancient-parent local-feature construction,GEO-PROXY;installed:in_game/map_data/location_templates.txt,medium,AD 1 local label without postcolonial eponyms.,false
location,jianchang_sichuan,sichuan_province,land,Jianwei Southern Highlands,local geography / sourced AD 1 parent frame / English,ancient-parent local-feature construction,GEO-PROXY;installed:in_game/map_data/location_templates.txt,medium,AD 1 local label without postcolonial eponyms.,false
location,jianchuan,heqing_province,land,Dian Erhai Lands,local geography / sourced AD 1 parent frame / English,ancient-parent local-feature construction,GEO-PROXY;installed:in_game/map_data/location_templates.txt,medium,AD 1 local label without postcolonial eponyms.,false
location,jiande,yanzhou_province,land,Fuchun–Xin'an Kuaiji Country,local geography / sourced AD 1 parent frame / English,ancient-parent local-feature construction,GEO-PROXY;installed:in_game/map_data/location_templates.txt,medium,AD 1 local label without postcolonial eponyms.,false
location,jiangan,luzhou_sichuan_province,land,Ba Commandery–Yangzi Lands,local geography / sourced AD 1 parent frame / English,ancient-parent local-feature construction,GEO-PROXY;installed:in_game/map_data/location_templates.txt,medium,AD 1 local label without postcolonial eponyms.,false
location,jiangchuan,chengjiang_province,land,Dian–Fuxian Lands,local geography / sourced AD 1 parent frame / English,ancient-parent local-feature construction,GEO-PROXY;installed:in_game/map_data/location_templates.txt,medium,AD 1 local label without postcolonial eponyms.,false
location,jiangdu,yangzhou_province,land,Guangling Huai Country,local geography / sourced AD 1 parent frame / English,ancient-parent local-feature construction,GEO-PROXY;installed:in_game/map_data/location_templates.txt,medium,AD 1 local label without postcolonial eponyms.,false
location,jianghua,daozhou_province,land,Lingling–Xiaoshui Lands,local geography / sourced AD 1 parent frame / English,ancient-parent local-feature construction,GEO-PROXY;installed:in_game/map_data/location_templates.txt,medium,AD 1 local label without postcolonial eponyms.,false
location,jiangjin,chongqing_province,land,Ba Commandery Jiangzhou Lands,local geography / sourced AD 1 parent frame / English,ancient-parent local-feature construction,GEO-PROXY;installed:in_game/map_data/location_templates.txt,medium,AD 1 local label without postcolonial eponyms.,false
location,jiangle,yanping_province,land,Upper-Min–Wuyi Minyue Country,local geography / sourced AD 1 parent frame / English,ancient-parent local-feature construction,GEO-PROXY;installed:in_game/map_data/location_templates.txt,medium,AD 1 local label without postcolonial eponyms.,false
location,jiangling,jingzhou_province,land,Yunmeng Chu Country,local geography / sourced AD 1 parent frame / English,ancient-parent local-feature construction,GEO-PROXY;installed:in_game/map_data/location_templates.txt,medium,AD 1 local label without postcolonial eponyms.,false
location,jiangning,yingtian_province,land,Danyang Commandery–Moling Lands,local geography / sourced AD 1 parent frame / English,ancient-parent local-feature construction,GEO-PROXY;installed:in_game/map_data/location_templates.txt,medium,AD 1 local label without postcolonial eponyms.,false
location,jiangshan,quzhou_province,land,Taimo–Kuaiji Western Hills,local geography / sourced AD 1 parent frame / English,ancient-parent local-feature construction,GEO-PROXY;installed:in_game/map_data/location_templates.txt,medium,AD 1 local label without postcolonial eponyms.,false
location,jiangshan_laiyang,dengzhou_province,land,Donglai–Penglai Coast,local geography / sourced AD 1 parent frame / English,ancient-parent local-feature construction,GEO-PROXY;installed:in_game/map_data/location_templates.txt,medium,AD 1 local label without postcolonial eponyms.,false
location,jiangsu_coast,yellow_sea_province,sea,Haizhou–Shandong Offing,local geography / sourced AD 1 parent frame / English,ancient-parent local-feature construction,GEO-PROXY;installed:in_game/map_data/location_templates.txt,medium,AD 1 local label without postcolonial eponyms.,false
location,jiangxia,wuchang_province,land,Liangzi Chu Country,local geography / sourced AD 1 parent frame / English,ancient-parent local-feature construction,GEO-PROXY;installed:in_game/map_data/location_templates.txt,medium,AD 1 local label without postcolonial eponyms.,false
location,jiangxian,jiangzhou_province,land,Quwo–Hedong Plain,local geography / sourced AD 1 parent frame / English,ancient-parent local-feature construction,GEO-PROXY;installed:in_game/map_data/location_templates.txt,medium,AD 1 local label without postcolonial eponyms.,false
location,jiangyin,changzhou_province,land,Kuaiji–Taihu Lands,local geography / sourced AD 1 parent frame / English,ancient-parent local-feature construction,GEO-PROXY;installed:in_game/map_data/location_templates.txt,medium,AD 1 local label without postcolonial eponyms.,false
location,jiangyou,longan_province,land,Guanghan–Baima Mountain March,local geography / sourced AD 1 parent frame / English,ancient-parent local-feature construction,GEO-PROXY;installed:in_game/map_data/location_templates.txt,medium,AD 1 local label without postcolonial eponyms.,false
location,jianli,jingzhou_province,land,Jiangling–Yunmeng Chu Country,local geography / sourced AD 1 parent frame / English,ancient-parent local-feature construction,GEO-PROXY;installed:in_game/map_data/location_templates.txt,medium,AD 1 local label without postcolonial eponyms.,false
location,jianning,shaowu_province,land,Minyue Northern-Mountains,local geography / sourced AD 1 parent frame / English,ancient-parent local-feature construction,GEO-PROXY;installed:in_game/map_data/location_templates.txt,medium,AD 1 local label without postcolonial eponyms.,false
location,jianping,guangde_province,land,Southern Danyang Hills,local geography / sourced AD 1 parent frame / English,ancient-parent local-feature construction,GEO-PROXY;installed:in_game/map_data/location_templates.txt,medium,AD 1 local label without postcolonial eponyms.,false
location,jianshi,kuizhou_province,land,Ba Eastern-Gorges Country,local geography / sourced AD 1 parent frame / English,ancient-parent local-feature construction,GEO-PROXY;installed:in_game/map_data/location_templates.txt,medium,AD 1 local label without postcolonial eponyms.,false
location,jianshui,linan_province,land,Yizhou Commandery–Dianchi Lands,local geography / sourced AD 1 parent frame / English,ancient-parent local-feature construction,GEO-PROXY;installed:in_game/map_data/location_templates.txt,medium,AD 1 local label without postcolonial eponyms.,false
location,jianyang,jianning_province,land,Wuyi Minyue Lands,local geography / sourced AD 1 parent frame / English,ancient-parent local-feature construction,GEO-PROXY;installed:in_game/map_data/location_templates.txt,medium,AD 1 local label without postcolonial eponyms.,false
location,jianzhou,jianzhou_west_province,land,Tuo–Southeastern Shu Plain,local geography / sourced AD 1 parent frame / English,ancient-parent local-feature construction,GEO-PROXY;installed:in_game/map_data/location_templates.txt,medium,AD 1 local label without postcolonial eponyms.,false
location,jianzhou_daizhou,daizhou_province,land,Yanmen Commandery Lands,local geography / sourced AD 1 parent frame / English,ancient-parent local-feature construction,GEO-PROXY;installed:in_game/map_data/location_templates.txt,medium,AD 1 local label without postcolonial eponyms.,false
location,jiaocheng,taiyuan_province,land,Jinyang–Taiyuan Commandery Lands,local geography / sourced AD 1 parent frame / English,ancient-parent local-feature construction,GEO-PROXY;installed:in_game/map_data/location_templates.txt,medium,AD 1 local label without postcolonial eponyms.,false
location,jiaohe,hejian_province,land,Hejian Zhongshan Kingdoms Lands,local geography / sourced AD 1 parent frame / English,ancient-parent local-feature construction,GEO-PROXY;installed:in_game/map_data/location_templates.txt,medium,AD 1 local label without postcolonial eponyms.,false
location,jiaohua,mengzi_province,land,Dian–Jiaozhi Red Lands,local geography / sourced AD 1 parent frame / English,ancient-parent local-feature construction,GEO-PROXY;installed:in_game/map_data/location_templates.txt,medium,AD 1 local label without postcolonial eponyms.,false
location,jiaoshui,laizhou_province,land,Donglai Commandery Lands,local geography / sourced AD 1 parent frame / English,ancient-parent local-feature construction,GEO-PROXY;installed:in_game/map_data/location_templates.txt,medium,AD 1 local label without postcolonial eponyms.,false
location,jiaoxi,jiaozhou_province,land,Jimo–Donglai Coast,local geography / sourced AD 1 parent frame / English,ancient-parent local-feature construction,GEO-PROXY;installed:in_game/map_data/location_templates.txt,medium,AD 1 local label without postcolonial eponyms.,false
location,jiaozhou_bay,north_yellow_sea_province,sea,Huáng-Hǎi Bay,local geography / sourced AD 1 parent frame / English,ancient-parent local-feature construction,GEO-PROXY;installed:in_game/map_data/location_templates.txt,medium,AD 1 local label without postcolonial eponyms.,false
location,jiaxian,ruzhou_province,land,Henan Commandery–Ru Riverlands,local geography / sourced AD 1 parent frame / English,ancient-parent local-feature construction,GEO-PROXY;installed:in_game/map_data/location_templates.txt,medium,AD 1 local label without postcolonial eponyms.,false
location,jiaxiang,jining_province,land,Rencheng–Juye Shanyang Country,local geography / sourced AD 1 parent frame / English,ancient-parent local-feature construction,GEO-PROXY;installed:in_game/map_data/location_templates.txt,medium,AD 1 local label without postcolonial eponyms.,false
location,jiaxing,jiaxing_province,land,Haiyan–Kuaiji Coast,local geography / sourced AD 1 parent frame / English,ancient-parent local-feature construction,GEO-PROXY;installed:in_game/map_data/location_templates.txt,medium,AD 1 local label without postcolonial eponyms.,false
location,jiayu,wuchang_province,land,Jiangxia–Liangzi Chu Country,local geography / sourced AD 1 parent frame / English,ancient-parent local-feature construction,GEO-PROXY;installed:in_game/map_data/location_templates.txt,medium,AD 1 local label without postcolonial eponyms.,false
location,jiazhou,jiazhou_province,land,Fugu–Shenmu Beidi Lands,local geography / sourced AD 1 parent frame / English,ancient-parent local-feature construction,GEO-PROXY;installed:in_game/map_data/location_templates.txt,medium,AD 1 local label without postcolonial eponyms.,false
location,jibat,hadiya_province,land,Rift–Gibe Highland,local geography / sourced AD 1 parent frame / English,ancient-parent local-feature construction,GEO-PROXY;installed:in_game/map_data/location_templates.txt,medium,AD 1 local label without postcolonial eponyms.,false
location,jiboia_jungle,itapicuru_province,land,Itapicuru Caatinga Woodlands,local geography / sourced AD 1 parent frame / English,ancient-parent local-feature construction,GEO-PROXY;installed:in_game/map_data/location_templates.txt,medium,AD 1 local label without postcolonial eponyms.,false
location,jicayan,tlapan_province,land,Yope–Mixtec Tlapan–Ometepec Lands,local geography / sourced AD 1 parent frame / English,ancient-parent local-feature construction,GEO-PROXY;installed:in_game/map_data/location_templates.txt,medium,AD 1 local label without postcolonial eponyms.,false
location,jicin,hradecko_province,land,Marcomanni Upper-Elbe Country,local geography / sourced AD 1 parent frame / English,ancient-parent local-feature construction,GEO-PROXY;installed:in_game/map_data/location_templates.txt,medium,AD 1 local label without postcolonial eponyms.,false
location,jieshi_bay,south_china_sea_province,sea,Nanhai–Hepu Bay,local geography / sourced AD 1 parent frame / English,ancient-parent local-feature construction,GEO-PROXY;installed:in_game/map_data/location_templates.txt,medium,AD 1 local label without postcolonial eponyms.,false
location,jiexiu,fenzhou_province,land,Taiyuan Xihe Lands,local geography / sourced AD 1 parent frame / English,ancient-parent local-feature construction,GEO-PROXY;installed:in_game/map_data/location_templates.txt,medium,AD 1 local label without postcolonial eponyms.,false
location,jieyang,chaozhou_province,land,Nanhai Coast,local geography / sourced AD 1 parent frame / English,ancient-parent local-feature construction,GEO-PROXY;installed:in_game/map_data/location_templates.txt,medium,AD 1 local label without postcolonial eponyms.,false
location,jiezhou,jiezhou_province,land,Baima Longxi Passes Lands,local geography / sourced AD 1 parent frame / English,ancient-parent local-feature construction,GEO-PROXY;installed:in_game/map_data/location_templates.txt,medium,AD 1 local label without postcolonial eponyms.,false
location,jigansk,ecigeen_province,land,Ecigeen Lands of Lower Lena Taiga–Tundra,local geography / sourced AD 1 parent frame / English,ancient-parent local-feature construction,GEO-PROXY;installed:in_game/map_data/location_templates.txt,medium,AD 1 local label without postcolonial eponyms.,false
location,jiguani,bayamo_province,land,Cauto Cuba Lands,local geography / sourced AD 1 parent frame / English,ancient-parent local-feature construction,GEO-PROXY;installed:in_game/map_data/location_templates.txt,medium,AD 1 local label without postcolonial eponyms.,false
location,jihlava,znojemsko_province,land,Marcomanni–Quadi Lands,local geography / sourced AD 1 parent frame / English,ancient-parent local-feature construction,GEO-PROXY;installed:in_game/map_data/location_templates.txt,medium,AD 1 local label without postcolonial eponyms.,false
location,jihuay_coast,ishma_coastal_sea_zones_province,sea,Pachacamac–Nazca Offing,local geography / sourced AD 1 parent frame / English,ancient-parent local-feature construction,GEO-PROXY;installed:in_game/map_data/location_templates.txt,medium,AD 1 local label without postcolonial eponyms.,false
location,jijel,annaba_province,land,Hippo–Rusicade Numidia Lands,local geography / sourced AD 1 parent frame / English,ancient-parent local-feature construction,GEO-PROXY;installed:in_game/map_data/location_templates.txt,medium,AD 1 local label without postcolonial eponyms.,false
location,jijial,hazara,land,Darada–Indus Valleys Highlands,local geography / sourced AD 1 parent frame / English,ancient-parent local-feature construction,GEO-PROXY;installed:in_game/map_data/location_templates.txt,medium,AD 1 local label without postcolonial eponyms.,false
location,jijkwtuk,sipeknekatik_province,land,Maritime-Woodland,local geography / sourced AD 1 parent frame / English,ancient-parent local-feature construction,GEO-PROXY;installed:in_game/map_data/location_templates.txt,medium,AD 1 local label without postcolonial eponyms.,false
location,jilib,jubaland_province,land,Juba–Tana Azanian Interior Lands,local geography / sourced AD 1 parent frame / English,ancient-parent local-feature construction,GEO-PROXY;installed:in_game/map_data/location_templates.txt,medium,AD 1 local label without postcolonial eponyms.,false
location,jilibulake,gyahor_province,land,Qiang Huang Lands,local geography / sourced AD 1 parent frame / English,ancient-parent local-feature construction,GEO-PROXY;installed:in_game/map_data/location_templates.txt,medium,AD 1 local label without postcolonial eponyms.,false
location,jiliu,lower_argun_province,land,Shiwei–Xianbei Argun Lands,local geography / sourced AD 1 parent frame / English,ancient-parent local-feature construction,GEO-PROXY;installed:in_game/map_data/location_templates.txt,medium,AD 1 local label without postcolonial eponyms.,false
location,jilkaat,central_tlingit_province,land,Kwáan Tlingit Heartland Lands,local geography / sourced AD 1 parent frame / English,ancient-parent local-feature construction,GEO-PROXY;installed:in_game/map_data/location_templates.txt,medium,AD 1 local label without postcolonial eponyms.,false
location,jimo,jiaozhou_province,land,Donglai Coast,local geography / sourced AD 1 parent frame / English,ancient-parent local-feature construction,GEO-PROXY;installed:in_game/map_data/location_templates.txt,medium,AD 1 local label without postcolonial eponyms.,false
location,jinan,jeonju_province,land,Geum–Mangyeong Mahan Lands,local geography / sourced AD 1 parent frame / English,ancient-parent local-feature construction,GEO-PROXY;installed:in_game/map_data/location_templates.txt,medium,AD 1 local label without postcolonial eponyms.,false
location,jinchang,yongchang_gansu_province,land,Wuwei Commandery–Guzang Country,local geography / sourced AD 1 parent frame / English,ancient-parent local-feature construction,GEO-PROXY;installed:in_game/map_data/location_templates.txt,medium,AD 1 local label without postcolonial eponyms.,false
location,jincheng,yingzhou_shanxi_province,land,Yanmen Commandery–Hengshan Lands,local geography / sourced AD 1 parent frame / English,ancient-parent local-feature construction,GEO-PROXY;installed:in_game/map_data/location_templates.txt,medium,AD 1 local label without postcolonial eponyms.,false
location,jincheng_zezhou,zezhou_province,land,Shangdang Commandery–Gaodu Lands,local geography / sourced AD 1 parent frame / English,ancient-parent local-feature construction,GEO-PROXY;installed:in_game/map_data/location_templates.txt,medium,AD 1 local label without postcolonial eponyms.,false
location,jind,delhi_province,land,Indraprastha–Kuru Plain,local geography / sourced AD 1 parent frame / English,ancient-parent local-feature construction,GEO-PROXY;installed:in_game/map_data/location_templates.txt,medium,AD 1 local label without postcolonial eponyms.,false
location,jindo,naju_province,land,Naju–Yeongsan Mahan Heartland Plain,local geography / sourced AD 1 parent frame / English,ancient-parent local-feature construction,GEO-PROXY;installed:in_game/map_data/location_templates.txt,medium,AD 1 local label without postcolonial eponyms.,false
location,jing,bortala_province,land,Wusun Borohoro–Ebi Lands,local geography / sourced AD 1 parent frame / English,ancient-parent local-feature construction,GEO-PROXY;installed:in_game/map_data/location_templates.txt,medium,AD 1 local label without postcolonial eponyms.,false
location,jingan,ningzhou_province,land,Yuzhang–Xiushui Hills,local geography / sourced AD 1 parent frame / English,ancient-parent local-feature construction,GEO-PROXY;installed:in_game/map_data/location_templates.txt,medium,AD 1 local label without postcolonial eponyms.,false
location,jingan_shenzhou,shenzhou_province,land,Hejian–Julu Lands,local geography / sourced AD 1 parent frame / English,ancient-parent local-feature construction,GEO-PROXY;installed:in_game/map_data/location_templates.txt,medium,AD 1 local label without postcolonial eponyms.,false
location,jingbian,yulin_province,land,Shang Commandery–Ordos Lands,local geography / sourced AD 1 parent frame / English,ancient-parent local-feature construction,GEO-PROXY;installed:in_game/map_data/location_templates.txt,medium,AD 1 local label without postcolonial eponyms.,false
location,jingchuan,jingzhou_shaanxi_province,land,Jing Anding Riverlands,local geography / sourced AD 1 parent frame / English,ancient-parent local-feature construction,GEO-PROXY;installed:in_game/map_data/location_templates.txt,medium,AD 1 local label without postcolonial eponyms.,false
location,jingde,ningguo_province,land,Danyang Commandery–Xuancheng Lands,local geography / sourced AD 1 parent frame / English,ancient-parent local-feature construction,GEO-PROXY;installed:in_game/map_data/location_templates.txt,medium,AD 1 local label without postcolonial eponyms.,false
location,jinghai,qingzhou_beizhili_province,land,Zhigu–Bohai Youzhou Coast,local geography / sourced AD 1 parent frame / English,ancient-parent local-feature construction,GEO-PROXY;installed:in_game/map_data/location_templates.txt,medium,AD 1 local label without postcolonial eponyms.,false
location,jinghai_tongzhou,tongzhou_province,land,Guangling Commandery–Yangzi Lands,local geography / sourced AD 1 parent frame / English,ancient-parent local-feature construction,GEO-PROXY;installed:in_game/map_data/location_templates.txt,medium,AD 1 local label without postcolonial eponyms.,false
location,jingili,jingili_province,land,Tanami–Warumungu Drylands,local geography / sourced AD 1 parent frame / English,ancient-parent local-feature construction,GEO-PROXY;installed:in_game/map_data/location_templates.txt,medium,AD 1 local label without postcolonial eponyms.,false
location,jingle,xinzhou_province,land,Yanmen Lands,local geography / sourced AD 1 parent frame / English,ancient-parent local-feature construction,GEO-PROXY;installed:in_game/map_data/location_templates.txt,medium,AD 1 local label without postcolonial eponyms.,false
location,jingling,mianyang_province,land,Jiangxia Yunmeng Lands,local geography / sourced AD 1 parent frame / English,ancient-parent local-feature construction,GEO-PROXY;installed:in_game/map_data/location_templates.txt,medium,AD 1 local label without postcolonial eponyms.,false
location,jinglong,cheli_province,land,Ailao–Mekong Lands,local geography / sourced AD 1 parent frame / English,ancient-parent local-feature construction,GEO-PROXY;installed:in_game/map_data/location_templates.txt,medium,AD 1 local label without postcolonial eponyms.,false
location,jingning,jingning_province,land,Liupan–Anding Highlands,local geography / sourced AD 1 parent frame / English,ancient-parent local-feature construction,GEO-PROXY;installed:in_game/map_data/location_templates.txt,medium,AD 1 local label without postcolonial eponyms.,false
location,jingshan,anlu_province,land,Jiangxia–Nanjun Lands,local geography / sourced AD 1 parent frame / English,ancient-parent local-feature construction,GEO-PROXY;installed:in_game/map_data/location_templates.txt,medium,AD 1 local label without postcolonial eponyms.,false
location,jingshan_mountains,guizhou_huguang_province,land,Nan Commandery–Three Gorges Highlands,local geography / sourced AD 1 parent frame / English,ancient-parent local-feature construction,GEO-PROXY;installed:in_game/map_data/location_templates.txt,medium,AD 1 local label without postcolonial eponyms.,false
location,jingxian,ningguo_province,land,Danyang Commandery–Xuancheng Plain,local geography / sourced AD 1 parent frame / English,ancient-parent local-feature construction,GEO-PROXY;installed:in_game/map_data/location_templates.txt,medium,AD 1 local label without postcolonial eponyms.,false
location,jingxing,zhending_province,land,Changshan Commandery–Hutuo Lands,local geography / sourced AD 1 parent frame / English,ancient-parent local-feature construction,GEO-PROXY;installed:in_game/map_data/location_templates.txt,medium,AD 1 local label without postcolonial eponyms.,false
location,jingyan,jianzhou_west_province,land,Tuo Shu Plain,local geography / sourced AD 1 parent frame / English,ancient-parent local-feature construction,GEO-PROXY;installed:in_game/map_data/location_templates.txt,medium,AD 1 local label without postcolonial eponyms.,false
location,jingyang,xian_province,land,Chang'an-Jingzhao Guanzhong Lands,local geography / sourced AD 1 parent frame / English,ancient-parent local-feature construction,GEO-PROXY;installed:in_game/map_data/location_templates.txt,medium,AD 1 local label without postcolonial eponyms.,false
location,jingyu,kumkol_province,land,Qiang Kunlun Lake-Country,local geography / sourced AD 1 parent frame / English,ancient-parent local-feature construction,GEO-PROXY;installed:in_game/map_data/location_templates.txt,medium,AD 1 local label without postcolonial eponyms.,false
location,jingyu_lake,kumkol_province,land,Qiang Kunlun Lake,local geography / sourced AD 1 parent frame / English,ancient-parent local-feature construction,GEO-PROXY;installed:in_game/map_data/location_templates.txt,medium,AD 1 local label without postcolonial eponyms.,false
location,jingzhao,xian_province,land,Chang'an Guanzhong Lands,local geography / sourced AD 1 parent frame / English,ancient-parent local-feature construction,GEO-PROXY;installed:in_game/map_data/location_templates.txt,medium,AD 1 local label without postcolonial eponyms.,false
location,jingzhou_dorbod,dorbod_province,land,Xiongnu Ulanchab Pastures,local geography / sourced AD 1 parent frame / English,ancient-parent local-feature construction,GEO-PROXY;installed:in_game/map_data/location_templates.txt,medium,AD 1 local label without postcolonial eponyms.,false
location,jingzitou_peninsula,bohai_strait_province,sea,Liaodong–Shandong Passage,local geography / sourced AD 1 parent frame / English,ancient-parent local-feature construction,GEO-PROXY;installed:in_game/map_data/location_templates.txt,medium,AD 1 local label without postcolonial eponyms.,false
location,jinhua,jinhua_province,land,Dongyang–Lanxi Kuaiji Hills,local geography / sourced AD 1 parent frame / English,ancient-parent local-feature construction,GEO-PROXY;installed:in_game/map_data/location_templates.txt,medium,AD 1 local label without postcolonial eponyms.,false
location,jinigudera,thalanyji_province,land,Thalanyji–Martuthunira Drylands,local geography / sourced AD 1 parent frame / English,ancient-parent local-feature construction,GEO-PROXY;installed:in_game/map_data/location_templates.txt,medium,AD 1 local label without postcolonial eponyms.,false
location,jining,jining_shanxi_province,land,Daihai–Yunzhong Steppe,local geography / sourced AD 1 parent frame / English,ancient-parent local-feature construction,GEO-PROXY;installed:in_game/map_data/location_templates.txt,medium,AD 1 local label without postcolonial eponyms.,false
location,jinjam,gongju_province,land,Geum River Mahan Country,local geography / sourced AD 1 parent frame / English,ancient-parent local-feature construction,GEO-PROXY;installed:in_game/map_data/location_templates.txt,medium,AD 1 local label without postcolonial eponyms.,false
location,jinji,shunyuan_province,land,Zangke Shuixi Uplands,local geography / sourced AD 1 parent frame / English,ancient-parent local-feature construction,GEO-PROXY;installed:in_game/map_data/location_templates.txt,medium,AD 1 local label without postcolonial eponyms.,false
location,jinjiang,quanzhou_province,land,Jin Minyue Riverlands,local geography / sourced AD 1 parent frame / English,ancient-parent local-feature construction,GEO-PROXY;installed:in_game/map_data/location_templates.txt,medium,AD 1 local label without postcolonial eponyms.,false
location,jinju,jinju_province,land,Byeonhan Coast,local geography / sourced AD 1 parent frame / English,ancient-parent local-feature construction,GEO-PROXY;installed:in_game/map_data/location_templates.txt,medium,AD 1 local label without postcolonial eponyms.,false
location,jinkang,deqing_province,land,Cangwu–Xijiang Lands,local geography / sourced AD 1 parent frame / English,ancient-parent local-feature construction,GEO-PROXY;installed:in_game/map_data/location_templates.txt,medium,AD 1 local label without postcolonial eponyms.,false
location,jinkou,wuchang_province,land,Jiangxia–Liangzi Chu Lands,local geography / sourced AD 1 parent frame / English,ancient-parent local-feature construction,GEO-PROXY;installed:in_game/map_data/location_templates.txt,medium,AD 1 local label without postcolonial eponyms.,false
location,jinshajiang,beisheng_province,land,Dian–Jinsha Lands,local geography / sourced AD 1 parent frame / English,ancient-parent local-feature construction,GEO-PROXY;installed:in_game/map_data/location_templates.txt,medium,AD 1 local label without postcolonial eponyms.,false
location,jinta,suzhou_gansu_province,land,Jiuquan–Hexi Lands,local geography / sourced AD 1 parent frame / English,ancient-parent local-feature construction,GEO-PROXY;installed:in_game/map_data/location_templates.txt,medium,AD 1 local label without postcolonial eponyms.,false
location,jintan,zhenjiang_province,land,Danyang Commandery–Yangzi Lands,local geography / sourced AD 1 parent frame / English,ancient-parent local-feature construction,GEO-PROXY;installed:in_game/map_data/location_templates.txt,medium,AD 1 local label without postcolonial eponyms.,false
location,jintang,chengdu_province,land,Shu–Chengdu Plain,local geography / sourced AD 1 parent frame / English,ancient-parent local-feature construction,GEO-PROXY;installed:in_game/map_data/location_templates.txt,medium,AD 1 local label without postcolonial eponyms.,false
location,jinxi,fuzhou_jiangxi_province,land,Yuzhang–Fu Riverlands,local geography / sourced AD 1 parent frame / English,ancient-parent local-feature construction,GEO-PROXY;installed:in_game/map_data/location_templates.txt,medium,AD 1 local label without postcolonial eponyms.,false
location,jinxian,nanchang_province,land,Nanchang–Gan Yuzhang Heartland Lands,local geography / sourced AD 1 parent frame / English,ancient-parent local-feature construction,GEO-PROXY;installed:in_game/map_data/location_templates.txt,medium,AD 1 local label without postcolonial eponyms.,false
location,jinxiang,shanzhou_shandong_province,land,Shanyang Commandery Lands,local geography / sourced AD 1 parent frame / English,ancient-parent local-feature construction,GEO-PROXY;installed:in_game/map_data/location_templates.txt,medium,AD 1 local label without postcolonial eponyms.,false
location,jinxiangping,xiangyang_province,land,Xiangyang–Nanyang Han-Chu Lands,local geography / sourced AD 1 parent frame / English,ancient-parent local-feature construction,GEO-PROXY;installed:in_game/map_data/location_templates.txt,medium,AD 1 local label without postcolonial eponyms.,false
location,jinyuan,pengzhou_province,land,Guanghan Western-Chengdu Plain,local geography / sourced AD 1 parent frame / English,ancient-parent local-feature construction,GEO-PROXY;installed:in_game/map_data/location_templates.txt,medium,AD 1 local label without postcolonial eponyms.,false
location,jinyun,chuzhou_zhejiang_province,land,Southern Kuaiji Mountains,local geography / sourced AD 1 parent frame / English,ancient-parent local-feature construction,GEO-PROXY;installed:in_game/map_data/location_templates.txt,medium,AD 1 local label without postcolonial eponyms.,false
location,jinzhou_dalian,gaizhou_province,land,Liaodong–Xiuyan Coast,local geography / sourced AD 1 parent frame / English,ancient-parent local-feature construction,GEO-PROXY;installed:in_game/map_data/location_templates.txt,medium,AD 1 local label without postcolonial eponyms.,false
location,jinzhou_liaoyang,jinzhou_province,land,Daling–Liaoxi Lands,local geography / sourced AD 1 parent frame / English,ancient-parent local-feature construction,GEO-PROXY;installed:in_game/map_data/location_templates.txt,medium,AD 1 local label without postcolonial eponyms.,false
location,jinzhu,guizhou_province,land,Zangke Commandery Plateau,local geography / sourced AD 1 parent frame / English,ancient-parent local-feature construction,GEO-PROXY;installed:in_game/map_data/location_templates.txt,medium,AD 1 local label without postcolonial eponyms.,false
location,jinzhuping,yiling_province,land,Nan Commandery–Yiling Gorge Lands,local geography / sourced AD 1 parent frame / English,ancient-parent local-feature construction,GEO-PROXY;installed:in_game/map_data/location_templates.txt,medium,AD 1 local label without postcolonial eponyms.,false
location,jiparana,ji_parana_province,land,Ji-Paraná–Guaporé Woodlands,local geography / sourced AD 1 parent frame / English,ancient-parent local-feature construction,GEO-PROXY;installed:in_game/map_data/location_templates.txt,medium,AD 1 local label without postcolonial eponyms.,false
location,jipyeong,kaesong_province,land,Imjin–Han Mahan Country,local geography / sourced AD 1 parent frame / English,ancient-parent local-feature construction,GEO-PROXY;installed:in_game/map_data/location_templates.txt,medium,AD 1 local label without postcolonial eponyms.,false
location,jiquilisco_bay,kuskatan_coast_sea_zones_province,sea,Lenca–Maya Estuarine Bight,local geography / sourced AD 1 parent frame / English,ancient-parent local-feature construction,GEO-PROXY;installed:in_game/map_data/location_templates.txt,medium,AD 1 local label without postcolonial eponyms.,false
location,jiribatuba,itapicuru_province,land,Itapicuru Caatinga Lands,local geography / sourced AD 1 parent frame / English,ancient-parent local-feature construction,GEO-PROXY;installed:in_game/map_data/location_templates.txt,medium,AD 1 local label without postcolonial eponyms.,false
location,jiroft,jiroft_province,land,Halil Rūd Carmania Lands,local geography / sourced AD 1 parent frame / English,ancient-parent local-feature construction,GEO-PROXY;installed:in_game/map_data/location_templates.txt,medium,AD 1 local label without postcolonial eponyms.,false
location,jishan,jiangzhou_province,land,Quwo–Hedong Lands,local geography / sourced AD 1 parent frame / English,ancient-parent local-feature construction,GEO-PROXY;installed:in_game/map_data/location_templates.txt,medium,AD 1 local label without postcolonial eponyms.,false
location,jishi,hezhou_province,land,Longxi–Jincheng Qiang Lands,local geography / sourced AD 1 parent frame / English,ancient-parent local-feature construction,GEO-PROXY;installed:in_game/map_data/location_templates.txt,medium,AD 1 local label without postcolonial eponyms.,false
location,jishi_anze,pingyang_province,land,Hedong Fen–Pingyang Country,local geography / sourced AD 1 parent frame / English,ancient-parent local-feature construction,GEO-PROXY;installed:in_game/map_data/location_templates.txt,medium,AD 1 local label without postcolonial eponyms.,false
location,jishui,jian_province,land,Luling–Gan Yuzhang Country,local geography / sourced AD 1 parent frame / English,ancient-parent local-feature construction,GEO-PROXY;installed:in_game/map_data/location_templates.txt,medium,AD 1 local label without postcolonial eponyms.,false
location,jita,mara_province,land,Mara–Kuria Urewe Lands,local geography / sourced AD 1 parent frame / English,ancient-parent local-feature construction,GEO-PROXY;installed:in_game/map_data/location_templates.txt,medium,AD 1 local label without postcolonial eponyms.,false
location,jiulingshan,ningzhou_province,land,Yuzhang–Xiushui Uplands,local geography / sourced AD 1 parent frame / English,ancient-parent local-feature construction,GEO-PROXY;installed:in_game/map_data/location_templates.txt,medium,AD 1 local label without postcolonial eponyms.,false
location,jiwani_bay,baluchistan_coastal_sea_zones_province,sea,Gedrosian–Makran Bay,local geography / sourced AD 1 parent frame / English,ancient-parent local-feature construction,GEO-PROXY;installed:in_game/map_data/location_templates.txt,medium,AD 1 local label without postcolonial eponyms.,false
location,jixi,muling_province,land,Yilou Muling–Ussuri Lands,local geography / sourced AD 1 parent frame / English,ancient-parent local-feature construction,GEO-PROXY;installed:in_game/map_data/location_templates.txt,medium,AD 1 local label without postcolonial eponyms.,false
location,jixi_huizhou,huizhou_province,land,Danyang Southern Hills,local geography / sourced AD 1 parent frame / English,ancient-parent local-feature construction,GEO-PROXY;installed:in_game/map_data/location_templates.txt,medium,AD 1 local label without postcolonial eponyms.,false
location,jixian,weihui_province,land,Henei Commandery Lands,local geography / sourced AD 1 parent frame / English,ancient-parent local-feature construction,GEO-PROXY;installed:in_game/map_data/location_templates.txt,medium,AD 1 local label without postcolonial eponyms.,false
location,jiyang,jinan_province,land,Licheng–Jinan Qi Lands,local geography / sourced AD 1 parent frame / English,ancient-parent local-feature construction,GEO-PROXY;installed:in_game/map_data/location_templates.txt,medium,AD 1 local label without postcolonial eponyms.,false
location,jiyin,caozhou_province,land,Commandery Lands,local geography / sourced AD 1 parent frame / English,ancient-parent local-feature construction,GEO-PROXY;installed:in_game/map_data/location_templates.txt,medium,AD 1 local label without postcolonial eponyms.,false
location,jiyuan,huaiqing_province,land,Henei Commandery Plain,local geography / sourced AD 1 parent frame / English,ancient-parent local-feature construction,GEO-PROXY;installed:in_game/map_data/location_templates.txt,medium,AD 1 local label without postcolonial eponyms.,false
location,jizhou,puzhou_shanxi_province,land,Puban–Hedong Bend Riverlands,local geography / sourced AD 1 parent frame / English,ancient-parent local-feature construction,GEO-PROXY;installed:in_game/map_data/location_templates.txt,medium,AD 1 local label without postcolonial eponyms.,false
location,jizou_cape,nagato_coast_sea_province,sea,Nagato–Tsushima Wa Offing,local geography / sourced AD 1 parent frame / English,ancient-parent local-feature construction,GEO-PROXY;installed:in_game/map_data/location_templates.txt,medium,AD 1 local label without postcolonial eponyms.,false
location,jizzakh,jizzakh_province,land,Sogdian–Jaxartes Gate Lands,local geography / sourced AD 1 parent frame / English,ancient-parent local-feature construction,GEO-PROXY;installed:in_game/map_data/location_templates.txt,medium,AD 1 local label without postcolonial eponyms.,false
location,joal,siine_province,land,Saloum Delta Country,local geography / sourced AD 1 parent frame / English,ancient-parent local-feature construction,GEO-PROXY;installed:in_game/map_data/location_templates.txt,medium,AD 1 local label without postcolonial eponyms.,false
location,joara,joara_province,land,Upper Yadkin–Catawba Woodland,local geography / sourced AD 1 parent frame / English,ancient-parent local-feature construction,GEO-PROXY;installed:in_game/map_data/location_templates.txt,medium,AD 1 local label without postcolonial eponyms.,false
location,jocome,akimel_oodham_province,land,Gila Ancestral Farms Lands,local geography / sourced AD 1 parent frame / English,ancient-parent local-feature construction,GEO-PROXY;installed:in_game/map_data/location_templates.txt,medium,AD 1 local label without postcolonial eponyms.,false
location,jodar,jaen_province,land,Oretani Aurgi–Castulo Plain,local geography / sourced AD 1 parent frame / English,ancient-parent local-feature construction,GEO-PROXY;installed:in_game/map_data/location_templates.txt,medium,AD 1 local label without postcolonial eponyms.,false
location,joensuu,korela_province,land,Ladoga–Onega Early-Metal Plain,local geography / sourced AD 1 parent frame / English,ancient-parent local-feature construction,GEO-PROXY;installed:in_game/map_data/location_templates.txt,medium,AD 1 local label without postcolonial eponyms.,false
location,johor_coast,singapore_coast_province,sea,Chryse Malacca Straits Offing,local geography / sourced AD 1 parent frame / English,ancient-parent local-feature construction,GEO-PROXY;installed:in_game/map_data/location_templates.txt,medium,AD 1 local label without postcolonial eponyms.,false
location,johor_lama,johor_province,land,Golden-Chersonese Lands,local geography / sourced AD 1 parent frame / English,ancient-parent local-feature construction,GEO-PROXY;installed:in_game/map_data/location_templates.txt,medium,AD 1 local label without postcolonial eponyms.,false
location,joigny,senonais_province,land,Senones Agedincum Lands,local geography / sourced AD 1 parent frame / English,ancient-parent local-feature construction,GEO-PROXY;installed:in_game/map_data/location_templates.txt,medium,AD 1 local label without postcolonial eponyms.,false
location,joinville,perthois_province,land,Lingones–Catalauni Marne Country,local geography / sourced AD 1 parent frame / English,ancient-parent local-feature construction,GEO-PROXY;installed:in_game/map_data/location_templates.txt,medium,AD 1 local label without postcolonial eponyms.,false
location,jokkmokk,lule_lappmark_province,land,Lule–Sarek Sámi Lands,local geography / sourced AD 1 parent frame / English,ancient-parent local-feature construction,GEO-PROXY;installed:in_game/map_data/location_templates.txt,medium,AD 1 local label without postcolonial eponyms.,false
location,jolawokstai_channel,kelaelkces_sea_zones_province,sea,Karukinka Channel Tideway,local geography / sourced AD 1 parent frame / English,ancient-parent local-feature construction,GEO-PROXY;installed:in_game/map_data/location_templates.txt,medium,AD 1 local label without postcolonial eponyms.,false
location,jolom_konob,cuchumatan_province,land,Cuchumatan Maya Highland,local geography / sourced AD 1 parent frame / English,ancient-parent local-feature construction,GEO-PROXY;installed:in_game/map_data/location_templates.txt,medium,AD 1 local label without postcolonial eponyms.,false
location,joluo,mara_province,land,Mara–Kuria Urewe Plain,local geography / sourced AD 1 parent frame / English,ancient-parent local-feature construction,GEO-PROXY;installed:in_game/map_data/location_templates.txt,medium,AD 1 local label without postcolonial eponyms.,false
location,jomda,derge_province,land,Drichu Valleys Lands,local geography / sourced AD 1 parent frame / English,ancient-parent local-feature construction,GEO-PROXY;installed:in_game/map_data/location_templates.txt,medium,AD 1 local label without postcolonial eponyms.,false
location,jonang,tsang_province,land,Bodic Nyang–Tsangpo Country,local geography / sourced AD 1 parent frame / English,ancient-parent local-feature construction,GEO-PROXY;installed:in_game/map_data/location_templates.txt,medium,AD 1 local label without postcolonial eponyms.,false
location,jondaq,tabas_al_tamr_province,land,Tabas–Dasht-e Kavir Lands,local geography / sourced AD 1 parent frame / English,ancient-parent local-feature construction,GEO-PROXY;installed:in_game/map_data/location_templates.txt,medium,AD 1 local label without postcolonial eponyms.,false
location,jonga_pansa,south_lunda_province,land,Lualaba–Kasai Country,local geography / sourced AD 1 parent frame / English,ancient-parent local-feature construction,GEO-PROXY;installed:in_game/map_data/location_templates.txt,medium,AD 1 local label without postcolonial eponyms.,false
location,jongkong,upper_kapuas_province,land,Kapuas–Sentarum Metal Lands,local geography / sourced AD 1 parent frame / English,ancient-parent local-feature construction,GEO-PROXY;installed:in_game/map_data/location_templates.txt,medium,AD 1 local label without postcolonial eponyms.,false
location,jonkershoek_mountains,goringhaikona_province,land,Inland Mountains of Hoerikwaggo Cape Pastoral,local geography / sourced AD 1 parent frame / English,ancient-parent local-feature construction,GEO-PROXY;installed:in_game/map_data/location_templates.txt,medium,AD 1 local label without postcolonial eponyms.,false
location,jonkoping,ostra_smaland_province,land,Möre–Tjust Country,local geography / sourced AD 1 parent frame / English,ancient-parent local-feature construction,GEO-PROXY;installed:in_game/map_data/location_templates.txt,medium,AD 1 local label without postcolonial eponyms.,false
location,jonzac,saintonge_province,land,Santones Lands,local geography / sourced AD 1 parent frame / English,ancient-parent local-feature construction,GEO-PROXY;installed:in_game/map_data/location_templates.txt,medium,AD 1 local label without postcolonial eponyms.,false
location,jootsuuk,ekab_province,land,Southeastern Lands of Cobá–Ekab Late Preclassic,local geography / sourced AD 1 parent frame / English,ancient-parent local-feature construction,GEO-PROXY;installed:in_game/map_data/location_templates.txt,medium,AD 1 local label without postcolonial eponyms.,false
location,joroinen,savolax_province,land,Finnic Saimaa–Kallavesi Lands,local geography / sourced AD 1 parent frame / English,ancient-parent local-feature construction,GEO-PROXY;installed:in_game/map_data/location_templates.txt,medium,AD 1 local label without postcolonial eponyms.,false
location,jororo,jororo_province,land,Oklawaha–St Johns Woodland,local geography / sourced AD 1 parent frame / English,ancient-parent local-feature construction,GEO-PROXY;installed:in_game/map_data/location_templates.txt,medium,AD 1 local label without postcolonial eponyms.,false
location,jorquera,alarcon_province,land,Olcades Lands,local geography / sourced AD 1 parent frame / English,ancient-parent local-feature construction,GEO-PROXY;installed:in_game/map_data/location_templates.txt,medium,AD 1 local label without postcolonial eponyms.,false
location,jos,south_zazzau_province,land,Northern Lands,local geography / sourced AD 1 parent frame / English,ancient-parent local-feature construction,GEO-PROXY;installed:in_game/map_data/location_templates.txt,medium,AD 1 local label without postcolonial eponyms.,false
location,jose_calcado,guaitaca_province,land,Eastern of Itapemirim–Guarapari Forest,local geography / sourced AD 1 parent frame / English,ancient-parent local-feature construction,GEO-PROXY;installed:in_game/map_data/location_templates.txt,medium,AD 1 local label without postcolonial eponyms.,false
location,joseph_bonaparte_gulf,ngarinyin_jaminjung_province_coast,sea,Open Ocean Inlet,local geography / sourced AD 1 parent frame / English,ancient-parent local-feature construction,GEO-PROXY;installed:in_game/map_data/location_templates.txt,medium,AD 1 local label without postcolonial eponyms.,false
location,josse,varmland_province,land,Suiones Vänern–Klarälven Country,local geography / sourced AD 1 parent frame / English,ancient-parent local-feature construction,GEO-PROXY;installed:in_game/map_data/location_templates.txt,medium,AD 1 local label without postcolonial eponyms.,false
location,josselin,ploermel_province,land,Veneti Oust–Vilaine Lands,local geography / sourced AD 1 parent frame / English,ancient-parent local-feature construction,GEO-PROXY;installed:in_game/map_data/location_templates.txt,medium,AD 1 local label without postcolonial eponyms.,false
location,jotunheim,sogn_province,land,Sognefjord Roman Ironworking Country,local geography / sourced AD 1 parent frame / English,ancient-parent local-feature construction,GEO-PROXY;installed:in_game/map_data/location_templates.txt,medium,AD 1 local label without postcolonial eponyms.,false
location,joutou,bizen_province,land,Kibi Coast,local geography / sourced AD 1 parent frame / English,ancient-parent local-feature construction,GEO-PROXY;installed:in_game/map_data/location_templates.txt,medium,AD 1 local label without postcolonial eponyms.,false
location,jowhar,shebelle_province,land,Azanian Shabelle Bight,local geography / sourced AD 1 parent frame / English,ancient-parent local-feature construction,GEO-PROXY;installed:in_game/map_data/location_templates.txt,medium,AD 1 local label without postcolonial eponyms.,false
location,juan_fernandez_high_sea1,juan_fernandez_sea_zones_province,sea,Aconcagua Sea,local geography / sourced AD 1 parent frame / English,ancient-parent local-feature construction,GEO-PROXY;installed:in_game/map_data/location_templates.txt,medium,AD 1 local label without postcolonial eponyms.,false
location,juan_fernandez_high_sea2,juan_fernandez_sea_zones_province,sea,Aconcagua Oceanic Passage,local geography / sourced AD 1 parent frame / English,ancient-parent local-feature construction,GEO-PROXY;installed:in_game/map_data/location_templates.txt,medium,AD 1 local label without postcolonial eponyms.,false
location,juan_fernandez_high_sea3,juan_fernandez_sea_zones_province,sea,Aconcagua Pelagic Expanse,local geography / sourced AD 1 parent frame / English,ancient-parent local-feature construction,GEO-PROXY;installed:in_game/map_data/location_templates.txt,medium,AD 1 local label without postcolonial eponyms.,false
