granularity,key,parent,kind,ad1_name,language,method,source,confidence,note,unchanged_verified
location,wangkamana,wangkamana_province,land,Wangkamana–Pitta-Pitta Desert - W Lowlands,ancient or local ethnogeographic / English,source-led AD 1 province-centroid construction,GEO-PROXY;PER;installed:in_game/map_data/location_templates.txt,medium,The label combines the researched AD 1 province frame with installed terrain and relative position.,false
location,wangkatja,kalaako_province,land,Ngadju–Galaagu Western Desert - NE Lowlands,ancient or local ethnogeographic / English,source-led AD 1 province-centroid construction,installed:in_game/map_data/definitions.txt;GEO-PROXY;https://aiatsis.gov.au/explore/map-indigenous-australia;installed:in_game/map_data/location_templates.txt,medium,The label combines the researched AD 1 province frame with installed terrain and relative position.,false
location,wangmu,sicheng_province,land,Yulin–Zangke Mountain Marches - NNW Highland Tract,ancient or local ethnogeographic / English,source-led AD 1 province-centroid construction,GEO-PROXY;https://ctext.org/han-shu/di-li-zhi-xia/ens;installed:in_game/map_data/location_templates.txt,medium,The label combines the researched AD 1 province frame with installed terrain and relative position.,false
location,wangping,guangning_province,land,Eastern Liaoxi Frontier - ESE Lowlands,ancient or local ethnogeographic / English,source-led AD 1 province-centroid construction,installed:in_game/map_data/definitions.txt;BHR;CHG;https://ctext.org/han-shu/di-li-zhi-xia/ens;installed:in_game/map_data/location_templates.txt,medium,The label combines the researched AD 1 province frame with installed terrain and relative position.,false
location,wangulen,rangkullmapu_province,land,Tandilia–Ventania Hunter - WSW Lowlands,ancient or local ethnogeographic / English,source-led AD 1 province-centroid construction,GEO-PROXY;https://www.cambridge.org/core/journals/latin-american-antiquity;installed:in_game/map_data/location_templates.txt,medium,The label combines the researched AD 1 province frame with installed terrain and relative position.,false
location,wangung,cirebon_province,land,Citarum–Cimanuk Buni - WSW Hill Country,ancient or local ethnogeographic / English,source-led AD 1 province-centroid construction,GEO-PROXY;https://www.metmuseum.org/art/collection/search/313750;installed:in_game/map_data/location_templates.txt,medium,The label combines the researched AD 1 province frame with installed terrain and relative position.,false
location,wanhufu,tangwang_province,land,Songhua–Nen Fuyu - NNW Hill Country,ancient or local ethnogeographic / English,source-led AD 1 province-centroid construction,installed:in_game/map_data/definitions.txt;CAM-HAN-REG;NMJH-YIL;installed:in_game/map_data/location_templates.txt,medium,The label combines the researched AD 1 province frame with installed terrain and relative position.,false
location,wankani,ayaviri_province,land,Pukara–Ayaviri Highlands - SW Mountain Tract,ancient or local ethnogeographic / English,source-led AD 1 province-centroid construction,installed:in_game/map_data/definitions.txt;https://www.britannica.com/place/Tiwanaku;installed:in_game/map_data/location_templates.txt,medium,The label combines the researched AD 1 province frame with installed terrain and relative position.,false
location,wannian,raozhou_province,land,Yuzhang Commandery–Poyang - SSW Lowlands,ancient or local ethnogeographic / English,source-led AD 1 province-centroid construction,GEO-PROXY;https://ctext.org/han-shu/di-li-zhi-xia/ens;installed:in_game/map_data/location_templates.txt,medium,The label combines the researched AD 1 province frame with installed terrain and relative position.,false
location,wanping,shuntian_province,land,Guangyang and Ji - NW Mountain Tract,ancient or local ethnogeographic / English,source-led AD 1 province-centroid construction,GEO-PROXY;https://ctext.org/han-shu/di-li-zhi/ens;installed:in_game/map_data/location_templates.txt,medium,The label combines the researched AD 1 province frame with installed terrain and relative position.,false
location,wanqiu,chenzhou_henan_province,land,Chen–Ru Plain - N Open Tract,ancient or local ethnogeographic / English,source-led AD 1 province-centroid construction,installed:in_game/map_data/definitions.txt;https://ctext.org/han-shu/di-li-zhi/ens;installed:in_game/map_data/location_templates.txt,medium,The label combines the researched AD 1 province frame with installed terrain and relative position.,false
location,wanquan,puzhou_shanxi_province,land,Puban–Hedong River Bend - S Lowlands,ancient or local ethnogeographic / English,source-led AD 1 province-centroid construction,installed:in_game/map_data/definitions.txt;BHR;CHG;installed:in_game/map_data/location_templates.txt,medium,The label combines the researched AD 1 province frame with installed terrain and relative position.,false
location,wantastiquet,pocumtuc_province,land,Pocumtuc–Quinnehtukqut - SE Hill Country,ancient or local ethnogeographic / English,source-led AD 1 province-centroid construction,GEO-PROXY;https://scholarlypress.si.edu/store/all/subsistence-economies-of-indigenous-north-american-societies-a-handbook/;installed:in_game/map_data/location_templates.txt,medium,The label combines the researched AD 1 province frame with installed terrain and relative position.,false
location,wanuco_marka,kotosh_province,land,Huánuco Post-Chavín Highlands - WNW Mountain Tract,ancient or local ethnogeographic / English,source-led AD 1 province-centroid construction,GEO-PROXY;https://www.metmuseum.org/toah/hd/chav/hd_chav.htm;installed:in_game/map_data/location_templates.txt,medium,The label combines the researched AD 1 province frame with installed terrain and relative position.,false
location,wanyangshan,chenzhou_province,land,Guiyang–Nanling Hills - NE Remote Heights,ancient or local ethnogeographic / English,source-led AD 1 province-centroid construction,installed:in_game/map_data/definitions.txt;https://ctext.org/han-shu/di-li-zhi-xia/ens;installed:in_game/map_data/location_templates.txt,medium,The label combines the researched AD 1 province frame with installed terrain and relative position.,false
location,wanzai,yuanzhou_province,land,Yuzhang Commandery–Yuan River - NNE Hill Country,ancient or local ethnogeographic / English,source-led AD 1 province-centroid construction,GEO-PROXY;https://ctext.org/han-shu/di-li-zhi-xia/ens;installed:in_game/map_data/location_templates.txt,medium,The label combines the researched AD 1 province frame with installed terrain and relative position.,false
location,wanzhou,kuizhou_province,land,Ba Eastern-Gorges - SW Hill Country,ancient or local ethnogeographic / English,source-led AD 1 province-centroid construction,GEO-PROXY;https://ctext.org/han-shu/di-li-zhi-xia/ens;installed:in_game/map_data/location_templates.txt,medium,The label combines the researched AD 1 province frame with installed terrain and relative position.,false
location,wanzhou_baoding,baoding_province,land,Zhongshan–Hejian - NE Lowlands,ancient or local ethnogeographic / English,source-led AD 1 province-centroid construction,installed:in_game/map_data/definitions.txt;https://ctext.org/han-shu/di-li-zhi/ens;installed:in_game/map_data/location_templates.txt,medium,The label combines the researched AD 1 province frame with installed terrain and relative position.,false
location,waounde,galam_province,land,Senegal–Ferlo - S Lowlands,ancient or local ethnogeographic / English,source-led AD 1 province-centroid construction,installed:in_game/map_data/definitions.txt;https://www.britannica.com/place/Senegal-River;installed:in_game/map_data/location_templates.txt,medium,The label combines the researched AD 1 province frame with installed terrain and relative position.,false
location,wapahani,wea_province,land,Mississinewa–Wabash Havana Woodlands - SSW Lowlands,ancient or local ethnogeographic / English,source-led AD 1 province-centroid construction,installed:in_game/map_data/definitions.txt;ISAS-HAVANA;NPS-HOPEWELL;installed:in_game/map_data/location_templates.txt,medium,The label combines the researched AD 1 province frame with installed terrain and relative position.,false
location,wapi,snake_river_province,land,Desert-Archaic Snake–Camas - NNE High Plain,ancient or local ethnogeographic / English,source-led AD 1 province-centroid construction,GEO-PROXY;https://www.nps.gov/crmo/learn/historyculture/index.htm;installed:in_game/map_data/location_templates.txt,medium,The label combines the researched AD 1 province frame with installed terrain and relative position.,false
location,wapikisko,kalamazoo_province,land,Kalamazoo–Owashtanong Woodland - SSE Lowlands,ancient or local ethnogeographic / English,source-led AD 1 province-centroid construction,installed:in_game/map_data/definitions.txt;GEO-PROXY;NPS-HOPEWELL;installed:in_game/map_data/location_templates.txt,medium,The label combines the researched AD 1 province frame with installed terrain and relative position.,false
location,wapikopa,winisk_province,land,Winisk–Attawapiskat Laurel - SW Lowlands,ancient or local ethnogeographic / English,source-led AD 1 province-centroid construction,installed:in_game/map_data/definitions.txt;GEO-PROXY;OAS-POINT;installed:in_game/map_data/location_templates.txt,medium,The label combines the researched AD 1 province frame with installed terrain and relative position.,false
location,wapinippi,wapinippi_province,land,Hopewell Wabash–Tippecanoe - NNE Lowlands,ancient or local ethnogeographic / English,source-led AD 1 province-centroid construction,GEO-PROXY;PER;installed:in_game/map_data/location_templates.txt,medium,The label combines the researched AD 1 province frame with installed terrain and relative position.,false
location,wapisiw_sipihk,winnipegosis_province,land,Laurel Winnipegosis Woodland - SSW High Plain,ancient or local ethnogeographic / English,source-led AD 1 province-centroid construction,installed:in_game/map_data/definitions.txt;GEO-PROXY;MOSHPO-KC;installed:in_game/map_data/location_templates.txt,medium,The label combines the researched AD 1 province frame with installed terrain and relative position.,false
location,wapiskau,kashechewan_province,land,Albany–Moose Lowland - ENE Riverine Tract,ancient or local ethnogeographic / English,source-led AD 1 province-centroid construction,GEO-PROXY;OAS-POINT;installed:in_game/map_data/location_templates.txt,medium,The label combines the researched AD 1 province frame with installed terrain and relative position.,false
location,wapiskau_sk,namew_province,land,Amisk–Reindeer Taiga Lakes - E Marshlands,ancient or local ethnogeographic / English,source-led AD 1 province-centroid construction,installed:in_game/map_data/definitions.txt;GEO-PROXY;https://www.thecanadianencyclopedia.ca/en/article/athabasca-river;installed:in_game/map_data/location_templates.txt,medium,The label combines the researched AD 1 province frame with installed terrain and relative position.,false
location,wapitotem,winisk_province,land,Winisk–Attawapiskat Laurel - SSW Lowlands,ancient or local ethnogeographic / English,source-led AD 1 province-centroid construction,installed:in_game/map_data/definitions.txt;GEO-PROXY;OAS-POINT;installed:in_game/map_data/location_templates.txt,medium,The label combines the researched AD 1 province frame with installed terrain and relative position.,false
location,wapkawazioju,hokah_province,land,Upper Mississippi Woodland - NNE Lowlands,ancient or local ethnogeographic / English,source-led AD 1 province-centroid construction,GEO-PROXY;https://www.nps.gov/efmo/learn/historyculture/index.htm;installed:in_game/map_data/location_templates.txt,medium,The label combines the researched AD 1 province frame with installed terrain and relative position.,false
location,wapocomo,wapocomo_province,land,Antietam–Opequon Mockley - WSW Hill Country,ancient or local ethnogeographic / English,source-led AD 1 province-centroid construction,installed:in_game/map_data/definitions.txt;GEO-PROXY;NPS-HOPEWELL;installed:in_game/map_data/location_templates.txt,medium,The label combines the researched AD 1 province frame with installed terrain and relative position.,false
location,wappacoma,wappacoma_province,land,Cacapon–Potomac Woodland Valleys - SSE Mountain Tract,ancient or local ethnogeographic / English,source-led AD 1 province-centroid construction,installed:in_game/map_data/definitions.txt;GEO-PROXY;NPS-HOPEWELL;installed:in_game/map_data/location_templates.txt,medium,The label combines the researched AD 1 province frame with installed terrain and relative position.,false
location,wappasening,wyoming_province,land,Lackawanna–Susquehanna Woodland - NNW High Plain,ancient or local ethnogeographic / English,source-led AD 1 province-centroid construction,installed:in_game/map_data/definitions.txt;NYSM-POINT;OAS-POINT;installed:in_game/map_data/location_templates.txt,medium,The label combines the researched AD 1 province frame with installed terrain and relative position.,false
location,wapsipinicon,moingwena_province,land,Mississippi–Wapsipinicon Woodland - NE Lowlands,ancient or local ethnogeographic / English,source-led AD 1 province-centroid construction,GEO-PROXY;ISAS-HAVANA;installed:in_game/map_data/location_templates.txt,medium,The label combines the researched AD 1 province frame with installed terrain and relative position.,false
location,wapusk,wapusk_province,land,Wapusk Shield - SE Marshlands,ancient or local ethnogeographic / English,source-led AD 1 province-centroid construction,installed:in_game/map_data/definitions.txt;GEO-PROXY;installed:in_game/map_data/location_templates.txt,medium,The label combines the researched AD 1 province frame with installed terrain and relative position.,false
location,waqrapukara,acamama_province,land,Cusco Basin Chanapata - SE Mountain Tract,ancient or local ethnogeographic / English,source-led AD 1 province-centroid construction,installed:in_game/map_data/definitions.txt;CUSCO-FORMATIVE;GEO-PROXY;installed:in_game/map_data/location_templates.txt,medium,The label combines the researched AD 1 province frame with installed terrain and relative position.,false
location,waqua,powhatan_province,land,Pamunkey–Appomattox Woodland - SSW Lowlands,ancient or local ethnogeographic / English,source-led AD 1 province-centroid construction,installed:in_game/map_data/definitions.txt;GEO-PROXY;https://www.nps.gov/articles/000/initial-woodland.htm;installed:in_game/map_data/location_templates.txt,medium,The label combines the researched AD 1 province frame with installed terrain and relative position.,false
location,waqurunchu_mountains,kotosh_province,land,Huánuco Post-Chavín Highlands - SE Wild Summits,ancient or local ethnogeographic / English,source-led AD 1 province-centroid construction,GEO-PROXY;https://www.metmuseum.org/toah/hd/chav/hd_chav.htm;installed:in_game/map_data/location_templates.txt,medium,The label combines the researched AD 1 province frame with installed terrain and relative position.,false
location,wara,south_darfur_province,land,Marrah–Bahr-al-Arab Iron-Age - NNE High Plain,ancient or local ethnogeographic / English,source-led AD 1 province-centroid construction,GEO-PROXY;MEGACHAD-WADAI;installed:in_game/map_data/location_templates.txt,medium,The label combines the researched AD 1 province frame with installed terrain and relative position.,false
location,wara_kham,derge_province,land,Upper Drichu Eastern Valleys - NW Mountain Tract,ancient or local ethnogeographic / English,source-led AD 1 province-centroid construction,installed:in_game/map_data/definitions.txt;https://www.britannica.com/place/Yangtze-River;installed:in_game/map_data/location_templates.txt,medium,The label combines the researched AD 1 province frame with installed terrain and relative position.,false
location,waradika,bannock_province,land,Snake–Lemhi Archaic - ENE High Plain,ancient or local ethnogeographic / English,source-led AD 1 province-centroid construction,installed:in_game/map_data/definitions.txt;https://www.britannica.com/topic/Archaic-culture;installed:in_game/map_data/location_templates.txt,medium,The label combines the researched AD 1 province frame with installed terrain and relative position.,false
location,warangal,warangal_province,land,Godavari–Musi Andhra - SE Lowlands,ancient or local ethnogeographic / English,source-led AD 1 province-centroid construction,installed:in_game/map_data/definitions.txt;GEO-PROXY;INFLIB-EARLY-HISTORIC;installed:in_game/map_data/location_templates.txt,medium,The label combines the researched AD 1 province frame with installed terrain and relative position.,false
location,waranka,quitu_province,land,Quito–Chimborazo Regional-Development - SSW Mountain Tract,ancient or local ethnogeographic / English,source-led AD 1 province-centroid construction,installed:in_game/map_data/definitions.txt;GEO-PROXY;https://www.metmuseum.org/toah/hd/ande/hd_ande.htm;installed:in_game/map_data/location_templates.txt,medium,The label combines the researched AD 1 province frame with installed terrain and relative position.,false
location,warburg,lippe_province,land,Bructeri–Cherusci Lippe - ESE Lowlands,ancient or local ethnogeographic / English,source-led AD 1 province-centroid construction,GEO-PROXY;TAC-GER;installed:in_game/map_data/location_templates.txt,medium,The label combines the researched AD 1 province frame with installed terrain and relative position.,false
location,ward_hunt_cape,nidula_coastal_sea_zones_province,sea,Massim–Nidula Island - WNW Open Waters,ancient or local ethnogeographic / English,source-led AD 1 province-centroid construction,installed:in_game/map_data/definitions.txt;GEO-PROXY;JPA-PAPUA;installed:in_game/map_data/location_templates.txt,medium,The label combines the researched AD 1 province frame with installed terrain and relative position.,false
location,wardal,badimaya_province,land,Badimaya–Yamatji Inland - SSE Lowlands,ancient or local ethnogeographic / English,source-led AD 1 province-centroid construction,installed:in_game/map_data/definitions.txt;https://www.britannica.com/place/Murchison-River-Western-Australia;installed:in_game/map_data/location_templates.txt,medium,The label combines the researched AD 1 province frame with installed terrain and relative position.,false
location,wardaman,ongkakaringa_province,land,Wardaman–Jawoyn Rock-Art - S Lowlands,ancient or local ethnogeographic / English,source-led AD 1 province-centroid construction,GEO-PROXY;https://whc.unesco.org/en/list/147/;installed:in_game/map_data/location_templates.txt,medium,The label combines the researched AD 1 province frame with installed terrain and relative position.,false
location,wardandi,wardandi_province,land,Wardandi–Kaniyang Southwest - WNW Lowlands,ancient or local ethnogeographic / English,source-led AD 1 province-centroid construction,installed:in_game/map_data/definitions.txt;https://aiatsis.gov.au/explore/map-indigenous-australia;installed:in_game/map_data/location_templates.txt,medium,The label combines the researched AD 1 province frame with installed terrain and relative position.,false
location,waren,seenplatte_province,land,Semnones of Müritz–Elde - S Lowlands,ancient or local ethnogeographic / English,source-led AD 1 province-centroid construction,GEO-PROXY;STR-GER;TAC-GER;installed:in_game/map_data/location_templates.txt,medium,The label combines the researched AD 1 province frame with installed terrain and relative position.,false
location,warendorf,munsterland_province,land,Bructeri of the Upper Lippe–Ems - E Lowlands,ancient or local ethnogeographic / English,source-led AD 1 province-centroid construction,GEO-PROXY;TAC-GER;installed:in_game/map_data/location_templates.txt,medium,The label combines the researched AD 1 province frame with installed terrain and relative position.,false
location,wargamaygan,djabuganjdji_province,land,Djabuganjdji–Nyawaygi Tropics - SE Upland Tract,ancient or local ethnogeographic / English,source-led AD 1 province-centroid construction,GEO-PROXY;https://www.britannica.com/place/Burdekin-River;installed:in_game/map_data/location_templates.txt,medium,The label combines the researched AD 1 province frame with installed terrain and relative position.,false
location,wari,madeira_brazil_province,land,Guaporé–Mamoré Woodland - WSW Lowlands,ancient or local ethnogeographic / English,source-led AD 1 province-centroid construction,GEO-PROXY;SA-EXPANSIONS;installed:in_game/map_data/location_templates.txt,medium,The label combines the researched AD 1 province frame with installed terrain and relative position.,false
location,wari_peru,wari_province,land,Huarpa–Ayacucho Formative Highlands - SSW Mountain Tract,ancient or local ethnogeographic / English,source-led AD 1 province-centroid construction,installed:in_game/map_data/definitions.txt;ANT-HUARPA;CWP-ANDES;installed:in_game/map_data/location_templates.txt,medium,The label combines the researched AD 1 province frame with installed terrain and relative position.,false
location,wari_willka,wari_willka_province,land,Mantaro–Churcampa Formative Highlands - NW Upland Tract,ancient or local ethnogeographic / English,source-led AD 1 province-centroid construction,installed:in_game/map_data/definitions.txt;CWP-ANDES;GEO-PROXY;installed:in_game/map_data/location_templates.txt,medium,The label combines the researched AD 1 province frame with installed terrain and relative position.,false
location,waricoto,huaylas_province,land,Recuay Callejon Highlands - NNW Mountain Valleys,ancient or local ethnogeographic / English,source-led AD 1 province-centroid construction,GEO-PROXY;https://www.metmuseum.org/toah/hd/recu/hd_recu.htm;installed:in_game/map_data/location_templates.txt,medium,The label combines the researched AD 1 province frame with installed terrain and relative position.,false
location,warioto,cuttaway_province,land,Tennessee–Green River Woodlands - E Hill Country,ancient or local ethnogeographic / English,source-led AD 1 province-centroid construction,installed:in_game/map_data/definitions.txt;https://www.britannica.com/topic/Woodland-cultures;installed:in_game/map_data/location_templates.txt,medium,The label combines the researched AD 1 province frame with installed terrain and relative position.,false
location,warlmanpa,doolboong_province,land,Jaminjung–Tanami - SE Lowlands,ancient or local ethnogeographic / English,source-led AD 1 province-centroid construction,GEO-PROXY;https://www.britannica.com/place/Victoria-River-Northern-Territory;installed:in_game/map_data/location_templates.txt,medium,The label combines the researched AD 1 province frame with installed terrain and relative position.,false
location,warluwarra,jingili_province,land,Tanami–Warumungu Desert - E Lowlands,ancient or local ethnogeographic / English,source-led AD 1 province-centroid construction,installed:in_game/map_data/definitions.txt;GEO-PROXY;https://aiatsis.gov.au/explore/map-indigenous-australia;installed:in_game/map_data/location_templates.txt,medium,The label combines the researched AD 1 province frame with installed terrain and relative position.,false
location,warnindilyakwa,ngalakan_province,land,Ngalkbun–Rembarrnga - ESE Lowlands,ancient or local ethnogeographic / English,source-led AD 1 province-centroid construction,installed:in_game/map_data/definitions.txt;GEO-PROXY;https://aiatsis.gov.au/explore/map-indigenous-australia;installed:in_game/map_data/location_templates.txt,medium,The label combines the researched AD 1 province frame with installed terrain and relative position.,false
location,waropen,waropen_province,land,Mamberamo–Sentani Papuan - WNW Lowlands,ancient or local ethnogeographic / English,source-led AD 1 province-centroid construction,installed:in_game/map_data/definitions.txt;JPA-PAPUA;GEO-PROXY;installed:in_game/map_data/location_templates.txt,medium,The label combines the researched AD 1 province frame with installed terrain and relative position.,false
location,warrada,al_jifar_province,land,Rhinocolura–Casius - NW Lowlands,ancient or local ethnogeographic / English,source-led AD 1 province-centroid construction,installed:in_game/map_data/definitions.txt;PLE;installed:in_game/map_data/location_templates.txt,medium,The label combines the researched AD 1 province frame with installed terrain and relative position.,false
location,warri,niger_delta_province,land,Lower Niger Mangrove - NNE Marshlands,ancient or local ethnogeographic / English,source-led AD 1 province-centroid construction,installed:in_game/map_data/definitions.txt;GEO-PROXY;OUP-BENIN;installed:in_game/map_data/location_templates.txt,medium,The label combines the researched AD 1 province frame with installed terrain and relative position.,false
location,warruwi_shore,tiwi_province_coast,sea,Tiwi–Arnhem Coastal - ESE Offshore Reach,ancient or local ethnogeographic / English,source-led AD 1 province-centroid construction,GEO-PROXY;https://aiatsis.gov.au/explore/map-indigenous-australia;installed:in_game/map_data/location_templates.txt,medium,The label combines the researched AD 1 province frame with installed terrain and relative position.,false
location,warsaw,warsaw_province,land,Middle Vistula–Narew Przeworsk - SW River Plain,ancient or local ethnogeographic / English,source-led AD 1 province-centroid construction,installed:in_game/map_data/definitions.txt;UW-PRZEWORSK;UW-PRZ;installed:in_game/map_data/location_templates.txt,medium,The label combines the researched AD 1 province frame with installed terrain and relative position.,false
location,warsheikh,ajan_province,land,Northern Azania - SSW Lowlands,ancient or local ethnogeographic / English,source-led AD 1 province-centroid construction,installed:in_game/map_data/definitions.txt;PER;PLE;installed:in_game/map_data/location_templates.txt,medium,The label combines the researched AD 1 province frame with installed terrain and relative position.,false
location,warsheikh_coast,muqdisho_coast_sea_province,sea,Azanian Banaadir Coastal - N Offshore Reach,ancient or local ethnogeographic / English,source-led AD 1 province-centroid construction,GEO-PROXY;PER;UC-MOMBASA;installed:in_game/map_data/location_templates.txt,medium,The label combines the researched AD 1 province frame with installed terrain and relative position.,false
location,waru_bay,seram_coast_sea_province,sea,Banda–Seram Exchange - NNE Open Waters,ancient or local ethnogeographic / English,source-led AD 1 province-centroid construction,GEO-PROXY;https://www.britannica.com/place/Seram;installed:in_game/map_data/location_templates.txt,medium,The label combines the researched AD 1 province frame with installed terrain and relative position.,false
location,warumungu,jingili_province,land,Tanami–Warumungu Desert - N Lowlands,ancient or local ethnogeographic / English,source-led AD 1 province-centroid construction,installed:in_game/map_data/definitions.txt;GEO-PROXY;https://aiatsis.gov.au/explore/map-indigenous-australia;installed:in_game/map_data/location_templates.txt,medium,The label combines the researched AD 1 province frame with installed terrain and relative position.,false
location,warungu,djabuganjdji_province,land,Djabuganjdji–Nyawaygi Tropics - W High Plain,ancient or local ethnogeographic / English,source-led AD 1 province-centroid construction,GEO-PROXY;https://www.britannica.com/place/Burdekin-River;installed:in_game/map_data/location_templates.txt,medium,The label combines the researched AD 1 province frame with installed terrain and relative position.,false
location,warwa,warwa_province,land,Wilinggin–Worrorra Monsoon-Coast - Far-SW Lowlands,ancient or local ethnogeographic / English,source-led AD 1 province-centroid construction,installed:in_game/map_data/definitions.txt;https://aiatsis.gov.au/explore/map-indigenous-australia;installed:in_game/map_data/location_templates.txt,medium,The label combines the researched AD 1 province frame with installed terrain and relative position.,false
location,wasakin,abitibi_province,land,Abitibi–Harricana Shield - WSW Lowlands,ancient or local ethnogeographic / English,source-led AD 1 province-centroid construction,installed:in_game/map_data/definitions.txt;GEO-PROXY;installed:in_game/map_data/location_templates.txt,medium,The label combines the researched AD 1 province frame with installed terrain and relative position.,false
location,wasatch,weeminuche_province,land,Uncompahgre–Wasatch Mountain Archaic - NW High Plain,ancient or local ethnogeographic / English,source-led AD 1 province-centroid construction,installed:in_game/map_data/definitions.txt;GEO-PROXY;installed:in_game/map_data/location_templates.txt,medium,The label combines the researched AD 1 province frame with installed terrain and relative position.,false
location,wascana,iskwao_province,land,Wascana Plains - SE Open Tract,ancient or local ethnogeographic / English,source-led AD 1 province-centroid construction,GEO-PROXY;https://www.thecanadianencyclopedia.ca/en/article/plains-indigenous-peoples-in-canada;installed:in_game/map_data/location_templates.txt,medium,The label combines the researched AD 1 province frame with installed terrain and relative position.,false
location,wase_wakpa,ski_iyo_he_province,land,Besant Yellowstone–Powder - SW High Plain,ancient or local ethnogeographic / English,source-led AD 1 province-centroid construction,GEO-PROXY;https://www.nps.gov/mwac/publications/pdf/mwac_112.pdf;installed:in_game/map_data/location_templates.txt,medium,The label combines the researched AD 1 province frame with installed terrain and relative position.,false
location,wasetihoge,neosho_province,land,Neosho–Osage Central-Plains Woodlands - WNW Open Tract,ancient or local ethnogeographic / English,source-led AD 1 province-centroid construction,installed:in_game/map_data/definitions.txt;GEO-PROXY;https://www.nps.gov/articles/000/initial-woodland.htm;https://www.okhistory.org/publications/enc/entry?entry=TH019;installed:in_game/map_data/location_templates.txt,medium,The label combines the researched AD 1 province frame with installed terrain and relative position.,false
location,wash,mercia_coastal_sea_zones_province,sea,Britannic Humber–Tamesis - SW Narrows,ancient or local ethnogeographic / English,source-led AD 1 province-centroid construction,GEO-PROXY;https://www.perseus.tufts.edu/hopper/text?doc=Strab.+4.5&fromdoc=Perseus%3Atext%3A1999.01.0239;installed:in_game/map_data/location_templates.txt,medium,The label combines the researched AD 1 province frame with installed terrain and relative position.,false
location,washademoak,menahkwesk_province,land,Wolastoq–Fundy Maritime-Woodland - N Lowlands,ancient or local ethnogeographic / English,source-led AD 1 province-centroid construction,GEO-PROXY;https://www.pc.gc.ca/apps/dfhd/page_nhs_eng.aspx?id=1817;installed:in_game/map_data/location_templates.txt,medium,The label combines the researched AD 1 province frame with installed terrain and relative position.,false
location,washakie,western_crow_province,land,Absaroka–Wind-River Mountain Archaic - WNW High Plain,ancient or local ethnogeographic / English,source-led AD 1 province-centroid construction,installed:in_game/map_data/definitions.txt;GEO-PROXY;installed:in_game/map_data/location_templates.txt,medium,The label combines the researched AD 1 province frame with installed terrain and relative position.,false
location,washeo,washeo_province,land,Kitchi-Gami Lowland Laurel - NE Riverine Tract,ancient or local ethnogeographic / English,source-led AD 1 province-centroid construction,installed:in_game/map_data/definitions.txt;GEO-PROXY;OAS-POINT;installed:in_game/map_data/location_templates.txt,medium,The label combines the researched AD 1 province frame with installed terrain and relative position.,false
location,washita,wewoka_province,land,Washita–Kiamichi Woodland - SW Lowlands,ancient or local ethnogeographic / English,source-led AD 1 province-centroid construction,installed:in_game/map_data/definitions.txt;GEO-PROXY;NPS-OZARK-HOPEWELL;installed:in_game/map_data/location_templates.txt,medium,The label combines the researched AD 1 province frame with installed terrain and relative position.,false
location,washuk,kharan_province,land,Gedrosian Kharan Desert - S High Plain,ancient or local ethnogeographic / English,source-led AD 1 province-centroid construction,GEO-PROXY;https://www.perseus.tufts.edu/hopper/text?doc=Strab.+15.2&fromdoc=Perseus%3Atext%3A1999.01.0239;installed:in_game/map_data/location_templates.txt,medium,The label combines the researched AD 1 province frame with installed terrain and relative position.,false
location,wasi_qaqa_mountains,wari_willka_province,land,Mantaro–Churcampa Formative Highlands - SSW Wild Summits,ancient or local ethnogeographic / English,source-led AD 1 province-centroid construction,installed:in_game/map_data/definitions.txt;CWP-ANDES;GEO-PROXY;installed:in_game/map_data/location_templates.txt,medium,The label combines the researched AD 1 province frame with installed terrain and relative position.,false
location,wasilei,ternate_province,land,Halmahera–Ternate Metal-Age - SSE Hill Country,ancient or local ethnogeographic / English,source-led AD 1 province-centroid construction,installed:in_game/map_data/definitions.txt;ANU-MALUKU;ANU-SULAWESI;installed:in_game/map_data/location_templates.txt,medium,The label combines the researched AD 1 province frame with installed terrain and relative position.,false
location,wasin_wakpa,phankeska_wakpa_province,land,Besant White–Niobrara - W High Plain,ancient or local ethnogeographic / English,source-led AD 1 province-centroid construction,GEO-PROXY;https://www.nps.gov/mwac/publications/pdf/mwac_112.pdf;installed:in_game/map_data/location_templates.txt,medium,The label combines the researched AD 1 province frame with installed terrain and relative position.,false
location,wasit,wasit_province,land,Tigris–Tib Parthian - SW Marshlands,ancient or local ethnogeographic / English,source-led AD 1 province-centroid construction,installed:in_game/map_data/definitions.txt;PAR-PER;STR-ANA;installed:in_game/map_data/location_templates.txt,medium,The label combines the researched AD 1 province frame with installed terrain and relative position.,false
location,waskada,sihabi_province,land,Besant Souris–Assiniboine - SSW Lowlands,ancient or local ethnogeographic / English,source-led AD 1 province-centroid construction,GEO-PROXY;https://www.nps.gov/mwac/publications/pdf/mwac_112.pdf;installed:in_game/map_data/location_templates.txt,medium,The label combines the researched AD 1 province frame with installed terrain and relative position.,false
location,waskaganish,waskaganish_province,land,Nemaska Eastern Shield - WNW Marshlands,ancient or local ethnogeographic / English,source-led AD 1 province-centroid construction,installed:in_game/map_data/definitions.txt;GEO-PROXY;installed:in_game/map_data/location_templates.txt,medium,The label combines the researched AD 1 province frame with installed terrain and relative position.,false
location,waskasoo,waskasoo_province,land,Red-Deer–Battle-River Woodland Plains - NNW Upland Tract,ancient or local ethnogeographic / English,source-led AD 1 province-centroid construction,installed:in_game/map_data/definitions.txt;GEO-PROXY;MOSHPO-KC;installed:in_game/map_data/location_templates.txt,medium,The label combines the researched AD 1 province frame with installed terrain and relative position.,false
location,wasserburg,chiemgau_province,land,Iuvavum–Western Noricum - W High Plain,ancient or local ethnogeographic / English,source-led AD 1 province-centroid construction,installed:in_game/map_data/definitions.txt;https://www.perseus.tufts.edu/hopper/text?doc=Perseus%3Atext%3A1999.01.0198%3Abook%3D7;installed:in_game/map_data/location_templates.txt,medium,The label combines the researched AD 1 province frame with installed terrain and relative position.,false
location,wassu,kantor_province,land,Middle Gambia Stone-Circle - SW Lowlands,ancient or local ethnogeographic / English,source-led AD 1 province-centroid construction,GEO-PROXY;https://whc.unesco.org/en/list/1226/;installed:in_game/map_data/location_templates.txt,medium,The label combines the researched AD 1 province frame with installed terrain and relative position.,false
location,wastina,michichi_province,land,Besant Red-Deer Prairie - NE High Plain,ancient or local ethnogeographic / English,source-led AD 1 province-centroid construction,GEO-PROXY;https://www.nps.gov/mwac/publications/pdf/mwac_112.pdf;installed:in_game/map_data/location_templates.txt,medium,The label combines the researched AD 1 province frame with installed terrain and relative position.,false
location,waswanipi,nottaway_province,land,Nottaway–Waswanipi Woodland - SE Lowlands,ancient or local ethnogeographic / English,source-led AD 1 province-centroid construction,GEO-PROXY;OAS-POINT;installed:in_game/map_data/location_templates.txt,medium,The label combines the researched AD 1 province frame with installed terrain and relative position.,false
location,waswanipi_lake,nottaway_province,lake,Nottaway–Waswanipi Woodland - SSE Lake Waters,ancient or local ethnogeographic / English,source-led AD 1 province-centroid construction,GEO-PROXY;OAS-POINT;installed:in_game/map_data/location_templates.txt,medium,The label combines the researched AD 1 province frame with installed terrain and relative position.,false
location,watang,xunzhou_province,land,Guiping–Yu-River Yulin - SSW Lowlands,ancient or local ethnogeographic / English,source-led AD 1 province-centroid construction,installed:in_game/map_data/definitions.txt;BHR;CHG;installed:in_game/map_data/location_templates.txt,medium,The label combines the researched AD 1 province frame with installed terrain and relative position.,false
location,watappo,pensacola_province,land,Swift-Creek Gulf Woodlands - SE Marshlands,ancient or local ethnogeographic / English,source-led AD 1 province-centroid construction,GEO-PROXY;https://www.nps.gov/guis/learn/historyculture/archeology.htm;installed:in_game/map_data/location_templates.txt,medium,The label combines the researched AD 1 province frame with installed terrain and relative position.,false
location,watarai,ise_province,land,Ise-Bay Yayoi - SSE Hill Country,ancient or local ethnogeographic / English,source-led AD 1 province-centroid construction,GEO-PROXY;https://www.metmuseum.org/toah/hd/yayo/hd_yayo.htm;installed:in_game/map_data/location_templates.txt,medium,The label combines the researched AD 1 province frame with installed terrain and relative position.,false
location,watatikka,west_shoshone_province,land,Toiyabe–Ruby Great-Basin - SSW High Plain,ancient or local ethnogeographic / English,source-led AD 1 province-centroid construction,installed:in_game/map_data/definitions.txt;GEO-PROXY;installed:in_game/map_data/location_templates.txt,medium,The label combines the researched AD 1 province frame with installed terrain and relative position.,false
location,watauga,kituwa_province,land,Appalachian Woodland of Kituwah - NE Hill Country,ancient or local ethnogeographic / English,source-led AD 1 province-centroid construction,GEO-PROXY;https://www.nps.gov/grsm/learn/historyculture/cherokee.htm;installed:in_game/map_data/location_templates.txt,medium,The label combines the researched AD 1 province frame with installed terrain and relative position.,false
location,waterford,waterford_province,land,Suir–Nore Brigantian - ENE Lowlands,ancient or local ethnogeographic / English,source-led AD 1 province-centroid construction,installed:in_game/map_data/definitions.txt;PTO-GEO-II1;DARCY-IRE;installed:in_game/map_data/location_templates.txt,medium,The label combines the researched AD 1 province frame with installed terrain and relative position.,false
location,waterval_mountains,ubiqua_province,land,Khoe Southern Foldbelt - W Wild Heights,ancient or local ethnogeographic / English,source-led AD 1 province-centroid construction,GEO-PROXY;OUP-SOUTH-AFRICA;installed:in_game/map_data/location_templates.txt,medium,The label combines the researched AD 1 province frame with installed terrain and relative position.,false
location,wathaurong,buandig_province,land,Gunditjmara–Wadawurrung - E Lowlands,ancient or local ethnogeographic / English,source-led AD 1 province-centroid construction,installed:in_game/map_data/definitions.txt;https://aiatsis.gov.au/explore/map-indigenous-australia;https://www.cambridge.org/core/books/abs/cambridge-world-prehistory/archaeology-of-australia/8FD599758CD45C497555402360ECF868;installed:in_game/map_data/location_templates.txt,medium,The label combines the researched AD 1 province frame with installed terrain and relative position.,false
location,watistiguam,kenogami_province,land,Nagagami–Kabinakagami Woodland - N Marshlands,ancient or local ethnogeographic / English,source-led AD 1 province-centroid construction,GEO-PROXY;OAS-POINT;installed:in_game/map_data/location_templates.txt,medium,The label combines the researched AD 1 province frame with installed terrain and relative position.,false
location,watlala,chinook_province,land,Chinook Wimahl Plankhouse - E Hill Country,ancient or local ethnogeographic / English,source-led AD 1 province-centroid construction,installed:in_game/map_data/definitions.txt;https://www.britannica.com/place/Columbia-River;installed:in_game/map_data/location_templates.txt,medium,The label combines the researched AD 1 province frame with installed terrain and relative position.,false
location,watonwan,mahkato_province,land,Minnesota–Blue-Earth Woodland - SSE Lowlands,ancient or local ethnogeographic / English,source-led AD 1 province-centroid construction,GEO-PROXY;OAS-POINT;installed:in_game/map_data/location_templates.txt,medium,The label combines the researched AD 1 province frame with installed terrain and relative position.,false
location,wattogee,kituwa_province,land,Appalachian Woodland of Kituwah - NE Highland Tract,ancient or local ethnogeographic / English,source-led AD 1 province-centroid construction,GEO-PROXY;https://www.nps.gov/grsm/learn/historyculture/cherokee.htm;installed:in_game/map_data/location_templates.txt,medium,The label combines the researched AD 1 province frame with installed terrain and relative position.,false
location,watungasta,lule_province,land,Diaguita Calchaquí–Aconquija - S Hill Country,ancient or local ethnogeographic / English,source-led AD 1 province-centroid construction,GEO-PROXY;https://www.cambridge.org/core/books/abs/cambridge-history-of-the-native-peoples-of-the-americas/south-central-andean-prehistory/28F48BA13A7FE4D92B72247FF24B1980;installed:in_game/map_data/location_templates.txt,medium,The label combines the researched AD 1 province frame with installed terrain and relative position.,false
location,wau,bahr_el_ghazal_province,land,Western Nile Sudd - N Lowlands,ancient or local ethnogeographic / English,source-led AD 1 province-centroid construction,installed:in_game/map_data/definitions.txt;https://www.britannica.com/place/Al-Sudd;installed:in_game/map_data/location_templates.txt,medium,The label combines the researched AD 1 province frame with installed terrain and relative position.,false
location,waumandee,pokemaga_province,land,Hopewell Mississippi–Chippewa - SSW Hill Country,ancient or local ethnogeographic / English,source-led AD 1 province-centroid construction,GEO-PROXY;https://www.nps.gov/hocu/learn/historyculture/index.htm;installed:in_game/map_data/location_templates.txt,medium,The label combines the researched AD 1 province frame with installed terrain and relative position.,false
location,waupecan,peoria_province,land,Havana-Hopewell Illinois–Sangamon - NE Lowlands,ancient or local ethnogeographic / English,source-led AD 1 province-centroid construction,GEO-PROXY;https://www.nps.gov/hocu/learn/historyculture/index.htm;installed:in_game/map_data/location_templates.txt,medium,The label combines the researched AD 1 province frame with installed terrain and relative position.,false
location,waveroo,braiakalung_province,land,Boon Wurrung–Gunai - N Lowlands,ancient or local ethnogeographic / English,source-led AD 1 province-centroid construction,installed:in_game/map_data/definitions.txt;https://aiatsis.gov.au/explore/map-indigenous-australia;https://www.cambridge.org/core/books/abs/cambridge-world-prehistory/archaeology-of-australia/8FD599758CD45C497555402360ECF868;installed:in_game/map_data/location_templates.txt,medium,The label combines the researched AD 1 province frame with installed terrain and relative position.,false
location,wawa_uplands,baawitigong_province,land,Baawitigong–Agawa - NW Wild Uplands,ancient or local ethnogeographic / English,source-led AD 1 province-centroid construction,installed:in_game/map_data/definitions.txt;https://www.britannica.com/place/Lake-Superior;installed:in_game/map_data/location_templates.txt,medium,The label combines the researched AD 1 province frame with installed terrain and relative position.,false
location,wawaskesiw_sipiy,michichi_province,land,Besant Red-Deer Prairie - SE High Plain,ancient or local ethnogeographic / English,source-led AD 1 province-centroid construction,GEO-PROXY;https://www.nps.gov/mwac/publications/pdf/mwac_112.pdf;installed:in_game/map_data/location_templates.txt,medium,The label combines the researched AD 1 province frame with installed terrain and relative position.,false
location,wawaskesiwisakahikan,amisk_sipi_province,land,Amisk Sipi Boreal - NW Lowlands,ancient or local ethnogeographic / English,source-led AD 1 province-centroid construction,GEO-PROXY;https://www.thecanadianencyclopedia.ca/en/article/woodland-culture;installed:in_game/map_data/location_templates.txt,medium,The label combines the researched AD 1 province frame with installed terrain and relative position.,false
location,wawassan,shackamaxon_province,land,Lenapewihittuck–Manayunk Hopewell - SW Lowlands,ancient or local ethnogeographic / English,source-led AD 1 province-centroid construction,GEO-PROXY;https://www.nps.gov/hocu/learn/historyculture/index.htm;installed:in_game/map_data/location_templates.txt,medium,The label combines the researched AD 1 province frame with installed terrain and relative position.,false
location,wawiyastan,moosonee_province,land,Moose–Abitibi Lowland - NW Riverine Tract,ancient or local ethnogeographic / English,source-led AD 1 province-centroid construction,GEO-PROXY;OAS-POINT;installed:in_game/map_data/location_templates.txt,medium,The label combines the researched AD 1 province frame with installed terrain and relative position.,false
location,waxhaw,waxhaw_province,land,Yadkin–Catawba Badin Woodlands - SSW Lowlands,ancient or local ethnogeographic / English,source-led AD 1 province-centroid construction,installed:in_game/map_data/definitions.txt;GEO-PROXY;NPS-HOPEWELL;installed:in_game/map_data/location_templates.txt,medium,The label combines the researched AD 1 province frame with installed terrain and relative position.,false
location,waxxari,charchan_province,land,Qiemo–Shanshan March - NE High Plain,ancient or local ethnogeographic / English,source-led AD 1 province-centroid construction,installed:in_game/map_data/definitions.txt;https://depts.washington.edu/silkroad/texts/hantxt1.html;installed:in_game/map_data/location_templates.txt,medium,The label combines the researched AD 1 province frame with installed terrain and relative position.,false
location,wayagamac,nistassinan_province,land,Tapiskwan–Upper-Ottawa Woodland - SE Hill Country,ancient or local ethnogeographic / English,source-led AD 1 province-centroid construction,GEO-PROXY;OAS-POINT;installed:in_game/map_data/location_templates.txt,medium,The label combines the researched AD 1 province frame with installed terrain and relative position.,false
location,wayampi,curuai_province,land,Lower Tapajós–Xingu Lakes - ENE Marshlands,ancient or local ethnogeographic / English,source-led AD 1 province-centroid construction,installed:in_game/map_data/definitions.txt;https://www.britannica.com/place/Amazon-River;installed:in_game/map_data/location_templates.txt,medium,The label combines the researched AD 1 province frame with installed terrain and relative position.,false
location,wayanad,puzhi_nadu,land,Naura–Tyndis Cēra - ESE Mountain Tract,ancient or local ethnogeographic / English,source-led AD 1 province-centroid construction,installed:in_game/map_data/definitions.txt;PER;CAM-MUZIRIS;GEO-PROXY;installed:in_game/map_data/location_templates.txt,medium,The label combines the researched AD 1 province frame with installed terrain and relative position.,false
location,waykuche,pikunmapu_province,land,Bato Maule–Bío-Bío - NNE River Plain,ancient or local ethnogeographic / English,source-led AD 1 province-centroid construction,GEO-PROXY;https://www.metmuseum.org/toah/hd/chav/hd_chav.htm;installed:in_game/map_data/location_templates.txt,medium,The label combines the researched AD 1 province frame with installed terrain and relative position.,false
location,waylula,kordofan_province,land,Nuba–Kordofan Iron - NE Lowlands,ancient or local ethnogeographic / English,source-led AD 1 province-centroid construction,GEO-PROXY;OUP-MERO;installed:in_game/map_data/location_templates.txt,medium,The label combines the researched AD 1 province frame with installed terrain and relative position.,false
location,wayustikw,caniapiscau_province,land,Kaniapiskau Caribou - N Lowlands,ancient or local ethnogeographic / English,source-led AD 1 province-centroid construction,installed:in_game/map_data/definitions.txt;https://www.britannica.com/topic/Dorset-culture;GEO-PROXY;installed:in_game/map_data/location_templates.txt,medium,The label combines the researched AD 1 province frame with installed terrain and relative position.,false
location,wazakhwa,ghazni_province,land,Demetrias of Arachosia - S Hill Country,ancient or local ethnogeographic / English,source-led AD 1 province-centroid construction,installed:in_game/map_data/definitions.txt;PLE;GEO-PROXY;installed:in_game/map_data/location_templates.txt,medium,The label combines the researched AD 1 province frame with installed terrain and relative position.,false
location,waziblo,kaya_paha_province,land,Niobrara–Keya-Paha Plains - W Upland Tract,ancient or local ethnogeographic / English,source-led AD 1 province-centroid construction,GEO-PROXY;MOSHPO-KC;installed:in_game/map_data/location_templates.txt,medium,The label combines the researched AD 1 province frame with installed terrain and relative position.,false
location,wazihe,wazihe_province,land,Notukeu Woodland Plains - WSW Upland Tract,ancient or local ethnogeographic / English,source-led AD 1 province-centroid construction,installed:in_game/map_data/definitions.txt;GEO-PROXY;MOSHPO-KC;installed:in_game/map_data/location_templates.txt,medium,The label combines the researched AD 1 province frame with installed terrain and relative position.,false
location,wazirabad,khammamet_province,land,Pupput–Neapolis Byzacena - WSW Lowlands,ancient or local ethnogeographic / English,source-led AD 1 province-centroid construction,GEO-PROXY;https://www.britannica.com/topic/Satavahana-dynasty;installed:in_game/map_data/location_templates.txt,medium,The label combines the researched AD 1 province frame with installed terrain and relative position.,false
location,wdpesek,masoliantekw_province,land,Bitawbagok–Yamaska Woodlands - SW Lowlands,ancient or local ethnogeographic / English,source-led AD 1 province-centroid construction,installed:in_game/map_data/definitions.txt;GEO-PROXY;https://scholarlypress.si.edu/store/all/subsistence-economies-of-indigenous-north-american-societies-a-handbook/;installed:in_game/map_data/location_templates.txt,medium,The label combines the researched AD 1 province frame with installed terrain and relative position.,false
location,wecho,wecho_province,land,Coppermine–Contwoyto Shield Taiga - WSW Lowlands,ancient or local ethnogeographic / English,source-led AD 1 province-centroid construction,installed:in_game/map_data/definitions.txt;GEO-PROXY;installed:in_game/map_data/location_templates.txt,medium,The label combines the researched AD 1 province frame with installed terrain and relative position.,false
location,weda,tidore_province,land,Tidore–Halmahera Metal-Age - NW Hill Country,ancient or local ethnogeographic / English,source-led AD 1 province-centroid construction,GEO-PROXY;ANU-MALUKU;installed:in_game/map_data/location_templates.txt,medium,The label combines the researched AD 1 province frame with installed terrain and relative position.,false
location,weda_bay,tidore_coast_sea_province,sea,Halmahera–Waigeo Spice - WNW Open Waters,ancient or local ethnogeographic / English,source-led AD 1 province-centroid construction,GEO-PROXY;ANU-MALUKU;installed:in_game/map_data/location_templates.txt,medium,The label combines the researched AD 1 province frame with installed terrain and relative position.,false
location,wedde,ommelanden_province,land,Frisii Ems–Lauwers - SE Marshlands,ancient or local ethnogeographic / English,source-led AD 1 province-centroid construction,GEO-PROXY;https://sourcebooks.fordham.edu/source/tacitus-germania.asp;installed:in_game/map_data/location_templates.txt,medium,The label combines the researched AD 1 province frame with installed terrain and relative position.,false
location,wedge_shore_australia,mandurah_badimaya_province_coast,sea,Yamatji Western Coastal - SSE Offshore Reach,ancient or local ethnogeographic / English,source-led AD 1 province-centroid construction,installed:in_game/map_data/definitions.txt;GEO-PROXY;https://aiatsis.gov.au/explore/map-indigenous-australia;installed:in_game/map_data/location_templates.txt,medium,The label combines the researched AD 1 province frame with installed terrain and relative position.,false
location,weenhayek,saipuru_province,land,Chané Pilcomayo–Tarija - S Lowlands,ancient or local ethnogeographic / English,source-led AD 1 province-centroid construction,GEO-PROXY;JWP-ORINOCO;installed:in_game/map_data/location_templates.txt,medium,The label combines the researched AD 1 province frame with installed terrain and relative position.,false
location,weert,limburg_province,land,Eburones–Tungri Mosa - WNW Lowlands,ancient or local ethnogeographic / English,source-led AD 1 province-centroid construction,GEO-PROXY;STR-GAL;TAC-GER;installed:in_game/map_data/location_templates.txt,medium,The label combines the researched AD 1 province frame with installed terrain and relative position.,false
location,wegorzewo,masuria_province,land,Galindian–Aestian Lake - NE Lowlands,ancient or local ethnogeographic / English,source-led AD 1 province-centroid construction,installed:in_game/map_data/definitions.txt;GEO-PROXY;TAC-GER;installed:in_game/map_data/location_templates.txt,medium,The label combines the researched AD 1 province frame with installed terrain and relative position.,false
location,wehe,tangwang_province,land,Songhua–Nen Fuyu - SE Lowlands,ancient or local ethnogeographic / English,source-led AD 1 province-centroid construction,installed:in_game/map_data/definitions.txt;CAM-HAN-REG;NMJH-YIL;installed:in_game/map_data/location_templates.txt,medium,The label combines the researched AD 1 province frame with installed terrain and relative position.,false
location,wehlau,lower_prussia_province,land,Aestii of the Vistula Lagoon - ENE Lowlands,ancient or local ethnogeographic / English,source-led AD 1 province-centroid construction,GEO-PROXY;https://www.perseus.tufts.edu/hopper/text?doc=Tac.+Ger.+45;installed:in_game/map_data/location_templates.txt,medium,The label combines the researched AD 1 province frame with installed terrain and relative position.,false
location,weichu,chuxiong_province,land,Ailao–Dianchi Western March - W Mountain Tract,ancient or local ethnogeographic / English,source-led AD 1 province-centroid construction,GEO-PROXY;https://ctext.org/han-shu/di-li-zhi-xia/ens;installed:in_game/map_data/location_templates.txt,medium,The label combines the researched AD 1 province frame with installed terrain and relative position.,false
location,weihai,ninghai_province,land,Donglai Commandery–Chengshan - NE Lowlands,ancient or local ethnogeographic / English,source-led AD 1 province-centroid construction,GEO-PROXY;https://ctext.org/han-shu/di-li-zhi/ens;installed:in_game/map_data/location_templates.txt,medium,The label combines the researched AD 1 province frame with installed terrain and relative position.,false
location,weilheim,alpenvorland_province,land,Licates–Vindelici - WNW High Plain,ancient or local ethnogeographic / English,source-led AD 1 province-centroid construction,installed:in_game/map_data/definitions.txt;STR-GAL;PLE;installed:in_game/map_data/location_templates.txt,medium,The label combines the researched AD 1 province frame with installed terrain and relative position.,false
location,weimar,thuringer_becken_province,land,Hermunduri of Sala–Unstrut - NE Lowlands,ancient or local ethnogeographic / English,source-led AD 1 province-centroid construction,GEO-PROXY;TAC-GER;installed:in_game/map_data/location_templates.txt,medium,The label combines the researched AD 1 province frame with installed terrain and relative position.,false
location,weimo,mengzi_province,land,Dian–Jiaozhi Red-River Marches - NE Hill Country,ancient or local ethnogeographic / English,source-led AD 1 province-centroid construction,GEO-PROXY;HAN-WR;installed:in_game/map_data/location_templates.txt,medium,The label combines the researched AD 1 province frame with installed terrain and relative position.,false
location,weinan,huazhou_shaanxi_province,land,Hongnong Western Valleys - SW Lowlands,ancient or local ethnogeographic / English,source-led AD 1 province-centroid construction,GEO-PROXY;https://ctext.org/han-shu/di-li-zhi/ens;installed:in_game/map_data/location_templates.txt,medium,The label combines the researched AD 1 province frame with installed terrain and relative position.,false
location,weining,xinghe_province,land,Dai–Shanggu Xiongnu March - WSW Hill Country,ancient or local ethnogeographic / English,source-led AD 1 province-centroid construction,installed:in_game/map_data/definitions.txt;BHR;CHG;OUP-XIO;installed:in_game/map_data/location_templates.txt,medium,The label combines the researched AD 1 province frame with installed terrain and relative position.,false
location,weiqing,guizhou_province,land,Zangke Commandery Plateau - NW Hill Country,ancient or local ethnogeographic / English,source-led AD 1 province-centroid construction,GEO-PROXY;https://ctext.org/han-shu/di-li-zhi-xia/ens;installed:in_game/map_data/location_templates.txt,medium,The label combines the researched AD 1 province frame with installed terrain and relative position.,false
location,weishan_lake,tengzhou_province,lake,Teng–Sishui Lu - SW Lake Waters,ancient or local ethnogeographic / English,source-led AD 1 province-centroid construction,installed:in_game/map_data/definitions.txt;BHR;CHG;installed:in_game/map_data/location_templates.txt,medium,The label combines the researched AD 1 province frame with installed terrain and relative position.,false
location,weishi,kaifeng_province,land,Chenliu–Yingchuan Zhongyuan - WSW Lowlands,ancient or local ethnogeographic / English,source-led AD 1 province-centroid construction,installed:in_game/map_data/definitions.txt;BHR;CHG;installed:in_game/map_data/location_templates.txt,medium,The label combines the researched AD 1 province frame with installed terrain and relative position.,false
location,weissenburg,franconian_alb_province,land,Hermunduri Jura - W Lowlands,ancient or local ethnogeographic / English,source-led AD 1 province-centroid construction,installed:in_game/map_data/definitions.txt;https://sourcebooks.fordham.edu/source/tacitus-germania.asp;installed:in_game/map_data/location_templates.txt,medium,The label combines the researched AD 1 province frame with installed terrain and relative position.,false
location,weissenfels,saale_province,land,Hermunduri of Sala–Albis - SE Lowlands,ancient or local ethnogeographic / English,source-led AD 1 province-centroid construction,GEO-PROXY;TAC-GER;installed:in_game/map_data/location_templates.txt,medium,The label combines the researched AD 1 province frame with installed terrain and relative position.,false
location,weithali,northern_arakhan_province,land,Dhanyawadi–Kaladan - N Hill Country,ancient or local ethnogeographic / English,source-led AD 1 province-centroid construction,GEO-PROXY;CAM-ARAKAN-BOUNDARY;installed:in_game/map_data/location_templates.txt,medium,The label combines the researched AD 1 province frame with installed terrain and relative position.,false
location,weixian,daming_province,land,Wei Commandery–Ye Plain - N Open Tract,ancient or local ethnogeographic / English,source-led AD 1 province-centroid construction,installed:in_game/map_data/definitions.txt;https://ctext.org/han-shu/di-li-zhi/ens;installed:in_game/map_data/location_templates.txt,medium,The label combines the researched AD 1 province frame with installed terrain and relative position.,false
location,weiyuan,weiyuan_province,land,Mengtong–Dian Southwest Highlands - ENE Mountain Tract,ancient or local ethnogeographic / English,source-led AD 1 province-centroid construction,installed:in_game/map_data/definitions.txt;CAM-DIAN;BHR;installed:in_game/map_data/location_templates.txt,medium,The label combines the researched AD 1 province frame with installed terrain and relative position.,false
location,weiyuan_jiading,jiading_province,land,Emei–Qianwei Southern Shu - ENE Hill Country,ancient or local ethnogeographic / English,source-led AD 1 province-centroid construction,installed:in_game/map_data/definitions.txt;BHR;CHG;installed:in_game/map_data/location_templates.txt,medium,The label combines the researched AD 1 province frame with installed terrain and relative position.,false
location,weiyuan_lintao,lintao_province,land,Longxi Commandery at Didao - S Mountain Tract,ancient or local ethnogeographic / English,source-led AD 1 province-centroid construction,GEO-PROXY;https://ctext.org/han-shu/di-li-zhi/ens;installed:in_game/map_data/location_templates.txt,medium,The label combines the researched AD 1 province frame with installed terrain and relative position.,false
location,weiz,eastern_styria_province,land,Taurisci–Pannonian Noricum March - SW Hill Country,ancient or local ethnogeographic / English,source-led AD 1 province-centroid construction,GEO-PROXY;OCD-PAN;OCD-GAL;installed:in_game/map_data/location_templates.txt,medium,The label combines the researched AD 1 province frame with installed terrain and relative position.,false
location,wej,wej_province,land,Upper Awash–Shewa Highland - WSW Mountain Tract,ancient or local ethnogeographic / English,source-led AD 1 province-centroid construction,installed:in_game/map_data/definitions.txt;GEO-PROXY;IRIS-NAM;installed:in_game/map_data/location_templates.txt,medium,The label combines the researched AD 1 province frame with installed terrain and relative position.,false
location,wekusko_upland,pikwitonei_province,land,Laurel Pikwitonei–Split-Lake - WSW Open Wilds,ancient or local ethnogeographic / English,source-led AD 1 province-centroid construction,GEO-PROXY;https://scholarlypress.si.edu/store/all/subsistence-economies-of-indigenous-north-american-societies-a-handbook/;installed:in_game/map_data/location_templates.txt,medium,The label combines the researched AD 1 province frame with installed terrain and relative position.,false
location,wekwayik,kespukwitkw_province,land,Fundy–Kespukwitk Woodland - WNW Lowlands,ancient or local ethnogeographic / English,source-led AD 1 province-centroid construction,GEO-PROXY;OAS-POINT;installed:in_game/map_data/location_templates.txt,medium,The label combines the researched AD 1 province frame with installed terrain and relative position.,false
location,wekwee_ti,tlicho_province,land,Taltheilei Tłı̨chǫ Lake - SSE Marshlands,ancient or local ethnogeographic / English,source-led AD 1 province-centroid construction,GEO-PROXY;https://www.thecanadianencyclopedia.ca/en/article/taltheilei-shale-tradition;installed:in_game/map_data/location_templates.txt,medium,The label combines the researched AD 1 province frame with installed terrain and relative position.,false
location,wekweeti_lake,tlicho_province,lake,Taltheilei Tłı̨chǫ Lake - SE Lacustrine Reach,ancient or local ethnogeographic / English,source-led AD 1 province-centroid construction,GEO-PROXY;https://www.thecanadianencyclopedia.ca/en/article/taltheilei-shale-tradition;installed:in_game/map_data/location_templates.txt,medium,The label combines the researched AD 1 province frame with installed terrain and relative position.,false
location,welamooktook,nashwaak_province,land,Wolastoq–Nashwaak Maritime Woodlands - N Hill Country,ancient or local ethnogeographic / English,source-led AD 1 province-centroid construction,installed:in_game/map_data/definitions.txt;GEO-PROXY;https://www.pc.gc.ca/apps/dfhd/page_nhs_eng.aspx?id=173;installed:in_game/map_data/location_templates.txt,medium,The label combines the researched AD 1 province frame with installed terrain and relative position.,false
location,weljuik,eskikewakik_province,land,Eastern Mi'kma'ki Atlantic - SW Lowlands,ancient or local ethnogeographic / English,source-led AD 1 province-centroid construction,installed:in_game/map_data/definitions.txt;https://www.britannica.com/topic/Mikmaq;installed:in_game/map_data/location_templates.txt,medium,The label combines the researched AD 1 province frame with installed terrain and relative position.,false
location,wellington,whanganui_province,land,Southern North-Island Uplands - SSW Hill Country,ancient or local ethnogeographic / English,source-led AD 1 province-centroid construction,installed:in_game/map_data/definitions.txt;https://teara.govt.nz/en/when-was-new-zealand-first-settled;installed:in_game/map_data/location_templates.txt,medium,The label combines the researched AD 1 province frame with installed terrain and relative position.,false
location,wellington_lake,braiakalung_province,lake,Boon Wurrung–Gunai - SE Lake Waters,ancient or local ethnogeographic / English,source-led AD 1 province-centroid construction,installed:in_game/map_data/definitions.txt;https://aiatsis.gov.au/explore/map-indigenous-australia;https://www.cambridge.org/core/books/abs/cambridge-world-prehistory/archaeology-of-australia/8FD599758CD45C497555402360ECF868;installed:in_game/map_data/location_templates.txt,medium,The label combines the researched AD 1 province frame with installed terrain and relative position.,false
location,wells,somerset_province,land,Durotriges–Dobunni Avon - SE Marshlands,ancient or local ethnogeographic / English,source-led AD 1 province-centroid construction,GEO-PROXY;https://www.perseus.tufts.edu/hopper/text?doc=Strab.+4.5&fromdoc=Perseus%3Atext%3A1999.01.0239;installed:in_game/map_data/location_templates.txt,medium,The label combines the researched AD 1 province frame with installed terrain and relative position.,false
location,wels,traungau_province,land,Norici of Ovilava–Traun - NNE Lowlands,ancient or local ethnogeographic / English,source-led AD 1 province-centroid construction,GEO-PROXY;https://penelope.uchicago.edu/Thayer/E/Roman/Texts/Pliny_the_Elder/3*.html;installed:in_game/map_data/location_templates.txt,medium,The label combines the researched AD 1 province frame with installed terrain and relative position.,false
location,welzheim,hohenloher_ebene_province,land,Hermunduri Jagst–Kocher Plain - WSW Hill Country,ancient or local ethnogeographic / English,source-led AD 1 province-centroid construction,GEO-PROXY;https://sourcebooks.fordham.edu/source/tacitus-germania.asp;installed:in_game/map_data/location_templates.txt,medium,The label combines the researched AD 1 province frame with installed terrain and relative position.,false
location,wemba_wemba,wemba_wemba_province,land,Wemba–Wiradjuri Millewa - NW Lowlands,ancient or local ethnogeographic / English,source-led AD 1 province-centroid construction,installed:in_game/map_data/definitions.txt;https://aiatsis.gov.au/explore/map-indigenous-australia;installed:in_game/map_data/location_templates.txt,medium,The label combines the researched AD 1 province frame with installed terrain and relative position.,false
location,wembo,wizi_province,land,Kwango–Inkisi Ngovo - NE High Plain,ancient or local ethnogeographic / English,source-led AD 1 province-centroid construction,installed:in_game/map_data/definitions.txt;NGOVO-GROUP;SCI-CONGO-RAINFOREST;installed:in_game/map_data/location_templates.txt,medium,The label combines the researched AD 1 province frame with installed terrain and relative position.,false
location,wemitigoj,manitoulin_province,land,Manitoulin–Mississagi Middle Woodland - E Hill Country,ancient or local ethnogeographic / English,source-led AD 1 province-centroid construction,installed:in_game/map_data/definitions.txt;GEO-PROXY;OAS-POINT;installed:in_game/map_data/location_templates.txt,medium,The label combines the researched AD 1 province frame with installed terrain and relative position.,false
location,wemotaci,nistassinan_province,land,Tapiskwan–Upper-Ottawa Woodland - NNW High Plain,ancient or local ethnogeographic / English,source-led AD 1 province-centroid construction,GEO-PROXY;OAS-POINT;installed:in_game/map_data/location_templates.txt,medium,The label combines the researched AD 1 province frame with installed terrain and relative position.,false
location,wenan,bazhou_province,land,Zhuo–Guangyang - WNW Lowlands,ancient or local ethnogeographic / English,source-led AD 1 province-centroid construction,installed:in_game/map_data/definitions.txt;https://ctext.org/han-shu/di-li-zhi/ens;installed:in_game/map_data/location_templates.txt,medium,The label combines the researched AD 1 province frame with installed terrain and relative position.,false
location,wenatchi,okanagan_province,land,Plateau-Pithouse Okanagan–Similkameen - SSW Mountain Tract,ancient or local ethnogeographic / English,source-led AD 1 province-centroid construction,GEO-PROXY;https://www.nps.gov/laro/learn/historyculture/index.htm;installed:in_game/map_data/location_templates.txt,medium,The label combines the researched AD 1 province frame with installed terrain and relative position.,false
location,wenchang,qiongzhou_province,land,Zhuya–Dan'er Northern Isle - ENE Lowlands,ancient or local ethnogeographic / English,source-led AD 1 province-centroid construction,installed:in_game/map_data/definitions.txt;BHR;CHG;installed:in_game/map_data/location_templates.txt,medium,The label combines the researched AD 1 province frame with installed terrain and relative position.,false
location,wenchuan,maozhou_province,land,Min River–Qiang Shu - SSW Mountain Tract,ancient or local ethnogeographic / English,source-led AD 1 province-centroid construction,installed:in_game/map_data/definitions.txt;BHR;CHG;installed:in_game/map_data/location_templates.txt,medium,The label combines the researched AD 1 province frame with installed terrain and relative position.,false
location,wendeng,ninghai_province,land,Donglai Commandery–Chengshan - ESE Lowlands,ancient or local ethnogeographic / English,source-led AD 1 province-centroid construction,GEO-PROXY;https://ctext.org/han-shu/di-li-zhi/ens;installed:in_game/map_data/location_templates.txt,medium,The label combines the researched AD 1 province frame with installed terrain and relative position.,false
location,wengker,pajang_province,land,Solo–Brantas Austronesian - SSW Lowlands,ancient or local ethnogeographic / English,source-led AD 1 province-centroid construction,GEO-PROXY;BELLINA-SHK;installed:in_game/map_data/location_templates.txt,medium,The label combines the researched AD 1 province frame with installed terrain and relative position.,false
location,wengshui,xinzhou_sichuan_province,land,Qielan–Yelang Eastern Highlands - SW Hill Country,ancient or local ethnogeographic / English,source-led AD 1 province-centroid construction,installed:in_game/map_data/definitions.txt;BHR;CHG;installed:in_game/map_data/location_templates.txt,medium,The label combines the researched AD 1 province frame with installed terrain and relative position.,false
location,wengyuan,yingde_province,land,Nanhai Commandery–Bei River - ENE Hill Country,ancient or local ethnogeographic / English,source-led AD 1 province-centroid construction,GEO-PROXY;CAM-YUE;installed:in_game/map_data/location_templates.txt,medium,The label combines the researched AD 1 province frame with installed terrain and relative position.,false
location,wenje,upper_tana_province,land,Tana–Kitui Pastoral - SE Lowlands,ancient or local ethnogeographic / English,source-led AD 1 province-centroid construction,GEO-PROXY;QI-EAFRICA;installed:in_game/map_data/location_templates.txt,medium,The label combines the researched AD 1 province frame with installed terrain and relative position.,false
location,wenling,taizhou_province,land,Linhai–Kuaiji Southern - SSE Lowlands,ancient or local ethnogeographic / English,source-led AD 1 province-centroid construction,installed:in_game/map_data/definitions.txt;BHR;CHG;installed:in_game/map_data/location_templates.txt,medium,The label combines the researched AD 1 province frame with installed terrain and relative position.,false
location,wenquan,shizhou_shanxi_province,land,Xihe Lishi–Fen - SSE Hill Country,ancient or local ethnogeographic / English,source-led AD 1 province-centroid construction,GEO-PROXY;https://ctext.org/han-shu/di-li-zhi/ens;installed:in_game/map_data/location_templates.txt,medium,The label combines the researched AD 1 province frame with installed terrain and relative position.,false
location,wenshan,maozhou_province,land,Min River–Qiang Shu - NNE Mountain Tract,ancient or local ethnogeographic / English,source-led AD 1 province-centroid construction,installed:in_game/map_data/definitions.txt;BHR;CHG;installed:in_game/map_data/location_templates.txt,medium,The label combines the researched AD 1 province frame with installed terrain and relative position.,false
location,wenshang,dongping_province,land,Dongping Kingdom–Wen River - SE Lowlands,ancient or local ethnogeographic / English,source-led AD 1 province-centroid construction,GEO-PROXY;https://ctext.org/han-shu/di-li-zhi/ens;installed:in_game/map_data/location_templates.txt,medium,The label combines the researched AD 1 province frame with installed terrain and relative position.,false
location,wenshui,taiyuan_province,land,Jinyang–Taiyuan Commandery - SSW Mountain Tract,ancient or local ethnogeographic / English,source-led AD 1 province-centroid construction,installed:in_game/map_data/definitions.txt;BHR;CHG;installed:in_game/map_data/location_templates.txt,medium,The label combines the researched AD 1 province frame with installed terrain and relative position.,false
location,wenteche,butalmapu_province,land,Toltén–Bío-Bío Forest - SSE Lowlands,ancient or local ethnogeographic / English,source-led AD 1 province-centroid construction,installed:in_game/map_data/definitions.txt;https://www.britannica.com/place/Biobio-River;GEO-PROXY;installed:in_game/map_data/location_templates.txt,medium,The label combines the researched AD 1 province frame with installed terrain and relative position.,false
location,wenxi,xiezhou_province,land,Anyi–Hedong Salt-Lake - NNE Lowlands,ancient or local ethnogeographic / English,source-led AD 1 province-centroid construction,installed:in_game/map_data/definitions.txt;BHR;CHG;installed:in_game/map_data/location_templates.txt,medium,The label combines the researched AD 1 province frame with installed terrain and relative position.,false
location,wenxian,huaiqing_province,land,Henei Commandery - SE Lowlands,ancient or local ethnogeographic / English,source-led AD 1 province-centroid construction,GEO-PROXY;https://ctext.org/han-shu/di-li-zhi/ens;installed:in_game/map_data/location_templates.txt,medium,The label combines the researched AD 1 province frame with installed terrain and relative position.,false
location,wenxian_gongchang,jiezhou_province,land,Baima–Western Longxi Passes - SW Mountain Tract,ancient or local ethnogeographic / English,source-led AD 1 province-centroid construction,installed:in_game/map_data/definitions.txt;BHR;CHG;installed:in_game/map_data/location_templates.txt,medium,The label combines the researched AD 1 province frame with installed terrain and relative position.,false
location,wenxiang,shanzhou_province,land,Hongnong Eastern-Gates - WSW Hill Country,ancient or local ethnogeographic / English,source-led AD 1 province-centroid construction,GEO-PROXY;https://ctext.org/han-shu/di-li-zhi/ens;installed:in_game/map_data/location_templates.txt,medium,The label combines the researched AD 1 province frame with installed terrain and relative position.,false
location,weotowe,kanawha_province,land,Ohio–Kanawha Woodland - E Mountain Tract,ancient or local ethnogeographic / English,source-led AD 1 province-centroid construction,GEO-PROXY;NPS-OZARK-HOPEWELL;installed:in_game/map_data/location_templates.txt,medium,The label combines the researched AD 1 province frame with installed terrain and relative position.,false
location,wequetong,cheboygan_province,land,Mackinac–Lake Huron Woodlands - W Hill Country,ancient or local ethnogeographic / English,source-led AD 1 province-centroid construction,installed:in_game/map_data/definitions.txt;https://www.britannica.com/topic/Woodland-cultures;installed:in_game/map_data/location_templates.txt,medium,The label combines the researched AD 1 province frame with installed terrain and relative position.,false
location,werdenberg,thurgau_province,land,Helvetii of Turicum–Brigantium - SE Mountain Tract,ancient or local ethnogeographic / English,source-led AD 1 province-centroid construction,GEO-PROXY;OCD-GAL;installed:in_game/map_data/location_templates.txt,medium,The label combines the researched AD 1 province frame with installed terrain and relative position.,false
location,were_jungle,suki_province,land,Fly–Kiwai Early-Pottery - NNE Open Wilds,ancient or local ethnogeographic / English,source-led AD 1 province-centroid construction,installed:in_game/map_data/definitions.txt;GEO-PROXY;JPA-PAPUA;installed:in_game/map_data/location_templates.txt,medium,The label combines the researched AD 1 province frame with installed terrain and relative position.,false
location,werinama,seram_province,land,Seram Metal-Age Island - ESE Hill Country,ancient or local ethnogeographic / English,source-led AD 1 province-centroid construction,GEO-PROXY;https://www.britannica.com/place/Seram;installed:in_game/map_data/location_templates.txt,medium,The label combines the researched AD 1 province frame with installed terrain and relative position.,false
location,wernigerode,harz_province,land,Cherusci–Hermunduri Harz Border - NNE Lowlands,ancient or local ethnogeographic / English,source-led AD 1 province-centroid construction,GEO-PROXY;TAC-GER;installed:in_game/map_data/location_templates.txt,medium,The label combines the researched AD 1 province frame with installed terrain and relative position.,false
location,werowocomoco,tsenacommacah_province,land,Coastal-Woodland Rappahannock–Pamunkey - SE Lowlands,ancient or local ethnogeographic / English,source-led AD 1 province-centroid construction,GEO-PROXY;https://www.nps.gov/jame/learn/historyculture/timeline.htm;installed:in_game/map_data/location_templates.txt,medium,The label combines the researched AD 1 province frame with installed terrain and relative position.,false
location,wertingen,eastern_upper_swabia_province,land,Vindelici of Augusta Vindelicum - NE Lowlands,ancient or local ethnogeographic / English,source-led AD 1 province-centroid construction,GEO-PROXY;https://www.perseus.tufts.edu/hopper/text?doc=Strab.+4.6&fromdoc=Perseus%3Atext%3A1999.01.0239;installed:in_game/map_data/location_templates.txt,medium,The label combines the researched AD 1 province frame with installed terrain and relative position.,false
location,wesel,ruhr_province,land,Bructeri of Lupia–Rura - WNW Lowlands,ancient or local ethnogeographic / English,source-led AD 1 province-centroid construction,GEO-PROXY;TAC-GER;TAC-ANN-II;installed:in_game/map_data/location_templates.txt,medium,The label combines the researched AD 1 province frame with installed terrain and relative position.,false
location,wesgird,kulab_province,land,Bactrian Vakhsh–Panj Valleys - NNE Mountain Tract,ancient or local ethnogeographic / English,source-led AD 1 province-centroid construction,GEO-PROXY;https://www.perseus.tufts.edu/hopper/text?doc=Strab.+11.11&fromdoc=Perseus%3Atext%3A1999.01.0198;installed:in_game/map_data/location_templates.txt,medium,The label combines the researched AD 1 province frame with installed terrain and relative position.,false
location,weshacum,massachusetts_province,land,Shawmut–Naumkeag Woodland - W Lowlands,ancient or local ethnogeographic / English,source-led AD 1 province-centroid construction,installed:in_game/map_data/definitions.txt;GEO-PROXY;https://www.britannica.com/topic/Woodland-cultures;installed:in_game/map_data/location_templates.txt,medium,The label combines the researched AD 1 province frame with installed terrain and relative position.,false
location,weskarini,outaouais_province,land,Point-Peninsula Ottawa–Gatineau - E Upland Tract,ancient or local ethnogeographic / English,source-led AD 1 province-centroid construction,GEO-PROXY;OAS-POINT;installed:in_game/map_data/location_templates.txt,medium,The label combines the researched AD 1 province frame with installed terrain and relative position.,false
location,west_aasax,upper_pangani_province,land,Kilimanjaro–Pangani Pastoral - W High Plain,ancient or local ethnogeographic / English,source-led AD 1 province-centroid construction,GEO-PROXY;QI-EAFRICA;installed:in_game/map_data/location_templates.txt,medium,The label combines the researched AD 1 province frame with installed terrain and relative position.,false
location,west_africa2_high_sea,good_hope_cape_coast_province,sea,Hoerikwaggo Southern - SSE Open Waters,ancient or local ethnogeographic / English,source-led AD 1 province-centroid construction,installed:in_game/map_data/definitions.txt;OUP-SOUTH-AFRICA;GEO-PROXY;installed:in_game/map_data/location_templates.txt,medium,The label combines the researched AD 1 province frame with installed terrain and relative position.,false
location,west_bay_sidrah,gulf_sirte_province,sea,Syrtis Maior - S Open Waters,ancient or local ethnogeographic / English,source-led AD 1 province-centroid construction,GEO-PROXY;https://www.perseus.tufts.edu/hopper/text?doc=Strab.+17.3&fromdoc=Perseus%3Atext%3A1999.01.0239;installed:in_game/map_data/location_templates.txt,medium,The label combines the researched AD 1 province frame with installed terrain and relative position.,false
location,west_botnia,bothnian_sea,sea,Sinus Codanus Borealis - SW Open Waters,ancient or local ethnogeographic / English,source-led AD 1 province-centroid construction,GEO-PROXY;https://www.perseus.tufts.edu/hopper/text?doc=Plin.+Nat.+4&fromdoc=Perseus%3Atext%3A1999.02.0137;installed:in_game/map_data/location_templates.txt,medium,The label combines the researched AD 1 province frame with installed terrain and relative position.,false
location,west_cantabrian_mountains,west_asturias_province,land,Noega–Navia Astures - SSE Wild Heights,ancient or local ethnogeographic / English,source-led AD 1 province-centroid construction,installed:in_game/map_data/definitions.txt;STR-IBR;PLN-IBR;installed:in_game/map_data/location_templates.txt,medium,The label combines the researched AD 1 province frame with installed terrain and relative position.,false
location,west_cayman_islands,south_cuba_coast,sea,Saladoid Canarreos–Cuban - SSW Open Waters,ancient or local ethnogeographic / English,source-led AD 1 province-centroid construction,GEO-PROXY;https://www.nps.gov/articles/caribbean-trade-and-networks.htm;installed:in_game/map_data/location_templates.txt,medium,The label combines the researched AD 1 province frame with installed terrain and relative position.,false
location,west_colorados_archipelago,gulf_of_mexico_province,sea,Western Caribbean Gulf - SW Open Waters,ancient or local ethnogeographic / English,source-led AD 1 province-centroid construction,GEO-PROXY;SCIADV-CARIB;installed:in_game/map_data/location_templates.txt,medium,The label combines the researched AD 1 province frame with installed terrain and relative position.,false
location,west_cyclades,cyclades_coast_sea_province,sea,Mare Aegaeum Cycladum - N Narrows,ancient or local ethnogeographic / English,source-led AD 1 province-centroid construction,installed:in_game/map_data/definitions.txt;https://www.perseus.tufts.edu/hopper/text?doc=Perseus%3Atext%3A1999.01.0198%3Abook%3D10;installed:in_game/map_data/location_templates.txt,medium,The label combines the researched AD 1 province frame with installed terrain and relative position.,false
location,west_eastern_rift_mountains,mara_province,land,Mara–Kuria Urewe - N Wild Heights,ancient or local ethnogeographic / English,source-led AD 1 province-centroid construction,installed:in_game/map_data/definitions.txt;GEO-PROXY;AZA-UREWE;installed:in_game/map_data/location_templates.txt,medium,The label combines the researched AD 1 province frame with installed terrain and relative position.,false
location,west_falkland,falklands_province,land,Far Southern Twin - W Hill Country,ancient or local ethnogeographic / English,source-led AD 1 province-centroid construction,installed:in_game/map_data/definitions.txt;https://www.britannica.com/place/Falkland-Islands;installed:in_game/map_data/location_templates.txt,medium,The label combines the researched AD 1 province frame with installed terrain and relative position.,false
location,west_faru_atoll,yap_province,land,Yap–Ulithi Island Worlds - W Coral Isle,ancient or local ethnogeographic / English,source-led AD 1 province-centroid construction,installed:in_game/map_data/definitions.txt;ICA-YAP;WA-MARIANA;installed:in_game/map_data/location_templates.txt,medium,The label combines the researched AD 1 province frame with installed terrain and relative position.,false
location,west_frisian_islands,holland_coastal_sea_zones_province,sea,Batavian–Frisian Delta - NNE Open Waters,ancient or local ethnogeographic / English,source-led AD 1 province-centroid construction,GEO-PROXY;https://sourcebooks.fordham.edu/source/tacitus-germania.asp;installed:in_game/map_data/location_templates.txt,medium,The label combines the researched AD 1 province frame with installed terrain and relative position.,false
location,west_gogo,ruaha_province,land,Early-Bantu Ruaha–Kilombero - NNW High Plain,ancient or local ethnogeographic / English,source-led AD 1 province-centroid construction,GEO-PROXY;JAH-BANTU-MOBILITY;installed:in_game/map_data/location_templates.txt,medium,The label combines the researched AD 1 province frame with installed terrain and relative position.,false
location,west_grand_erg_oriental1,central_sahara,land,Garamantian Tassili Routes - NNE Erg Tract,ancient or local ethnogeographic / English,source-led AD 1 province-centroid construction,installed:in_game/map_data/definitions.txt;https://www.britannica.com/topic/Garamantes;installed:in_game/map_data/location_templates.txt,medium,The label combines the researched AD 1 province frame with installed terrain and relative position.,false
location,west_grand_erg_oriental2,central_sahara,land,Garamantian Tassili Routes - NNE Open Wilds,ancient or local ethnogeographic / English,source-led AD 1 province-centroid construction,installed:in_game/map_data/definitions.txt;https://www.britannica.com/topic/Garamantes;installed:in_game/map_data/location_templates.txt,medium,The label combines the researched AD 1 province frame with installed terrain and relative position.,false
location,west_gulf_adalia,anatolian_coast_province,sea,Lycian–Pamphylian Coastal - ENE Offshore Reach,ancient or local ethnogeographic / English,source-led AD 1 province-centroid construction,GEO-PROXY;STR-ANA;installed:in_game/map_data/location_templates.txt,medium,The label combines the researched AD 1 province frame with installed terrain and relative position.,false
location,west_gulf_of_finland,eastern_baltic_sea,sea,Sinus Venedicus and Aestian - NNE Narrows,ancient or local ethnogeographic / English,source-led AD 1 province-centroid construction,GEO-PROXY;https://www.perseus.tufts.edu/hopper/text?doc=Tac.+Ger.+45;installed:in_game/map_data/location_templates.txt,medium,The label combines the researched AD 1 province frame with installed terrain and relative position.,false
location,west_hachijou,japan_east_sea,sea,Eastern Wa Outer-Sea - SW Open Waters,ancient or local ethnogeographic / English,source-led AD 1 province-centroid construction,installed:in_game/map_data/definitions.txt;GEO-PROXY;ISIJ-YAY;installed:in_game/map_data/location_templates.txt,medium,The label combines the researched AD 1 province frame with installed terrain and relative position.,false
location,west_hanos,suma_province,land,Suma–Jumano Desert - WNW Hill Country,ancient or local ethnogeographic / English,source-led AD 1 province-centroid construction,installed:in_game/map_data/definitions.txt;GEO-PROXY;https://www.britannica.com/place/Chihuahuan-Desert;installed:in_game/map_data/location_templates.txt,medium,The label combines the researched AD 1 province frame with installed terrain and relative position.,false
location,west_hehe,ruaha_province,land,Early-Bantu Ruaha–Kilombero - SSW High Plain,ancient or local ethnogeographic / English,source-led AD 1 province-centroid construction,GEO-PROXY;JAH-BANTU-MOBILITY;installed:in_game/map_data/location_templates.txt,medium,The label combines the researched AD 1 province frame with installed terrain and relative position.,false
location,west_jeju_sea,korea_south_sea_province,sea,Mahan–Byeonhan Southern-Strait - W Open Waters,ancient or local ethnogeographic / English,source-led AD 1 province-centroid construction,GEO-PROXY;https://mnaju.museum.go.kr/eng/sub02_01.do;installed:in_game/map_data/location_templates.txt,medium,The label combines the researched AD 1 province frame with installed terrain and relative position.,false
location,west_kangaroo_coast,pintigga_kooapudna_province_coast,sea,Karta–Pangkala Gulf - ESE Open Waters,ancient or local ethnogeographic / English,source-led AD 1 province-centroid construction,GEO-PROXY;https://www.britannica.com/place/Kangaroo-Island;installed:in_game/map_data/location_templates.txt,medium,The label combines the researched AD 1 province frame with installed terrain and relative position.,false
location,west_kimbu,east_rukwa_province,land,Rukwa–Kimbu Pastoral-Iron - NW High Plain,ancient or local ethnogeographic / English,source-led AD 1 province-centroid construction,GEO-PROXY;QI-EAFRICA;JAH-BANTU-MOBILITY;installed:in_game/map_data/location_templates.txt,medium,The label combines the researched AD 1 province frame with installed terrain and relative position.,false
location,west_konongo,ugalla_province,land,Early-Bantu Ugalla–Malagarasi - WNW High Plain,ancient or local ethnogeographic / English,source-led AD 1 province-centroid construction,GEO-PROXY;JAH-BANTU-MOBILITY;installed:in_game/map_data/location_templates.txt,medium,The label combines the researched AD 1 province frame with installed terrain and relative position.,false
location,west_lomwe,ucungo_province,land,Early-Bantu Zambezi–Lomwe - NNE Lowlands,ancient or local ethnogeographic / English,source-led AD 1 province-centroid construction,GEO-PROXY;JAH-BANTU-MOBILITY;installed:in_game/map_data/location_templates.txt,medium,The label combines the researched AD 1 province frame with installed terrain and relative position.,false
location,west_makhuwa,upper_lurio_province,land,Azanian Lurio–Chilwa - E Lowlands,ancient or local ethnogeographic / English,source-led AD 1 province-centroid construction,GEO-PROXY;PER;installed:in_game/map_data/location_templates.txt,medium,The label combines the researched AD 1 province frame with installed terrain and relative position.,false
location,west_miyake,japan_east_sea,sea,Eastern Wa Outer-Sea - W Open Waters,ancient or local ethnogeographic / English,source-led AD 1 province-centroid construction,installed:in_game/map_data/definitions.txt;GEO-PROXY;ISIJ-YAY;installed:in_game/map_data/location_templates.txt,medium,The label combines the researched AD 1 province frame with installed terrain and relative position.,false
location,west_ngindo,upper_rufiji_province,land,Azanian Rufiji–Kilombero - S High Plain,ancient or local ethnogeographic / English,source-led AD 1 province-centroid construction,GEO-PROXY;PER;QI-EAFRICA;installed:in_game/map_data/location_templates.txt,medium,The label combines the researched AD 1 province frame with installed terrain and relative position.,false
location,west_niger_mouth,bight_of_benin_sea,sea,Volta–Niger Gulf - ENE Open Waters,ancient or local ethnogeographic / English,source-led AD 1 province-centroid construction,GEO-PROXY;https://www.britannica.com/place/Gulf-of-Guinea;installed:in_game/map_data/location_templates.txt,medium,The label combines the researched AD 1 province frame with installed terrain and relative position.,false
location,west_nubian_desert,nobatia_province,land,Meroitic Lower-Nubia of Faras–Ibrim - SSE Open Wilds,ancient or local ethnogeographic / English,source-led AD 1 province-centroid construction,GEO-PROXY;OUP-MERO;installed:in_game/map_data/location_templates.txt,medium,The label combines the researched AD 1 province frame with installed terrain and relative position.,false
location,west_ongamo,upper_gafana_province,land,Kilimanjaro–Taita Pastoral - NW High Plain,ancient or local ethnogeographic / English,source-led AD 1 province-centroid construction,GEO-PROXY;QI-EAFRICA;installed:in_game/map_data/location_templates.txt,medium,The label combines the researched AD 1 province frame with installed terrain and relative position.,false
location,west_palawa,tasmania_province,land,Lutruwita Palawa - NW Lowlands,ancient or local ethnogeographic / English,source-led AD 1 province-centroid construction,installed:in_game/map_data/definitions.txt;GEO-PROXY;installed:in_game/map_data/location_templates.txt,medium,The label combines the researched AD 1 province frame with installed terrain and relative position.,false
location,west_pontic_coast,black_sea_province,sea,Pontus Euxinus - WSW Open Waters,ancient or local ethnogeographic / English,source-led AD 1 province-centroid construction,GEO-PROXY;STR-ANA;installed:in_game/map_data/location_templates.txt,medium,The label combines the researched AD 1 province frame with installed terrain and relative position.,false
location,west_pontus_mountains_1,canik_province,land,Kerasous–Oinoe Pontus - SW Wild Heights,ancient or local ethnogeographic / English,source-led AD 1 province-centroid construction,installed:in_game/map_data/definitions.txt;STR-ANA;PLE;installed:in_game/map_data/location_templates.txt,medium,The label combines the researched AD 1 province frame with installed terrain and relative position.,false
location,west_pontus_mountains_2,canik_province,land,Kerasous–Oinoe Pontus - SE Wild Heights,ancient or local ethnogeographic / English,source-led AD 1 province-centroid construction,installed:in_game/map_data/definitions.txt;STR-ANA;PLE;installed:in_game/map_data/location_templates.txt,medium,The label combines the researched AD 1 province frame with installed terrain and relative position.,false
location,west_sabana_archipelago,camaguey_coast_sea_zone,sea,Northern Cuban Shallow Shelf - WNW Open Waters,ancient or local ethnogeographic / English,source-led AD 1 province-centroid construction,installed:in_game/map_data/definitions.txt;SCIADV-CARIB;GEO-PROXY;installed:in_game/map_data/location_templates.txt,medium,The label combines the researched AD 1 province frame with installed terrain and relative position.,false
location,west_sabaneneque,havana_province,land,Western Cuba Archaic–Ceramic - ENE Lowlands,ancient or local ethnogeographic / English,source-led AD 1 province-centroid construction,GEO-PROXY;SCIADV-CARIB;installed:in_game/map_data/location_templates.txt,medium,The label combines the researched AD 1 province frame with installed terrain and relative position.,false
location,west_sado,sea_of_japan,sea,Wa–Okjeo Northern-Sea - E Offshore Reach,ancient or local ethnogeographic / English,source-led AD 1 province-centroid construction,GEO-PROXY;HAN-WR;ISIJ-YAY;installed:in_game/map_data/location_templates.txt,medium,The label combines the researched AD 1 province frame with installed terrain and relative position.,false
location,west_seto_sea,seto_sea,sea,Wa Inland-Island - WSW Open Waters,ancient or local ethnogeographic / English,source-led AD 1 province-centroid construction,GEO-PROXY;ISIJ-YAY;installed:in_game/map_data/location_templates.txt,medium,The label combines the researched AD 1 province frame with installed terrain and relative position.,false
location,west_shangana,changane_province,land,Limpopo–Changane - NW Lowlands,ancient or local ethnogeographic / English,source-led AD 1 province-centroid construction,installed:in_game/map_data/definitions.txt;https://www.britannica.com/place/Limpopo-River;installed:in_game/map_data/location_templates.txt,medium,The label combines the researched AD 1 province frame with installed terrain and relative position.,false
location,west_siberian_forests,izhma_province,land,Izhma–Pechora Glyadenovo Forest - SW Open Wilds,ancient or local ethnogeographic / English,source-led AD 1 province-centroid construction,GEO-PROXY;BSE-GLYADENOVO;ENC-NEEU;installed:in_game/map_data/location_templates.txt,medium,The label combines the researched AD 1 province frame with installed terrain and relative position.,false
location,west_sundarban,khulna_province,land,Vanga Sundarban - SSE Marshlands,ancient or local ethnogeographic / English,source-led AD 1 province-centroid construction,GEO-PROXY;https://en.banglapedia.org/index.php/Vanga;installed:in_game/map_data/location_templates.txt,medium,The label combines the researched AD 1 province frame with installed terrain and relative position.,false
location,west_taurus_1,mugla_province,land,Caria of Halicarnassus–Caunus - ESE Wild Heights,ancient or local ethnogeographic / English,source-led AD 1 province-centroid construction,GEO-PROXY;STR-ANA;installed:in_game/map_data/location_templates.txt,medium,The label combines the researched AD 1 province frame with installed terrain and relative position.,false
location,west_taurus_2,icel_province,land,Cilicia Tracheia of Seleucia - NW Wild Heights,ancient or local ethnogeographic / English,source-led AD 1 province-centroid construction,GEO-PROXY;STR-ANA;installed:in_game/map_data/location_templates.txt,medium,The label combines the researched AD 1 province frame with installed terrain and relative position.,false
location,west_taurus_3,alaiye_province,land,Side–Korakesion - ENE Wild Heights,ancient or local ethnogeographic / English,source-led AD 1 province-centroid construction,installed:in_game/map_data/definitions.txt;STR-ANA;PLE;installed:in_game/map_data/location_templates.txt,medium,The label combines the researched AD 1 province frame with installed terrain and relative position.,false
location,west_taurus_4,mugla_province,land,Caria of Halicarnassus–Caunus - E Wild Heights,ancient or local ethnogeographic / English,source-led AD 1 province-centroid construction,GEO-PROXY;STR-ANA;installed:in_game/map_data/location_templates.txt,medium,The label combines the researched AD 1 province frame with installed terrain and relative position.,false
location,west_taurus_5,alaiye_province,land,Side–Korakesion - SE Wild Heights,ancient or local ethnogeographic / English,source-led AD 1 province-centroid construction,installed:in_game/map_data/definitions.txt;STR-ANA;PLE;installed:in_game/map_data/location_templates.txt,medium,The label combines the researched AD 1 province frame with installed terrain and relative position.,false
location,west_tsushima_strait,nagato_coast_sea_province,sea,Nagato–Tsushima Wa - SW Narrows,ancient or local ethnogeographic / English,source-led AD 1 province-centroid construction,installed:in_game/map_data/definitions.txt;GEO-PROXY;ISIJ-YAY;installed:in_game/map_data/location_templates.txt,medium,The label combines the researched AD 1 province frame with installed terrain and relative position.,false
location,west_wembere,wembere_province,land,Eyasi–Wembere Pastoral - NW High Plain,ancient or local ethnogeographic / English,source-led AD 1 province-centroid construction,installed:in_game/map_data/definitions.txt;QI-EAFRICA;JAH-BANTU-MOBILITY;installed:in_game/map_data/location_templates.txt,medium,The label combines the researched AD 1 province frame with installed terrain and relative position.,false
location,west_yao,upper_ruvuma_province,land,Azanian Ruvuma–Malawi - SSW Hill Country,ancient or local ethnogeographic / English,source-led AD 1 province-centroid construction,GEO-PROXY;PER;QI-EAFRICA;installed:in_game/map_data/location_templates.txt,medium,The label combines the researched AD 1 province frame with installed terrain and relative position.,false
location,western_atlantic_high_sea1,east_florida_coast_province,sea,Tequesta–Ais Atlantic - E Offshore Reach,ancient or local ethnogeographic / English,source-led AD 1 province-centroid construction,GEO-PROXY;https://www.britannica.com/place/Florida-peninsula;installed:in_game/map_data/location_templates.txt,medium,The label combines the researched AD 1 province frame with installed terrain and relative position.,false
location,western_atlantic_high_sea10,arecibo_coast_sea_province,sea,Saladoid Borikén–Ayay Passage - NE Offshore Reach,ancient or local ethnogeographic / English,source-led AD 1 province-centroid construction,GEO-PROXY;SCIADV-CARIB;installed:in_game/map_data/location_templates.txt,medium,The label combines the researched AD 1 province frame with installed terrain and relative position.,false
location,western_atlantic_high_sea11,arecibo_coast_sea_province,sea,Saladoid Borikén–Ayay Passage - E Offshore Reach,ancient or local ethnogeographic / English,source-led AD 1 province-centroid construction,GEO-PROXY;SCIADV-CARIB;installed:in_game/map_data/location_templates.txt,medium,The label combines the researched AD 1 province frame with installed terrain and relative position.,false
location,western_atlantic_high_sea12,antilles_approach,sea,Eastern Caribbean Ceramic Passage - N Offshore Reach,ancient or local ethnogeographic / English,source-led AD 1 province-centroid construction,GEO-PROXY;SCIADV-CARIB;installed:in_game/map_data/location_templates.txt,medium,The label combines the researched AD 1 province frame with installed terrain and relative position.,false
location,western_atlantic_high_sea13,antilles_approach,sea,Eastern Caribbean Ceramic Passage - NNE Offshore Reach,ancient or local ethnogeographic / English,source-led AD 1 province-centroid construction,GEO-PROXY;SCIADV-CARIB;installed:in_game/map_data/location_templates.txt,medium,The label combines the researched AD 1 province frame with installed terrain and relative position.,false
location,western_atlantic_high_sea14,antilles_approach,sea,Eastern Caribbean Ceramic Passage - SE Inner Offshore Reach,ancient or local ethnogeographic / English,source-led AD 1 province-centroid construction,GEO-PROXY;SCIADV-CARIB;installed:in_game/map_data/location_templates.txt,medium,The label combines the researched AD 1 province frame with installed terrain and relative position.,false
location,western_atlantic_high_sea15,antilles_approach,sea,Eastern Caribbean Ceramic Passage - SE Middle Offshore Reach,ancient or local ethnogeographic / English,source-led AD 1 province-centroid construction,GEO-PROXY;SCIADV-CARIB;installed:in_game/map_data/location_templates.txt,medium,The label combines the researched AD 1 province frame with installed terrain and relative position.,false
location,western_atlantic_high_sea16,leeward_and_windward_coast,sea,Southern Caribbean Ceramic Passage - ESE Offshore Reach,ancient or local ethnogeographic / English,source-led AD 1 province-centroid construction,GEO-PROXY;SCIADV-CARIB;installed:in_game/map_data/location_templates.txt,medium,The label combines the researched AD 1 province frame with installed terrain and relative position.,false
location,western_atlantic_high_sea17,orinoco_sea_zones_province,sea,Orinoco–Paria Estuarine - E Open Waters,ancient or local ethnogeographic / English,source-led AD 1 province-centroid construction,GEO-PROXY;JWP-ORINOCO;installed:in_game/map_data/location_templates.txt,medium,The label combines the researched AD 1 province frame with installed terrain and relative position.,false
location,western_atlantic_high_sea18,guayana_sea_zones_province,sea,Guiana River-Mouth - NW Open Waters,ancient or local ethnogeographic / English,source-led AD 1 province-centroid construction,GEO-PROXY;JWP-ORINOCO;installed:in_game/map_data/location_templates.txt,medium,The label combines the researched AD 1 province frame with installed terrain and relative position.,false
location,western_atlantic_high_sea19,guayana_sea_zones_province,sea,Guiana River-Mouth - NE Open Waters,ancient or local ethnogeographic / English,source-led AD 1 province-centroid construction,GEO-PROXY;JWP-ORINOCO;installed:in_game/map_data/location_templates.txt,medium,The label combines the researched AD 1 province frame with installed terrain and relative position.,false
location,western_atlantic_high_sea2,bahamans_sea_zone,sea,Northern Shallow-Bank - N Open Waters,ancient or local ethnogeographic / English,source-led AD 1 province-centroid construction,installed:in_game/map_data/definitions.txt;https://www.britannica.com/place/The-Bahamas;installed:in_game/map_data/location_templates.txt,medium,The label combines the researched AD 1 province frame with installed terrain and relative position.,false
location,western_atlantic_high_sea20,guayana_sea_zones_province,sea,Guiana River-Mouth - E Open Waters,ancient or local ethnogeographic / English,source-led AD 1 province-centroid construction,GEO-PROXY;JWP-ORINOCO;installed:in_game/map_data/location_templates.txt,medium,The label combines the researched AD 1 province frame with installed terrain and relative position.,false
location,western_atlantic_high_sea21,arua_coastal_sea_zones_province,sea,Guiana–Araguari Littoral - NNW Open Waters,ancient or local ethnogeographic / English,source-led AD 1 province-centroid construction,GEO-PROXY;SA-EXPANSIONS;installed:in_game/map_data/location_templates.txt,medium,The label combines the researched AD 1 province frame with installed terrain and relative position.,false
location,western_atlantic_high_sea22,arua_coastal_sea_zones_province,sea,Guiana–Araguari Littoral - N Open Waters,ancient or local ethnogeographic / English,source-led AD 1 province-centroid construction,GEO-PROXY;SA-EXPANSIONS;installed:in_game/map_data/location_templates.txt,medium,The label combines the researched AD 1 province frame with installed terrain and relative position.,false
location,western_atlantic_high_sea23,arua_coastal_sea_zones_province,sea,Guiana–Araguari Littoral - ESE Open Waters,ancient or local ethnogeographic / English,source-led AD 1 province-centroid construction,GEO-PROXY;SA-EXPANSIONS;installed:in_game/map_data/location_templates.txt,medium,The label combines the researched AD 1 province frame with installed terrain and relative position.,false
location,western_atlantic_high_sea24,arua_coastal_sea_zones_province,sea,Guiana–Araguari Littoral - SE Open Waters,ancient or local ethnogeographic / English,source-led AD 1 province-centroid construction,GEO-PROXY;SA-EXPANSIONS;installed:in_game/map_data/location_templates.txt,medium,The label combines the researched AD 1 province frame with installed terrain and relative position.,false
location,western_atlantic_high_sea25,mearim_coastal_sea_zones_province,sea,Upaon-Açu–Parnaíba Estuarine - NW Open Waters,ancient or local ethnogeographic / English,source-led AD 1 province-centroid construction,GEO-PROXY;https://www.britannica.com/place/Parnaiba-River;installed:in_game/map_data/location_templates.txt,medium,The label combines the researched AD 1 province frame with installed terrain and relative position.,false
location,western_atlantic_high_sea26,mearim_coastal_sea_zones_province,sea,Upaon-Açu–Parnaíba Estuarine - NNE Open Waters,ancient or local ethnogeographic / English,source-led AD 1 province-centroid construction,GEO-PROXY;https://www.britannica.com/place/Parnaiba-River;installed:in_game/map_data/location_templates.txt,medium,The label combines the researched AD 1 province frame with installed terrain and relative position.,false
location,western_atlantic_high_sea27,mearim_coastal_sea_zones_province,sea,Upaon-Açu–Parnaíba Estuarine - E Open Waters,ancient or local ethnogeographic / English,source-led AD 1 province-centroid construction,GEO-PROXY;https://www.britannica.com/place/Parnaiba-River;installed:in_game/map_data/location_templates.txt,medium,The label combines the researched AD 1 province frame with installed terrain and relative position.,false
location,western_atlantic_high_sea28,jaguaribe_coastal_sea_zones_province,sea,Jaguaribe–Potengi Atlantic - WNW Middle Offshore Reach,ancient or local ethnogeographic / English,source-led AD 1 province-centroid construction,GEO-PROXY;SA-EXPANSIONS;installed:in_game/map_data/location_templates.txt,medium,The label combines the researched AD 1 province frame with installed terrain and relative position.,false
location,western_atlantic_high_sea29,jaguaribe_coastal_sea_zones_province,sea,Jaguaribe–Potengi Atlantic - WNW Inner Offshore Reach,ancient or local ethnogeographic / English,source-led AD 1 province-centroid construction,GEO-PROXY;SA-EXPANSIONS;installed:in_game/map_data/location_templates.txt,medium,The label combines the researched AD 1 province frame with installed terrain and relative position.,false
location,western_atlantic_high_sea3,bahamans_sea_zone,sea,Northern Shallow-Bank - NNE Open Waters,ancient or local ethnogeographic / English,source-led AD 1 province-centroid construction,installed:in_game/map_data/definitions.txt;https://www.britannica.com/place/The-Bahamas;installed:in_game/map_data/location_templates.txt,medium,The label combines the researched AD 1 province frame with installed terrain and relative position.,false
location,western_atlantic_high_sea30,jaguaribe_coastal_sea_zones_province,sea,Jaguaribe–Potengi Atlantic - W Offshore Reach,ancient or local ethnogeographic / English,source-led AD 1 province-centroid construction,GEO-PROXY;SA-EXPANSIONS;installed:in_game/map_data/location_templates.txt,medium,The label combines the researched AD 1 province frame with installed terrain and relative position.,false
location,western_atlantic_high_sea31,jaguaribe_coastal_sea_zones_province,sea,Jaguaribe–Potengi Atlantic - SSE Offshore Reach,ancient or local ethnogeographic / English,source-led AD 1 province-centroid construction,GEO-PROXY;SA-EXPANSIONS;installed:in_game/map_data/location_templates.txt,medium,The label combines the researched AD 1 province frame with installed terrain and relative position.,false
location,western_atlantic_high_sea32,capibaribe_coastal_sea_zones_province,sea,Capibaribe–Itamaracá - NNE Open Waters,ancient or local ethnogeographic / English,source-led AD 1 province-centroid construction,installed:in_game/map_data/definitions.txt;GEO-PROXY;installed:in_game/map_data/location_templates.txt,medium,The label combines the researched AD 1 province frame with installed terrain and relative position.,false
location,western_atlantic_high_sea33,capibaribe_coastal_sea_zones_province,sea,Capibaribe–Itamaracá - E Open Waters,ancient or local ethnogeographic / English,source-led AD 1 province-centroid construction,installed:in_game/map_data/definitions.txt;GEO-PROXY;installed:in_game/map_data/location_templates.txt,medium,The label combines the researched AD 1 province frame with installed terrain and relative position.,false
location,western_atlantic_high_sea34,capibaribe_coastal_sea_zones_province,sea,Capibaribe–Itamaracá - S Open Waters,ancient or local ethnogeographic / English,source-led AD 1 province-centroid construction,installed:in_game/map_data/definitions.txt;GEO-PROXY;installed:in_game/map_data/location_templates.txt,medium,The label combines the researched AD 1 province frame with installed terrain and relative position.,false
location,western_atlantic_high_sea35,sao_francisco_coastal_sea_zones_province,sea,Tupinambá Bahia–Opará - NE Middle Open Waters,ancient or local ethnogeographic / English,source-led AD 1 province-centroid construction,GEO-PROXY;SA-EXPANSIONS;installed:in_game/map_data/location_templates.txt,medium,The label combines the researched AD 1 province frame with installed terrain and relative position.,false
location,western_atlantic_high_sea36,sao_francisco_coastal_sea_zones_province,sea,Tupinambá Bahia–Opará - NE Inner Ocean Reach,ancient or local ethnogeographic / English,source-led AD 1 province-centroid construction,GEO-PROXY;SA-EXPANSIONS;installed:in_game/map_data/location_templates.txt,medium,The label combines the researched AD 1 province frame with installed terrain and relative position.,false
location,western_atlantic_high_sea37,sao_francisco_coastal_sea_zones_province,sea,Tupinambá Bahia–Opará Waters - Inner-S Open Reach,ancient or local ethnogeographic / English,source-led AD 1 province-centroid construction,GEO-PROXY;SA-EXPANSIONS;installed:in_game/map_data/location_templates.txt,medium,The label combines the researched AD 1 province frame with installed terrain and relative position.,false
location,western_atlantic_high_sea38,sao_francisco_coastal_sea_zones_province,sea,Tupinambá Bahia–Opará Waters - Outer-S Open Reach,ancient or local ethnogeographic / English,source-led AD 1 province-centroid construction,GEO-PROXY;SA-EXPANSIONS;installed:in_game/map_data/location_templates.txt,medium,The label combines the researched AD 1 province frame with installed terrain and relative position.,false
location,western_atlantic_high_sea39,pindorama_coastal_sea_zones_province,sea,Guanabara–Doce Atlantic - NNE Middle Offshore Reach,ancient or local ethnogeographic / English,source-led AD 1 province-centroid construction,GEO-PROXY;https://www.britannica.com/place/Doce-River;installed:in_game/map_data/location_templates.txt,medium,The label combines the researched AD 1 province frame with installed terrain and relative position.,false
location,western_atlantic_high_sea4,bahamans_sea_zone,sea,Northern Shallow-Bank - E Open Waters,ancient or local ethnogeographic / English,source-led AD 1 province-centroid construction,installed:in_game/map_data/definitions.txt;https://www.britannica.com/place/The-Bahamas;installed:in_game/map_data/location_templates.txt,medium,The label combines the researched AD 1 province frame with installed terrain and relative position.,false
location,western_atlantic_high_sea40,pindorama_coastal_sea_zones_province,sea,Guanabara–Doce Atlantic - NE Inner Offshore Reach,ancient or local ethnogeographic / English,source-led AD 1 province-centroid construction,GEO-PROXY;https://www.britannica.com/place/Doce-River;installed:in_game/map_data/location_templates.txt,medium,The label combines the researched AD 1 province frame with installed terrain and relative position.,false
location,western_atlantic_high_sea41,pindorama_coastal_sea_zones_province,sea,Guanabara–Doce Atlantic - SE Offshore Reach,ancient or local ethnogeographic / English,source-led AD 1 province-centroid construction,GEO-PROXY;https://www.britannica.com/place/Doce-River;installed:in_game/map_data/location_templates.txt,medium,The label combines the researched AD 1 province frame with installed terrain and relative position.,false
location,western_atlantic_high_sea42,pindorama_coastal_sea_zones_province,sea,Guanabara–Doce Atlantic - S Offshore Reach,ancient or local ethnogeographic / English,source-led AD 1 province-centroid construction,GEO-PROXY;https://www.britannica.com/place/Doce-River;installed:in_game/map_data/location_templates.txt,medium,The label combines the researched AD 1 province frame with installed terrain and relative position.,false
location,western_atlantic_high_sea43,pindorama_coastal_sea_zones_province,sea,Guanabara–Doce Atlantic - SSW Offshore Reach,ancient or local ethnogeographic / English,source-led AD 1 province-centroid construction,GEO-PROXY;https://www.britannica.com/place/Doce-River;installed:in_game/map_data/location_templates.txt,medium,The label combines the researched AD 1 province frame with installed terrain and relative position.,false
location,western_atlantic_high_sea44,guaratuba_coastal_sea_zones_province,sea,Guanabara–Paranaguá Atlantic - ENE Offshore Reach,ancient or local ethnogeographic / English,source-led AD 1 province-centroid construction,GEO-PROXY;SA-EXPANSIONS;installed:in_game/map_data/location_templates.txt,medium,The label combines the researched AD 1 province frame with installed terrain and relative position.,false
location,western_atlantic_high_sea45,guaratuba_coastal_sea_zones_province,sea,Guanabara–Paranaguá Atlantic - SSE Offshore Reach,ancient or local ethnogeographic / English,source-led AD 1 province-centroid construction,GEO-PROXY;SA-EXPANSIONS;installed:in_game/map_data/location_templates.txt,medium,The label combines the researched AD 1 province frame with installed terrain and relative position.,false
location,western_atlantic_high_sea46,guaratuba_coastal_sea_zones_province,sea,Guanabara–Paranaguá Atlantic - SSW Offshore Reach,ancient or local ethnogeographic / English,source-led AD 1 province-centroid construction,GEO-PROXY;SA-EXPANSIONS;installed:in_game/map_data/location_templates.txt,medium,The label combines the researched AD 1 province frame with installed terrain and relative position.,false
location,western_atlantic_high_sea47,tupiniquim_coastal_sea_zones_province,sea,Guaraní Mbiazá Lagoon - ENE Open Waters,ancient or local ethnogeographic / English,source-led AD 1 province-centroid construction,GEO-PROXY;SA-EXPANSIONS;installed:in_game/map_data/location_templates.txt,medium,The label combines the researched AD 1 province frame with installed terrain and relative position.,false
location,western_atlantic_high_sea48,tupiniquim_coastal_sea_zones_province,sea,Guaraní Mbiazá Lagoon - S Open Waters,ancient or local ethnogeographic / English,source-led AD 1 province-centroid construction,GEO-PROXY;SA-EXPANSIONS;installed:in_game/map_data/location_templates.txt,medium,The label combines the researched AD 1 province frame with installed terrain and relative position.,false
location,western_atlantic_high_sea49,pampa_sea_zones_province,sea,Minuane–Charrúa Lagoon - NE Open Waters,ancient or local ethnogeographic / English,source-led AD 1 province-centroid construction,GEO-PROXY;https://www.britannica.com/topic/Charrua;installed:in_game/map_data/location_templates.txt,medium,The label combines the researched AD 1 province frame with installed terrain and relative position.,false
location,western_atlantic_high_sea5,south_bahamas_coast_sea_province,sea,Southern Lucayan Shallow Shelf - NNW Open Waters,ancient or local ethnogeographic / English,source-led AD 1 province-centroid construction,GEO-PROXY;https://www.britannica.com/place/The-Bahamas/History;installed:in_game/map_data/location_templates.txt,medium,The label combines the researched AD 1 province frame with installed terrain and relative position.,false
location,western_atlantic_high_sea50,pampa_sea_zones_province,sea,Minuane–Charrúa Lagoon - ENE Open Waters,ancient or local ethnogeographic / English,source-led AD 1 province-centroid construction,GEO-PROXY;https://www.britannica.com/topic/Charrua;installed:in_game/map_data/location_templates.txt,medium,The label combines the researched AD 1 province frame with installed terrain and relative position.,false
location,western_atlantic_high_sea51,pampa_sea_zones_province,sea,Minuane–Charrúa Lagoon - S Open Waters,ancient or local ethnogeographic / English,source-led AD 1 province-centroid construction,GEO-PROXY;https://www.britannica.com/topic/Charrua;installed:in_game/map_data/location_templates.txt,medium,The label combines the researched AD 1 province frame with installed terrain and relative position.,false
location,western_atlantic_high_sea52,la_plata_sea_zones_province,sea,Paraná–Uruguay Estuary - SE Open Waters,ancient or local ethnogeographic / English,source-led AD 1 province-centroid construction,GEO-PROXY;https://www.britannica.com/place/Rio-de-la-Plata;installed:in_game/map_data/location_templates.txt,medium,The label combines the researched AD 1 province frame with installed terrain and relative position.,false
location,western_atlantic_high_sea53,puelmapu_sea_zones_province,sea,Puelmapu–Chubut Atlantic - NE Middle Offshore Reach,ancient or local ethnogeographic / English,source-led AD 1 province-centroid construction,installed:in_game/map_data/definitions.txt;GEO-PROXY;https://academic.oup.com/florida-scholarship-online/book/51404/chapter-abstract/417793764;installed:in_game/map_data/location_templates.txt,medium,The label combines the researched AD 1 province frame with installed terrain and relative position.,false
location,western_atlantic_high_sea54,puelmapu_sea_zones_province,sea,Puelmapu–Chubut Atlantic - ENE Inner Offshore Reach,ancient or local ethnogeographic / English,source-led AD 1 province-centroid construction,installed:in_game/map_data/definitions.txt;GEO-PROXY;https://academic.oup.com/florida-scholarship-online/book/51404/chapter-abstract/417793764;installed:in_game/map_data/location_templates.txt,medium,The label combines the researched AD 1 province frame with installed terrain and relative position.,false
location,western_atlantic_high_sea55,puelmapu_sea_zones_province,sea,Puelmapu–Chubut Atlantic - ENE Offshore Reach,ancient or local ethnogeographic / English,source-led AD 1 province-centroid construction,installed:in_game/map_data/definitions.txt;GEO-PROXY;https://academic.oup.com/florida-scholarship-online/book/51404/chapter-abstract/417793764;installed:in_game/map_data/location_templates.txt,medium,The label combines the researched AD 1 province frame with installed terrain and relative position.,false
location,western_atlantic_high_sea56,puelmapu_sea_zones_province,sea,Puelmapu–Chubut Atlantic - Inner-SSW Offshore Reach,ancient or local ethnogeographic / English,source-led AD 1 province-centroid construction,installed:in_game/map_data/definitions.txt;GEO-PROXY;https://academic.oup.com/florida-scholarship-online/book/51404/chapter-abstract/417793764;installed:in_game/map_data/location_templates.txt,medium,The label combines the researched AD 1 province frame with installed terrain and relative position.,false
location,western_atlantic_high_sea58,puelmapu_sea_zones_province,sea,Puelmapu–Chubut Atlantic - Outer-SSW Offshore Reach,ancient or local ethnogeographic / English,source-led AD 1 province-centroid construction,installed:in_game/map_data/definitions.txt;GEO-PROXY;https://academic.oup.com/florida-scholarship-online/book/51404/chapter-abstract/417793764;installed:in_game/map_data/location_templates.txt,medium,The label combines the researched AD 1 province frame with installed terrain and relative position.,false
location,western_atlantic_high_sea59,patagonia_sea_zones_province,sea,Chubut–Deseado Atlantic - NNE Offshore Reach,ancient or local ethnogeographic / English,source-led AD 1 province-centroid construction,GEO-PROXY;https://www.britannica.com/place/Patagonia-region-Argentina;installed:in_game/map_data/location_templates.txt,medium,The label combines the researched AD 1 province frame with installed terrain and relative position.,false
location,western_atlantic_high_sea6,south_bahamas_coast_sea_province,sea,Southern Lucayan Shallow Shelf - NE Open Waters,ancient or local ethnogeographic / English,source-led AD 1 province-centroid construction,GEO-PROXY;https://www.britannica.com/place/The-Bahamas/History;installed:in_game/map_data/location_templates.txt,medium,The label combines the researched AD 1 province frame with installed terrain and relative position.,false
location,western_atlantic_high_sea63,patagonia_sea_zones_province,sea,Chubut–Deseado Atlantic - S Offshore Reach,ancient or local ethnogeographic / English,source-led AD 1 province-centroid construction,GEO-PROXY;https://www.britannica.com/place/Patagonia-region-Argentina;installed:in_game/map_data/location_templates.txt,medium,The label combines the researched AD 1 province frame with installed terrain and relative position.,false
location,western_atlantic_high_sea64,kawesqar_coast_sea_zones_province,sea,Kawésqar Southern Channels - ENE Offshore Reach,ancient or local ethnogeographic / English,source-led AD 1 province-centroid construction,GEO-PROXY;https://www.cambridge.org/core/books/abs/archaeology-of-the-pampas-and-patagonia/introduction/2521FD9F2856E2FBD6517DA57D9C3170;installed:in_game/map_data/location_templates.txt,medium,The label combines the researched AD 1 province frame with installed terrain and relative position.,false
location,western_atlantic_high_sea66,lawal_lakwaia_sea_zones_province,sea,Lawal-Lakwaia Southern Atlantic - WSW Offshore Reach,ancient or local ethnogeographic / English,source-led AD 1 province-centroid construction,GEO-PROXY;https://www.cambridge.org/core/books/abs/archaeology-of-the-pampas-and-patagonia/introduction/2521FD9F2856E2FBD6517DA57D9C3170;installed:in_game/map_data/location_templates.txt,medium,The label combines the researched AD 1 province frame with installed terrain and relative position.,false
location,western_atlantic_high_sea7,south_bahamas_coast_sea_province,sea,Southern Lucayan Shallow Shelf - ESE Open Waters,ancient or local ethnogeographic / English,source-led AD 1 province-centroid construction,GEO-PROXY;https://www.britannica.com/place/The-Bahamas/History;installed:in_game/map_data/location_templates.txt,medium,The label combines the researched AD 1 province frame with installed terrain and relative position.,false
location,western_atlantic_high_sea70,lawal_lakwaia_sea_zones_province,sea,Lawal-Lakwaia Southern Atlantic - NW Offshore Reach,ancient or local ethnogeographic / English,source-led AD 1 province-centroid construction,GEO-PROXY;https://www.cambridge.org/core/books/abs/archaeology-of-the-pampas-and-patagonia/introduction/2521FD9F2856E2FBD6517DA57D9C3170;installed:in_game/map_data/location_templates.txt,medium,The label combines the researched AD 1 province frame with installed terrain and relative position.,false
location,western_atlantic_high_sea72,lawal_lakwaia_sea_zones_province,sea,Lawal-Lakwaia Southern Atlantic - NNE Offshore Reach,ancient or local ethnogeographic / English,source-led AD 1 province-centroid construction,GEO-PROXY;https://www.cambridge.org/core/books/abs/archaeology-of-the-pampas-and-patagonia/introduction/2521FD9F2856E2FBD6517DA57D9C3170;installed:in_game/map_data/location_templates.txt,medium,The label combines the researched AD 1 province frame with installed terrain and relative position.,false
location,western_atlantic_high_sea73,lawal_lakwaia_sea_zones_province,sea,Lawal-Lakwaia Southern Atlantic - ENE Offshore Reach,ancient or local ethnogeographic / English,source-led AD 1 province-centroid construction,GEO-PROXY;https://www.cambridge.org/core/books/abs/archaeology-of-the-pampas-and-patagonia/introduction/2521FD9F2856E2FBD6517DA57D9C3170;installed:in_game/map_data/location_templates.txt,medium,The label combines the researched AD 1 province frame with installed terrain and relative position.,false
location,western_atlantic_high_sea75,lawal_lakwaia_sea_zones_province,sea,Lawal-Lakwaia Southern Atlantic - SE Offshore Reach,ancient or local ethnogeographic / English,source-led AD 1 province-centroid construction,GEO-PROXY;https://www.cambridge.org/core/books/abs/archaeology-of-the-pampas-and-patagonia/introduction/2521FD9F2856E2FBD6517DA57D9C3170;installed:in_game/map_data/location_templates.txt,medium,The label combines the researched AD 1 province frame with installed terrain and relative position.,false
location,western_atlantic_high_sea77,lawal_lakwaia_sea_zones_province,sea,Lawal-Lakwaia Southern Atlantic - SSW Offshore Reach,ancient or local ethnogeographic / English,source-led AD 1 province-centroid construction,GEO-PROXY;https://www.cambridge.org/core/books/abs/archaeology-of-the-pampas-and-patagonia/introduction/2521FD9F2856E2FBD6517DA57D9C3170;installed:in_game/map_data/location_templates.txt,medium,The label combines the researched AD 1 province frame with installed terrain and relative position.,false
location,western_atlantic_high_sea8,north_hispaniola_coast_sea_province,sea,Northern Ayiti–Kiskeya Saladoid - ENE Open Waters,ancient or local ethnogeographic / English,source-led AD 1 province-centroid construction,GEO-PROXY;SCIADV-CARIB;JWP-ORINOCO;installed:in_game/map_data/location_templates.txt,medium,The label combines the researched AD 1 province frame with installed terrain and relative position.,false
location,western_atlantic_high_sea80,pampa_sea_zones_province,sea,Minuane–Charrúa Lagoon - SSW Open Waters,ancient or local ethnogeographic / English,source-led AD 1 province-centroid construction,GEO-PROXY;https://www.britannica.com/topic/Charrua;installed:in_game/map_data/location_templates.txt,medium,The label combines the researched AD 1 province frame with installed terrain and relative position.,false
location,western_atlantic_high_sea81,east_florida_coast_province,sea,Tequesta–Ais Atlantic - N Offshore Reach,ancient or local ethnogeographic / English,source-led AD 1 province-centroid construction,GEO-PROXY;https://www.britannica.com/place/Florida-peninsula;installed:in_game/map_data/location_templates.txt,medium,The label combines the researched AD 1 province frame with installed terrain and relative position.,false
location,western_atlantic_high_sea82,carolinas_coast_province,sea,Deptford Littoral - S Open Waters,ancient or local ethnogeographic / English,source-led AD 1 province-centroid construction,installed:in_game/map_data/definitions.txt;https://parkplanning.nps.gov/showFile.cfm?projectID=91276&sfid=687003;GEO-PROXY;installed:in_game/map_data/location_templates.txt,medium,The label combines the researched AD 1 province frame with installed terrain and relative position.,false
location,western_atlantic_high_sea83,carolinas_coast_province,sea,Deptford Littoral - ENE Open Waters,ancient or local ethnogeographic / English,source-led AD 1 province-centroid construction,installed:in_game/map_data/definitions.txt;https://parkplanning.nps.gov/showFile.cfm?projectID=91276&sfid=687003;GEO-PROXY;installed:in_game/map_data/location_templates.txt,medium,The label combines the researched AD 1 province frame with installed terrain and relative position.,false
location,western_atlantic_high_sea84,roanoke_coast_province,sea,Secotan–Croatan Outer Shoals - S Open Waters,ancient or local ethnogeographic / English,source-led AD 1 province-centroid construction,GEO-PROXY;https://www.nps.gov/caha/learn/historyculture/native-americans.htm;installed:in_game/map_data/location_templates.txt,medium,The label combines the researched AD 1 province frame with installed terrain and relative position.,false
location,western_atlantic_high_sea85,roanoke_coast_province,sea,Secotan–Croatan Outer Shoals - NE Open Waters,ancient or local ethnogeographic / English,source-led AD 1 province-centroid construction,GEO-PROXY;https://www.nps.gov/caha/learn/historyculture/native-americans.htm;installed:in_game/map_data/location_templates.txt,medium,The label combines the researched AD 1 province frame with installed terrain and relative position.,false
location,western_atlantic_high_sea86,mid_atlantic_coast_province,sea,Chesapeake–Lenapewihittuck - SSE Open Waters,ancient or local ethnogeographic / English,source-led AD 1 province-centroid construction,GEO-PROXY;https://www.nps.gov/cajo/learn/historyculture/index.htm;installed:in_game/map_data/location_templates.txt,medium,The label combines the researched AD 1 province frame with installed terrain and relative position.,false
location,western_atlantic_high_sea87,mid_atlantic_coast_province,sea,Chesapeake–Lenapewihittuck - NE Open Waters,ancient or local ethnogeographic / English,source-led AD 1 province-centroid construction,GEO-PROXY;https://www.nps.gov/cajo/learn/historyculture/index.htm;installed:in_game/map_data/location_templates.txt,medium,The label combines the researched AD 1 province frame with installed terrain and relative position.,false
location,western_atlantic_high_sea88,long_island_coast_province,sea,Paumanok–Raritan Coastal - SE Offshore Reach,ancient or local ethnogeographic / English,source-led AD 1 province-centroid construction,GEO-PROXY;NYSM-POINT;installed:in_game/map_data/location_templates.txt,medium,The label combines the researched AD 1 province frame with installed terrain and relative position.,false
location,western_atlantic_high_sea89,nauset_coast_province,sea,Nauset–Nantucket Shoal - SSE Open Waters,ancient or local ethnogeographic / English,source-led AD 1 province-centroid construction,installed:in_game/map_data/definitions.txt;GEO-PROXY;https://www.nps.gov/articles/000/archeological-time-periods.htm;installed:in_game/map_data/location_templates.txt,medium,The label combines the researched AD 1 province frame with installed terrain and relative position.,false
location,western_atlantic_high_sea9,arecibo_coast_sea_province,sea,Saladoid Borikén–Ayay Passage - WNW Offshore Reach,ancient or local ethnogeographic / English,source-led AD 1 province-centroid construction,GEO-PROXY;SCIADV-CARIB;installed:in_game/map_data/location_templates.txt,medium,The label combines the researched AD 1 province frame with installed terrain and relative position.,false
location,western_atlantic_high_sea90,nauset_coast_province,sea,Nauset–Nantucket Shoal - ENE Open Waters,ancient or local ethnogeographic / English,source-led AD 1 province-centroid construction,installed:in_game/map_data/definitions.txt;GEO-PROXY;https://www.nps.gov/articles/000/archeological-time-periods.htm;installed:in_game/map_data/location_templates.txt,medium,The label combines the researched AD 1 province frame with installed terrain and relative position.,false
location,western_atlantic_ocean,atlantic_labrador_province,sea,Western Boreal Cold Current - WSW Remote Reach,ancient or local ethnogeographic / English,source-led AD 1 province-centroid construction,installed:in_game/map_data/definitions.txt;https://oceanservice.noaa.gov/education/tutorial_currents/;installed:in_game/map_data/location_templates.txt,medium,The label combines the researched AD 1 province frame with installed terrain and relative position.,false
location,western_australian_desert,badimala_province,land,Carey–Western Desert - NE Remote Tract,ancient or local ethnogeographic / English,source-led AD 1 province-centroid construction,installed:in_game/map_data/definitions.txt;https://www.britannica.com/place/Western-Australia;installed:in_game/map_data/location_templates.txt,medium,The label combines the researched AD 1 province frame with installed terrain and relative position.,false
location,western_carpathians1,trencsen_province,land,Cotini of Váh–Tatra - ESE Wild Heights,ancient or local ethnogeographic / English,source-led AD 1 province-centroid construction,GEO-PROXY;TAC-GER;installed:in_game/map_data/location_templates.txt,medium,The label combines the researched AD 1 province frame with installed terrain and relative position.,false
location,western_carpathians2,trencsen_province,land,Cotini of Váh–Tatra - E Wild Heights,ancient or local ethnogeographic / English,source-led AD 1 province-centroid construction,GEO-PROXY;TAC-GER;installed:in_game/map_data/location_templates.txt,medium,The label combines the researched AD 1 province frame with installed terrain and relative position.,false
location,western_central_system,avila_province,land,Eastern Vettonia - SW Wild Heights,ancient or local ethnogeographic / English,source-led AD 1 province-centroid construction,installed:in_game/map_data/definitions.txt;https://www.perseus.tufts.edu/hopper/text?doc=Perseus%3Atext%3A1999.01.0239%3Abook%3D3;installed:in_game/map_data/location_templates.txt,medium,The label combines the researched AD 1 province frame with installed terrain and relative position.,false
location,western_desert,qusiyya_province,land,Syene–Apollinopolis Thebaid - W Open Wilds,ancient or local ethnogeographic / English,source-led AD 1 province-centroid construction,installed:in_game/map_data/definitions.txt;GEO-PROXY;PLE;installed:in_game/map_data/location_templates.txt,medium,The label combines the researched AD 1 province frame with installed terrain and relative position.,false
location,western_ghats_belgaum,malvana,land,Southern Aparānta–Sahyādri - SSE Wild Uplands,ancient or local ethnogeographic / English,source-led AD 1 province-centroid construction,installed:in_game/map_data/definitions.txt;GEO-PROXY;PER;OCD-BARYGAZA;installed:in_game/map_data/location_templates.txt,medium,The label combines the researched AD 1 province frame with installed terrain and relative position.,false
location,western_ghats_bhatkal,kanara,land,Konkana–Goa Monsoon - SSE Wild Uplands,ancient or local ethnogeographic / English,source-led AD 1 province-centroid construction,GEO-PROXY;PER;installed:in_game/map_data/location_templates.txt,medium,The label combines the researched AD 1 province frame with installed terrain and relative position.,false
location,western_ghats_bombay,baglana,land,Nāsikya–Western Ghats - S Wild Heights,ancient or local ethnogeographic / English,source-led AD 1 province-centroid construction,installed:in_game/map_data/definitions.txt;https://www.britannica.com/place/Nashik;installed:in_game/map_data/location_templates.txt,medium,The label combines the researched AD 1 province frame with installed terrain and relative position.,false
location,western_ghats_goa,kanara,land,Konkana–Goa Monsoon - N Wild Uplands,ancient or local ethnogeographic / English,source-led AD 1 province-centroid construction,GEO-PROXY;PER;installed:in_game/map_data/location_templates.txt,medium,The label combines the researched AD 1 province frame with installed terrain and relative position.,false
location,western_ghats_haleri,mysore_plateau,land,Karnata–Mahisha Plateau - WSW Wild Uplands,ancient or local ethnogeographic / English,source-led AD 1 province-centroid construction,GEO-PROXY;https://www.britannica.com/place/Karnataka-state-India/History;installed:in_game/map_data/location_templates.txt,medium,The label combines the researched AD 1 province frame with installed terrain and relative position.,false
location,western_ghats_karad,southern_desh,land,Satavahana Kuntala–Karad - WSW Wild Uplands,ancient or local ethnogeographic / English,source-led AD 1 province-centroid construction,GEO-PROXY;https://www.britannica.com/place/Maharashtra/History;installed:in_game/map_data/location_templates.txt,medium,The label combines the researched AD 1 province frame with installed terrain and relative position.,false
location,western_ghats_karkala,tulu_nadu,land,Tulu Coast of Mangaluru–Udupi - NNE Wild Uplands,ancient or local ethnogeographic / English,source-led AD 1 province-centroid construction,GEO-PROXY;PER;CAM-TAMIL-MERCHANTS;installed:in_game/map_data/location_templates.txt,medium,The label combines the researched AD 1 province frame with installed terrain and relative position.,false
location,western_ghats_kozhikode,kuda_nadu,land,Chera Muziris–Palghat - NNW Wild Uplands,ancient or local ethnogeographic / English,source-led AD 1 province-centroid construction,GEO-PROXY;CAM-MUZIRIS;KER-MUZIRIS;installed:in_game/map_data/location_templates.txt,medium,The label combines the researched AD 1 province frame with installed terrain and relative position.,false
location,western_ghats_pune,northern_desh,land,Sātavāhana Junnar–Pratishthana March - W Wild Heights,ancient or local ethnogeographic / English,source-led AD 1 province-centroid construction,GEO-PROXY;https://www.britannica.com/topic/Satavahana-dynasty;installed:in_game/map_data/location_templates.txt,medium,The label combines the researched AD 1 province frame with installed terrain and relative position.,false
location,western_ghats_purandar,southern_desh,land,Satavahana Kuntala–Karad - NW Wild Heights,ancient or local ethnogeographic / English,source-led AD 1 province-centroid construction,GEO-PROXY;https://www.britannica.com/place/Maharashtra/History;installed:in_game/map_data/location_templates.txt,medium,The label combines the researched AD 1 province frame with installed terrain and relative position.,false
location,western_ghats_satara,southern_desh,land,Satavahana Kuntala–Karad - WNW Wild Heights,ancient or local ethnogeographic / English,source-led AD 1 province-centroid construction,GEO-PROXY;https://www.britannica.com/place/Maharashtra/History;installed:in_game/map_data/location_templates.txt,medium,The label combines the researched AD 1 province frame with installed terrain and relative position.,false
location,western_ghats_siruvani,kuda_nadu,land,Chera Muziris–Palghat - ENE Wild Uplands,ancient or local ethnogeographic / English,source-led AD 1 province-centroid construction,GEO-PROXY;CAM-MUZIRIS;KER-MUZIRIS;installed:in_game/map_data/location_templates.txt,medium,The label combines the researched AD 1 province frame with installed terrain and relative position.,false
location,western_gotland_basin,swedish_coastline,sea,Mare Suebicum–Suiones - SW Open Waters,ancient or local ethnogeographic / English,source-led AD 1 province-centroid construction,installed:in_game/map_data/definitions.txt;GEO-PROXY;TAC-GER;installed:in_game/map_data/location_templates.txt,medium,The label combines the researched AD 1 province frame with installed terrain and relative position.,false
location,western_high_atlas1,marrakesh_province,land,Haouz–High Atlas Gaetulian - SW Wild Heights,ancient or local ethnogeographic / English,source-led AD 1 province-centroid construction,installed:in_game/map_data/definitions.txt;GEO-PROXY;https://penelope.uchicago.edu/Thayer/E/Roman/Texts/Strabo/17C*.html;installed:in_game/map_data/location_templates.txt,medium,The label combines the researched AD 1 province frame with installed terrain and relative position.,false
location,western_high_atlas2,haha_province,land,Cerne–Western Atlas March - SSE Wild Heights,ancient or local ethnogeographic / English,source-led AD 1 province-centroid construction,GEO-PROXY;https://www.perseus.tufts.edu/hopper/text?doc=Strab.+17.3&fromdoc=Perseus%3Atext%3A1999.01.0239;installed:in_game/map_data/location_templates.txt,medium,The label combines the researched AD 1 province frame with installed terrain and relative position.,false
location,western_irrawaddy_delta,myanmar_coast_province,sea,Irrawaddy–Martaban Monsoon - NW Open Waters,ancient or local ethnogeographic / English,source-led AD 1 province-centroid construction,GEO-PROXY;PER;installed:in_game/map_data/location_templates.txt,medium,The label combines the researched AD 1 province frame with installed terrain and relative position.,false
location,western_korean_mountains1,ganggye_province,land,Upper Yalu Yemaek - ESE Wild Heights,ancient or local ethnogeographic / English,source-led AD 1 province-centroid construction,installed:in_game/map_data/definitions.txt;https://www.britannica.com/place/Korea/Ancient-Korea;GEO-PROXY;installed:in_game/map_data/location_templates.txt,medium,The label combines the researched AD 1 province frame with installed terrain and relative position.,false
location,western_korean_mountains2,ganggye_province,land,Upper Yalu Yemaek - NE Wild Heights,ancient or local ethnogeographic / English,source-led AD 1 province-centroid construction,installed:in_game/map_data/definitions.txt;https://www.britannica.com/place/Korea/Ancient-Korea;GEO-PROXY;installed:in_game/map_data/location_templates.txt,medium,The label combines the researched AD 1 province frame with installed terrain and relative position.,false
location,western_madeira_coast,canary_island_coast,sea,Canaria–Ninguaria Ocean - NNW Offshore Reach,ancient or local ethnogeographic / English,source-led AD 1 province-centroid construction,installed:in_game/map_data/definitions.txt;https://penelope.uchicago.edu/Thayer/L/Roman/Texts/Pliny_the_Elder/6%2A.html;GEO-PROXY;installed:in_game/map_data/location_templates.txt,medium,The label combines the researched AD 1 province frame with installed terrain and relative position.,false
location,western_mediterraneans_sea1,western_mediterranean_sea_province,sea,Ebusus–Baleares Iberian - E Open Waters,ancient or local ethnogeographic / English,source-led AD 1 province-centroid construction,installed:in_game/map_data/definitions.txt;STR-IBR;PLN-IBR;installed:in_game/map_data/location_templates.txt,medium,The label combines the researched AD 1 province frame with installed terrain and relative position.,false
location,western_mediterraneans_sea2,western_mediterranean_sea_province,sea,Ebusus–Baleares Iberian - SSW Open Waters,ancient or local ethnogeographic / English,source-led AD 1 province-centroid construction,installed:in_game/map_data/definitions.txt;STR-IBR;PLN-IBR;installed:in_game/map_data/location_templates.txt,medium,The label combines the researched AD 1 province frame with installed terrain and relative position.,false
location,western_rif,habat_province,land,Tingis–Lixus Mauretania - E Wild Heights,ancient or local ethnogeographic / English,source-led AD 1 province-centroid construction,GEO-PROXY;https://www.perseus.tufts.edu/hopper/text?doc=Strab.+17.3&fromdoc=Perseus%3Atext%3A1999.01.0239;installed:in_game/map_data/location_templates.txt,medium,The label combines the researched AD 1 province frame with installed terrain and relative position.,false
location,western_rift_mountains,upper_kagera_province,land,Urewe Kagera–Kivu - N Wild Heights,ancient or local ethnogeographic / English,source-led AD 1 province-centroid construction,GEO-PROXY;QI-EAFRICA;installed:in_game/map_data/location_templates.txt,medium,The label combines the researched AD 1 province frame with installed terrain and relative position.,false
location,western_sayan_mountains,upper_yenisei_province,land,Tashtyk Khemchik–Upper Yenisei - WNW Wild Heights,ancient or local ethnogeographic / English,source-led AD 1 province-centroid construction,FU-TASHTYK;GEO-PROXY;installed:in_game/map_data/location_templates.txt,medium,The label combines the researched AD 1 province frame with installed terrain and relative position.,false
location,western_selayar_strait,bone_coast_sea_province,sea,Selayar–South Sulawesi Straits - WNW Open Waters,ancient or local ethnogeographic / English,source-led AD 1 province-centroid construction,GEO-PROXY;ANU-SULAWESI;installed:in_game/map_data/location_templates.txt,medium,The label combines the researched AD 1 province frame with installed terrain and relative position.,false
location,western_singapore_strait,singapore_coast_province,sea,Chryse Malacca–Johor Straits - SSE Narrows,ancient or local ethnogeographic / English,source-led AD 1 province-centroid construction,GEO-PROXY;PER;installed:in_game/map_data/location_templates.txt,medium,The label combines the researched AD 1 province frame with installed terrain and relative position.,false
location,western_southern_ocean,atlantic_south_province,sea,Far Southern Western Ocean - ESE Remote Reach,ancient or local ethnogeographic / English,source-led AD 1 province-centroid construction,installed:in_game/map_data/definitions.txt;https://oceanservice.noaa.gov/education/tutorial_currents/;installed:in_game/map_data/location_templates.txt,medium,The label combines the researched AD 1 province frame with installed terrain and relative position.,false
location,western_tablate_mountain,ouarsenis_province,land,Masaesyli of Chinalaph–Ouarsenis - E Wild Heights,ancient or local ethnogeographic / English,source-led AD 1 province-centroid construction,GEO-PROXY;https://penelope.uchicago.edu/Thayer/E/Roman/Texts/Pliny_the_Elder/5*.html;installed:in_game/map_data/location_templates.txt,medium,The label combines the researched AD 1 province frame with installed terrain and relative position.,false
location,wet_suwet_en,wetsuweten_province,land,Bulkley–Babine Dakelh - SSW Mountain Tract,ancient or local ethnogeographic / English,source-led AD 1 province-centroid construction,installed:in_game/map_data/definitions.txt;GEO-PROXY;installed:in_game/map_data/location_templates.txt,medium,The label combines the researched AD 1 province frame with installed terrain and relative position.,false
location,wetar,barat_daya_province,land,Babar–Wetar Island - W Mountain Tract,ancient or local ethnogeographic / English,source-led AD 1 province-centroid construction,installed:in_game/map_data/definitions.txt;https://www.britannica.com/place/Lesser-Sunda-Islands;installed:in_game/map_data/location_templates.txt,medium,The label combines the researched AD 1 province frame with installed terrain and relative position.,false
location,wetar_strait,sumbawa_coast_sea_province,sea,Sawu–Timor Strait - ENE Narrows,ancient or local ethnogeographic / English,source-led AD 1 province-centroid construction,installed:in_game/map_data/definitions.txt;GEO-PROXY;BELLINA-SHK;installed:in_game/map_data/location_templates.txt,medium,The label combines the researched AD 1 province frame with installed terrain and relative position.,false
location,wetarhoo,wetarhoo_province,land,White–Cheyenne Besant Badlands - NE High Plain,ancient or local ethnogeographic / English,source-led AD 1 province-centroid construction,installed:in_game/map_data/definitions.txt;GEO-PROXY;installed:in_game/map_data/location_templates.txt,medium,The label combines the researched AD 1 province frame with installed terrain and relative position.,false
location,wetaskiwin,notinito_sipiy_province,land,Notinito Sipi Plains - WSW Upland Tract,ancient or local ethnogeographic / English,source-led AD 1 province-centroid construction,GEO-PROXY;https://www.thecanadianencyclopedia.ca/en/article/plains-indigenous-peoples-in-canada;installed:in_game/map_data/location_templates.txt,medium,The label combines the researched AD 1 province frame with installed terrain and relative position.,false
location,wetewatoqsik,kjipuktuk_province,land,Kjipuktuk–Atlantic Mi'kma'ki - SE Lowlands,ancient or local ethnogeographic / English,source-led AD 1 province-centroid construction,GEO-PROXY;OAS-POINT;installed:in_game/map_data/location_templates.txt,medium,The label combines the researched AD 1 province frame with installed terrain and relative position.,false
location,wetwin,hsipaw_province,land,Myitnge–Salween Iron-Age Valleys - SW Hill Country,ancient or local ethnogeographic / English,source-led AD 1 province-centroid construction,GEO-PROXY;https://whc.unesco.org/en/list/1444;installed:in_game/map_data/location_templates.txt,medium,The label combines the researched AD 1 province frame with installed terrain and relative position.,false
location,wetzlar,wetterau_province,land,Mattiacum–Moenus Chatti - NW Hill Country,ancient or local ethnogeographic / English,source-led AD 1 province-centroid construction,installed:in_game/map_data/definitions.txt;STR-GER;TAC-GER;installed:in_game/map_data/location_templates.txt,medium,The label combines the researched AD 1 province frame with installed terrain and relative position.,false
location,wevok_point,kugmiut_coast_sea_zones_province,sea,Kugmiut–Tikigaq Coastal - N Offshore Reach,ancient or local ethnogeographic / English,source-led AD 1 province-centroid construction,GEO-PROXY;https://www.nps.gov/articles/iyatayet.htm;installed:in_game/map_data/location_templates.txt,medium,The label combines the researched AD 1 province frame with installed terrain and relative position.,false
location,wewoka,wewoka_province,land,Washita–Kiamichi Woodland - NNW Lowlands,ancient or local ethnogeographic / English,source-led AD 1 province-centroid construction,installed:in_game/map_data/definitions.txt;GEO-PROXY;NPS-OZARK-HOPEWELL;installed:in_game/map_data/location_templates.txt,medium,The label combines the researched AD 1 province frame with installed terrain and relative position.,false
location,wexford,wexford_province,land,Menapia–Barrow Manapii - SSE Lowlands,ancient or local ethnogeographic / English,source-led AD 1 province-centroid construction,installed:in_game/map_data/definitions.txt;PTO-GEO-II1;DARCY-IRE;installed:in_game/map_data/location_templates.txt,medium,The label combines the researched AD 1 province frame with installed terrain and relative position.,false
location,weyanock,chesapeake_province,land,Chesapeake–Tidewater Woodlands - WNW Lowlands,ancient or local ethnogeographic / English,source-led AD 1 province-centroid construction,installed:in_game/map_data/definitions.txt;https://www.britannica.com/topic/Woodland-cultures;installed:in_game/map_data/location_templates.txt,medium,The label combines the researched AD 1 province frame with installed terrain and relative position.,false
location,weyba_shore,darumbal_province_coast,sea,Darumbal–Gubbi Maritime - SSW Open Waters,ancient or local ethnogeographic / English,source-led AD 1 province-centroid construction,installed:in_game/map_data/definitions.txt;https://www.britannica.com/place/Coral-Sea;installed:in_game/map_data/location_templates.txt,medium,The label combines the researched AD 1 province frame with installed terrain and relative position.,false
location,weymouth,dorset_province,land,Durotriges of Dunium - SSE Lowlands,ancient or local ethnogeographic / English,source-led AD 1 province-centroid construction,GEO-PROXY;PTO-GEO-II2;installed:in_game/map_data/location_templates.txt,medium,The label combines the researched AD 1 province frame with installed terrain and relative position.,false
location,wha_ti,tlicho_province,land,Taltheilei Tłı̨chǫ Lake - SSW Lowlands,ancient or local ethnogeographic / English,source-led AD 1 province-centroid construction,GEO-PROXY;https://www.thecanadianencyclopedia.ca/en/article/taltheilei-shale-tradition;installed:in_game/map_data/location_templates.txt,medium,The label combines the researched AD 1 province frame with installed terrain and relative position.,false
location,whadjuk,yoberrore_province,land,Noongar Whadjuk–Pinjarup - N Hill Country,ancient or local ethnogeographic / English,source-led AD 1 province-centroid construction,GEO-PROXY;https://aiatsis.gov.au/explore/map-indigenous-australia;installed:in_game/map_data/location_templates.txt,medium,The label combines the researched AD 1 province frame with installed terrain and relative position.,false
location,whakatane,bay_of_plenty_province,land,Northern North-Island Volcanic Lands - ENE Hill Country,ancient or local ethnogeographic / English,source-led AD 1 province-centroid construction,installed:in_game/map_data/definitions.txt;https://www.britannica.com/place/North-Island-New-Zealand;installed:in_game/map_data/location_templates.txt,medium,The label combines the researched AD 1 province frame with installed terrain and relative position.,false
location,whakatipu_waitai_lake,tai_poutini_province,lake,Southern Far-Southern Alpine Basin - Outer-WSW Lake Waters,ancient or local ethnogeographic / English,source-led AD 1 province-centroid construction,installed:in_game/map_data/definitions.txt;GEO-PROXY;https://teara.govt.nz/en/when-was-new-zealand-first-settled;installed:in_game/map_data/location_templates.txt,medium,The label combines the researched AD 1 province frame with installed terrain and relative position.,false
location,whakatu,whakatu_province,land,Far-Southern Central-Strait - Middle-NNE Mountain Tract,ancient or local ethnogeographic / English,source-led AD 1 province-centroid construction,installed:in_game/map_data/definitions.txt;https://teara.govt.nz/en/when-was-new-zealand-first-settled;installed:in_game/map_data/location_templates.txt,medium,The label combines the researched AD 1 province frame with installed terrain and relative position.,false
location,whale_lowlands,ungunniavik_province,land,Dorset Ungava–Whale Lowlands - ESE High Wilds,ancient or local ethnogeographic / English,source-led AD 1 province-centroid construction,GEO-PROXY;https://www.thecanadianencyclopedia.ca/en/article/dorset-culture;installed:in_game/map_data/location_templates.txt,medium,The label combines the researched AD 1 province frame with installed terrain and relative position.,false
location,whanganui,whanganui_province,land,Southern North-Island Uplands - NNW Lowlands,ancient or local ethnogeographic / English,source-led AD 1 province-centroid construction,installed:in_game/map_data/definitions.txt;https://teara.govt.nz/en/when-was-new-zealand-first-settled;installed:in_game/map_data/location_templates.txt,medium,The label combines the researched AD 1 province frame with installed terrain and relative position.,false
location,whangapoua_bay,new_zealand_sea_zones_province,sea,Southern Polynesian Remote Seas - SE Open Waters,ancient or local ethnogeographic / English,source-led AD 1 province-centroid construction,installed:in_game/map_data/definitions.txt;GEO-PROXY;https://teara.govt.nz/en/when-was-new-zealand-first-settled;installed:in_game/map_data/location_templates.txt,medium,The label combines the researched AD 1 province frame with installed terrain and relative position.,false
location,whangarei,northland_province,land,Northern North-Island Volcanic Lands - NNW Hill Country,ancient or local ethnogeographic / English,source-led AD 1 province-centroid construction,GEO-PROXY;https://www.britannica.com/place/New-Zealand/History;installed:in_game/map_data/location_templates.txt,medium,The label combines the researched AD 1 province frame with installed terrain and relative position.,false
location,whaypaw,meskousing_province,land,Wisconsin–Fox Middle-Woodland - N High Plain,ancient or local ethnogeographic / English,source-led AD 1 province-centroid construction,GEO-PROXY;https://www.wisconsinhistory.org/Records/Article/CS383;installed:in_game/map_data/location_templates.txt,medium,The label combines the researched AD 1 province frame with installed terrain and relative position.,false
location,whitby,north_riding_province,land,Brigantes of Eboracum–Parisi March - ENE Hill Country,ancient or local ethnogeographic / English,source-led AD 1 province-centroid construction,GEO-PROXY;PTO-GEO-II2;installed:in_game/map_data/location_templates.txt,medium,The label combines the researched AD 1 province frame with installed terrain and relative position.,false
location,white_horse,north_tutchone_province,land,Kwiguk–Pelly Athabascan - Far-WSW Hill Country,ancient or local ethnogeographic / English,source-led AD 1 province-centroid construction,GEO-PROXY;https://www.nps.gov/yuch/learn/historyculture/athabaskan-culture.htm;installed:in_game/map_data/location_templates.txt,medium,The label combines the researched AD 1 province frame with installed terrain and relative position.,false
location,white_lake,ciwat_province,lake,Calcasieu–Mermentau Woodland - SSE Lake Waters,ancient or local ethnogeographic / English,source-led AD 1 province-centroid construction,GEO-PROXY;https://www.crt.state.la.us/dataprojects/archaeology/virtualbooks/LAA_1/contents.html;installed:in_game/map_data/location_templates.txt,medium,The label combines the researched AD 1 province frame with installed terrain and relative position.,false
location,whitefish_bay,lake_superior_province,sea,Gichigami - ESE Open Waters,ancient or local ethnogeographic / English,source-led AD 1 province-centroid construction,GEO-PROXY;https://www.britannica.com/place/Lake-Superior;installed:in_game/map_data/location_templates.txt,medium,The label combines the researched AD 1 province frame with installed terrain and relative position.,false
location,whitefish_lake,kuskokwagmiut_province,lake,Lower Kuskokwim - NE Lake Waters,ancient or local ethnogeographic / English,source-led AD 1 province-centroid construction,GEO-PROXY;https://www.britannica.com/place/Kuskokwim-River;installed:in_game/map_data/location_templates.txt,medium,The label combines the researched AD 1 province frame with installed terrain and relative position.,false
location,whitefish_point,southern_lake_huron_province,sea,Saginaw–Manitoulin - NW Open Waters,ancient or local ethnogeographic / English,source-led AD 1 province-centroid construction,GEO-PROXY;https://www.britannica.com/place/Lake-Huron;installed:in_game/map_data/location_templates.txt,medium,The label combines the researched AD 1 province frame with installed terrain and relative position.,false
location,whitsunday_shore,djabuganjdji_bindal_province_coast,sea,Bindal–Ngaro Maritime - WSW Open Waters,ancient or local ethnogeographic / English,source-led AD 1 province-centroid construction,GEO-PROXY;https://www.britannica.com/place/Burdekin-River;installed:in_game/map_data/location_templates.txt,medium,The label combines the researched AD 1 province frame with installed terrain and relative position.,false
location,wholdaia_lake,dubawnt_province,lake,Thelon–Dubawnt Tundra - SSE Lake Waters,ancient or local ethnogeographic / English,source-led AD 1 province-centroid construction,GEO-PROXY;https://www.thecanadianencyclopedia.ca/en/article/thelon-river;installed:in_game/map_data/location_templates.txt,medium,The label combines the researched AD 1 province frame with installed terrain and relative position.,false
location,whonnock,halkomelem_province,land,Stó:lō Salishan Lowlands - W Marshlands,ancient or local ethnogeographic / English,source-led AD 1 province-centroid construction,GEO-PROXY;https://www.thecanadianencyclopedia.ca/en/article/coast-salish;installed:in_game/map_data/location_templates.txt,medium,The label combines the researched AD 1 province frame with installed terrain and relative position.,false
location,wiang_fang,chiang_rai_province,land,Kok–Mekong Highland - WNW Upland Tract,ancient or local ethnogeographic / English,source-led AD 1 province-centroid construction,installed:in_game/map_data/definitions.txt;https://www.britannica.com/place/Mekong-River;installed:in_game/map_data/location_templates.txt,medium,The label combines the researched AD 1 province frame with installed terrain and relative position.,false
location,wiang_sa,east_kra_province,land,Chumphon–Surat Monsoon-Coast - S Lowlands,ancient or local ethnogeographic / English,source-led AD 1 province-centroid construction,GEO-PROXY;https://www.cambridge.org/core/books/abs/cambridge-world-prehistory/southeast-asia/8784CA1FB2B45C97C99E03EF7193B923;installed:in_game/map_data/location_templates.txt,medium,The label combines the researched AD 1 province frame with installed terrain and relative position.,false
location,wibazoka_wakpa,wazihe_province,land,Notukeu Woodland Plains - NNE Open Tract,ancient or local ethnogeographic / English,source-led AD 1 province-centroid construction,installed:in_game/map_data/definitions.txt;GEO-PROXY;MOSHPO-KC;installed:in_game/map_data/location_templates.txt,medium,The label combines the researched AD 1 province frame with installed terrain and relative position.,false
location,wiccacon,roanoke_province,land,Algonquian Chowan–Roanoke - NW Lowlands,ancient or local ethnogeographic / English,source-led AD 1 province-centroid construction,GEO-PROXY;https://www.nps.gov/caha/learn/historyculture/native-americans.htm;installed:in_game/map_data/location_templates.txt,medium,The label combines the researched AD 1 province frame with installed terrain and relative position.,false
