granularity,key,parent,kind,ad1_name,language,method,source,confidence,note,unchanged_verified
location,lunggar1,lungkha_province,land,Western-Tsang Salt-Lake: Lunggar Lands,local geography / sourced AD 1 parent frame / English,ancient-parent local-feature construction,GEO-PROXY;installed:in_game/map_data/location_templates.txt,medium,AD 1 local label without postcolonial eponyms.,false
location,lunggar2,naktsang_province,land,Namtso–Tangra Plateau Pastures: Lunggar Lands,local geography / sourced AD 1 parent frame / English,ancient-parent local-feature construction,GEO-PROXY;installed:in_game/map_data/location_templates.txt,medium,AD 1 local label without postcolonial eponyms.,false
location,lungkya,golog_province,land,Amnye Machen–Upper Huang He: Lungkya Lands,local geography / sourced AD 1 parent frame / English,ancient-parent local-feature construction,GEO-PROXY;installed:in_game/map_data/location_templates.txt,medium,AD 1 local label without postcolonial eponyms.,false
location,lungsho,yushu_province,land,Qiangic Upper-Yangzi–Yushu: Lungsho Lands,local geography / sourced AD 1 parent frame / English,ancient-parent local-feature construction,GEO-PROXY;installed:in_game/map_data/location_templates.txt,medium,AD 1 local label without postcolonial eponyms.,false
location,lungxa_upplands1,lungxa_province,land,Lena–Vilyuy Taiga: Northern Lungxa Uppland Lands,local geography / sourced AD 1 parent frame / English,ancient-parent local-feature construction,GEO-PROXY;installed:in_game/map_data/location_templates.txt,medium,AD 1 local label without postcolonial eponyms.,false
location,lungxa_upplands2,lungxa_province,land,Lena–Vilyuy Taiga: Northeastern Lungxa Uppland Lands,local geography / sourced AD 1 parent frame / English,ancient-parent local-feature construction,GEO-PROXY;installed:in_game/map_data/location_templates.txt,medium,AD 1 local label without postcolonial eponyms.,false
location,luninets,kletsk_province,land,Pripet–Neman Striated-Pottery: Luninets Lands,local geography / sourced AD 1 parent frame / English,ancient-parent local-feature construction,GEO-PROXY;installed:in_game/map_data/location_templates.txt,medium,AD 1 local label without postcolonial eponyms.,false
location,lunino,penza_province,land,Gorodets Moksha–Sura Lands: Lunino Territory,local geography / sourced AD 1 parent frame / English,ancient-parent local-feature construction,GEO-PROXY;installed:in_game/map_data/location_templates.txt,medium,AD 1 local label without postcolonial eponyms.,false
location,luocheng,rongzhou_province,land,Yulin Commandery–Liu River: Luocheng Lands,local geography / sourced AD 1 parent frame / English,ancient-parent local-feature construction,GEO-PROXY;installed:in_game/map_data/location_templates.txt,medium,AD 1 local label without postcolonial eponyms.,false
location,luochuan,fuzhou_shaanxi_province,land,Shangjun–Luo Valleys: Luochuan Lands,local geography / sourced AD 1 parent frame / English,ancient-parent local-feature construction,GEO-PROXY;installed:in_game/map_data/location_templates.txt,medium,AD 1 local label without postcolonial eponyms.,false
location,luodian,sicheng_province,land,Yulin–Zangke Mountain Marches: Luodian Lands,local geography / sourced AD 1 parent frame / English,ancient-parent local-feature construction,GEO-PROXY;installed:in_game/map_data/location_templates.txt,medium,AD 1 local label without postcolonial eponyms.,false
location,luoji,changning_province,land,Southern Qianwei Hills: Luoji Lands,local geography / sourced AD 1 parent frame / English,ancient-parent local-feature construction,GEO-PROXY;installed:in_game/map_data/location_templates.txt,medium,AD 1 local label without postcolonial eponyms.,false
location,luojiao,yongning_province,land,Yelang Chishui–Dalou Lands: Luojiao Territory,local geography / sourced AD 1 parent frame / English,ancient-parent local-feature construction,GEO-PROXY;installed:in_game/map_data/location_templates.txt,medium,AD 1 local label without postcolonial eponyms.,false
location,luokong,heni_province,land,Ailao–Red River Highlands: Luokong Lands,local geography / sourced AD 1 parent frame / English,ancient-parent local-feature construction,GEO-PROXY;installed:in_game/map_data/location_templates.txt,medium,AD 1 local label without postcolonial eponyms.,false
location,luoma_lake,pizhou_province,lake,Donghai Xiapi–Luoma Lands: Lake Luòmǎ Basin,local geography / sourced AD 1 parent frame / English,ancient-parent local-feature construction,GEO-PROXY;installed:in_game/map_data/location_templates.txt,medium,AD 1 local label without postcolonial eponyms.,false
location,luonan,shangzhou_province,land,Hongnong Southern-Qinling: Luonan Lands,local geography / sourced AD 1 parent frame / English,ancient-parent local-feature construction,GEO-PROXY;installed:in_game/map_data/location_templates.txt,medium,AD 1 local label without postcolonial eponyms.,false
location,luorong,luorong_province,land,Cangwu–Yulin Karst Hills: Luorong Lands,local geography / sourced AD 1 parent frame / English,ancient-parent local-feature construction,GEO-PROXY;installed:in_game/map_data/location_templates.txt,medium,AD 1 local label without postcolonial eponyms.,false
location,luoshan,xinyang_province,land,Yiyang–Huai Chu March: Luoshan Lands,local geography / sourced AD 1 parent frame / English,ancient-parent local-feature construction,GEO-PROXY;installed:in_game/map_data/location_templates.txt,medium,AD 1 local label without postcolonial eponyms.,false
location,luoshan_qujing,qujing_province,land,Qujing–Eastern Yizhou Dian: Luoshan Qujing Lands,local geography / sourced AD 1 parent frame / English,ancient-parent local-feature construction,GEO-PROXY;installed:in_game/map_data/location_templates.txt,medium,AD 1 local label without postcolonial eponyms.,false
location,luotian,huangzhou_province,land,Jiangxia Eastern Riverlands: Luotian Lands,local geography / sourced AD 1 parent frame / English,ancient-parent local-feature construction,GEO-PROXY;installed:in_game/map_data/location_templates.txt,medium,AD 1 local label without postcolonial eponyms.,false
location,luoxiong,qujing_province,land,Qujing–Eastern Yizhou Dian: Luoxiong Lands,local geography / sourced AD 1 parent frame / English,ancient-parent local-feature construction,GEO-PROXY;installed:in_game/map_data/location_templates.txt,medium,AD 1 local label without postcolonial eponyms.,false
location,luoxiu,xunzhou_province,land,Guiping–Yu-River Yulin Lands: Luoxiu Territory,local geography / sourced AD 1 parent frame / English,ancient-parent local-feature construction,GEO-PROXY;installed:in_game/map_data/location_templates.txt,medium,AD 1 local label without postcolonial eponyms.,false
location,luoyang,henan_province,land,Henan Commandery and Luoyang: Luoyang Lands,local geography / sourced AD 1 parent frame / English,ancient-parent local-feature construction,GEO-PROXY;installed:in_game/map_data/location_templates.txt,medium,AD 1 local label without postcolonial eponyms.,false
location,luoyang_wenzhou,wenzhou_province,land,Yongning–Kuaiji Southern Coast: Luoyang Wenzhou Lands,local geography / sourced AD 1 parent frame / English,ancient-parent local-feature construction,GEO-PROXY;installed:in_game/map_data/location_templates.txt,medium,AD 1 local label without postcolonial eponyms.,false
location,luoyuan,fuzhou_province,land,Minyue–Min River: Luoyuan Lands,local geography / sourced AD 1 parent frame / English,ancient-parent local-feature construction,GEO-PROXY;installed:in_game/map_data/location_templates.txt,medium,AD 1 local label without postcolonial eponyms.,false
location,luozuoguan,wumeng_province,land,Zhuti–Dian-Qiang Highlands: Luozuoguan Lands,local geography / sourced AD 1 parent frame / English,ancient-parent local-feature construction,GEO-PROXY;installed:in_game/map_data/location_templates.txt,medium,AD 1 local label without postcolonial eponyms.,false
location,lupungu,lukassi_province,land,Lualaba–Lukassi Iron: Lupungu Lands,local geography / sourced AD 1 parent frame / English,ancient-parent local-feature construction,GEO-PROXY;installed:in_game/map_data/location_templates.txt,medium,AD 1 local label without postcolonial eponyms.,false
location,lupya,cherdyn_province,land,Upper Kama Glyadenovo Lands: Lup'ya Territory,local geography / sourced AD 1 parent frame / English,ancient-parent local-feature construction,GEO-PROXY;installed:in_game/map_data/location_templates.txt,medium,AD 1 local label without postcolonial eponyms.,false
location,luquan,wuding_province,land,Yuanmou-Northern Dian Foothills,local geography / sourced AD 1 parent frame / English,ancient-parent local-feature construction,GEO-PROXY;installed:in_game/map_data/location_templates.txt,medium,AD 1 local label without postcolonial eponyms.,false
location,luquemba,malanji_province,land,Middle Kwanza–Kassanje: Luquemba Lands,local geography / sourced AD 1 parent frame / English,ancient-parent local-feature construction,GEO-PROXY;installed:in_game/map_data/location_templates.txt,medium,AD 1 local label without postcolonial eponyms.,false
location,lusambo_qandu,lukassi_province,land,Lualaba–Lukassi Iron: Lusambo Qandu Lands,local geography / sourced AD 1 parent frame / English,ancient-parent local-feature construction,GEO-PROXY;installed:in_game/map_data/location_templates.txt,medium,AD 1 local label without postcolonial eponyms.,false
location,lushai,kuki_province,land,Chin–Lushai Highland: Lushai Lands,local geography / sourced AD 1 parent frame / English,ancient-parent local-feature construction,GEO-PROXY;installed:in_game/map_data/location_templates.txt,medium,AD 1 local label without postcolonial eponyms.,false
location,lushan,ruzhou_province,land,Henan Commandery–Ru River: Lushan Lands,local geography / sourced AD 1 parent frame / English,ancient-parent local-feature construction,GEO-PROXY;installed:in_game/map_data/location_templates.txt,medium,AD 1 local label without postcolonial eponyms.,false
location,lushan_yazhou,yazhou_province,land,Qingyi–Qiongdu Shu March: Lushan Yazhou Lands,local geography / sourced AD 1 parent frame / English,ancient-parent local-feature construction,GEO-PROXY;installed:in_game/map_data/location_templates.txt,medium,AD 1 local label without postcolonial eponyms.,false
location,lushi,songzhou_province,land,Henan–Hongnong Mountain: Lushi Lands,local geography / sourced AD 1 parent frame / English,ancient-parent local-feature construction,GEO-PROXY;installed:in_game/map_data/location_templates.txt,medium,AD 1 local label without postcolonial eponyms.,false
location,lusignan,upper_poitou_province,land,Pictones of Limonum: Lusignan Lands,local geography / sourced AD 1 parent frame / English,ancient-parent local-feature construction,GEO-PROXY;installed:in_game/map_data/location_templates.txt,medium,AD 1 local label without postcolonial eponyms.,false
location,lusongui,mweru_province,land,Upemba–Mweru Early-Iron: Lusongui Lands,local geography / sourced AD 1 parent frame / English,ancient-parent local-feature construction,GEO-PROXY;installed:in_game/map_data/location_templates.txt,medium,AD 1 local label without postcolonial eponyms.,false
location,lussuna,lomami_province,land,Lomami–Lualaba Iron: Lussuna Lands,local geography / sourced AD 1 parent frame / English,ancient-parent local-feature construction,GEO-PROXY;installed:in_game/map_data/location_templates.txt,medium,AD 1 local label without postcolonial eponyms.,false
location,lusta,gothia_province,land,Taurian Mountain Fastnesses: Lusta Lands,local geography / sourced AD 1 parent frame / English,ancient-parent local-feature construction,GEO-PROXY;installed:in_game/map_data/location_templates.txt,medium,AD 1 local label without postcolonial eponyms.,false
location,lutai,tongzhou_beizhili_province,land,Yuyang–Guangyang Commandery: Lutai Lands,local geography / sourced AD 1 parent frame / English,ancient-parent local-feature construction,GEO-PROXY;installed:in_game/map_data/location_templates.txt,medium,AD 1 local label without postcolonial eponyms.,false
location,lutang,lintao_province,land,Longxi Commandery at Didao: Lutang Lands,local geography / sourced AD 1 parent frame / English,ancient-parent local-feature construction,GEO-PROXY;installed:in_game/map_data/location_templates.txt,medium,AD 1 local label without postcolonial eponyms.,false
location,lutava,chernihiv_province,land,Desna Zarubintsy Lands: Lutava Territory,local geography / sourced AD 1 parent frame / English,ancient-parent local-feature construction,GEO-PROXY;installed:in_game/map_data/location_templates.txt,medium,AD 1 local label without postcolonial eponyms.,false
location,luthigh,yupangathi_province,land,Yupangathi-Wik Northern Peninsula Lands,local geography / sourced AD 1 parent frame / English,ancient-parent local-feature construction,GEO-PROXY;installed:in_game/map_data/location_templates.txt,medium,AD 1 local label without postcolonial eponyms.,false
location,lutoudian,xiangyang_province,land,Xiangyang–Nanyang Han-Chu: Lutoudian Lands,local geography / sourced AD 1 parent frame / English,ancient-parent local-feature construction,GEO-PROXY;installed:in_game/map_data/location_templates.txt,medium,AD 1 local label without postcolonial eponyms.,false
location,lutselk_e,thubun_province,land,Taltheilei Tu-Nedhé–Nonacho: Lutselk'e Lands,local geography / sourced AD 1 parent frame / English,ancient-parent local-feature construction,GEO-PROXY;installed:in_game/map_data/location_templates.txt,medium,AD 1 local label without postcolonial eponyms.,false
location,lutsk,lutsk_province,land,Pripet–Styr Zarubintsy: Lutsk Lands,local geography / sourced AD 1 parent frame / English,ancient-parent local-feature construction,GEO-PROXY;installed:in_game/map_data/location_templates.txt,medium,AD 1 local label without postcolonial eponyms.,false
location,luujarvi,north_kola_province,land,Kola–Ponoy Sámi: Luujärvi Lands,local geography / sourced AD 1 parent frame / English,ancient-parent local-feature construction,GEO-PROXY;installed:in_game/map_data/location_templates.txt,medium,AD 1 local label without postcolonial eponyms.,false
location,luuq,jubaland_province,land,Juba–Tana Azanian Interior: Luuq Lands,local geography / sourced AD 1 parent frame / English,ancient-parent local-feature construction,GEO-PROXY;installed:in_game/map_data/location_templates.txt,medium,AD 1 local label without postcolonial eponyms.,false
location,luwas_bay,bismarck_coastal_sea_zones_province,sea,Northern Melanesian Island-Arc: Luwas Bay Waters,local geography / sourced AD 1 parent frame / English,ancient-parent local-feature construction,GEO-PROXY;installed:in_game/map_data/location_templates.txt,medium,AD 1 local label without postcolonial eponyms.,false
location,luwu,palopo_province,land,Luwu–Matano Early-Metal Lands: Luwu Territory,local geography / sourced AD 1 parent frame / English,ancient-parent local-feature construction,GEO-PROXY;installed:in_game/map_data/location_templates.txt,medium,AD 1 local label without postcolonial eponyms.,false
location,luxembourg,east_luxembourg_province,land,Andethanna,attested ancient toponym,project-vetted Pleiades coordinate adapter,https://pleiades.stoa.org/places/108743;GEO-PROXY;installed:in_game/map_data/location_templates.txt,low,Pleiades AD 1-active settlement proxy replaces a medieval name.,false
location,luxeuil,amont_province,land,Sequani Upper Saône: Luxeuil Lands,local geography / sourced AD 1 parent frame / English,ancient-parent local-feature construction,GEO-PROXY;installed:in_game/map_data/location_templates.txt,medium,AD 1 local label without postcolonial eponyms.,false
location,luxi,chen_province,land,Yuan–Southern Wuling: Luxi Lands,local geography / sourced AD 1 parent frame / English,ancient-parent local-feature construction,GEO-PROXY;installed:in_game/map_data/location_templates.txt,medium,AD 1 local label without postcolonial eponyms.,false
location,luxian,tongzhou_beizhili_province,land,Yuyang–Guangyang Commandery: Luxian Lands,local geography / sourced AD 1 parent frame / English,ancient-parent local-feature construction,GEO-PROXY;installed:in_game/map_data/location_templates.txt,medium,AD 1 local label without postcolonial eponyms.,false
location,luxiang,laizhou_province,land,Donglai Commandery: Luxiang Lands,local geography / sourced AD 1 parent frame / English,ancient-parent local-feature construction,GEO-PROXY;installed:in_game/map_data/location_templates.txt,medium,AD 1 local label without postcolonial eponyms.,false
location,luyang,yuanzhou_huguang_province,land,Wuling Commandery–Yuan River: Luyang Lands,local geography / sourced AD 1 parent frame / English,ancient-parent local-feature construction,GEO-PROXY;installed:in_game/map_data/location_templates.txt,medium,AD 1 local label without postcolonial eponyms.,false
location,luyi,guide_province,land,Liang Kingdom at Suiyang: Luyi Lands,local geography / sourced AD 1 parent frame / English,ancient-parent local-feature construction,GEO-PROXY;installed:in_game/map_data/location_templates.txt,medium,AD 1 local label without postcolonial eponyms.,false
location,luzhang,lanzhou_province,land,Nujiang–Gaoligong Ailao: Luzhang Lands,local geography / sourced AD 1 parent frame / English,ancient-parent local-feature construction,GEO-PROXY;installed:in_game/map_data/location_templates.txt,medium,AD 1 local label without postcolonial eponyms.,false
location,luzhou,luzhou_sichuan_province,land,Ba Commandery Southern-Yangzi Lands,local geography / sourced AD 1 parent frame / English,ancient-parent local-feature construction,GEO-PROXY;installed:in_game/map_data/location_templates.txt,medium,AD 1 local label without postcolonial eponyms.,false
location,luzon_jungle,pampanga_province,land,Pampanga–Zambales Metal-Age: Luzon Jungle Lands,local geography / sourced AD 1 parent frame / English,ancient-parent local-feature construction,GEO-PROXY;installed:in_game/map_data/location_templates.txt,medium,AD 1 local label without postcolonial eponyms.,false
location,lviv,lviv_province,land,Upper-Bug–Dniester Lipița: Lviv Lands,local geography / sourced AD 1 parent frame / English,ancient-parent local-feature construction,GEO-PROXY;installed:in_game/map_data/location_templates.txt,medium,AD 1 local label without postcolonial eponyms.,false
location,lwena,north_moxico_province,land,Upper-Zambezi–Moxico Iron: Lwena Lands,local geography / sourced AD 1 parent frame / English,ancient-parent local-feature construction,GEO-PROXY;installed:in_game/map_data/location_templates.txt,medium,AD 1 local label without postcolonial eponyms.,false
location,lyady,luzhkaya_province,land,Luga–Plyussa Late-Dyakovo: Lyady Lands,local geography / sourced AD 1 parent frame / English,ancient-parent local-feature construction,GEO-PROXY;installed:in_game/map_data/location_templates.txt,medium,AD 1 local label without postcolonial eponyms.,false
location,lyakhavichy,novogrudok_province,land,Zarubintsy Neman–Pripyat: Lyakhavichy Lands,local geography / sourced AD 1 parent frame / English,ancient-parent local-feature construction,GEO-PROXY;installed:in_game/map_data/location_templates.txt,medium,AD 1 local label without postcolonial eponyms.,false
location,lyakhovichy,derevskaya_province,land,Valdai–Seliger Forest Lands: Lyakhovichy Territory,local geography / sourced AD 1 parent frame / English,ancient-parent local-feature construction,GEO-PROXY;installed:in_game/map_data/location_templates.txt,medium,AD 1 local label without postcolonial eponyms.,false
location,lyaskovets,tarnovo_province,land,Iatrus–Nikopolis Moesian Lands: Lyaskovets Territory,local geography / sourced AD 1 parent frame / English,ancient-parent local-feature construction,GEO-PROXY;installed:in_game/map_data/location_templates.txt,medium,AD 1 local label without postcolonial eponyms.,false
location,lycksele,ume_lappmark_province,land,Sámi Ume–Vindel Lands: Lycksele Territory,local geography / sourced AD 1 parent frame / English,ancient-parent local-feature construction,GEO-PROXY;installed:in_game/map_data/location_templates.txt,medium,AD 1 local label without postcolonial eponyms.,false
location,lycoming,lycoming_province,land,West-Branch Susquehanna: Lycoming Lands,local geography / sourced AD 1 parent frame / English,ancient-parent local-feature construction,GEO-PROXY;installed:in_game/map_data/location_templates.txt,medium,AD 1 local label without postcolonial eponyms.,false
location,lyepyel,polotsk_province,land,Dnieper–Dvina Upper-Dvina: Lyepyel Lands,local geography / sourced AD 1 parent frame / English,ancient-parent local-feature construction,GEO-PROXY;installed:in_game/map_data/location_templates.txt,medium,AD 1 local label without postcolonial eponyms.,false
location,lyme_bay,western_channel_province,sea,Armorican–Dumnonian Sea: Lyme Bay Waters,local geography / sourced AD 1 parent frame / English,ancient-parent local-feature construction,GEO-PROXY;installed:in_game/map_data/location_templates.txt,medium,AD 1 local label without postcolonial eponyms.,false
location,lymington,hampshire_province,land,Belgae of Venta and Vectis: Lymington Lands,local geography / sourced AD 1 parent frame / English,ancient-parent local-feature construction,GEO-PROXY;installed:in_game/map_data/location_templates.txt,medium,AD 1 local label without postcolonial eponyms.,false
location,lyngen,finnmark_coast_province,sea,Hålogaland–Sápmi Waters: Lyngen Reach,local geography / sourced AD 1 parent frame / English,ancient-parent local-feature construction,GEO-PROXY;installed:in_game/map_data/location_templates.txt,medium,AD 1 local label without postcolonial eponyms.,false
location,lyngngam,meghalaya_province,land,Khasi–Jaintia Megalithic: Lyngngam Lands,local geography / sourced AD 1 parent frame / English,ancient-parent local-feature construction,GEO-PROXY;installed:in_game/map_data/location_templates.txt,medium,AD 1 local label without postcolonial eponyms.,false
location,lynn,norfolk_province,land,Iceni of Venta Icenorum: Lingít Lands,local geography / sourced AD 1 parent frame / English,ancient-parent local-feature construction,GEO-PROXY;installed:in_game/map_data/location_templates.txt,medium,AD 1 local label without postcolonial eponyms.,false
location,lyokyochyon,vilyuy_province,land,Vilyuy–Lena Hunting Lands: Lököçöön Territory,local geography / sourced AD 1 parent frame / English,ancient-parent local-feature construction,GEO-PROXY;installed:in_game/map_data/location_templates.txt,medium,AD 1 local label without postcolonial eponyms.,false
location,lyon,lyonnais_province,land,Segusiavi of Lugdunum: Lyon Lands,local geography / sourced AD 1 parent frame / English,ancient-parent local-feature construction,GEO-PROXY;installed:in_game/map_data/location_templates.txt,medium,AD 1 local label without postcolonial eponyms.,false
location,lypova_dolyna,ichnia_province,land,Sula–Psel Zarubintsy: Lypova Dolyna Lands,local geography / sourced AD 1 parent frame / English,ancient-parent local-feature construction,GEO-PROXY;installed:in_game/map_data/location_templates.txt,medium,AD 1 local label without postcolonial eponyms.,false
location,lyskovo,kurmysh_province,land,Gorodets Volga–Sura: Lyskovo Lands,local geography / sourced AD 1 parent frame / English,ancient-parent local-feature construction,GEO-PROXY;installed:in_game/map_data/location_templates.txt,medium,AD 1 local label without postcolonial eponyms.,false
location,lysufjord,vestribygd,land,Dorset Southwest Greenland: Lysufjord Lands,local geography / sourced AD 1 parent frame / English,ancient-parent local-feature construction,GEO-PROXY;installed:in_game/map_data/location_templates.txt,medium,AD 1 local label without postcolonial eponyms.,false
location,lysva,beryozovka_province,land,Upper Kama Glyadenovo Lands: Lysva Territory,local geography / sourced AD 1 parent frame / English,ancient-parent local-feature construction,GEO-PROXY;installed:in_game/map_data/location_templates.txt,medium,AD 1 local label without postcolonial eponyms.,false
location,lysychansk,bakhmut_province,land,Donets–Aorsi Steppe: Lysychansk Lands,local geography / sourced AD 1 parent frame / English,ancient-parent local-feature construction,GEO-PROXY;installed:in_game/map_data/location_templates.txt,medium,AD 1 local label without postcolonial eponyms.,false
location,lysye_gory,atkarsk_province,land,Khopyor–Medveditsa Steppe: Lysye Gory Lands,local geography / sourced AD 1 parent frame / English,ancient-parent local-feature construction,GEO-PROXY;installed:in_game/map_data/location_templates.txt,medium,AD 1 local label without postcolonial eponyms.,false
location,lyuban,lopskaya_province,land,Neva–Ilmen Late-Dyakovo: Lyuban Lands,local geography / sourced AD 1 parent frame / English,ancient-parent local-feature construction,GEO-PROXY;installed:in_game/map_data/location_templates.txt,medium,AD 1 local label without postcolonial eponyms.,false
location,lyubashany,barysaw_province,land,Berezina–Lukoml Lands: Lyubashany Territory,local geography / sourced AD 1 parent frame / English,ancient-parent local-feature construction,GEO-PROXY;installed:in_game/map_data/location_templates.txt,medium,AD 1 local label without postcolonial eponyms.,false
location,lyubcha,novogrudok_province,land,Zarubintsy Neman–Pripyat: Lyubcha Lands,local geography / sourced AD 1 parent frame / English,ancient-parent local-feature construction,GEO-PROXY;installed:in_game/map_data/location_templates.txt,medium,AD 1 local label without postcolonial eponyms.,false
location,lyubichi,rostislavl_province,land,Late-Dyakovo Oka–Lopasnya: Lyubichi Lands,local geography / sourced AD 1 parent frame / English,ancient-parent local-feature construction,GEO-PROXY;installed:in_game/map_data/location_templates.txt,medium,AD 1 local label without postcolonial eponyms.,false
location,lyubim,buy_province,land,Kostroma–Upper Volga Dyakovo: Lyubim Lands,local geography / sourced AD 1 parent frame / English,ancient-parent local-feature construction,GEO-PROXY;installed:in_game/map_data/location_templates.txt,medium,AD 1 local label without postcolonial eponyms.,false
location,lyubno,derevskaya_province,land,Valdai–Seliger Forest Lands: Lyubno Territory,local geography / sourced AD 1 parent frame / English,ancient-parent local-feature construction,GEO-PROXY;installed:in_game/map_data/location_templates.txt,medium,AD 1 local label without postcolonial eponyms.,false
location,lyubun,masalsk_province,land,Upper Oka Dyakovo Lands: Lyubun Territory,local geography / sourced AD 1 parent frame / English,ancient-parent local-feature construction,GEO-PROXY;installed:in_game/map_data/location_templates.txt,medium,AD 1 local label without postcolonial eponyms.,false
location,lyubytino,bezhetskaya_province,land,Msta–Mologa Forest: Lyubytino Lands,local geography / sourced AD 1 parent frame / English,ancient-parent local-feature construction,GEO-PROXY;installed:in_game/map_data/location_templates.txt,medium,AD 1 local label without postcolonial eponyms.,false
location,ma_amtagila,northern_vancouver_province,land,Ma'amtagila Lands,local geography / sourced AD 1 parent frame / English,ancient-parent local-feature construction,GEO-PROXY;installed:in_game/map_data/location_templates.txt,medium,AD 1 local label without postcolonial eponyms.,false
location,ma_tehua_llan,guachichil_province,land,Matehuala–Mazapil Desert Lands: Ma Tehua Llan Territory,local geography / sourced AD 1 parent frame / English,ancient-parent local-feature construction,GEO-PROXY;installed:in_game/map_data/location_templates.txt,medium,AD 1 local label without postcolonial eponyms.,false
location,maalaea_bay,maui_sea_zones_province,sea,Central Hawaiian Inter-Island: Maalaea Bay Waters,local geography / sourced AD 1 parent frame / English,ancient-parent local-feature construction,GEO-PROXY;installed:in_game/map_data/location_templates.txt,medium,AD 1 local label without postcolonial eponyms.,false
location,maan,sharat_province,land,Nabataean Arabia Petraea: Ma'an Lands,local geography / sourced AD 1 parent frame / English,ancient-parent local-feature construction,GEO-PROXY;installed:in_game/map_data/location_templates.txt,medium,AD 1 local label without postcolonial eponyms.,false
location,maan_jungle,cameroon_province,land,Wouri–Sanaga Iron-Age Coast: Maan Jungle Lands,local geography / sourced AD 1 parent frame / English,ancient-parent local-feature construction,GEO-PROXY;installed:in_game/map_data/location_templates.txt,medium,AD 1 local label without postcolonial eponyms.,false
location,maanaagi_iixodagish,manatara_province,land,Upper Missouri Prairie: Maanaagi'iisodagish Lands,local geography / sourced AD 1 parent frame / English,ancient-parent local-feature construction,GEO-PROXY;installed:in_game/map_data/location_templates.txt,medium,AD 1 local label without postcolonial eponyms.,false
location,maaqtusiis,northern_vancouver_province,land,Maaqtsiis Lands,local geography / sourced AD 1 parent frame / English,ancient-parent local-feature construction,GEO-PROXY;installed:in_game/map_data/location_templates.txt,medium,AD 1 local label without postcolonial eponyms.,false
location,maasai,ewaso_ngiro_province,land,Samburu–Ewaso Pastoral Lands: Maasai Territory,local geography / sourced AD 1 parent frame / English,ancient-parent local-feature construction,GEO-PROXY;installed:in_game/map_data/location_templates.txt,medium,AD 1 local label without postcolonial eponyms.,false
location,maaselka,north_kola_province,land,Kola–Ponoy Sámi: Maaselkä Lands,local geography / sourced AD 1 parent frame / English,ancient-parent local-feature construction,GEO-PROXY;installed:in_game/map_data/location_templates.txt,medium,AD 1 local label without postcolonial eponyms.,false
location,maastricht,limburg_province,land,Eburones–Tungri Mosa Lands: Maastricht Territory,local geography / sourced AD 1 parent frame / English,ancient-parent local-feature construction,GEO-PROXY;installed:in_game/map_data/location_templates.txt,medium,AD 1 local label without postcolonial eponyms.,false
location,maatawamkeag,passamaquoddy_province,land,Early-Ceramic Schoodic–Machias: Maatawamkeag Lands,local geography / sourced AD 1 parent frame / English,ancient-parent local-feature construction,GEO-PROXY;installed:in_game/map_data/location_templates.txt,medium,AD 1 local label without postcolonial eponyms.,false
location,maba_celebes,tidore_province,land,Tidore–Halmahera Metal-Age: Maba Lands,local geography / sourced AD 1 parent frame / English,ancient-parent local-feature construction,GEO-PROXY;installed:in_game/map_data/location_templates.txt,medium,AD 1 local label without postcolonial eponyms.,false
location,mabale,lukenie_province,land,Lukenie–Kasai Iron: Mabale Lands,local geography / sourced AD 1 parent frame / English,ancient-parent local-feature construction,GEO-PROXY;installed:in_game/map_data/location_templates.txt,medium,AD 1 local label without postcolonial eponyms.,false
location,mabein,manmaw_province,land,Shweli–Taping Highland: Mabein Lands,local geography / sourced AD 1 parent frame / English,ancient-parent local-feature construction,GEO-PROXY;installed:in_game/map_data/location_templates.txt,medium,AD 1 local label without postcolonial eponyms.,false
location,mabian,mahu_province,land,Qianwei–Yuexi Mountain March: Mabian Lands,local geography / sourced AD 1 parent frame / English,ancient-parent local-feature construction,GEO-PROXY;installed:in_game/map_data/location_templates.txt,medium,AD 1 local label without postcolonial eponyms.,false
location,mabila,mabila_province,land,Alabama–Tombigbee Woodland: Mabila Lands,local geography / sourced AD 1 parent frame / English,ancient-parent local-feature construction,GEO-PROXY;installed:in_game/map_data/location_templates.txt,medium,AD 1 local label without postcolonial eponyms.,false
location,mabu,luan_nanzhili_province,land,Lujiang Commandery–Huai: Mabu Lands,local geography / sourced AD 1 parent frame / English,ancient-parent local-feature construction,GEO-PROXY;installed:in_game/map_data/location_templates.txt,medium,AD 1 local label without postcolonial eponyms.,false
location,mabunda,kabompo_province,land,Upper Zambezi–Kabompo: Mabunda Lands,local geography / sourced AD 1 parent frame / English,ancient-parent local-feature construction,GEO-PROXY;installed:in_game/map_data/location_templates.txt,medium,AD 1 local label without postcolonial eponyms.,false
location,mabuya,camaguey_province,land,Central Cuban Archaic Lands: Mabuya Territory,local geography / sourced AD 1 parent frame / English,ancient-parent local-feature construction,GEO-PROXY;installed:in_game/map_data/location_templates.txt,medium,AD 1 local label without postcolonial eponyms.,false
location,mabveni,upper_runde_province,land,Shashe–Runde Hunter-Farmer: Mabveni Lands,local geography / sourced AD 1 parent frame / English,ancient-parent local-feature construction,GEO-PROXY;installed:in_game/map_data/location_templates.txt,medium,AD 1 local label without postcolonial eponyms.,false
location,macaca,bayamo_province,land,Cauto–Eastern Cuba: Macaca Lands,local geography / sourced AD 1 parent frame / English,ancient-parent local-feature construction,GEO-PROXY;installed:in_game/map_data/location_templates.txt,medium,AD 1 local label without postcolonial eponyms.,false
location,macaclita,macaclita_province,land,Salinas-Grandes–Dulce-River: Macaclita Lands,local geography / sourced AD 1 parent frame / English,ancient-parent local-feature construction,GEO-PROXY;installed:in_game/map_data/location_templates.txt,medium,AD 1 local label without postcolonial eponyms.,false
location,macaregua,boiaca_province,land,Eastern Herrera Highlands,local geography / sourced AD 1 parent frame / English,ancient-parent local-feature construction,GEO-PROXY;installed:in_game/map_data/location_templates.txt,medium,AD 1 local label without postcolonial eponyms.,false
location,macas,kofan_province,land,Napo–Pastaza Woodland: Macas Lands,local geography / sourced AD 1 parent frame / English,ancient-parent local-feature construction,GEO-PROXY;installed:in_game/map_data/location_templates.txt,medium,AD 1 local label without postcolonial eponyms.,false
location,macassa,niagara_province,land,Niagara–Ontario: Macassa Lands,local geography / sourced AD 1 parent frame / English,ancient-parent local-feature construction,GEO-PROXY;installed:in_game/map_data/location_templates.txt,medium,AD 1 local label without postcolonial eponyms.,false
location,macauba,tocantins_province,land,Macro-Jê Tocantins–Araguaia: Macauba Lands,local geography / sourced AD 1 parent frame / English,ancient-parent local-feature construction,GEO-PROXY;installed:in_game/map_data/location_templates.txt,medium,AD 1 local label without postcolonial eponyms.,false
location,macaw_coast_1,tuvalu_coastal_sea_zones_province,sea,Funafuti–Nanumea Atoll Waters: Northern Reef Reach,local geography / sourced AD 1 parent frame / English,ancient-parent local-feature construction,GEO-PROXY;installed:in_game/map_data/location_templates.txt,medium,AD 1 local label without postcolonial eponyms.,false
location,macaw_coast_2,tuvalu_coastal_sea_zones_province,sea,Funafuti–Nanumea Atoll Waters: Southern Reef Reach,local geography / sourced AD 1 parent frame / English,ancient-parent local-feature construction,GEO-PROXY;installed:in_game/map_data/location_templates.txt,medium,AD 1 local label without postcolonial eponyms.,false
location,macaya,ayaviri_province,land,Pukara–Ayaviri Highlands: Macaya Lands,local geography / sourced AD 1 parent frame / English,ancient-parent local-feature construction,GEO-PROXY;installed:in_game/map_data/location_templates.txt,medium,AD 1 local label without postcolonial eponyms.,false
location,maccan,agg_piktuk_province,land,Piktuk–Siknikt Littoral: Akumaqnuk Lands,local geography / sourced AD 1 parent frame / English,ancient-parent local-feature construction,GEO-PROXY;installed:in_game/map_data/location_templates.txt,medium,AD 1 local label without postcolonial eponyms.,false
location,macclesfield,cheshire_province,land,Cornovii–Deva Eastern Plain,local geography / sourced AD 1 parent frame / English,ancient-parent local-feature construction,GEO-PROXY;installed:in_game/map_data/location_templates.txt,medium,AD 1 local label without postcolonial eponyms.,false
location,macedo,tras_os_montes,land,Zoelae of Aquae Flaviae–Durius Uplands,local geography / sourced AD 1 parent frame / English,ancient-parent local-feature construction,GEO-PROXY;installed:in_game/map_data/location_templates.txt,medium,AD 1 local label without postcolonial eponyms.,false
location,macenta,kpelle_province,land,Upper Cavally Iron-Age: Macenta Lands,local geography / sourced AD 1 parent frame / English,ancient-parent local-feature construction,GEO-PROXY;installed:in_game/map_data/location_templates.txt,medium,AD 1 local label without postcolonial eponyms.,false
location,macerata,marche_province,land,Picenum–Umbrian Adriatic March: Helvia Recina Lands,local geography / sourced AD 1 parent frame / English,ancient-parent local-feature construction,GEO-PROXY;installed:in_game/map_data/location_templates.txt,medium,AD 1 local label without postcolonial eponyms.,false
location,macha,eastern_sym_province,land,Lena–Patom Taiga: Maaça Lands,local geography / sourced AD 1 parent frame / English,ancient-parent local-feature construction,GEO-PROXY;installed:in_game/map_data/location_templates.txt,medium,AD 1 local label without postcolonial eponyms.,false
location,machakh,kustuur_province,land,Dulgalakh–Yana Arctic Hunting: Maçax Lands,local geography / sourced AD 1 parent frame / English,ancient-parent local-feature construction,GEO-PROXY;installed:in_game/map_data/location_templates.txt,medium,AD 1 local label without postcolonial eponyms.,false
location,machala,guancavilca_province,land,Bahía–Guangala Guayas Coast: Machala Lands,local geography / sourced AD 1 parent frame / English,ancient-parent local-feature construction,GEO-PROXY;installed:in_game/map_data/location_templates.txt,medium,AD 1 local label without postcolonial eponyms.,false
location,machame,upper_gafana_province,land,Kilimanjaro–Taita Pastoral: Machame Lands,local geography / sourced AD 1 parent frame / English,ancient-parent local-feature construction,GEO-PROXY;installed:in_game/map_data/location_templates.txt,medium,AD 1 local label without postcolonial eponyms.,false
location,machang,xilong_province,land,Yelang–Yulin Xi'ou March: Machang Lands,local geography / sourced AD 1 parent frame / English,ancient-parent local-feature construction,GEO-PROXY;installed:in_game/map_data/location_templates.txt,medium,AD 1 local label without postcolonial eponyms.,false
location,machaqa,tiwanaku_province,land,Tiwanaku–Katari Formative: Machaqa Lands,local geography / sourced AD 1 parent frame / English,ancient-parent local-feature construction,GEO-PROXY;installed:in_game/map_data/location_templates.txt,medium,AD 1 local label without postcolonial eponyms.,false
location,machecoul,nantais_province,land,Condevicnum–Namnetes Armorica: Machecoul Lands,local geography / sourced AD 1 parent frame / English,ancient-parent local-feature construction,GEO-PROXY;installed:in_game/map_data/location_templates.txt,medium,AD 1 local label without postcolonial eponyms.,false
location,machekha,yelan_province,land,Ilovlya–Medveditsa Aorsi: Machekha Lands,local geography / sourced AD 1 parent frame / English,ancient-parent local-feature construction,GEO-PROXY;installed:in_game/map_data/location_templates.txt,medium,AD 1 local label without postcolonial eponyms.,false
location,macheng,huangzhou_province,land,Jiangxia Eastern Riverlands: Macheng Lands,local geography / sourced AD 1 parent frame / English,ancient-parent local-feature construction,GEO-PROXY;installed:in_game/map_data/location_templates.txt,medium,AD 1 local label without postcolonial eponyms.,false
location,macheng_luanzhou,luanzhou_province,land,Youbeiping Commandery–Luan: Macheng Luanzhou Lands,local geography / sourced AD 1 parent frame / English,ancient-parent local-feature construction,GEO-PROXY;installed:in_game/map_data/location_templates.txt,medium,AD 1 local label without postcolonial eponyms.,false
location,macherla,kamma_nadu,land,Krishna–Palnadu Andhra Country: Macherla Lands,local geography / sourced AD 1 parent frame / English,ancient-parent local-feature construction,GEO-PROXY;installed:in_game/map_data/location_templates.txt,medium,AD 1 local label without postcolonial eponyms.,false
location,machevna,kerek_province,land,Olyutor–Koryak Upland: Machevna Lands,local geography / sourced AD 1 parent frame / English,ancient-parent local-feature construction,GEO-PROXY;installed:in_game/map_data/location_templates.txt,medium,AD 1 local label without postcolonial eponyms.,false
location,machias,passamaquoddy_province,land,Early-Ceramic Schoodic–Machias: Machias Lands,local geography / sourced AD 1 parent frame / English,ancient-parent local-feature construction,GEO-PROXY;installed:in_game/map_data/location_templates.txt,medium,AD 1 local label without postcolonial eponyms.,false
location,machichi,kamisak_province,land,Kazan–Thelon Tundra: Machichi Lands,local geography / sourced AD 1 parent frame / English,ancient-parent local-feature construction,GEO-PROXY;installed:in_game/map_data/location_templates.txt,medium,AD 1 local label without postcolonial eponyms.,false
location,machisque,peribonka_province,land,Laurel Piekouagami–Mistassibi: Machisque Lands,local geography / sourced AD 1 parent frame / English,ancient-parent local-feature construction,GEO-PROXY;installed:in_game/map_data/location_templates.txt,medium,AD 1 local label without postcolonial eponyms.,false
location,machul,ramhormoz_province,land,Hedyphon–Elymais Eastern Plain: Māchūl Lands,local geography / sourced AD 1 parent frame / English,ancient-parent local-feature construction,GEO-PROXY;installed:in_game/map_data/location_templates.txt,medium,AD 1 local label without postcolonial eponyms.,false
location,machynlleth,powys_province,land,Upper Sabrina–Ordovices Lands: Machynlleth Territory,local geography / sourced AD 1 parent frame / English,ancient-parent local-feature construction,GEO-PROXY;installed:in_game/map_data/location_templates.txt,medium,AD 1 local label without postcolonial eponyms.,false
location,macina,macina_province,land,Macina–Niger-Delta Iron: Macina Lands,local geography / sourced AD 1 parent frame / English,ancient-parent local-feature construction,GEO-PROXY;installed:in_game/map_data/location_templates.txt,medium,AD 1 local label without postcolonial eponyms.,false
location,mackay_lake,wecho_province,lake,Coppermine–Contwoyto Shield: Central Lake Basin,local geography / sourced AD 1 parent frame / English,ancient-parent local-feature construction,GEO-PROXY;installed:in_game/map_data/location_templates.txt,medium,AD 1 local label without postcolonial eponyms.,false
location,mackay_lake_australia,kundal_province,lake,Great-Sandy Desert: Wilkinkarra Basin,local geography / sourced AD 1 parent frame / English,ancient-parent local-feature construction,GEO-PROXY;installed:in_game/map_data/location_templates.txt,medium,AD 1 local label without postcolonial eponyms.,false
location,mackenzie,lower_mackenzie_province,land,Dehcho Delta Maritime: Southern Lands,local geography / sourced AD 1 parent frame / English,ancient-parent local-feature construction,GEO-PROXY;installed:in_game/map_data/location_templates.txt,medium,AD 1 local label without postcolonial eponyms.,false
location,mackenzie_mtns,pelly_river_province,land,Ts’ekínyäk–Ross Cordillera: Northeastern Highlands,local geography / sourced AD 1 parent frame / English,ancient-parent local-feature construction,GEO-PROXY;installed:in_game/map_data/location_templates.txt,medium,AD 1 local label without postcolonial eponyms.,false
location,mackenzie_uplands,north_sahtu_province,land,Sahtu–Great-Bear Tundra: Southwestern Lands,local geography / sourced AD 1 parent frame / English,ancient-parent local-feature construction,GEO-PROXY;installed:in_game/map_data/location_templates.txt,medium,AD 1 local label without postcolonial eponyms.,false
location,mackinac,mackinac_province,land,Great-Lakes-Straits Woodland: Munuscong Lands,local geography / sourced AD 1 parent frame / English,ancient-parent local-feature construction,GEO-PROXY;installed:in_game/map_data/location_templates.txt,medium,AD 1 local label without postcolonial eponyms.,false
location,macomer,logudoro_province,land,Makopsisa,attested ancient toponym,reviewed Pleiades field identity,https://pleiades.stoa.org/places/471967;GEO-PROXY;installed:in_game/map_data/location_templates.txt,medium,Reviewed AD 1-active Pleiades identity replaces the later field name.,false
location,macon,autunnais_province,land,Augustodunum–Bibracte: Matisco Lands,local geography / sourced AD 1 parent frame / English,ancient-parent local-feature construction,GEO-PROXY;installed:in_game/map_data/location_templates.txt,medium,AD 1 local label without postcolonial eponyms.,false
location,macoriges,havana_province,land,Western Cuba Archaic–Ceramic: Macoriges Lands,local geography / sourced AD 1 parent frame / English,ancient-parent local-feature construction,GEO-PROXY;installed:in_game/map_data/location_templates.txt,medium,AD 1 local label without postcolonial eponyms.,false
location,macoupin,cahokia_province,land,Havana–Marksville Confluence: Macoupin Lands,local geography / sourced AD 1 parent frame / English,ancient-parent local-feature construction,GEO-PROXY;installed:in_game/map_data/location_templates.txt,medium,AD 1 local label without postcolonial eponyms.,false
location,macquarie,murihiku_province,land,Southern-Ocean Volcanic Island,local geography / sourced AD 1 parent frame / English,ancient-parent local-feature construction,GEO-PROXY;installed:in_game/map_data/location_templates.txt,medium,AD 1 local label without postcolonial eponyms.,false
location,macquarie_heads_shore,tasmania_province_coast,sea,Lutruwita Southern Waters: Southern Reach,local geography / sourced AD 1 parent frame / English,ancient-parent local-feature construction,GEO-PROXY;installed:in_game/map_data/location_templates.txt,medium,AD 1 local label without postcolonial eponyms.,false
location,macuxi,macuxi_province,land,Rupununi–Takutu Horticultural: Macuxi Lands,local geography / sourced AD 1 parent frame / English,ancient-parent local-feature construction,GEO-PROXY;installed:in_game/map_data/location_templates.txt,medium,AD 1 local label without postcolonial eponyms.,false
location,macuze,ucungo_province,land,Early-Bantu Zambezi–Lomwe: Macuze Lands,local geography / sourced AD 1 parent frame / English,ancient-parent local-feature construction,GEO-PROXY;installed:in_game/map_data/location_templates.txt,medium,AD 1 local label without postcolonial eponyms.,false
location,madaba,sharat_province,land,Nabataean Arabia Petraea: Madaba Lands,local geography / sourced AD 1 parent frame / English,ancient-parent local-feature construction,GEO-PROXY;installed:in_game/map_data/location_templates.txt,medium,AD 1 local label without postcolonial eponyms.,false
location,madakalapu,pihiti,land,Anuradhapura–Rajarata: Madakalapu Lands,local geography / sourced AD 1 parent frame / English,ancient-parent local-feature construction,GEO-PROXY;installed:in_game/map_data/location_templates.txt,medium,AD 1 local label without postcolonial eponyms.,false
location,madanda,pungwe_province,land,Pungwe–Sofala Early-Iron Coast: Madanda Lands,local geography / sourced AD 1 parent frame / English,ancient-parent local-feature construction,GEO-PROXY;installed:in_game/map_data/location_templates.txt,medium,AD 1 local label without postcolonial eponyms.,false
location,madaran,bishnupur_province,land,Rāḍha and Suhma Littoral: Madaran Lands,local geography / sourced AD 1 parent frame / English,ancient-parent local-feature construction,GEO-PROXY;installed:in_game/map_data/location_templates.txt,medium,AD 1 local label without postcolonial eponyms.,false
location,madas,djerid_province,land,Capsian Chott–Gafsa Oases: Madas Lands,local geography / sourced AD 1 parent frame / English,ancient-parent local-feature construction,GEO-PROXY;installed:in_game/map_data/location_templates.txt,medium,AD 1 local label without postcolonial eponyms.,false
location,madaun,upper_kolyma_province,land,Kolyma–Bakhapcha Hunting Lands: Madaun Territory,local geography / sourced AD 1 parent frame / English,ancient-parent local-feature construction,GEO-PROXY;installed:in_game/map_data/location_templates.txt,medium,AD 1 local label without postcolonial eponyms.,false
location,madawaska,madawaska_province,land,Upper-Wəlastəkw–Madawaska: Madawaska Lands,local geography / sourced AD 1 parent frame / English,ancient-parent local-feature construction,GEO-PROXY;installed:in_game/map_data/location_templates.txt,medium,AD 1 local label without postcolonial eponyms.,false
location,maddela,upper_cagayan_province,land,Cagayan Iron-Age Valley Lands: Maddela Territory,local geography / sourced AD 1 parent frame / English,ancient-parent local-feature construction,GEO-PROXY;installed:in_game/map_data/location_templates.txt,medium,AD 1 local label without postcolonial eponyms.,false
location,madeira_amazon_jungle,manaos_province,land,Açutuba: Northern Great-River Forest,local geography / sourced AD 1 parent frame / English,ancient-parent local-feature construction,GEO-PROXY;installed:in_game/map_data/location_templates.txt,medium,AD 1 local label without postcolonial eponyms.,false
location,madembe,niari_province,land,Niari–Lopé Early-Iron Forests: Madembe Lands,local geography / sourced AD 1 parent frame / English,ancient-parent local-feature construction,GEO-PROXY;installed:in_game/map_data/location_templates.txt,medium,AD 1 local label without postcolonial eponyms.,false
location,maden,doberai_province,land,Doberai–Maybrat Forest: Maden Lands,local geography / sourced AD 1 parent frame / English,ancient-parent local-feature construction,GEO-PROXY;installed:in_game/map_data/location_templates.txt,medium,AD 1 local label without postcolonial eponyms.,false
location,madgaon,kanara,land,Konkana–Goa Monsoon Coast: Madgaon Lands,local geography / sourced AD 1 parent frame / English,ancient-parent local-feature construction,GEO-PROXY;installed:in_game/map_data/location_templates.txt,medium,AD 1 local label without postcolonial eponyms.,false
location,madhubani,darbhanga_province,land,Mithila–Videha Heartland: Madhubani Lands,local geography / sourced AD 1 parent frame / English,ancient-parent local-feature construction,GEO-PROXY;installed:in_game/map_data/location_templates.txt,medium,AD 1 local label without postcolonial eponyms.,false
location,madi,equatoria_province,land,White Nile–Lado Corridor: Madi Lands,local geography / sourced AD 1 parent frame / English,ancient-parent local-feature construction,GEO-PROXY;installed:in_game/map_data/location_templates.txt,medium,AD 1 local label without postcolonial eponyms.,false
location,madi_madi,dadi_dadi_province,land,Millewa–Murrumbidgee Lands: Madi madi Territory,local geography / sourced AD 1 parent frame / English,ancient-parent local-feature construction,GEO-PROXY;installed:in_game/map_data/location_templates.txt,medium,AD 1 local label without postcolonial eponyms.,false
location,madi_yuanling,chen_province,land,Yuan–Southern Wuling: Madi Yuanling Lands,local geography / sourced AD 1 parent frame / English,ancient-parent local-feature construction,GEO-PROXY;installed:in_game/map_data/location_templates.txt,medium,AD 1 local label without postcolonial eponyms.,false
location,madila,aures_province,land,Aurasion Highlands: Madila Lands,local geography / sourced AD 1 parent frame / English,ancient-parent local-feature construction,GEO-PROXY;installed:in_game/map_data/location_templates.txt,medium,AD 1 local label without postcolonial eponyms.,false
location,madin_bani_sulaym,hinakiyah_province,land,Thamudic Yathrib–Hegra Route: Ma'din Banī Sulaym Lands,local geography / sourced AD 1 parent frame / English,ancient-parent local-feature construction,GEO-PROXY;installed:in_game/map_data/location_templates.txt,medium,AD 1 local label without postcolonial eponyms.,false
location,madinat_alawiyyin,tlemcen_province,land,Mauri of Siga–Pomaria: Medina of the 'Alids Lands,local geography / sourced AD 1 parent frame / English,ancient-parent local-feature construction,GEO-PROXY;installed:in_game/map_data/location_templates.txt,medium,AD 1 local label without postcolonial eponyms.,false
location,madinat_far,raqqa_province,land,Euphrates of Nikephorion–Sura: Madinat al-Far Lands,local geography / sourced AD 1 parent frame / English,ancient-parent local-feature construction,GEO-PROXY;installed:in_game/map_data/location_templates.txt,medium,AD 1 local label without postcolonial eponyms.,false
location,madjul,qabisa_province,land,Tacapae–Thaenae Byzacena Coast: Madjul Lands,local geography / sourced AD 1 parent frame / English,ancient-parent local-feature construction,GEO-PROXY;installed:in_game/map_data/location_templates.txt,medium,AD 1 local label without postcolonial eponyms.,false
location,madoi,golog_province,land,Amnye Machen–Upper Huang He: Madoi Lands,local geography / sourced AD 1 parent frame / English,ancient-parent local-feature construction,GEO-PROXY;installed:in_game/map_data/location_templates.txt,medium,AD 1 local label without postcolonial eponyms.,false
location,madras,tondai_nadu,land,Tondai of Kanchi–Arikamedu: Madras Lands,local geography / sourced AD 1 parent frame / English,ancient-parent local-feature construction,GEO-PROXY;installed:in_game/map_data/location_templates.txt,medium,AD 1 local label without postcolonial eponyms.,false
location,madre_lagoon,tamaulipeco_coast_sea_zones_province,sea,Pánuco–Madre Gulf Waters: Madre Lagoon Reach,local geography / sourced AD 1 parent frame / English,ancient-parent local-feature construction,GEO-PROXY;installed:in_game/map_data/location_templates.txt,medium,AD 1 local label without postcolonial eponyms.,false
location,madre_mountains,culiacan_province,land,Sinaloa–Piaxtla Valleys: Madre Mountains,local geography / sourced AD 1 parent frame / English,ancient-parent local-feature construction,GEO-PROXY;installed:in_game/map_data/location_templates.txt,medium,AD 1 local label without postcolonial eponyms.,false
location,madrid,madrid_province,land,Carpetani of Complutum–Mantua: Madrid Lands,local geography / sourced AD 1 parent frame / English,ancient-parent local-feature construction,GEO-PROXY;installed:in_game/map_data/location_templates.txt,medium,AD 1 local label without postcolonial eponyms.,false
location,madrona_range,west_mancha_province,land,Sisapo–Oretanian Mining Lands: Madrona Range,local geography / sourced AD 1 parent frame / English,ancient-parent local-feature construction,GEO-PROXY;installed:in_game/map_data/location_templates.txt,medium,AD 1 local label without postcolonial eponyms.,false
location,madugula,kalingandhra,land,Kalinga–Andhra Eastern Ghats: Madugula Lands,local geography / sourced AD 1 parent frame / English,ancient-parent local-feature construction,GEO-PROXY;installed:in_game/map_data/location_templates.txt,medium,AD 1 local label without postcolonial eponyms.,false
location,maduna,ciid_province,land,Golis–Nugaal Pastoral: Maduna Lands,local geography / sourced AD 1 parent frame / English,ancient-parent local-feature construction,GEO-PROXY;installed:in_game/map_data/location_templates.txt,medium,AD 1 local label without postcolonial eponyms.,false
location,madura_strait,cirebon_coast_sea_province,land,Java Sea-Madura Passage Shore,local geography / sourced AD 1 parent frame / English,ancient-parent local-feature construction,GEO-PROXY;installed:in_game/map_data/location_templates.txt,medium,AD 1 local label without postcolonial eponyms.,false
location,madurai,pandya_nadu,land,Pandya Realm of Madurai–Korkai: Madurai Lands,local geography / sourced AD 1 parent frame / English,ancient-parent local-feature construction,GEO-PROXY;installed:in_game/map_data/location_templates.txt,medium,AD 1 local label without postcolonial eponyms.,false
location,maduranthakam,tondai_nadu,land,Tondai of Kanchi–Arikamedu: Maduranthakam Lands,local geography / sourced AD 1 parent frame / English,ancient-parent local-feature construction,GEO-PROXY;installed:in_game/map_data/location_templates.txt,medium,AD 1 local label without postcolonial eponyms.,false
location,madwas,baghelkhand,land,Chedi–Atavika: Madwas Lands,local geography / sourced AD 1 parent frame / English,ancient-parent local-feature construction,GEO-PROXY;installed:in_game/map_data/location_templates.txt,medium,AD 1 local label without postcolonial eponyms.,false
location,mae_hong_son,muang_yuam_province,land,Salween–Ping Highland: Mae Hong Son Lands,local geography / sourced AD 1 parent frame / English,ancient-parent local-feature construction,GEO-PROXY;installed:in_game/map_data/location_templates.txt,medium,AD 1 local label without postcolonial eponyms.,false
location,mae_sot,tak_province,land,Mae Ping–Salween Iron-Age: Mae Sot Lands,local geography / sourced AD 1 parent frame / English,ancient-parent local-feature construction,GEO-PROXY;installed:in_game/map_data/location_templates.txt,medium,AD 1 local label without postcolonial eponyms.,false
location,maerkang,songpan_province,land,Qiang Minshan–Upper-Min Lands: Maerkang Territory,local geography / sourced AD 1 parent frame / English,ancient-parent local-feature construction,GEO-PROXY;installed:in_game/map_data/location_templates.txt,medium,AD 1 local label without postcolonial eponyms.,false
location,maevatanana,inner_iboina_province,land,Northwestern Madagascar: Maevatanana Lands,local geography / sourced AD 1 parent frame / English,ancient-parent local-feature construction,GEO-PROXY;installed:in_game/map_data/location_templates.txt,medium,AD 1 local label without postcolonial eponyms.,false
location,maewo,ambae_province,land,Aoba–Malakula Lapita Isles: Maewo Lands,local geography / sourced AD 1 parent frame / English,ancient-parent local-feature construction,GEO-PROXY;installed:in_game/map_data/location_templates.txt,medium,AD 1 local label without postcolonial eponyms.,false
location,mafia_channel,zanzibar_coast_sea_province,sea,Azania–Menuthias Channel: Mafia Passage,local geography / sourced AD 1 parent frame / English,ancient-parent local-feature construction,GEO-PROXY;installed:in_game/map_data/location_templates.txt,medium,AD 1 local label without postcolonial eponyms.,false
location,mafia_island,zanzibar_coast_sea_province,sea,Azania–Menuthias Channel: Mafia Island Waters,local geography / sourced AD 1 parent frame / English,ancient-parent local-feature construction,GEO-PROXY;installed:in_game/map_data/location_templates.txt,medium,AD 1 local label without postcolonial eponyms.,false
location,mafra,xokleng_province,land,Itajaí–Iguaçu Atlantic-Forest: Mafra Lands,local geography / sourced AD 1 parent frame / English,ancient-parent local-feature construction,GEO-PROXY;installed:in_game/map_data/location_templates.txt,medium,AD 1 local label without postcolonial eponyms.,false
location,magadan,magadan_province,land,Tauisk–Okhotsk Maritime: Magadan Lands,local geography / sourced AD 1 parent frame / English,ancient-parent local-feature construction,GEO-PROXY;installed:in_game/map_data/location_templates.txt,medium,AD 1 local label without postcolonial eponyms.,false
location,magadan_range,magadan_province,land,Tauisk–Okhotsk Maritime: Magadan Range,local geography / sourced AD 1 parent frame / English,ancient-parent local-feature construction,GEO-PROXY;installed:in_game/map_data/location_templates.txt,medium,AD 1 local label without postcolonial eponyms.,false
location,magadi,chitradurga_province,land,Chitradurga–Tumkur Megalithic: Magadi Lands,local geography / sourced AD 1 parent frame / English,ancient-parent local-feature construction,GEO-PROXY;installed:in_game/map_data/location_templates.txt,medium,AD 1 local label without postcolonial eponyms.,false
location,magaguadavic,manan_province,land,Passamaquoddy–Manan Woodlands: Magaguadavic Lands,local geography / sourced AD 1 parent frame / English,ancient-parent local-feature construction,GEO-PROXY;installed:in_game/map_data/location_templates.txt,medium,AD 1 local label without postcolonial eponyms.,false
location,magalo,pampanga_province,land,Pampanga–Zambales Metal-Age: Magalo Lands,local geography / sourced AD 1 parent frame / English,ancient-parent local-feature construction,GEO-PROXY;installed:in_game/map_data/location_templates.txt,medium,AD 1 local label without postcolonial eponyms.,false
location,magan,yakutia_province,land,Middle Lena–Aldan Taiga: Magan Lands,local geography / sourced AD 1 parent frame / English,ancient-parent local-feature construction,GEO-PROXY;installed:in_game/map_data/location_templates.txt,medium,AD 1 local label without postcolonial eponyms.,false
location,maganasipi,temiscamingue_province,land,Temiskaming–Kipawa Shield: Maganasipi Lands,local geography / sourced AD 1 parent frame / English,ancient-parent local-feature construction,GEO-PROXY;installed:in_game/map_data/location_templates.txt,medium,AD 1 local label without postcolonial eponyms.,false
location,magdalenas,aztatlan_province,land,Coastal Shaft-Tomb Lands: Northeastern Territory,local geography / sourced AD 1 parent frame / English,ancient-parent local-feature construction,GEO-PROXY;installed:in_game/map_data/location_templates.txt,medium,AD 1 local label without postcolonial eponyms.,false
location,magdeburg,magdeburger_borde_province,land,Semnones–Hermunduri Elbe: Magdeburg Lands,local geography / sourced AD 1 parent frame / English,ancient-parent local-feature construction,GEO-PROXY;installed:in_game/map_data/location_templates.txt,medium,AD 1 local label without postcolonial eponyms.,false
location,mage,nheteroia_province,land,Guanabara–Paraíba: Magé Lands,local geography / sourced AD 1 parent frame / English,ancient-parent local-feature construction,GEO-PROXY;installed:in_game/map_data/location_templates.txt,medium,AD 1 local label without postcolonial eponyms.,false
location,maghana,khaaso_province,land,Upper-Senegal–Falémé Iron: Maghana Lands,local geography / sourced AD 1 parent frame / English,ancient-parent local-feature construction,GEO-PROXY;installed:in_game/map_data/location_templates.txt,medium,AD 1 local label without postcolonial eponyms.,false
location,magherafelt,derry_province,land,Darini–Robogdii: Magherafelt Lands,local geography / sourced AD 1 parent frame / English,ancient-parent local-feature construction,GEO-PROXY;installed:in_game/map_data/location_templates.txt,medium,AD 1 local label without postcolonial eponyms.,false
location,magnetawan,shawanaga_province,land,Middle-Woodland: Magnetawan Lands,local geography / sourced AD 1 parent frame / English,ancient-parent local-feature construction,GEO-PROXY;installed:in_game/map_data/location_templates.txt,medium,AD 1 local label without postcolonial eponyms.,false
location,magon,moron_province,land,Central-Cuba Ceramic-Age: Magon Lands,local geography / sourced AD 1 parent frame / English,ancient-parent local-feature construction,GEO-PROXY;installed:in_game/map_data/location_templates.txt,medium,AD 1 local label without postcolonial eponyms.,false
location,magorix,magua_province,land,Cibao Saladoid: Magorix Lands,local geography / sourced AD 1 parent frame / English,ancient-parent local-feature construction,GEO-PROXY;installed:in_game/map_data/location_templates.txt,medium,AD 1 local label without postcolonial eponyms.,false
location,magpie_massif,minganie_province,land,Point-Revenge: Magpie Massif Lands,local geography / sourced AD 1 parent frame / English,ancient-parent local-feature construction,GEO-PROXY;installed:in_game/map_data/location_templates.txt,medium,AD 1 local label without postcolonial eponyms.,false
location,maguana,maguana_province,land,Central-Ayiti–Kiskeya Saladoid: Maguana Lands,local geography / sourced AD 1 parent frame / English,ancient-parent local-feature construction,GEO-PROXY;installed:in_game/map_data/location_templates.txt,medium,AD 1 local label without postcolonial eponyms.,false
location,maguanes,bayamo_province,land,Cauto–Eastern Cuba: Maguanes Lands,local geography / sourced AD 1 parent frame / English,ancient-parent local-feature construction,GEO-PROXY;installed:in_game/map_data/location_templates.txt,medium,AD 1 local label without postcolonial eponyms.,false
location,maguary_point,arua_coastal_sea_zones_province,sea,Guiana–Araguari Littoral: Maguary Point Waters,local geography / sourced AD 1 parent frame / English,ancient-parent local-feature construction,GEO-PROXY;installed:in_game/map_data/location_templates.txt,medium,AD 1 local label without postcolonial eponyms.,false
location,maguela,mbanza_kongo_province,land,Lower-Nzadi Early-Iron: Maguela Lands,local geography / sourced AD 1 parent frame / English,ancient-parent local-feature construction,GEO-PROXY;installed:in_game/map_data/location_templates.txt,medium,AD 1 local label without postcolonial eponyms.,false
location,magueyes,tamaulipeco_province,land,Lower Pánuco–Sierra Madre: Magueyes Lands,local geography / sourced AD 1 parent frame / English,ancient-parent local-feature construction,GEO-PROXY;installed:in_game/map_data/location_templates.txt,medium,AD 1 local label without postcolonial eponyms.,false
location,magway,pagan_province,land,Pyu Irrawaddy Dry-Zone Lands: Magway Territory,local geography / sourced AD 1 parent frame / English,ancient-parent local-feature construction,GEO-PROXY;installed:in_game/map_data/location_templates.txt,medium,AD 1 local label without postcolonial eponyms.,false
location,magyarovar,sopron_province,land,Scarbantia–Arrabona Pannonia: Magyaróvár Lands,local geography / sourced AD 1 parent frame / English,ancient-parent local-feature construction,GEO-PROXY;installed:in_game/map_data/location_templates.txt,medium,AD 1 local label without postcolonial eponyms.,false
location,mah_hom,mah_hom_province,land,Green–Colorado Plateau Archaic: Mah'hom Lands,local geography / sourced AD 1 parent frame / English,ancient-parent local-feature construction,GEO-PROXY;installed:in_game/map_data/location_templates.txt,medium,AD 1 local label without postcolonial eponyms.,false
location,mahabad,urmia_province,land,Media Atropatene Urmia Basin: Mahābād Lands,local geography / sourced AD 1 parent frame / English,ancient-parent local-feature construction,GEO-PROXY;installed:in_game/map_data/location_templates.txt,medium,AD 1 local label without postcolonial eponyms.,false
location,mahabo,menabe_province,land,Tsiribihina–Mangoky: Mahabo Lands,local geography / sourced AD 1 parent frame / English,ancient-parent local-feature construction,GEO-PROXY;installed:in_game/map_data/location_templates.txt,medium,AD 1 local label without postcolonial eponyms.,false
location,mahaela,south_betsimisaraka_province,land,Mangoro–Mananjary: Mahaela Lands,local geography / sourced AD 1 parent frame / English,ancient-parent local-feature construction,GEO-PROXY;installed:in_game/map_data/location_templates.txt,medium,AD 1 local label without postcolonial eponyms.,false
location,mahafaly_coast,maroserana_coast_sea_province,sea,Great-Red-Isle Southwest: Mahafaly Coast Waters,local geography / sourced AD 1 parent frame / English,ancient-parent local-feature construction,GEO-PROXY;installed:in_game/map_data/location_templates.txt,medium,AD 1 local label without postcolonial eponyms.,false
location,mahagaon,lower_vidarbha,land,Vidarbha–Berar Sātavāhana: Mahagaon Lands,local geography / sourced AD 1 parent frame / English,ancient-parent local-feature construction,GEO-PROXY;installed:in_game/map_data/location_templates.txt,medium,AD 1 local label without postcolonial eponyms.,false
location,mahaguatikka,west_shoshone_province,land,Toiyabe–Ruby Great-Basin Lands: Mahaguatikka Territory,local geography / sourced AD 1 parent frame / English,ancient-parent local-feature construction,GEO-PROXY;installed:in_game/map_data/location_templates.txt,medium,AD 1 local label without postcolonial eponyms.,false
location,mahahual_coast,yucatan_coast_province,sea,Chactemal–Cozumel Maya Waters: Mahahual Littoral Reach,local geography / sourced AD 1 parent frame / English,ancient-parent local-feature construction,GEO-PROXY;installed:in_game/map_data/location_templates.txt,medium,AD 1 local label without postcolonial eponyms.,false
location,mahaiwe,agawam_province,land,Pocumtuck–Housatonic Woodlands: Mahaiwe Lands,local geography / sourced AD 1 parent frame / English,ancient-parent local-feature construction,GEO-PROXY;installed:in_game/map_data/location_templates.txt,medium,AD 1 local label without postcolonial eponyms.,false
location,mahajambe_bay,iboina_coast_sea_province,sea,Great-Southern-Island: Mahajambe Bay Waters,local geography / sourced AD 1 parent frame / English,ancient-parent local-feature construction,GEO-PROXY;installed:in_game/map_data/location_templates.txt,medium,AD 1 local label without postcolonial eponyms.,false
location,mahajanga,iboina_province,land,Boeny–Betsiboka: Mahajangā Lands,local geography / sourced AD 1 parent frame / English,ancient-parent local-feature construction,GEO-PROXY;installed:in_game/map_data/location_templates.txt,medium,AD 1 local label without postcolonial eponyms.,false
location,mahakam,upper_mahakam_province,land,Mahakam–Telen Metal-Age Lands: Mahakam Territory,local geography / sourced AD 1 parent frame / English,ancient-parent local-feature construction,GEO-PROXY;installed:in_game/map_data/location_templates.txt,medium,AD 1 local label without postcolonial eponyms.,false
location,mahakam_delta,paser_coast_sea_province,sea,Mahakam–Paser Strait Waters: Mahakam Delta Reach,local geography / sourced AD 1 parent frame / English,ancient-parent local-feature construction,GEO-PROXY;installed:in_game/map_data/location_templates.txt,medium,AD 1 local label without postcolonial eponyms.,false
location,mahallat,golpayegan_province,land,Median Qom–Khunsar Uplands: Maḩallāt Lands,local geography / sourced AD 1 parent frame / English,ancient-parent local-feature construction,GEO-PROXY;installed:in_game/map_data/location_templates.txt,medium,AD 1 local label without postcolonial eponyms.,false
location,mahan,kerman_province,land,Carmania of Karmana–Shahdad: Māhān Lands,local geography / sourced AD 1 parent frame / English,ancient-parent local-feature construction,GEO-PROXY;installed:in_game/map_data/location_templates.txt,medium,AD 1 local label without postcolonial eponyms.,false
location,mahates,mompoj_province,land,Mahates Lands,local geography / sourced AD 1 parent frame / English,ancient-parent local-feature construction,GEO-PROXY;installed:in_game/map_data/location_templates.txt,medium,AD 1 local label without postcolonial eponyms.,false
location,mahatittha,vanni,land,Anuradhapura: Mahatittha Lands,local geography / sourced AD 1 parent frame / English,ancient-parent local-feature construction,GEO-PROXY;installed:in_game/map_data/location_templates.txt,medium,AD 1 local label without postcolonial eponyms.,false
location,mahaxay,thakhek_proivnce,land,Mekong–Khammouane Iron-Age: Mahaxay Lands,local geography / sourced AD 1 parent frame / English,ancient-parent local-feature construction,GEO-PROXY;installed:in_game/map_data/location_templates.txt,medium,AD 1 local label without postcolonial eponyms.,false
location,mahdia,sahel_TUN_province,land,Bararus,attested ancient toponym,project-vetted Pleiades coordinate adapter,https://pleiades.stoa.org/places/324673;GEO-PROXY;installed:in_game/map_data/location_templates.txt,low,Pleiades AD 1-active settlement proxy replaces the medieval foundation name.,false
location,maheshpur,nadia_province,land,Vanga–Bhagirathi Delta: Maheshpur Lands,local geography / sourced AD 1 parent frame / English,ancient-parent local-feature construction,GEO-PROXY;installed:in_game/map_data/location_templates.txt,medium,AD 1 local label without postcolonial eponyms.,false
location,maheshwar,nimar,land,Māhiṣmatī–Narmadā Anupa: Maheshwar Lands,local geography / sourced AD 1 parent frame / English,ancient-parent local-feature construction,GEO-PROXY;installed:in_game/map_data/location_templates.txt,medium,AD 1 local label without postcolonial eponyms.,false
location,mahgas,bannajbur_province,land,Gedrosian Saravan: Mahgas Lands,local geography / sourced AD 1 parent frame / English,ancient-parent local-feature construction,GEO-PROXY;installed:in_game/map_data/location_templates.txt,medium,AD 1 local label without postcolonial eponyms.,false
location,mahi_kulan,mayi_kutuna_province,land,Mayi-Kutuna–Kukatj: Mahi Kulan Lands,local geography / sourced AD 1 parent frame / English,ancient-parent local-feature construction,GEO-PROXY;installed:in_game/map_data/location_templates.txt,medium,AD 1 local label without postcolonial eponyms.,false
location,mahicannituck,mahicannituck_province,land,Mahicannituck–Horicon Woodland: Mahicannituck Lands,local geography / sourced AD 1 parent frame / English,ancient-parent local-feature construction,GEO-PROXY;installed:in_game/map_data/location_templates.txt,medium,AD 1 local label without postcolonial eponyms.,false
location,mahilaka,iboina_province,land,Boeny–Betsiboka: Mahilaka Lands,local geography / sourced AD 1 parent frame / English,ancient-parent local-feature construction,GEO-PROXY;installed:in_game/map_data/location_templates.txt,medium,AD 1 local label without postcolonial eponyms.,false
location,mahin,south_benin_province,land,Lower-Benin Early-Iron Lands: Mahin Territory,local geography / sourced AD 1 parent frame / English,ancient-parent local-feature construction,GEO-PROXY;installed:in_game/map_data/location_templates.txt,medium,AD 1 local label without postcolonial eponyms.,false
location,mahitahi,tai_poutini_province,land,Southern-Aotearoa: Mahitahi Lands,local geography / sourced AD 1 parent frame / English,ancient-parent local-feature construction,GEO-PROXY;installed:in_game/map_data/location_templates.txt,medium,AD 1 local label without postcolonial eponyms.,false
location,mahkato,mahkato_province,land,Minnesota–Blue-Earth Woodland: Mahkato Lands,local geography / sourced AD 1 parent frame / English,ancient-parent local-feature construction,GEO-PROXY;installed:in_game/map_data/location_templates.txt,medium,AD 1 local label without postcolonial eponyms.,false
location,mahmudabad,baku_province,land,Albanian Caspiane: Mahmudabad Lands,local geography / sourced AD 1 parent frame / English,ancient-parent local-feature construction,GEO-PROXY;installed:in_game/map_data/location_templates.txt,medium,AD 1 local label without postcolonial eponyms.,false
location,mahnahwoonan,akimiski_province,land,Wiinipaakw Island Muskeg: Mahnahwooman Lands,local geography / sourced AD 1 parent frame / English,ancient-parent local-feature construction,GEO-PROXY;installed:in_game/map_data/location_templates.txt,medium,AD 1 local label without postcolonial eponyms.,false
location,mahneshan,zanjan_province,land,Median Zanjan–Qizil-Uzan Lands: Māhneshān Territory,local geography / sourced AD 1 parent frame / English,ancient-parent local-feature construction,GEO-PROXY;installed:in_game/map_data/location_templates.txt,medium,AD 1 local label without postcolonial eponyms.,false
location,mahoba,upper_bundelkhand_province,land,Chedi–Vatsa Vindhyan Lands: Mahoba Territory,local geography / sourced AD 1 parent frame / English,ancient-parent local-feature construction,GEO-PROXY;installed:in_game/map_data/location_templates.txt,medium,AD 1 local label without postcolonial eponyms.,false
location,mahock,tutelo_province,land,Siouan Upper-Roanoke Uplands,local geography / sourced AD 1 parent frame / English,ancient-parent local-feature construction,GEO-PROXY;installed:in_game/map_data/location_templates.txt,medium,AD 1 local label without postcolonial eponyms.,false
location,mahohevahoe,wishkahuunu_province,land,Powder–Bighorn Plains: Mahohevahoe Lands,local geography / sourced AD 1 parent frame / English,ancient-parent local-feature construction,GEO-PROXY;installed:in_game/map_data/location_templates.txt,medium,AD 1 local label without postcolonial eponyms.,false
location,mahoning,shamokin_province,land,Middlesex Susquehanna–Lenape: Mahoning Lands,local geography / sourced AD 1 parent frame / English,ancient-parent local-feature construction,GEO-PROXY;installed:in_game/map_data/location_templates.txt,medium,AD 1 local label without postcolonial eponyms.,false
location,mahoning_oh,cuyahoga_province,land,Cuyahoga–Tuscarawas Hopewell: Mahoning Lands,local geography / sourced AD 1 parent frame / English,ancient-parent local-feature construction,GEO-PROXY;installed:in_game/map_data/location_templates.txt,medium,AD 1 local label without postcolonial eponyms.,false
location,mahony,south_sahtu_province,land,Taltheilei: Mahony Lands,local geography / sourced AD 1 parent frame / English,ancient-parent local-feature construction,GEO-PROXY;installed:in_game/map_data/location_templates.txt,medium,AD 1 local label without postcolonial eponyms.,false
location,mahpahpahazhhah,kinaksisahtai_province,land,Missouri–Yellowstone Foothill: Mahpahpahazhhah Lands,local geography / sourced AD 1 parent frame / English,ancient-parent local-feature construction,GEO-PROXY;installed:in_game/map_data/location_templates.txt,medium,AD 1 local label without postcolonial eponyms.,false
location,mahrah_coast,gulf_aden_province,sea,Gulf of Avalites and Arabia: Mahrah Coast Waters,local geography / sourced AD 1 parent frame / English,ancient-parent local-feature construction,GEO-PROXY;installed:in_game/map_data/location_templates.txt,medium,AD 1 local label without postcolonial eponyms.,false
location,mahres,qabisa_province,land,Tacapae–Thaenae Byzacena Coast: Mahres Lands,local geography / sourced AD 1 parent frame / English,ancient-parent local-feature construction,GEO-PROXY;installed:in_game/map_data/location_templates.txt,medium,AD 1 local label without postcolonial eponyms.,false
location,mahu,mahu_province,land,Qianwei–Yuexi Mountain March: Mahu Lands,local geography / sourced AD 1 parent frame / English,ancient-parent local-feature construction,GEO-PROXY;installed:in_game/map_data/location_templates.txt,medium,AD 1 local label without postcolonial eponyms.,false
location,mahur,sirpur_province,land,Aśmaka–Vidarbha Godavari: Mahur Lands,local geography / sourced AD 1 parent frame / English,ancient-parent local-feature construction,GEO-PROXY;installed:in_game/map_data/location_templates.txt,medium,AD 1 local label without postcolonial eponyms.,false
location,mahvelat,gonabad_province,land,Southern Qohestan Sagartian: Mahvelāt Lands,local geography / sourced AD 1 parent frame / English,ancient-parent local-feature construction,GEO-PROXY;installed:in_game/map_data/location_templates.txt,medium,AD 1 local label without postcolonial eponyms.,false
location,mai_ndombe,east_lekumu_province,land,Mai-Ndombe–Fimi Rainforest: Mai-Ndombe Lands,local geography / sourced AD 1 parent frame / English,ancient-parent local-feature construction,GEO-PROXY;installed:in_game/map_data/location_templates.txt,medium,AD 1 local label without postcolonial eponyms.,false
location,maia,yinggarda_province,land,Yinggarda–Baiyungu Gascoyne: Maia Lands,local geography / sourced AD 1 parent frame / English,ancient-parent local-feature construction,GEO-PROXY;installed:in_game/map_data/location_templates.txt,medium,AD 1 local label without postcolonial eponyms.,false
location,maia_papua,maia_province,land,Sepik–Border-Highlands: Maia Lands,local geography / sourced AD 1 parent frame / English,ancient-parent local-feature construction,GEO-PROXY;installed:in_game/map_data/location_templates.txt,medium,AD 1 local label without postcolonial eponyms.,false
location,maiana_atoll,tungaru_province,land,Tungaru Tarawa–Abemama Atoll: Maiana Coral Isle,local geography / sourced AD 1 parent frame / English,ancient-parent local-feature construction,GEO-PROXY;installed:in_game/map_data/location_templates.txt,medium,AD 1 local label without postcolonial eponyms.,false
location,maiao,nia_matai_ma_province,land,Tahiti–Moorea: Mai'ao Lands,local geography / sourced AD 1 parent frame / English,ancient-parent local-feature construction,GEO-PROXY;installed:in_game/map_data/location_templates.txt,medium,AD 1 local label without postcolonial eponyms.,false
location,maiao_coast,tuhaa_pae_coastal_sea_zones_province,sea,Rapa–Tubuai Outer-Island: Mai'ao Coast Waters,local geography / sourced AD 1 parent frame / English,ancient-parent local-feature construction,GEO-PROXY;installed:in_game/map_data/location_templates.txt,medium,AD 1 local label without postcolonial eponyms.,false
location,maiawali,wangkamana_province,land,Kalkadoon–Karuwali Hunter: Maiawali Lands,local geography / sourced AD 1 parent frame / English,ancient-parent local-feature construction,GEO-PROXY;installed:in_game/map_data/location_templates.txt,medium,AD 1 local label without postcolonial eponyms.,false
location,maibong,kachari_province,land,Dhansiri–Dimapur Early-Iron: Maibong Lands,local geography / sourced AD 1 parent frame / English,ancient-parent local-feature construction,GEO-PROXY;installed:in_game/map_data/location_templates.txt,medium,AD 1 local label without postcolonial eponyms.,false
location,maicasagi,nottaway_province,land,Nottaway–Waswanipi Woodland: Maicasagi Lands,local geography / sourced AD 1 parent frame / English,ancient-parent local-feature construction,GEO-PROXY;installed:in_game/map_data/location_templates.txt,medium,AD 1 local label without postcolonial eponyms.,false
location,maidu,sacramento_province,land,Windmiller Sacramento–Feather: Maidu Lands,local geography / sourced AD 1 parent frame / English,ancient-parent local-feature construction,GEO-PROXY;installed:in_game/map_data/location_templates.txt,medium,AD 1 local label without postcolonial eponyms.,false
location,mailan_hills,surguja,land,Rihand–Mahanadī Munda: Mailan Hills,local geography / sourced AD 1 parent frame / English,ancient-parent local-feature construction,GEO-PROXY;installed:in_game/map_data/location_templates.txt,medium,AD 1 local label without postcolonial eponyms.,false
location,mailsi,bari_doab_province,land,Iravati–Vipāśā Doab: Mailsi Lands,local geography / sourced AD 1 parent frame / English,ancient-parent local-feature construction,GEO-PROXY;installed:in_game/map_data/location_templates.txt,medium,AD 1 local label without postcolonial eponyms.,false
location,maimbung,sulu_province,land,Sulu–Basilan Maritime Lands: Maimbung Territory,local geography / sourced AD 1 parent frame / English,ancient-parent local-feature construction,GEO-PROXY;installed:in_game/map_data/location_templates.txt,medium,AD 1 local label without postcolonial eponyms.,false
location,main,sana_province,land,Sabaean–Himyarite: Ma'īn Lands,local geography / sourced AD 1 parent frame / English,ancient-parent local-feature construction,GEO-PROXY;installed:in_game/map_data/location_templates.txt,medium,AD 1 local label without postcolonial eponyms.,false
location,maingkwan,hkamti_province,land,Upper Chindwin–Patkai Highland: Maingkwan Lands,local geography / sourced AD 1 parent frame / English,ancient-parent local-feature construction,GEO-PROXY;installed:in_game/map_data/location_templates.txt,medium,AD 1 local label without postcolonial eponyms.,false
location,mainpat,raigadh_garjats,land,Mahākāntāra–Upper Mahanadī: Mainpat Lands,local geography / sourced AD 1 parent frame / English,ancient-parent local-feature construction,GEO-PROXY;installed:in_game/map_data/location_templates.txt,medium,AD 1 local label without postcolonial eponyms.,false
location,maintirano,mailaka_province,land,Maintirano–Manambolo: Maintirano Lands,local geography / sourced AD 1 parent frame / English,ancient-parent local-feature construction,GEO-PROXY;installed:in_game/map_data/location_templates.txt,medium,AD 1 local label without postcolonial eponyms.,false
location,mainz,untermain_province,land,Vangiones–Mattiaci Main–Rhenus: Mainz Lands,local geography / sourced AD 1 parent frame / English,ancient-parent local-feature construction,GEO-PROXY;installed:in_game/map_data/location_templates.txt,medium,AD 1 local label without postcolonial eponyms.,false
location,mairasi_jungle,cendrawasih_province,land,Yaur–Roon Shores: Mairasi Jungle Lands,local geography / sourced AD 1 parent frame / English,ancient-parent local-feature construction,GEO-PROXY;installed:in_game/map_data/location_templates.txt,medium,AD 1 local label without postcolonial eponyms.,false
location,mairete,tandaya_province,land,Leyte–Samar Metal-Age Isles: Mairete Lands,local geography / sourced AD 1 parent frame / English,ancient-parent local-feature construction,GEO-PROXY;installed:in_game/map_data/location_templates.txt,medium,AD 1 local label without postcolonial eponyms.,false
location,mairi,pindare_province,land,Pindaré–Gurupi Ceramic Forest: Mairi Lands,local geography / sourced AD 1 parent frame / English,ancient-parent local-feature construction,GEO-PROXY;installed:in_game/map_data/location_templates.txt,medium,AD 1 local label without postcolonial eponyms.,false
location,maitomoni_ohe,tewaukon_province,land,Devils Lake–Pembina Woodland: Maitonomi'ohe Lands,local geography / sourced AD 1 parent frame / English,ancient-parent local-feature construction,GEO-PROXY;installed:in_game/map_data/location_templates.txt,medium,AD 1 local label without postcolonial eponyms.,false
location,maiwa_papua,daga_province,land,Milne–Suau Shores: Maiwa Lands,local geography / sourced AD 1 parent frame / English,ancient-parent local-feature construction,GEO-PROXY;installed:in_game/map_data/location_templates.txt,medium,AD 1 local label without postcolonial eponyms.,false
location,maiwand,garmsir_province,land,Lower Helmand Sakastan: Maiwand Lands,local geography / sourced AD 1 parent frame / English,ancient-parent local-feature construction,GEO-PROXY;installed:in_game/map_data/location_templates.txt,medium,AD 1 local label without postcolonial eponyms.,false
location,maizinaazibi,kitchissippi_province,land,Ottawa–Madawaska Woodland: Maizinaazibi Lands,local geography / sourced AD 1 parent frame / English,ancient-parent local-feature construction,GEO-PROXY;installed:in_game/map_data/location_templates.txt,medium,AD 1 local label without postcolonial eponyms.,false
location,majabigwaduce,penobscot_province,land,Early-Ceramic: Majabigwaduce Lands,local geography / sourced AD 1 parent frame / English,ancient-parent local-feature construction,GEO-PROXY;installed:in_game/map_data/location_templates.txt,medium,AD 1 local label without postcolonial eponyms.,false
location,majanna,yinggarda_province,land,Yinggarda–Baiyungu Gascoyne: Majanna Lands,local geography / sourced AD 1 parent frame / English,ancient-parent local-feature construction,GEO-PROXY;installed:in_game/map_data/location_templates.txt,medium,AD 1 local label without postcolonial eponyms.,false
location,majar,majar_province,land,Caucasian Siraces–Aorsi Steppe: Majar Lands,local geography / sourced AD 1 parent frame / English,ancient-parent local-feature construction,GEO-PROXY;installed:in_game/map_data/location_templates.txt,medium,AD 1 local label without postcolonial eponyms.,false
location,majdal,filastin_province,land,Judaea–Samaria–Idumaea: Al Majdal Lands,local geography / sourced AD 1 parent frame / English,ancient-parent local-feature construction,GEO-PROXY;installed:in_game/map_data/location_templates.txt,medium,AD 1 local label without postcolonial eponyms.,false
location,majili,utembo_province,land,Zambezi–Kafue Farmer-Forager: Majili Lands,local geography / sourced AD 1 parent frame / English,ancient-parent local-feature construction,GEO-PROXY;installed:in_game/map_data/location_templates.txt,medium,AD 1 local label without postcolonial eponyms.,false
location,majiri,upper_runde_province,land,Shashe–Runde Hunter-Farmer: Majiri Lands,local geography / sourced AD 1 parent frame / English,ancient-parent local-feature construction,GEO-PROXY;installed:in_game/map_data/location_templates.txt,medium,AD 1 local label without postcolonial eponyms.,false
location,majuro_atoll,ratak_province,land,Majel–Raṭak Atoll Lands: Majuro Coral Isle,local geography / sourced AD 1 parent frame / English,ancient-parent local-feature construction,GEO-PROXY;installed:in_game/map_data/location_templates.txt,medium,AD 1 local label without postcolonial eponyms.,false
location,makabana,niari_province,land,Niari–Lopé Early-Iron Forests: Makabana Lands,local geography / sourced AD 1 parent frame / English,ancient-parent local-feature construction,GEO-PROXY;installed:in_game/map_data/location_templates.txt,medium,AD 1 local label without postcolonial eponyms.,false
location,makah,olympic_province,land,Ozette–Chehalis Maritime Lands: Qwidichcha'atx Territory,local geography / sourced AD 1 parent frame / English,ancient-parent local-feature construction,GEO-PROXY;installed:in_game/map_data/location_templates.txt,medium,AD 1 local label without postcolonial eponyms.,false
location,makahuena_point,maui_sea_zones_province,sea,Central Hawaiian Inter-Island: Makahuena Point Waters,local geography / sourced AD 1 parent frame / English,ancient-parent local-feature construction,GEO-PROXY;installed:in_game/map_data/location_templates.txt,medium,AD 1 local label without postcolonial eponyms.,false
location,makaka,west_lekumu_province,land,Ogooué–Léfini Forest Lands: Makaka Territory,local geography / sourced AD 1 parent frame / English,ancient-parent local-feature construction,GEO-PROXY;installed:in_game/map_data/location_templates.txt,medium,AD 1 local label without postcolonial eponyms.,false
location,makalondi,say_province,land,Gorouol–Sirba Niger-Bend Iron: Makalondi Lands,local geography / sourced AD 1 parent frame / English,ancient-parent local-feature construction,GEO-PROXY;installed:in_game/map_data/location_templates.txt,medium,AD 1 local label without postcolonial eponyms.,false
location,makanpur,central_doab_province,land,Kanyakubja–Yamuna Plain: Makanpur Lands,local geography / sourced AD 1 parent frame / English,ancient-parent local-feature construction,GEO-PROXY;installed:in_game/map_data/location_templates.txt,medium,AD 1 local label without postcolonial eponyms.,false
location,makanru,chishima_province,land,Epi-Jōmon Kuril Isles: Makanru Lands,local geography / sourced AD 1 parent frame / English,ancient-parent local-feature construction,GEO-PROXY;installed:in_game/map_data/location_templates.txt,medium,AD 1 local label without postcolonial eponyms.,false
location,makar,tagloc_province,land,Agusan–Sarangani Metal-Age: Makar Lands,local geography / sourced AD 1 parent frame / English,ancient-parent local-feature construction,GEO-PROXY;installed:in_game/map_data/location_templates.txt,medium,AD 1 local label without postcolonial eponyms.,false
location,makarato,samar_province,land,Kalanay-Horizon Samar–Leyte: Makarato Lands,local geography / sourced AD 1 parent frame / English,ancient-parent local-feature construction,GEO-PROXY;installed:in_game/map_data/location_templates.txt,medium,AD 1 local label without postcolonial eponyms.,false
location,makarikha,makarikha_procince,land,Chona–Vitim Taiga: Makarixa Lands,local geography / sourced AD 1 parent frame / English,ancient-parent local-feature construction,GEO-PROXY;installed:in_game/map_data/location_templates.txt,medium,AD 1 local label without postcolonial eponyms.,false
location,makarixa_uplands,makarikha_procince,land,Chona–Vitim Taiga: Northern Siberian Forest,local geography / sourced AD 1 parent frame / English,ancient-parent local-feature construction,GEO-PROXY;installed:in_game/map_data/location_templates.txt,medium,AD 1 local label without postcolonial eponyms.,false
location,makarska,south_dalmatia_province,land,Delmatae–Narona Coastlands: Makarska Lands,local geography / sourced AD 1 parent frame / English,ancient-parent local-feature construction,GEO-PROXY;installed:in_game/map_data/location_templates.txt,medium,AD 1 local label without postcolonial eponyms.,false
location,makary,mser_province,land,Chari–Logone Iron: Makary Lands,local geography / sourced AD 1 parent frame / English,ancient-parent local-feature construction,GEO-PROXY;installed:in_game/map_data/location_templates.txt,medium,AD 1 local label without postcolonial eponyms.,false
location,makatao,south_taiwan_province,land,Siraya–Rukai Iron-Age Lands: Makatao Territory,local geography / sourced AD 1 parent frame / English,ancient-parent local-feature construction,GEO-PROXY;installed:in_game/map_data/location_templates.txt,medium,AD 1 local label without postcolonial eponyms.,false
location,makatea_atoll,rangiroa_province,land,Rangiroa–Tikehau: Makatea Atoll Lands,local geography / sourced AD 1 parent frame / English,ancient-parent local-feature construction,GEO-PROXY;installed:in_game/map_data/location_templates.txt,medium,AD 1 local label without postcolonial eponyms.,false
location,makatea_coast,tuhaa_pae_coastal_sea_zones_province,sea,Rapa–Tubuai Outer-Island: Makatea Coast Waters,local geography / sourced AD 1 parent frame / English,ancient-parent local-feature construction,GEO-PROXY;installed:in_game/map_data/location_templates.txt,medium,AD 1 local label without postcolonial eponyms.,false
location,makemo_atoll,raeffsky_province,land,Makemo–Raroia: Makemo Atoll Lands,local geography / sourced AD 1 parent frame / English,ancient-parent local-feature construction,GEO-PROXY;installed:in_game/map_data/location_templates.txt,medium,AD 1 local label without postcolonial eponyms.,false
location,makemo_coast,raeffsky_coastal_sea_zones_province,land,Eastern-Tuamotu Reef Shore,local geography / sourced AD 1 parent frame / English,ancient-parent local-feature construction,GEO-PROXY;installed:in_game/map_data/location_templates.txt,medium,AD 1 local label without postcolonial eponyms.,false
location,makenenga,lukuga_province,land,Lukuga–Tanganyika Urewe: Makenenga Lands,local geography / sourced AD 1 parent frame / English,ancient-parent local-feature construction,GEO-PROXY;installed:in_game/map_data/location_templates.txt,medium,AD 1 local label without postcolonial eponyms.,false
location,makgadikgadi,makgadikgadi_province,land,Sua–Ntwetwe Salt-Pan Basin: Makgadikgadi Lands,local geography / sourced AD 1 parent frame / English,ancient-parent local-feature construction,GEO-PROXY;installed:in_game/map_data/location_templates.txt,medium,AD 1 local label without postcolonial eponyms.,false
location,makhabn,inotoniicaah_province,land,South Saskatchewan–Cypress: Makhabn Lands,local geography / sourced AD 1 parent frame / English,ancient-parent local-feature construction,GEO-PROXY;installed:in_game/map_data/location_templates.txt,medium,AD 1 local label without postcolonial eponyms.,false
location,makhtal,golconda_province,land,Lower Musi Andhra Lands: Makhtal Territory,local geography / sourced AD 1 parent frame / English,ancient-parent local-feature construction,GEO-PROXY;installed:in_game/map_data/location_templates.txt,medium,AD 1 local label without postcolonial eponyms.,false
location,makigotekw,hochelaga_province,land,Kaniatarowanenneh: Makigotekw Lands,local geography / sourced AD 1 parent frame / English,ancient-parent local-feature construction,GEO-PROXY;installed:in_game/map_data/location_templates.txt,medium,AD 1 local label without postcolonial eponyms.,false
location,makin_coast,aranauka_sea_zones_province,sea,Aranuka–Banaba Waters: Makin Littoral Reach,local geography / sourced AD 1 parent frame / English,ancient-parent local-feature construction,GEO-PROXY;installed:in_game/map_data/location_templates.txt,medium,AD 1 local label without postcolonial eponyms.,false
location,makira,makira_province,land,Arosi–Bauro Island Lands: Makira Territory,local geography / sourced AD 1 parent frame / English,ancient-parent local-feature construction,GEO-PROXY;installed:in_game/map_data/location_templates.txt,medium,AD 1 local label without postcolonial eponyms.,false
location,makira_high_sea_1,dai_coastal_sea_zones_province,sea,Choiseul–Malaita Waters: Makira High Sea,local geography / sourced AD 1 parent frame / English,ancient-parent local-feature construction,GEO-PROXY;installed:in_game/map_data/location_templates.txt,medium,AD 1 local label without postcolonial eponyms.,false
location,makira_high_sea_2,mu_ngava_coastal_sea_zones_province,sea,Rennell–Makira Outer Waters: Makira High Sea,local geography / sourced AD 1 parent frame / English,ancient-parent local-feature construction,GEO-PROXY;installed:in_game/map_data/location_templates.txt,medium,AD 1 local label without postcolonial eponyms.,false
location,makira_jungle,makira_province,land,Arosi–Bauro Island Lands: Makira Jungle Territory,local geography / sourced AD 1 parent frame / English,ancient-parent local-feature construction,GEO-PROXY;installed:in_game/map_data/location_templates.txt,medium,AD 1 local label without postcolonial eponyms.,false
location,makisin,raqqa_province,land,Euphrates of Nikephorion–Sura: Makisin Lands,local geography / sourced AD 1 parent frame / English,ancient-parent local-feature construction,GEO-PROXY;installed:in_game/map_data/location_templates.txt,medium,AD 1 local label without postcolonial eponyms.,false
location,makna,madian_province,land,Madian–Leuke-Kome Coast: Makna Lands,local geography / sourced AD 1 parent frame / English,ancient-parent local-feature construction,GEO-PROXY;installed:in_game/map_data/location_templates.txt,medium,AD 1 local label without postcolonial eponyms.,false
location,mako,csanad_province,land,Marisus–Tisza Dacian Plain: Makó Lands,local geography / sourced AD 1 parent frame / English,ancient-parent local-feature construction,GEO-PROXY;installed:in_game/map_data/location_templates.txt,medium,AD 1 local label without postcolonial eponyms.,false
location,makogai_atoll,viti_levu_province,land,Lapita-Descended Viti–Kadavu: Makogai Atoll Lands,local geography / sourced AD 1 parent frame / English,ancient-parent local-feature construction,GEO-PROXY;installed:in_game/map_data/location_templates.txt,medium,AD 1 local label without postcolonial eponyms.,false
location,makokibatan,ogoki_province,land,Laurel Ogoki–Albany Lake-Lands: Makokabitan Territory,local geography / sourced AD 1 parent frame / English,ancient-parent local-feature construction,GEO-PROXY;installed:in_game/map_data/location_templates.txt,medium,AD 1 local label without postcolonial eponyms.,false
location,makonde,messalo_province,land,Azanian Rovuma–Delgado: Makonde Lands,local geography / sourced AD 1 parent frame / English,ancient-parent local-feature construction,GEO-PROXY;installed:in_game/map_data/location_templates.txt,medium,AD 1 local label without postcolonial eponyms.,false
location,makonkalns,latgalia_province,land,Daugava–Lubans: Mākoņkalns Lands,local geography / sourced AD 1 parent frame / English,ancient-parent local-feature construction,GEO-PROXY;installed:in_game/map_data/location_templates.txt,medium,AD 1 local label without postcolonial eponyms.,false
location,makoua,nemadji_province,land,Nemadji Laurel Lands: Gaa-giizhikensikaag Tract,local geography / sourced AD 1 parent frame / English,ancient-parent local-feature construction,GEO-PROXY;installed:in_game/map_data/location_templates.txt,medium,AD 1 local label without postcolonial eponyms.,false
location,makovskoe,bolshoy_uluy_province,land,Middle Chulym–Ket Taiga: Makovskoe Lands,local geography / sourced AD 1 parent frame / English,ancient-parent local-feature construction,GEO-PROXY;installed:in_game/map_data/location_templates.txt,medium,AD 1 local label without postcolonial eponyms.,false
location,makovskoye,dudinka_province,lake,Yenisei-Khantayka Tundra Lake,local geography / sourced AD 1 parent frame / English,ancient-parent local-feature construction,GEO-PROXY;installed:in_game/map_data/location_templates.txt,medium,AD 1 local label without postcolonial eponyms.,false
location,makrana,nagaur_province,land,Marukāntara–Merta Desert Lands: Makrana Territory,local geography / sourced AD 1 parent frame / English,ancient-parent local-feature construction,GEO-PROXY;installed:in_game/map_data/location_templates.txt,medium,AD 1 local label without postcolonial eponyms.,false
location,maksatikha,tverskaya_province,land,Late-Dyakovo Msta–Mologa Lands: Maksatikha Territory,local geography / sourced AD 1 parent frame / English,ancient-parent local-feature construction,GEO-PROXY;installed:in_game/map_data/location_templates.txt,medium,AD 1 local label without postcolonial eponyms.,false
location,maksi,eastern_malwa,land,Eastern Avanti–Vidisha: Maksi Lands,local geography / sourced AD 1 parent frame / English,ancient-parent local-feature construction,GEO-PROXY;installed:in_game/map_data/location_templates.txt,medium,AD 1 local label without postcolonial eponyms.,false
location,maku,khoy_province,land,Artaz–Her Armenian March: Mākū Lands,local geography / sourced AD 1 parent frame / English,ancient-parent local-feature construction,GEO-PROXY;installed:in_game/map_data/location_templates.txt,medium,AD 1 local label without postcolonial eponyms.,false
location,makuda,kazusa_province,land,Eastern Fusa Yayoi: Makuda Lands,local geography / sourced AD 1 parent frame / English,ancient-parent local-feature construction,GEO-PROXY;installed:in_game/map_data/location_templates.txt,medium,AD 1 local label without postcolonial eponyms.,false
location,makuhadokado,humboldt_province,land,Black-Rock–Winnemucca Basin: Makuhadokado Lands,local geography / sourced AD 1 parent frame / English,ancient-parent local-feature construction,GEO-PROXY;installed:in_game/map_data/location_templates.txt,medium,AD 1 local label without postcolonial eponyms.,false
location,makulu,mayi_kutuna_province,land,Mayi-Kutuna–Kukatj: Makulu Lands,local geography / sourced AD 1 parent frame / English,ancient-parent local-feature construction,GEO-PROXY;installed:in_game/map_data/location_templates.txt,medium,AD 1 local label without postcolonial eponyms.,false
location,makunchawu,chadimapu_province,land,Chubut–Somuncurá Lands: Makunchawu Territory,local geography / sourced AD 1 parent frame / English,ancient-parent local-feature construction,GEO-PROXY;installed:in_game/map_data/location_templates.txt,medium,AD 1 local label without postcolonial eponyms.,false
location,makunda,north_lunda_province,land,Kasai–Kwango Iron: Makunda Lands,local geography / sourced AD 1 parent frame / English,ancient-parent local-feature construction,GEO-PROXY;installed:in_game/map_data/location_templates.txt,medium,AD 1 local label without postcolonial eponyms.,false
location,makurap,guapore_province,land,Guaporé–Mamoré Monument Lands: Makurap Territory,local geography / sourced AD 1 parent frame / English,ancient-parent local-feature construction,GEO-PROXY;installed:in_game/map_data/location_templates.txt,medium,AD 1 local label without postcolonial eponyms.,false
location,makurawe,yoreme_province,land,Mayo-Fuerte Riverlands: Makurawe Lands,local geography / sourced AD 1 parent frame / English,ancient-parent local-feature construction,GEO-PROXY;installed:in_game/map_data/location_templates.txt,medium,AD 1 local label without postcolonial eponyms.,false
location,makutamazan,shashe_province,land,Shashe–Tuli Hunter-Herder: Makutamazan Lands,local geography / sourced AD 1 parent frame / English,ancient-parent local-feature construction,GEO-PROXY;installed:in_game/map_data/location_templates.txt,medium,AD 1 local label without postcolonial eponyms.,false
location,makwanpur,bettiah_province,land,Videha–Northern Vajji Terai: Makwanpur Lands,local geography / sourced AD 1 parent frame / English,ancient-parent local-feature construction,GEO-PROXY;installed:in_game/map_data/location_templates.txt,medium,AD 1 local label without postcolonial eponyms.,false
location,mala,baixing_province,land,Qiongdu–Yuexi Highlands: Mala Lands,local geography / sourced AD 1 parent frame / English,ancient-parent local-feature construction,GEO-PROXY;installed:in_game/map_data/location_templates.txt,medium,AD 1 local label without postcolonial eponyms.,false
location,mala_point,pacific_central_america_sea_zones_province,sea,Cueva–Chibchan Sunset Waters: Mala Point Reach,local geography / sourced AD 1 parent frame / English,ancient-parent local-feature construction,GEO-PROXY;installed:in_game/map_data/location_templates.txt,medium,AD 1 local label without postcolonial eponyms.,false
location,mala_vyska,yelanets_province,land,Ingul–Southern-Bug Sarmatian: Mala Vyska Lands,local geography / sourced AD 1 parent frame / English,ancient-parent local-feature construction,GEO-PROXY;installed:in_game/map_data/location_templates.txt,medium,AD 1 local label without postcolonial eponyms.,false
location,malabang,agus_province,land,Lanao–Iligan Metal-Age Lands: Malabang Territory,local geography / sourced AD 1 parent frame / English,ancient-parent local-feature construction,GEO-PROXY;installed:in_game/map_data/location_templates.txt,medium,AD 1 local label without postcolonial eponyms.,false
location,malabriga_bay,xllang_coastal_sea_zones_province,sea,Sechura–Tumbes Pacific Waters: Malabriga Inlet Reach,local geography / sourced AD 1 parent frame / English,ancient-parent local-feature construction,GEO-PROXY;installed:in_game/map_data/location_templates.txt,medium,AD 1 local label without postcolonial eponyms.,false
location,malacatos,hatun_kanar_province,land,Upper Cañar–Loja Formative: Malacatos Lands,local geography / sourced AD 1 parent frame / English,ancient-parent local-feature construction,GEO-PROXY;installed:in_game/map_data/location_templates.txt,medium,AD 1 local label without postcolonial eponyms.,false
location,malacca,johor_province,land,Southern Golden-Chersonese: Malacca Lands,local geography / sourced AD 1 parent frame / English,ancient-parent local-feature construction,GEO-PROXY;installed:in_game/map_data/location_templates.txt,medium,AD 1 local label without postcolonial eponyms.,false
location,malacca_passage,aceh_coast_sea_province,sea,Aru–Malacca Passage: Malacca Passage,local geography / sourced AD 1 parent frame / English,ancient-parent local-feature construction,GEO-PROXY;installed:in_game/map_data/location_templates.txt,medium,AD 1 local label without postcolonial eponyms.,false
location,malaga,malaga_province,land,Malaca–Arunda Bastetania: Málaga Lands,local geography / sourced AD 1 parent frame / English,ancient-parent local-feature construction,GEO-PROXY;installed:in_game/map_data/location_templates.txt,medium,AD 1 local label without postcolonial eponyms.,false
location,malaga_bay,cauca_sea_zones_province,sea,Tumaco–Chocó Pacific Waters: Malaga Inlet Reach,local geography / sourced AD 1 parent frame / English,ancient-parent local-feature construction,GEO-PROXY;installed:in_game/map_data/location_templates.txt,medium,AD 1 local label without postcolonial eponyms.,false
location,malagon,west_mancha_province,land,Sisapo–Oretanian Mining Lands: Malagón Territory,local geography / sourced AD 1 parent frame / English,ancient-parent local-feature construction,GEO-PROXY;installed:in_game/map_data/location_templates.txt,medium,AD 1 local label without postcolonial eponyms.,false
location,malaimbandy,menabe_province,land,Tsiribihina–Mangoky: Malaimbandy Lands,local geography / sourced AD 1 parent frame / English,ancient-parent local-feature construction,GEO-PROXY;installed:in_game/map_data/location_templates.txt,medium,AD 1 local label without postcolonial eponyms.,false
location,malaita_high_sea,dai_coastal_sea_zones_province,sea,Choiseul–Malaita Waters: Malaita High Sea,local geography / sourced AD 1 parent frame / English,ancient-parent local-feature construction,GEO-PROXY;installed:in_game/map_data/location_templates.txt,medium,AD 1 local label without postcolonial eponyms.,false
location,malak_malak,jaminjung_province,land,Jaminjung–Larrakia Northlands: Malak malak Lands,local geography / sourced AD 1 parent frame / English,ancient-parent local-feature construction,GEO-PROXY;installed:in_game/map_data/location_templates.txt,medium,AD 1 local label without postcolonial eponyms.,false
location,malakand,swat,land,Suastos–Gandhāra Highlands: Malakand Lands,local geography / sourced AD 1 parent frame / English,ancient-parent local-feature construction,GEO-PROXY;installed:in_game/map_data/location_templates.txt,medium,AD 1 local label without postcolonial eponyms.,false
location,malakula,ambae_province,land,Aoba–Malakula Lapita Isles: Malakula Lands,local geography / sourced AD 1 parent frame / English,ancient-parent local-feature construction,GEO-PROXY;installed:in_game/map_data/location_templates.txt,medium,AD 1 local label without postcolonial eponyms.,false
location,malal_hue,pehuenmapu_province,land,Neuquén–Nahuel-Huapi Hunter: Malal Hue Lands,local geography / sourced AD 1 parent frame / English,ancient-parent local-feature construction,GEO-PROXY;installed:in_game/map_data/location_templates.txt,medium,AD 1 local label without postcolonial eponyms.,false
location,malalis,aimore_province,land,Mucuri–Kiri-Kerê Forests: Malalis Lands,local geography / sourced AD 1 parent frame / English,ancient-parent local-feature construction,GEO-PROXY;installed:in_game/map_data/location_templates.txt,medium,AD 1 local label without postcolonial eponyms.,false
location,malandog,panay_province,land,Kalanay–Irong-Irong Island: Malandog Lands,local geography / sourced AD 1 parent frame / English,ancient-parent local-feature construction,GEO-PROXY;installed:in_game/map_data/location_templates.txt,medium,AD 1 local label without postcolonial eponyms.,false
location,malang,trowulan_province,land,Brantas–Bromo Austronesian: Malang Lands,local geography / sourced AD 1 parent frame / English,ancient-parent local-feature construction,GEO-PROXY;installed:in_game/map_data/location_templates.txt,medium,AD 1 local label without postcolonial eponyms.,false
location,malangke,palopo_province,land,Luwu–Matano Early-Metal Lands: Malangke Territory,local geography / sourced AD 1 parent frame / English,ancient-parent local-feature construction,GEO-PROXY;installed:in_game/map_data/location_templates.txt,medium,AD 1 local label without postcolonial eponyms.,false
location,malanji,ndongo_province,land,Kwanza–Lucala Early-Iron Lands: Malanji Territory,local geography / sourced AD 1 parent frame / English,ancient-parent local-feature construction,GEO-PROXY;installed:in_game/map_data/location_templates.txt,medium,AD 1 local label without postcolonial eponyms.,false
location,malapaz,timucua_province,land,Early-Swift-Creek: Malapaz Lands,local geography / sourced AD 1 parent frame / English,ancient-parent local-feature construction,GEO-PROXY;installed:in_game/map_data/location_templates.txt,medium,AD 1 local label without postcolonial eponyms.,false
location,malapuram,kuda_nadu,land,Chera Muziris–Palghat Lands: Malapuram Territory,local geography / sourced AD 1 parent frame / English,ancient-parent local-feature construction,GEO-PROXY;installed:in_game/map_data/location_templates.txt,medium,AD 1 local label without postcolonial eponyms.,false
location,malaren,sodermanland_province,lake,Suionic Malaren Lake Basin,local geography / sourced AD 1 parent frame / English,ancient-parent local-feature construction,GEO-PROXY;installed:in_game/map_data/location_templates.txt,medium,AD 1 local label without postcolonial eponyms.,false
location,malartic,abitibi_province,land,Abitibi-Harricana Southern Forest Lands,local geography / sourced AD 1 parent frame / English,ancient-parent local-feature construction,GEO-PROXY;installed:in_game/map_data/location_templates.txt,medium,AD 1 local label without postcolonial eponyms.,false
location,malartic_lake,abitibi_province,lake,Abitibi-Harricana Central Lake Basin,local geography / sourced AD 1 parent frame / English,ancient-parent local-feature construction,GEO-PROXY;installed:in_game/map_data/location_templates.txt,medium,AD 1 local label without postcolonial eponyms.,false
location,malaryta,bresta_province,land,Western Bug Zarubintsy Lands: Malaryta Territory,local geography / sourced AD 1 parent frame / English,ancient-parent local-feature construction,GEO-PROXY;installed:in_game/map_data/location_templates.txt,medium,AD 1 local label without postcolonial eponyms.,false
location,malatuna_point,tagloc_coast_sea_province,sea,Sarangani–Davao Maritime: Malatuna Point Waters,local geography / sourced AD 1 parent frame / English,ancient-parent local-feature construction,GEO-PROXY;installed:in_game/map_data/location_templates.txt,medium,AD 1 local label without postcolonial eponyms.,false
location,malatya,malatya_province,land,Melitene–Samosata Euphrates: Malatya Lands,local geography / sourced AD 1 parent frame / English,ancient-parent local-feature construction,GEO-PROXY;installed:in_game/map_data/location_templates.txt,medium,AD 1 local label without postcolonial eponyms.,false
location,malaya_ilesha,yaren_province,land,Vychegda–Uftyuga Forest Lands: Malaya Ilesha Territory,local geography / sourced AD 1 parent frame / English,ancient-parent local-feature construction,GEO-PROXY;installed:in_game/map_data/location_templates.txt,medium,AD 1 local label without postcolonial eponyms.,false
location,malaya_serdoba,penza_province,land,Gorodets Moksha–Sura Lands: Malaya Serdoba Territory,local geography / sourced AD 1 parent frame / English,ancient-parent local-feature construction,GEO-PROXY;installed:in_game/map_data/location_templates.txt,medium,AD 1 local label without postcolonial eponyms.,false
location,malaya_sosva,konda_province,land,Konda–Ob Ust-Poluy: Malaya Sos'va Lands,local geography / sourced AD 1 parent frame / English,ancient-parent local-feature construction,GEO-PROXY;installed:in_game/map_data/location_templates.txt,medium,AD 1 local label without postcolonial eponyms.,false
location,malayer,nahavand_province,land,Laodikeia–Bagistana Median: Malāyer Lands,local geography / sourced AD 1 parent frame / English,ancient-parent local-feature construction,GEO-PROXY;installed:in_game/map_data/location_templates.txt,medium,AD 1 local label without postcolonial eponyms.,false
location,malazgirt,malazgirt_province,land,Upper Arsanias–Eastern Armenia: Malazgirt Lands,local geography / sourced AD 1 parent frame / English,ancient-parent local-feature construction,GEO-PROXY;installed:in_game/map_data/location_templates.txt,medium,AD 1 local label without postcolonial eponyms.,false
location,malba,tidni_province,land,Mirning–Ngadju Great-Desert: Malba Lands,local geography / sourced AD 1 parent frame / English,ancient-parent local-feature construction,GEO-PROXY;installed:in_game/map_data/location_templates.txt,medium,AD 1 local label without postcolonial eponyms.,false
location,malbork,upper_prussia_province,land,Aesti of the Vistula Lagoon: Malbork Lands,local geography / sourced AD 1 parent frame / English,ancient-parent local-feature construction,GEO-PROXY;installed:in_game/map_data/location_templates.txt,medium,AD 1 local label without postcolonial eponyms.,false
location,malchin,seenplatte_province,land,Semnones of Müritz–Elde: Malchin Lands,local geography / sourced AD 1 parent frame / English,ancient-parent local-feature construction,GEO-PROXY;installed:in_game/map_data/location_templates.txt,medium,AD 1 local label without postcolonial eponyms.,false
location,malchow,seenplatte_province,land,Semnones of Müritz–Elde: Malchow Lands,local geography / sourced AD 1 parent frame / English,ancient-parent local-feature construction,GEO-PROXY;installed:in_game/map_data/location_templates.txt,medium,AD 1 local label without postcolonial eponyms.,false
location,maldarede,damot_province,land,Omo–Gibe Highlands: Maldarede Lands,local geography / sourced AD 1 parent frame / English,ancient-parent local-feature construction,GEO-PROXY;installed:in_game/map_data/location_templates.txt,medium,AD 1 local label without postcolonial eponyms.,false
location,malden,aono_raina_province,land,Equatorial Line-Island: Southern Lands,local geography / sourced AD 1 parent frame / English,ancient-parent local-feature construction,GEO-PROXY;installed:in_game/map_data/location_templates.txt,medium,AD 1 local label without postcolonial eponyms.,false
location,malden_coast,aono_raina_sea_zones_province,sea,Equatorial Line-Island Waters: Northern Reach,local geography / sourced AD 1 parent frame / English,ancient-parent local-feature construction,GEO-PROXY;installed:in_game/map_data/location_templates.txt,medium,AD 1 local label without postcolonial eponyms.,false
location,maldives_high_sea_1,maldives_coastal_sea_zones_province,sea,Dīva–Lakshadvīpa Ocean Routes: Northern Maldives High Sea,local geography / sourced AD 1 parent frame / English,ancient-parent local-feature construction,GEO-PROXY;installed:in_game/map_data/location_templates.txt,medium,AD 1 local label without postcolonial eponyms.,false
location,maldives_high_sea_10,maldives_coastal_sea_zones_province,sea,Northeastern Maldives High Sea,local geography / sourced AD 1 parent frame / English,ancient-parent local-feature construction,GEO-PROXY;installed:in_game/map_data/location_templates.txt,medium,AD 1 local label without postcolonial eponyms.,false
location,maldives_high_sea_2,maldives_coastal_sea_zones_province,sea,Dīva–Lakshadvīpa Ocean Routes: Eastern Maldives High Sea,local geography / sourced AD 1 parent frame / English,ancient-parent local-feature construction,GEO-PROXY;installed:in_game/map_data/location_templates.txt,medium,AD 1 local label without postcolonial eponyms.,false
location,maldives_high_sea_3,maldives_coastal_sea_zones_province,sea,Southeastern Maldives High Sea,local geography / sourced AD 1 parent frame / English,ancient-parent local-feature construction,GEO-PROXY;installed:in_game/map_data/location_templates.txt,medium,AD 1 local label without postcolonial eponyms.,false
location,maldives_high_sea_4,maldives_coastal_sea_zones_province,sea,Dīva–Lakshadvīpa Ocean Routes: Southern Maldives High Sea,local geography / sourced AD 1 parent frame / English,ancient-parent local-feature construction,GEO-PROXY;installed:in_game/map_data/location_templates.txt,medium,AD 1 local label without postcolonial eponyms.,false
location,maldives_high_sea_5,maldives_coastal_sea_zones_province,sea,Southwestern Maldives High Sea,local geography / sourced AD 1 parent frame / English,ancient-parent local-feature construction,GEO-PROXY;installed:in_game/map_data/location_templates.txt,medium,AD 1 local label without postcolonial eponyms.,false
location,maldives_high_sea_6,maldives_coastal_sea_zones_province,sea,Dīva–Lakshadvīpa Ocean Routes: Western Maldives High Sea,local geography / sourced AD 1 parent frame / English,ancient-parent local-feature construction,GEO-PROXY;installed:in_game/map_data/location_templates.txt,medium,AD 1 local label without postcolonial eponyms.,false
location,maldives_high_sea_7,maldives_coastal_sea_zones_province,sea,Northwestern Maldives High Sea,local geography / sourced AD 1 parent frame / English,ancient-parent local-feature construction,GEO-PROXY;installed:in_game/map_data/location_templates.txt,medium,AD 1 local label without postcolonial eponyms.,false
location,maldives_high_sea_8,maldives_coastal_sea_zones_province,sea,Dīva–Lakshadvīpa Ocean Routes: Central Maldives High Sea,local geography / sourced AD 1 parent frame / English,ancient-parent local-feature construction,GEO-PROXY;installed:in_game/map_data/location_templates.txt,medium,AD 1 local label without postcolonial eponyms.,false
location,maldives_high_sea_9,maldives_coastal_sea_zones_province,sea,Dīva–Lakshadvīpa Ocean Routes: Inner Maldives High Sea,local geography / sourced AD 1 parent frame / English,ancient-parent local-feature construction,GEO-PROXY;installed:in_game/map_data/location_templates.txt,medium,AD 1 local label without postcolonial eponyms.,false
location,male_atoll,maldives_province,land,Māle–Addu Dīva Atolls: Male Coral Isle,local geography / sourced AD 1 parent frame / English,ancient-parent local-feature construction,GEO-PROXY;installed:in_game/map_data/location_templates.txt,medium,AD 1 local label without postcolonial eponyms.,false
location,male_coast,maldives_coastal_sea_zones_province,sea,Dīva–Lakshadvīpa Ocean Routes: Male Coast Waters,local geography / sourced AD 1 parent frame / English,ancient-parent local-feature construction,GEO-PROXY;installed:in_game/map_data/location_templates.txt,medium,AD 1 local label without postcolonial eponyms.,false
