granularity,key,parent,kind,ad1_name,language,method,source,confidence,note,unchanged_verified
location,bavly,bavly_province,land,Ik–Belaya Pyanobor Westlands,archaeological culture / English,archaeological landscape reconstruction,installed:in_game/map_data/location_templates.txt;GEO-PROXY;https://www.evrazstep.ru/index.php/aes/article/view/497,medium,Pyanobor horizon label localized to the Ik–Belaya corridor.,false
location,bawean,surabaya_province,land,Iabadiou Minor Isle,Greek geographic / English,classical island reconstruction,installed:in_game/map_data/location_templates.txt;GEO-PROXY;https://toyo-bunko.repo.nii.ac.jp/record/3111/files/Memoirs74_01_OHJI.pdf,medium,Bawean is framed as the smaller island north of Iabadiou Java.,false
location,bawika,mayangna_province,land,Upper Coco Forests,local geographic / English,source-led river-basin reconstruction,installed:in_game/map_data/location_templates.txt;GEO-PROXY;https://www.britannica.com/place/Nicaragua/History,low,A river-basin label replaces the modern settlement name.,false
location,bawku,tenkodogo_province,land,White Volta Iron Savanna,archaeological geographic / English,source-led regional reconstruction,installed:in_game/map_data/location_templates.txt;GEO-PROXY;https://www.britannica.com/place/Volta-River,medium,Uses the durable White Volta landscape and early iron context.,false
location,baxian,chongqing_province,land,Jiangzhou,Han Chinese,attested Han administrative center,installed:in_game/map_data/location_templates.txt;GEO-PROXY;https://ctext.org/han-shu/di-li-zhi-xia/ens,high,Jiangzhou was the Han center at modern Chongqing.,false
location,bay,katagalugan_province,land,Western Laguna Lakeshore,proto-Austronesian geographic / English,archaeological landscape reconstruction,installed:in_game/map_data/location_templates.txt;GEO-PROXY;https://www.britannica.com/place/Luzon,low,Uses the lake shore before the medieval town name.,false
location,bay_alcudia,balearic_sea_province,sea,Pollentia Narrows,Latin,coastal feature from adjacent Roman center,installed:in_game/map_data/location_templates.txt;GEO-PROXY;https://pleiades.stoa.org/places/265996,high,The narrows are named for Roman Pollentia.,false
location,bay_alghero,sardinia_sea_province,sea,Nurra Anchorage,Nuragic geographic / English,ancient coastal landscape reconstruction,installed:in_game/map_data/location_templates.txt;GEO-PROXY;https://pleiades.stoa.org/places/472014,medium,Uses the ancient Nurra district rather than medieval Alghero.,false
location,bay_algiers,maghreb_coastal_sea_zones_province,sea,Icosium Roadstead,Latin,attested ancient port projection,installed:in_game/map_data/location_templates.txt;GEO-PROXY;https://pleiades.stoa.org/places/295261,high,The bay is named for ancient Icosium.,false
location,bay_aqiq,eritrean_coast_sea_province,sea,Adulitan Southern Roadstead,Greek geographic / English,Periplus coastal reconstruction,installed:in_game/map_data/location_templates.txt;GEO-PROXY;https://depts.washington.edu/silkroad/texts/periplus/periplus.html,medium,Positions the water south of the Adulis route.,false
location,bay_arabat,sea_azov_province,sea,Maeotian Western Inlet,Greek geographic / English,classical sea reconstruction,installed:in_game/map_data/location_templates.txt;GEO-PROXY;https://penelope.uchicago.edu/Thayer/E/Roman/Texts/Strabo/11/2*.html,medium,Uses Palus Maeotis geography before the Arabat name.,false
location,bay_beirut,levant_coast_sea_province,sea,Berytus Roadstead,Latin,attested ancient port projection,installed:in_game/map_data/location_templates.txt;GEO-PROXY;https://pleiades.stoa.org/places/668216,high,The bay takes the Roman colony name Berytus.,false
location,bay_haifa,levant_coast_sea_province,sea,Sycaminum Roadstead,Latin,attested ancient port projection,installed:in_game/map_data/location_templates.txt;GEO-PROXY;https://pleiades.stoa.org/places/678408,high,Uses ancient Sycaminum on the Haifa shore.,false
location,bay_kampong_son,mekong_coast_sea_province,sea,Prek Kampong Narrows,proto-Khmer geographic / English,deltaic geographic reconstruction,installed:in_game/map_data/location_templates.txt;GEO-PROXY;https://www.metmuseum.org/toah/hd/funa/hd_funa.htm,low,A conservative estuarine construction for pre-Funan Cambodia.,false
location,bay_kotor,south_adriatic_sea_province,sea,Rhizon Inlet,Greek geographic,attested Illyrian port projection,installed:in_game/map_data/location_templates.txt;GEO-PROXY;https://pleiades.stoa.org/places/481983,high,The inner bay is named for ancient Rhizon.,false
location,bay_lubeck,arkona_sea_province,sea,Varinian Bay,Latin ethnonym / English,ethnogeographic coastal reconstruction,installed:in_game/map_data/location_templates.txt;GEO-PROXY;https://sourcebooks.fordham.edu/source/tacitus-germania.asp,medium,Uses Tacitus's Varini for the Baltic coast.,false
location,bay_of_cadiz,gulf_cadiz_province,sea,Sinus Gaditanus,Latin,classical maritime name,installed:in_game/map_data/location_templates.txt;GEO-PROXY;https://pleiades.stoa.org/places/256178,high,The gulf is localized through Gades.,false
location,bay_of_fundy,bay_of_fundy_province,sea,Mi’kma’ki Great Tidal Passage,Mi'kmaq geographic / English,indigenous landscape reconstruction,installed:in_game/map_data/location_templates.txt;GEO-PROXY;https://www.britannica.com/place/Bay-of-Fundy,low,Uses the regional Mi'kma'ki frame and defining tides.,false
location,bay_of_islands,gulf_of_saint_lawrence_sea_zones_province,sea,Western Beothuk Island Waters,Beothuk geographic / English,indigenous coastal reconstruction,installed:in_game/map_data/location_templates.txt;GEO-PROXY;https://www.thecanadianencyclopedia.ca/en/article/beothuk,low,Uses the Beothuk cultural landscape rather than the colonial bay name.,false
location,bay_of_quinte,lake_ontario_province,sea,Kaniatarowanenneh Eastern,Kanien’kéha geographic / English,indigenous lake reconstruction,installed:in_game/map_data/location_templates.txt;GEO-PROXY;https://www.britannica.com/place/Lake-Ontario,low,Applies an indigenous Great Lake frame to the eastern inlet.,false
location,bay_oran,alboran_sea_province,sea,Portus Magnus Approaches,Latin,attested ancient port projection,installed:in_game/map_data/location_templates.txt;GEO-PROXY;https://pleiades.stoa.org/places/285503,high,Uses Roman Portus Magnus east of modern Oran.,false
location,bay_palma,balearic_sea_province,sea,Palma Roadstead,Latin,attested Roman settlement projection,installed:in_game/map_data/location_templates.txt;GEO-PROXY;https://pleiades.stoa.org/places/265979,high,Palma is ancient but the roadstead distinguishes the location.,false
location,bay_salum,libyan_sea_province,sea,Catabathmus Littoral,Greek geographic / Latin,ancient frontier coastal reconstruction,installed:in_game/map_data/location_templates.txt;GEO-PROXY;https://pleiades.stoa.org/places/716528,medium,Uses the Catabathmus frontier known to classical geographers.,false
location,bay_samana,north_hispaniola_coast_sea_province,sea,Quisqueya Northeast Sound,Taíno geographic / English,precontact island reconstruction,installed:in_game/map_data/location_templates.txt;GEO-PROXY;https://www.nps.gov/articles/caribbean-trade-and-networks.htm,low,Uses a local island frame without retaining the colonial bay name.,false
location,bay_san_juan,arecibo_coast_sea_province,sea,Borikén Northeast Roadstead,Taíno geographic / English,precontact island reconstruction,installed:in_game/map_data/location_templates.txt;GEO-PROXY;https://www.nps.gov/articles/caribbean-trade-and-networks.htm,low,Uses Borikén and a directional coastal descriptor.,false
location,bay_santander,cantabrian_sea_province,sea,Portus Victoriae Inlet,Latin,attested Roman harbor projection,installed:in_game/map_data/location_templates.txt;GEO-PROXY;https://pleiades.stoa.org/places/246567,high,Classical harbor associated with the Santander coast.,false
location,bay_santo_domingo,hispaniola_coast,sea,Quisqueya Ozama Roadstead,Taíno geographic / English,precontact river-mouth reconstruction,installed:in_game/map_data/location_templates.txt;GEO-PROXY;https://www.nps.gov/articles/caribbean-trade-and-networks.htm,low,Uses the island and river rather than the colonial city.,false
location,bay_setubal,coast_of_portugal_province,sea,Caetobriga Roadstead,Latin,attested ancient port projection,installed:in_game/map_data/location_templates.txt;GEO-PROXY;https://pleiades.stoa.org/places/256070,high,The bay is named for Roman Caetobriga.,false
location,bay_tolanaro,maroserana_coast_sea_province,sea,Anosy Southeast Waters,Malagasy geographic / English,regional coastal reconstruction,installed:in_game/map_data/location_templates.txt;GEO-PROXY;https://www.britannica.com/place/Madagascar/History,low,Uses the durable Anosy region and direction.,false
location,bayali,darumbal_province,land,Darumbal Southern Hills,Darumbal geographic / English,indigenous landscape reconstruction,installed:in_game/map_data/location_templates.txt;GEO-PROXY;https://aiatsis.gov.au/explore/map-indigenous-australia,low,Directional label within the researched Darumbal frame.,false
location,bayambang,pampanga_province,land,Agno Lower Plain,local geographic / English,river-basin archaeological reconstruction,installed:in_game/map_data/location_templates.txt;GEO-PROXY;https://www.nationalmuseum.gov.ph/our-collections/archaeology/,low,Uses the Agno basin before the later town.,false
location,bayamo,bayamo_province,land,Upper Cauto Settlements,precontact Cuban geographic / English,river-basin archaeological reconstruction,installed:in_game/map_data/location_templates.txt;GEO-PROXY;https://www.britannica.com/place/Cuba/History,low,Replaces the colonial city with the river-basin frame.,false
location,bayan,choyr_province,land,Xiongnu Choyr Pastures,Xiongnu ethnogeographic / English,steppe landscape reconstruction,installed:in_game/map_data/location_templates.txt;GEO-PROXY;https://academic.oup.com/edited-volume/61799/chapter-abstract/546289184,medium,Pastoral label within the eastern Gobi Xiongnu sphere.,false
location,bayan_har,golog_province,land,Amnye Machen Eastern Plateau,Qiangic geographic / English,mountain landscape reconstruction,installed:in_game/map_data/location_templates.txt;GEO-PROXY;https://www.cambridge.org/core/books/archaeology-of-tibet/2DF0A6524D57C5D070293208EAA45B5C,medium,Uses the sacred massif and directional plateau.,false
location,bayan_har_mountains1,yushu_province,land,Upper Drichu Snow Range,Tibetic geographic / English,river-headwater reconstruction,installed:in_game/map_data/location_templates.txt;GEO-PROXY;https://www.cambridge.org/core/books/archaeology-of-tibet/2DF0A6524D57C5D070293208EAA45B5C,medium,Names the eastern Bayan Har range through the upper Yangzi.,false
location,bayan_har_mountains2,gyahor_province,land,Upper Machu Snow Range,Tibetic geographic / English,river-headwater reconstruction,installed:in_game/map_data/location_templates.txt;GEO-PROXY;https://www.cambridge.org/core/books/archaeology-of-tibet/2DF0A6524D57C5D070293208EAA45B5C,medium,Names the western Bayan Har range through the upper Yellow River.,false
location,bayan_susu,hulan_province,land,Yilou Hulan Plain,Chinese ethnonym / English,Han ethnogeographic reconstruction,installed:in_game/map_data/location_templates.txt;GEO-PROXY;https://ctext.org/records-of-the-three-states/dong-yi/ens,medium,Uses the ancient Yilou frame and Hulan river landscape.,false
location,bayan_tumen,dalai_nuur_province,land,Xiongnu Kherlen Bend,Xiongnu ethnogeographic / English,steppe river reconstruction,installed:in_game/map_data/location_templates.txt;GEO-PROXY;https://academic.oup.com/edited-volume/61799/chapter-abstract/546289184,medium,Uses the Kherlen bend within the eastern Xiongnu sphere.,false
location,bayan_ula,hailar_province,land,Xiongnu Argun Uplands,Xiongnu ethnogeographic / English,steppe frontier reconstruction,installed:in_game/map_data/location_templates.txt;GEO-PROXY;https://academic.oup.com/edited-volume/61799/chapter-abstract/546289184,medium,Directional upland label on the Argun frontier.,false
location,bayana,dhundhar,land,Matsya Eastern Plain,Sanskrit ethnogeographic / English,ancient polity landscape reconstruction,installed:in_game/map_data/location_templates.txt;GEO-PROXY;https://www.britannica.com/place/Rajasthan/History,medium,Places the cell in the eastern Matsya plain.,false
location,bayanaul,bayanaul_province,land,Saryarka Eastern Hills,steppe geographic / English,archaeological landscape reconstruction,installed:in_game/map_data/location_templates.txt;GEO-PROXY;https://unesdoc.unesco.org/ark:/48223/pf0000105703,medium,Uses the Saryarka uplands rather than a later settlement.,false
location,bayanday,bayanday_province,land,Upper Angara West Bank,local geographic / English,river-basin reconstruction,installed:in_game/map_data/location_templates.txt;GEO-PROXY;https://www.britannica.com/place/Angara-River,medium,Names the location from the Angara system.,false
location,bayangol,barga_province,land,Barguzin Upper Gorge,local geographic / English,river-basin reconstruction,installed:in_game/map_data/location_templates.txt;GEO-PROXY;https://www.britannica.com/place/Lake-Baikal,medium,Uses the Barguzin corridor rather than the generic Mongolian name.,false
location,bayankhot,alasha_province,land,Xiongnu Alasha Western Camp,Xiongnu ethnogeographic / English,steppe encampment reconstruction,installed:in_game/map_data/location_templates.txt;GEO-PROXY;https://ctext.org/han-shu/xiong-nu-zhuan-shang/ens,medium,Locates an ancient pastoral center in western Alasha.,false
location,bayannur,hetao_province,land,Jiuyuan Western Bend,Han Chinese,Han frontier landscape reconstruction,installed:in_game/map_data/location_templates.txt;GEO-PROXY;https://ctext.org/han-shu/di-li-zhi/ens,high,Uses Han Jiuyuan commandery geography on the Yellow River bend.,false
location,bayannurhong,alasha_province,land,Xiongnu Alasha Northern Wells,Xiongnu ethnogeographic / English,steppe water-point reconstruction,installed:in_game/map_data/location_templates.txt;GEO-PROXY;https://ctext.org/han-shu/xiong-nu-zhuan-shang/ens,medium,Distinct northern water-point label within Alasha.,false
location,bayantsagaan,dalai_nuur_province,land,Xiongnu Dalai Grasslands,Xiongnu ethnogeographic / English,steppe landscape reconstruction,installed:in_game/map_data/location_templates.txt;GEO-PROXY;https://academic.oup.com/edited-volume/61799/chapter-abstract/546289184,medium,Uses the lake grasslands within the eastern Xiongnu sphere.,false
location,bayaquitiri,baracoa_province,land,Toa Mountain Settlements,precontact Cuban geographic / English,archaeological landscape reconstruction,installed:in_game/map_data/location_templates.txt;GEO-PROXY;https://www.britannica.com/place/Cuba/History,low,Uses the Toa basin before the later local name.,false
location,bayat,cankiri_province,land,Gangra Southern Hills,Greek geographic / English,ancient city hinterland reconstruction,installed:in_game/map_data/location_templates.txt;GEO-PROXY;https://pleiades.stoa.org/places/844943,high,Places the cell south of ancient Gangra.,false
location,bayazit,khoy_province,land,Artaz Eastern March,Armenian geographic / English,ancient district reconstruction,installed:in_game/map_data/location_templates.txt;GEO-PROXY;https://www.iranicaonline.org/articles/armenian-geography,medium,Uses the ancient Armenian district Artaz.,false
location,bayburt,erzurum_province,land,Speri Western Pass,Armenian geographic / English,ancient district and pass reconstruction,installed:in_game/map_data/location_templates.txt;GEO-PROXY;https://www.iranicaonline.org/articles/speri,medium,Uses ancient Speri rather than medieval Bayburt.,false
location,baydibek_ata,turkestan_province,land,Kangju Karatau Wells,Chinese ethnonym / English,Han-era steppe reconstruction,installed:in_game/map_data/location_templates.txt;GEO-PROXY;https://depts.washington.edu/silkroad/texts/hhshu/hou_han_shu.html,medium,Water-point label in Kangju territory below Karatau.,false
location,bayei,damara_province,land,Central Namib Escarpment,local geographic / English,environmental landscape reconstruction,installed:in_game/map_data/location_templates.txt;GEO-PROXY;https://www.britannica.com/place/Namib,medium,Uses the enduring Namib escarpment.,false
location,bayeux,caennais_province,land,Augustodurum,Latin,attested Roman settlement,installed:in_game/map_data/location_templates.txt;GEO-PROXY;https://pleiades.stoa.org/places/69533,high,Ancient predecessor of Bayeux.,false
location,bayhan,sayhad_province,land,Qatabanian Bayhan Wadi,Old South Arabian / English,ancient polity and valley reconstruction,installed:in_game/map_data/location_templates.txt;GEO-PROXY;https://depts.washington.edu/silkroad/texts/periplus/periplus.html,medium,Uses the Bayhan valley within Qatabanian country.,false
location,baykalovo,turinsk_province,land,Tura Eastern Forest-Steppe,archaeological geographic / English,river-basin reconstruction,installed:in_game/map_data/location_templates.txt;GEO-PROXY;https://www.britannica.com/place/Tura-River,low,Replaces a Russian town with a directional Tura landscape.,false
location,baykit,baykit_province,land,Stony Tunguska Bend,local geographic / English,river-basin reconstruction,installed:in_game/map_data/location_templates.txt;GEO-PROXY;https://www.britannica.com/place/Tunguska-River,medium,Uses the durable river bend.,false
location,baynoa,marien_province,land,Cibao Northwest Hills,precontact Hispaniolan geographic / English,archaeological landscape reconstruction,installed:in_game/map_data/location_templates.txt;GEO-PROXY;https://www.nps.gov/articles/caribbean-trade-and-networks.htm,low,Directional construction in the precontact Cibao frame.,false
location,bayo_mountain,puma_province,land,Atacama Eastern Cordillera,Andean geographic / English,formative highland reconstruction,installed:in_game/map_data/location_templates.txt;GEO-PROXY;https://www.metmuseum.org/toah/hd/ande/hd_ande.htm,medium,Uses the Atacama cordillera before the modern peak name.,false
location,bayombe,bena_province,land,Upper Lulua Woodlands,local geographic / English,river-basin reconstruction,installed:in_game/map_data/location_templates.txt;GEO-PROXY;https://www.britannica.com/place/Kasai-River,low,Names the location from the upper Lulua landscape.,false
location,bayonnaise_banks,futuna_province,land,Futuna Eastern Reef,Polynesian geographic / English,island reef reconstruction,installed:in_game/map_data/location_templates.txt;GEO-PROXY;https://www.britannica.com/place/Futuna-Island,medium,Uses Futuna and a directional reef descriptor.,false
location,bayonnaise_coast_1,tuvalu_coastal_sea_zones_province,sea,Funafuti Western Reef Waters,Polynesian geographic / English,atoll-water reconstruction,installed:in_game/map_data/location_templates.txt;GEO-PROXY;https://www.britannica.com/place/Tuvalu,medium,Unique western reef cell in the Tuvalu chain.,false
location,bayonnaise_coast_2,tuvalu_coastal_sea_zones_province,sea,Funafuti Eastern Reef Waters,Polynesian geographic / English,atoll-water reconstruction,installed:in_game/map_data/location_templates.txt;GEO-PROXY;https://www.britannica.com/place/Tuvalu,medium,Unique eastern reef cell in the Tuvalu chain.,false
location,bayonnaise_coast_3,tuvalu_coastal_sea_zones_province,sea,Nanumea Reef Narrows,Polynesian geographic / English,atoll-water reconstruction,installed:in_game/map_data/location_templates.txt;GEO-PROXY;https://www.britannica.com/place/Tuvalu,medium,Engine narrows named within the ancient atoll chain.,false
location,bayonne,bayonne_province,land,Lapurdum,Latin,attested Roman settlement,installed:in_game/map_data/location_templates.txt;GEO-PROXY;https://pleiades.stoa.org/places/138420,high,Ancient settlement at Bayonne.,false
location,bayono,iwur_province,land,Upper Digul Forests,local geographic / English,river-basin reconstruction,installed:in_game/map_data/location_templates.txt;GEO-PROXY;https://www.britannica.com/place/New-Guinea,low,Uses the Digul basin before the modern settlement.,false
location,bayramic,biga_province,land,Skamandros Eastern Plain,Greek geographic / English,ancient river landscape reconstruction,installed:in_game/map_data/location_templates.txt;GEO-PROXY;https://pleiades.stoa.org/places/550910,high,Names the inland plain through ancient Skamandros.,false
location,bayramlu,canik_province,land,Oinoe Highlands,Greek geographic / English,ancient port hinterland reconstruction,installed:in_game/map_data/location_templates.txt;GEO-PROXY;https://pleiades.stoa.org/places/857252,medium,Uses ancient Oinoe for the adjacent mountains.,false
location,bayreuth,frankische_schweiz_province,land,Hermunduri Regnitz Headwaters,Latin ethnonym / English,ethnogeographic landscape reconstruction,installed:in_game/map_data/location_templates.txt;GEO-PROXY;https://sourcebooks.fordham.edu/source/tacitus-germania.asp,medium,Places the cell in the Hermunduri uplands.,false
location,baytak,baytak_province,land,Aorsi Ilek Steppe,Latin ethnonym / English,ethnogeographic steppe reconstruction,installed:in_game/map_data/location_templates.txt;GEO-PROXY;https://www.perseus.tufts.edu/hopper/text?doc=Perseus:text:1999.01.0198:book=11,medium,Uses the Aorsi and Ilek corridor.,false
location,bayul,denkelia_province,land,Adulitan Danakil Plain,Greek geographic / English,Periplus hinterland reconstruction,installed:in_game/map_data/location_templates.txt;GEO-PROXY;https://depts.washington.edu/silkroad/texts/periplus/periplus.html,medium,Places the plain behind Adulis.,false
location,bayyu,bahr_el_ghazal_province,land,Western Sudd Grasslands,local geographic / English,environmental landscape reconstruction,installed:in_game/map_data/location_templates.txt;GEO-PROXY;https://www.britannica.com/place/Al-Sudd,medium,Uses the Sudd wetland margin.,false
location,baza,almeria_province,land,Basti,Latin,attested Iberian-Roman settlement,installed:in_game/map_data/location_templates.txt;GEO-PROXY;https://pleiades.stoa.org/places/265846,high,Ancient Basti replaces the later Baza form.,false
location,bazarny_syzgan,troitskoye_kuroedovo_province,land,Upper Sura Gorodets Lands,archaeological culture / English,archaeological landscape reconstruction,installed:in_game/map_data/location_templates.txt;GEO-PROXY;https://www.britannica.com/place/Volga-River,low,Uses the Gorodets horizon and Sura basin.,false
location,bazaruto_archipelago,inhambane_coast_sea_province,sea,Azanian Vilanculos Isles,Greek geographic / local / English,Periplus coastal reconstruction,installed:in_game/map_data/location_templates.txt;GEO-PROXY;https://depts.washington.edu/silkroad/texts/periplus/periplus.html,medium,Places the isles along the Azanian coast.,false
location,bazas,bazadais_province,land,Cossium Vasatum,Latin,attested Roman settlement,installed:in_game/map_data/location_templates.txt;GEO-PROXY;https://pleiades.stoa.org/places/138295,high,Ancient center of the Vasates.,false
location,bazer_sakhra,constantine_province,land,Massylian Southern Plateau,Latin ethnonym / English,Numidian ethnogeographic reconstruction,installed:in_game/map_data/location_templates.txt;GEO-PROXY;https://penelope.uchicago.edu/Thayer/E/Roman/Texts/Pliny_the_Elder/5*.html,medium,Directional plateau in Massylian country.,false
location,bazhai,mengzi_province,land,Dian Red-River Pass,Han Chinese ethnonym / English,Han frontier reconstruction,installed:in_game/map_data/location_templates.txt;GEO-PROXY;https://ctext.org/han-shu/di-li-zhi-xia/ens,medium,Uses the Dian polity and Red River route.,false
location,bazhai_duyun,duyun_province,land,Zangke Duliu Hills,Han Chinese,Han commandery landscape reconstruction,installed:in_game/map_data/location_templates.txt;GEO-PROXY;https://ctext.org/han-shu/di-li-zhi-xia/ens,medium,Local hill frame within Zangke Commandery.,false
location,bazin,bazin_province,land,Aksumite Barka March,Ge'ez geographic / English,ancient polity frontier reconstruction,installed:in_game/map_data/location_templates.txt;GEO-PROXY;https://www.britannica.com/place/Aksum-ancient-kingdom-Africa,medium,Uses the Barka corridor on the Aksumite frontier.,false
location,bazman,bampur_province,land,Gedrosian Jaz Murian Rim,Greek geographic / English,classical regional reconstruction,installed:in_game/map_data/location_templates.txt;GEO-PROXY;https://www.perseus.tufts.edu/hopper/text?doc=Perseus:text:1999.01.0198:book=15,medium,Places the cell on the Jaz Murian rim in Gedrosia.,false
location,beagle_gulf,ngarinyin_jaminjung_province_coast,sea,Jaminjung Timor-Sea Inlet,Jaminjung geographic / English,indigenous coastal reconstruction,installed:in_game/map_data/location_templates.txt;GEO-PROXY;https://aiatsis.gov.au/explore/map-indigenous-australia,low,Uses the Jaminjung coastal frame rather than an explorer name.,false
location,bealanana,tsimihety_province,land,Sofia Upper Highlands,local geographic / English,environmental landscape reconstruction,installed:in_game/map_data/location_templates.txt;GEO-PROXY;https://www.britannica.com/place/Madagascar/History,low,Uses the Sofia watershed in the sparsely settled north.,false
location,beami,hamtai_province,land,Upper Purari Wetlands,local geographic / English,river-basin reconstruction,installed:in_game/map_data/location_templates.txt;GEO-PROXY;https://www.britannica.com/place/New-Guinea,low,Uses the Purari basin before the modern ethnonym label.,false
location,beanka,mailaka_province,land,Manambolo Western Plain,local geographic / English,river-basin reconstruction,installed:in_game/map_data/location_templates.txt;GEO-PROXY;https://www.britannica.com/place/Madagascar,low,Directional river landscape for early Madagascar.,false
location,bear_island,impassable_atlantic,land,Thule Southern Outlier,Greek geographic / English,classical outer-ocean construction,installed:in_game/map_data/location_templates.txt;GEO-PROXY;https://penelope.uchicago.edu/Thayer/E/Roman/Texts/Strabo/2/5*.html,low,Classical northern-world framing for the uninhabited island.,false
location,bear_islands,jamesie_area_sea_zones_province,sea,Akimiski Western Shoals,indigenous geographic / English,regional marine reconstruction,installed:in_game/map_data/location_templates.txt;GEO-PROXY;https://www.britannica.com/place/Hudson-Bay,low,Uses Akimiski and a directional shoal descriptor.,false
location,bear_river_e,bear_river_province,land,Bear–Weber Eastern Uplands,archaeological geographic / English,Archaic landscape reconstruction,installed:in_game/map_data/location_templates.txt;GEO-PROXY;https://www.britannica.com/topic/Archaic-culture,low,Directional cell in the Bear–Weber basin.,false
location,bear_river_w,bear_river_province,land,Bear–Weber Western Uplands,archaeological geographic / English,Archaic landscape reconstruction,installed:in_game/map_data/location_templates.txt;GEO-PROXY;https://www.britannica.com/topic/Archaic-culture,low,Directional cell in the Bear–Weber basin.,false
location,beatton,dunnneza_province,land,Dane-zaa Upper Peace Lands,Dane-zaa geographic / English,indigenous river-basin reconstruction,installed:in_game/map_data/location_templates.txt;GEO-PROXY;https://www.thecanadianencyclopedia.ca/en/article/peace-river,low,Uses the Dane-zaa and upper Peace landscape.,false
location,beaugency,orleanais_province,land,Cenabum Western Fields,Latin,ancient city hinterland reconstruction,installed:in_game/map_data/location_templates.txt;GEO-PROXY;https://pleiades.stoa.org/places/138276,high,Places the cell west of Carnute Cenabum.,false
location,beaujeu,beaujolais_province,land,Segusiavi Arar Hills,Latin ethnonym / English,ethnogeographic landscape reconstruction,installed:in_game/map_data/location_templates.txt;GEO-PROXY;https://www.perseus.tufts.edu/hopper/text?doc=Perseus:text:1999.01.0239:book=4,medium,Uses the Segusiavi and ancient Arar river.,false
location,beaumont_au_maine,upper_maine_province,land,Cenomani Northern Plain,Latin ethnonym / English,ethnogeographic landscape reconstruction,installed:in_game/map_data/location_templates.txt;GEO-PROXY;https://www.perseus.tufts.edu/hopper/text?doc=Strab.+4.3,medium,Directional plain in Aulerci Cenomani country.,false
location,beaune,dijonnais_province,land,Aedui Northern Vineyards,Latin ethnonym / English,ethnogeographic agricultural reconstruction,installed:in_game/map_data/location_templates.txt;GEO-PROXY;https://www.perseus.tufts.edu/hopper/text?doc=Perseus:text:1999.01.0239:book=4,medium,Places the cell on the northern Aeduan vine slope.,false
location,beaupreau,anjou_province,land,Andecavi Western March,Latin ethnonym / English,ethnogeographic landscape reconstruction,installed:in_game/map_data/location_templates.txt;GEO-PROXY;https://pleiades.stoa.org/places/138427,medium,Western district of the Andecavi.,false
location,beautemps_beaupre_atoll,tavuavua_province,land,Drehu Northern Atoll,Drehu geographic / English,Lapita-descended island reconstruction,installed:in_game/map_data/location_templates.txt;GEO-PROXY;https://www.britannica.com/place/Loyalty-Islands,medium,Replaces the European eponym with a Drehu frame.,false
location,beauvais,beauvaisis_province,land,Caesaromagus,Latin,attested Roman settlement,installed:in_game/map_data/location_templates.txt;GEO-PROXY;https://pleiades.stoa.org/places/108882,high,Roman center of the Bellovaci.,false
location,beauvoir,lower_poitou_province,land,Ambilatri Coastal Marsh,Latin ethnonym / English,ethnogeographic wetland reconstruction,installed:in_game/map_data/location_templates.txt;GEO-PROXY;https://www.perseus.tufts.edu/hopper/text?doc=Perseus:text:1999.01.0239:book=4,medium,Uses the Ambilatri on the lower Poitou coast.,false
location,beaver,east_dennaakke_province,land,Lower Tanana Wintering Lands,Athabascan geographic / English,indigenous river-basin reconstruction,installed:in_game/map_data/location_templates.txt;GEO-PROXY;https://www.nps.gov/yuch/learn/historyculture/athabaskan-culture.htm,low,Uses the Tanana river and seasonal-landscape framing.,false
location,beaver_cove,cape_scott_province,sea,Outer Wakashan Southern Cove,Wakashan ethnogeographic / English,indigenous coastal reconstruction,installed:in_game/map_data/location_templates.txt;GEO-PROXY;https://research.si.edu/publication-details/?id=20829,low,Directional cove in the researched Outer Wakashan waters.,false
location,beaver_forest,dunnneza_province,land,Dane-zaa Northern Forest,Dane-zaa geographic / English,indigenous landscape reconstruction,installed:in_game/map_data/location_templates.txt;GEO-PROXY;https://www.thecanadianencyclopedia.ca/en/article/peace-river,low,Uses a directional forest within the Dane-zaa landscape.,false
location,beaver_plain,dunnneza_province,land,Dane-zaa Eastern Plain,Dane-zaa geographic / English,indigenous landscape reconstruction,installed:in_game/map_data/location_templates.txt;GEO-PROXY;https://www.thecanadianencyclopedia.ca/en/article/peace-river,low,Uses a directional plain within the Dane-zaa landscape.,false
location,beaverhead,agaidika_province,land,Agaidika Bitterroot Pass,Agaidika geographic / English,indigenous mountain reconstruction,installed:in_game/map_data/location_templates.txt;GEO-PROXY;https://parkplanning.nps.gov/showFile.cfm?projectID=105110&sfid=676723,low,Uses the indigenous regional frame and Bitterroot route.,false
location,bebaramau_jungle,kuna_province,land,Upper Atrato Rainforest,local geographic / English,river-basin archaeological reconstruction,installed:in_game/map_data/location_templates.txt;GEO-PROXY;https://www.britannica.com/place/Choco-department-Colombia,low,Uses the upper Atrato landscape before the modern label.,false
location,bebedero_salt_pan,mamullmapu_province,land,Chadileuvú Salt Basin,Mapuche geographic / English,indigenous environmental reconstruction,installed:in_game/map_data/location_templates.txt;GEO-PROXY;https://www.britannica.com/place/Patagonia-region-Argentina,low,Names the salt pan through the Chadileuvú basin.,false
location,becaguimec,madawaska_province,land,Wəlastəkw Upper Crossing,Maliseet-Passamaquoddy geographic / English,indigenous river-route reconstruction,installed:in_game/map_data/location_templates.txt;GEO-PROXY;https://www.thecanadianencyclopedia.ca/en/article/maliseet,low,Uses the indigenous name of the Saint John River.,false
location,bechar,saoura_province,land,Gaetulian Saoura Oasis,Latin ethnonym / English,classical oasis reconstruction,installed:in_game/map_data/location_templates.txt;GEO-PROXY;https://penelope.uchicago.edu/Thayer/E/Roman/Texts/Pliny_the_Elder/5*.html,medium,Uses the Saoura oasis in Gaetulian country.,false
location,becharof_lake,ogulmiut_province,lake,Alutiiq Peninsula Lake,Alutiiq ethnogeographic / English,indigenous lake reconstruction,installed:in_game/map_data/location_templates.txt;GEO-PROXY;https://www.nps.gov/articles/iyatayet.htm,low,Replaces the Russian eponym with the local cultural frame.,false
location,bechyne,bechinsko_province,land,Marcomannian Lužnice Bend,Latin ethnonym / local / English,ethnogeographic river reconstruction,installed:in_game/map_data/location_templates.txt;GEO-PROXY;https://sourcebooks.fordham.edu/source/tacitus-germania.asp,medium,Uses the Lužnice corridor in southern Marcomannia.,false
location,bedale,north_riding_province,land,Brigantian Swale Plain,Latin ethnonym / English,ethnogeographic river reconstruction,installed:in_game/map_data/location_templates.txt;GEO-PROXY;https://www.perseus.tufts.edu/hopper/text?doc=Ptol.+2.3,medium,Uses the Brigantes and Swale landscape.,false
location,beden,rhodopes_province,land,Bessian Rhodope Valleys,Latin ethnonym / English,ethnogeographic mountain reconstruction,installed:in_game/map_data/location_templates.txt;GEO-PROXY;https://penelope.uchicago.edu/Thayer/E/Roman/Texts/Strabo/7/5*.html,high,Places the cell in the Rhodope country of the Bessi.,false
location,bedford,bedfordshire_province,land,Catuvellaunian Ouse Plain,Latin ethnonym / English,ethnogeographic river reconstruction,installed:in_game/map_data/location_templates.txt;GEO-PROXY;https://www.perseus.tufts.edu/hopper/text?doc=Perseus:text:1999.01.0239:book=4,medium,Uses the northern Catuvellauni and Ouse plain.,false
location,bedia,samegrelo_province,land,Phasis Southern Lowlands,Greek geographic / English,classical Colchian reconstruction,installed:in_game/map_data/location_templates.txt;GEO-PROXY;https://pleiades.stoa.org/places/857275,medium,Directional lowland south of the Phasis.,false
location,bednur,banavasi,land,Vaijayantī Western Hills,Sanskrit,ancient city hinterland reconstruction,installed:in_game/map_data/location_templates.txt;GEO-PROXY;https://www.britannica.com/place/Banavasi,high,Uses ancient Vaijayanti for the Banavasi uplands.,false
location,beer_dun,cayor_province,land,Thiès Western Savanna,local geographic / English,environmental landscape reconstruction,installed:in_game/map_data/location_templates.txt;GEO-PROXY;https://www.britannica.com/place/Senegal,low,Directional savanna label before later settlements.,false
location,beersheba,filastin_province,land,Bersabe,Greek / Latin,attested ancient settlement,installed:in_game/map_data/location_templates.txt;GEO-PROXY;https://pleiades.stoa.org/places/687839,high,Ancient form of Beersheba used in Roman Judaea.,false
location,beeskow,niederlausitz_province,land,Semnonian Spree Crossing,Latin ethnonym / English,ethnogeographic river-route reconstruction,installed:in_game/map_data/location_templates.txt;GEO-PROXY;https://sourcebooks.fordham.edu/source/tacitus-germania.asp,medium,Uses the Semnones and the Spree crossing.,false
location,beesowuunenno,wishkahuunu_province,land,Bighorn Upper Grasslands,indigenous geographic / English,Plains Woodland landscape reconstruction,installed:in_game/map_data/location_templates.txt;GEO-PROXY;https://www.britannica.com/topic/Plains-Indian,low,Uses the Bighorn basin before the modern settlement label.,false
location,befandriana,tsimihety_province,land,Sofia Lower Highlands,local geographic / English,environmental landscape reconstruction,installed:in_game/map_data/location_templates.txt;GEO-PROXY;https://www.britannica.com/place/Madagascar/History,low,Distinct lower-highland cell in the Sofia watershed.,false
location,begho,bono_province,land,Black Volta Iron Fields,archaeological geographic / English,early iron landscape reconstruction,installed:in_game/map_data/location_templates.txt;GEO-PROXY;https://www.britannica.com/place/Volta-River,medium,Uses the Black Volta and early iron context.,false
location,begoml,lahoysk_province,land,Zarubintsy Berezina North,archaeological culture / English,archaeological landscape reconstruction,installed:in_game/map_data/location_templates.txt;GEO-PROXY;https://www.britannica.com/place/Berezina-River,medium,Directional cell in the Zarubintsy Berezina zone.,false
location,behabad,zarand_province,land,Carmanian Lut Margin,Greek geographic / English,classical regional reconstruction,installed:in_game/map_data/location_templates.txt;GEO-PROXY;https://depts.washington.edu/silkroad/texts/periplus/periplus.html,medium,Places the cell on the Lut margin of Carmania.,false
location,behali,hazara,land,Darada Hazara Valleys,Sanskrit ethnonym / English,ancient ethnogeographic reconstruction,installed:in_game/map_data/location_templates.txt;GEO-PROXY;https://www.britannica.com/place/Gilgit-Baltistan,medium,Uses the ancient Darada frame for the mountain valleys.,false
location,behbahan,behbahan_province,land,Elymaean Choaspes Plain,Greek ethnonym / English,Parthian regional reconstruction,installed:in_game/map_data/location_templates.txt;GEO-PROXY;https://www.iranicaonline.org/articles/elymais/,high,Places the cell in Elymais along the Choaspes.,false
location,beichlingen,saale_province,land,Hermunduri Sala Heights,Latin ethnonym / English,ethnogeographic river reconstruction,installed:in_game/map_data/location_templates.txt;GEO-PROXY;https://sourcebooks.fordham.edu/source/tacitus-germania.asp,medium,Uses Tacitus's Hermunduri and ancient Sala river.,false
location,beihai,laizhou_province,land,Donglai Western Shore,Han Chinese,Han commandery landscape reconstruction,installed:in_game/map_data/location_templates.txt;GEO-PROXY;https://ctext.org/han-shu/di-li-zhi/ens,high,Directional shore within Donglai Commandery.,false
location,beiliu,rongzhou_wuzhou_province,land,Yulin Guijiang Hills,Han Chinese,Han commandery landscape reconstruction,installed:in_game/map_data/location_templates.txt;GEO-PROXY;https://ctext.org/han-shu/di-li-zhi-xia/ens,high,Uses Yulin Commandery and the Guijiang hills.,false
location,beilngries,franconian_alb_province,land,Hermunduri Altmühl Hills,Latin ethnonym / English,ethnogeographic river reconstruction,installed:in_game/map_data/location_templates.txt;GEO-PROXY;https://sourcebooks.fordham.edu/source/tacitus-germania.asp,medium,Places the hills near the Altmühl in Hermunduri country.,false
location,beira_estuary,mozambique_coast_sea_province,sea,Azanian Zambezi Roads,Greek geographic / English,Periplus coastal reconstruction,installed:in_game/map_data/location_templates.txt;GEO-PROXY;https://depts.washington.edu/silkroad/texts/periplus/periplus.html,medium,Uses Azania and the Zambezi estuary.,false
location,beirut,lebanon_province,land,Colonia Berytus,Latin,attested Roman colony,installed:in_game/map_data/location_templates.txt;GEO-PROXY;https://pleiades.stoa.org/places/668216,high,Formal Roman-period name for Beirut.,false
location,beishe,sichuan_province,land,Jianwei Southern Pass,Han Chinese,Han commandery landscape reconstruction,installed:in_game/map_data/location_templates.txt;GEO-PROXY;https://ctext.org/han-shu/di-li-zhi-xia/ens,medium,Directional pass in southern Jianwei.,false
location,beisheng,beisheng_province,land,Dian Jinsha North Bank,Han Chinese ethnonym / English,Han frontier landscape reconstruction,installed:in_game/map_data/location_templates.txt;GEO-PROXY;https://ctext.org/han-shu/di-li-zhi-xia/ens,medium,Uses the Dian sphere and Jinsha bank.,false
location,beius,bihar_province,land,Dacian Criș Plain,Latin ethnonym / local / English,ethnogeographic river reconstruction,installed:in_game/map_data/location_templates.txt;GEO-PROXY;https://www.perseus.tufts.edu/hopper/text?doc=Strab.+7.3,medium,Places the cell on the Criș plain in Dacian country.,false
location,beja,baixo_alentejo_province,land,Pax Iulia,Latin,attested Roman colony,installed:in_game/map_data/location_templates.txt;GEO-PROXY;https://pleiades.stoa.org/places/256345,high,Ancient Roman name of Beja.,false
location,beja_TUN,medjerda_province,land,Vaga,Latin,attested Numidian-Roman settlement,installed:in_game/map_data/location_templates.txt;GEO-PROXY;https://pleiades.stoa.org/places/315247,high,Ancient Vaga replaces the modern Tunisian name.,false
location,beja_coast,nubia_coast_sea_province,sea,Blemmyan Red-Sea Roads,Greek ethnonym / English,Periplus coastal reconstruction,installed:in_game/map_data/location_templates.txt;GEO-PROXY;https://depts.washington.edu/silkroad/texts/periplus/periplus.html,medium,Uses the Blemmyan coast of the Red Sea.,false
location,bejaad,tamasna_province,land,Mauretanian Anfa Tableland,Latin ethnonym / English,classical regional reconstruction,installed:in_game/map_data/location_templates.txt;GEO-PROXY;https://penelope.uchicago.edu/Thayer/E/Roman/Texts/Strabo/17/3*.html,medium,Interior zone behind ancient Anfa in Mauretania.,false
location,bejaia,kabylia_province,land,Saldae,Latin,attested Roman settlement,installed:in_game/map_data/location_templates.txt;GEO-PROXY;https://pleiades.stoa.org/places/295345,high,Ancient name of Béjaïa.,false
location,bejar,salamanca_province,land,Vettonian Tormes Heights,Latin ethnonym / English,ethnogeographic river reconstruction,installed:in_game/map_data/location_templates.txt;GEO-PROXY;https://www.perseus.tufts.edu/hopper/text?doc=Strab.+3.3,medium,Uses the Vettones and upper Tormes landscape.,false
location,bejar_mountains,salamanca_province,land,Vettonian Southern Range,Latin ethnonym / English,ethnogeographic mountain reconstruction,installed:in_game/map_data/location_templates.txt;GEO-PROXY;https://www.perseus.tufts.edu/hopper/text?doc=Strab.+3.3,medium,Directional mountain cell in Vettonian country.,false
location,bekarlar,nigde_province,land,Tyanitis Western Plateau,Greek geographic / English,classical district reconstruction,installed:in_game/map_data/location_templates.txt;GEO-PROXY;https://pleiades.stoa.org/places/619267,medium,Uses the territory of ancient Tyana.,false
location,bekes,szolnok_province,land,Dacian Körös Marshes,Latin ethnonym / local / English,ethnogeographic wetland reconstruction,installed:in_game/map_data/location_templates.txt;GEO-PROXY;https://www.perseus.tufts.edu/hopper/text?doc=Strab.+7.3,medium,Uses the Körös wetlands in Dacian country.,false
location,beket_ata,mangistau_province,land,Dahae Mangystau Uplands,Greek ethnonym / English,ethnogeographic steppe reconstruction,installed:in_game/map_data/location_templates.txt;GEO-PROXY;https://www.iranicaonline.org/articles/dahae,medium,Uses the Dahae association with the Caspian steppe.,false
location,beki,mangistau_province,land,Dahae Mangystau Wells,Greek ethnonym / English,ethnogeographic steppe reconstruction,installed:in_game/map_data/location_templates.txt;GEO-PROXY;https://www.iranicaonline.org/articles/dahae,medium,Distinct water-point cell in the Dahae uplands.,false
location,bela,bela_province,land,Oritan Porali Plain,Greek ethnonym / local / English,classical regional reconstruction,installed:in_game/map_data/location_templates.txt;GEO-PROXY;https://www.perseus.tufts.edu/hopper/text?doc=Strab.+15.2,medium,Uses the Oritae and Porali basin.,false
location,belabo,mymensingh_province,land,Vanga Brahmaputra East Bank,Sanskrit ethnogeographic / English,ancient regional reconstruction,installed:in_game/map_data/location_templates.txt;GEO-PROXY;https://en.banglapedia.org/index.php/Pundravardhana,medium,Places the cell in Vanga on the Brahmaputra bank.,false
location,belaga,upper_rajang_province,land,Upper Balui Metal Lands,local geographic / English,Metal Age river reconstruction,installed:in_game/map_data/location_templates.txt;GEO-PROXY;https://www.britannica.com/place/Borneo-island-Pacific-Ocean,low,Uses the Balui headwaters before later settlement names.,false
location,belalcazar,villanueva_de_la_serena_province,land,Celtici Anas Uplands,Latin ethnonym / English,ethnogeographic river reconstruction,installed:in_game/map_data/location_templates.txt;GEO-PROXY;https://www.perseus.tufts.edu/hopper/text?doc=Strab.+3.2,medium,Uses the Celtici above the Anas valley.,false
location,belang,manado_province,land,Tondano Southern Slopes,local geographic / English,Metal Age landscape reconstruction,installed:in_game/map_data/location_templates.txt;GEO-PROXY;https://www.britannica.com/place/Celebes,low,Directional cell in the Tondano volcanic landscape.,false
location,belau,belau_province,land,Belau Western Rock Isles,Palauan geographic / English,indigenous island reconstruction,installed:in_game/map_data/location_templates.txt;GEO-PROXY;https://www.britannica.com/place/Palau,medium,Uses the indigenous island name with a unique direction.,false
location,belau_atoll,belau_province,land,Belau Northern Atoll,Palauan geographic / English,indigenous atoll reconstruction,installed:in_game/map_data/location_templates.txt;GEO-PROXY;https://www.britannica.com/place/Palau,medium,Directional atoll in the Belau archipelago.,false
location,belau_high_sea_1,belau_sea_zones_province,sea,Belau Ocean — Northwest,Palauan geographic / English,directional ocean-cell construction,installed:in_game/map_data/location_templates.txt;GEO-PROXY;https://www.britannica.com/place/Palau,medium,Unique offshore cell around ancient Belau.,false
location,belau_high_sea_2,belau_sea_zones_province,sea,Belau Ocean — North Passage,Palauan geographic / English,directional ocean-cell construction,installed:in_game/map_data/location_templates.txt;GEO-PROXY;https://www.britannica.com/place/Palau,medium,Unique offshore cell around ancient Belau.,false
location,belau_high_sea_3,belau_sea_zones_province,sea,Belau Ocean — Northeast,Palauan geographic / English,directional ocean-cell construction,installed:in_game/map_data/location_templates.txt;GEO-PROXY;https://www.britannica.com/place/Palau,medium,Unique offshore cell around ancient Belau.,false
location,belau_high_sea_4,belau_sea_zones_province,sea,Belau Ocean — Southwest,Palauan geographic / English,directional ocean-cell construction,installed:in_game/map_data/location_templates.txt;GEO-PROXY;https://www.britannica.com/place/Palau,medium,Unique offshore cell around ancient Belau.,false
location,belau_high_sea_5,belau_sea_zones_province,sea,Belau Ocean — South Passage,Palauan geographic / English,directional ocean-cell construction,installed:in_game/map_data/location_templates.txt;GEO-PROXY;https://www.britannica.com/place/Palau,medium,Unique offshore cell around ancient Belau.,false
location,belau_high_sea_6,belau_sea_zones_province,sea,Belau Ocean — Southeast,Palauan geographic / English,directional ocean-cell construction,installed:in_game/map_data/location_templates.txt;GEO-PROXY;https://www.britannica.com/place/Palau,medium,Unique offshore cell around ancient Belau.,false
location,belaya_glina,privolnoye_province,land,Siracian Upper Kuban Plain,Greek ethnonym / English,Sarmatian ethnogeographic reconstruction,installed:in_game/map_data/location_templates.txt;GEO-PROXY;https://www.iranicaonline.org/articles/sarmatians,medium,Uses the Siraces and upper Kuban landscape.,false
location,belaya_kalitva,luhan_province,land,Tanais Donets Crossing,Greek geographic / English,classical river-route reconstruction,installed:in_game/map_data/location_templates.txt;GEO-PROXY;https://penelope.uchicago.edu/Thayer/E/Roman/Texts/Strabo/11/2*.html,medium,Places the crossing in the Tanais-Donets system.,false
location,belaya_soroka,chornobyl_province,land,Pripet Zarubintsy Marshes,archaeological culture / English,archaeological wetland reconstruction,installed:in_game/map_data/location_templates.txt;GEO-PROXY;https://www.britannica.com/place/Pripet-Marshes,medium,Uses the Zarubintsy horizon of the Pripet marshes.,false
location,belayan,upper_mahakam_province,land,Upper Mahakam North Bank,local geographic / English,river-basin reconstruction,installed:in_game/map_data/location_templates.txt;GEO-PROXY;https://www.britannica.com/place/Borneo-island-Pacific-Ocean,low,Directional cell on the upper Mahakam.,false
location,belcher_islands_coast5,nunavik_sea_zones_province,sea,Sanikiluaq Southern Narrows,Inuktitut geographic / English,indigenous marine reconstruction,installed:in_game/map_data/location_templates.txt;GEO-PROXY;https://www.britannica.com/place/Hudson-Bay,low,Uses the local island frame for the engine narrows.,false
location,belchite,zaragoza_province,land,Sedetani Huerva Plain,Latin ethnonym / local / English,ethnogeographic landscape reconstruction,installed:in_game/map_data/location_templates.txt;GEO-PROXY;https://www.perseus.tufts.edu/hopper/text?doc=Strab.+3.4,medium,Uses the Sedetani and Huerva corridor.,false
location,belcoo,tyrone_province,land,Erdini Upper Erne Lands,Latin ethnonym / English,Ptolemaic ethnogeographic reconstruction,installed:in_game/map_data/location_templates.txt;GEO-PROXY;https://www.perseus.tufts.edu/hopper/text?doc=Ptol.+2.2,medium,Uses the Erdini around the upper Erne.,false
location,beledweyne,shebelle_province,land,Upper Shebelle Ford,local geographic / English,river-route reconstruction,installed:in_game/map_data/location_templates.txt;GEO-PROXY;https://www.britannica.com/place/Shabeelle-River,medium,Uses the enduring Shebelle ford landscape.,false
location,belekes,krasnaya_gorka_province,land,Lower Sura Forest-Steppe,local geographic / English,river-basin archaeological reconstruction,installed:in_game/map_data/location_templates.txt;GEO-PROXY;https://www.britannica.com/place/Volga-River,low,Replaces a later settlement with the lower Sura landscape.,false
location,belen_ana,sarysu_province,land,Sarysu Eastern Wells,steppe geographic / English,water-point reconstruction,installed:in_game/map_data/location_templates.txt;GEO-PROXY;https://www.britannica.com/place/Kazakhstan,low,Directional water-point label in the Sarysu basin.,false
location,belep,tavuavua_province,land,Drehu Northern Isles,Drehu geographic / English,Lapita-descended island reconstruction,installed:in_game/map_data/location_templates.txt;GEO-PROXY;https://www.britannica.com/place/Loyalty-Islands,medium,Uses the Drehu cultural-geographic frame.,false
location,belep_coast,kanaky_coastal_sea_zones_province,sea,Drehu Northern Reef Waters,Drehu geographic / English,indigenous coastal reconstruction,installed:in_game/map_data/location_templates.txt;GEO-PROXY;https://www.britannica.com/place/Loyalty-Islands,medium,Names the reef waters from Drehu.,false
location,beleuli,ust_yurt_province,land,Dahae Ustyurt Southern Wells,Greek ethnonym / English,ethnogeographic steppe reconstruction,installed:in_game/map_data/location_templates.txt;GEO-PROXY;https://www.iranicaonline.org/articles/dahae,medium,Uses the Dahae frame on southern Ustyurt.,false
location,belfast,antrim_province,land,Robogdian Lagan Plain,Latin ethnonym / English,Ptolemaic ethnogeographic reconstruction,installed:in_game/map_data/location_templates.txt;GEO-PROXY;https://www.perseus.tufts.edu/hopper/text?doc=Ptol.+2.2,medium,Uses the Robogdii and the Lagan plain.,false
location,belfort,upper_alsace_province,land,Rauraci Southern Gate,Latin ethnonym / English,ethnogeographic pass reconstruction,installed:in_game/map_data/location_templates.txt;GEO-PROXY;https://www.perseus.tufts.edu/hopper/text?doc=Strab.+4.3,medium,Names the southern gate through Rauraci country.,false
location,belgaum,malnad,land,Kuntala Western Uplands,Sanskrit geographic / English,ancient regional reconstruction,installed:in_game/map_data/location_templates.txt;GEO-PROXY;https://www.britannica.com/place/Karnataka-state-India/History,medium,Uses ancient Kuntala for the western uplands.,false
location,belgorod,belgorod_province,land,Donets Forest-Steppe Crossing,local geographic / English,archaeological landscape reconstruction,installed:in_game/map_data/location_templates.txt;GEO-PROXY;https://www.britannica.com/place/Donets-River,low,Replaces the medieval fortress with the river crossing.,false
location,belgrad,sumadija_province,land,Singidunum,Latin,attested Roman fortress-town,installed:in_game/map_data/location_templates.txt;GEO-PROXY;https://pleiades.stoa.org/places/207443,high,Ancient name of Belgrade.,false
location,belik,smolensk_province,land,Upper Dnieper–Dvina Woods,archaeological geographic / English,archaeological landscape reconstruction,installed:in_game/map_data/location_templates.txt;GEO-PROXY;https://www.britannica.com/place/Dnieper-River,low,Uses the watershed rather than a later village.,false
location,belin,bazadais_province,land,Vasatian Leyre Crossing,Latin ethnonym / local / English,ethnogeographic route reconstruction,installed:in_game/map_data/location_templates.txt;GEO-PROXY;https://www.perseus.tufts.edu/hopper/text?doc=Strab.+4.2,medium,Uses the Vasates and Leyre crossing.,false
location,beljamen,beljamen_province,land,Marra Western Foothills,local geographic / English,environmental landscape reconstruction,installed:in_game/map_data/location_templates.txt;GEO-PROXY;https://www.britannica.com/place/Marrah-Mountains,low,Directional foothill label in the Marra frame.,false
location,belkhandi,kalahandi_garjat,land,Mahakantara Western Forests,Sanskrit geographic / English,ancient forest-region reconstruction,installed:in_game/map_data/location_templates.txt;GEO-PROXY;https://www.britannica.com/place/Kalinga-ancient-state-India,medium,Uses ancient Mahakantara for the western forest.,false
location,bellac,la_marche_province,land,Lemovices Northern Plateau,Latin ethnonym / English,ethnogeographic landscape reconstruction,installed:in_game/map_data/location_templates.txt;GEO-PROXY;https://www.perseus.tufts.edu/hopper/text?doc=Strab.+4.2,medium,Directional plateau in Lemovices country.,false
location,bellari,kampili,land,Sātavāhana Tungabhadra Plain,Sanskrit polity / local / English,ancient polity landscape reconstruction,installed:in_game/map_data/location_templates.txt;GEO-PROXY;https://www.britannica.com/topic/Satavahana-dynasty,medium,Uses the Sātavāhana-era river plain.,false
location,belle_isle,long_range_province,land,Beothuk Northern Strait Isle,Beothuk geographic / English,indigenous island reconstruction,installed:in_game/map_data/location_templates.txt;GEO-PROXY;https://www.thecanadianencyclopedia.ca/en/article/beothuk,low,Uses the Beothuk landscape and strait position.,false
location,belleme,perche_province,land,Aulerci Diablintes Eastern,Latin ethnonym / English,ethnogeographic forest reconstruction,installed:in_game/map_data/location_templates.txt;GEO-PROXY;https://www.perseus.tufts.edu/hopper/text?doc=Strab.+4.3,medium,Places the woods east of Diablintes country.,false
location,belley,bresse_province,land,Allobroges Rhodanus Hills,Latin ethnonym / English,ethnogeographic river reconstruction,installed:in_game/map_data/location_templates.txt;GEO-PROXY;https://www.perseus.tufts.edu/hopper/text?doc=Strab.+4.1,medium,Uses the Allobroges and Rhodanus corridor.,false
location,bellinger,kalaako_kaleap_province_coast,sea,Kalaako Southern Waters,Kalaako geographic / English,indigenous coastal reconstruction,installed:in_game/map_data/location_templates.txt;GEO-PROXY;https://aiatsis.gov.au/explore/map-indigenous-australia,low,Directional waters in the researched Kalaako frame.,false
location,bellinger_river_mouth,turrbal_burugardi_province_coast,sea,Gumbaynggirr River Mouth,Gumbaynggirr geographic / English,indigenous coastal reconstruction,installed:in_game/map_data/location_templates.txt;GEO-PROXY;https://aiatsis.gov.au/explore/map-indigenous-australia,low,Uses the local cultural landscape rather than a colonial surname.,false
location,bellinzona,ticino_province,land,Lepontic Ticinus Gate,Latin ethnonym / English,ethnogeographic pass reconstruction,installed:in_game/map_data/location_templates.txt;GEO-PROXY;https://www.perseus.tufts.edu/hopper/text?doc=Strab.+4.6,medium,Uses the Lepontii and Ticinus route.,false
location,bellona_coast_1,kanaky_coastal_sea_zones_province,sea,Nengone Reef — Northwest,Nengone geographic / English,directional reef-cell construction,installed:in_game/map_data/location_templates.txt;GEO-PROXY;https://www.britannica.com/place/Loyalty-Islands,medium,Unique reef cell in the Nengone island frame.,false
location,bellona_coast_2,kanaky_coastal_sea_zones_province,sea,Nengone Reef — North Waters,Nengone geographic / English,directional reef-cell construction,installed:in_game/map_data/location_templates.txt;GEO-PROXY;https://www.britannica.com/place/Loyalty-Islands,medium,Unique reef cell in the Nengone island frame.,false
location,bellona_coast_3,kanaky_coastal_sea_zones_province,sea,Nengone Reef — Northeast,Nengone geographic / English,directional reef-cell construction,installed:in_game/map_data/location_templates.txt;GEO-PROXY;https://www.britannica.com/place/Loyalty-Islands,medium,Unique reef cell in the Nengone island frame.,false
location,bellona_coast_4,kanaky_coastal_sea_zones_province,sea,Nengone Reef — East Waters,Nengone geographic / English,directional reef-cell construction,installed:in_game/map_data/location_templates.txt;GEO-PROXY;https://www.britannica.com/place/Loyalty-Islands,medium,Unique reef cell in the Nengone island frame.,false
location,bellona_coast_5,kanaky_coastal_sea_zones_province,sea,Nengone Reef — Southeast,Nengone geographic / English,directional reef-cell construction,installed:in_game/map_data/location_templates.txt;GEO-PROXY;https://www.britannica.com/place/Loyalty-Islands,medium,Unique reef cell in the Nengone island frame.,false
location,bellona_coast_6,kanaky_coastal_sea_zones_province,sea,Nengone Reef — South Waters,Nengone geographic / English,directional reef-cell construction,installed:in_game/map_data/location_templates.txt;GEO-PROXY;https://www.britannica.com/place/Loyalty-Islands,medium,Unique reef cell in the Nengone island frame.,false
location,bellona_coast_7,kanaky_coastal_sea_zones_province,sea,Nengone Reef — Southwest,Nengone geographic / English,directional reef-cell construction,installed:in_game/map_data/location_templates.txt;GEO-PROXY;https://www.britannica.com/place/Loyalty-Islands,medium,Unique reef cell in the Nengone island frame.,false
location,bellona_coast_8,kanaky_coastal_sea_zones_province,sea,Nengone Reef — West Waters,Nengone geographic / English,directional reef-cell construction,installed:in_game/map_data/location_templates.txt;GEO-PROXY;https://www.britannica.com/place/Loyalty-Islands,medium,Unique reef cell in the Nengone island frame.,false
location,bellona_high_sea_1,kanaky_coastal_sea_zones_province,sea,Nengone Ocean — Far Northwest,Nengone geographic / English,directional ocean-cell construction,installed:in_game/map_data/location_templates.txt;GEO-PROXY;https://www.britannica.com/place/Loyalty-Islands,medium,Unique offshore cell beyond the Nengone reef.,false
location,bellona_high_sea_2,kanaky_coastal_sea_zones_province,sea,Nengone Ocean — Far North,Nengone geographic / English,directional ocean-cell construction,installed:in_game/map_data/location_templates.txt;GEO-PROXY;https://www.britannica.com/place/Loyalty-Islands,medium,Unique offshore cell beyond the Nengone reef.,false
location,bellona_high_sea_3,kanaky_coastal_sea_zones_province,sea,Nengone Ocean — Far Northeast,Nengone geographic / English,directional ocean-cell construction,installed:in_game/map_data/location_templates.txt;GEO-PROXY;https://www.britannica.com/place/Loyalty-Islands,medium,Unique offshore cell beyond the Nengone reef.,false
location,bellona_high_sea_4,kanaky_coastal_sea_zones_province,sea,Nengone Ocean — Far East,Nengone geographic / English,directional ocean-cell construction,installed:in_game/map_data/location_templates.txt;GEO-PROXY;https://www.britannica.com/place/Loyalty-Islands,medium,Unique offshore cell beyond the Nengone reef.,false
location,bellona_high_sea_5,kanaky_coastal_sea_zones_province,sea,Nengone Ocean — Far Southeast,Nengone geographic / English,directional ocean-cell construction,installed:in_game/map_data/location_templates.txt;GEO-PROXY;https://www.britannica.com/place/Loyalty-Islands,medium,Unique offshore cell beyond the Nengone reef.,false
location,bellona_high_sea_6,kanaky_coastal_sea_zones_province,sea,Nengone Ocean — Far South,Nengone geographic / English,directional ocean-cell construction,installed:in_game/map_data/location_templates.txt;GEO-PROXY;https://www.britannica.com/place/Loyalty-Islands,medium,Unique offshore cell beyond the Nengone reef.,false
location,bellona_high_sea_7,kanaky_coastal_sea_zones_province,sea,Nengone Ocean — Far Southwest,Nengone geographic / English,directional ocean-cell construction,installed:in_game/map_data/location_templates.txt;GEO-PROXY;https://www.britannica.com/place/Loyalty-Islands,medium,Unique offshore cell beyond the Nengone reef.,false
location,bellona_reef,kanaky_province,land,Nengone Southern Atoll,Nengone geographic / English,Lapita-descended island reconstruction,installed:in_game/map_data/location_templates.txt;GEO-PROXY;https://www.britannica.com/place/Loyalty-Islands,medium,Uses the Nengone frame instead of a European ship name.,false
location,belluno,belluno_province,land,Venetic Piave Highlands,Latin ethnonym / local / English,ethnogeographic river reconstruction,installed:in_game/map_data/location_templates.txt;GEO-PROXY;https://www.perseus.tufts.edu/hopper/text?doc=Strab.+5.1,medium,Uses the Veneti and upper Piave corridor.,false
location,belmonte,alarcon_province,land,Olcadian Júcar Plateau,Latin ethnonym / local / English,ethnogeographic landscape reconstruction,installed:in_game/map_data/location_templates.txt;GEO-PROXY;https://www.perseus.tufts.edu/hopper/text?doc=Strab.+3.4,medium,Places the plateau in Olcadian country.,false
location,beloe,beloe_province,land,Sarmatian Samara Steppe,Greek ethnonym / local / English,ethnogeographic steppe reconstruction,installed:in_game/map_data/location_templates.txt;GEO-PROXY;https://www.iranicaonline.org/articles/sarmatians,medium,Uses the Samara corridor in the Sarmatian sphere.,false
location,belogorye,belogorye_province,land,Upper Kama Forest,local geographic / English,archaeological landscape reconstruction,installed:in_game/map_data/location_templates.txt;GEO-PROXY;https://www.britannica.com/place/Kama-River,low,Replaces the later Russian place-name with the river landscape.,false
location,beloozero,beloozero_province,land,Vepsian White-Lake Shore,Finnic ethnogeographic / English,ethnogeographic lake reconstruction,installed:in_game/map_data/location_templates.txt;GEO-PROXY;https://www.britannica.com/place/Lake-Beloye,low,Uses an early Finnic frame for White Lake.,false
location,belorechensk,labinsk_province,land,Siracian Laba Plain,Greek ethnonym / local / English,Sarmatian ethnogeographic reconstruction,installed:in_game/map_data/location_templates.txt;GEO-PROXY;https://www.iranicaonline.org/articles/sarmatians,medium,Uses the Siraces and Laba plain.,false
location,beloretsk,meleuz_province,land,Sarmatian Belaya Gorge,Greek ethnonym / local / English,ethnogeographic river reconstruction,installed:in_game/map_data/location_templates.txt;GEO-PROXY;https://www.iranicaonline.org/articles/sarmatians,medium,Names the upper Belaya gorge in the Sarmatian-age frame.,false
location,belosaraysk_gulf,sea_azov_province,sea,Maeotian Northern Bay,Greek geographic / English,classical sea reconstruction,installed:in_game/map_data/location_templates.txt;GEO-PROXY;https://penelope.uchicago.edu/Thayer/E/Roman/Texts/Strabo/11/2*.html,medium,Directional bay on Palus Maeotis.,false
location,belozerye,orlov_province,land,Upper Vyatka Finnic Woods,Finnic ethnogeographic / English,archaeological landscape reconstruction,installed:in_game/map_data/location_templates.txt;GEO-PROXY;https://www.britannica.com/place/Vyatka-River,low,Uses the upper Vyatka forest landscape.,false
location,belur,mysore_plateau,land,Gangavadi Western Hills,Prakrit geographic / English,early historic regional reconstruction,installed:in_game/map_data/location_templates.txt;GEO-PROXY;https://www.britannica.com/place/Karnataka-state-India/History,medium,Uses the early Gangavadi regional frame.,false
location,bely,bely_province,land,Upper Dvina Forest Crossing,local geographic / English,archaeological route reconstruction,installed:in_game/map_data/location_templates.txt;GEO-PROXY;https://www.britannica.com/place/Western-Dvina-River,low,Replaces a later town with the upper Dvina crossing.,false
location,belya,baykit_province,land,Stony Tunguska Northern Forest,local geographic / English,river-basin reconstruction,installed:in_game/map_data/location_templates.txt;GEO-PROXY;https://www.britannica.com/place/Tunguska-River,low,Directional forest in the Stony Tunguska basin.,false
location,belye_kresty,belozerskaya_province,land,Upper Sukhona Portage,Finnic geographic / English,river-route reconstruction,installed:in_game/map_data/location_templates.txt;GEO-PROXY;https://www.britannica.com/place/Northern-Dvina-River,low,Replaces a Christian toponym with the river portage.,false
location,belyov,odoyev_province,land,Upper Oka Forest-Steppe,local geographic / English,archaeological landscape reconstruction,installed:in_game/map_data/location_templates.txt;GEO-PROXY;https://www.britannica.com/place/Oka-River,low,Uses the upper Oka landscape before the medieval town.,false
location,belz,belz_province,land,Upper Bug Lipița Lands,archaeological culture / English,archaeological landscape reconstruction,installed:in_game/map_data/location_templates.txt;GEO-PROXY;https://www.britannica.com/place/Bug-River-eastern-Europe,medium,Uses the Lipița horizon and upper Bug basin.,false
location,belzig,flaming_province,land,Semnonian Havel Uplands,Latin ethnonym / English,ethnogeographic landscape reconstruction,installed:in_game/map_data/location_templates.txt;GEO-PROXY;https://sourcebooks.fordham.edu/source/tacitus-germania.asp,medium,Uses the Semnones and Havel uplands.,false
location,bemanevika,north_betsimisaraka_province,land,Antongil Northern Hills,local geographic / English,environmental landscape reconstruction,installed:in_game/map_data/location_templates.txt;GEO-PROXY;https://www.britannica.com/place/Madagascar/History,low,Directional hills by Antongil in early Madagascar.,false
location,bembe_buyu,kivu_province,land,Tanganyika Western Escarpment,local geographic / English,environmental landscape reconstruction,installed:in_game/map_data/location_templates.txt;GEO-PROXY;https://www.britannica.com/place/Lake-Tanganyika,low,Uses the lake escarpment before later ethnonyms.,false
location,bembe_kongo,mbanza_kongo_province,land,Inkisi Lower Plateau,local geographic / English,river-basin archaeological reconstruction,installed:in_game/map_data/location_templates.txt;GEO-PROXY;https://www.britannica.com/place/Congo-River,low,Uses the Inkisi tributary landscape.,false
location,bemetara,raipur_garjats,land,Dakshina Kosala Northern Plain,Sanskrit geographic / English,ancient regional reconstruction,installed:in_game/map_data/location_templates.txt;GEO-PROXY;https://www.britannica.com/place/Chhattisgarh,medium,Places the cell in northern Dakshina Kosala.,false
location,bemidji,minnetonka_province,land,Mississippi Headwater,indigenous geographic / English,Woodland-period landscape reconstruction,installed:in_game/map_data/location_templates.txt;GEO-PROXY;https://www.britannica.com/topic/Woodland-cultures,low,Uses the headwaters landscape before the modern city.,false
location,ben_klibreck,sutherland_province,land,Caledonian Northern Heights,Latin ethnonym / English,Ptolemaic mountain reconstruction,installed:in_game/map_data/location_templates.txt;GEO-PROXY;https://www.perseus.tufts.edu/hopper/text?doc=Ptol.+2.3,medium,Names the mountain cell through the Caledonii.,false
location,ben_nevis,argyll_province,land,Caledonian Western High Peak,Latin ethnonym / English,Ptolemaic mountain reconstruction,installed:in_game/map_data/location_templates.txt;GEO-PROXY;https://www.perseus.tufts.edu/hopper/text?doc=Ptol.+2.3,medium,Directional high peak in Caledonian country.,false
location,benabarre,barbastro_province,land,Ilergetes Pyrenean Gate,Latin ethnonym / English,ethnogeographic pass reconstruction,installed:in_game/map_data/location_templates.txt;GEO-PROXY;https://www.perseus.tufts.edu/hopper/text?doc=Strab.+3.4,medium,Uses the Ilergetes on the Pyrenean approach.,false
location,benauges,bordelais_province,land,Bituriges Vivisci Eastern,Latin ethnonym / English,ethnogeographic landscape reconstruction,installed:in_game/map_data/location_templates.txt;GEO-PROXY;https://www.perseus.tufts.edu/hopper/text?doc=Strab.+4.2,medium,Directional hills in Vivisci territory.,false
location,benavente,benavente_province,land,Asturian Astura Crossing,Latin ethnonym / English,ethnogeographic river-route reconstruction,installed:in_game/map_data/location_templates.txt;GEO-PROXY;https://www.perseus.tufts.edu/hopper/text?doc=Strab.+3.3,medium,Uses the Astures and ancient Astura river.,false
location,bendi,lukenie_province,land,Lower Lukenie Forests,local geographic / English,river-basin reconstruction,installed:in_game/map_data/location_templates.txt;GEO-PROXY;https://www.britannica.com/place/Congo-River,low,Uses the lower Lukenie forest landscape.,false
location,benesov,prague_province,land,Marcomannian Sázava Hills,Latin ethnonym / local / English,ethnogeographic river reconstruction,installed:in_game/map_data/location_templates.txt;GEO-PROXY;https://sourcebooks.fordham.edu/source/tacitus-germania.asp,medium,Uses the Sázava hills in Marcomannian Bohemia.,false
location,benevento,principato_ultra_province,land,Beneventum,Latin,attested Roman settlement,installed:in_game/map_data/location_templates.txt;GEO-PROXY;https://pleiades.stoa.org/places/432700,high,Roman name of Benevento.,false
location,benewah,kalispel_province,land,Kalispel Southern Hills,Kalispel geographic / English,indigenous landscape reconstruction,installed:in_game/map_data/location_templates.txt;GEO-PROXY;https://www.britannica.com/topic/Plateau-Indian,low,Directional hills in the Kalispel frame.,false
location,benfeld,lower_alsace_province,land,Triboci Ill Plain,Latin ethnonym / local / English,ethnogeographic river reconstruction,installed:in_game/map_data/location_templates.txt;GEO-PROXY;https://www.perseus.tufts.edu/hopper/text?doc=Strab.+4.3,medium,Uses the Triboci and Ill plain.,false
location,beng_mealea,indrapura_khmer_province,land,Mekong Sandstone,proto-Khmer geographic / English,pre-Angkorian landscape reconstruction,installed:in_game/map_data/location_templates.txt;GEO-PROXY;https://www.metmuseum.org/toah/hd/funa/hd_funa.htm,low,Replaces the later temple name with its regional plain.,false
location,bengal_bay,bengal_bay_province,sea,Gangetic Great Gulf,Greek geographic / English,Periplus maritime reconstruction,installed:in_game/map_data/location_templates.txt;GEO-PROXY;https://depts.washington.edu/silkroad/texts/periplus/periplus.html,high,Names the bay through the Ganges known to classical merchants.,false
location,bengalon,karangan_province,land,Sangkulirang Southern Forests,local geographic / English,archaeological landscape reconstruction,installed:in_game/map_data/location_templates.txt;GEO-PROXY;https://www.britannica.com/place/Borneo-island-Pacific-Ocean,low,Directional forest in the Sangkulirang region.,false
location,benghazi,barca_province,land,Berenice,Greek,attested Hellenistic-Roman settlement,installed:in_game/map_data/location_templates.txt;GEO-PROXY;https://pleiades.stoa.org/places/373778,high,AD 1 name of the city at Benghazi.,false
location,bengkalis,riau_siak_province,land,Siak Estuary Isles,local geographic / English,Metal Age coastal reconstruction,installed:in_game/map_data/location_templates.txt;GEO-PROXY;https://www.britannica.com/place/Sumatra,low,Uses the Siak estuary before the later island polity.,false
location,bengkulu,bengkulu_province,land,Barisan Southwestern Shore,local geographic / English,environmental landscape reconstruction,installed:in_game/map_data/location_templates.txt;GEO-PROXY;https://www.britannica.com/place/Sumatra,low,Directional coast below the Barisan range.,false
location,bengmara,chutia_province,land,Mishmi Brahmaputra Foothills,local ethnogeographic / English,regional landscape reconstruction,installed:in_game/map_data/location_templates.txt;GEO-PROXY;https://www.britannica.com/place/Brahmaputra-River,low,Uses the Mishmi foothill and Brahmaputra frame.,false
location,bengoala,tsimihety_province,land,Tsaratanana Eastern Heights,local geographic / English,environmental landscape reconstruction,installed:in_game/map_data/location_templates.txt;GEO-PROXY;https://www.britannica.com/place/Madagascar/History,low,Directional highland cell in northern Madagascar.,false
location,bengy,menabe_province,land,Tsiribihina Southern Plain,local geographic / English,river-basin reconstruction,installed:in_game/map_data/location_templates.txt;GEO-PROXY;https://www.britannica.com/place/Madagascar/History,low,Uses the lower Tsiribihina landscape.,false
location,beni_sabih,guzzula_province,land,Gaetulian Anti-Atlas North,Latin ethnonym / English,classical regional reconstruction,installed:in_game/map_data/location_templates.txt;GEO-PROXY;https://penelope.uchicago.edu/Thayer/E/Roman/Texts/Strabo/17/3*.html,medium,Directional district in Gaetulian Anti-Atlas country.,false
location,beni_sabih_tabelbala_corridor,saoura_province,land,Gaetulian Tabelbala Passage,Latin ethnonym / local / English,classical desert-route reconstruction,installed:in_game/map_data/location_templates.txt;GEO-PROXY;https://penelope.uchicago.edu/Thayer/E/Roman/Texts/Pliny_the_Elder/5*.html,medium,Names the corridor as a Gaetulian desert passage.,false
location,beni_suef,bahnasa_province,land,Herakleopolis Magna,Greek,attested Roman-Egyptian city,installed:in_game/map_data/location_templates.txt;GEO-PROXY;https://pleiades.stoa.org/places/736889,high,Ancient metropolis near Beni Suef.,false
location,benin,south_benin_province,land,Lower Ouémé Iron Fields,archaeological geographic / English,early iron landscape reconstruction,installed:in_game/map_data/location_templates.txt;GEO-PROXY;https://www.britannica.com/place/Benin-historical-kingdom-West-Africa,low,Uses the lower Ouémé landscape before the later kingdom.,false
location,bensheim,odenwald_province,land,Mattiaci Neckar Hills,Latin ethnonym / English,ethnogeographic landscape reconstruction,installed:in_game/map_data/location_templates.txt;GEO-PROXY;https://sourcebooks.fordham.edu/source/tacitus-germania.asp,medium,Uses the Mattiaci and Neckar–Main uplands.,false
location,bent,tiz_province,land,Gedrosian Tiz Highlands,Greek geographic / English,classical regional reconstruction,installed:in_game/map_data/location_templates.txt;GEO-PROXY;https://depts.washington.edu/silkroad/texts/periplus/periplus.html,medium,Places the cell behind Tiz in Gedrosia.,false
location,bentheim,emsland_province,land,Ampsivarii Upper Amisia Plain,Latin ethnonym / English,ethnogeographic river reconstruction,installed:in_game/map_data/location_templates.txt;GEO-PROXY;https://sourcebooks.fordham.edu/source/tacitus-germania.asp,medium,Uses the Ampsivarii and ancient Amisia river.,false
location,bentuni_bay,papua_coastal_sea_zones_province,sea,Bomberai Inner Narrows,local geographic / English,indigenous marine reconstruction,installed:in_game/map_data/location_templates.txt;GEO-PROXY;https://www.britannica.com/place/New-Guinea,low,Engine narrows named from the Bomberai peninsula.,false
location,beohari,baghelkhand,land,Chedi Son Valley,Sanskrit geographic / English,ancient polity landscape reconstruction,installed:in_game/map_data/location_templates.txt;GEO-PROXY;https://www.britannica.com/place/Baghelkhand,medium,Places the cell in Chedi along the Son valley.,false
location,beqa_lagoon,viti_levu_province,land,Viti Southern Reef,Vitian geographic / English,Lapita-descended island reconstruction,installed:in_game/map_data/location_templates.txt;GEO-PROXY;https://www.britannica.com/place/Fiji-republic-Pacific-Ocean/History,medium,Uses Viti and a directional reef descriptor.,false
location,bera,pahang_province,land,Tembeling Plain,local geographic / English,early exchange landscape reconstruction,installed:in_game/map_data/location_templates.txt;GEO-PROXY;https://depts.washington.edu/silkroad/texts/periplus/periplus.html,low,Uses the Tembeling interior before the later name.,false
location,berat,albania_province,land,Antipatreia,Greek,attested ancient settlement,installed:in_game/map_data/location_templates.txt;GEO-PROXY;https://pleiades.stoa.org/places/481719,high,Ancient name associated with Berat.,false
location,berato,moyen_ogoowe_province,land,Upper Ogooué Eastern Forests,local geographic / English,river-basin reconstruction,installed:in_game/map_data/location_templates.txt;GEO-PROXY;https://www.britannica.com/place/Ogooue-River,low,Directional forest in the upper Ogooué basin.,false
location,berau_delta,tarakan_coast_sea_province,sea,Sesayap–Berau Estuary Waters,local geographic / English,Metal Age coastal reconstruction,installed:in_game/map_data/location_templates.txt;GEO-PROXY;https://www.britannica.com/place/Borneo-island-Pacific-Ocean,low,Uses the paired river estuaries rather than a later polity.,false
location,berbak,lower_jambi_province,land,Batang Hari Lower Marshes,local geographic / English,river-basin archaeological reconstruction,installed:in_game/map_data/location_templates.txt;GEO-PROXY;https://www.britannica.com/place/Sumatra,low,Uses the lower Batang Hari wetlands.,false
location,berbela,marimba_province,land,Lower Inkisi Eastern Plateau,local geographic / English,river-basin archaeological reconstruction,installed:in_game/map_data/location_templates.txt;GEO-PROXY;https://www.britannica.com/place/Congo-River,low,Directional plateau on the lower Inkisi.,false
location,berber,makuria_province,land,Astaboras Meroitic Crossing,Greek geographic / English,Meroitic river-route reconstruction,installed:in_game/map_data/location_templates.txt;GEO-PROXY;https://whc.unesco.org/en/list/1336/,high,Uses the ancient Astaboras at a Meroitic Nile crossing.,false
location,berbera,guban_province,land,Malao,Greek,attested Periplus port,installed:in_game/map_data/location_templates.txt;GEO-PROXY;https://depts.washington.edu/silkroad/texts/periplus/periplus.html,high,Ancient port commonly located at Berbera.,false
location,berbice,essequibo_province,land,Lower Berbice Raised Fields,local geographic / English,precontact riverine reconstruction,installed:in_game/map_data/location_templates.txt;GEO-PROXY;https://www.britannica.com/place/Essequibo-River,low,Uses the riverine archaeological landscape.,false
location,berceto,parma_province,land,Parma Apennine Pass,Latin,ancient city hinterland reconstruction,installed:in_game/map_data/location_templates.txt;GEO-PROXY;https://pleiades.stoa.org/places/383742,high,Names the pass through Roman Parma.,false
location,berchtesgaden,salzburger_land_province,land,Iuvavum Southern Alps,Latin,ancient city hinterland reconstruction,installed:in_game/map_data/location_templates.txt;GEO-PROXY;https://pleiades.stoa.org/places/118741,high,Places the Alps south of Roman Iuvavum.,false
location,berdiansk,berda_province,land,Maeotian Berda Steppe,Greek ethnonym / local / English,ethnogeographic steppe reconstruction,installed:in_game/map_data/location_templates.txt;GEO-PROXY;https://penelope.uchicago.edu/Thayer/E/Roman/Texts/Strabo/11/2*.html,medium,Uses the Maeotian frame on the Berda steppe.,false
location,berdigestyakh,siniaia_province,land,Sinyaya Lower Taiga,local geographic / English,river-basin reconstruction,installed:in_game/map_data/location_templates.txt;GEO-PROXY;https://www.britannica.com/place/Lena-River,low,Uses the lower Sinyaya landscape before later naming.,false
location,berdsk,suzun_province,land,Kulay Upper Ob Crossing,archaeological culture / English,archaeological river-route reconstruction,installed:in_game/map_data/location_templates.txt;GEO-PROXY;https://www.britannica.com/place/Ob-River,medium,Uses the Kulay horizon and upper Ob crossing.,false
location,berdychiv,zhytomyr_province,land,Zarubintsy Teteriv Plain,archaeological culture / English,archaeological landscape reconstruction,installed:in_game/map_data/location_templates.txt;GEO-PROXY;https://www.britannica.com/place/Dnieper-River,medium,Uses the Zarubintsy horizon around the Teteriv.,false
location,berdyuzhye,chastoozerye_province,land,Sargat Ishim Southern Lakes,archaeological culture / English,archaeological landscape reconstruction,installed:in_game/map_data/location_templates.txt;GEO-PROXY;https://doaj.org/article/bbdea945a29d42ada807b06b12d3d7b3,medium,Directional lake district in the Sargat sphere.,false
location,beregovo,zemplen_province,land,Cotini Upper Tisza Plain,Latin ethnonym / English,ethnogeographic river reconstruction,installed:in_game/map_data/location_templates.txt;GEO-PROXY;https://sourcebooks.fordham.edu/source/tacitus-germania.asp,medium,Uses the Cotini and upper Tisza plain.,false
location,berelekh,uyaancii_province,land,Uyandina Southern Grounds,local geographic / English,river-basin reconstruction,installed:in_game/map_data/location_templates.txt;GEO-PROXY;https://www.britannica.com/place/Indigirka-River,low,Directional hunting landscape in the Uyandina basin.,false
location,bereschany,lviv_province,land,Lipița Upper Dniester Hills,archaeological culture / English,archaeological landscape reconstruction,installed:in_game/map_data/location_templates.txt;GEO-PROXY;https://www.britannica.com/place/Dniester-River,medium,Uses the Lipița horizon and upper Dniester hills.,false
location,berestyn,karlivka_province,land,Sarmatian Vorskla–Oril Plain,Greek ethnonym / English,ethnogeographic steppe reconstruction,installed:in_game/map_data/location_templates.txt;GEO-PROXY;https://www.iranicaonline.org/articles/sarmatians,medium,Places the cell between Vorskla and Oril.,false
location,berezhnovka,pologoye_zaymishche_province,land,Aorsi Elton Eastern Steppe,Greek ethnonym / English,ethnogeographic steppe reconstruction,installed:in_game/map_data/location_templates.txt;GEO-PROXY;https://www.iranicaonline.org/articles/aorsi,medium,Directional steppe by Lake Elton in Aorsi country.,false
location,berezhnyany,smolensk_province,land,Upper Dnieper Eastern Woods,local geographic / English,archaeological landscape reconstruction,installed:in_game/map_data/location_templates.txt;GEO-PROXY;https://www.britannica.com/place/Dnieper-River,low,Directional forest in the upper Dnieper basin.,false
location,bereznehuvate,oleshia_province,land,Sarmatian Hypanis East Bank,Greek ethnonym / English,ethnogeographic river reconstruction,installed:in_game/map_data/location_templates.txt;GEO-PROXY;https://www.iranicaonline.org/articles/sarmatians,medium,Uses ancient Hypanis in the Sarmatian sphere.,false
location,bereznik,shenkursk_province,land,Finnic Vaga Marshes,Finnic ethnogeographic / English,archaeological river reconstruction,installed:in_game/map_data/location_templates.txt;GEO-PROXY;https://www.britannica.com/place/Northern-Dvina-River,low,Uses the Vaga wetland in an early Finnic frame.,false
location,berezovets,derevskaya_province,land,Valdai Seliger East Shore,local geographic / English,archaeological lake reconstruction,installed:in_game/map_data/location_templates.txt;GEO-PROXY;https://www.britannica.com/place/Valdai-Hills,low,Directional shore in the Valdai–Seliger landscape.,false
location,berezovka,south_kolyma_province,land,Sededema Lower Plain,local geographic / English,river-basin reconstruction,installed:in_game/map_data/location_templates.txt;GEO-PROXY;https://www.britannica.com/place/Kolyma-River,low,Uses the Sededema tributary landscape.,false
location,berg,jamtland_province,land,Suiones Storsjön South Shore,Latin ethnonym / local / English,ethnogeographic lake reconstruction,installed:in_game/map_data/location_templates.txt;GEO-PROXY;https://sourcebooks.fordham.edu/source/tacitus-germania.asp,medium,Uses the Suiones frame and Storsjön shore.,false
location,berga,osona_province,land,Bergium,Latin,attested ancient settlement,installed:in_game/map_data/location_templates.txt;GEO-PROXY;https://pleiades.stoa.org/places/246255,high,Ancient Bergium associated with the Berga area.,false
location,bergama,karasi_province,land,Pergamon,Greek,attested ancient city,installed:in_game/map_data/location_templates.txt;GEO-PROXY;https://pleiades.stoa.org/places/550812,high,Classical Pergamon replaces the later Turkish form.,false
location,bergamo,bergamo_province,land,Bergomum,Latin,attested Roman settlement,installed:in_game/map_data/location_templates.txt;GEO-PROXY;https://pleiades.stoa.org/places/383592,high,Ancient Roman name of Bergamo.,false
location,bergen,bergenhus_province,land,Hordaland Western Fjords,Old Norse ethnogeographic / English,early Scandinavian landscape reconstruction,installed:in_game/map_data/location_templates.txt;GEO-PROXY;https://www.britannica.com/place/Norway/Settlement,medium,Uses Hordaland before medieval Bergen.,false
location,bergen_zoom,antwerp_province,land,Menapian Scheldt Marshes,Latin ethnonym / English,ethnogeographic wetland reconstruction,installed:in_game/map_data/location_templates.txt;GEO-PROXY;https://www.perseus.tufts.edu/hopper/text?doc=Strab.+4.3,medium,Uses the Menapii and lower Scheldt marshes.,false
location,bergerac,perigord_province,land,Vesunna Western Fields,Latin,ancient city hinterland reconstruction,installed:in_game/map_data/location_templates.txt;GEO-PROXY;https://pleiades.stoa.org/places/138675,high,Places the cell west of Petrocorian Vesunna.,false
location,bergheim,koln_bucht_province,land,Ubii Ara Western Plain,Latin ethnonym / English,ethnogeographic landscape reconstruction,installed:in_game/map_data/location_templates.txt;GEO-PROXY;https://sourcebooks.fordham.edu/source/tacitus-germania.asp,medium,Directional plain west of Ara Ubiorum.,false
location,bering_coast3,achava_coast_sea_province,sea,Itelmen Eastern Littoral,Itelmen geographic / English,indigenous coastal reconstruction,installed:in_game/map_data/location_templates.txt;GEO-PROXY;https://www.britannica.com/place/Kamchatka-Peninsula,low,Uses the Itelmen cultural landscape rather than Bering.,false
location,bering_sea,pacific_north_province,sea,Northern Outer Ocean,Greek geographic / English,classical outer-ocean construction,installed:in_game/map_data/location_templates.txt;GEO-PROXY;https://penelope.uchicago.edu/Thayer/E/Roman/Texts/Ptolemy/7/2*.html,low,A classical world-frame name avoids the modern explorer eponym.,false
location,beringovskii_cape2,unazigmit_coast_sea_province,sea,Unazigmit Kresta Waters,Unazigmit geographic / English,indigenous coastal reconstruction,installed:in_game/map_data/location_templates.txt;GEO-PROXY;https://www.britannica.com/place/Bering-Sea,low,Uses the researched Unazigmit frame and Kresta coast.,false
location,beringovskii_cape3,unazigmit_coast_sea_province,sea,Unazigmit Khatyrka Waters,Unazigmit geographic / English,indigenous coastal reconstruction,installed:in_game/map_data/location_templates.txt;GEO-PROXY;https://www.britannica.com/place/Bering-Sea,low,Uses the researched Unazigmit frame and Khatyrka coast.,false
location,berlanga,soria_province,land,Arevaci Uxama Plain,Latin ethnonym / English,ethnogeographic landscape reconstruction,installed:in_game/map_data/location_templates.txt;GEO-PROXY;https://pleiades.stoa.org/places/246751,high,Uses the Arevaci and ancient Uxama.,false
location,berleburg,sauerland_province,land,Marsi Upper Lupia Hills,Latin ethnonym / English,ethnogeographic river reconstruction,installed:in_game/map_data/location_templates.txt;GEO-PROXY;https://sourcebooks.fordham.edu/source/tacitus-germania.asp,medium,Uses the Marsi and upper Lupia river.,false
location,berlengas_islands,coast_of_portugal_province,sea,Lusitanian Peniche Isles,Latin ethnonym / local / English,classical coastal reconstruction,installed:in_game/map_data/location_templates.txt;GEO-PROXY;https://www.perseus.tufts.edu/hopper/text?doc=Strab.+3.3,medium,Uses the Lusitanian coast and nearby Peniche frame.,false
location,berlin,mittelmark_province,land,Semnonian Spree–Havel Plain,Latin ethnonym / English,ethnogeographic landscape reconstruction,installed:in_game/map_data/location_templates.txt;GEO-PROXY;https://sourcebooks.fordham.edu/source/tacitus-germania.asp,medium,Places the cell in the Semnonian river plain.,false
location,bermeja_point,puelmapu_sea_zones_province,sea,Puelmapu Northern Headland,Mapuche geographic / English,indigenous coastal reconstruction,installed:in_game/map_data/location_templates.txt;GEO-PROXY;https://www.britannica.com/place/Patagonia-region-Argentina,low,Uses Puelmapu and a directional headland descriptor.,false
location,bermuda,bermuda_province,land,Southern Atlantic Isles,English geographic,environmental island reconstruction,installed:in_game/map_data/location_templates.txt;GEO-PROXY;https://www.britannica.com/place/Bermuda/History,medium,Explicitly records the archipelago's uninhabited AD 1 state.,false
location,bermuda_high_sea1,bermuda_sea_zones,sea,Atlantic Drift — Northwest,Latin geographic / English,directional ocean-cell construction,installed:in_game/map_data/location_templates.txt;GEO-PROXY;https://oceanservice.noaa.gov/facts/sargassosea.html,medium,Unique current-bounded cell around the Atlantic isles.,false
location,bermuda_high_sea2,bermuda_sea_zones,sea,Atlantic Drift — Northeast,Latin geographic / English,directional ocean-cell construction,installed:in_game/map_data/location_templates.txt;GEO-PROXY;https://oceanservice.noaa.gov/facts/sargassosea.html,medium,Unique current-bounded cell around the Atlantic isles.,false
location,bermuda_high_sea3,bermuda_sea_zones,sea,Atlantic Drift — Southwest,Latin geographic / English,directional ocean-cell construction,installed:in_game/map_data/location_templates.txt;GEO-PROXY;https://oceanservice.noaa.gov/facts/sargassosea.html,medium,Unique current-bounded cell around the Atlantic isles.,false
location,bermuda_high_sea4,bermuda_sea_zones,sea,Atlantic Drift — Southeast,Latin geographic / English,directional ocean-cell construction,installed:in_game/map_data/location_templates.txt;GEO-PROXY;https://oceanservice.noaa.gov/facts/sargassosea.html,medium,Unique current-bounded cell around the Atlantic isles.,false
location,bermuda_island,bermuda_sea_zones,sea,Atlantic Cedar Isle Shores,English geographic,environmental coastal reconstruction,installed:in_game/map_data/location_templates.txt;GEO-PROXY;https://www.britannica.com/place/Bermuda/History,medium,Names the coastal cell for the uninhabited cedar isles.,false
location,bern,bern_province,land,Brenodurum,Celtic / Latin,attested oppidum name,installed:in_game/map_data/location_templates.txt;GEO-PROXY;https://pleiades.stoa.org/places/177478,high,Ancient Helvetian settlement at the Bern peninsula.,false
location,bernay,ebroicien_province,land,Eburovices Risle Plain,Latin ethnonym / local / English,ethnogeographic river reconstruction,installed:in_game/map_data/location_templates.txt;GEO-PROXY;https://www.perseus.tufts.edu/hopper/text?doc=Strab.+4.3,medium,Uses the Aulerci Eburovices and Risle plain.,false
location,bernburg,magdeburger_borde_province,land,Semnonian Sala–Albis,Latin ethnonym / English,ethnogeographic river reconstruction,installed:in_game/map_data/location_templates.txt;GEO-PROXY;https://sourcebooks.fordham.edu/source/tacitus-germania.asp,medium,Uses the Semnonian frame at the Saale–Elbe corridor.,false
location,bernese_alps,oberwallis_province,land,Lepontic Pennine Heights,Latin ethnonym / English,ethnogeographic mountain reconstruction,installed:in_game/map_data/location_templates.txt;GEO-PROXY;https://www.perseus.tufts.edu/hopper/text?doc=Strab.+4.6,high,Uses the Lepontii and ancient Pennine Alps.,false
location,bernier_coast,yinggarda_thalanyji_province_coast,sea,Yinggarda Shark-Bay,Yinggarda geographic / English,indigenous coastal reconstruction,installed:in_game/map_data/location_templates.txt;GEO-PROXY;https://aiatsis.gov.au/explore/map-indigenous-australia,low,Replaces the European eponym with the Yinggarda frame.,false
location,bernovo,torzhok_province,land,Dyakovo Tvertsa Plain,archaeological culture / local / English,archaeological landscape reconstruction,installed:in_game/map_data/location_templates.txt;GEO-PROXY;https://www.britannica.com/place/Volga-River,medium,Uses the Dyakovo horizon and Tvertsa corridor.,false
location,beroun,prague_province,land,Marcomannian Berounka Gate,Latin ethnonym / local / English,ethnogeographic river-route reconstruction,installed:in_game/map_data/location_templates.txt;GEO-PROXY;https://sourcebooks.fordham.edu/source/tacitus-germania.asp,medium,Uses the Berounka gate in Marcomannian Bohemia.,false
location,berriane,mzab_province,land,Gaetulian Mzab Northern Oasis,Latin ethnonym / local / English,classical oasis reconstruction,installed:in_game/map_data/location_templates.txt;GEO-PROXY;https://penelope.uchicago.edu/Thayer/E/Roman/Texts/Strabo/17/3*.html,medium,Directional oasis in Gaetulian Mzab.,false
location,bersenbruck,emsland_province,land,Bructeri Hase Plain,Latin ethnonym / local / English,ethnogeographic river reconstruction,installed:in_game/map_data/location_templates.txt;GEO-PROXY;https://sourcebooks.fordham.edu/source/tacitus-germania.asp,medium,Uses the Bructeri and Hase plain.,false
location,bershad,bratslav_province,land,Lipița Southern Bug West Bank,archaeological culture / English,archaeological landscape reconstruction,installed:in_game/map_data/location_templates.txt;GEO-PROXY;https://www.britannica.com/place/Southern-Bug-River,medium,Uses the Lipița horizon on the Southern Bug.,false
location,bershty,grodno_province,land,Middle Neman Pottery Woods,archaeological geographic / English,archaeological landscape reconstruction,installed:in_game/map_data/location_templates.txt;GEO-PROXY;https://www.britannica.com/place/Neman-River,medium,Uses the Brushed Pottery zone of the middle Neman.,false
location,bertoua,sanaga_province,land,Nyong Early-Bantu Forests,archaeological ethnogeographic / English,archaeological landscape reconstruction,installed:in_game/map_data/location_templates.txt;GEO-PROXY;https://www.britannica.com/place/Sanaga-River,low,Uses the early Bantu forest frame near the upper Nyong.,false
location,beru_atoll,tungaru_province,land,Tungaru Southern Atoll,Tungaru geographic / English,Micronesian island reconstruction,installed:in_game/map_data/location_templates.txt;GEO-PROXY;https://www.britannica.com/place/Kiribati,medium,Uses the indigenous Tungaru chain and direction.,false
location,beru_coast,tungaru_sea_zones_province,sea,Tungaru Southern Reef Waters,Tungaru geographic / English,Micronesian coastal reconstruction,installed:in_game/map_data/location_templates.txt;GEO-PROXY;https://www.britannica.com/place/Kiribati,medium,Names the southern reef waters of Tungaru.,false
location,beruas,perak_province,land,Chryse Perak Western Hills,Greek geographic / local / English,Periplus regional reconstruction,installed:in_game/map_data/location_templates.txt;GEO-PROXY;https://depts.washington.edu/silkroad/texts/periplus/periplus.html,medium,Uses the Golden Chersonese frame and Perak hills.,false
location,berune,lower_brunei_province,land,Northern Borneo Bay Plain,local geographic / English,Metal Age coastal reconstruction,installed:in_game/map_data/location_templates.txt;GEO-PROXY;https://www.britannica.com/place/Borneo-island-Pacific-Ocean,low,Replaces the later Brunei polity name with a coastal plain.,false
location,berwick,teviotdale_province,land,Votadini Tweed Crossing,Latin ethnonym / English,Ptolemaic river-route reconstruction,installed:in_game/map_data/location_templates.txt;GEO-PROXY;https://www.perseus.tufts.edu/hopper/text?doc=Ptol.+2.3,medium,Uses the Votadini and Tweed crossing.,false
location,berwyn_range,powys_province,land,Ordovices Upper Sabrina Range,Latin ethnonym / English,Ptolemaic mountain reconstruction,installed:in_game/map_data/location_templates.txt;GEO-PROXY;https://www.perseus.tufts.edu/hopper/text?doc=Ptol.+2.3,medium,Uses the Ordovices and upper Sabrina landscape.,false
location,beryozovka,beryozovka_province,land,Glyadenovo Upper Kama East,archaeological culture / English,archaeological landscape reconstruction,installed:in_game/map_data/location_templates.txt;GEO-PROXY;https://www.britannica.com/place/Kama-River,medium,Directional cell in the Glyadenovo upper Kama sphere.,false
location,beryozovo,kunovat_province,land,Ugric Kunovat Marshes,Ugric ethnogeographic / English,archaeological wetland reconstruction,installed:in_game/map_data/location_templates.txt;GEO-PROXY;https://www.britannica.com/place/Ob-River,low,Uses the Kunovat wetlands in an early Ugric frame.,false
location,beryozovskoye,vyborg_province,land,Finnic Karelian Isthmus North,Finnic ethnogeographic / English,archaeological landscape reconstruction,installed:in_game/map_data/location_templates.txt;GEO-PROXY;https://www.britannica.com/place/Karelian-Isthmus,low,Directional cell on the early Finnic isthmus.,false
location,besalampy,ambongo_province,land,Manambolo Northern Dry Forest,local geographic / English,environmental landscape reconstruction,installed:in_game/map_data/location_templates.txt;GEO-PROXY;https://www.cambridge.org/core/journals/antiquity/article/early-holocene-human-presence-in-madagascar-evidence-from-ambolisatra/77795B14D92E44E9B1BB71DA127BF0A9,low,Uses the Manambolo dry-forest landscape.,false
location,besalu,girona_province,land,Indigetes Fluvià Hills,Latin ethnonym / local / English,ethnogeographic river reconstruction,installed:in_game/map_data/location_templates.txt;GEO-PROXY;https://www.perseus.tufts.edu/hopper/text?doc=Strab.+3.4,medium,Uses the Indigetes and Fluvià hills.,false
location,besancon,millieu_province,land,Vesontio,Latin,attested Roman settlement,installed:in_game/map_data/location_templates.txt;GEO-PROXY;https://pleiades.stoa.org/places/177662,high,Ancient Roman name of Besançon.,false
location,beshbalik,beshbalik_province,land,Jushi Eastern Tian Shan Oasis,Han Chinese ethnonym / English,Han frontier oasis reconstruction,installed:in_game/map_data/location_templates.txt;GEO-PROXY;https://depts.washington.edu/silkroad/texts/hhshu/hou_han_shu.html,medium,Uses the Jushi polity of the eastern Tian Shan.,false
location,besima,kharan_province,land,Gedrosian Kharan Western Pass,Greek geographic / English,classical desert-route reconstruction,installed:in_game/map_data/location_templates.txt;GEO-PROXY;https://www.perseus.tufts.edu/hopper/text?doc=Strab.+15.2,medium,Directional pass in Gedrosian Kharan.,false
location,besni,malatya_province,land,Melitene Euphrates South Bank,Greek geographic / English,classical district reconstruction,installed:in_game/map_data/location_templates.txt;GEO-PROXY;https://pleiades.stoa.org/places/629040,high,Places the cell on the south bank within Melitene.,false
location,besteiros,beira_alta_province,land,Lusitani Mondego Heights,Latin ethnonym / local / English,ethnogeographic river reconstruction,installed:in_game/map_data/location_templates.txt;GEO-PROXY;https://www.perseus.tufts.edu/hopper/text?doc=Strab.+3.3,medium,Uses the Lusitani and upper Mondego landscape.,false
location,bestyakh,ecigeen_province,land,Lower Lena Eastern Marshes,local geographic / English,river-basin reconstruction,installed:in_game/map_data/location_templates.txt;GEO-PROXY;https://www.britannica.com/place/Lena-River,low,Directional marshes on the lower Lena.,false
location,betanzos,coruna_province,land,Brigantium Eastern Fields,Latin,ancient city hinterland reconstruction,installed:in_game/map_data/location_templates.txt;GEO-PROXY;https://pleiades.stoa.org/places/236393,high,Places the cell east of ancient Brigantium.,false
location,beteta,cuenca_province,land,Olcadian Upper Tagus Hills,Latin ethnonym / English,ethnogeographic landscape reconstruction,installed:in_game/map_data/location_templates.txt;GEO-PROXY;https://www.perseus.tufts.edu/hopper/text?doc=Strab.+3.4,medium,Uses the Olcades and upper Tagus hills.,false
location,bethune,upper_artois_province,land,Atrebates Lys Plain,Latin ethnonym / local / English,ethnogeographic river reconstruction,installed:in_game/map_data/location_templates.txt;GEO-PROXY;https://www.perseus.tufts.edu/hopper/text?doc=Strab.+4.3,medium,Uses the Atrebates and Lys plain.,false
location,betroka,ibara_province,land,Onilahy Northern Uplands,local geographic / English,environmental landscape reconstruction,installed:in_game/map_data/location_templates.txt;GEO-PROXY;https://www.britannica.com/place/Madagascar/History,low,Directional uplands in sparsely settled southern Madagascar.,false
location,betsiamites,betsiamites_province,land,North-Shore Shield East,indigenous geographic / English,Woodland-period landscape reconstruction,installed:in_game/map_data/location_templates.txt;GEO-PROXY;https://www.thecanadianencyclopedia.ca/en/article/woodland-culture,low,Directional cell on the northern Laurentian shield.,false
location,betsimisaraka_coast,betsimisaraka_coast_sea_province,sea,Great Red Isle Eastern Waters,regional geographic / English,Periplus outer-coast reconstruction,installed:in_game/map_data/location_templates.txt;GEO-PROXY;https://depts.washington.edu/silkroad/texts/periplus/periplus.html,low,Uses a non-medieval eastern Madagascar frame.,false
location,bettiah,bettiah_province,land,Videha Gandak Plain,Sanskrit geographic / English,ancient polity landscape reconstruction,installed:in_game/map_data/location_templates.txt;GEO-PROXY;https://www.britannica.com/place/Vaishali-historical-city-India,high,Places the cell in Videha by the Gandak.,false
location,beya,minusinsk_province,land,Tashtyk Minusinsk South Plain,archaeological culture / English,archaeological landscape reconstruction,installed:in_game/map_data/location_templates.txt;GEO-PROXY;https://www.britannica.com/place/Minusinsk-Basin,medium,Directional cell in the Tashtyk-era basin.,false
location,beyarjomand,sabzevar_province,land,Choarene Southern Plateau,Greek geographic / English,Parthian district reconstruction,installed:in_game/map_data/location_templates.txt;GEO-PROXY;https://www.iranicaonline.org/articles/bayhaq,medium,Places the cell in southern Choarene.,false
location,beyla,kpelle_province,land,Cavally Upper Iron Forests,archaeological geographic / English,early iron landscape reconstruction,installed:in_game/map_data/location_templates.txt;GEO-PROXY;https://www.britannica.com/place/Cavalla-River,low,Uses the upper Cavally forest and iron-age context.,false
location,beylagan,arran_province,land,Utik Kura Plain,Armenian geographic / English,ancient district reconstruction,installed:in_game/map_data/location_templates.txt;GEO-PROXY;https://www.iranicaonline.org/articles/arran-a-region,medium,Places the cell in Utik along the Kura.,false
location,beypazari,sivrihisar_province,land,Dorylaeum Western Plateau,Greek,ancient city hinterland reconstruction,installed:in_game/map_data/location_templates.txt;GEO-PROXY;https://pleiades.stoa.org/places/609371,high,Places the plateau west of ancient Dorylaeum.,false
location,beysehir,beysehir_province,land,Karallis Northern Shore,Greek geographic / English,classical lake reconstruction,installed:in_game/map_data/location_templates.txt;GEO-PROXY;https://pleiades.stoa.org/places/639003,medium,Uses ancient Lake Karallis and a directional shore.,false
location,beyza,istakhr_province,land,Persepolis Northern Plain,Greek geographic / English,Parthian Persis reconstruction,installed:in_game/map_data/location_templates.txt;GEO-PROXY;https://www.iranicaonline.org/articles/estakr,high,Places the cell north of Persepolis in Persis.,false
location,bezhanitsy,rzhevskaya_province,land,Lovat Dyakovo Marshes,archaeological culture / English,archaeological wetland reconstruction,installed:in_game/map_data/location_templates.txt;GEO-PROXY;https://www.britannica.com/place/Lovat-River,medium,Uses the late Dyakovo horizon and Lovat marshes.,false
location,beziers,narbonnais_province,land,Baeterrae,Latin,attested Roman settlement,installed:in_game/map_data/location_templates.txt;GEO-PROXY;https://pleiades.stoa.org/places/138194,high,Ancient Roman name of Béziers.,false
location,bezopasnoye,privolnoye_province,land,Aorsi Upper Kuban East,Greek ethnonym / English,Sarmatian ethnogeographic reconstruction,installed:in_game/map_data/location_templates.txt;GEO-PROXY;https://www.iranicaonline.org/articles/aorsi,medium,Directional steppe cell in the Aorsi sphere.,false
location,bhadohi,manikpur_province,land,Kosala Gomati South Plain,Sanskrit geographic / English,ancient polity landscape reconstruction,installed:in_game/map_data/location_templates.txt;GEO-PROXY;https://www.britannica.com/place/Kosala,medium,Places the cell in southern Gomati plain of Kosala.,false
location,bhadrachalam,chanda_province,land,Vidarbha Godavari Crossing,Sanskrit geographic / English,ancient polity river-route reconstruction,installed:in_game/map_data/location_templates.txt;GEO-PROXY;https://www.britannica.com/place/Vidarbha,medium,Uses Vidarbha and the Godavari crossing.,false
location,bhadrak,rajabandi,land,Kalinga Baitarani Marshes,Sanskrit geographic / English,ancient polity wetland reconstruction,installed:in_game/map_data/location_templates.txt;GEO-PROXY;https://www.britannica.com/place/Kalinga-ancient-state-India,medium,Uses Kalinga and the Baitarani deltaic plain.,false
location,bhagalpur,bhagalpur_province,land,Campā,Prakrit / Sanskrit,attested ancient city,installed:in_game/map_data/location_templates.txt;GEO-PROXY;https://www.britannica.com/place/Anga,high,Ancient capital of Anga near Bhagalpur.,false
location,bhakkar,derajat_province,land,Sindhu Middle Island,Prakrit geographic / English,ancient river landscape reconstruction,installed:in_game/map_data/location_templates.txt;GEO-PROXY;https://www.iranicaonline.org/articles/gandhara/,medium,Uses the middle Indus landscape before Bhakkar.,false
location,bhalki,kalyana_karnakassala,land,Asmaka Western March,Sanskrit geographic / English,Sātavāhana frontier reconstruction,installed:in_game/map_data/location_templates.txt;GEO-PROXY;https://www.britannica.com/topic/Satavahana-dynasty,medium,Places the cell on the western Asmaka march.,false
location,bhanpura,western_malwa,land,Daśapura Northern Plain,Sanskrit,ancient city hinterland reconstruction,installed:in_game/map_data/location_templates.txt;GEO-PROXY;https://www.britannica.com/place/Mandsaur,high,Places the cell north of ancient Daśapura.,false
location,bhanvad,halar,land,Anarta Western Shore,Sanskrit geographic / English,ancient regional reconstruction,installed:in_game/map_data/location_templates.txt;GEO-PROXY;https://www.britannica.com/place/Dwarka,medium,Uses ancient Anarta for the western shore.,false
location,bharatpur,mewat_province,land,Matsya Eastern Woodlands,Sanskrit geographic / English,ancient polity landscape reconstruction,installed:in_game/map_data/location_templates.txt;GEO-PROXY;https://www.britannica.com/place/Rajasthan/History,medium,Directional woodland in Matsya country.,false
location,bhatkal,kanara,land,Konkana Sharavati Coast,Sanskrit geographic / English,Periplus coastal reconstruction,installed:in_game/map_data/location_templates.txt;GEO-PROXY;https://depts.washington.edu/silkroad/texts/periplus/periplus.html,medium,Uses ancient Konkana and the Sharavati coast.,false
location,bhatnir,jangladesh,land,Ghaggar Desert Crossing,local geographic / English,ancient river-route reconstruction,installed:in_game/map_data/location_templates.txt;GEO-PROXY;https://www.britannica.com/place/Thar-Desert,medium,Replaces the later fortress name with the Ghaggar route.,false
location,bhatta,upper_bundelkhand_province,land,Chedi Northern Vindhyas,Sanskrit geographic / English,ancient polity landscape reconstruction,installed:in_game/map_data/location_templates.txt;GEO-PROXY;https://www.britannica.com/place/Bundelkhand,medium,Places the cell in the northern Vindhyas of Chedi.,false
location,bhavani,kongu_nadu,land,Kongu Kaveri Western Hills,Tamil geographic / English,early historic regional reconstruction,installed:in_game/map_data/location_templates.txt;GEO-PROXY;https://www.britannica.com/place/Chera-dynasty,medium,Uses Kongu and the upper Kaveri landscape.,false
location,bhera,jech_doab,land,Hydaspes–Akesines North Plain,Greek geographic / English,classical river reconstruction,installed:in_game/map_data/location_templates.txt;GEO-PROXY;https://www.iranicaonline.org/articles/gandhara/,high,Directional cell in the classical Punjab doab.,false
location,bhilsa,eastern_malwa,land,Vidisha,Sanskrit,attested ancient city,installed:in_game/map_data/location_templates.txt;GEO-PROXY;https://www.britannica.com/place/Vidisha,high,Ancient name of the city near Bhilsa.,false
location,bhilwara,mewar,land,Malava Aravalli East,Sanskrit ethnonym / English,ancient ethnogeographic reconstruction,installed:in_game/map_data/location_templates.txt;GEO-PROXY;https://www.britannica.com/place/Rajasthan/History,medium,Directional Aravalli cell in Malava country.,false
location,bhimber,punjab_hills_province,land,Akesines Foothill Gate,Greek geographic / English,classical river-route reconstruction,installed:in_game/map_data/location_templates.txt;GEO-PROXY;https://www.iranicaonline.org/articles/gandhara/,medium,Uses ancient Akesines for the Chenab foothill gate.,false
location,bhind,gird,land,Mālava Chambal East Bank,Sanskrit ethnonym / local / English,ancient ethnogeographic reconstruction,installed:in_game/map_data/location_templates.txt;GEO-PROXY;https://www.britannica.com/place/Rajasthan,medium,Places the cell on the eastern Chambal in Mālava country.,false
location,bhojpur,mahadeo,land,Atavika Narmada Woods,Sanskrit geographic / English,ancient forest-region reconstruction,installed:in_game/map_data/location_templates.txt;GEO-PROXY;https://www.britannica.com/place/Narmada-River,medium,Uses the Atavika forest frame along the Narmada.,false
location,bhongir,warangal_province,land,Godavari–Musi Andhra Uplands,Sanskrit ethnonym / local / English,early historic regional reconstruction,installed:in_game/map_data/location_templates.txt;GEO-PROXY;https://www.britannica.com/topic/Satavahana-dynasty,medium,Uses the Andhra-Sātavāhana frame and Musi hills.,false
location,bhopal,eastern_malwa,land,Vidisha Western Lakes,Sanskrit,ancient city hinterland reconstruction,installed:in_game/map_data/location_templates.txt;GEO-PROXY;https://www.britannica.com/place/Vidisha,high,Places the lake district west of ancient Vidisha.,false
location,bhuban,orissa_garjats,land,Mahakantara Mahanadi Woods,Sanskrit geographic / English,ancient forest-region reconstruction,installed:in_game/map_data/location_templates.txt;GEO-PROXY;https://www.britannica.com/place/Kalinga-ancient-state-India,medium,Uses Mahakantara near the Mahanadi.,false
location,bhurwara,khairabad_province,land,Kosala Gomati North Plain,Sanskrit geographic / English,ancient polity landscape reconstruction,installed:in_game/map_data/location_templates.txt;GEO-PROXY;https://www.britannica.com/place/Kosala,medium,Places the cell in northern Gomati plain of Kosala.,false
location,bi_pi,central_adamawa_province,land,Benue–Adamawa Eastern Savanna,archaeological geographic / English,early iron landscape reconstruction,installed:in_game/map_data/location_templates.txt;GEO-PROXY;https://www.britannica.com/place/Benue-River,low,Directional savanna in the Benue–Adamawa frame.,false
location,bia_mbya,chiquitania_province,land,Guaporé Eastern Forests,local geographic / English,river-basin reconstruction,installed:in_game/map_data/location_templates.txt;GEO-PROXY;https://www.britannica.com/place/Guapore-River,low,Directional forest in the Guaporé basin.,false
location,biak,biak_province,land,Byak Western Isle,Byak geographic / English,indigenous island reconstruction,installed:in_game/map_data/location_templates.txt;GEO-PROXY;https://www.britannica.com/place/New-Guinea,low,Uses the local Byak form with a directional island label.,false
location,biak_coast,yapen_coastal_sea_zones_province,sea,Byak–Yapen Strait Waters,Byak geographic / English,indigenous coastal reconstruction,installed:in_game/map_data/location_templates.txt;GEO-PROXY;https://www.britannica.com/place/New-Guinea,low,Names the strait through the adjacent islands.,false
location,biala_podlaska,bresta_province,land,Zarubintsy Western Bug North,archaeological culture / English,archaeological landscape reconstruction,installed:in_game/map_data/location_templates.txt;GEO-PROXY;https://www.britannica.com/place/Bug-River-eastern-Europe,medium,Directional Zarubintsy cell along the western Bug.,false
location,biala_rawska,rawa_province,land,Przeworsk Rawka Plain,archaeological culture / local / English,archaeological landscape reconstruction,installed:in_game/map_data/location_templates.txt;GEO-PROXY;https://www.britannica.com/place/Vistula-River,medium,Uses the Przeworsk horizon and Rawka basin.,false
location,bialobork,tuchola_province,land,Oksywie Brda Forests,archaeological culture / local / English,archaeological landscape reconstruction,installed:in_game/map_data/location_templates.txt;GEO-PROXY;https://www.britannica.com/place/Vistula-River,medium,Uses the Oksywie horizon and Brda forests.,false
location,bialogard,koslin_province,land,Early Wielbark Parsęta Plain,archaeological culture / local / English,archaeological landscape reconstruction,installed:in_game/map_data/location_templates.txt;GEO-PROXY;https://www.cambridge.org/core/journals/antiquity/article/goths-the-wielbark-culture-and-over-100-years-of-research-on-the-eponymous-site/92E85F41D42501F1E961DA148AECEE8F,medium,Uses the early Wielbark horizon on the Parsęta.,false
location,bian_marind,marind_province,land,Marind Digul Marshes,Marind geographic / English,indigenous river-basin reconstruction,installed:in_game/map_data/location_templates.txt;GEO-PROXY;https://www.britannica.com/place/New-Guinea,low,Uses the Marind frame and Digul wetlands.,false
location,bibbulman,wardandi_province,land,Wardandi Eastern Forests,Wardandi geographic / English,indigenous landscape reconstruction,installed:in_game/map_data/location_templates.txt;GEO-PROXY;https://aiatsis.gov.au/explore/map-indigenous-australia,low,Directional forest in the researched Wardandi frame.,false
location,biberach,western_upper_swabia_province,land,Vindelici Danubius Plateau,Latin ethnonym / English,ethnogeographic landscape reconstruction,installed:in_game/map_data/location_templates.txt;GEO-PROXY;https://www.perseus.tufts.edu/hopper/text?doc=Strab.+4.6,medium,Uses the Vindelici and upper Danubius plateau.,false
location,bibirevo,toropets_province,land,Dnieper–Dvina Toropa Woods,archaeological geographic / English,archaeological landscape reconstruction,installed:in_game/map_data/location_templates.txt;GEO-PROXY;https://www.britannica.com/place/Western-Dvina-River,low,Uses the Toropa watershed before the later village.,false
location,bida,nupe_province,land,Nok Niger–Kaduna Fields,archaeological culture / English,early iron landscape reconstruction,installed:in_game/map_data/location_templates.txt;GEO-PROXY;https://www.britannica.com/topic/Nok-culture,medium,Uses the Nok horizon in the Niger–Kaduna landscape.,false
location,bidai,bidai_province,land,Akokisa Eastern Woodlands,indigenous ethnogeographic / English,Woodland-period landscape reconstruction,installed:in_game/map_data/location_templates.txt;GEO-PROXY;https://www.texasbeyondhistory.net/coast/prehistory/index.html,low,Uses a local cultural frame for the eastern coastal woodlands.,false
location,bidanku,akimel_oodham_province,land,Akimel O’odham Gila Highlands,Akimel O’odham geographic / English,indigenous agricultural landscape reconstruction,installed:in_game/map_data/location_templates.txt;GEO-PROXY;https://www.nps.gov/articles/000/sonoran-desert-people.htm,low,Uses the Akimel O'odham and Gila landscape.,false
location,bidar,kalyana_karnakassala,land,Asmaka Northern Plateau,Sanskrit geographic / English,Sātavāhana frontier reconstruction,installed:in_game/map_data/location_templates.txt;GEO-PROXY;https://www.britannica.com/topic/Satavahana-dynasty,medium,Directional plateau in Asmaka country.,false
location,bideford,devon_province,land,Dumnonii Taw Estuary,Latin ethnonym / local / English,Ptolemaic coastal reconstruction,installed:in_game/map_data/location_templates.txt;GEO-PROXY;https://www.perseus.tufts.edu/hopper/text?doc=Ptol.+2.3,medium,Uses the Dumnonii and Taw estuary.,false
location,bidjara,iningai_province,land,Iningai Warrego Uplands,Iningai geographic / English,indigenous landscape reconstruction,installed:in_game/map_data/location_templates.txt;GEO-PROXY;https://aiatsis.gov.au/explore/map-indigenous-australia,low,Uses the researched Iningai frame and Warrego uplands.,false
location,bidungu,badimala_province,land,Badimala Eastern Desert,Badimala geographic / English,indigenous landscape reconstruction,installed:in_game/map_data/location_templates.txt;GEO-PROXY;https://aiatsis.gov.au/explore/map-indigenous-australia,low,Directional desert cell in the Badimala frame.,false
location,bidwell,bombala_province,land,Monaro Southern Plateau,indigenous geographic / English,indigenous landscape reconstruction,installed:in_game/map_data/location_templates.txt;GEO-PROXY;https://www.environment.nsw.gov.au/topics/parks-reserves-and-protected-areas/aboriginal-culture-and-heritage,low,Uses the Monaro plateau rather than a colonial surname.,false
location,bidyadanga,jaburrara_kundal_province_coast,sea,Kundal Roebuck Waters,Kundal geographic / English,indigenous coastal reconstruction,installed:in_game/map_data/location_templates.txt;GEO-PROXY;https://aiatsis.gov.au/explore/map-indigenous-australia,low,Uses the researched Kundal frame and Roebuck coast.,false
location,bidzhan,tunguska_province,land,Yilou Bira Forests,Chinese ethnonym / local / English,Han ethnogeographic reconstruction,installed:in_game/map_data/location_templates.txt;GEO-PROXY;https://ctext.org/records-of-the-three-states/dong-yi/ens,medium,Uses the Yilou frame and Bira watershed.,false
location,biecz,nowy_sacz_province,land,Przeworsk Ropa Crossing,archaeological culture / local / English,archaeological route reconstruction,installed:in_game/map_data/location_templates.txt;GEO-PROXY;https://www.britannica.com/place/Vistula-River,medium,Uses the Przeworsk horizon and Ropa crossing.,false
location,bielefeld,ostwestphalia_province,land,Cherusci Teutoburg North,Latin ethnonym / English,ethnogeographic landscape reconstruction,installed:in_game/map_data/location_templates.txt;GEO-PROXY;https://sourcebooks.fordham.edu/source/tacitus-germania.asp,high,Directional district in the Cheruscan Teutoburg landscape.,false
location,biella,novara_province,land,Victimulae,Latin,attested Roman settlement,installed:in_game/map_data/location_templates.txt;GEO-PROXY;https://pleiades.stoa.org/places/383818,high,Ancient settlement in the Biella district.,false
location,bielsk_podlaski,podlasie_province,land,Zarubintsy Narew–Bug Woods,archaeological culture / English,archaeological landscape reconstruction,installed:in_game/map_data/location_templates.txt;GEO-PROXY;https://www.britannica.com/place/Bug-River-eastern-Europe,medium,Uses the Zarubintsy horizon between Narew and Bug.,false
location,bielska_sloboda,bielska_sloboda_province,land,Aorsi Aidar Steppe,Greek ethnonym / local / English,Sarmatian ethnogeographic reconstruction,installed:in_game/map_data/location_templates.txt;GEO-PROXY;https://www.iranicaonline.org/articles/aorsi,medium,Uses the Aorsi and Aidar steppe corridor.,false
location,bielsko,tesin_province,land,Przeworsk Upper Oder Gate,archaeological culture / English,archaeological pass reconstruction,installed:in_game/map_data/location_templates.txt;GEO-PROXY;https://www.britannica.com/place/Oder-River,medium,Uses the Przeworsk horizon at the upper Oder gate.,false
location,bienne,neuchatel_province,land,Helvetii Biel Lake Shore,Latin ethnonym / English,ethnogeographic lake reconstruction,installed:in_game/map_data/location_templates.txt;GEO-PROXY;https://www.perseus.tufts.edu/hopper/text?doc=Strab.+4.3,medium,Uses the Helvetii and the lake shore rather than the French town form.,false
