granularity,key,parent,kind,ad1_name,language,method,source,confidence,note,unchanged_verified
location,noos_coast,belau_sea_zones_province,sea,Belau Noos Waters,local geography / sourced AD 1 parent frame / English,reviewed ancient identity or anti-anachronism reconstruction,GEO-PROXY;installed:in_game/map_data/location_templates.txt,medium,"Reviewed AD 1 placement; modern, duplicate, or eponymic field label removed.",false
location,nopiloa,cuetlaxtlan_province,land,Totonac Papaloapan Coast,local geography / sourced AD 1 parent frame / English,reviewed ancient identity or anti-anachronism reconstruction,GEO-PROXY;installed:in_game/map_data/location_templates.txt,medium,"Reviewed AD 1 placement; modern, duplicate, or eponymic field label removed.",false
location,noptinte,northern_yokut_province,land,San-Joaquin–Fresno: Noptinte Lands,local geography / sourced AD 1 parent frame / English,ancient-parent local-feature construction,GEO-PROXY;installed:in_game/map_data/location_templates.txt,medium,AD 1 local label within the researched parent frame.,false
location,noques_jungle,jujuy_province,land,Calchaqui Jujuy Forest,local geography / sourced AD 1 parent frame / English,reviewed ancient identity or anti-anachronism reconstruction,GEO-PROXY;installed:in_game/map_data/location_templates.txt,medium,"Reviewed AD 1 placement; modern, duplicate, or eponymic field label removed.",false
location,nora,vastmanland_province,land,Suionic Northern-Bergslagen Lands,local geography / sourced AD 1 parent frame / English,reviewed ancient identity or anti-anachronism reconstruction,GEO-PROXY;installed:in_game/map_data/location_templates.txt,medium,"Reviewed AD 1 placement; modern, duplicate, or eponymic field label removed.",false
location,nora_eth,argobba_province,land,Argobba Awash Highlands,local geography / sourced AD 1 parent frame / English,reviewed ancient identity or anti-anachronism reconstruction,GEO-PROXY;installed:in_game/map_data/location_templates.txt,medium,"Reviewed AD 1 placement; modern, duplicate, or eponymic field label removed.",false
location,norcacia_jungle,coyaima_province,land,Upper-Magdalena Forest,local geography / sourced AD 1 parent frame / English,reviewed ancient identity or anti-anachronism reconstruction,GEO-PROXY;installed:in_game/map_data/location_templates.txt,medium,"Reviewed AD 1 placement; modern, duplicate, or eponymic field label removed.",false
location,nordfjord_sea,nordland_coast_province,sea,North-Germanic Nordfjord Waters,local geography / sourced AD 1 parent frame / English,reviewed ancient identity or anti-anachronism reconstruction,GEO-PROXY;installed:in_game/map_data/location_templates.txt,medium,"Reviewed AD 1 placement; modern, duplicate, or eponymic field label removed.",false
location,nordhausen,harz_province,land,Hermunduri Harz Lands,local geography / sourced AD 1 parent frame / English,reviewed ancient identity or anti-anachronism reconstruction,GEO-PROXY;installed:in_game/map_data/location_templates.txt,medium,"Reviewed AD 1 placement; modern, duplicate, or eponymic field label removed.",false
location,nordhordland,bergenhus_province,land,North-Germanic Hordaland Fjords,local geography / sourced AD 1 parent frame / English,reviewed ancient identity or anti-anachronism reconstruction,GEO-PROXY;installed:in_game/map_data/location_templates.txt,medium,"Reviewed AD 1 placement; modern, duplicate, or eponymic field label removed.",false
location,nordmark,varmland_province,land,Suionic Vanern–Klaralven Lands,local geography / sourced AD 1 parent frame / English,reviewed ancient identity or anti-anachronism reconstruction,GEO-PROXY;installed:in_game/map_data/location_templates.txt,medium,"Reviewed AD 1 placement; modern, duplicate, or eponymic field label removed.",false
location,norfolk,norfolk_nz_province,land,Southwest-Pacific Volcanic Isle,local geography / sourced AD 1 parent frame / English,reviewed ancient identity or anti-anachronism reconstruction,GEO-PROXY;installed:in_game/map_data/location_templates.txt,medium,"Reviewed AD 1 placement; modern, duplicate, or eponymic field label removed.",false
location,norfolk_coast,new_zealand_sea_zones_province,sea,Southwest-Pacific Island Waters,local geography / sourced AD 1 parent frame / English,reviewed ancient identity or anti-anachronism reconstruction,GEO-PROXY;installed:in_game/map_data/location_templates.txt,medium,"Reviewed AD 1 placement; modern, duplicate, or eponymic field label removed.",false
location,norfolk_high_sea_1,new_zealand_sea_zones_province,sea,Southwest-Pacific Island Northwestern Reach,local geography / sourced AD 1 parent frame / English,reviewed ancient identity or anti-anachronism reconstruction,GEO-PROXY;installed:in_game/map_data/location_templates.txt,medium,"Reviewed AD 1 placement; modern, duplicate, or eponymic field label removed.",false
location,norfolk_high_sea_2,new_zealand_sea_zones_province,sea,Southwest-Pacific Island Northeastern Reach,local geography / sourced AD 1 parent frame / English,reviewed ancient identity or anti-anachronism reconstruction,GEO-PROXY;installed:in_game/map_data/location_templates.txt,medium,"Reviewed AD 1 placement; modern, duplicate, or eponymic field label removed.",false
location,norfolk_high_sea_3,new_zealand_sea_zones_province,sea,Southwest-Pacific Island Western Reach,local geography / sourced AD 1 parent frame / English,reviewed ancient identity or anti-anachronism reconstruction,GEO-PROXY;installed:in_game/map_data/location_templates.txt,medium,"Reviewed AD 1 placement; modern, duplicate, or eponymic field label removed.",false
location,norfolk_high_sea_4,new_zealand_sea_zones_province,sea,Southwest-Pacific Island Eastern Reach,local geography / sourced AD 1 parent frame / English,reviewed ancient identity or anti-anachronism reconstruction,GEO-PROXY;installed:in_game/map_data/location_templates.txt,medium,"Reviewed AD 1 placement; modern, duplicate, or eponymic field label removed.",false
location,norfolk_high_sea_5,new_zealand_sea_zones_province,sea,Southwest-Pacific Island Southern Reach,local geography / sourced AD 1 parent frame / English,reviewed ancient identity or anti-anachronism reconstruction,GEO-PROXY;installed:in_game/map_data/location_templates.txt,medium,"Reviewed AD 1 placement; modern, duplicate, or eponymic field label removed.",false
location,norht_taranaki_bight,waikato_sea_zones_province,sea,Aotearoa Taranaki-Bight Waters,local geography / sourced AD 1 parent frame / English,reviewed ancient identity or anti-anachronism reconstruction,GEO-PROXY;installed:in_game/map_data/location_templates.txt,medium,"Reviewed AD 1 placement; modern, duplicate, or eponymic field label removed.",false
location,noris,nechi_province,land,Early-Quimbaya Nechi Highlands,local geography / sourced AD 1 parent frame / English,reviewed ancient identity or anti-anachronism reconstruction,GEO-PROXY;installed:in_game/map_data/location_templates.txt,medium,"Reviewed AD 1 placement; modern, duplicate, or eponymic field label removed.",false
location,norman_wells,mackenzie_sahtu_province,land,Tlegohli,local geography / sourced AD 1 parent frame / English,reviewed ancient identity or anti-anachronism reconstruction,GEO-PROXY;installed:in_game/map_data/location_templates.txt,medium,"Reviewed AD 1 placement; modern, duplicate, or eponymic field label removed.",false
location,nororotu_atoll,tupuai_pae_province,land,Rurutu Nororotu Atoll,local geography / sourced AD 1 parent frame / English,reviewed ancient identity or anti-anachronism reconstruction,GEO-PROXY;installed:in_game/map_data/location_templates.txt,medium,"Reviewed AD 1 placement; modern, duplicate, or eponymic field label removed.",false
location,nororotu_coast,tuhaa_pae_coastal_sea_zones_province,sea,Nororotu Outer Waters,local geography / sourced AD 1 parent frame / English,reviewed ancient identity or anti-anachronism reconstruction,GEO-PROXY;installed:in_game/map_data/location_templates.txt,medium,"Reviewed AD 1 placement; modern, duplicate, or eponymic field label removed.",false
location,norosi,mompoj_province,land,Lower-Magdalena–San-Jorge: Norosi Wetlands,local geography / sourced AD 1 parent frame / English,ancient-parent local-feature construction,GEO-PROXY;installed:in_game/map_data/location_templates.txt,medium,AD 1 local label within the researched parent frame.,false
location,norquinco,pehuenmapu_province,land,Pehuenche Neuquen Lands,local geography / sourced AD 1 parent frame / English,reviewed ancient identity or anti-anachronism reconstruction,GEO-PROXY;installed:in_game/map_data/location_templates.txt,medium,"Reviewed AD 1 placement; modern, duplicate, or eponymic field label removed.",false
location,norridgewock,kennebec_province,land,Abenaki Kennebec Lands,local geography / sourced AD 1 parent frame / English,reviewed ancient identity or anti-anachronism reconstruction,GEO-PROXY;installed:in_game/map_data/location_templates.txt,medium,"Reviewed AD 1 placement; modern, duplicate, or eponymic field label removed.",false
location,norrkoping,ostergotland_province,land,Suionic Bravalla-Roxen Lands,local geography / sourced AD 1 parent frame / English,reviewed ancient identity or anti-anachronism reconstruction,GEO-PROXY;installed:in_game/map_data/location_templates.txt,medium,"Reviewed AD 1 placement; modern, duplicate, or eponymic field label removed.",false
location,norrtalje,uppland_province,land,Suionic Eastern-Uppland Coast,local geography / sourced AD 1 parent frame / English,reviewed ancient identity or anti-anachronism reconstruction,GEO-PROXY;installed:in_game/map_data/location_templates.txt,medium,"Reviewed AD 1 placement; modern, duplicate, or eponymic field label removed.",false
location,north_aceh_jungle,northern_aceh_province,land,Aceh Peureulak Rainforest,local geography / sourced AD 1 parent frame / English,reviewed ancient identity or anti-anachronism reconstruction,GEO-PROXY;installed:in_game/map_data/location_templates.txt,medium,"Reviewed AD 1 placement; modern, duplicate, or eponymic field label removed.",false
location,north_andaman,andaman_province,land,Northern Andaman Island,local geography / sourced AD 1 parent frame / English,reviewed ancient identity or anti-anachronism reconstruction,GEO-PROXY;installed:in_game/map_data/location_templates.txt,medium,"Reviewed AD 1 placement; modern, duplicate, or eponymic field label removed.",false
location,north_apennines,lucca_province,land,Apuani Northern Apennines,local geography / sourced AD 1 parent frame / English,reviewed ancient identity or anti-anachronism reconstruction,GEO-PROXY;installed:in_game/map_data/location_templates.txt,medium,"Reviewed AD 1 placement; modern, duplicate, or eponymic field label removed.",false
location,north_atlantic_countercurrent,atlantic_north_equatorial_province,sea,Northern Equatorial Return Current,local geography / sourced AD 1 parent frame / English,reviewed ancient identity or anti-anachronism reconstruction,GEO-PROXY;installed:in_game/map_data/location_templates.txt,medium,"Reviewed AD 1 placement; modern, duplicate, or eponymic field label removed.",false
location,north_atlantic_ocean,atlantic_north_atlantic_province,sea,Northern Ocean Drift,local geography / sourced AD 1 parent frame / English,reviewed ancient identity or anti-anachronism reconstruction,GEO-PROXY;installed:in_game/map_data/location_templates.txt,medium,"Reviewed AD 1 placement; modern, duplicate, or eponymic field label removed.",false
location,north_aulatsivik_island,nunavik_atlantic_sea_zones_province,sea,Dorset Aulatsivik-Island Waters,local geography / sourced AD 1 parent frame / English,reviewed ancient identity or anti-anachronism reconstruction,GEO-PROXY;installed:in_game/map_data/location_templates.txt,medium,"Reviewed AD 1 placement; modern, duplicate, or eponymic field label removed.",false
location,north_aztatlan,xalisco_coast_sea_zones_province,sea,Aztatlan Northern Waters,local geography / sourced AD 1 parent frame / English,reviewed ancient identity or anti-anachronism reconstruction,GEO-PROXY;installed:in_game/map_data/location_templates.txt,medium,"Reviewed AD 1 placement; modern, duplicate, or eponymic field label removed.",false
location,north_baltic,north_baltic_sea,sea,Northern Suebian Sea,local geography / sourced AD 1 parent frame / English,reviewed ancient identity or anti-anachronism reconstruction,GEO-PROXY;installed:in_game/map_data/location_templates.txt,medium,"Reviewed AD 1 placement; modern, duplicate, or eponymic field label removed.",false
location,north_buganda,victoria_nile_province,land,Urewe Nile–Kyoga North,local geography / sourced AD 1 parent frame / English,reviewed ancient identity or anti-anachronism reconstruction,GEO-PROXY;installed:in_game/map_data/location_templates.txt,medium,"Reviewed AD 1 placement; modern, duplicate, or eponymic field label removed.",false
location,north_canal,los_angeles_sea_zones_province,sea,Tongva Channel-Islands Waters,local geography / sourced AD 1 parent frame / English,reviewed ancient identity or anti-anachronism reconstruction,GEO-PROXY;installed:in_game/map_data/location_templates.txt,medium,"Reviewed AD 1 placement; modern, duplicate, or eponymic field label removed.",false
location,north_cape,barents_sea_province,sea,Scythian-Sea Northern Cape,local geography / sourced AD 1 parent frame / English,reviewed ancient identity or anti-anachronism reconstruction,GEO-PROXY;installed:in_game/map_data/location_templates.txt,medium,"Reviewed AD 1 placement; modern, duplicate, or eponymic field label removed.",false
location,north_cascade,yakama_province,land,Yakama Northern Cascade Highlands,local geography / sourced AD 1 parent frame / English,reviewed ancient identity or anti-anachronism reconstruction,GEO-PROXY;installed:in_game/map_data/location_templates.txt,medium,"Reviewed AD 1 placement; modern, duplicate, or eponymic field label removed.",false
location,north_central_baltic,eastern_baltic_sea,sea,Central Sinus Venedicus Waters,local geography / sourced AD 1 parent frame / English,reviewed ancient identity or anti-anachronism reconstruction,GEO-PROXY;installed:in_game/map_data/location_templates.txt,medium,"Reviewed AD 1 placement; modern, duplicate, or eponymic field label removed.",false
location,north_channel,north_irish_sea_coastal_sea_zones_province,sea,Caledonian-Hibernian Channel,local geography / sourced AD 1 parent frame / English,reviewed ancient identity or anti-anachronism reconstruction,GEO-PROXY;installed:in_game/map_data/location_templates.txt,medium,"Reviewed AD 1 placement; modern, duplicate, or eponymic field label removed.",false
location,north_creek_coast,unalaska_coast_sea_zones_province,sea,Unangan Northern-Creek Waters,local geography / sourced AD 1 parent frame / English,reviewed ancient identity or anti-anachronism reconstruction,GEO-PROXY;installed:in_game/map_data/location_templates.txt,medium,"Reviewed AD 1 placement; modern, duplicate, or eponymic field label removed.",false
location,north_dahalo,kutulo_province,land,Dahalo Tana Frontier,local geography / sourced AD 1 parent frame / English,reviewed ancient identity or anti-anachronism reconstruction,GEO-PROXY;installed:in_game/map_data/location_templates.txt,medium,"Reviewed AD 1 placement; modern, duplicate, or eponymic field label removed.",false
location,north_danube_delta,bulgaria_coast_sea_province,sea,Northern Ister Delta Waters,local geography / sourced AD 1 parent frame / English,reviewed ancient identity or anti-anachronism reconstruction,GEO-PROXY;installed:in_game/map_data/location_templates.txt,medium,"Reviewed AD 1 placement; modern, duplicate, or eponymic field label removed.",false
location,north_drakensberg_mountains,umsobomvu_province,land,Gariep Northern Escarpment,local geography / sourced AD 1 parent frame / English,reviewed ancient identity or anti-anachronism reconstruction,GEO-PROXY;installed:in_game/map_data/location_templates.txt,medium,"Reviewed AD 1 placement; modern, duplicate, or eponymic field label removed.",false
location,north_east_ethiopian_mountains,amhara_province,land,Aksumite Tana-Bashilo Highlands,local geography / sourced AD 1 parent frame / English,reviewed ancient identity or anti-anachronism reconstruction,GEO-PROXY;installed:in_game/map_data/location_templates.txt,medium,"Reviewed AD 1 placement; modern, duplicate, or eponymic field label removed.",false
location,north_eastern_atlantic1,azores_sea_province,sea,Hesperian Volcanic Far-Western Reach,local geography / sourced AD 1 parent frame / English,reviewed ancient identity or anti-anachronism reconstruction,GEO-PROXY;installed:in_game/map_data/location_templates.txt,medium,"Reviewed AD 1 placement; modern, duplicate, or eponymic field label removed.",false
location,north_eastern_atlantic10,azores_sea_province,sea,Hesperian Volcanic Southeastern Reach,local geography / sourced AD 1 parent frame / English,reviewed ancient identity or anti-anachronism reconstruction,GEO-PROXY;installed:in_game/map_data/location_templates.txt,medium,"Reviewed AD 1 placement; modern, duplicate, or eponymic field label removed.",false
location,north_eastern_atlantic11,azores_sea_province,sea,Hesperian Volcanic East-Central Reach,local geography / sourced AD 1 parent frame / English,reviewed ancient identity or anti-anachronism reconstruction,GEO-PROXY;installed:in_game/map_data/location_templates.txt,medium,"Reviewed AD 1 placement; modern, duplicate, or eponymic field label removed.",false
location,north_eastern_atlantic12,azores_sea_province,sea,Hesperian Volcanic Eastern Reach,local geography / sourced AD 1 parent frame / English,reviewed ancient identity or anti-anachronism reconstruction,GEO-PROXY;installed:in_game/map_data/location_templates.txt,medium,"Reviewed AD 1 placement; modern, duplicate, or eponymic field label removed.",false
location,north_eastern_atlantic13,azores_sea_province,sea,Hesperian Volcanic Far-Eastern Reach,local geography / sourced AD 1 parent frame / English,reviewed ancient identity or anti-anachronism reconstruction,GEO-PROXY;installed:in_game/map_data/location_templates.txt,medium,"Reviewed AD 1 placement; modern, duplicate, or eponymic field label removed.",false
location,north_eastern_atlantic15,icelandic_coast_province,sea,Thulean Island Approaches Far-Western Reach,local geography / sourced AD 1 parent frame / English,reviewed ancient identity or anti-anachronism reconstruction,GEO-PROXY;installed:in_game/map_data/location_templates.txt,medium,"Reviewed AD 1 placement; modern, duplicate, or eponymic field label removed.",false
location,north_eastern_atlantic16,icelandic_coast_province,sea,Thulean Island Approaches Western Reach,local geography / sourced AD 1 parent frame / English,reviewed ancient identity or anti-anachronism reconstruction,GEO-PROXY;installed:in_game/map_data/location_templates.txt,medium,"Reviewed AD 1 placement; modern, duplicate, or eponymic field label removed.",false
location,north_eastern_atlantic18,icelandic_coast_province,sea,Thulean Island Approaches West-Central Reach,local geography / sourced AD 1 parent frame / English,reviewed ancient identity or anti-anachronism reconstruction,GEO-PROXY;installed:in_game/map_data/location_templates.txt,medium,"Reviewed AD 1 placement; modern, duplicate, or eponymic field label removed.",false
location,north_eastern_atlantic2,azores_sea_province,sea,Hesperian Volcanic Western Reach,local geography / sourced AD 1 parent frame / English,reviewed ancient identity or anti-anachronism reconstruction,GEO-PROXY;installed:in_game/map_data/location_templates.txt,medium,"Reviewed AD 1 placement; modern, duplicate, or eponymic field label removed.",false
location,north_eastern_atlantic20,icelandic_coast_province,sea,Thulean Island Approaches Northwestern Reach,local geography / sourced AD 1 parent frame / English,reviewed ancient identity or anti-anachronism reconstruction,GEO-PROXY;installed:in_game/map_data/location_templates.txt,medium,"Reviewed AD 1 placement; modern, duplicate, or eponymic field label removed.",false
location,north_eastern_atlantic21,northern_isles_sea_province,sea,Orcadian–Thulean Far-Western Reach,local geography / sourced AD 1 parent frame / English,reviewed ancient identity or anti-anachronism reconstruction,GEO-PROXY;installed:in_game/map_data/location_templates.txt,medium,"Reviewed AD 1 placement; modern, duplicate, or eponymic field label removed.",false
location,north_eastern_atlantic23,northern_isles_sea_province,sea,Orcadian–Thulean Western Reach,local geography / sourced AD 1 parent frame / English,reviewed ancient identity or anti-anachronism reconstruction,GEO-PROXY;installed:in_game/map_data/location_templates.txt,medium,"Reviewed AD 1 placement; modern, duplicate, or eponymic field label removed.",false
location,north_eastern_atlantic24,northern_isles_sea_province,sea,Orcadian–Thulean West-Central Reach,local geography / sourced AD 1 parent frame / English,reviewed ancient identity or anti-anachronism reconstruction,GEO-PROXY;installed:in_game/map_data/location_templates.txt,medium,"Reviewed AD 1 placement; modern, duplicate, or eponymic field label removed.",false
location,north_eastern_atlantic25,hebridean_sea_province,sea,Caledonian Western-Isles Far-Western Reach,local geography / sourced AD 1 parent frame / English,reviewed ancient identity or anti-anachronism reconstruction,GEO-PROXY;installed:in_game/map_data/location_templates.txt,medium,"Reviewed AD 1 placement; modern, duplicate, or eponymic field label removed.",false
location,north_eastern_atlantic26,hebridean_sea_province,sea,Caledonian Western-Isles Western Reach,local geography / sourced AD 1 parent frame / English,reviewed ancient identity or anti-anachronism reconstruction,GEO-PROXY;installed:in_game/map_data/location_templates.txt,medium,"Reviewed AD 1 placement; modern, duplicate, or eponymic field label removed.",false
location,north_eastern_atlantic27,hebridean_sea_province,sea,Caledonian Western-Isles West-Central Reach,local geography / sourced AD 1 parent frame / English,reviewed ancient identity or anti-anachronism reconstruction,GEO-PROXY;installed:in_game/map_data/location_templates.txt,medium,"Reviewed AD 1 placement; modern, duplicate, or eponymic field label removed.",false
location,north_eastern_atlantic28,ulster_coastal_sea_zones_province,sea,Erdini–Venicnii Donegal Far-Western Reach,local geography / sourced AD 1 parent frame / English,reviewed ancient identity or anti-anachronism reconstruction,GEO-PROXY;installed:in_game/map_data/location_templates.txt,medium,"Reviewed AD 1 placement; modern, duplicate, or eponymic field label removed.",false
location,north_eastern_atlantic29,munster_coastal_sea_zones_province,sea,Ivernian Atlantic–Shannon Far-Western Reach,local geography / sourced AD 1 parent frame / English,reviewed ancient identity or anti-anachronism reconstruction,GEO-PROXY;installed:in_game/map_data/location_templates.txt,medium,"Reviewed AD 1 placement; modern, duplicate, or eponymic field label removed.",false
location,north_eastern_atlantic3,azores_sea_province,sea,Hesperian Volcanic West-Central Reach,local geography / sourced AD 1 parent frame / English,reviewed ancient identity or anti-anachronism reconstruction,GEO-PROXY;installed:in_game/map_data/location_templates.txt,medium,"Reviewed AD 1 placement; modern, duplicate, or eponymic field label removed.",false
location,north_eastern_atlantic30,munster_coastal_sea_zones_province,sea,Ivernian Atlantic–Shannon Western Reach,local geography / sourced AD 1 parent frame / English,reviewed ancient identity or anti-anachronism reconstruction,GEO-PROXY;installed:in_game/map_data/location_templates.txt,medium,"Reviewed AD 1 placement; modern, duplicate, or eponymic field label removed.",false
location,north_eastern_atlantic31,munster_coastal_sea_zones_province,sea,Ivernian Atlantic–Shannon West-Central Reach,local geography / sourced AD 1 parent frame / English,reviewed ancient identity or anti-anachronism reconstruction,GEO-PROXY;installed:in_game/map_data/location_templates.txt,medium,"Reviewed AD 1 placement; modern, duplicate, or eponymic field label removed.",false
location,north_eastern_atlantic32,celtic_sea_province,sea,Southern Oceanus Hibernicus Far-Western Reach,local geography / sourced AD 1 parent frame / English,reviewed ancient identity or anti-anachronism reconstruction,GEO-PROXY;installed:in_game/map_data/location_templates.txt,medium,"Reviewed AD 1 placement; modern, duplicate, or eponymic field label removed.",false
location,north_eastern_atlantic33,celtic_sea_province,sea,Southern Oceanus Hibernicus Western Reach,local geography / sourced AD 1 parent frame / English,reviewed ancient identity or anti-anachronism reconstruction,GEO-PROXY;installed:in_game/map_data/location_templates.txt,medium,"Reviewed AD 1 placement; modern, duplicate, or eponymic field label removed.",false
location,north_eastern_atlantic34,celtic_sea_province,sea,Southern Oceanus Hibernicus West-Central Reach,local geography / sourced AD 1 parent frame / English,reviewed ancient identity or anti-anachronism reconstruction,GEO-PROXY;installed:in_game/map_data/location_templates.txt,medium,"Reviewed AD 1 placement; modern, duplicate, or eponymic field label removed.",false
location,north_eastern_atlantic35,gulf_of_gascony_province,sea,Aquitanian Ocean Far-Western Reach,local geography / sourced AD 1 parent frame / English,reviewed ancient identity or anti-anachronism reconstruction,GEO-PROXY;installed:in_game/map_data/location_templates.txt,medium,"Reviewed AD 1 placement; modern, duplicate, or eponymic field label removed.",false
location,north_eastern_atlantic36,gulf_of_gascony_province,sea,Aquitanian Ocean Western Reach,local geography / sourced AD 1 parent frame / English,reviewed ancient identity or anti-anachronism reconstruction,GEO-PROXY;installed:in_game/map_data/location_templates.txt,medium,"Reviewed AD 1 placement; modern, duplicate, or eponymic field label removed.",false
location,north_eastern_atlantic37,gulf_of_gascony_province,sea,Aquitanian Ocean West-Central Reach,local geography / sourced AD 1 parent frame / English,reviewed ancient identity or anti-anachronism reconstruction,GEO-PROXY;installed:in_game/map_data/location_templates.txt,medium,"Reviewed AD 1 placement; modern, duplicate, or eponymic field label removed.",false
location,north_eastern_atlantic38,cantabrian_sea_province,sea,Asturian–Cantabrian Ocean Far-Western Reach,local geography / sourced AD 1 parent frame / English,reviewed ancient identity or anti-anachronism reconstruction,GEO-PROXY;installed:in_game/map_data/location_templates.txt,medium,"Reviewed AD 1 placement; modern, duplicate, or eponymic field label removed.",false
location,north_eastern_atlantic39,cantabrian_sea_province,sea,Asturian–Cantabrian Ocean Western Reach,local geography / sourced AD 1 parent frame / English,reviewed ancient identity or anti-anachronism reconstruction,GEO-PROXY;installed:in_game/map_data/location_templates.txt,medium,"Reviewed AD 1 placement; modern, duplicate, or eponymic field label removed.",false
location,north_eastern_atlantic4,azores_sea_province,sea,Hesperian Volcanic Northwestern Reach,local geography / sourced AD 1 parent frame / English,reviewed ancient identity or anti-anachronism reconstruction,GEO-PROXY;installed:in_game/map_data/location_templates.txt,medium,"Reviewed AD 1 placement; modern, duplicate, or eponymic field label removed.",false
location,north_eastern_atlantic40,cantabrian_sea_province,sea,Asturian–Cantabrian Ocean West-Central Reach,local geography / sourced AD 1 parent frame / English,reviewed ancient identity or anti-anachronism reconstruction,GEO-PROXY;installed:in_game/map_data/location_templates.txt,medium,"Reviewed AD 1 placement; modern, duplicate, or eponymic field label removed.",false
location,north_eastern_atlantic41,coast_of_portugal_province,sea,Atlantic of Lusitania Far-Western Reach,local geography / sourced AD 1 parent frame / English,reviewed ancient identity or anti-anachronism reconstruction,GEO-PROXY;installed:in_game/map_data/location_templates.txt,medium,"Reviewed AD 1 placement; modern, duplicate, or eponymic field label removed.",false
location,north_eastern_atlantic42,coast_of_portugal_province,sea,Atlantic of Lusitania Western Reach,local geography / sourced AD 1 parent frame / English,reviewed ancient identity or anti-anachronism reconstruction,GEO-PROXY;installed:in_game/map_data/location_templates.txt,medium,"Reviewed AD 1 placement; modern, duplicate, or eponymic field label removed.",false
location,north_eastern_atlantic43,coast_of_portugal_province,sea,Atlantic of Lusitania West-Central Reach,local geography / sourced AD 1 parent frame / English,reviewed ancient identity or anti-anachronism reconstruction,GEO-PROXY;installed:in_game/map_data/location_templates.txt,medium,"Reviewed AD 1 placement; modern, duplicate, or eponymic field label removed.",false
location,north_eastern_atlantic44,coast_of_portugal_province,sea,Atlantic of Lusitania Northwestern Reach,local geography / sourced AD 1 parent frame / English,reviewed ancient identity or anti-anachronism reconstruction,GEO-PROXY;installed:in_game/map_data/location_templates.txt,medium,"Reviewed AD 1 placement; modern, duplicate, or eponymic field label removed.",false
location,north_eastern_atlantic45,coast_of_portugal_province,sea,Atlantic of Lusitania Northern Reach,local geography / sourced AD 1 parent frame / English,reviewed ancient identity or anti-anachronism reconstruction,GEO-PROXY;installed:in_game/map_data/location_templates.txt,medium,"Reviewed AD 1 placement; modern, duplicate, or eponymic field label removed.",false
location,north_eastern_atlantic46,gulf_cadiz_province,sea,Oceanus Gaditanus Far-Western Reach,local geography / sourced AD 1 parent frame / English,reviewed ancient identity or anti-anachronism reconstruction,GEO-PROXY;installed:in_game/map_data/location_templates.txt,medium,"Reviewed AD 1 placement; modern, duplicate, or eponymic field label removed.",false
location,north_eastern_atlantic47,gulf_cadiz_province,sea,Oceanus Gaditanus Western Reach,local geography / sourced AD 1 parent frame / English,reviewed ancient identity or anti-anachronism reconstruction,GEO-PROXY;installed:in_game/map_data/location_templates.txt,medium,"Reviewed AD 1 placement; modern, duplicate, or eponymic field label removed.",false
location,north_eastern_atlantic48,gulf_cadiz_province,sea,Oceanus Gaditanus West-Central Reach,local geography / sourced AD 1 parent frame / English,reviewed ancient identity or anti-anachronism reconstruction,GEO-PROXY;installed:in_game/map_data/location_templates.txt,medium,"Reviewed AD 1 placement; modern, duplicate, or eponymic field label removed.",false
location,north_eastern_atlantic49,coast_of_morocco,sea,Atlantic of Mauretania Far-Western Reach,local geography / sourced AD 1 parent frame / English,reviewed ancient identity or anti-anachronism reconstruction,GEO-PROXY;installed:in_game/map_data/location_templates.txt,medium,"Reviewed AD 1 placement; modern, duplicate, or eponymic field label removed.",false
location,north_eastern_atlantic5,azores_sea_province,sea,Hesperian Volcanic Northern Reach,local geography / sourced AD 1 parent frame / English,reviewed ancient identity or anti-anachronism reconstruction,GEO-PROXY;installed:in_game/map_data/location_templates.txt,medium,"Reviewed AD 1 placement; modern, duplicate, or eponymic field label removed.",false
location,north_eastern_atlantic50,coast_of_morocco,sea,Atlantic of Mauretania Western Reach,local geography / sourced AD 1 parent frame / English,reviewed ancient identity or anti-anachronism reconstruction,GEO-PROXY;installed:in_game/map_data/location_templates.txt,medium,"Reviewed AD 1 placement; modern, duplicate, or eponymic field label removed.",false
location,north_eastern_atlantic51,coast_of_morocco,sea,Atlantic of Mauretania West-Central Reach,local geography / sourced AD 1 parent frame / English,reviewed ancient identity or anti-anachronism reconstruction,GEO-PROXY;installed:in_game/map_data/location_templates.txt,medium,"Reviewed AD 1 placement; modern, duplicate, or eponymic field label removed.",false
location,north_eastern_atlantic52,canary_island_coast,sea,Canaria–Ninguaria Ocean Far-Western Reach,local geography / sourced AD 1 parent frame / English,reviewed ancient identity or anti-anachronism reconstruction,GEO-PROXY;installed:in_game/map_data/location_templates.txt,medium,"Reviewed AD 1 placement; modern, duplicate, or eponymic field label removed.",false
location,north_eastern_atlantic53,canary_island_coast,sea,Canaria–Ninguaria Ocean Western Reach,local geography / sourced AD 1 parent frame / English,reviewed ancient identity or anti-anachronism reconstruction,GEO-PROXY;installed:in_game/map_data/location_templates.txt,medium,"Reviewed AD 1 placement; modern, duplicate, or eponymic field label removed.",false
location,north_eastern_atlantic54,canary_island_coast,sea,Canaria–Ninguaria Ocean West-Central Reach,local geography / sourced AD 1 parent frame / English,reviewed ancient identity or anti-anachronism reconstruction,GEO-PROXY;installed:in_game/map_data/location_templates.txt,medium,"Reviewed AD 1 placement; modern, duplicate, or eponymic field label removed.",false
location,north_eastern_atlantic55,canary_island_coast,sea,Canaria–Ninguaria Ocean Northwestern Reach,local geography / sourced AD 1 parent frame / English,reviewed ancient identity or anti-anachronism reconstruction,GEO-PROXY;installed:in_game/map_data/location_templates.txt,medium,"Reviewed AD 1 placement; modern, duplicate, or eponymic field label removed.",false
location,north_eastern_atlantic56,canary_island_coast,sea,Canaria–Ninguaria Ocean Northern Reach,local geography / sourced AD 1 parent frame / English,reviewed ancient identity or anti-anachronism reconstruction,GEO-PROXY;installed:in_game/map_data/location_templates.txt,medium,"Reviewed AD 1 placement; modern, duplicate, or eponymic field label removed.",false
location,north_eastern_atlantic57,canary_island_coast,sea,Canaria–Ninguaria Ocean Northeastern Reach,local geography / sourced AD 1 parent frame / English,reviewed ancient identity or anti-anachronism reconstruction,GEO-PROXY;installed:in_game/map_data/location_templates.txt,medium,"Reviewed AD 1 placement; modern, duplicate, or eponymic field label removed.",false
location,north_eastern_atlantic58,canary_island_coast,sea,Canaria–Ninguaria Ocean Central Reach,local geography / sourced AD 1 parent frame / English,reviewed ancient identity or anti-anachronism reconstruction,GEO-PROXY;installed:in_game/map_data/location_templates.txt,medium,"Reviewed AD 1 placement; modern, duplicate, or eponymic field label removed.",false
location,north_eastern_atlantic59,canary_island_coast,sea,Canaria–Ninguaria Ocean Southwestern Reach,local geography / sourced AD 1 parent frame / English,reviewed ancient identity or anti-anachronism reconstruction,GEO-PROXY;installed:in_game/map_data/location_templates.txt,medium,"Reviewed AD 1 placement; modern, duplicate, or eponymic field label removed.",false
location,north_eastern_atlantic6,azores_sea_province,sea,Hesperian Volcanic Northeastern Reach,local geography / sourced AD 1 parent frame / English,reviewed ancient identity or anti-anachronism reconstruction,GEO-PROXY;installed:in_game/map_data/location_templates.txt,medium,"Reviewed AD 1 placement; modern, duplicate, or eponymic field label removed.",false
location,north_eastern_atlantic60,canary_island_coast,sea,Canaria–Ninguaria Ocean Southern Reach,local geography / sourced AD 1 parent frame / English,reviewed ancient identity or anti-anachronism reconstruction,GEO-PROXY;installed:in_game/map_data/location_templates.txt,medium,"Reviewed AD 1 placement; modern, duplicate, or eponymic field label removed.",false
location,north_eastern_atlantic61,canary_island_coast,sea,Canaria–Ninguaria Ocean Southeastern Reach,local geography / sourced AD 1 parent frame / English,reviewed ancient identity or anti-anachronism reconstruction,GEO-PROXY;installed:in_game/map_data/location_templates.txt,medium,"Reviewed AD 1 placement; modern, duplicate, or eponymic field label removed.",false
location,north_eastern_atlantic62,sahel_coast_province,sea,Gaetulian Arguin–Bojador Far-Western Reach,local geography / sourced AD 1 parent frame / English,reviewed ancient identity or anti-anachronism reconstruction,GEO-PROXY;installed:in_game/map_data/location_templates.txt,medium,"Reviewed AD 1 placement; modern, duplicate, or eponymic field label removed.",false
location,north_eastern_atlantic63,sahel_coast_province,sea,Gaetulian Arguin–Bojador Western Reach,local geography / sourced AD 1 parent frame / English,reviewed ancient identity or anti-anachronism reconstruction,GEO-PROXY;installed:in_game/map_data/location_templates.txt,medium,"Reviewed AD 1 placement; modern, duplicate, or eponymic field label removed.",false
location,north_eastern_atlantic64,sahel_coast_province,sea,Gaetulian Arguin–Bojador West-Central Reach,local geography / sourced AD 1 parent frame / English,reviewed ancient identity or anti-anachronism reconstruction,GEO-PROXY;installed:in_game/map_data/location_templates.txt,medium,"Reviewed AD 1 placement; modern, duplicate, or eponymic field label removed.",false
location,north_eastern_atlantic65,canary_island_coast,sea,Canaria–Ninguaria Ocean East-Central Reach,local geography / sourced AD 1 parent frame / English,reviewed ancient identity or anti-anachronism reconstruction,GEO-PROXY;installed:in_game/map_data/location_templates.txt,medium,"Reviewed AD 1 placement; modern, duplicate, or eponymic field label removed.",false
location,north_eastern_atlantic66,canary_island_coast,sea,Canaria–Ninguaria Ocean Eastern Reach,local geography / sourced AD 1 parent frame / English,reviewed ancient identity or anti-anachronism reconstruction,GEO-PROXY;installed:in_game/map_data/location_templates.txt,medium,"Reviewed AD 1 placement; modern, duplicate, or eponymic field label removed.",false
location,north_eastern_atlantic67,azores_sea_province,sea,Hesperian Volcanic Far-Western Far-Outer Reach,local geography / sourced AD 1 parent frame / English,reviewed ancient identity or anti-anachronism reconstruction,GEO-PROXY;installed:in_game/map_data/location_templates.txt,medium,"Reviewed AD 1 placement; modern, duplicate, or eponymic field label removed.",false
location,north_eastern_atlantic68,azores_sea_province,sea,Hesperian Volcanic Western Far-Outer Reach,local geography / sourced AD 1 parent frame / English,reviewed ancient identity or anti-anachronism reconstruction,GEO-PROXY;installed:in_game/map_data/location_templates.txt,medium,"Reviewed AD 1 placement; modern, duplicate, or eponymic field label removed.",false
location,north_eastern_atlantic69,cantabrian_sea_province,sea,Asturian–Cantabrian Ocean Northwestern Reach,local geography / sourced AD 1 parent frame / English,reviewed ancient identity or anti-anachronism reconstruction,GEO-PROXY;installed:in_game/map_data/location_templates.txt,medium,"Reviewed AD 1 placement; modern, duplicate, or eponymic field label removed.",false
location,north_eastern_atlantic7,azores_sea_province,sea,Hesperian Volcanic Central Reach,local geography / sourced AD 1 parent frame / English,reviewed ancient identity or anti-anachronism reconstruction,GEO-PROXY;installed:in_game/map_data/location_templates.txt,medium,"Reviewed AD 1 placement; modern, duplicate, or eponymic field label removed.",false
location,north_eastern_atlantic70,sahel_coast_province,sea,Gaetulian Arguin–Bojador Northwestern Reach,local geography / sourced AD 1 parent frame / English,reviewed ancient identity or anti-anachronism reconstruction,GEO-PROXY;installed:in_game/map_data/location_templates.txt,medium,"Reviewed AD 1 placement; modern, duplicate, or eponymic field label removed.",false
location,north_eastern_atlantic71,sahel_coast_province,sea,Gaetulian Arguin–Bojador Northern Reach,local geography / sourced AD 1 parent frame / English,reviewed ancient identity or anti-anachronism reconstruction,GEO-PROXY;installed:in_game/map_data/location_templates.txt,medium,"Reviewed AD 1 placement; modern, duplicate, or eponymic field label removed.",false
location,north_eastern_atlantic72,sahel_coast_province,sea,Gaetulian Arguin–Bojador Northeastern Reach,local geography / sourced AD 1 parent frame / English,reviewed ancient identity or anti-anachronism reconstruction,GEO-PROXY;installed:in_game/map_data/location_templates.txt,medium,"Reviewed AD 1 placement; modern, duplicate, or eponymic field label removed.",false
location,north_eastern_atlantic73,senegambia_coastline,sea,Senegal–Gambia Far-Western Reach,local geography / sourced AD 1 parent frame / English,reviewed ancient identity or anti-anachronism reconstruction,GEO-PROXY;installed:in_game/map_data/location_templates.txt,medium,"Reviewed AD 1 placement; modern, duplicate, or eponymic field label removed.",false
location,north_eastern_atlantic74,senegambia_coastline,sea,Senegal–Gambia Western Reach,local geography / sourced AD 1 parent frame / English,reviewed ancient identity or anti-anachronism reconstruction,GEO-PROXY;installed:in_game/map_data/location_templates.txt,medium,"Reviewed AD 1 placement; modern, duplicate, or eponymic field label removed.",false
location,north_eastern_atlantic75,senegambia_coastline,sea,Senegal–Gambia West-Central Reach,local geography / sourced AD 1 parent frame / English,reviewed ancient identity or anti-anachronism reconstruction,GEO-PROXY;installed:in_game/map_data/location_templates.txt,medium,"Reviewed AD 1 placement; modern, duplicate, or eponymic field label removed.",false
location,north_eastern_atlantic76,upper_guinea_coastline,sea,Geba–Nunez Far-Western Reach,local geography / sourced AD 1 parent frame / English,reviewed ancient identity or anti-anachronism reconstruction,GEO-PROXY;installed:in_game/map_data/location_templates.txt,medium,"Reviewed AD 1 placement; modern, duplicate, or eponymic field label removed.",false
location,north_eastern_atlantic77,upper_guinea_coastline,sea,Geba–Nunez Western Reach,local geography / sourced AD 1 parent frame / English,reviewed ancient identity or anti-anachronism reconstruction,GEO-PROXY;installed:in_game/map_data/location_templates.txt,medium,"Reviewed AD 1 placement; modern, duplicate, or eponymic field label removed.",false
location,north_eastern_atlantic78,upper_guinea_coastline,sea,Geba–Nunez West-Central Reach,local geography / sourced AD 1 parent frame / English,reviewed ancient identity or anti-anachronism reconstruction,GEO-PROXY;installed:in_game/map_data/location_templates.txt,medium,"Reviewed AD 1 placement; modern, duplicate, or eponymic field label removed.",false
location,north_eastern_atlantic79,grain_coast,sea,Sassandra–Kru Littoral Far-Western Reach,local geography / sourced AD 1 parent frame / English,reviewed ancient identity or anti-anachronism reconstruction,GEO-PROXY;installed:in_game/map_data/location_templates.txt,medium,"Reviewed AD 1 placement; modern, duplicate, or eponymic field label removed.",false
location,north_eastern_atlantic8,azores_sea_province,sea,Hesperian Volcanic Southwestern Reach,local geography / sourced AD 1 parent frame / English,reviewed ancient identity or anti-anachronism reconstruction,GEO-PROXY;installed:in_game/map_data/location_templates.txt,medium,"Reviewed AD 1 placement; modern, duplicate, or eponymic field label removed.",false
location,north_eastern_atlantic80,grain_coast,sea,Sassandra–Kru Littoral Western Reach,local geography / sourced AD 1 parent frame / English,reviewed ancient identity or anti-anachronism reconstruction,GEO-PROXY;installed:in_game/map_data/location_templates.txt,medium,"Reviewed AD 1 placement; modern, duplicate, or eponymic field label removed.",false
location,north_eastern_atlantic81,grain_coast,sea,Sassandra–Kru Littoral West-Central Reach,local geography / sourced AD 1 parent frame / English,reviewed ancient identity or anti-anachronism reconstruction,GEO-PROXY;installed:in_game/map_data/location_templates.txt,medium,"Reviewed AD 1 placement; modern, duplicate, or eponymic field label removed.",false
location,north_eastern_atlantic82,grain_coast,sea,Sassandra–Kru Littoral Northwestern Reach,local geography / sourced AD 1 parent frame / English,reviewed ancient identity or anti-anachronism reconstruction,GEO-PROXY;installed:in_game/map_data/location_templates.txt,medium,"Reviewed AD 1 placement; modern, duplicate, or eponymic field label removed.",false
location,north_eastern_atlantic83,grain_coast,sea,Sassandra–Kru Littoral Northern Reach,local geography / sourced AD 1 parent frame / English,reviewed ancient identity or anti-anachronism reconstruction,GEO-PROXY;installed:in_game/map_data/location_templates.txt,medium,"Reviewed AD 1 placement; modern, duplicate, or eponymic field label removed.",false
location,north_eastern_atlantic84,ivory_coast,sea,Bandama–Sassandra Gulf Far-Western Reach,local geography / sourced AD 1 parent frame / English,reviewed ancient identity or anti-anachronism reconstruction,GEO-PROXY;installed:in_game/map_data/location_templates.txt,medium,"Reviewed AD 1 placement; modern, duplicate, or eponymic field label removed.",false
location,north_eastern_atlantic85,ivory_coast,sea,Bandama–Sassandra Gulf Western Reach,local geography / sourced AD 1 parent frame / English,reviewed ancient identity or anti-anachronism reconstruction,GEO-PROXY;installed:in_game/map_data/location_templates.txt,medium,"Reviewed AD 1 placement; modern, duplicate, or eponymic field label removed.",false
location,north_eastern_atlantic86,ivory_coast,sea,Bandama–Sassandra Gulf West-Central Reach,local geography / sourced AD 1 parent frame / English,reviewed ancient identity or anti-anachronism reconstruction,GEO-PROXY;installed:in_game/map_data/location_templates.txt,medium,"Reviewed AD 1 placement; modern, duplicate, or eponymic field label removed.",false
location,north_eastern_atlantic87,bight_of_benin_sea,sea,Volta–Niger Gulf Far-Western Reach,local geography / sourced AD 1 parent frame / English,reviewed ancient identity or anti-anachronism reconstruction,GEO-PROXY;installed:in_game/map_data/location_templates.txt,medium,"Reviewed AD 1 placement; modern, duplicate, or eponymic field label removed.",false
location,north_eastern_atlantic88,bight_of_benin_sea,sea,Volta–Niger Gulf Western Reach,local geography / sourced AD 1 parent frame / English,reviewed ancient identity or anti-anachronism reconstruction,GEO-PROXY;installed:in_game/map_data/location_templates.txt,medium,"Reviewed AD 1 placement; modern, duplicate, or eponymic field label removed.",false
location,north_eastern_atlantic89,bight_of_bonny,sea,Niger–Cross River Gulf Far-Western Reach,local geography / sourced AD 1 parent frame / English,reviewed ancient identity or anti-anachronism reconstruction,GEO-PROXY;installed:in_game/map_data/location_templates.txt,medium,"Reviewed AD 1 placement; modern, duplicate, or eponymic field label removed.",false
location,north_eastern_atlantic9,azores_sea_province,sea,Hesperian Volcanic Southern Reach,local geography / sourced AD 1 parent frame / English,reviewed ancient identity or anti-anachronism reconstruction,GEO-PROXY;installed:in_game/map_data/location_templates.txt,medium,"Reviewed AD 1 placement; modern, duplicate, or eponymic field label removed.",false
location,north_eastern_atlantic90,bight_of_bonny,sea,Niger–Cross River Gulf Western Reach,local geography / sourced AD 1 parent frame / English,reviewed ancient identity or anti-anachronism reconstruction,GEO-PROXY;installed:in_game/map_data/location_templates.txt,medium,"Reviewed AD 1 placement; modern, duplicate, or eponymic field label removed.",false
location,north_eastern_atlantic91,bight_of_bonny,sea,Niger–Cross River Gulf West-Central Reach,local geography / sourced AD 1 parent frame / English,reviewed ancient identity or anti-anachronism reconstruction,GEO-PROXY;installed:in_game/map_data/location_templates.txt,medium,"Reviewed AD 1 placement; modern, duplicate, or eponymic field label removed.",false
location,north_eastern_atlantic92,bight_of_bonny,sea,Niger–Cross River Gulf Northwestern Reach,local geography / sourced AD 1 parent frame / English,reviewed ancient identity or anti-anachronism reconstruction,GEO-PROXY;installed:in_game/map_data/location_templates.txt,medium,"Reviewed AD 1 placement; modern, duplicate, or eponymic field label removed.",false
location,north_eastern_desert,red_sea_coast_province,land,Coptos Eastern Desert,local geography / sourced AD 1 parent frame / English,reviewed ancient identity or anti-anachronism reconstruction,GEO-PROXY;installed:in_game/map_data/location_templates.txt,medium,"Reviewed AD 1 placement; modern, duplicate, or eponymic field label removed.",false
location,north_eastern_pyrenees1,comminges_province,land,Convenae Eastern Pyrenees,local geography / sourced AD 1 parent frame / English,reviewed ancient identity or anti-anachronism reconstruction,GEO-PROXY;installed:in_game/map_data/location_templates.txt,medium,"Reviewed AD 1 placement; modern, duplicate, or eponymic field label removed.",false
location,north_eastern_pyrenees2,razes_province,land,Volcian Eastern Pyrenees,local geography / sourced AD 1 parent frame / English,reviewed ancient identity or anti-anachronism reconstruction,GEO-PROXY;installed:in_game/map_data/location_templates.txt,medium,"Reviewed AD 1 placement; modern, duplicate, or eponymic field label removed.",false
location,north_frisian_islands,danmark_coastal_sea_zones_province,sea,Frisian Northern-Island Waters,local geography / sourced AD 1 parent frame / English,reviewed ancient identity or anti-anachronism reconstruction,GEO-PROXY;installed:in_game/map_data/location_templates.txt,medium,"Reviewed AD 1 placement; modern, duplicate, or eponymic field label removed.",false
location,north_hia_ced_oodham,hia_ced_oodham_province,land,Oodham Gila Northlands,local geography / sourced AD 1 parent frame / English,reviewed ancient identity or anti-anachronism reconstruction,GEO-PROXY;installed:in_game/map_data/location_templates.txt,medium,"Reviewed AD 1 placement; modern, duplicate, or eponymic field label removed.",false
location,north_hijaz_coast,north_red_sea_province,sea,Aelana Northern-Hijaz Waters,local geography / sourced AD 1 parent frame / English,reviewed ancient identity or anti-anachronism reconstruction,GEO-PROXY;installed:in_game/map_data/location_templates.txt,medium,"Reviewed AD 1 placement; modern, duplicate, or eponymic field label removed.",false
location,north_hlanganu,changane_province,land,Hlanganu Northern Lands,local geography / sourced AD 1 parent frame / English,reviewed ancient identity or anti-anachronism reconstruction,GEO-PROXY;installed:in_game/map_data/location_templates.txt,medium,"Reviewed AD 1 placement; modern, duplicate, or eponymic field label removed.",false
location,north_hulsan_lake,tsaidam_province,lake,Qiang Northern Hulsan Lake,local geography / sourced AD 1 parent frame / English,reviewed ancient identity or anti-anachronism reconstruction,GEO-PROXY;installed:in_game/map_data/location_templates.txt,medium,"Reviewed AD 1 placement; modern, duplicate, or eponymic field label removed.",false
location,north_indian_countercurrent,indian_equatorial_countercurrent_province,sea,Northern Erythraean Return Current,local geography / sourced AD 1 parent frame / English,reviewed ancient identity or anti-anachronism reconstruction,GEO-PROXY;installed:in_game/map_data/location_templates.txt,medium,"Reviewed AD 1 placement; modern, duplicate, or eponymic field label removed.",false
location,north_jeongju,hwaju_province,land,Okjeo Northern Coast,local geography / sourced AD 1 parent frame / English,reviewed ancient identity or anti-anachronism reconstruction,GEO-PROXY;installed:in_game/map_data/location_templates.txt,medium,"Reviewed AD 1 placement; modern, duplicate, or eponymic field label removed.",false
location,north_juma,bandundu_province,land,Kwango Kasai Northern Forest,local geography / sourced AD 1 parent frame / English,reviewed ancient identity or anti-anachronism reconstruction,GEO-PROXY;installed:in_game/map_data/location_templates.txt,medium,"Reviewed AD 1 placement; modern, duplicate, or eponymic field label removed.",false
location,north_kimbu,ugalla_province,land,Kimbu Ugalla Northlands,local geography / sourced AD 1 parent frame / English,reviewed ancient identity or anti-anachronism reconstruction,GEO-PROXY;installed:in_game/map_data/location_templates.txt,medium,"Reviewed AD 1 placement; modern, duplicate, or eponymic field label removed.",false
location,north_letota,north_moxico_province,land,Moxico Letota Northlands,local geography / sourced AD 1 parent frame / English,reviewed ancient identity or anti-anachronism reconstruction,GEO-PROXY;installed:in_game/map_data/location_templates.txt,medium,"Reviewed AD 1 placement; modern, duplicate, or eponymic field label removed.",false
location,north_makassar_strait,tarakan_coast_sea_province,sea,Berau Makassar-Strait Waters,local geography / sourced AD 1 parent frame / English,reviewed ancient identity or anti-anachronism reconstruction,GEO-PROXY;installed:in_game/map_data/location_templates.txt,medium,"Reviewed AD 1 placement; modern, duplicate, or eponymic field label removed.",false
location,north_manica_highlands,ruenya_province,land,Nyanga Northern Highlands,local geography / sourced AD 1 parent frame / English,reviewed ancient identity or anti-anachronism reconstruction,GEO-PROXY;installed:in_game/map_data/location_templates.txt,medium,"Reviewed AD 1 placement; modern, duplicate, or eponymic field label removed.",false
location,north_matsuwa,kuril_islands,sea,Ainu Northern Matsuwa Waters,local geography / sourced AD 1 parent frame / English,reviewed ancient identity or anti-anachronism reconstruction,GEO-PROXY;installed:in_game/map_data/location_templates.txt,medium,"Reviewed AD 1 placement; modern, duplicate, or eponymic field label removed.",false
location,north_meetto,lower_ruvuma_province,land,Azanian Meetto Northlands,local geography / sourced AD 1 parent frame / English,reviewed ancient identity or anti-anachronism reconstruction,GEO-PROXY;installed:in_game/map_data/location_templates.txt,medium,"Reviewed AD 1 placement; modern, duplicate, or eponymic field label removed.",false
location,north_mekong_delta,chan_bo_coast_sea_province,sea,Funan Northern-Mekong Waters,local geography / sourced AD 1 parent frame / English,reviewed ancient identity or anti-anachronism reconstruction,GEO-PROXY;installed:in_game/map_data/location_templates.txt,medium,"Reviewed AD 1 placement; modern, duplicate, or eponymic field label removed.",false
location,north_melanesian_sea,pacific_polynesia_province,sea,Northern Melanesian Great-Ocean Waters,local geography / sourced AD 1 parent frame / English,reviewed ancient identity or anti-anachronism reconstruction,GEO-PROXY;installed:in_game/map_data/location_templates.txt,medium,"Reviewed AD 1 placement; modern, duplicate, or eponymic field label removed.",false
location,north_middle_atlas,haouz_province,land,Mauretanian Northern Atlas,local geography / sourced AD 1 parent frame / English,reviewed ancient identity or anti-anachronism reconstruction,GEO-PROXY;installed:in_game/map_data/location_templates.txt,medium,"Reviewed AD 1 placement; modern, duplicate, or eponymic field label removed.",false
location,north_minch,hebridean_sea_province,sea,Caledonian Northern-Minch Waters,local geography / sourced AD 1 parent frame / English,reviewed ancient identity or anti-anachronism reconstruction,GEO-PROXY;installed:in_game/map_data/location_templates.txt,medium,"Reviewed AD 1 placement; modern, duplicate, or eponymic field label removed.",false
location,north_ngindo,upper_rufiji_province,land,Azanian Ngindo Northlands,local geography / sourced AD 1 parent frame / English,reviewed ancient identity or anti-anachronism reconstruction,GEO-PROXY;installed:in_game/map_data/location_templates.txt,medium,"Reviewed AD 1 placement; modern, duplicate, or eponymic field label removed.",false
location,north_pacific_coast,pacific_north_equatorial_province,sea,Northern Tropical-Ocean Current,local geography / sourced AD 1 parent frame / English,reviewed ancient identity or anti-anachronism reconstruction,GEO-PROXY;installed:in_game/map_data/location_templates.txt,medium,"Reviewed AD 1 placement; modern, duplicate, or eponymic field label removed.",false
location,north_pacific_countercurrent,pacific_equatorial_countercurrent_province,sea,Mid-Ocean Northern Return Current,local geography / sourced AD 1 parent frame / English,reviewed ancient identity or anti-anachronism reconstruction,GEO-PROXY;installed:in_game/map_data/location_templates.txt,medium,"Reviewed AD 1 placement; modern, duplicate, or eponymic field label removed.",false
location,north_pacific_high_sea100,koryak_coast_sea_province,sea,Pakhachi–Olyutor Northern-Pacific Western Reach,local geography / sourced AD 1 parent frame / English,reviewed ancient identity or anti-anachronism reconstruction,GEO-PROXY;installed:in_game/map_data/location_templates.txt,medium,"Reviewed AD 1 placement; modern, duplicate, or eponymic field label removed.",false
location,north_pacific_high_sea102,kamchatka_coast_province,sea,Karagin–Kamchatka Pacific Far-Western Reach,local geography / sourced AD 1 parent frame / English,reviewed ancient identity or anti-anachronism reconstruction,GEO-PROXY;installed:in_game/map_data/location_templates.txt,medium,"Reviewed AD 1 placement; modern, duplicate, or eponymic field label removed.",false
location,north_pacific_high_sea104,achava_coast_sea_province,sea,Eastern Itelmen West-Central Reach,local geography / sourced AD 1 parent frame / English,reviewed ancient identity or anti-anachronism reconstruction,GEO-PROXY;installed:in_game/map_data/location_templates.txt,medium,"Reviewed AD 1 placement; modern, duplicate, or eponymic field label removed.",false
location,north_pacific_high_sea105,achava_coast_sea_province,sea,Eastern Itelmen Northwestern Reach,local geography / sourced AD 1 parent frame / English,reviewed ancient identity or anti-anachronism reconstruction,GEO-PROXY;installed:in_game/map_data/location_templates.txt,medium,"Reviewed AD 1 placement; modern, duplicate, or eponymic field label removed.",false
location,north_pacific_high_sea108,achava_coast_sea_province,sea,Eastern Itelmen Northern Reach,local geography / sourced AD 1 parent frame / English,reviewed ancient identity or anti-anachronism reconstruction,GEO-PROXY;installed:in_game/map_data/location_templates.txt,medium,"Reviewed AD 1 placement; modern, duplicate, or eponymic field label removed.",false
location,north_pacific_high_sea11,unalaska_coast_sea_zones_province,sea,Aleutian Unimak–Sanak Far-Western Reach,local geography / sourced AD 1 parent frame / English,reviewed ancient identity or anti-anachronism reconstruction,GEO-PROXY;installed:in_game/map_data/location_templates.txt,medium,"Reviewed AD 1 placement; modern, duplicate, or eponymic field label removed.",false
location,north_pacific_high_sea13,unalaska_coast_sea_zones_province,sea,Aleutian Unimak–Sanak Western Reach,local geography / sourced AD 1 parent frame / English,reviewed ancient identity or anti-anachronism reconstruction,GEO-PROXY;installed:in_game/map_data/location_templates.txt,medium,"Reviewed AD 1 placement; modern, duplicate, or eponymic field label removed.",false
location,north_pacific_high_sea15,unalaska_coast_sea_zones_province,sea,Aleutian Unimak–Sanak West-Central Reach,local geography / sourced AD 1 parent frame / English,reviewed ancient identity or anti-anachronism reconstruction,GEO-PROXY;installed:in_game/map_data/location_templates.txt,medium,"Reviewed AD 1 placement; modern, duplicate, or eponymic field label removed.",false
location,north_pacific_high_sea17,unalaska_coast_sea_zones_province,sea,Aleutian Unimak–Sanak Northwestern Reach,local geography / sourced AD 1 parent frame / English,reviewed ancient identity or anti-anachronism reconstruction,GEO-PROXY;installed:in_game/map_data/location_templates.txt,medium,"Reviewed AD 1 placement; modern, duplicate, or eponymic field label removed.",false
location,north_pacific_high_sea19,unalaska_coast_sea_zones_province,sea,Aleutian Unimak–Sanak Northern Reach,local geography / sourced AD 1 parent frame / English,reviewed ancient identity or anti-anachronism reconstruction,GEO-PROXY;installed:in_game/map_data/location_templates.txt,medium,"Reviewed AD 1 placement; modern, duplicate, or eponymic field label removed.",false
location,north_pacific_high_sea2,tlingit_sea_zones_province,sea,Tlingit–Haida Inside-Passage Far-Western Reach,local geography / sourced AD 1 parent frame / English,reviewed ancient identity or anti-anachronism reconstruction,GEO-PROXY;installed:in_game/map_data/location_templates.txt,medium,"Reviewed AD 1 placement; modern, duplicate, or eponymic field label removed.",false
location,north_pacific_high_sea22,kaialigamiut_coast_sea_zones_province,sea,Kwiguk-Kuskokwim Far-Western Reach,local geography / sourced AD 1 parent frame / English,reviewed ancient identity or anti-anachronism reconstruction,GEO-PROXY;installed:in_game/map_data/location_templates.txt,medium,"Reviewed AD 1 placement; modern, duplicate, or eponymic field label removed.",false
location,north_pacific_high_sea23,kaialigamiut_coast_sea_zones_province,sea,Kwiguk-Kuskokwim Western Reach,local geography / sourced AD 1 parent frame / English,reviewed ancient identity or anti-anachronism reconstruction,GEO-PROXY;installed:in_game/map_data/location_templates.txt,medium,"Reviewed AD 1 placement; modern, duplicate, or eponymic field label removed.",false
location,north_pacific_high_sea24,bering_sea_zones_province,sea,Unangan-Aleutian Far-Western Reach,local geography / sourced AD 1 parent frame / English,reviewed ancient identity or anti-anachronism reconstruction,GEO-PROXY;installed:in_game/map_data/location_templates.txt,medium,"Reviewed AD 1 placement; modern, duplicate, or eponymic field label removed.",false
location,north_pacific_high_sea25,bering_sea_zones_province,sea,Unangan-Aleutian Western Reach,local geography / sourced AD 1 parent frame / English,reviewed ancient identity or anti-anachronism reconstruction,GEO-PROXY;installed:in_game/map_data/location_templates.txt,medium,"Reviewed AD 1 placement; modern, duplicate, or eponymic field label removed.",false
location,north_pacific_high_sea27,bering_sea_zones_province,sea,Unangan-Aleutian West-Central Reach,local geography / sourced AD 1 parent frame / English,reviewed ancient identity or anti-anachronism reconstruction,GEO-PROXY;installed:in_game/map_data/location_templates.txt,medium,"Reviewed AD 1 placement; modern, duplicate, or eponymic field label removed.",false
location,north_pacific_high_sea29,bering_sea_zones_province,sea,Unangan-Aleutian Northwestern Reach,local geography / sourced AD 1 parent frame / English,reviewed ancient identity or anti-anachronism reconstruction,GEO-PROXY;installed:in_game/map_data/location_templates.txt,medium,"Reviewed AD 1 placement; modern, duplicate, or eponymic field label removed.",false
location,north_pacific_high_sea31,bering_sea_zones_province,sea,Unangan-Aleutian Northern Reach,local geography / sourced AD 1 parent frame / English,reviewed ancient identity or anti-anachronism reconstruction,GEO-PROXY;installed:in_game/map_data/location_templates.txt,medium,"Reviewed AD 1 placement; modern, duplicate, or eponymic field label removed.",false
location,north_pacific_high_sea35,bering_sea_zones_province,sea,Unangan-Aleutian Northeastern Reach,local geography / sourced AD 1 parent frame / English,reviewed ancient identity or anti-anachronism reconstruction,GEO-PROXY;installed:in_game/map_data/location_templates.txt,medium,"Reviewed AD 1 placement; modern, duplicate, or eponymic field label removed.",false
location,north_pacific_high_sea37,kaialigamiut_coast_sea_zones_province,sea,Kwiguk-Kuskokwim West-Central Reach,local geography / sourced AD 1 parent frame / English,reviewed ancient identity or anti-anachronism reconstruction,GEO-PROXY;installed:in_game/map_data/location_templates.txt,medium,"Reviewed AD 1 placement; modern, duplicate, or eponymic field label removed.",false
location,north_pacific_high_sea40,kavagmiut_coast_sea_zones_province,sea,Qikiqtaġruk Peninsula Far-Western Reach,local geography / sourced AD 1 parent frame / English,reviewed ancient identity or anti-anachronism reconstruction,GEO-PROXY;installed:in_game/map_data/location_templates.txt,medium,"Reviewed AD 1 placement; modern, duplicate, or eponymic field label removed.",false
location,north_pacific_high_sea42,kavagmiut_coast_sea_zones_province,sea,Qikiqtaġruk Peninsula Western Reach,local geography / sourced AD 1 parent frame / English,reviewed ancient identity or anti-anachronism reconstruction,GEO-PROXY;installed:in_game/map_data/location_templates.txt,medium,"Reviewed AD 1 placement; modern, duplicate, or eponymic field label removed.",false
location,north_pacific_high_sea44,bering_sea_zones_province,sea,Unangan-Aleutian Central Reach,local geography / sourced AD 1 parent frame / English,reviewed ancient identity or anti-anachronism reconstruction,GEO-PROXY;installed:in_game/map_data/location_templates.txt,medium,"Reviewed AD 1 placement; modern, duplicate, or eponymic field label removed.",false
location,north_pacific_high_sea47,bering_sea_zones_province,sea,Unangan-Aleutian Southwestern Reach,local geography / sourced AD 1 parent frame / English,reviewed ancient identity or anti-anachronism reconstruction,GEO-PROXY;installed:in_game/map_data/location_templates.txt,medium,"Reviewed AD 1 placement; modern, duplicate, or eponymic field label removed.",false
location,north_pacific_high_sea5,denaina_coast_sea_zones_province,sea,Dena'ina–Kodiak Far-Western Reach,local geography / sourced AD 1 parent frame / English,reviewed ancient identity or anti-anachronism reconstruction,GEO-PROXY;installed:in_game/map_data/location_templates.txt,medium,"Reviewed AD 1 placement; modern, duplicate, or eponymic field label removed.",false
location,north_pacific_high_sea50,bering_sea_zones_province,sea,Unangan-Aleutian Southern Reach,local geography / sourced AD 1 parent frame / English,reviewed ancient identity or anti-anachronism reconstruction,GEO-PROXY;installed:in_game/map_data/location_templates.txt,medium,"Reviewed AD 1 placement; modern, duplicate, or eponymic field label removed.",false
location,north_pacific_high_sea52,bering_sea_zones_province,sea,Unangan-Aleutian Southeastern Reach,local geography / sourced AD 1 parent frame / English,reviewed ancient identity or anti-anachronism reconstruction,GEO-PROXY;installed:in_game/map_data/location_templates.txt,medium,"Reviewed AD 1 placement; modern, duplicate, or eponymic field label removed.",false
location,north_pacific_high_sea55,bering_sea_zones_province,sea,Unangan-Aleutian Eastern Reach,local geography / sourced AD 1 parent frame / English,reviewed ancient identity or anti-anachronism reconstruction,GEO-PROXY;installed:in_game/map_data/location_templates.txt,medium,"Reviewed AD 1 placement; modern, duplicate, or eponymic field label removed.",false
location,north_pacific_high_sea56,alutiiq_sea_zones_province,sea,Western Aleutian Unangan Far-Western Reach,local geography / sourced AD 1 parent frame / English,reviewed ancient identity or anti-anachronism reconstruction,GEO-PROXY;installed:in_game/map_data/location_templates.txt,medium,"Reviewed AD 1 placement; modern, duplicate, or eponymic field label removed.",false
location,north_pacific_high_sea59,alutiiq_sea_zones_province,sea,Western Aleutian Unangan Western Reach,local geography / sourced AD 1 parent frame / English,reviewed ancient identity or anti-anachronism reconstruction,GEO-PROXY;installed:in_game/map_data/location_templates.txt,medium,"Reviewed AD 1 placement; modern, duplicate, or eponymic field label removed.",false
location,north_pacific_high_sea6,denaina_coast_sea_zones_province,sea,Dena'ina–Kodiak Western Reach,local geography / sourced AD 1 parent frame / English,reviewed ancient identity or anti-anachronism reconstruction,GEO-PROXY;installed:in_game/map_data/location_templates.txt,medium,"Reviewed AD 1 placement; modern, duplicate, or eponymic field label removed.",false
location,north_pacific_high_sea63,alutiiq_sea_zones_province,sea,Western Aleutian Unangan West-Central Reach,local geography / sourced AD 1 parent frame / English,reviewed ancient identity or anti-anachronism reconstruction,GEO-PROXY;installed:in_game/map_data/location_templates.txt,medium,"Reviewed AD 1 placement; modern, duplicate, or eponymic field label removed.",false
location,north_pacific_high_sea64,alutiiq_sea_zones_province,sea,Western Aleutian Unangan Northwestern Reach,local geography / sourced AD 1 parent frame / English,reviewed ancient identity or anti-anachronism reconstruction,GEO-PROXY;installed:in_game/map_data/location_templates.txt,medium,"Reviewed AD 1 placement; modern, duplicate, or eponymic field label removed.",false
location,north_pacific_high_sea67,alutiiq_sea_zones_province,sea,Western Aleutian Unangan Northern Reach,local geography / sourced AD 1 parent frame / English,reviewed ancient identity or anti-anachronism reconstruction,GEO-PROXY;installed:in_game/map_data/location_templates.txt,medium,"Reviewed AD 1 placement; modern, duplicate, or eponymic field label removed.",false
location,north_pacific_high_sea69,alutiiq_sea_zones_province,sea,Western Aleutian Unangan Northeastern Reach,local geography / sourced AD 1 parent frame / English,reviewed ancient identity or anti-anachronism reconstruction,GEO-PROXY;installed:in_game/map_data/location_templates.txt,medium,"Reviewed AD 1 placement; modern, duplicate, or eponymic field label removed.",false
location,north_pacific_high_sea72,alutiiq_sea_zones_province,sea,Western Aleutian Unangan Central Reach,local geography / sourced AD 1 parent frame / English,reviewed ancient identity or anti-anachronism reconstruction,GEO-PROXY;installed:in_game/map_data/location_templates.txt,medium,"Reviewed AD 1 placement; modern, duplicate, or eponymic field label removed.",false
location,north_pacific_high_sea74,alutiiq_sea_zones_province,sea,Western Aleutian Unangan Southwestern Reach,local geography / sourced AD 1 parent frame / English,reviewed ancient identity or anti-anachronism reconstruction,GEO-PROXY;installed:in_game/map_data/location_templates.txt,medium,"Reviewed AD 1 placement; modern, duplicate, or eponymic field label removed.",false
location,north_pacific_high_sea75,alutiiq_sea_zones_province,sea,Western Aleutian Unangan Southern Reach,local geography / sourced AD 1 parent frame / English,reviewed ancient identity or anti-anachronism reconstruction,GEO-PROXY;installed:in_game/map_data/location_templates.txt,medium,"Reviewed AD 1 placement; modern, duplicate, or eponymic field label removed.",false
location,north_pacific_high_sea78,alutiiq_sea_zones_province,sea,Western Aleutian Unangan Southeastern Reach,local geography / sourced AD 1 parent frame / English,reviewed ancient identity or anti-anachronism reconstruction,GEO-PROXY;installed:in_game/map_data/location_templates.txt,medium,"Reviewed AD 1 placement; modern, duplicate, or eponymic field label removed.",false
location,north_pacific_high_sea8,denaina_coast_sea_zones_province,sea,Dena'ina–Kodiak West-Central Reach,local geography / sourced AD 1 parent frame / English,reviewed ancient identity or anti-anachronism reconstruction,GEO-PROXY;installed:in_game/map_data/location_templates.txt,medium,"Reviewed AD 1 placement; modern, duplicate, or eponymic field label removed.",false
location,north_pacific_high_sea81,achava_coast_sea_province,sea,Eastern Itelmen Far-Western Reach,local geography / sourced AD 1 parent frame / English,reviewed ancient identity or anti-anachronism reconstruction,GEO-PROXY;installed:in_game/map_data/location_templates.txt,medium,"Reviewed AD 1 placement; modern, duplicate, or eponymic field label removed.",false
location,north_pacific_high_sea84,achava_coast_sea_province,sea,Eastern Itelmen Western Reach,local geography / sourced AD 1 parent frame / English,reviewed ancient identity or anti-anachronism reconstruction,GEO-PROXY;installed:in_game/map_data/location_templates.txt,medium,"Reviewed AD 1 placement; modern, duplicate, or eponymic field label removed.",false
location,north_pacific_high_sea88,chukchi_coast_province,sea,Anadyr–Diomede Maritime Far-Western Reach,local geography / sourced AD 1 parent frame / English,reviewed ancient identity or anti-anachronism reconstruction,GEO-PROXY;installed:in_game/map_data/location_templates.txt,medium,"Reviewed AD 1 placement; modern, duplicate, or eponymic field label removed.",false
location,north_pacific_high_sea92,unazigmit_coast_sea_province,sea,Kresta–Khatyrka Unangan Far-Western Reach,local geography / sourced AD 1 parent frame / English,reviewed ancient identity or anti-anachronism reconstruction,GEO-PROXY;installed:in_game/map_data/location_templates.txt,medium,"Reviewed AD 1 placement; modern, duplicate, or eponymic field label removed.",false
location,north_pacific_high_sea93,unazigmit_coast_sea_province,sea,Kresta–Khatyrka Unangan Western Reach,local geography / sourced AD 1 parent frame / English,reviewed ancient identity or anti-anachronism reconstruction,GEO-PROXY;installed:in_game/map_data/location_templates.txt,medium,"Reviewed AD 1 placement; modern, duplicate, or eponymic field label removed.",false
location,north_pacific_high_sea96,koryak_coast_sea_province,sea,Pakhachi–Olyutor Northern-Pacific Far-Western Reach,local geography / sourced AD 1 parent frame / English,reviewed ancient identity or anti-anachronism reconstruction,GEO-PROXY;installed:in_game/map_data/location_templates.txt,medium,"Reviewed AD 1 placement; modern, duplicate, or eponymic field label removed.",false
location,north_pacific_ocean,pacific_north_equatorial_province,sea,Northern Tropical Outer Ocean,local geography / sourced AD 1 parent frame / English,reviewed ancient identity or anti-anachronism reconstruction,GEO-PROXY;installed:in_game/map_data/location_templates.txt,medium,"Reviewed AD 1 placement; modern, duplicate, or eponymic field label removed.",false
location,north_polynesian_sea,pacific_polynesia_province,sea,Northern Polynesian Great-Ocean Waters,local geography / sourced AD 1 parent frame / English,reviewed ancient identity or anti-anachronism reconstruction,GEO-PROXY;installed:in_game/map_data/location_templates.txt,medium,"Reviewed AD 1 placement; modern, duplicate, or eponymic field label removed.",false
location,north_pumpu,kilemba_province,land,Lualaba Pumpu Northlands,local geography / sourced AD 1 parent frame / English,reviewed ancient identity or anti-anachronism reconstruction,GEO-PROXY;installed:in_game/map_data/location_templates.txt,medium,"Reviewed AD 1 placement; modern, duplicate, or eponymic field label removed.",false
location,north_saint_vincent_gulf,pintigga_kooapudna_province_coast,sea,Kaurna Northern-Gulf Waters,local geography / sourced AD 1 parent frame / English,reviewed ancient identity or anti-anachronism reconstruction,GEO-PROXY;installed:in_game/map_data/location_templates.txt,medium,"Reviewed AD 1 placement; modern, duplicate, or eponymic field label removed.",false
location,north_sakuye,kutulo_province,land,Sakuye Tana Northlands,local geography / sourced AD 1 parent frame / English,reviewed ancient identity or anti-anachronism reconstruction,GEO-PROXY;installed:in_game/map_data/location_templates.txt,medium,"Reviewed AD 1 placement; modern, duplicate, or eponymic field label removed.",false
location,north_sea1,mercia_coastal_sea_zones_province,sea,Britannic Humber–Tamesis Far-Western Reach,local geography / sourced AD 1 parent frame / English,reviewed ancient identity or anti-anachronism reconstruction,GEO-PROXY;installed:in_game/map_data/location_templates.txt,medium,"Reviewed AD 1 placement; modern, duplicate, or eponymic field label removed.",false
location,north_sea10,northern_isles_sea_province,sea,Orcadian-Thulean Northwestern Bank,local geography / sourced AD 1 parent frame / English,reviewed ancient identity or anti-anachronism reconstruction,GEO-PROXY;installed:in_game/map_data/location_templates.txt,medium,"Reviewed AD 1 placement; modern, duplicate, or eponymic field label removed.",false
location,north_sea11,south_norwegian_coast,sea,Sogne–Hardanger Northwestern Reach,local geography / sourced AD 1 parent frame / English,reviewed ancient identity or anti-anachronism reconstruction,GEO-PROXY;installed:in_game/map_data/location_templates.txt,medium,"Reviewed AD 1 placement; modern, duplicate, or eponymic field label removed.",false
location,north_sea12,south_norwegian_coast,sea,Sogne–Hardanger Northern Reach,local geography / sourced AD 1 parent frame / English,reviewed ancient identity or anti-anachronism reconstruction,GEO-PROXY;installed:in_game/map_data/location_templates.txt,medium,"Reviewed AD 1 placement; modern, duplicate, or eponymic field label removed.",false
location,north_sea13,northern_isles_sea_province,sea,Orcadian-Thulean Southeastern Bank,local geography / sourced AD 1 parent frame / English,reviewed ancient identity or anti-anachronism reconstruction,GEO-PROXY;installed:in_game/map_data/location_templates.txt,medium,"Reviewed AD 1 placement; modern, duplicate, or eponymic field label removed.",false
location,north_sea2,danmark_coastal_sea_zones_province,sea,Cimbrian–Frisian Far-Western Reach,local geography / sourced AD 1 parent frame / English,reviewed ancient identity or anti-anachronism reconstruction,GEO-PROXY;installed:in_game/map_data/location_templates.txt,medium,"Reviewed AD 1 placement; modern, duplicate, or eponymic field label removed.",false
location,north_sea3,danmark_coastal_sea_zones_province,sea,Cimbrian–Frisian Western Reach,local geography / sourced AD 1 parent frame / English,reviewed ancient identity or anti-anachronism reconstruction,GEO-PROXY;installed:in_game/map_data/location_templates.txt,medium,"Reviewed AD 1 placement; modern, duplicate, or eponymic field label removed.",false
location,north_sea4,south_norwegian_coast,sea,Sogne–Hardanger Far-Western Reach,local geography / sourced AD 1 parent frame / English,reviewed ancient identity or anti-anachronism reconstruction,GEO-PROXY;installed:in_game/map_data/location_templates.txt,medium,"Reviewed AD 1 placement; modern, duplicate, or eponymic field label removed.",false
location,north_sea5,south_norwegian_coast,sea,Sogne–Hardanger Western Reach,local geography / sourced AD 1 parent frame / English,reviewed ancient identity or anti-anachronism reconstruction,GEO-PROXY;installed:in_game/map_data/location_templates.txt,medium,"Reviewed AD 1 placement; modern, duplicate, or eponymic field label removed.",false
location,north_sea6,danmark_coastal_sea_zones_province,sea,Cimbrian–Frisian West-Central Reach,local geography / sourced AD 1 parent frame / English,reviewed ancient identity or anti-anachronism reconstruction,GEO-PROXY;installed:in_game/map_data/location_templates.txt,medium,"Reviewed AD 1 placement; modern, duplicate, or eponymic field label removed.",false
location,north_sea7,mercia_coastal_sea_zones_province,sea,Britannic Humber–Tamesis Western Reach,local geography / sourced AD 1 parent frame / English,reviewed ancient identity or anti-anachronism reconstruction,GEO-PROXY;installed:in_game/map_data/location_templates.txt,medium,"Reviewed AD 1 placement; modern, duplicate, or eponymic field label removed.",false
location,north_sea8,south_norwegian_coast,sea,Sogne–Hardanger West-Central Reach,local geography / sourced AD 1 parent frame / English,reviewed ancient identity or anti-anachronism reconstruction,GEO-PROXY;installed:in_game/map_data/location_templates.txt,medium,"Reviewed AD 1 placement; modern, duplicate, or eponymic field label removed.",false
location,north_sea9,scotland_coastal_sea_zones_province,sea,Caledonii–Votadini Forth–Tay Far-Western Reach,local geography / sourced AD 1 parent frame / English,reviewed ancient identity or anti-anachronism reconstruction,GEO-PROXY;installed:in_game/map_data/location_templates.txt,medium,"Reviewed AD 1 placement; modern, duplicate, or eponymic field label removed.",false
location,north_shirima,upper_lurio_province,land,Azanian Lurio–Chilwa Lands: North Shirima Uplands,local geography / sourced AD 1 parent frame / English,ancient-parent local-feature construction,GEO-PROXY;installed:in_game/map_data/location_templates.txt,medium,AD 1 local label within the researched parent frame.,false
location,north_skanderna,kemi_lappmark_province,land,Sami Northern Scandes,local geography / sourced AD 1 parent frame / English,reviewed ancient identity or anti-anachronism reconstruction,GEO-PROXY;installed:in_game/map_data/location_templates.txt,medium,"Reviewed AD 1 placement; modern, duplicate, or eponymic field label removed.",false
location,north_spencer_gulf,pintigga_kooapudna_province_coast,sea,Pangkala Northern-Gulf Waters,local geography / sourced AD 1 parent frame / English,reviewed ancient identity or anti-anachronism reconstruction,GEO-PROXY;installed:in_game/map_data/location_templates.txt,medium,"Reviewed AD 1 placement; modern, duplicate, or eponymic field label removed.",false
location,north_terangganu_coast,kelantan_coast_sea_province,sea,Malay Terengganu Northern Waters,local geography / sourced AD 1 parent frame / English,reviewed ancient identity or anti-anachronism reconstruction,GEO-PROXY;installed:in_game/map_data/location_templates.txt,medium,"Reviewed AD 1 placement; modern, duplicate, or eponymic field label removed.",false
location,north_tihamah_coast,north_red_sea_province,sea,Arabian Tihamah Northern Waters,local geography / sourced AD 1 parent frame / English,reviewed ancient identity or anti-anachronism reconstruction,GEO-PROXY;installed:in_game/map_data/location_templates.txt,medium,"Reviewed AD 1 placement; modern, duplicate, or eponymic field label removed.",false
location,north_uist,hebridean_sea_province,sea,Ebudae Northern-Uist Waters,local geography / sourced AD 1 parent frame / English,reviewed ancient identity or anti-anachronism reconstruction,GEO-PROXY;installed:in_game/map_data/location_templates.txt,medium,"Reviewed AD 1 placement; modern, duplicate, or eponymic field label removed.",false
location,north_wembere,simivu_province,land,Wembere Northern Pastures,local geography / sourced AD 1 parent frame / English,reviewed ancient identity or anti-anachronism reconstruction,GEO-PROXY;installed:in_game/map_data/location_templates.txt,medium,"Reviewed AD 1 placement; modern, duplicate, or eponymic field label removed.",false
location,north_western_desert,minya_province,land,Heptanomian Western Desert,local geography / sourced AD 1 parent frame / English,reviewed ancient identity or anti-anachronism reconstruction,GEO-PROXY;installed:in_game/map_data/location_templates.txt,medium,"Reviewed AD 1 placement; modern, duplicate, or eponymic field label removed.",false
location,north_western_pacific1,japan_east_sea,sea,Eastern Wa Pacific Far-Western Reach,local geography / sourced AD 1 parent frame / English,reviewed ancient identity or anti-anachronism reconstruction,GEO-PROXY;installed:in_game/map_data/location_templates.txt,medium,"Reviewed AD 1 placement; modern, duplicate, or eponymic field label removed.",false
location,north_western_pacific10,chishima_islands,sea,Epi-Jōmon Kuril Western Reach,local geography / sourced AD 1 parent frame / English,reviewed ancient identity or anti-anachronism reconstruction,GEO-PROXY;installed:in_game/map_data/location_templates.txt,medium,"Reviewed AD 1 placement; modern, duplicate, or eponymic field label removed.",false
location,north_western_pacific13,kuril_islands,sea,Northern-Pacific Volcanic-Isle Far-Western Reach,local geography / sourced AD 1 parent frame / English,reviewed ancient identity or anti-anachronism reconstruction,GEO-PROXY;installed:in_game/map_data/location_templates.txt,medium,"Reviewed AD 1 placement; modern, duplicate, or eponymic field label removed.",false
location,north_western_pacific14,achava_coast_sea_province,sea,Eastern Itelmen Offshore Reach,local geography / sourced AD 1 parent frame / English,reviewed ancient identity or anti-anachronism reconstruction,GEO-PROXY;installed:in_game/map_data/location_templates.txt,medium,"Reviewed AD 1 placement; modern, duplicate, or eponymic field label removed.",false
location,north_western_pacific2,japan_east_sea,sea,Eastern Wa Pacific Western Reach,local geography / sourced AD 1 parent frame / English,reviewed ancient identity or anti-anachronism reconstruction,GEO-PROXY;installed:in_game/map_data/location_templates.txt,medium,"Reviewed AD 1 placement; modern, duplicate, or eponymic field label removed.",false
location,north_western_pacific3,japan_east_sea,sea,Eastern Wa Pacific West-Central Reach,local geography / sourced AD 1 parent frame / English,reviewed ancient identity or anti-anachronism reconstruction,GEO-PROXY;installed:in_game/map_data/location_templates.txt,medium,"Reviewed AD 1 placement; modern, duplicate, or eponymic field label removed.",false
location,north_western_pacific4,ou_coast_sea_province,sea,Emishi Oshima–Mutsu Far-Western Reach,local geography / sourced AD 1 parent frame / English,reviewed ancient identity or anti-anachronism reconstruction,GEO-PROXY;installed:in_game/map_data/location_templates.txt,medium,"Reviewed AD 1 placement; modern, duplicate, or eponymic field label removed.",false
location,north_western_pacific5,ou_coast_sea_province,sea,Emishi Oshima–Mutsu Western Reach,local geography / sourced AD 1 parent frame / English,reviewed ancient identity or anti-anachronism reconstruction,GEO-PROXY;installed:in_game/map_data/location_templates.txt,medium,"Reviewed AD 1 placement; modern, duplicate, or eponymic field label removed.",false
location,north_western_pacific6,hokkaidou_east_coast,sea,Epi-Jomon Tokachi–Nemuro Far-Western Reach,local geography / sourced AD 1 parent frame / English,reviewed ancient identity or anti-anachronism reconstruction,GEO-PROXY;installed:in_game/map_data/location_templates.txt,medium,"Reviewed AD 1 placement; modern, duplicate, or eponymic field label removed.",false
location,north_western_pacific7,hokkaidou_north_coast,sea,Epi-Jomon Shiretoko–Soya Far-Western Reach,local geography / sourced AD 1 parent frame / English,reviewed ancient identity or anti-anachronism reconstruction,GEO-PROXY;installed:in_game/map_data/location_templates.txt,medium,"Reviewed AD 1 placement; modern, duplicate, or eponymic field label removed.",false
location,north_western_pacific8,chishima_islands,sea,Epi-Jōmon Kuril Far-Western Reach,local geography / sourced AD 1 parent frame / English,reviewed ancient identity or anti-anachronism reconstruction,GEO-PROXY;installed:in_game/map_data/location_templates.txt,medium,"Reviewed AD 1 placement; modern, duplicate, or eponymic field label removed.",false
location,north_western_pyrenees,bearn_bigorre_province,land,Bigerrion Western Pyrenees,local geography / sourced AD 1 parent frame / English,reviewed ancient identity or anti-anachronism reconstruction,GEO-PROXY;installed:in_game/map_data/location_templates.txt,medium,"Reviewed AD 1 placement; modern, duplicate, or eponymic field label removed.",false
location,north_western_tenerife_coast,canary_island_coast,sea,Ninguaria Northwestern Waters,local geography / sourced AD 1 parent frame / English,reviewed ancient identity or anti-anachronism reconstruction,GEO-PROXY;installed:in_game/map_data/location_templates.txt,medium,"Reviewed AD 1 placement; modern, duplicate, or eponymic field label removed.",false
location,north_yao,upper_ruvuma_province,land,Azanian Yao Northlands,local geography / sourced AD 1 parent frame / English,reviewed ancient identity or anti-anachronism reconstruction,GEO-PROXY;installed:in_game/map_data/location_templates.txt,medium,"Reviewed AD 1 placement; modern, duplicate, or eponymic field label removed.",false
location,north_york_moors,north_riding_province,land,Brigantian Eboracum Moors,local geography / sourced AD 1 parent frame / English,reviewed ancient identity or anti-anachronism reconstruction,GEO-PROXY;installed:in_game/map_data/location_templates.txt,medium,"Reviewed AD 1 placement; modern, duplicate, or eponymic field label removed.",false
location,northampton,northamptonshire_province,land,Catuvellaunian Nene Lands,local geography / sourced AD 1 parent frame / English,reviewed ancient identity or anti-anachronism reconstruction,GEO-PROXY;installed:in_game/map_data/location_templates.txt,medium,"Reviewed AD 1 placement; modern, duplicate, or eponymic field label removed.",false
location,northern_arctic_uplands,thaolintoa_province,land,Dorset Kazan Uplands,local geography / sourced AD 1 parent frame / English,reviewed ancient identity or anti-anachronism reconstruction,GEO-PROXY;installed:in_game/map_data/location_templates.txt,medium,"Reviewed AD 1 placement; modern, duplicate, or eponymic field label removed.",false
location,northern_bohai_bay,bohai_sea_province,sea,Yan-Qi Northern Bohai Waters,local geography / sourced AD 1 parent frame / English,reviewed ancient identity or anti-anachronism reconstruction,GEO-PROXY;installed:in_game/map_data/location_templates.txt,medium,"Reviewed AD 1 placement; modern, duplicate, or eponymic field label removed.",false
location,northern_daqing_lakes,lower_non_province,lake,Xianbei Northern Nen Lakes,local geography / sourced AD 1 parent frame / English,reviewed ancient identity or anti-anachronism reconstruction,GEO-PROXY;installed:in_game/map_data/location_templates.txt,medium,"Reviewed AD 1 placement; modern, duplicate, or eponymic field label removed.",false
location,northern_ethiopian_mountains,bazin_province,land,Aksumite Barka Highlands,local geography / sourced AD 1 parent frame / English,reviewed ancient identity or anti-anachronism reconstruction,GEO-PROXY;installed:in_game/map_data/location_templates.txt,medium,"Reviewed AD 1 placement; modern, duplicate, or eponymic field label removed.",false
location,northern_fuerteventura_coast,canary_island_coast,sea,Canarian Erbania Northern Waters,local geography / sourced AD 1 parent frame / English,reviewed ancient identity or anti-anachronism reconstruction,GEO-PROXY;installed:in_game/map_data/location_templates.txt,medium,"Reviewed AD 1 placement; modern, duplicate, or eponymic field label removed.",false
location,northern_lake_huron,lake_huron_province,sea,Manitoulin Northern Waters,local geography / sourced AD 1 parent frame / English,reviewed ancient identity or anti-anachronism reconstruction,GEO-PROXY;installed:in_game/map_data/location_templates.txt,medium,"Reviewed AD 1 placement; modern, duplicate, or eponymic field label removed.",false
location,northern_mergui_archipelago,tenasserim_coast_province,sea,Golden-Chersonese Northern-Isle Waters,local geography / sourced AD 1 parent frame / English,reviewed ancient identity or anti-anachronism reconstruction,GEO-PROXY;installed:in_game/map_data/location_templates.txt,medium,"Reviewed AD 1 placement; modern, duplicate, or eponymic field label removed.",false
location,northern_notre_dame_mountains,rimouski_province,land,Wolastoq Northern-Appalachian Highlands,local geography / sourced AD 1 parent frame / English,reviewed ancient identity or anti-anachronism reconstruction,GEO-PROXY;installed:in_game/map_data/location_templates.txt,medium,"Reviewed AD 1 placement; modern, duplicate, or eponymic field label removed.",false
location,northern_sakhalin_bay,amur_coast_sea_zones_province,sea,Yilou Northern-Sakhalin Waters,local geography / sourced AD 1 parent frame / English,reviewed ancient identity or anti-anachronism reconstruction,GEO-PROXY;installed:in_game/map_data/location_templates.txt,medium,"Reviewed AD 1 placement; modern, duplicate, or eponymic field label removed.",false
location,northern_sinai_desert1,al_jifar_province,land,Rhinocolura Western-Sinai Desert,local geography / sourced AD 1 parent frame / English,reviewed ancient identity or anti-anachronism reconstruction,GEO-PROXY;installed:in_game/map_data/location_templates.txt,medium,"Reviewed AD 1 placement; modern, duplicate, or eponymic field label removed.",false
location,northern_sinai_desert2,al_jifar_province,land,Casius Eastern-Sinai Desert,local geography / sourced AD 1 parent frame / English,reviewed ancient identity or anti-anachronism reconstruction,GEO-PROXY;installed:in_game/map_data/location_templates.txt,medium,"Reviewed AD 1 placement; modern, duplicate, or eponymic field label removed.",false
location,northern_tedemait,touggourt_province,land,Gaetulian Northern Tedemait,local geography / sourced AD 1 parent frame / English,reviewed ancient identity or anti-anachronism reconstruction,GEO-PROXY;installed:in_game/map_data/location_templates.txt,medium,"Reviewed AD 1 placement; modern, duplicate, or eponymic field label removed.",false
location,northern_tenerife_coast2,canary_island_coast,sea,Ninguaria Northern Waters,local geography / sourced AD 1 parent frame / English,reviewed ancient identity or anti-anachronism reconstruction,GEO-PROXY;installed:in_game/map_data/location_templates.txt,medium,"Reviewed AD 1 placement; modern, duplicate, or eponymic field label removed.",false
location,northern_trucial_coast,julfar_coastal_sea_zones_province,sea,Omana Northern-Hormuz Waters,local geography / sourced AD 1 parent frame / English,reviewed ancient identity or anti-anachronism reconstruction,GEO-PROXY;installed:in_game/map_data/location_templates.txt,medium,"Reviewed AD 1 placement; modern, duplicate, or eponymic field label removed.",false
location,northumberland_strait,prince_edward_island_sea_zones_province,sea,Abegweit-Pictou Strait Shore,local geography / sourced AD 1 parent frame / English,reviewed ancient identity or anti-anachronism reconstruction,GEO-PROXY;installed:in_game/map_data/location_templates.txt,medium,"Reviewed AD 1 placement; modern, duplicate, or eponymic field label removed.",false
location,northumbrian_coast,scotland_coastal_sea_zones_province,sea,Votadinian Tyne-Coast Waters,local geography / sourced AD 1 parent frame / English,reviewed ancient identity or anti-anachronism reconstruction,GEO-PROXY;installed:in_game/map_data/location_templates.txt,medium,"Reviewed AD 1 placement; modern, duplicate, or eponymic field label removed.",false
location,northway,nabesna_province,land,Kehtthiign,local geography / sourced AD 1 parent frame / English,reviewed ancient identity or anti-anachronism reconstruction,GEO-PROXY;installed:in_game/map_data/location_templates.txt,medium,"Reviewed AD 1 placement; modern, duplicate, or eponymic field label removed.",false
location,northwestern_passage,nunavik_sea_zones_province,sea,Dorset Ungava Western Passage,local geography / sourced AD 1 parent frame / English,reviewed ancient identity or anti-anachronism reconstruction,GEO-PROXY;installed:in_game/map_data/location_templates.txt,medium,"Reviewed AD 1 placement; modern, duplicate, or eponymic field label removed.",false
location,norton,east_riding_province,land,Parisi Petuaria Lands,local geography / sourced AD 1 parent frame / English,reviewed ancient identity or anti-anachronism reconstruction,GEO-PROXY;installed:in_game/map_data/location_templates.txt,medium,"Reviewed AD 1 placement; modern, duplicate, or eponymic field label removed.",false
location,norton_bay,kavagmiut_coast_sea_zones_province,sea,Kavagmiut Southern-Bay Waters,local geography / sourced AD 1 parent frame / English,reviewed ancient identity or anti-anachronism reconstruction,GEO-PROXY;installed:in_game/map_data/location_templates.txt,medium,"Reviewed AD 1 placement; modern, duplicate, or eponymic field label removed.",false
location,norway_wasteland_a,hedmark_province,land,North-Germanic Glomma Highlands,local geography / sourced AD 1 parent frame / English,reviewed ancient identity or anti-anachronism reconstruction,GEO-PROXY;installed:in_game/map_data/location_templates.txt,medium,"Reviewed AD 1 placement; modern, duplicate, or eponymic field label removed.",false
location,norway_wasteland_b,oppland_province,land,North-Germanic Rondane Highlands,local geography / sourced AD 1 parent frame / English,reviewed ancient identity or anti-anachronism reconstruction,GEO-PROXY;installed:in_game/map_data/location_templates.txt,medium,"Reviewed AD 1 placement; modern, duplicate, or eponymic field label removed.",false
location,norway_wasteland_c,sogn_province,land,North-Germanic Sogne Highlands,local geography / sourced AD 1 parent frame / English,reviewed ancient identity or anti-anachronism reconstruction,GEO-PROXY;installed:in_game/map_data/location_templates.txt,medium,"Reviewed AD 1 placement; modern, duplicate, or eponymic field label removed.",false
location,norwegian_sea,icelandic_coast_province,sea,Thulean Northern Ocean Waters,local geography / sourced AD 1 parent frame / English,reviewed ancient identity or anti-anachronism reconstruction,GEO-PROXY;installed:in_game/map_data/location_templates.txt,medium,"Reviewed AD 1 placement; modern, duplicate, or eponymic field label removed.",false
location,norwegian_sea10,northern_isles_sea_province,sea,Orcadian-Thulean Western Deep,local geography / sourced AD 1 parent frame / English,reviewed ancient identity or anti-anachronism reconstruction,GEO-PROXY;installed:in_game/map_data/location_templates.txt,medium,"Reviewed AD 1 placement; modern, duplicate, or eponymic field label removed.",false
location,norwegian_sea13,northern_isles_sea_province,sea,Orcadian-Thulean Eastern Deep,local geography / sourced AD 1 parent frame / English,reviewed ancient identity or anti-anachronism reconstruction,GEO-PROXY;installed:in_game/map_data/location_templates.txt,medium,"Reviewed AD 1 placement; modern, duplicate, or eponymic field label removed.",false
location,norwegian_sea14,nordland_coast_province,sea,Western-Norwegian Fjord Far-Western Reach,local geography / sourced AD 1 parent frame / English,reviewed ancient identity or anti-anachronism reconstruction,GEO-PROXY;installed:in_game/map_data/location_templates.txt,medium,"Reviewed AD 1 placement; modern, duplicate, or eponymic field label removed.",false
location,norwegian_sea16,nordland_coast_province,sea,Western-Norwegian Fjord Western Reach,local geography / sourced AD 1 parent frame / English,reviewed ancient identity or anti-anachronism reconstruction,GEO-PROXY;installed:in_game/map_data/location_templates.txt,medium,"Reviewed AD 1 placement; modern, duplicate, or eponymic field label removed.",false
location,norwegian_sea18,finnmark_coast_province,sea,Hålogaland–Sápmi Far-Western Reach,local geography / sourced AD 1 parent frame / English,reviewed ancient identity or anti-anachronism reconstruction,GEO-PROXY;installed:in_game/map_data/location_templates.txt,medium,"Reviewed AD 1 placement; modern, duplicate, or eponymic field label removed.",false
location,norwegian_sea20,finnmark_coast_province,sea,Hålogaland–Sápmi Western Reach,local geography / sourced AD 1 parent frame / English,reviewed ancient identity or anti-anachronism reconstruction,GEO-PROXY;installed:in_game/map_data/location_templates.txt,medium,"Reviewed AD 1 placement; modern, duplicate, or eponymic field label removed.",false
location,norwegian_sea22,finnmark_coast_province,sea,Hålogaland–Sápmi West-Central Reach,local geography / sourced AD 1 parent frame / English,reviewed ancient identity or anti-anachronism reconstruction,GEO-PROXY;installed:in_game/map_data/location_templates.txt,medium,"Reviewed AD 1 placement; modern, duplicate, or eponymic field label removed.",false
location,norwegian_sea7,iceland_sea_province,sea,Outer East of Thule Far-Western Reach,local geography / sourced AD 1 parent frame / English,reviewed ancient identity or anti-anachronism reconstruction,GEO-PROXY;installed:in_game/map_data/location_templates.txt,medium,"Reviewed AD 1 placement; modern, duplicate, or eponymic field label removed.",false
location,norwegian_sea8,icelandic_coast_province,sea,Thulean Western Approach Waters,local geography / sourced AD 1 parent frame / English,reviewed ancient identity or anti-anachronism reconstruction,GEO-PROXY;installed:in_game/map_data/location_templates.txt,medium,"Reviewed AD 1 placement; modern, duplicate, or eponymic field label removed.",false
location,norwich,norfolk_province,land,Venta Icenorum,local geography / sourced AD 1 parent frame / English,reviewed ancient identity or anti-anachronism reconstruction,GEO-PROXY;installed:in_game/map_data/location_templates.txt,medium,"Reviewed AD 1 placement; modern, duplicate, or eponymic field label removed.",false
location,nosbonsing,nipissing_province,land,Nipissing–Wemitigoj Woodland: Nosbonsing Hills,local geography / sourced AD 1 parent frame / English,ancient-parent local-feature construction,GEO-PROXY;installed:in_game/map_data/location_templates.txt,medium,AD 1 local label within the researched parent frame.,false
location,nosy_ampela,menabe_province,land,Malagasy Tsiribihina Isle,local geography / sourced AD 1 parent frame / English,reviewed ancient identity or anti-anachronism reconstruction,GEO-PROXY;installed:in_game/map_data/location_templates.txt,medium,"Reviewed AD 1 placement; modern, duplicate, or eponymic field label removed.",false
location,nosy_bali,ambongo_province,land,Malagasy Northwestern Isle,local geography / sourced AD 1 parent frame / English,reviewed ancient identity or anti-anachronism reconstruction,GEO-PROXY;installed:in_game/map_data/location_templates.txt,medium,"Reviewed AD 1 placement; modern, duplicate, or eponymic field label removed.",false
location,nosy_be,iboina_province,land,Malagasy Boeny Isle,local geography / sourced AD 1 parent frame / English,reviewed ancient identity or anti-anachronism reconstruction,GEO-PROXY;installed:in_game/map_data/location_templates.txt,medium,"Reviewed AD 1 placement; modern, duplicate, or eponymic field label removed.",false
location,notameohmeshehse,itkanaahtuusu_province,land,Little Missouri–Yellowstone: Notameohmeshehse Hills,local geography / sourced AD 1 parent frame / English,ancient-parent local-feature construction,GEO-PROXY;installed:in_game/map_data/location_templates.txt,medium,AD 1 local label within the researched parent frame.,false
location,notinito_sipiy,notinito_sipiy_province,land,North-Saskatchewan Plains: Notinito Sipiy Uplands,local geography / sourced AD 1 parent frame / English,ancient-parent local-feature construction,GEO-PROXY;installed:in_game/map_data/location_templates.txt,medium,AD 1 local label within the researched parent frame.,false
location,notiskuan,minganie_province,land,Point-Revenge Mingan–Natashquan: Notiskuan Lands,local geography / sourced AD 1 parent frame / English,ancient-parent local-feature construction,GEO-PROXY;installed:in_game/map_data/location_templates.txt,medium,AD 1 local label within the researched parent frame.,false
location,noto,noto_province,land,Neaition,local geography / sourced AD 1 parent frame / English,reviewed Pleiades ancient settlement identity,https://pleiades.stoa.org/places/462388,medium,Period-valid ancient settlement placed on the reviewed engine field.,false
location,noto_coast,sea_of_japan,sea,Wa Noto Coastal Waters,local geography / sourced AD 1 parent frame / English,reviewed ancient identity or anti-anachronism reconstruction,GEO-PROXY;installed:in_game/map_data/location_templates.txt,medium,"Reviewed AD 1 placement; modern, duplicate, or eponymic field label removed.",false
location,noto_jap,noto_japan_province,land,Yayoi Noto Peninsula,local geography / sourced AD 1 parent frame / English,reviewed ancient identity or anti-anachronism reconstruction,GEO-PROXY;installed:in_game/map_data/location_templates.txt,medium,"Reviewed AD 1 placement; modern, duplicate, or eponymic field label removed.",false
location,noto_ussuri,smaller_ussuri_province,land,Yilou Ussuri Lands,local geography / sourced AD 1 parent frame / English,reviewed ancient identity or anti-anachronism reconstruction,GEO-PROXY;installed:in_game/map_data/location_templates.txt,medium,"Reviewed AD 1 placement; modern, duplicate, or eponymic field label removed.",false
location,notoro_cape,hokkaidou_north_coast,sea,Epi-Jomon Notoro-Cape Waters,local geography / sourced AD 1 parent frame / English,reviewed ancient identity or anti-anachronism reconstruction,GEO-PROXY;installed:in_game/map_data/location_templates.txt,medium,"Reviewed AD 1 placement; modern, duplicate, or eponymic field label removed.",false
location,notre_dame_bay,akilasiewakik_coast_sea_province,sea,Dorset Northern-Island Bay,local geography / sourced AD 1 parent frame / English,reviewed ancient identity or anti-anachronism reconstruction,GEO-PROXY;installed:in_game/map_data/location_templates.txt,medium,"Reviewed AD 1 placement; modern, duplicate, or eponymic field label removed.",false
location,notre_dame_channel,akilasiewakik_coast_sea_province,sea,Dorset Northern-Island Channel,local geography / sourced AD 1 parent frame / English,reviewed ancient identity or anti-anachronism reconstruction,GEO-PROXY;installed:in_game/map_data/location_templates.txt,medium,"Reviewed AD 1 placement; modern, duplicate, or eponymic field label removed.",false
location,notse,ewe_province,land,Ewe Volta–Mono Forest,local geography / sourced AD 1 parent frame / English,reviewed ancient identity or anti-anachronism reconstruction,GEO-PROXY;installed:in_game/map_data/location_templates.txt,medium,"Reviewed AD 1 placement; modern, duplicate, or eponymic field label removed.",false
location,notsuke,nemuro_province,land,Epi-Jomon Nemuro Coast,local geography / sourced AD 1 parent frame / English,reviewed ancient identity or anti-anachronism reconstruction,GEO-PROXY;installed:in_game/map_data/location_templates.txt,medium,"Reviewed AD 1 placement; modern, duplicate, or eponymic field label removed.",false
location,nottaway,nottaway_province,land,Nottaway–Waswanipi Woodland: Nottaway Wetlands,local geography / sourced AD 1 parent frame / English,ancient-parent local-feature construction,GEO-PROXY;installed:in_game/map_data/location_templates.txt,medium,AD 1 local label within the researched parent frame.,false
location,nottingham,nottinghamshire_province,land,Margidunum,local geography / sourced AD 1 parent frame / English,reviewed ancient identity or anti-anachronism reconstruction,GEO-PROXY;installed:in_game/map_data/location_templates.txt,medium,"Reviewed AD 1 placement; modern, duplicate, or eponymic field label removed.",false
location,notukeu,wazihe_province,land,Qu'Appelle–Notukeu Woodland: Notukeu Uplands,local geography / sourced AD 1 parent frame / English,ancient-parent local-feature construction,GEO-PROXY;installed:in_game/map_data/location_templates.txt,medium,AD 1 local label within the researched parent frame.,false
location,nouakchott,arguin_province,land,Arguin Coastal Dunes,local geography / sourced AD 1 parent frame / English,reviewed ancient identity or anti-anachronism reconstruction,GEO-PROXY;installed:in_game/map_data/location_templates.txt,medium,"Reviewed AD 1 placement; modern, duplicate, or eponymic field label removed.",false
location,nouakchott_coast,sahel_coast_province,sea,Gaetulian Arguin Waters,local geography / sourced AD 1 parent frame / English,reviewed ancient identity or anti-anachronism reconstruction,GEO-PROXY;installed:in_game/map_data/location_templates.txt,medium,"Reviewed AD 1 placement; modern, duplicate, or eponymic field label removed.",false
location,nouamghar,arguin_province,land,Arguin Littoral Lands,local geography / sourced AD 1 parent frame / English,reviewed ancient identity or anti-anachronism reconstruction,GEO-PROXY;installed:in_game/map_data/location_templates.txt,medium,"Reviewed AD 1 placement; modern, duplicate, or eponymic field label removed.",false
location,noul_lamta,sus_province,land,Autololian Noul Lands,local geography / sourced AD 1 parent frame / English,reviewed ancient identity or anti-anachronism reconstruction,GEO-PROXY;installed:in_game/map_data/location_templates.txt,medium,"Reviewed AD 1 placement; modern, duplicate, or eponymic field label removed.",false
location,nounkonkan,bure_province,land,Milo–Upper Niger Iron Lands: Nounkounkan Territory,local geography / sourced AD 1 parent frame / English,ancient-parent local-feature construction,GEO-PROXY;installed:in_game/map_data/location_templates.txt,medium,AD 1 local label within the researched parent frame.,false
location,nova_friburgo,mokaie_province,land,Southeastern Puri Paraiba Forest,local geography / sourced AD 1 parent frame / English,reviewed ancient identity or anti-anachronism reconstruction,GEO-PROXY;installed:in_game/map_data/location_templates.txt,medium,"Reviewed AD 1 placement; modern, duplicate, or eponymic field label removed.",false
location,novara,novara_province,land,Novaria,local geography / sourced AD 1 parent frame / English,reviewed Pleiades ancient settlement identity,https://pleiades.stoa.org/places/383717,medium,Period-valid ancient settlement placed on the reviewed engine field.,false
location,novaya_lyalya,kushva_province,land,Trans-Ural Lyalya Forest,local geography / sourced AD 1 parent frame / English,reviewed ancient identity or anti-anachronism reconstruction,GEO-PROXY;installed:in_game/map_data/location_templates.txt,medium,"Reviewed AD 1 placement; modern, duplicate, or eponymic field label removed.",false
location,novaya_pokrovka,voronezh_province,land,Sarmatian Voronezh Lands,local geography / sourced AD 1 parent frame / English,reviewed ancient identity or anti-anachronism reconstruction,GEO-PROXY;installed:in_game/map_data/location_templates.txt,medium,"Reviewed AD 1 placement; modern, duplicate, or eponymic field label removed.",false
location,novgorod,volkhovskaya_province,land,Finnic Volkhov-Ladoga Lands,local geography / sourced AD 1 parent frame / English,reviewed ancient identity or anti-anachronism reconstruction,GEO-PROXY;installed:in_game/map_data/location_templates.txt,medium,"Reviewed AD 1 placement; modern, duplicate, or eponymic field label removed.",false
location,novhorod_siverskyi,novhorod_siverskyi_province,land,Zarubintsy Upper-Desna Lands,local geography / sourced AD 1 parent frame / English,reviewed ancient identity or anti-anachronism reconstruction,GEO-PROXY;installed:in_game/map_data/location_templates.txt,medium,"Reviewed AD 1 placement; modern, duplicate, or eponymic field label removed.",false
location,novi,alessandria_province,land,Statiellic Dertona Lands,local geography / sourced AD 1 parent frame / English,reviewed ancient identity or anti-anachronism reconstruction,GEO-PROXY;installed:in_game/map_data/location_templates.txt,medium,"Reviewed AD 1 placement; modern, duplicate, or eponymic field label removed.",false
location,novigrad,north_dalmatia_province,land,Liburnian Adriatic March,local geography / sourced AD 1 parent frame / English,reviewed ancient identity or anti-anachronism reconstruction,GEO-PROXY;installed:in_game/map_data/location_templates.txt,medium,"Reviewed AD 1 placement; modern, duplicate, or eponymic field label removed.",false
location,novita,choco_province,land,Choco Atrato Rainforest,local geography / sourced AD 1 parent frame / English,reviewed ancient identity or anti-anachronism reconstruction,GEO-PROXY;installed:in_game/map_data/location_templates.txt,medium,"Reviewed AD 1 placement; modern, duplicate, or eponymic field label removed.",false
location,novo_alexandrovskoye,privolnoye_province,land,Siracian Upper-Kuban Steppe,local geography / sourced AD 1 parent frame / English,reviewed ancient identity or anti-anachronism reconstruction,GEO-PROXY;installed:in_game/map_data/location_templates.txt,medium,"Reviewed AD 1 placement; modern, duplicate, or eponymic field label removed.",false
location,novo_brdo,kosovo_province,land,Dardanian Kosovo Highlands,local geography / sourced AD 1 parent frame / English,reviewed ancient identity or anti-anachronism reconstruction,GEO-PROXY;installed:in_game/map_data/location_templates.txt,medium,"Reviewed AD 1 placement; modern, duplicate, or eponymic field label removed.",false
location,novo_mesto,lower_carniola_province,land,Carnian Lower-Carniola Lands,local geography / sourced AD 1 parent frame / English,reviewed ancient identity or anti-anachronism reconstruction,GEO-PROXY;installed:in_game/map_data/location_templates.txt,medium,"Reviewed AD 1 placement; modern, duplicate, or eponymic field label removed.",false
location,novoaidar,luhan_province,land,Aorsi Aidar-Donets Lands,local geography / sourced AD 1 parent frame / English,reviewed ancient identity or anti-anachronism reconstruction,GEO-PROXY;installed:in_game/map_data/location_templates.txt,medium,"Reviewed AD 1 placement; modern, duplicate, or eponymic field label removed.",false
location,novoanninsky,mikhaylovka_province,land,Aorsi Upper-Medveditsa Lands,local geography / sourced AD 1 parent frame / English,reviewed ancient identity or anti-anachronism reconstruction,GEO-PROXY;installed:in_game/map_data/location_templates.txt,medium,"Reviewed AD 1 placement; modern, duplicate, or eponymic field label removed.",false
location,novogrudok,novogrudok_province,land,Zarubintsy Neman Uplands,local geography / sourced AD 1 parent frame / English,reviewed ancient identity or anti-anachronism reconstruction,GEO-PROXY;installed:in_game/map_data/location_templates.txt,medium,"Reviewed AD 1 placement; modern, duplicate, or eponymic field label removed.",false
location,novohrad_volynskyi,zviahel_province,land,Zarubintsy Upper-Sluch Lands,local geography / sourced AD 1 parent frame / English,reviewed ancient identity or anti-anachronism reconstruction,GEO-PROXY;installed:in_game/map_data/location_templates.txt,medium,"Reviewed AD 1 placement; modern, duplicate, or eponymic field label removed.",false
location,novonikolayevsky,yelan_province,land,Northwestern Aorsi Ilovlya Steppe,local geography / sourced AD 1 parent frame / English,reviewed ancient identity or anti-anachronism reconstruction,GEO-PROXY;installed:in_game/map_data/location_templates.txt,medium,"Reviewed AD 1 placement; modern, duplicate, or eponymic field label removed.",false
location,novopavlovsk,majar_province,land,Siracian Kuma Steppe,local geography / sourced AD 1 parent frame / English,reviewed ancient identity or anti-anachronism reconstruction,GEO-PROXY;installed:in_game/map_data/location_templates.txt,medium,"Reviewed AD 1 placement; modern, duplicate, or eponymic field label removed.",false
location,novopskov,bielska_sloboda_province,land,Aorsi Aidar Northlands,local geography / sourced AD 1 parent frame / English,reviewed ancient identity or anti-anachronism reconstruction,GEO-PROXY;installed:in_game/map_data/location_templates.txt,medium,"Reviewed AD 1 placement; modern, duplicate, or eponymic field label removed.",false
location,novoselitskoye,majar_province,land,Siracian Caucasus Steppe,local geography / sourced AD 1 parent frame / English,reviewed ancient identity or anti-anachronism reconstruction,GEO-PROXY;installed:in_game/map_data/location_templates.txt,medium,"Reviewed AD 1 placement; modern, duplicate, or eponymic field label removed.",false
location,novosil,novosil_province,land,Upper-Oka Eastern Forest Settlements,local geography / sourced AD 1 parent frame / English,reviewed ancient identity or anti-anachronism reconstruction,GEO-PROXY;installed:in_game/map_data/location_templates.txt,medium,"Reviewed AD 1 placement; modern, duplicate, or eponymic field label removed.",false
location,novosyolovo,novosyolovo_province,land,Tashtyk Chulym-Yenisei Lands,local geography / sourced AD 1 parent frame / English,reviewed ancient identity or anti-anachronism reconstruction,GEO-PROXY;installed:in_game/map_data/location_templates.txt,medium,"Reviewed AD 1 placement; modern, duplicate, or eponymic field label removed.",false
location,novy_bykhaw,mogilev_province,land,Upper-Dnieper Lower-Sozh Lands,local geography / sourced AD 1 parent frame / English,reviewed ancient identity or anti-anachronism reconstruction,GEO-PROXY;installed:in_game/map_data/location_templates.txt,medium,"Reviewed AD 1 placement; modern, duplicate, or eponymic field label removed.",false
location,novye_burasy,saratov_province,land,Sarmatian Rha-Tereska Steppe,local geography / sourced AD 1 parent frame / English,reviewed ancient identity or anti-anachronism reconstruction,GEO-PROXY;installed:in_game/map_data/location_templates.txt,medium,"Reviewed AD 1 placement; modern, duplicate, or eponymic field label removed.",false
location,nowdezh,minab_province,land,Anamis Carmanian Littoral: Nowdezh Hills,local geography / sourced AD 1 parent frame / English,ancient-parent local-feature construction,GEO-PROXY;installed:in_game/map_data/location_templates.txt,medium,AD 1 local label within the researched parent frame.,false
location,nowe,tuchola_province,land,Early-Wielbark Vistula Lands,local geography / sourced AD 1 parent frame / English,reviewed ancient identity or anti-anachronism reconstruction,GEO-PROXY;installed:in_game/map_data/location_templates.txt,medium,"Reviewed AD 1 placement; modern, duplicate, or eponymic field label removed.",false
location,nowogard,stettin_province,land,Rugian Oder-Lagoon Lands,local geography / sourced AD 1 parent frame / English,reviewed ancient identity or anti-anachronism reconstruction,GEO-PROXY;installed:in_game/map_data/location_templates.txt,medium,"Reviewed AD 1 placement; modern, duplicate, or eponymic field label removed.",false
location,nowoszczecin,koslin_province,land,Wielbark Parsenta Hinterland,local geography / sourced AD 1 parent frame / English,reviewed ancient identity or anti-anachronism reconstruction,GEO-PROXY;installed:in_game/map_data/location_templates.txt,medium,"Reviewed AD 1 placement; modern, duplicate, or eponymic field label removed.",false
location,nowrangapur,kalahandi_garjat,land,Mahakantara Koraput Uplands,local geography / sourced AD 1 parent frame / English,reviewed ancient identity or anti-anachronism reconstruction,GEO-PROXY;installed:in_game/map_data/location_templates.txt,medium,"Reviewed AD 1 placement; modern, duplicate, or eponymic field label removed.",false
location,nowy_sacz,nowy_sacz_province,land,Przeworsk Dunajec Lands,local geography / sourced AD 1 parent frame / English,reviewed ancient identity or anti-anachronism reconstruction,GEO-PROXY;installed:in_game/map_data/location_templates.txt,medium,"Reviewed AD 1 placement; modern, duplicate, or eponymic field label removed.",false
location,nowy_targ,nowy_sacz_province,land,Przeworsk Upper-Poprad Lands,local geography / sourced AD 1 parent frame / English,reviewed ancient identity or anti-anachronism reconstruction,GEO-PROXY;installed:in_game/map_data/location_templates.txt,medium,"Reviewed AD 1 placement; modern, duplicate, or eponymic field label removed.",false
location,noya,santiago_province,land,Callaecian Minius Coast,local geography / sourced AD 1 parent frame / English,reviewed ancient identity or anti-anachronism reconstruction,GEO-PROXY;installed:in_game/map_data/location_templates.txt,medium,"Reviewed AD 1 placement; modern, duplicate, or eponymic field label removed.",false
location,noyon,soissonais_province,land,Noviomagus Veromanduorum,local geography / sourced AD 1 parent frame / English,reviewed ancient identity or anti-anachronism reconstruction,GEO-PROXY;installed:in_game/map_data/location_templates.txt,medium,"Reviewed AD 1 placement; modern, duplicate, or eponymic field label removed.",false
location,noyon_uul,khara_khoto_province,land,Xiongnu Juyan Highland,local geography / sourced AD 1 parent frame / English,reviewed ancient identity or anti-anachronism reconstruction,GEO-PROXY;installed:in_game/map_data/location_templates.txt,medium,"Reviewed AD 1 placement; modern, duplicate, or eponymic field label removed.",false
location,noyuo,tumyat_province,land,Proto-Yukaghir Olenyok–Lena: Noyuo Lands,local geography / sourced AD 1 parent frame / English,ancient-parent local-feature construction,GEO-PROXY;installed:in_game/map_data/location_templates.txt,medium,AD 1 local label within the researched parent frame.,false
location,nozza,brescia_province,land,Cenomanian Brixian Highlands,local geography / sourced AD 1 parent frame / English,reviewed ancient identity or anti-anachronism reconstruction,GEO-PROXY;installed:in_game/map_data/location_templates.txt,medium,"Reviewed AD 1 placement; modern, duplicate, or eponymic field label removed.",false
location,nsolu,mbamba_province,land,Dande–Lower-Kwanza Early-Iron: Nsolu Lands,local geography / sourced AD 1 parent frame / English,ancient-parent local-feature construction,GEO-PROXY;installed:in_game/map_data/location_templates.txt,medium,AD 1 local label within the researched parent frame.,false
location,nsukka,enugu_province,land,Nsukka–Lejja Iron Lands: Nsukka Hills,local geography / sourced AD 1 parent frame / English,ancient-parent local-feature construction,GEO-PROXY;installed:in_game/map_data/location_templates.txt,medium,AD 1 local label within the researched parent frame.,false
location,ntenke,upper_moshiko_province,land,Lualaba–Lufira Early-Iron Lands: Ntenke Uplands,local geography / sourced AD 1 parent frame / English,ancient-parent local-feature construction,GEO-PROXY;installed:in_game/map_data/location_templates.txt,medium,AD 1 local label within the researched parent frame.,false
location,ntiltxitk,arrow_lakes_province,land,Sinixt Nch’i-Wána Highlands: Ntiltxitk Montane Country,local geography / sourced AD 1 parent frame / English,ancient-parent local-feature construction,GEO-PROXY;installed:in_game/map_data/location_templates.txt,medium,AD 1 local label within the researched parent frame.,false
location,ntshekane,umhlanga_province,land,Thukela–Umgeni Hunter-Herder: Ntshekane Hills,local geography / sourced AD 1 parent frame / English,ancient-parent local-feature construction,GEO-PROXY;installed:in_game/map_data/location_templates.txt,medium,AD 1 local label within the researched parent frame.,false
location,ntsoana_tsatsi,ntsoana_tsatsi_province,land,Vaal–Caledon Hunter-Herder Lands: Ntsoana Tsatsi Hills,local geography / sourced AD 1 parent frame / English,ancient-parent local-feature construction,GEO-PROXY;installed:in_game/map_data/location_templates.txt,medium,AD 1 local label within the researched parent frame.,false
location,ntsweng,mosega_province,land,Limpopo–Kalahari Pastoral: Ntsweng Uplands,local geography / sourced AD 1 parent frame / English,ancient-parent local-feature construction,GEO-PROXY;installed:in_game/map_data/location_templates.txt,medium,AD 1 local label within the researched parent frame.,false
location,nuba_sud,kordofan_province,land,Nuba Kordofan Iron Lands,local geography / sourced AD 1 parent frame / English,reviewed ancient identity or anti-anachronism reconstruction,GEO-PROXY;installed:in_game/map_data/location_templates.txt,medium,"Reviewed AD 1 placement; modern, duplicate, or eponymic field label removed.",false
location,nube_flan,tututepec_province,land,Chatino–Mixtec Tututepec–Juquila: Nube flan Highlands,local geography / sourced AD 1 parent frame / English,ancient-parent local-feature construction,GEO-PROXY;installed:in_game/map_data/location_templates.txt,medium,AD 1 local label within the researched parent frame.,false
location,nubzur,setha_province,land,Qiangic Upper-Dadu Lands: Nubzur Highlands,local geography / sourced AD 1 parent frame / English,ancient-parent local-feature construction,GEO-PROXY;installed:in_game/map_data/location_templates.txt,medium,AD 1 local label within the researched parent frame.,false
location,nuchiu,central_nuchiu_province,land,Uinta–Tavaputs Lands: Nuchiu Uplands,local geography / sourced AD 1 parent frame / English,ancient-parent local-feature construction,GEO-PROXY;installed:in_game/map_data/location_templates.txt,medium,AD 1 local label within the researched parent frame.,false
location,nuchiu_range,west_nuchiu_province,land,Nuchiu Wasatch Highlands,local geography / sourced AD 1 parent frame / English,reviewed ancient identity or anti-anachronism reconstruction,GEO-PROXY;installed:in_game/map_data/location_templates.txt,medium,"Reviewed AD 1 placement; modern, duplicate, or eponymic field label removed.",false
location,nuciiq,sugpiap_province,land,Sugpiaq–Kenai Maritime Lands: Nuciiq Hills,local geography / sourced AD 1 parent frame / English,ancient-parent local-feature construction,GEO-PROXY;installed:in_game/map_data/location_templates.txt,medium,AD 1 local label within the researched parent frame.,false
location,nudarcha,nodaway_province,land,Nodaway–Missouri Woodland: Nudarcha Lands,local geography / sourced AD 1 parent frame / English,ancient-parent local-feature construction,GEO-PROXY;installed:in_game/map_data/location_templates.txt,medium,AD 1 local label within the researched parent frame.,false
location,nudo_zempoaltepetl,tochtepec_province,land,Epi-Olmec Zempoaltepetl Highlands,local geography / sourced AD 1 parent frame / English,reviewed ancient identity or anti-anachronism reconstruction,GEO-PROXY;installed:in_game/map_data/location_templates.txt,medium,"Reviewed AD 1 placement; modern, duplicate, or eponymic field label removed.",false
location,nueltin,thaolintoa_province,land,Dorset Kazan–Dubawnt Tundra: Nueltin Wetlands,local geography / sourced AD 1 parent frame / English,ancient-parent local-feature construction,GEO-PROXY;installed:in_game/map_data/location_templates.txt,medium,AD 1 local label within the researched parent frame.,false
location,nuevo_gulf,puelmapu_sea_zones_province,sea,Tehuelche Atlantic Gulf,local geography / sourced AD 1 parent frame / English,reviewed ancient identity or anti-anachronism reconstruction,GEO-PROXY;installed:in_game/map_data/location_templates.txt,medium,"Reviewed AD 1 placement; modern, duplicate, or eponymic field label removed.",false
location,nui_atoll,tuvalu_province,land,Nui Reef Atoll,local geography / sourced AD 1 parent frame / English,reviewed ancient identity or anti-anachronism reconstruction,GEO-PROXY;installed:in_game/map_data/location_templates.txt,medium,"Reviewed AD 1 placement; modern, duplicate, or eponymic field label removed.",false
location,nui_coast_1,tuvalu_coastal_sea_zones_province,sea,Nui Western Waters,local geography / sourced AD 1 parent frame / English,reviewed ancient identity or anti-anachronism reconstruction,GEO-PROXY;installed:in_game/map_data/location_templates.txt,medium,"Reviewed AD 1 placement; modern, duplicate, or eponymic field label removed.",false
location,nui_coast_2,tuvalu_coastal_sea_zones_province,sea,Nui Eastern Waters,local geography / sourced AD 1 parent frame / English,reviewed ancient identity or anti-anachronism reconstruction,GEO-PROXY;installed:in_game/map_data/location_templates.txt,medium,"Reviewed AD 1 placement; modern, duplicate, or eponymic field label removed.",false
location,nuigalak_lake,unaligmiut_province,lake,Unaligmiut Nuigalak Lake,local geography / sourced AD 1 parent frame / English,reviewed ancient identity or anti-anachronism reconstruction,GEO-PROXY;installed:in_game/map_data/location_templates.txt,medium,"Reviewed AD 1 placement; modern, duplicate, or eponymic field label removed.",false
location,nuka,bingo_province,land,Western-Kibi Highlands,local geography / sourced AD 1 parent frame / English,reviewed ancient identity or anti-anachronism reconstruction,GEO-PROXY;installed:in_game/map_data/location_templates.txt,medium,"Reviewed AD 1 placement; modern, duplicate, or eponymic field label removed.",false
location,nukamkiajijk,placentia_province,land,Cow-Head Placentia–Avalon Lands: Nukamkia'ji'jk Hills,local geography / sourced AD 1 parent frame / English,ancient-parent local-feature construction,GEO-PROXY;installed:in_game/map_data/location_templates.txt,medium,AD 1 local label within the researched parent frame.,false
location,nukanobu,rikuou_province,land,Emishi Tsugaru Lands,local geography / sourced AD 1 parent frame / English,reviewed ancient identity or anti-anachronism reconstruction,GEO-PROXY;installed:in_game/map_data/location_templates.txt,medium,"Reviewed AD 1 placement; modern, duplicate, or eponymic field label removed.",false
location,nuket,chach_province,land,Chach Fanakat Lands,local geography / sourced AD 1 parent frame / English,reviewed ancient identity or anti-anachronism reconstruction,GEO-PROXY;installed:in_game/map_data/location_templates.txt,medium,"Reviewed AD 1 placement; modern, duplicate, or eponymic field label removed.",false
location,nuku_hiva,te_henua_enana_province,land,Henua-Enana Nuku-Hiva Isle,local geography / sourced AD 1 parent frame / English,reviewed ancient identity or anti-anachronism reconstruction,GEO-PROXY;installed:in_game/map_data/location_templates.txt,medium,"Reviewed AD 1 placement; modern, duplicate, or eponymic field label removed.",false
location,nukufetau_atoll,tuvalu_province,land,Nukufetau Reef Atoll,local geography / sourced AD 1 parent frame / English,reviewed ancient identity or anti-anachronism reconstruction,GEO-PROXY;installed:in_game/map_data/location_templates.txt,medium,"Reviewed AD 1 placement; modern, duplicate, or eponymic field label removed.",false
location,nukumanu_atoll,bougainville_province,land,Nukumanu Reef Atoll,local geography / sourced AD 1 parent frame / English,reviewed ancient identity or anti-anachronism reconstruction,GEO-PROXY;installed:in_game/map_data/location_templates.txt,medium,"Reviewed AD 1 placement; modern, duplicate, or eponymic field label removed.",false
location,nukumanu_coast_1,bougainville_coastal_sea_zones_province,sea,Nukumanu Western Waters,local geography / sourced AD 1 parent frame / English,reviewed ancient identity or anti-anachronism reconstruction,GEO-PROXY;installed:in_game/map_data/location_templates.txt,medium,"Reviewed AD 1 placement; modern, duplicate, or eponymic field label removed.",false
location,nukumanu_coast_2,bougainville_coastal_sea_zones_province,sea,Nukumanu Eastern Waters,local geography / sourced AD 1 parent frame / English,reviewed ancient identity or anti-anachronism reconstruction,GEO-PROXY;installed:in_game/map_data/location_templates.txt,medium,"Reviewed AD 1 placement; modern, duplicate, or eponymic field label removed.",false
location,nukumanu_high_sea_1,bougainville_coastal_sea_zones_province,sea,Nukumanu Northwestern Outer Waters,local geography / sourced AD 1 parent frame / English,reviewed ancient identity or anti-anachronism reconstruction,GEO-PROXY;installed:in_game/map_data/location_templates.txt,medium,"Reviewed AD 1 placement; modern, duplicate, or eponymic field label removed.",false
location,nukumanu_high_sea_2,bougainville_coastal_sea_zones_province,sea,Nukumanu Southeastern Outer Waters,local geography / sourced AD 1 parent frame / English,reviewed ancient identity or anti-anachronism reconstruction,GEO-PROXY;installed:in_game/map_data/location_templates.txt,medium,"Reviewed AD 1 placement; modern, duplicate, or eponymic field label removed.",false
location,nukunonu_atoll,tokelau_province,land,Nukunonu Reef Atoll,local geography / sourced AD 1 parent frame / English,reviewed ancient identity or anti-anachronism reconstruction,GEO-PROXY;installed:in_game/map_data/location_templates.txt,medium,"Reviewed AD 1 placement; modern, duplicate, or eponymic field label removed.",false
location,nukunu,narangga_province,land,Narungga–Kaurna Gulf Lands: Nukunu Hills,local geography / sourced AD 1 parent frame / English,ancient-parent local-feature construction,GEO-PROXY;installed:in_game/map_data/location_templates.txt,medium,AD 1 local label within the researched parent frame.,false
location,nukutavake,nukutavake_province,land,Nukutavake Eastern Atoll,local geography / sourced AD 1 parent frame / English,reviewed ancient identity or anti-anachronism reconstruction,GEO-PROXY;installed:in_game/map_data/location_templates.txt,medium,"Reviewed AD 1 placement; modern, duplicate, or eponymic field label removed.",false
location,nukutavake_coast,tuamotu_coastal_sea_zones_province,sea,Nukutavake Outer Waters,local geography / sourced AD 1 parent frame / English,reviewed ancient identity or anti-anachronism reconstruction,GEO-PROXY;installed:in_game/map_data/location_templates.txt,medium,"Reviewed AD 1 placement; modern, duplicate, or eponymic field label removed.",false
location,nullabor,nawu_tidni_province_coast,sea,Mirning Southern-Bight Waters,local geography / sourced AD 1 parent frame / English,reviewed ancient identity or anti-anachronism reconstruction,GEO-PROXY;installed:in_game/map_data/location_templates.txt,medium,"Reviewed AD 1 placement; modern, duplicate, or eponymic field label removed.",false
location,numaniyyah,bataih_province,land,Nufar,local geography / sourced AD 1 parent frame / English,reviewed Pleiades ancient settlement identity,https://pleiades.stoa.org/places/912910,medium,Period-valid ancient settlement placed on the reviewed engine field.,false
location,numaykoos,numaykoos_province,land,Laurel Missinipi–Reindeer: Numaykoos Wetlands,local geography / sourced AD 1 parent frame / English,ancient-parent local-feature construction,GEO-PROXY;installed:in_game/map_data/location_templates.txt,medium,AD 1 local label within the researched parent frame.,false
location,numbulwar_shore,wilingura_province_coast,sea,Yanyuwa Numbulwar-Shore Waters,local geography / sourced AD 1 parent frame / English,reviewed ancient identity or anti-anachronism reconstruction,GEO-PROXY;installed:in_game/map_data/location_templates.txt,medium,"Reviewed AD 1 placement; modern, duplicate, or eponymic field label removed.",false
location,numedal,buskerud_province,land,Raumarici Numedal Valley,local geography / sourced AD 1 parent frame / English,reviewed ancient identity or anti-anachronism reconstruction,GEO-PROXY;installed:in_game/map_data/location_templates.txt,medium,"Reviewed AD 1 placement; modern, duplicate, or eponymic field label removed.",false
location,numee,kanaky_province,land,Kanak Numee Coastlands,local geography / sourced AD 1 parent frame / English,reviewed ancient identity or anti-anachronism reconstruction,GEO-PROXY;installed:in_game/map_data/location_templates.txt,medium,"Reviewed AD 1 placement; modern, duplicate, or eponymic field label removed.",false
location,nunainguk,nunatsiavut_province,land,Dorset Torngat–Okak Coastlands: Nunainguk Hills,local geography / sourced AD 1 parent frame / English,ancient-parent local-feature construction,GEO-PROXY;installed:in_game/map_data/location_templates.txt,medium,AD 1 local label within the researched parent frame.,false
location,nunalla,wapusk_province,land,Lower Missinipi–Wapusk Shield: Nunalla Wetlands,local geography / sourced AD 1 parent frame / English,ancient-parent local-feature construction,GEO-PROXY;installed:in_game/map_data/location_templates.txt,medium,AD 1 local label within the researched parent frame.,false
location,nunam_iqua_cove,kaialigamiut_coast_sea_zones_province,sea,Yupik Nunam-Iqua Cove Waters,local geography / sourced AD 1 parent frame / English,reviewed ancient identity or anti-anachronism reconstruction,GEO-PROXY;installed:in_game/map_data/location_templates.txt,medium,"Reviewed AD 1 placement; modern, duplicate, or eponymic field label removed.",false
location,nunapichuq,kaialigamiut_province,land,Yupik Nunapichuq Wetlands,local geography / sourced AD 1 parent frame / English,reviewed ancient identity or anti-anachronism reconstruction,GEO-PROXY;installed:in_game/map_data/location_templates.txt,medium,"Reviewed AD 1 placement; modern, duplicate, or eponymic field label removed.",false
location,nunatonowago,nunatonowago_province,land,Laurel Hayes–Gods-Lake Lands: Nunatonowago Territory,local geography / sourced AD 1 parent frame / English,ancient-parent local-feature construction,GEO-PROXY;installed:in_game/map_data/location_templates.txt,medium,AD 1 local label within the researched parent frame.,false
location,nunavakanak_lake,unaligmiut_province,lake,Unaligmiut Nunavakanak Lake,local geography / sourced AD 1 parent frame / English,reviewed ancient identity or anti-anachronism reconstruction,GEO-PROXY;installed:in_game/map_data/location_templates.txt,medium,"Reviewed AD 1 placement; modern, duplicate, or eponymic field label removed.",false
location,nunavakpak_lake,kaialigamiut_province,lake,Yupik Nunavakpak Lake,local geography / sourced AD 1 parent frame / English,reviewed ancient identity or anti-anachronism reconstruction,GEO-PROXY;installed:in_game/map_data/location_templates.txt,medium,"Reviewed AD 1 placement; modern, duplicate, or eponymic field label removed.",false
location,nunavut_lakes,coppermine_province,lake,Copper-Inuit Tundra Lakes,local geography / sourced AD 1 parent frame / English,reviewed ancient identity or anti-anachronism reconstruction,GEO-PROXY;installed:in_game/map_data/location_templates.txt,medium,"Reviewed AD 1 placement; modern, duplicate, or eponymic field label removed.",false
location,nunavut_uplands,coppermine_province,land,Copper-Inuit Tundra Uplands,local geography / sourced AD 1 parent frame / English,reviewed ancient identity or anti-anachronism reconstruction,GEO-PROXY;installed:in_game/map_data/location_templates.txt,medium,"Reviewed AD 1 placement; modern, duplicate, or eponymic field label removed.",false
location,nunggubuyu,ngalakan_province,land,Ngalkbun–Rembarrnga Country: Nunggubuyu Lands,local geography / sourced AD 1 parent frame / English,ancient-parent local-feature construction,GEO-PROXY;installed:in_game/map_data/location_templates.txt,medium,AD 1 local label within the researched parent frame.,false
location,nungu,nungu_province,land,Pendjari–Oti Lands: Nungu Territory,local geography / sourced AD 1 parent frame / English,ancient-parent local-feature construction,GEO-PROXY;installed:in_game/map_data/location_templates.txt,medium,AD 1 local label within the researched parent frame.,false
location,nunkolo,timor_province,land,Timor–Roti Lands: Nunkolo Hills,local geography / sourced AD 1 parent frame / English,ancient-parent local-feature construction,GEO-PROXY;installed:in_game/map_data/location_templates.txt,medium,AD 1 local label within the researched parent frame.,false
location,nunligran,west_peninsula_province,land,Anadyr–Chukchi Peninsula Tundra: Nunlygran Hills,local geography / sourced AD 1 parent frame / English,ancient-parent local-feature construction,GEO-PROXY;installed:in_game/map_data/location_templates.txt,medium,AD 1 local label within the researched parent frame.,false
location,nunnanen,torne_lappmark_province,land,Sámi Torne–Käsivarsi Lands: Nunnanen Wetlands,local geography / sourced AD 1 parent frame / English,ancient-parent local-feature construction,GEO-PROXY;installed:in_game/map_data/location_templates.txt,medium,AD 1 local label within the researched parent frame.,false
location,nunu,east_lekumu_province,land,Mai-Ndombe–Fimi Rainforest: Nunu Lands,local geography / sourced AD 1 parent frame / English,ancient-parent local-feature construction,GEO-PROXY;installed:in_game/map_data/location_templates.txt,medium,AD 1 local label within the researched parent frame.,false
location,nunura,xllang_province,land,Tumbes–Chira Valleys: Nunura Lands,local geography / sourced AD 1 parent frame / English,ancient-parent local-feature construction,GEO-PROXY;installed:in_game/map_data/location_templates.txt,medium,AD 1 local label within the researched parent frame.,false
location,nunusaku,seram_province,land,Seram Island: Nunusaku Lands,local geography / sourced AD 1 parent frame / English,ancient-parent local-feature construction,GEO-PROXY;installed:in_game/map_data/location_templates.txt,medium,AD 1 local label within the researched parent frame.,false
