granularity,key,parent,kind,ad1_name,language,method,source,confidence,note,unchanged_verified
location,borovsk,mozhaysk_province,land,Moskva Protva Dyakovo Amber,local geography / sourced AD 1 parent frame / English,sourced-parent local-feature construction,GEO-PROXY;installed:in_game/map_data/location_templates.txt,medium,Location-specific AD 1 label within its sourced parent frame.,false
location,borsod,heves_province,land,Cotini Osi Matra Loess Glen,local geography / sourced AD 1 parent frame / English,sourced-parent local-feature construction,GEO-PROXY;installed:in_game/map_data/location_templates.txt,medium,Location-specific AD 1 label within its sourced parent frame.,false
location,bortala,bortala_province,land,Wusun Borohoro Ebi Bracken,local geography / sourced AD 1 parent frame / English,sourced-parent local-feature construction,GEO-PROXY;installed:in_game/map_data/location_templates.txt,medium,Location-specific AD 1 label within its sourced parent frame.,false
location,boruca,boruca_province,land,Diquís Chiriquí Maya Lava,local geography / sourced AD 1 parent frame / English,sourced-parent local-feature construction,GEO-PROXY;installed:in_game/map_data/location_templates.txt,medium,Location-specific AD 1 label within its sourced parent frame.,false
location,borujen,deh_kord_province,land,Uxian Zagros Passes Alder,local geography / sourced AD 1 parent frame / English,sourced-parent local-feature construction,GEO-PROXY;installed:in_game/map_data/location_templates.txt,medium,Location-specific AD 1 label within its sourced parent frame.,false
location,borujerd,borujerd_province,land,Elymaian Median Zagros Pine,local geography / sourced AD 1 parent frame / English,sourced-parent local-feature construction,GEO-PROXY;installed:in_game/map_data/location_templates.txt,medium,Location-specific AD 1 label within its sourced parent frame.,false
location,borulakh,upper_amga_province,land,Boruulaax Aldan–Amga Plain,local geography / sourced AD 1 parent frame / English,sourced-parent local-feature construction,GEO-PROXY;installed:in_game/map_data/location_templates.txt,medium,Location-specific AD 1 label within its sourced parent frame.,false
location,boruma,luangwa_province,land,Luangwa Zambezi Kafue Karst,local geography / sourced AD 1 parent frame / English,sourced-parent local-feature construction,GEO-PROXY;installed:in_game/map_data/location_templates.txt,medium,Location-specific AD 1 label within its sourced parent frame.,false
location,borun,urucu_province,land,Mucuri Jequitinhonha Ceramic,local geography / sourced AD 1 parent frame / English,sourced-parent local-feature construction,GEO-PROXY;installed:in_game/map_data/location_templates.txt,medium,Location-specific AD 1 label within its sourced parent frame.,false
location,boruy,sliven_province,land,Cabyle Augusta Traiana,local geography / sourced AD 1 parent frame / English,sourced-parent local-feature construction,GEO-PROXY;installed:in_game/map_data/location_templates.txt,medium,Location-specific AD 1 label within its sourced parent frame.,false
location,boryeong,hongju_province,land,Mahan Samhan Lelang Lava,local geography / sourced AD 1 parent frame / English,sourced-parent local-feature construction,GEO-PROXY;installed:in_game/map_data/location_templates.txt,medium,Location-specific AD 1 label within its sourced parent frame.,false
location,boryspil,pereiaslav_province,land,Zarubintsy Dnieper Desna Reed,local geography / sourced AD 1 parent frame / English,sourced-parent local-feature construction,GEO-PROXY;installed:in_game/map_data/location_templates.txt,medium,Location-specific AD 1 label within its sourced parent frame.,false
location,bosa,logudoro_province,land,Ilienses Balares Sardinia,local geography / sourced AD 1 parent frame / English,sourced-parent local-feature construction,GEO-PROXY;installed:in_game/map_data/location_templates.txt,medium,Location-specific AD 1 label within its sourced parent frame.,false
location,bosa_colombia,chunsa_province,land,Bogotá Herrera Magdalena Lava,local geography / sourced AD 1 parent frame / English,sourced-parent local-feature construction,GEO-PROXY;installed:in_game/map_data/location_templates.txt,medium,Location-specific AD 1 label within its sourced parent frame.,false
location,bosaso,maakhir_province,land,Mosylon Opone Cape Sage Scrub,local geography / sourced AD 1 parent frame / English,sourced-parent local-feature construction,GEO-PROXY;installed:in_game/map_data/location_templates.txt,medium,Location-specific AD 1 label within its sourced parent frame.,false
location,boseong,suncheon_province,land,Seomjin Mahan Coast Cedar,local geography / sourced AD 1 parent frame / English,sourced-parent local-feature construction,GEO-PROXY;installed:in_game/map_data/location_templates.txt,medium,Location-specific AD 1 label within its sourced parent frame.,false
location,boseongbu,gyeongju_province,land,Jinhan Saro Yeongil Hazel,local geography / sourced AD 1 parent frame / English,sourced-parent local-feature construction,GEO-PROXY;installed:in_game/map_data/location_templates.txt,medium,Location-specific AD 1 label within its sourced parent frame.,false
location,boshruyeh,turaythith_province,land,Parthian Quhistan Toun,local geography / sourced AD 1 parent frame / English,sourced-parent local-feature construction,GEO-PROXY;installed:in_game/map_data/location_templates.txt,medium,Location-specific AD 1 label within its sourced parent frame.,false
location,bosobolo,boali_province,land,Ubangi Sangha Uele Loess,local geography / sourced AD 1 parent frame / English,sourced-parent local-feature construction,GEO-PROXY;installed:in_game/map_data/location_templates.txt,medium,Location-specific AD 1 label within its sourced parent frame.,false
location,bosphorus,bulgaria_coast_sea_province,sea,Pontus Euxinus Asia Pearl,local geography / sourced AD 1 parent frame / English,sourced-parent local-feature construction,GEO-PROXY;installed:in_game/map_data/location_templates.txt,medium,Location-specific AD 1 label within its sourced parent frame.,false
location,bosra,hawran_province,land,Auranitis Bostra Syria Alder,local geography / sourced AD 1 parent frame / English,sourced-parent local-feature construction,GEO-PROXY;installed:in_game/map_data/location_templates.txt,medium,Location-specific AD 1 label within its sourced parent frame.,false
location,bossa,sidamo_province,land,Omo Gibe Blue Heather,local geography / sourced AD 1 parent frame / English,sourced-parent local-feature construction,GEO-PROXY;installed:in_game/map_data/location_templates.txt,medium,Location-specific AD 1 label within its sourced parent frame.,false
location,bost,bost_province,land,Helmand Cypress Moor,local geography / sourced AD 1 parent frame / English,sourced-parent local-feature construction,GEO-PROXY;installed:in_game/map_data/location_templates.txt,medium,Location-specific AD 1 label within its sourced parent frame.,false
location,bosten,karasahr_province,land,Yanqi Oasis Xiyu Basalt,local geography / sourced AD 1 parent frame / English,sourced-parent local-feature construction,GEO-PROXY;installed:in_game/map_data/location_templates.txt,medium,Location-specific AD 1 label within its sourced parent frame.,false
location,bosten_lake,karasahr_province,land,Yanqi Oasis Xiyu Fern Shelf,local geography / sourced AD 1 parent frame / English,sourced-parent local-feature construction,GEO-PROXY;installed:in_game/map_data/location_templates.txt,medium,Location-specific AD 1 label within its sourced parent frame.,false
location,boston,lincolnshire_province,land,Corieltauvi Lindum Cornovii,local geography / sourced AD 1 parent frame / English,sourced-parent local-feature construction,GEO-PROXY;installed:in_game/map_data/location_templates.txt,medium,Location-specific AD 1 label within its sourced parent frame.,false
location,bosutswe,motloutse_province,land,Motloutse Limpopo Shashe Peat,local geography / sourced AD 1 parent frame / English,sourced-parent local-feature construction,GEO-PROXY;installed:in_game/map_data/location_templates.txt,medium,Location-specific AD 1 label within its sourced parent frame.,false
location,bosworth,leicestershire_province,land,Corieltauvi Ratae Cornovii,local geography / sourced AD 1 parent frame / English,sourced-parent local-feature construction,GEO-PROXY;installed:in_game/map_data/location_templates.txt,medium,Location-specific AD 1 label within its sourced parent frame.,false
location,botany_bay,dharug_bombala_province_coast,sea,Eora Yuin Malagasy Islandward,local geography / sourced AD 1 parent frame / English,sourced-parent local-feature construction,GEO-PROXY;installed:in_game/map_data/location_templates.txt,medium,Location-specific AD 1 label within its sourced parent frame.,false
location,botiangin_cape,manus_coastal_sea_zones_province,sea,Manus Lou Papuan Saltwind,local geography / sourced AD 1 parent frame / English,sourced-parent local-feature construction,GEO-PROXY;installed:in_game/map_data/location_templates.txt,medium,Location-specific AD 1 label within its sourced parent frame.,false
location,botkul,bolkhuny_province,land,Rha Caspian Sarmatian Elm,local geography / sourced AD 1 parent frame / English,sourced-parent local-feature construction,GEO-PROXY;installed:in_game/map_data/location_templates.txt,medium,Location-specific AD 1 label within its sourced parent frame.,false
location,botolan,pampanga_province,land,Pampanga Zambales Metal,local geography / sourced AD 1 parent frame / English,sourced-parent local-feature construction,GEO-PROXY;installed:in_game/map_data/location_templates.txt,medium,Location-specific AD 1 label within its sourced parent frame.,false
location,botou,say_province,land,Gorouol Sirba Niger Loess,local geography / sourced AD 1 parent frame / English,sourced-parent local-feature construction,GEO-PROXY;installed:in_game/map_data/location_templates.txt,medium,Location-specific AD 1 label within its sourced parent frame.,false
location,botucatu,piquiri_province,land,Ybytyra-katu Lands,local geography / sourced AD 1 parent frame / English,sourced-parent local-feature construction,GEO-PROXY;installed:in_game/map_data/location_templates.txt,medium,Location-specific AD 1 label within its sourced parent frame.,false
location,bou_hajla,qabisa_province,land,Tacapae Thaenae Byzacena,local geography / sourced AD 1 parent frame / English,sourced-parent local-feature construction,GEO-PROXY;installed:in_game/map_data/location_templates.txt,medium,Location-specific AD 1 label within its sourced parent frame.,false
location,bou_saada,hodna_province,land,Numidian Chott Hodna Sage,local geography / sourced AD 1 parent frame / English,sourced-parent local-feature construction,GEO-PROXY;installed:in_game/map_data/location_templates.txt,medium,Location-specific AD 1 label within its sourced parent frame.,false
location,bouake,baoule_province,land,Bandama Sassandra,local geography / sourced AD 1 parent frame / English,sourced-parent local-feature construction,GEO-PROXY;installed:in_game/map_data/location_templates.txt,medium,Location-specific AD 1 label within its sourced parent frame.,false
location,bouar,bouar_province,land,Ouham Nana Savanna Heather,local geography / sourced AD 1 parent frame / English,sourced-parent local-feature construction,GEO-PROXY;installed:in_game/map_data/location_templates.txt,medium,Location-specific AD 1 label within its sourced parent frame.,false
location,boubon,boubon_province,land,Niger Kouré Amber Savanna,local geography / sourced AD 1 parent frame / English,sourced-parent local-feature construction,GEO-PROXY;installed:in_game/map_data/location_templates.txt,medium,Location-specific AD 1 label within its sourced parent frame.,false
location,bouche_du_roy,bight_of_benin_sea,sea,Volta Niger Bights Pearl,local geography / sourced AD 1 parent frame / English,sourced-parent local-feature construction,GEO-PROXY;installed:in_game/map_data/location_templates.txt,medium,Location-specific AD 1 label within its sourced parent frame.,false
location,bougainville_jungle,bougainville_province,land,Solomons Post Lapita Hazel,local geography / sourced AD 1 parent frame / English,sourced-parent local-feature construction,GEO-PROXY;installed:in_game/map_data/location_templates.txt,medium,Location-specific AD 1 label within its sourced parent frame.,false
location,bougainville_strait,tidore_coast_sea_province,sea,Leeward Spice,local geography / sourced AD 1 parent frame / English,sourced-parent local-feature construction,GEO-PROXY;installed:in_game/map_data/location_templates.txt,medium,Location-specific AD 1 label within its sourced parent frame.,false
location,bouillon,west_luxembourg_province,land,Semois Arduenna Treveri Karst,local geography / sourced AD 1 parent frame / English,sourced-parent local-feature construction,GEO-PROXY;installed:in_game/map_data/location_templates.txt,medium,Location-specific AD 1 label within its sourced parent frame.,false
location,bouira,kabylia_province,land,Sitifis Numidian Tell Spruce,local geography / sourced AD 1 parent frame / English,sourced-parent local-feature construction,GEO-PROXY;installed:in_game/map_data/location_templates.txt,medium,Location-specific AD 1 label within its sourced parent frame.,false
location,boulaouane,dukkala_province,land,Autololes Atlantic Mauretania,local geography / sourced AD 1 parent frame / English,sourced-parent local-feature construction,GEO-PROXY;installed:in_game/map_data/location_templates.txt,medium,Location-specific AD 1 label within its sourced parent frame.,false
location,boulogne_sur_mer,ponthieu_province,land,Ambiani Morini Coast Chalk,local geography / sourced AD 1 parent frame / English,sourced-parent local-feature construction,GEO-PROXY;installed:in_game/map_data/location_templates.txt,medium,Location-specific AD 1 label within its sourced parent frame.,false
location,boumalne_dades,tafilalt_province,land,Ziz Draa Gaetulian Basalt,local geography / sourced AD 1 parent frame / English,sourced-parent local-feature construction,GEO-PROXY;installed:in_game/map_data/location_templates.txt,medium,Location-specific AD 1 label within its sourced parent frame.,false
location,bouna,kong_province,land,Comoé Black Volta Amber Meadow,local geography / sourced AD 1 parent frame / English,sourced-parent local-feature construction,GEO-PROXY;installed:in_game/map_data/location_templates.txt,medium,Location-specific AD 1 label within its sourced parent frame.,false
location,boundiali,senufo_province,land,Bandama Comoé Niger Granite,local geography / sourced AD 1 parent frame / English,sourced-parent local-feature construction,GEO-PROXY;installed:in_game/map_data/location_templates.txt,medium,Location-specific AD 1 label within its sourced parent frame.,false
location,bourbon,bourbon_province,land,Bituriges Cubi Arverni,local geography / sourced AD 1 parent frame / English,sourced-parent local-feature construction,GEO-PROXY;installed:in_game/map_data/location_templates.txt,medium,Location-specific AD 1 label within its sourced parent frame.,false
location,bourem,hombori_province,land,Gourma Niger Bend Reed Savanna,local geography / sourced AD 1 parent frame / English,sourced-parent local-feature construction,GEO-PROXY;installed:in_game/map_data/location_templates.txt,medium,Location-specific AD 1 label within its sourced parent frame.,false
location,bourg_en_bresse,bresse_province,land,Ambarri Allobroges,local geography / sourced AD 1 parent frame / English,sourced-parent local-feature construction,GEO-PROXY;installed:in_game/map_data/location_templates.txt,medium,Location-specific AD 1 label within its sourced parent frame.,false
location,bourganeuf,la_marche_province,land,Lemovices Augustoritum Gallia,local geography / sourced AD 1 parent frame / English,sourced-parent local-feature construction,GEO-PROXY;installed:in_game/map_data/location_templates.txt,medium,Location-specific AD 1 label within its sourced parent frame.,false
location,bourges,upper_berry_province,land,Bituriges Cubi Avaricum,local geography / sourced AD 1 parent frame / English,sourced-parent local-feature construction,GEO-PROXY;installed:in_game/map_data/location_templates.txt,medium,Location-specific AD 1 label within its sourced parent frame.,false
location,boussac,lower_berry_province,land,Bituriges Cubi Carnutes Loess,local geography / sourced AD 1 parent frame / English,sourced-parent local-feature construction,GEO-PROXY;installed:in_game/map_data/location_templates.txt,medium,Location-specific AD 1 label within its sourced parent frame.,false
location,bousso,bagirmi_province,land,Chari Logone Ironworking Sage,local geography / sourced AD 1 parent frame / English,sourced-parent local-feature construction,GEO-PROXY;installed:in_game/map_data/location_templates.txt,medium,Location-specific AD 1 label within its sourced parent frame.,false
location,boussouma,boussouma_province,land,White Volta Nakambé Lava Ridge,local geography / sourced AD 1 parent frame / English,sourced-parent local-feature construction,GEO-PROXY;installed:in_game/map_data/location_templates.txt,medium,Location-specific AD 1 label within its sourced parent frame.,false
location,boutti,manga_province,land,Komadugu Chad Iron Cedar,local geography / sourced AD 1 parent frame / English,sourced-parent local-feature construction,GEO-PROXY;installed:in_game/map_data/location_templates.txt,medium,Location-specific AD 1 label within its sourced parent frame.,false
location,bouvet_island,bouvet_province,land,Wild Hills,local geography / sourced AD 1 parent frame / English,sourced-parent local-feature construction,GEO-PROXY;installed:in_game/map_data/location_templates.txt,medium,Location-specific AD 1 label within its sourced parent frame.,false
location,bovino,capitanata_province,land,Daunia Arpi Luceria Loess,local geography / sourced AD 1 parent frame / English,sourced-parent local-feature construction,GEO-PROXY;installed:in_game/map_data/location_templates.txt,medium,Location-specific AD 1 label within its sourced parent frame.,false
location,boxing,qingzhou_province,land,Beihai Qi Coastal Flint Scrub,local geography / sourced AD 1 parent frame / English,sourced-parent local-feature construction,GEO-PROXY;installed:in_game/map_data/location_templates.txt,medium,Location-specific AD 1 label within its sourced parent frame.,false
location,boya,higuey_province,land,Saladoid Quisqueya Greater,local geography / sourced AD 1 parent frame / English,sourced-parent local-feature construction,GEO-PROXY;installed:in_game/map_data/location_templates.txt,medium,Location-specific AD 1 label within its sourced parent frame.,false
location,boyabat,sinop_province,land,Sinope Paphlagonia,local geography / sourced AD 1 parent frame / English,sourced-parent local-feature construction,GEO-PROXY;installed:in_game/map_data/location_templates.txt,medium,Location-specific AD 1 label within its sourced parent frame.,false
location,boyauli,almaty_province,land,Ili Balkhash Wusun Reed Meadow,local geography / sourced AD 1 parent frame / English,sourced-parent local-feature construction,GEO-PROXY;installed:in_game/map_data/location_templates.txt,medium,Location-specific AD 1 label within its sourced parent frame.,false
location,boye,qizhou_province,land,Zhongshan Jizhou Youzhou,local geography / sourced AD 1 parent frame / English,sourced-parent local-feature construction,GEO-PROXY;installed:in_game/map_data/location_templates.txt,medium,Location-specific AD 1 label within its sourced parent frame.,false
location,boyena_qara,balkh_province,land,Bactra Oxus Aria Chalk Ridge,local geography / sourced AD 1 parent frame / English,sourced-parent local-feature construction,GEO-PROXY;installed:in_game/map_data/location_templates.txt,medium,Location-specific AD 1 label within its sourced parent frame.,false
location,boynak,tarki_province,land,Terek Sulak Legae Elm Breaks,local geography / sourced AD 1 parent frame / English,sourced-parent local-feature construction,GEO-PROXY;installed:in_game/map_data/location_templates.txt,medium,Location-specific AD 1 label within its sourced parent frame.,false
location,bozan,sivrihisar_province,land,Phrygia Epictetus Dorylaeum,local geography / sourced AD 1 parent frame / English,sourced-parent local-feature construction,GEO-PROXY;installed:in_game/map_data/location_templates.txt,medium,Location-specific AD 1 label within its sourced parent frame.,false
location,bozhenitsa,pleven_province,land,Oescus Triballian Danube Lava,local geography / sourced AD 1 parent frame / English,sourced-parent local-feature construction,GEO-PROXY;installed:in_game/map_data/location_templates.txt,medium,Location-specific AD 1 label within its sourced parent frame.,false
location,bozhou,bozhou_province,land,Zangke Gorges Yelang Bracken,local geography / sourced AD 1 parent frame / English,sourced-parent local-feature construction,GEO-PROXY;installed:in_game/map_data/location_templates.txt,medium,Location-specific AD 1 label within its sourced parent frame.,false
location,bozok,bozok_province,land,Trocmi Tavium Cappadocia,local geography / sourced AD 1 parent frame / English,sourced-parent local-feature construction,GEO-PROXY;installed:in_game/map_data/location_templates.txt,medium,Location-specific AD 1 label within its sourced parent frame.,false
location,bozok_astana,bayanaul_province,land,Saryarka Irtysh Steppe Chalk,local geography / sourced AD 1 parent frame / English,sourced-parent local-feature construction,GEO-PROXY;installed:in_game/map_data/location_templates.txt,medium,Location-specific AD 1 label within its sourced parent frame.,false
location,brac,south_dalmatia_province,land,Delmatae Narona,local geography / sourced AD 1 parent frame / English,sourced-parent local-feature construction,GEO-PROXY;installed:in_game/map_data/location_templates.txt,medium,Location-specific AD 1 label within its sourced parent frame.,false
location,bracciano,patrimonio_province,land,Tarquinii Volsinii Etruria,local geography / sourced AD 1 parent frame / English,sourced-parent local-feature construction,GEO-PROXY;installed:in_game/map_data/location_templates.txt,medium,Location-specific AD 1 label within its sourced parent frame.,false
location,bradelle_valley,new_brunswick_sea_zones_province,sea,Wolastoq Chaleur,local geography / sourced AD 1 parent frame / English,sourced-parent local-feature construction,GEO-PROXY;installed:in_game/map_data/location_templates.txt,medium,Location-specific AD 1 label within its sourced parent frame.,false
location,braga,minho_province,land,Bracari Bracara Augusta Peat,local geography / sourced AD 1 parent frame / English,sourced-parent local-feature construction,GEO-PROXY;installed:in_game/map_data/location_templates.txt,medium,Location-specific AD 1 label within its sourced parent frame.,false
location,braganca,tras_os_montes,land,Zoelae Aquae Flaviae Hazel,local geography / sourced AD 1 parent frame / English,sourced-parent local-feature construction,GEO-PROXY;installed:in_game/map_data/location_templates.txt,medium,Location-specific AD 1 label within its sourced parent frame.,false
location,bragernes,buskerud_province,land,Birch Meadow Valleys,local geography / sourced AD 1 parent frame / English,sourced-parent local-feature construction,GEO-PROXY;installed:in_game/map_data/location_templates.txt,medium,Location-specific AD 1 label within its sourced parent frame.,false
location,brahestad,norra_osterbotten_province,land,Oulu Kemi Fenni Reed Fields,local geography / sourced AD 1 parent frame / English,sourced-parent local-feature construction,GEO-PROXY;installed:in_game/map_data/location_templates.txt,medium,Location-specific AD 1 label within its sourced parent frame.,false
location,brahin,chornobyl_province,land,Pripet Dnieper Zarubintsy,local geography / sourced AD 1 parent frame / English,sourced-parent local-feature construction,GEO-PROXY;installed:in_game/map_data/location_templates.txt,medium,Location-specific AD 1 label within its sourced parent frame.,false
location,brahmapur,ganjam_garjats,land,Kalinga Coast Mahākāntāra,local geography / sourced AD 1 parent frame / English,sourced-parent local-feature construction,GEO-PROXY;installed:in_game/map_data/location_templates.txt,medium,Location-specific AD 1 label within its sourced parent frame.,false
location,braiakalung,braiakalung_province,land,Boon Wurrung Gunai Juniper,local geography / sourced AD 1 parent frame / English,sourced-parent local-feature construction,GEO-PROXY;installed:in_game/map_data/location_templates.txt,medium,Location-specific AD 1 label within its sourced parent frame.,false
location,braila,east_muntenia_province,land,Getae Ister Buzău Loess Downs,local geography / sourced AD 1 parent frame / English,sourced-parent local-feature construction,GEO-PROXY;installed:in_game/map_data/location_templates.txt,medium,Location-specific AD 1 label within its sourced parent frame.,false
location,braine,soissonais_province,land,Suessiones Augusta,local geography / sourced AD 1 parent frame / English,sourced-parent local-feature construction,GEO-PROXY;installed:in_game/map_data/location_templates.txt,medium,Location-specific AD 1 label within its sourced parent frame.,false
location,brak,fezzan_province,land,Africa Reed Moor,local geography / sourced AD 1 parent frame / English,sourced-parent local-feature construction,GEO-PROXY;installed:in_game/map_data/location_templates.txt,medium,Location-specific AD 1 label within its sourced parent frame.,false
location,bramas,kabinda_province,land,Kongo Atlantic Kwanza Oak,local geography / sourced AD 1 parent frame / English,sourced-parent local-feature construction,GEO-PROXY;installed:in_game/map_data/location_templates.txt,medium,Location-specific AD 1 label within its sourced parent frame.,false
location,bramhapuri,chanda_province,land,Vidarbha Godavari,local geography / sourced AD 1 parent frame / English,sourced-parent local-feature construction,GEO-PROXY;installed:in_game/map_data/location_templates.txt,medium,Location-specific AD 1 label within its sourced parent frame.,false
location,brandenburg,mittelmark_province,land,Semnones of the Havel–Spree,local geography / sourced AD 1 parent frame / English,sourced-parent local-feature construction,GEO-PROXY;installed:in_game/map_data/location_templates.txt,medium,Location-specific AD 1 label within its sourced parent frame.,false
location,brandenburg_prussia,lower_prussia_province,land,Aestii of the Vistula Lagoon,local geography / sourced AD 1 parent frame / English,sourced-parent local-feature construction,GEO-PROXY;installed:in_game/map_data/location_templates.txt,medium,Location-specific AD 1 label within its sourced parent frame.,false
location,branicevo,branicevo_province,land,Moesi Margus Dardania Palm,local geography / sourced AD 1 parent frame / English,sourced-parent local-feature construction,GEO-PROXY;installed:in_game/map_data/location_templates.txt,medium,Location-specific AD 1 label within its sourced parent frame.,false
location,branko,upper_butana_province,land,Meroitic Butana Atbara Grass,local geography / sourced AD 1 parent frame / English,sourced-parent local-feature construction,GEO-PROXY;installed:in_game/map_data/location_templates.txt,medium,Location-specific AD 1 label within its sourced parent frame.,false
location,branna,vasterbotten_province,land,Sámi Bothnian Torne Pine Heath,local geography / sourced AD 1 parent frame / English,sourced-parent local-feature construction,GEO-PROXY;installed:in_game/map_data/location_templates.txt,medium,Location-specific AD 1 label within its sourced parent frame.,false
location,bras_dor_lake,unamakik_province,lake,Maritime d Or Clearwater,local geography / sourced AD 1 parent frame / English,sourced-parent local-feature construction,GEO-PROXY;installed:in_game/map_data/location_templates.txt,medium,Location-specific AD 1 label within its sourced parent frame.,false
location,brashk,dahra_province,land,Mauretanian Caesarea Coast,local geography / sourced AD 1 parent frame / English,sourced-parent local-feature construction,GEO-PROXY;installed:in_game/map_data/location_templates.txt,medium,Location-specific AD 1 label within its sourced parent frame.,false
location,braslaw,breslauja_province,land,Dysna Drisviaty Brushed Grass,local geography / sourced AD 1 parent frame / English,sourced-parent local-feature construction,GEO-PROXY;installed:in_game/map_data/location_templates.txt,medium,Location-specific AD 1 label within its sourced parent frame.,false
location,brasov,kiralyfold_province,land,Dacian Olt Cibin Palm Piedmont,local geography / sourced AD 1 parent frame / English,sourced-parent local-feature construction,GEO-PROXY;installed:in_game/map_data/location_templates.txt,medium,Location-specific AD 1 label within its sourced parent frame.,false
location,brass,niger_delta_province,land,Niger Mangrove Province Oak,local geography / sourced AD 1 parent frame / English,sourced-parent local-feature construction,GEO-PROXY;installed:in_game/map_data/location_templates.txt,medium,Location-specific AD 1 label within its sourced parent frame.,false
location,brataulung,braiakalung_province,land,Boon Wurrung Gunai Fern,local geography / sourced AD 1 parent frame / English,sourced-parent local-feature construction,GEO-PROXY;installed:in_game/map_data/location_templates.txt,medium,Location-specific AD 1 label within its sourced parent frame.,false
location,bratislava,pozsony_province,land,Carnuntum Nitra Quadi Cedar,local geography / sourced AD 1 parent frame / English,sourced-parent local-feature construction,GEO-PROXY;installed:in_game/map_data/location_templates.txt,medium,Location-specific AD 1 label within its sourced parent frame.,false
location,bratsk,bratsk_province,land,Angara Taiga Birch Ridge,local geography / sourced AD 1 parent frame / English,sourced-parent local-feature construction,GEO-PROXY;installed:in_game/map_data/location_templates.txt,medium,Location-specific AD 1 label within its sourced parent frame.,false
location,bratslav,bratslav_province,land,Lipița Bug Tyras Sage Fields,local geography / sourced AD 1 parent frame / English,sourced-parent local-feature construction,GEO-PROXY;installed:in_game/map_data/location_templates.txt,medium,Location-specific AD 1 label within its sourced parent frame.,false
location,brattahlid,gardr_province,land,Kalaallit Fjords Dorset Pine,local geography / sourced AD 1 parent frame / English,sourced-parent local-feature construction,GEO-PROXY;installed:in_game/map_data/location_templates.txt,medium,Location-specific AD 1 label within its sourced parent frame.,false
location,braunau,schaunberg_province,land,Norici Lentia Ovilava,local geography / sourced AD 1 parent frame / English,sourced-parent local-feature construction,GEO-PROXY;installed:in_game/map_data/location_templates.txt,medium,Location-specific AD 1 label within its sourced parent frame.,false
location,brava_point,la_plata_sea_zones_province,sea,Paraná Uruguay Puelmapu,local geography / sourced AD 1 parent frame / English,sourced-parent local-feature construction,GEO-PROXY;installed:in_game/map_data/location_templates.txt,medium,Location-specific AD 1 label within its sourced parent frame.,false
location,braviken,swedish_coastline,sea,Suebicum Suiones Coast Tidal,local geography / sourced AD 1 parent frame / English,sourced-parent local-feature construction,GEO-PROXY;installed:in_game/map_data/location_templates.txt,medium,Location-specific AD 1 label within its sourced parent frame.,false
location,brazos_mouth,atlantic_aridoamerica_sea_zones_province,sea,Saladoid Shallow Coast,local geography / sourced AD 1 parent frame / English,sourced-parent local-feature construction,GEO-PROXY;installed:in_game/map_data/location_templates.txt,medium,Location-specific AD 1 label within its sourced parent frame.,false
location,breaksea_shore,kalaako_kaleap_province_coast,sea,Menang Esperance,local geography / sourced AD 1 parent frame / English,sourced-parent local-feature construction,GEO-PROXY;installed:in_game/map_data/location_templates.txt,medium,Location-specific AD 1 label within its sourced parent frame.,false
location,brecknock,brecon_province,land,Silures Usk Wye Elm Barrens,local geography / sourced AD 1 parent frame / English,sourced-parent local-feature construction,GEO-PROXY;installed:in_game/map_data/location_templates.txt,medium,Location-specific AD 1 label within its sourced parent frame.,false
location,brecon_beacons,brecon_province,land,Silures Usk Wye Flint Thicket,local geography / sourced AD 1 parent frame / English,sourced-parent local-feature construction,GEO-PROXY;installed:in_game/map_data/location_templates.txt,medium,Location-specific AD 1 label within its sourced parent frame.,false
location,breda,antwerp_province,land,Menapii Scheldt Nervii Alder,local geography / sourced AD 1 parent frame / English,sourced-parent local-feature construction,GEO-PROXY;installed:in_game/map_data/location_templates.txt,medium,Location-specific AD 1 label within its sourced parent frame.,false
location,bredasdorp,chainouqua_province,land,Agulhas Overberg Pastoral,local geography / sourced AD 1 parent frame / English,sourced-parent local-feature construction,GEO-PROXY;installed:in_game/map_data/location_templates.txt,medium,Location-specific AD 1 label within its sourced parent frame.,false
location,bree,loon_province,land,Tungri Eburones Hesbaye Amber,local geography / sourced AD 1 parent frame / English,sourced-parent local-feature construction,GEO-PROXY;installed:in_game/map_data/location_templates.txt,medium,Location-specific AD 1 label within its sourced parent frame.,false
location,bregenz,vorarlberg_province,land,Brigantii Brigantium Alpine,local geography / sourced AD 1 parent frame / English,sourced-parent local-feature construction,GEO-PROXY;installed:in_game/map_data/location_templates.txt,medium,Location-specific AD 1 label within its sourced parent frame.,false
location,bregne,blekinge_province,land,Brekne Baltic Skerry Plain,local geography / sourced AD 1 parent frame / English,sourced-parent local-feature construction,GEO-PROXY;installed:in_game/map_data/location_templates.txt,medium,Location-specific AD 1 label within its sourced parent frame.,false
location,bremen,wesermarch_province,land,Visurgis Amisia Chauci,local geography / sourced AD 1 parent frame / English,sourced-parent local-feature construction,GEO-PROXY;installed:in_game/map_data/location_templates.txt,medium,Location-specific AD 1 label within its sourced parent frame.,false
location,bremer_bay,kalaako_kaleap_province_coast,sea,Menang Esperance Sahul,local geography / sourced AD 1 parent frame / English,sourced-parent local-feature construction,GEO-PROXY;installed:in_game/map_data/location_templates.txt,medium,Location-specific AD 1 label within its sourced parent frame.,false
location,bremervorde,elbmarch_province,land,Chauci Albis Cherusci Cypress,local geography / sourced AD 1 parent frame / English,sourced-parent local-feature construction,GEO-PROXY;installed:in_game/map_data/location_templates.txt,medium,Location-specific AD 1 label within its sourced parent frame.,false
location,breno,brescia_province,land,Cenomani Brixia Insubres Salt,local geography / sourced AD 1 parent frame / English,sourced-parent local-feature construction,GEO-PROXY;installed:in_game/map_data/location_templates.txt,medium,Location-specific AD 1 label within its sourced parent frame.,false
location,brescia,brescia_province,land,Cenomani Brixia Insubres,local geography / sourced AD 1 parent frame / English,sourced-parent local-feature construction,GEO-PROXY;installed:in_game/map_data/location_templates.txt,medium,Location-specific AD 1 label within its sourced parent frame.,false
location,brest,tregor_province,land,Osismii Vorgium Gesocribate,local geography / sourced AD 1 parent frame / English,sourced-parent local-feature construction,GEO-PROXY;installed:in_game/map_data/location_templates.txt,medium,Location-specific AD 1 label within its sourced parent frame.,false
location,brest_litowsk,bresta_province,land,Bug Zarubintsy Pripyat Sage,local geography / sourced AD 1 parent frame / English,sourced-parent local-feature construction,GEO-PROXY;installed:in_game/map_data/location_templates.txt,medium,Location-specific AD 1 label within its sourced parent frame.,false
location,breteuil,amienois_province,land,Ambiani Samarobriva,local geography / sourced AD 1 parent frame / English,sourced-parent local-feature construction,GEO-PROXY;installed:in_game/map_data/location_templates.txt,medium,Location-specific AD 1 label within its sourced parent frame.,false
location,breton_sea,western_channel_province,sea,Armorican Dumnonian Britannic,local geography / sourced AD 1 parent frame / English,sourced-parent local-feature construction,GEO-PROXY;installed:in_game/map_data/location_templates.txt,medium,Location-specific AD 1 label within its sourced parent frame.,false
location,brezina,ksour_province,land,Gaetuli Saharan Atlas,local geography / sourced AD 1 parent frame / English,sourced-parent local-feature construction,GEO-PROXY;installed:in_game/map_data/location_templates.txt,medium,Location-specific AD 1 label within its sourced parent frame.,false
location,bria,ouaka_province,land,Ouaka Gribingui Ubangian Reed,local geography / sourced AD 1 parent frame / English,sourced-parent local-feature construction,GEO-PROXY;installed:in_game/map_data/location_templates.txt,medium,Location-specific AD 1 label within its sourced parent frame.,false
location,briancon,gresivaudan_province,land,Allobroges Cularo Brigantio,local geography / sourced AD 1 parent frame / English,sourced-parent local-feature construction,GEO-PROXY;installed:in_game/map_data/location_templates.txt,medium,Location-specific AD 1 label within its sourced parent frame.,false
location,bridger,sweetwater_province,land,Green–Platte Archaic,local geography / sourced AD 1 parent frame / English,sourced-parent local-feature construction,GEO-PROXY;installed:in_game/map_data/location_templates.txt,medium,Location-specific AD 1 label within its sourced parent frame.,false
location,bridlington,east_riding_province,land,Parisi Petuaria Brigantes,local geography / sourced AD 1 parent frame / English,sourced-parent local-feature construction,GEO-PROXY;installed:in_game/map_data/location_templates.txt,medium,Location-specific AD 1 label within its sourced parent frame.,false
location,brie_comte_robert,gatinais_province,land,Senones Melodunum Parisii,local geography / sourced AD 1 parent frame / English,sourced-parent local-feature construction,GEO-PROXY;installed:in_game/map_data/location_templates.txt,medium,Location-specific AD 1 label within its sourced parent frame.,false
location,brienne,champagne_province,land,Tricasses Remi Gallia Willow,local geography / sourced AD 1 parent frame / English,sourced-parent local-feature construction,GEO-PROXY;installed:in_game/map_data/location_templates.txt,medium,Location-specific AD 1 label within its sourced parent frame.,false
location,brig,oberwallis_province,land,Lepontii Vallis Poenina Sage,local geography / sourced AD 1 parent frame / English,sourced-parent local-feature construction,GEO-PROXY;installed:in_game/map_data/location_templates.txt,medium,Location-specific AD 1 label within its sourced parent frame.,false
location,brignoles,dracenois_province,land,Oxybii Suelteri Argens Chalk,local geography / sourced AD 1 parent frame / English,sourced-parent local-feature construction,GEO-PROXY;installed:in_game/map_data/location_templates.txt,medium,Location-specific AD 1 label within its sourced parent frame.,false
location,brihuega,guadalajara_province,land,Arriaca Pine Heath,local geography / sourced AD 1 parent frame / English,sourced-parent local-feature construction,GEO-PROXY;installed:in_game/map_data/location_templates.txt,medium,Location-specific AD 1 label within its sourced parent frame.,false
location,brilon,sauerland_province,land,Marsi Lupia Sauer Cedar Fields,local geography / sourced AD 1 parent frame / English,sourced-parent local-feature construction,GEO-PROXY;installed:in_game/map_data/location_templates.txt,medium,Location-specific AD 1 label within its sourced parent frame.,false
location,brin_navolok,kholmogory_province,land,Dvina Pinega Late Grass Downs,local geography / sourced AD 1 parent frame / English,sourced-parent local-feature construction,GEO-PROXY;installed:in_game/map_data/location_templates.txt,medium,Location-specific AD 1 label within its sourced parent frame.,false
location,brindisi,otranto_province,land,Calabri Sallentini Brundisium,local geography / sourced AD 1 parent frame / English,sourced-parent local-feature construction,GEO-PROXY;installed:in_game/map_data/location_templates.txt,medium,Location-specific AD 1 label within its sourced parent frame.,false
location,brioude,lower_auvergne_province,land,Arverni Augustonemetum Gallia,local geography / sourced AD 1 parent frame / English,sourced-parent local-feature construction,GEO-PROXY;installed:in_game/map_data/location_templates.txt,medium,Location-specific AD 1 label within its sourced parent frame.,false
location,bristol,gloucestershire_province,land,Dobunni Corinium Glevum,local geography / sourced AD 1 parent frame / English,sourced-parent local-feature construction,GEO-PROXY;installed:in_game/map_data/location_templates.txt,medium,Location-specific AD 1 label within its sourced parent frame.,false
location,briviesca,burgos_province,land,Arevaci Cypress Moor,local geography / sourced AD 1 parent frame / English,sourced-parent local-feature construction,GEO-PROXY;installed:in_game/map_data/location_templates.txt,medium,Location-specific AD 1 label within its sourced parent frame.,false
location,brixen,south_tirol_province,land,Raetian Athesis Isarcus,local geography / sourced AD 1 parent frame / English,sourced-parent local-feature construction,GEO-PROXY;installed:in_game/map_data/location_templates.txt,medium,Location-specific AD 1 label within its sourced parent frame.,false
location,brno,brnensko_province,land,Quadi Thaya Morava Spruce,local geography / sourced AD 1 parent frame / English,sourced-parent local-feature construction,GEO-PROXY;installed:in_game/map_data/location_templates.txt,medium,Location-specific AD 1 label within its sourced parent frame.,false
location,broach,lata,land,Lata Barygaza Anarta Amber,local geography / sourced AD 1 parent frame / English,sourced-parent local-feature construction,GEO-PROXY;installed:in_game/map_data/location_templates.txt,medium,Location-specific AD 1 label within its sourced parent frame.,false
location,brodnica,chelmno_province,land,Vistula Aestian Coast,local geography / sourced AD 1 parent frame / English,sourced-parent local-feature construction,GEO-PROXY;installed:in_game/map_data/location_templates.txt,medium,Location-specific AD 1 label within its sourced parent frame.,false
location,brody,lviv_province,land,Bug–Dniester Lipița,local geography / sourced AD 1 parent frame / English,sourced-parent local-feature construction,GEO-PROXY;installed:in_game/map_data/location_templates.txt,medium,Location-specific AD 1 label within its sourced parent frame.,false
location,brody_tver,tver_province,land,West Dyakovo,local geography / sourced AD 1 parent frame / English,sourced-parent local-feature construction,GEO-PROXY;installed:in_game/map_data/location_templates.txt,medium,Location-specific AD 1 label within its sourced parent frame.,false
location,brokhovo,magadan_province,land,Tauisk Okhotsk Maritime,local geography / sourced AD 1 parent frame / English,sourced-parent local-feature construction,GEO-PROXY;installed:in_game/map_data/location_templates.txt,medium,Location-specific AD 1 label within its sourced parent frame.,false
location,bronnitsa,yazhelbitskaya_province,land,Valdai Msta Late Loess,local geography / sourced AD 1 parent frame / English,sourced-parent local-feature construction,GEO-PROXY;installed:in_game/map_data/location_templates.txt,medium,Location-specific AD 1 label within its sourced parent frame.,false
location,bronnitsy,moscow_province,land,Moskva Dyakovo Heartland,local geography / sourced AD 1 parent frame / English,sourced-parent local-feature construction,GEO-PROXY;installed:in_game/map_data/location_templates.txt,medium,Location-specific AD 1 label within its sourced parent frame.,false
location,brosse,la_marche_province,land,Lemovices Augustoritum,local geography / sourced AD 1 parent frame / English,sourced-parent local-feature construction,GEO-PROXY;installed:in_game/map_data/location_templates.txt,medium,Location-specific AD 1 label within its sourced parent frame.,false
location,brotas,piracicaba_province,land,Tietê Piracicaba,local geography / sourced AD 1 parent frame / English,sourced-parent local-feature construction,GEO-PROXY;installed:in_game/map_data/location_templates.txt,medium,Location-specific AD 1 label within its sourced parent frame.,false
location,brown_bank,acadia_coast_sea_province,sea,Northwestern Mi'kma'ki Shoals,local geography / sourced AD 1 parent frame / English,sourced-parent local-feature construction,GEO-PROXY;installed:in_game/map_data/location_templates.txt,medium,Location-specific AD 1 label within its sourced parent frame.,false
location,broyes,brie_champenois_province,land,Meldi Tricasses Remi Cedar,local geography / sourced AD 1 parent frame / English,sourced-parent local-feature construction,GEO-PROXY;installed:in_game/map_data/location_templates.txt,medium,Location-specific AD 1 label within its sourced parent frame.,false
location,brozas,caceres_province,land,Vettones Lusitani Tagus Reed,local geography / sourced AD 1 parent frame / English,sourced-parent local-feature construction,GEO-PROXY;installed:in_game/map_data/location_templates.txt,medium,Location-specific AD 1 label within its sourced parent frame.,false
location,brskovo,raska_province,land,Dardani Drinus Scardus Hazel,local geography / sourced AD 1 parent frame / English,sourced-parent local-feature construction,GEO-PROXY;installed:in_game/map_data/location_templates.txt,medium,Location-specific AD 1 label within its sourced parent frame.,false
location,bruchsal,kraichgau_province,land,Suebi Neckar Enz Sage Fields,local geography / sourced AD 1 parent frame / English,sourced-parent local-feature construction,GEO-PROXY;installed:in_game/map_data/location_templates.txt,medium,Location-specific AD 1 label within its sourced parent frame.,false
location,bruck_leitha,unter_dem_wienerwald_province,land,Carnuntum Vindobona Pannonia,local geography / sourced AD 1 parent frame / English,sourced-parent local-feature construction,GEO-PROXY;installed:in_game/map_data/location_templates.txt,medium,Location-specific AD 1 label within its sourced parent frame.,false
location,bruckenau,spessart_province,land,Chatti Main Kinzig Fern,local geography / sourced AD 1 parent frame / English,sourced-parent local-feature construction,GEO-PROXY;installed:in_game/map_data/location_templates.txt,medium,Location-specific AD 1 label within its sourced parent frame.,false
location,bruges,west_flanders_province,land,Morini Menapii Coast Spruce,local geography / sourced AD 1 parent frame / English,sourced-parent local-feature construction,GEO-PROXY;installed:in_game/map_data/location_templates.txt,medium,Location-specific AD 1 label within its sourced parent frame.,false
location,bruneck,south_tirol_province,land,Raetian Athesis Isarcus Chalk,local geography / sourced AD 1 parent frame / English,sourced-parent local-feature construction,GEO-PROXY;installed:in_game/map_data/location_templates.txt,medium,Location-specific AD 1 label within its sourced parent frame.,false
location,brunei_bay,borneo_coast_province,sea,Malagasy Coastal Yavadvipa,local geography / sourced AD 1 parent frame / English,sourced-parent local-feature construction,GEO-PROXY;installed:in_game/map_data/location_templates.txt,medium,Location-specific AD 1 label within its sourced parent frame.,false
location,brunswick,brunswick_province,land,Cherusci Oker Angrivarii Reed,local geography / sourced AD 1 parent frame / English,sourced-parent local-feature construction,GEO-PROXY;installed:in_game/map_data/location_templates.txt,medium,Location-specific AD 1 label within its sourced parent frame.,false
location,brus_lagoon,imabite_coast_sea_zones_province,sea,Mesoamerican Antillean,local geography / sourced AD 1 parent frame / English,sourced-parent local-feature construction,GEO-PROXY;installed:in_game/map_data/location_templates.txt,medium,Location-specific AD 1 label within its sourced parent frame.,false
location,brussels,brabant_province,land,Nervii Dyle Senne Hazel Meadow,local geography / sourced AD 1 parent frame / English,sourced-parent local-feature construction,GEO-PROXY;installed:in_game/map_data/location_templates.txt,medium,Location-specific AD 1 label within its sourced parent frame.,false
location,brvenik,raska_province,land,Dardani Drinus Scardus Elm,local geography / sourced AD 1 parent frame / English,sourced-parent local-feature construction,GEO-PROXY;installed:in_game/map_data/location_templates.txt,medium,Location-specific AD 1 label within its sourced parent frame.,false
location,bryanka,vangash_province,land,Angara Tunguska Hunting Lava,local geography / sourced AD 1 parent frame / English,sourced-parent local-feature construction,GEO-PROXY;installed:in_game/map_data/location_templates.txt,medium,Location-specific AD 1 label within its sourced parent frame.,false
location,bryansk,bryansk_province,land,Sudost Desna Zarubintsy Grass,local geography / sourced AD 1 parent frame / English,sourced-parent local-feature construction,GEO-PROXY;installed:in_game/map_data/location_templates.txt,medium,Location-specific AD 1 label within its sourced parent frame.,false
location,bryante,gilyuy_province,land,Zeya Gilyuy Taiga Salt,local geography / sourced AD 1 parent frame / English,sourced-parent local-feature construction,GEO-PROXY;installed:in_game/map_data/location_templates.txt,medium,Location-specific AD 1 label within its sourced parent frame.,false
location,bryukhovetskaya,akhtar_province,land,Siracian Kuban Sindica Birch,local geography / sourced AD 1 parent frame / English,sourced-parent local-feature construction,GEO-PROXY;installed:in_game/map_data/location_templates.txt,medium,Location-specific AD 1 label within its sourced parent frame.,false
location,brzeg,wroclaw_province,land,Oder Ślęza Lugii Reed Terraces,local geography / sourced AD 1 parent frame / English,sourced-parent local-feature construction,GEO-PROXY;installed:in_game/map_data/location_templates.txt,medium,Location-specific AD 1 label within its sourced parent frame.,false
location,brzeznica,sieradz_province,land,Przeworsk Warta Prosna Amber,local geography / sourced AD 1 parent frame / English,sourced-parent local-feature construction,GEO-PROXY;installed:in_game/map_data/location_templates.txt,medium,Location-specific AD 1 label within its sourced parent frame.,false
location,buale,jubaland_province,land,Bu'ale Lands,local geography / sourced AD 1 parent frame / English,sourced-parent local-feature construction,GEO-PROXY;installed:in_game/map_data/location_templates.txt,medium,Location-specific AD 1 label within its sourced parent frame.,false
location,buali,kabinda_province,land,Kongo Atlantic Kwanza Peat,local geography / sourced AD 1 parent frame / English,sourced-parent local-feature construction,GEO-PROXY;installed:in_game/map_data/location_templates.txt,medium,Location-specific AD 1 label within its sourced parent frame.,false
location,buandig,buandig_province,land,Reed Hollow,local geography / sourced AD 1 parent frame / English,sourced-parent local-feature construction,GEO-PROXY;installed:in_game/map_data/location_templates.txt,medium,Location-specific AD 1 label within its sourced parent frame.,false
location,buantan,riau_siak_province,land,Siak Bengkalis Coast Willow,local geography / sourced AD 1 parent frame / English,sourced-parent local-feature construction,GEO-PROXY;installed:in_game/map_data/location_templates.txt,medium,Location-specific AD 1 label within its sourced parent frame.,false
location,buassa,lukenie_province,land,Lukenie Kasai Iron Reed,local geography / sourced AD 1 parent frame / English,sourced-parent local-feature construction,GEO-PROXY;installed:in_game/map_data/location_templates.txt,medium,Location-specific AD 1 label within its sourced parent frame.,false
location,buaxaxxaashe,ihkowom_iyo_he_province,land,Karst Ridge,local geography / sourced AD 1 parent frame / English,sourced-parent local-feature construction,GEO-PROXY;installed:in_game/map_data/location_templates.txt,medium,Location-specific AD 1 label within its sourced parent frame.,false
location,buayan,mindanao_province,land,Cotabato Agusan Networks Peat,local geography / sourced AD 1 parent frame / English,sourced-parent local-feature construction,GEO-PROXY;installed:in_game/map_data/location_templates.txt,medium,Location-specific AD 1 label within its sourced parent frame.,false
location,bucaneer_bay,galapagos_coastal_sea_zones_province,sea,Volcanic Shallow Bight,local geography / sourced AD 1 parent frame / English,sourced-parent local-feature construction,GEO-PROXY;installed:in_game/map_data/location_templates.txt,medium,Location-specific AD 1 label within its sourced parent frame.,false
location,buchach,halych_province,land,Dniester Prut Lipița Reed,local geography / sourced AD 1 parent frame / English,sourced-parent local-feature construction,GEO-PROXY;installed:in_game/map_data/location_templates.txt,medium,Location-specific AD 1 label within its sourced parent frame.,false
location,buchan,aberdeenshire_province,land,Fraserburgh Lands,local geography / sourced AD 1 parent frame / English,sourced-parent local-feature construction,GEO-PROXY;installed:in_game/map_data/location_templates.txt,medium,Location-specific AD 1 label within its sourced parent frame.,false
location,buchanan_lake,yirandali_province,lake,Yirandali Saltpan,local geography / sourced AD 1 parent frame / English,sourced-parent local-feature construction,GEO-PROXY;installed:in_game/map_data/location_templates.txt,medium,Location-specific AD 1 label within its sourced parent frame.,false
location,bucharest,south_muntenia_province,land,Getae Ialomița Argeș Loess,local geography / sourced AD 1 parent frame / English,sourced-parent local-feature construction,GEO-PROXY;installed:in_game/map_data/location_templates.txt,medium,Location-specific AD 1 label within its sourced parent frame.,false
location,buchen,odenwald_province,land,Mattiaci Suebi Main Peat,local geography / sourced AD 1 parent frame / English,sourced-parent local-feature construction,GEO-PROXY;installed:in_game/map_data/location_templates.txt,medium,Location-specific AD 1 label within its sourced parent frame.,false
location,buchu,kongpo_province,land,Yarlung Tsangpo Kongpo,local geography / sourced AD 1 parent frame / English,sourced-parent local-feature construction,GEO-PROXY;installed:in_game/map_data/location_templates.txt,medium,Location-specific AD 1 label within its sourced parent frame.,false
location,buckeburg,hanover_province,land,Cherusci Angrivarii Weser,local geography / sourced AD 1 parent frame / English,sourced-parent local-feature construction,GEO-PROXY;installed:in_game/map_data/location_templates.txt,medium,Location-specific AD 1 label within its sourced parent frame.,false
location,buckingham,buckinghamshire_province,land,Tamesis Reed Scrub,local geography / sourced AD 1 parent frame / English,sourced-parent local-feature construction,GEO-PROXY;installed:in_game/map_data/location_templates.txt,medium,Location-specific AD 1 label within its sourced parent frame.,false
location,buda,buda_province,land,Aquincum Solva Pannonia,local geography / sourced AD 1 parent frame / English,sourced-parent local-feature construction,GEO-PROXY;installed:in_game/map_data/location_templates.txt,medium,Location-specific AD 1 label within its sourced parent frame.,false
location,budaun,budaun_province,land,Pañcāla Ahicchatra Aryavarta,local geography / sourced AD 1 parent frame / English,sourced-parent local-feature construction,GEO-PROXY;installed:in_game/map_data/location_templates.txt,medium,Location-specific AD 1 label within its sourced parent frame.,false
location,buddahatchie,cootcla_province,land,Buddhatchie Tombigbee–Black,local geography / sourced AD 1 parent frame / English,sourced-parent local-feature construction,GEO-PROXY;installed:in_game/map_data/location_templates.txt,medium,Location-specific AD 1 label within its sourced parent frame.,false
location,buddu,katonga_province,land,Nalubaale Katonga Urewe Amber,local geography / sourced AD 1 parent frame / English,sourced-parent local-feature construction,GEO-PROXY;installed:in_game/map_data/location_templates.txt,medium,Location-specific AD 1 label within its sourced parent frame.,false
location,bude_bay,celtic_sea_province,sea,Oceanus Hibernicus Hibernian,local geography / sourced AD 1 parent frame / English,sourced-parent local-feature construction,GEO-PROXY;installed:in_game/map_data/location_templates.txt,medium,Location-specific AD 1 label within its sourced parent frame.,false
location,budejovice,bechinsko_province,land,Marcomannia Bechinsko,local geography / sourced AD 1 parent frame / English,sourced-parent local-feature construction,GEO-PROXY;installed:in_game/map_data/location_templates.txt,medium,Location-specific AD 1 label within its sourced parent frame.,false
location,budimlja,raska_province,land,Dardani Drinus Scardus,local geography / sourced AD 1 parent frame / English,sourced-parent local-feature construction,GEO-PROXY;installed:in_game/map_data/location_templates.txt,medium,Location-specific AD 1 label within its sourced parent frame.,false
location,budingen,wetterau_province,land,Mattiacum Moenus Chatti,local geography / sourced AD 1 parent frame / English,sourced-parent local-feature construction,GEO-PROXY;installed:in_game/map_data/location_templates.txt,medium,Location-specific AD 1 label within its sourced parent frame.,false
location,budjanga,yangman_province,land,Alawa Waanyi Tiwi Reed Fields,local geography / sourced AD 1 parent frame / English,sourced-parent local-feature construction,GEO-PROXY;installed:in_game/map_data/location_templates.txt,medium,Location-specific AD 1 label within its sourced parent frame.,false
location,buenaventura,bear_river_province,land,Bear Weber Bonneville,local geography / sourced AD 1 parent frame / English,sourced-parent local-feature construction,GEO-PROXY;installed:in_game/map_data/location_templates.txt,medium,Location-specific AD 1 label within its sourced parent frame.,false
location,bueng_boraphet_lake,phraek_province,lake,Ping Chao Phraya Spring Lagoon,local geography / sourced AD 1 parent frame / English,sourced-parent local-feature construction,GEO-PROXY;installed:in_game/map_data/location_templates.txt,medium,Location-specific AD 1 label within its sourced parent frame.,false
location,buffalo_head_hills,mikkwa_province,land,Taltheilei Wabasca Peace,local geography / sourced AD 1 parent frame / English,sourced-parent local-feature construction,GEO-PROXY;installed:in_game/map_data/location_templates.txt,medium,Location-specific AD 1 label within its sourced parent frame.,false
location,buga,caly_province,land,Yotoco Cauca Calima Granite,local geography / sourced AD 1 parent frame / English,sourced-parent local-feature construction,GEO-PROXY;installed:in_game/map_data/location_templates.txt,medium,Location-specific AD 1 label within its sourced parent frame.,false
location,buganda,victoria_nile_province,land,Urewe Nile Kyoga Hazel Breaks,local geography / sourced AD 1 parent frame / English,sourced-parent local-feature construction,GEO-PROXY;installed:in_game/map_data/location_templates.txt,medium,Location-specific AD 1 label within its sourced parent frame.,false
location,bugara,lower_kagera_province,land,Kagera Rwenzori Urewe Granite,local geography / sourced AD 1 parent frame / English,sourced-parent local-feature construction,GEO-PROXY;installed:in_game/map_data/location_templates.txt,medium,Location-specific AD 1 label within its sourced parent frame.,false
location,bugat,gobi_altai_province,land,Altai Xiongnu Steppe Spruce,local geography / sourced AD 1 parent frame / English,sourced-parent local-feature construction,GEO-PROXY;installed:in_game/map_data/location_templates.txt,medium,Location-specific AD 1 label within its sourced parent frame.,false
location,bugulma,bavly_province,land,Ik Belaya Pyanobor Loess Heath,local geography / sourced AD 1 parent frame / English,sourced-parent local-feature construction,GEO-PROXY;installed:in_game/map_data/location_templates.txt,medium,Location-specific AD 1 label within its sourced parent frame.,false
location,bugur,kurla_province,land,Weili Yanqi Oasis Cypress,local geography / sourced AD 1 parent frame / English,sourced-parent local-feature construction,GEO-PROXY;installed:in_game/map_data/location_templates.txt,medium,Location-specific AD 1 label within its sourced parent frame.,false
location,buguruslan,bavly_province,land,Ik Belaya Pyanobor Sage Heath,local geography / sourced AD 1 parent frame / English,sourced-parent local-feature construction,GEO-PROXY;installed:in_game/map_data/location_templates.txt,medium,Location-specific AD 1 label within its sourced parent frame.,false
location,buha,amdo_province,land,Qiang Qaidam Sumpa Elm,local geography / sourced AD 1 parent frame / English,sourced-parent local-feature construction,GEO-PROXY;installed:in_game/map_data/location_templates.txt,medium,Location-specific AD 1 label within its sourced parent frame.,false
location,buhoodle,haud_province,land,Haud Webi Pastoral Heather,local geography / sourced AD 1 parent frame / English,sourced-parent local-feature construction,GEO-PROXY;installed:in_game/map_data/location_templates.txt,medium,Location-specific AD 1 label within its sourced parent frame.,false
location,builoo,iningai_province,land,Barcoo–Warrego Channel,local geography / sourced AD 1 parent frame / English,sourced-parent local-feature construction,GEO-PROXY;installed:in_game/map_data/location_templates.txt,medium,Location-specific AD 1 label within its sourced parent frame.,false
location,builth,brecon_province,land,Silures Usk Wye Palm Downs,local geography / sourced AD 1 parent frame / English,sourced-parent local-feature construction,GEO-PROXY;installed:in_game/map_data/location_templates.txt,medium,Location-specific AD 1 label within its sourced parent frame.,false
location,buinovichi,mazyr_province,land,Zarubintsy Pripyat Sluch Reed,local geography / sourced AD 1 parent frame / English,sourced-parent local-feature construction,GEO-PROXY;installed:in_game/map_data/location_templates.txt,medium,Location-specific AD 1 label within its sourced parent frame.,false
location,buir_nuur,buir_nuur_province,land,Argun Xianbei Steppe Loess,local geography / sourced AD 1 parent frame / English,sourced-parent local-feature construction,GEO-PROXY;installed:in_game/map_data/location_templates.txt,medium,Location-specific AD 1 label within its sourced parent frame.,false
location,buitrago_de_lozoya,guadalajara_province,land,Segontia Arriaca Carpetania,local geography / sourced AD 1 parent frame / English,sourced-parent local-feature construction,GEO-PROXY;installed:in_game/map_data/location_templates.txt,medium,Location-specific AD 1 label within its sourced parent frame.,false
location,buiunda,orotukan_province,land,Kolyma Yukaghir Indigirka,local geography / sourced AD 1 parent frame / English,sourced-parent local-feature construction,GEO-PROXY;installed:in_game/map_data/location_templates.txt,medium,Location-specific AD 1 label within its sourced parent frame.,false
location,bujang,kedah_province,land,Muda Monsoon Coast Amber,local geography / sourced AD 1 parent frame / English,sourced-parent local-feature construction,GEO-PROXY;installed:in_game/map_data/location_templates.txt,medium,Location-specific AD 1 label within its sourced parent frame.,false
location,buk,poznan_province,land,Buk Warta–Obra Przeworsk Plain,local geography / sourced AD 1 parent frame / English,sourced-parent local-feature construction,GEO-PROXY;installed:in_game/map_data/location_templates.txt,medium,Location-specific AD 1 label within its sourced parent frame.,false
location,buka,tinputz_province,land,Me ekamui Lapita Sage Terraces,local geography / sourced AD 1 parent frame / English,sourced-parent local-feature construction,GEO-PROXY;installed:in_game/map_data/location_templates.txt,medium,Location-specific AD 1 label within its sourced parent frame.,false
location,bukachacha,khamag_province,land,Baunt Vitim Taiga Cypress Glen,local geography / sourced AD 1 parent frame / English,sourced-parent local-feature construction,GEO-PROXY;installed:in_game/map_data/location_templates.txt,medium,Location-specific AD 1 label within its sourced parent frame.,false
location,bukan,barza_province,land,Atropatene Media Barza Oak,local geography / sourced AD 1 parent frame / English,sourced-parent local-feature construction,GEO-PROXY;installed:in_game/map_data/location_templates.txt,medium,Location-specific AD 1 label within its sourced parent frame.,false
location,bukatatonoa_atoll,vanua_levu_province,land,Lapita Lau Reach,local geography / sourced AD 1 parent frame / English,sourced-parent local-feature construction,GEO-PROXY;installed:in_game/map_data/location_templates.txt,medium,Location-specific AD 1 label within its sourced parent frame.,false
location,bukawa,adzera_province,land,Wampar Huon Valleys Salt,local geography / sourced AD 1 parent frame / English,sourced-parent local-feature construction,GEO-PROXY;installed:in_game/map_data/location_templates.txt,medium,Location-specific AD 1 label within its sourced parent frame.,false
location,bukcheong,hamheung_province,land,Okjeo Hamhung Samhan Birch,local geography / sourced AD 1 parent frame / English,sourced-parent local-feature construction,GEO-PROXY;installed:in_game/map_data/location_templates.txt,medium,Location-specific AD 1 label within its sourced parent frame.,false
location,bukelon,sliven_province,land,Cabyle Augusta Traiana Loess,local geography / sourced AD 1 parent frame / English,sourced-parent local-feature construction,GEO-PROXY;installed:in_game/map_data/location_templates.txt,medium,Location-specific AD 1 label within its sourced parent frame.,false
location,bukhara,bukhara_province,land,Kesh Sogdiana Kangju Hazel,local geography / sourced AD 1 parent frame / English,sourced-parent local-feature construction,GEO-PROXY;installed:in_game/map_data/location_templates.txt,medium,Location-specific AD 1 label within its sourced parent frame.,false
location,bukhta_anastasii,koryak_coast_sea_province,sea,Pakhachi Olyutor Pacific,local geography / sourced AD 1 parent frame / English,sourced-parent local-feature construction,GEO-PROXY;installed:in_game/map_data/location_templates.txt,medium,Location-specific AD 1 label within its sourced parent frame.,false
location,bukhta_lavrova,kamchatka_coast_province,sea,Karagin–Kamchatka Ocean,local geography / sourced AD 1 parent frame / English,sourced-parent local-feature construction,GEO-PROXY;installed:in_game/map_data/location_templates.txt,medium,Location-specific AD 1 label within its sourced parent frame.,false
location,bukhta_mutnaya,achava_coast_sea_province,sea,Itelmen Okhota Kamchatka,local geography / sourced AD 1 parent frame / English,sourced-parent local-feature construction,GEO-PROXY;installed:in_game/map_data/location_templates.txt,medium,Location-specific AD 1 label within its sourced parent frame.,false
location,bukhta_ossora,kamchatka_coast_province,sea,Northwest Ocean,local geography / sourced AD 1 parent frame / English,sourced-parent local-feature construction,GEO-PROXY;installed:in_game/map_data/location_templates.txt,medium,Location-specific AD 1 label within its sourced parent frame.,false
location,buki,bone_province,land,Sulawesi Metal Terraces,local geography / sourced AD 1 parent frame / English,sourced-parent local-feature construction,GEO-PROXY;installed:in_game/map_data/location_templates.txt,medium,Location-specific AD 1 label within its sourced parent frame.,false
location,bukino,kwango_province,land,Kwango Kwilu Ngovo Basalt,local geography / sourced AD 1 parent frame / English,sourced-parent local-feature construction,GEO-PROXY;installed:in_game/map_data/location_templates.txt,medium,Location-specific AD 1 label within its sourced parent frame.,false
location,bukiyip,banaro_province,land,Sepik Chambri Huon Granite,local geography / sourced AD 1 parent frame / English,sourced-parent local-feature construction,GEO-PROXY;installed:in_game/map_data/location_templates.txt,medium,Location-specific AD 1 label within its sourced parent frame.,false
location,bukov,east_muntenia_province,land,Getae Ister Buzău Bracken,local geography / sourced AD 1 parent frame / English,sourced-parent local-feature construction,GEO-PROXY;installed:in_game/map_data/location_templates.txt,medium,Location-specific AD 1 label within its sourced parent frame.,false
location,buksunda,omchikan_province,land,Kolyma Omolon Hunting Sage,local geography / sourced AD 1 parent frame / English,sourced-parent local-feature construction,GEO-PROXY;installed:in_game/map_data/location_templates.txt,medium,Location-specific AD 1 label within its sourced parent frame.,false
location,bul_bukhta,bul_bukhta_province,land,Chara Olyokma Taiga Alder,local geography / sourced AD 1 parent frame / English,sourced-parent local-feature construction,GEO-PROXY;installed:in_game/map_data/location_templates.txt,medium,Location-specific AD 1 label within its sourced parent frame.,false
location,bula,seram_province,land,Eastern Seram Metal-Age Island,local geography / sourced AD 1 parent frame / English,sourced-parent local-feature construction,GEO-PROXY;installed:in_game/map_data/location_templates.txt,medium,Location-specific AD 1 label within its sourced parent frame.,false
location,bula_kongo,kinhasa_province,land,Southwestern Congo Ngovo Plain,local geography / sourced AD 1 parent frame / English,sourced-parent local-feature construction,GEO-PROXY;installed:in_game/map_data/location_templates.txt,medium,Location-specific AD 1 label within its sourced parent frame.,false
location,bulaka_mouth,ndom_coastal_sea_zones_province,sea,Digul Arafura Papuan Monsoon,local geography / sourced AD 1 parent frame / English,sourced-parent local-feature construction,GEO-PROXY;installed:in_game/map_data/location_templates.txt,medium,Location-specific AD 1 label within its sourced parent frame.,false
location,bulakan,banggai_province,land,Peling Tojo Networks Salt,local geography / sourced AD 1 parent frame / English,sourced-parent local-feature construction,GEO-PROXY;installed:in_game/map_data/location_templates.txt,medium,Location-specific AD 1 label within its sourced parent frame.,false
location,bulamu,jingili_province,land,Tanami Warumungu,local geography / sourced AD 1 parent frame / English,sourced-parent local-feature construction,GEO-PROXY;installed:in_game/map_data/location_templates.txt,medium,Location-specific AD 1 label within its sourced parent frame.,false
location,bulava,amur_estuary_province,land,Amur Shantar Maritime Granite,local geography / sourced AD 1 parent frame / English,sourced-parent local-feature construction,GEO-PROXY;installed:in_game/map_data/location_templates.txt,medium,Location-specific AD 1 label within its sourced parent frame.,false
location,bulbancha,bulbancha_province,land,Marksville Alder Moor,local geography / sourced AD 1 parent frame / English,sourced-parent local-feature construction,GEO-PROXY;installed:in_game/map_data/location_templates.txt,medium,Location-specific AD 1 label within its sourced parent frame.,false
location,buleda,gwadar_province,land,Gedrosian Ora Makran Sage Glen,local geography / sourced AD 1 parent frame / English,sourced-parent local-feature construction,GEO-PROXY;installed:in_game/map_data/location_templates.txt,medium,Location-specific AD 1 label within its sourced parent frame.,false
location,bulgan,altay_province,land,Altai Xiongnu Contact Lava,local geography / sourced AD 1 parent frame / English,sourced-parent local-feature construction,GEO-PROXY;installed:in_game/map_data/location_templates.txt,medium,Location-specific AD 1 label within its sourced parent frame.,false
location,buli_bay,tidore_coast_sea_province,sea,Halmahera Waigeo Spice,local geography / sourced AD 1 parent frame / English,sourced-parent local-feature construction,GEO-PROXY;installed:in_game/map_data/location_templates.txt,medium,Location-specific AD 1 label within its sourced parent frame.,false
location,bulik,lamandau_province,land,Lamandau Jelai Kapuas Alder,local geography / sourced AD 1 parent frame / English,sourced-parent local-feature construction,GEO-PROXY;installed:in_game/map_data/location_templates.txt,medium,Location-specific AD 1 label within its sourced parent frame.,false
location,buljigu,tidni_province,land,Mirning Ngadju Great,local geography / sourced AD 1 parent frame / English,sourced-parent local-feature construction,GEO-PROXY;installed:in_game/map_data/location_templates.txt,medium,Location-specific AD 1 label within its sourced parent frame.,false
location,buluan,mindanao_province,land,Cotabato Agusan Networks,local geography / sourced AD 1 parent frame / English,sourced-parent local-feature construction,GEO-PROXY;installed:in_game/map_data/location_templates.txt,medium,Location-specific AD 1 label within its sourced parent frame.,false
location,buluguda,badimaya_province,land,Wajarri–Yamatji,local geography / sourced AD 1 parent frame / English,sourced-parent local-feature construction,GEO-PROXY;installed:in_game/map_data/location_templates.txt,medium,Location-specific AD 1 label within its sourced parent frame.,false
location,bulun,tatta_province,land,Amga Uolba Taiga Chalk Shelf,local geography / sourced AD 1 parent frame / English,sourced-parent local-feature construction,GEO-PROXY;installed:in_game/map_data/location_templates.txt,medium,Location-specific AD 1 label within its sourced parent frame.,false
location,buluranriding,lower_musi_province,land,Musi Lalan Pasemah Reed Fen,local geography / sourced AD 1 parent frame / English,sourced-parent local-feature construction,GEO-PROXY;installed:in_game/map_data/location_templates.txt,medium,Location-specific AD 1 label within its sourced parent frame.,false
location,bumbe,nzere_province,land,Nzadi Soyo Coastlands Granite,local geography / sourced AD 1 parent frame / English,sourced-parent local-feature construction,GEO-PROXY;installed:in_game/map_data/location_templates.txt,medium,Location-specific AD 1 label within its sourced parent frame.,false
location,bumbuli,bena_province,land,Lulua Kasai Lukenie Sandstone,local geography / sourced AD 1 parent frame / English,sourced-parent local-feature construction,GEO-PROXY;installed:in_game/map_data/location_templates.txt,medium,Location-specific AD 1 label within its sourced parent frame.,false
location,bumbuzi,shangani_province,land,Shashe Limpopo Hunter Chalk,local geography / sourced AD 1 parent frame / English,sourced-parent local-feature construction,GEO-PROXY;installed:in_game/map_data/location_templates.txt,medium,Location-specific AD 1 label within its sourced parent frame.,false
location,bumi_ayu,ogan_province,land,Musi Komering Metal Heather,local geography / sourced AD 1 parent frame / English,sourced-parent local-feature construction,GEO-PROXY;installed:in_game/map_data/location_templates.txt,medium,Location-specific AD 1 label within its sourced parent frame.,false
location,bumthang,eastern_bhutan_province,land,Tawang Brahmaputra Himalayan,local geography / sourced AD 1 parent frame / English,sourced-parent local-feature construction,GEO-PROXY;installed:in_game/map_data/location_templates.txt,medium,Location-specific AD 1 label within its sourced parent frame.,false
location,bunbury_coast,wardandi_yoberrore_province_coast,sea,Wardandi Minang Great,local geography / sourced AD 1 parent frame / English,sourced-parent local-feature construction,GEO-PROXY;installed:in_game/map_data/location_templates.txt,medium,Location-specific AD 1 label within its sourced parent frame.,false
location,bunce_island,temne_province,land,Scarcies Rokel Iron Cypress,local geography / sourced AD 1 parent frame / English,sourced-parent local-feature construction,GEO-PROXY;installed:in_game/map_data/location_templates.txt,medium,Location-specific AD 1 label within its sourced parent frame.,false
location,bundi,hadoti,land,Malava Matsya Chambal Loess,local geography / sourced AD 1 parent frame / English,sourced-parent local-feature construction,GEO-PROXY;installed:in_game/map_data/location_templates.txt,medium,Location-specific AD 1 label within its sourced parent frame.,false
location,bundjalung,turrbal_province,land,Turrbal Rain Grasslands,local geography / sourced AD 1 parent frame / English,sourced-parent local-feature construction,GEO-PROXY;installed:in_game/map_data/location_templates.txt,medium,Location-specific AD 1 label within its sourced parent frame.,false
location,bungabali,barat_daya_province,land,Babar Wetar Networks Peat,local geography / sourced AD 1 parent frame / English,sourced-parent local-feature construction,GEO-PROXY;installed:in_game/map_data/location_templates.txt,medium,Location-specific AD 1 label within its sourced parent frame.,false
location,bungalaut_channel,pagaruyung_coast_province,sea,Mentawai Barisan Yavadvipa,local geography / sourced AD 1 parent frame / English,sourced-parent local-feature construction,GEO-PROXY;installed:in_game/map_data/location_templates.txt,medium,Location-specific AD 1 label within its sourced parent frame.,false
location,bungi,makassar_province,land,Tempe Walanae Metal Peat Carr,local geography / sourced AD 1 parent frame / English,sourced-parent local-feature construction,GEO-PROXY;installed:in_game/map_data/location_templates.txt,medium,Location-specific AD 1 label within its sourced parent frame.,false
location,bungku,bungku_province,land,Mori Kendari Metal Basalt,local geography / sourced AD 1 parent frame / English,sourced-parent local-feature construction,GEO-PROXY;installed:in_game/map_data/location_templates.txt,medium,Location-specific AD 1 label within its sourced parent frame.,false
location,bungu,east_rukwa_province,land,Rukwa Kimbu Pastoral Karst,local geography / sourced AD 1 parent frame / English,sourced-parent local-feature construction,GEO-PROXY;installed:in_game/map_data/location_templates.txt,medium,Location-specific AD 1 label within its sourced parent frame.,false
location,bungu_kongo,central_kongo_province,land,Niari Kwanza Equatorial,local geography / sourced AD 1 parent frame / English,sourced-parent local-feature construction,GEO-PROXY;installed:in_game/map_data/location_templates.txt,medium,Location-specific AD 1 label within its sourced parent frame.,false
location,bunji,balor,land,Darada Gilgit Kamboja Cedar,local geography / sourced AD 1 parent frame / English,sourced-parent local-feature construction,GEO-PROXY;installed:in_game/map_data/location_templates.txt,medium,Location-specific AD 1 label within its sourced parent frame.,false
location,bunol,valencia_province,land,Valentia Edetanorum Edetania,local geography / sourced AD 1 parent frame / English,sourced-parent local-feature construction,GEO-PROXY;installed:in_game/map_data/location_templates.txt,medium,Location-specific AD 1 label within its sourced parent frame.,false
location,bunratty,clare_province,land,Gangani Shannon Iverni Sage,local geography / sourced AD 1 parent frame / English,sourced-parent local-feature construction,GEO-PROXY;installed:in_game/map_data/location_templates.txt,medium,Location-specific AD 1 label within its sourced parent frame.,false
location,bunuba,mangala_province,land,Gooniyandi Wilinggin Great,local geography / sourced AD 1 parent frame / English,sourced-parent local-feature construction,GEO-PROXY;installed:in_game/map_data/location_templates.txt,medium,Location-specific AD 1 label within its sourced parent frame.,false
location,bunut,upper_kapuas_province,land,Kapuas Sentarum Metal Karst,local geography / sourced AD 1 parent frame / English,sourced-parent local-feature construction,GEO-PROXY;installed:in_game/map_data/location_templates.txt,medium,Location-specific AD 1 label within its sourced parent frame.,false
location,buor_yuryakh,orotko_province,land,Yana Chondon Paleo Chalk Ridge,local geography / sourced AD 1 parent frame / English,sourced-parent local-feature construction,GEO-PROXY;installed:in_game/map_data/location_templates.txt,medium,Location-specific AD 1 label within its sourced parent frame.,false
location,buotama,upper_lena_province,land,Lena Olekma Hunting Heather,local geography / sourced AD 1 parent frame / English,sourced-parent local-feature construction,GEO-PROXY;installed:in_game/map_data/location_templates.txt,medium,Location-specific AD 1 label within its sourced parent frame.,false
location,bur_nepa,tokma_province,land,Bur Kulay Angara–Tunguska,local geography / sourced AD 1 parent frame / English,sourced-parent local-feature construction,GEO-PROXY;installed:in_game/map_data/location_templates.txt,medium,Location-specific AD 1 label within its sourced parent frame.,false
location,bura,liptako_province,land,Niger Bend Iron Amber Fields,local geography / sourced AD 1 parent frame / English,sourced-parent local-feature construction,GEO-PROXY;installed:in_game/map_data/location_templates.txt,medium,Location-specific AD 1 label within its sourced parent frame.,false
location,burao,ciid_province,land,Golis Nugaal Pastoral Heather,local geography / sourced AD 1 parent frame / English,sourced-parent local-feature construction,GEO-PROXY;installed:in_game/map_data/location_templates.txt,medium,Location-specific AD 1 label within its sourced parent frame.,false
location,burara,ngalakan_province,land,Ngalkbun Rembarrnga Tiwi Palm,local geography / sourced AD 1 parent frame / English,sourced-parent local-feature construction,GEO-PROXY;installed:in_game/map_data/location_templates.txt,medium,Location-specific AD 1 label within its sourced parent frame.,false
location,buraydah,east_qassim_province,land,Burayda Najd Oasis,local geography / sourced AD 1 parent frame / English,sourced-parent local-feature construction,GEO-PROXY;installed:in_game/map_data/location_templates.txt,medium,Location-specific AD 1 label within its sourced parent frame.,false
location,burayevo,ufa_province,land,Glyadenovo Belaya Ufa Sage,local geography / sourced AD 1 parent frame / English,sourced-parent local-feature construction,GEO-PROXY;installed:in_game/map_data/location_templates.txt,medium,Location-specific AD 1 label within its sourced parent frame.,false
location,burchmullo,chach_province,land,Chach Fanakat,local geography / sourced AD 1 parent frame / English,sourced-parent local-feature construction,GEO-PROXY;installed:in_game/map_data/location_templates.txt,medium,Location-specific AD 1 label within its sourced parent frame.,false
location,burdekin,djabuganjdji_province,land,Gugu-Badhun–Wet Tropics,local geography / sourced AD 1 parent frame / English,sourced-parent local-feature construction,GEO-PROXY;installed:in_game/map_data/location_templates.txt,medium,Location-specific AD 1 label within its sourced parent frame.,false
location,burdekin_river_mouth,djabuganjdji_bindal_province_coast,sea,Gugu-Badhun,local geography / sourced AD 1 parent frame / English,sourced-parent local-feature construction,GEO-PROXY;installed:in_game/map_data/location_templates.txt,medium,Location-specific AD 1 label within its sourced parent frame.,false
location,burdur,hamid_province,land,Pisidian Ionia Caria Peat Moor,local geography / sourced AD 1 parent frame / English,sourced-parent local-feature construction,GEO-PROXY;installed:in_game/map_data/location_templates.txt,medium,Location-specific AD 1 label within its sourced parent frame.,false
location,burebasaga,viti_levu_province,land,Lapita Descended Viti Lava,local geography / sourced AD 1 parent frame / English,sourced-parent local-feature construction,GEO-PROXY;installed:in_game/map_data/location_templates.txt,medium,Location-specific AD 1 label within its sourced parent frame.,false
location,bureen,uda_province,land,Xiongnu Uda Selenga Lava,local geography / sourced AD 1 parent frame / English,sourced-parent local-feature construction,GEO-PROXY;installed:in_game/map_data/location_templates.txt,medium,Location-specific AD 1 label within its sourced parent frame.,false
location,buren,lippe_province,land,Bructeri–Cherusci Lippe,local geography / sourced AD 1 parent frame / English,sourced-parent local-feature construction,GEO-PROXY;installed:in_game/map_data/location_templates.txt,medium,Location-specific AD 1 label within its sourced parent frame.,false
location,buren_khem,smaller_yenisei_province,land,Tashtyk Kaa Tes Sandstone,local geography / sourced AD 1 parent frame / English,sourced-parent local-feature construction,GEO-PROXY;installed:in_game/map_data/location_templates.txt,medium,Location-specific AD 1 label within its sourced parent frame.,false
location,bureya,amgun_province,land,Pol tse Amgun Karst Bench,local geography / sourced AD 1 parent frame / English,sourced-parent local-feature construction,GEO-PROXY;installed:in_game/map_data/location_templates.txt,medium,Location-specific AD 1 label within its sourced parent frame.,false
location,burg,magdeburger_borde_province,land,Semnones Hermunduri Elbe Elm,local geography / sourced AD 1 parent frame / English,sourced-parent local-feature construction,GEO-PROXY;installed:in_game/map_data/location_templates.txt,medium,Location-specific AD 1 label within its sourced parent frame.,false
location,burg_bu_mountain1,hodna_province,land,Numidian Chott Hodna,local geography / sourced AD 1 parent frame / English,sourced-parent local-feature construction,GEO-PROXY;installed:in_game/map_data/location_templates.txt,medium,Location-specific AD 1 label within its sourced parent frame.,false
location,burg_bu_mountain2,hodna_province,land,Valleyward Numidian Chott,local geography / sourced AD 1 parent frame / English,sourced-parent local-feature construction,GEO-PROXY;installed:in_game/map_data/location_templates.txt,medium,Location-specific AD 1 label within its sourced parent frame.,false
location,burga,nagornaya_province,land,Syas Tikhvin Dyakovo Alder,local geography / sourced AD 1 parent frame / English,sourced-parent local-feature construction,GEO-PROXY;installed:in_game/map_data/location_templates.txt,medium,Location-specific AD 1 label within its sourced parent frame.,false
location,burgas,burgas_province,land,Pontica Birch Moor,local geography / sourced AD 1 parent frame / English,sourced-parent local-feature construction,GEO-PROXY;installed:in_game/map_data/location_templates.txt,medium,Location-specific AD 1 label within its sourced parent frame.,false
location,burgdorf,hanover_province,land,Cherusci Angrivarii,local geography / sourced AD 1 parent frame / English,sourced-parent local-feature construction,GEO-PROXY;installed:in_game/map_data/location_templates.txt,medium,Location-specific AD 1 label within its sourced parent frame.,false
location,burgdorf_emmental,bern_province,land,Helvetii Aar Alpine Pine,local geography / sourced AD 1 parent frame / English,sourced-parent local-feature construction,GEO-PROXY;installed:in_game/map_data/location_templates.txt,medium,Location-specific AD 1 label within its sourced parent frame.,false
location,burgeo_bank,hermitage_coast_sea_province,sea,Beothuk Dawnland Shield,local geography / sourced AD 1 parent frame / English,sourced-parent local-feature construction,GEO-PROXY;installed:in_game/map_data/location_templates.txt,medium,Location-specific AD 1 label within its sourced parent frame.,false
location,burghausen,gauboden_province,land,Isar Inn Vindelician Sage,local geography / sourced AD 1 parent frame / English,sourced-parent local-feature construction,GEO-PROXY;installed:in_game/map_data/location_templates.txt,medium,Location-specific AD 1 label within its sourced parent frame.,false
location,burglengenfeld,oberpfalzer_wald_province,land,Naristi Naab Vindelicia,local geography / sourced AD 1 parent frame / English,sourced-parent local-feature construction,GEO-PROXY;installed:in_game/map_data/location_templates.txt,medium,Location-specific AD 1 label within its sourced parent frame.,false
location,burgo_de_osma,soria_province,land,Arevaci Numantia Uxama Cedar,local geography / sourced AD 1 parent frame / English,sourced-parent local-feature construction,GEO-PROXY;installed:in_game/map_data/location_templates.txt,medium,Location-specific AD 1 label within its sourced parent frame.,false
location,burgos,burgos_province,land,Arevaci Salt Reach,local geography / sourced AD 1 parent frame / English,sourced-parent local-feature construction,GEO-PROXY;installed:in_game/map_data/location_templates.txt,medium,Location-specific AD 1 label within its sourced parent frame.,false
location,burhanpur,khandesh,land,Malava Vidarbha Tapti Bracken,local geography / sourced AD 1 parent frame / English,sourced-parent local-feature construction,GEO-PROXY;installed:in_game/map_data/location_templates.txt,medium,Location-specific AD 1 label within its sourced parent frame.,false
location,buri,denkelia_province,land,Adulis Danakil Aksum Reed,local geography / sourced AD 1 parent frame / English,sourced-parent local-feature construction,GEO-PROXY;installed:in_game/map_data/location_templates.txt,medium,Location-specific AD 1 label within its sourced parent frame.,false
location,buriari,windward_islands_province,land,Waitukubuli Hewanorra,local geography / sourced AD 1 parent frame / English,sourced-parent local-feature construction,GEO-PROXY;installed:in_game/map_data/location_templates.txt,medium,Location-specific AD 1 label within its sourced parent frame.,false
location,burica,boruca_province,land,Diquís Chiriquí Maya Grass,local geography / sourced AD 1 parent frame / English,sourced-parent local-feature construction,GEO-PROXY;installed:in_game/map_data/location_templates.txt,medium,Location-specific AD 1 label within its sourced parent frame.,false
location,buriram,buriram_province,land,Mun Mekong Khorat Sage Downs,local geography / sourced AD 1 parent frame / English,sourced-parent local-feature construction,GEO-PROXY;installed:in_game/map_data/location_templates.txt,medium,Location-specific AD 1 label within its sourced parent frame.,false
location,buriti,paracatu_province,land,Akwẽ São Francisco Pine Scrub,local geography / sourced AD 1 parent frame / English,sourced-parent local-feature construction,GEO-PROXY;installed:in_game/map_data/location_templates.txt,medium,Location-specific AD 1 label within its sourced parent frame.,false
location,burkand_ya,indigirka_province,land,Indigirka Taiga Kolyma Elm,local geography / sourced AD 1 parent frame / English,sourced-parent local-feature construction,GEO-PROXY;installed:in_game/map_data/location_templates.txt,medium,Location-specific AD 1 label within its sourced parent frame.,false
location,burkhaia,yuryakh_province,land,Proto Yukaghir Kulu Lava Shelf,local geography / sourced AD 1 parent frame / English,sourced-parent local-feature construction,GEO-PROXY;installed:in_game/map_data/location_templates.txt,medium,Location-specific AD 1 label within its sourced parent frame.,false
location,burns_lake,lake_dakelh_province,lake,Southwest Nechako,local geography / sourced AD 1 parent frame / English,sourced-parent local-feature construction,GEO-PROXY;installed:in_game/map_data/location_templates.txt,medium,Location-specific AD 1 label within its sourced parent frame.,false
location,burqin,altay_province,land,Altai Xiongnu Contact Fern,local geography / sourced AD 1 parent frame / English,sourced-parent local-feature construction,GEO-PROXY;installed:in_game/map_data/location_templates.txt,medium,Location-specific AD 1 label within its sourced parent frame.,false
location,burra_burra,narangga_province,land,Narungga Kaurna,local geography / sourced AD 1 parent frame / English,sourced-parent local-feature construction,GEO-PROXY;installed:in_game/map_data/location_templates.txt,medium,Location-specific AD 1 label within its sourced parent frame.,false
location,burraq,shaam_province,land,Damascus Coele Syria Birch,local geography / sourced AD 1 parent frame / English,sourced-parent local-feature construction,GEO-PROXY;installed:in_game/map_data/location_templates.txt,medium,Location-specific AD 1 label within its sourced parent frame.,false
location,burrishoole,mayo_province,land,Murrisk Lands,local geography / sourced AD 1 parent frame / English,sourced-parent local-feature construction,GEO-PROXY;installed:in_game/map_data/location_templates.txt,medium,Location-specific AD 1 label within its sourced parent frame.,false
location,burrum,darumbal_province,land,Riverward Southeastern,local geography / sourced AD 1 parent frame / English,sourced-parent local-feature construction,GEO-PROXY;installed:in_game/map_data/location_templates.txt,medium,Location-specific AD 1 label within its sourced parent frame.,false
location,bursa,hudavendigar_province,land,Bithynia Olympene Mysia,local geography / sourced AD 1 parent frame / English,sourced-parent local-feature construction,GEO-PROXY;installed:in_game/map_data/location_templates.txt,medium,Location-specific AD 1 label within its sourced parent frame.,false
location,bursol,bursol_province,land,Kulunda Salt Steppe Cypress,local geography / sourced AD 1 parent frame / English,sourced-parent local-feature construction,GEO-PROXY;installed:in_game/map_data/location_templates.txt,medium,Location-specific AD 1 label within its sourced parent frame.,false
location,burugardi,burugardi_province,land,Biripi Gumbaynggirr Coast,local geography / sourced AD 1 parent frame / English,sourced-parent local-feature construction,GEO-PROXY;installed:in_game/map_data/location_templates.txt,medium,Location-specific AD 1 label within its sourced parent frame.,false
location,burunda,selemdzha_province,land,Yilou Selemdzha Zeya Reed,local geography / sourced AD 1 parent frame / English,sourced-parent local-feature construction,GEO-PROXY;installed:in_game/map_data/location_templates.txt,medium,Location-specific AD 1 label within its sourced parent frame.,false
location,burunge,upper_wami_province,land,Wami Mpwapwa Pastoral Granite,local geography / sourced AD 1 parent frame / English,sourced-parent local-feature construction,GEO-PROXY;installed:in_game/map_data/location_templates.txt,medium,Location-specific AD 1 label within its sourced parent frame.,false
location,buruwai,bomberai_province,land,Bomberai Onin Peninsula Elm,local geography / sourced AD 1 parent frame / English,sourced-parent local-feature construction,GEO-PROXY;installed:in_game/map_data/location_templates.txt,medium,Location-specific AD 1 label within its sourced parent frame.,false
location,bury,suffolk_province,land,Gipping Waveney Iceni Heather,local geography / sourced AD 1 parent frame / English,sourced-parent local-feature construction,GEO-PROXY;installed:in_game/map_data/location_templates.txt,medium,Location-specific AD 1 label within its sourced parent frame.,false
location,buryeong,gyongseong_province,land,Okjeo Hamgyong Coast Amber,local geography / sourced AD 1 parent frame / English,sourced-parent local-feature construction,GEO-PROXY;installed:in_game/map_data/location_templates.txt,medium,Location-specific AD 1 label within its sourced parent frame.,false
location,buryn,nizhyn_province,land,Desna Seim Zarubintsy Heather,local geography / sourced AD 1 parent frame / English,sourced-parent local-feature construction,GEO-PROXY;installed:in_game/map_data/location_templates.txt,medium,Location-specific AD 1 label within its sourced parent frame.,false
location,busal,jech_doab,land,Hydaspes Akesines Doab Willow,local geography / sourced AD 1 parent frame / English,sourced-parent local-feature construction,GEO-PROXY;installed:in_game/map_data/location_templates.txt,medium,Location-specific AD 1 label within its sourced parent frame.,false
location,busayrah,raqqa_province,land,Euphrates Nikephorion Sura,local geography / sourced AD 1 parent frame / English,sourced-parent local-feature construction,GEO-PROXY;installed:in_game/map_data/location_templates.txt,medium,Location-specific AD 1 label within its sourced parent frame.,false
location,buse,selemdzha_province,land,Yilou Selemdzha Zeya Sage,local geography / sourced AD 1 parent frame / English,sourced-parent local-feature construction,GEO-PROXY;installed:in_game/map_data/location_templates.txt,medium,Location-specific AD 1 label within its sourced parent frame.,false
location,bushehr_bay,fars_coastal_sea_zones_province,sea,Persis Characene Pelagos,local geography / sourced AD 1 parent frame / English,sourced-parent local-feature construction,GEO-PROXY;installed:in_game/map_data/location_templates.txt,medium,Location-specific AD 1 label within its sourced parent frame.,false
location,busiyn,smaller_yenisei_province,land,Tashtyk Kaa Khem Limestone,local geography / sourced AD 1 parent frame / English,sourced-parent local-feature construction,GEO-PROXY;installed:in_game/map_data/location_templates.txt,medium,Location-specific AD 1 label within its sourced parent frame.,false
location,busk,belz_province,land,Bug Lipița Dniester Amber,local geography / sourced AD 1 parent frame / English,sourced-parent local-feature construction,GEO-PROXY;installed:in_game/map_data/location_templates.txt,medium,Location-specific AD 1 label within its sourced parent frame.,false
location,buskegau,mattagami_province,land,Laurel Abitibi Mattagami,local geography / sourced AD 1 parent frame / English,sourced-parent local-feature construction,GEO-PROXY;installed:in_game/map_data/location_templates.txt,medium,Location-specific AD 1 label within its sourced parent frame.,false
location,busko_zdroj,pilzno_province,land,Przeworsk Wisłoka Nida Grass,local geography / sourced AD 1 parent frame / English,sourced-parent local-feature construction,GEO-PROXY;installed:in_game/map_data/location_templates.txt,medium,Location-specific AD 1 label within its sourced parent frame.,false
location,busoga,victoria_nile_province,land,Urewe Nile Kyoga Willow Hollow,local geography / sourced AD 1 parent frame / English,sourced-parent local-feature construction,GEO-PROXY;installed:in_game/map_data/location_templates.txt,medium,Location-specific AD 1 label within its sourced parent frame.,false
location,bussa,borgu_province,land,Niger Alibori Iron Heather,local geography / sourced AD 1 parent frame / English,sourced-parent local-feature construction,GEO-PROXY;installed:in_game/map_data/location_templates.txt,medium,Location-specific AD 1 label within its sourced parent frame.,false
location,bustamante_bay,patagonia_sea_zones_province,sea,Santa Shallow Channel,local geography / sourced AD 1 parent frame / English,sourced-parent local-feature construction,GEO-PROXY;installed:in_game/map_data/location_templates.txt,medium,Location-specific AD 1 label within its sourced parent frame.,false
location,bustard_bay,darumbal_province_coast,sea,Capricorn Moreton Malagasy,local geography / sourced AD 1 parent frame / English,sourced-parent local-feature construction,GEO-PROXY;installed:in_game/map_data/location_templates.txt,medium,Location-specific AD 1 label within its sourced parent frame.,false
location,busuanga,palawan_province,land,Tabon Calamian Cave Reed,local geography / sourced AD 1 parent frame / English,sourced-parent local-feature construction,GEO-PROXY;installed:in_game/map_data/location_templates.txt,medium,Location-specific AD 1 label within its sourced parent frame.,false
location,buta_ranquil,pehuenmapu_province,land,Huapi Lava Bench,local geography / sourced AD 1 parent frame / English,sourced-parent local-feature construction,GEO-PROXY;installed:in_game/map_data/location_templates.txt,medium,Location-specific AD 1 label within its sourced parent frame.,false
location,butalin,sagaing_province,land,Pyu Chindwin Irrawaddy Reed,local geography / sourced AD 1 parent frame / English,sourced-parent local-feature construction,GEO-PROXY;installed:in_game/map_data/location_templates.txt,medium,Location-specific AD 1 label within its sourced parent frame.,false
location,butaritari_atoll,tungaru_province,land,Tungaru Tarawa,local geography / sourced AD 1 parent frame / English,sourced-parent local-feature construction,GEO-PROXY;installed:in_game/map_data/location_templates.txt,medium,Location-specific AD 1 label within its sourced parent frame.,false
location,buteha,chol_province,land,Nen Khingan Xianbei Juniper,local geography / sourced AD 1 parent frame / English,sourced-parent local-feature construction,GEO-PROXY;installed:in_game/map_data/location_templates.txt,medium,Location-specific AD 1 label within its sourced parent frame.,false
location,butha_buthe,thaba_bosiu_province,land,Maloti Caledon Hunter Granite,local geography / sourced AD 1 parent frame / English,sourced-parent local-feature construction,GEO-PROXY;installed:in_game/map_data/location_templates.txt,medium,Location-specific AD 1 label within its sourced parent frame.,false
location,buthelezi,umgungundlovu_province,land,Early Nguni Mhlatuze,local geography / sourced AD 1 parent frame / English,sourced-parent local-feature construction,GEO-PROXY;installed:in_game/map_data/location_templates.txt,medium,Location-specific AD 1 label within its sourced parent frame.,false
location,buton_strait,butung_coast_sea_province,sea,Wakatobi Yavadvipa Maritime,local geography / sourced AD 1 parent frame / English,sourced-parent local-feature construction,GEO-PROXY;installed:in_game/map_data/location_templates.txt,medium,Location-specific AD 1 label within its sourced parent frame.,false
location,butrint,north_epirus_province,land,Bouthrōtón Lands,local geography / sourced AD 1 parent frame / English,sourced-parent local-feature construction,GEO-PROXY;installed:in_game/map_data/location_templates.txt,medium,Location-specific AD 1 label within its sourced parent frame.,false
location,butt_of_lewis,hebridean_sea_province,sea,Caledonian Isles,local geography / sourced AD 1 parent frame / English,sourced-parent local-feature construction,GEO-PROXY;installed:in_game/map_data/location_templates.txt,medium,Location-specific AD 1 label within its sourced parent frame.,false
location,butuan,agusan_province,land,Agusan Surigao Metal Reed Carr,local geography / sourced AD 1 parent frame / English,sourced-parent local-feature construction,GEO-PROXY;installed:in_game/map_data/location_templates.txt,medium,Location-specific AD 1 label within its sourced parent frame.,false
location,butuan_bay,bohol_coast_sea_province,sea,Inter Coral,local geography / sourced AD 1 parent frame / English,sourced-parent local-feature construction,GEO-PROXY;installed:in_game/map_data/location_templates.txt,medium,Location-specific AD 1 label within its sourced parent frame.,false
location,butung,butung_province,land,Muna Buton Sulawesi Lava,local geography / sourced AD 1 parent frame / English,sourced-parent local-feature construction,GEO-PROXY;installed:in_game/map_data/location_templates.txt,medium,Location-specific AD 1 label within its sourced parent frame.,false
location,buturlinovka,borisoglebsk_province,land,Aorsi Tanais Khoper Fern,local geography / sourced AD 1 parent frame / English,sourced-parent local-feature construction,GEO-PROXY;installed:in_game/map_data/location_templates.txt,medium,Location-specific AD 1 label within its sourced parent frame.,false
location,butyrskoe,bursol_province,land,Kulunda Salt Steppe Limestone,local geography / sourced AD 1 parent frame / English,sourced-parent local-feature construction,GEO-PROXY;installed:in_game/map_data/location_templates.txt,medium,Location-specific AD 1 label within its sourced parent frame.,false
location,butzow,schwerin_province,land,Varini Warnow Baltic Cypress,local geography / sourced AD 1 parent frame / English,sourced-parent local-feature construction,GEO-PROXY;installed:in_game/map_data/location_templates.txt,medium,Location-specific AD 1 label within its sourced parent frame.,false
location,buur_hakaba,shebelle_province,land,Azanian Shabelle Juba Alder,local geography / sourced AD 1 parent frame / English,sourced-parent local-feature construction,GEO-PROXY;installed:in_game/map_data/location_templates.txt,medium,Location-specific AD 1 label within its sourced parent frame.,false
location,buur_heybe,shebelle_province,land,Azanian Shabelle Juba Flint,local geography / sourced AD 1 parent frame / English,sourced-parent local-feature construction,GEO-PROXY;installed:in_game/map_data/location_templates.txt,medium,Location-specific AD 1 label within its sourced parent frame.,false
location,buwat,khaybar_province,land,Dedan Khaybar Oasis Cypress,local geography / sourced AD 1 parent frame / English,sourced-parent local-feature construction,GEO-PROXY;installed:in_game/map_data/location_templates.txt,medium,Location-specific AD 1 label within its sourced parent frame.,false
location,buxar,arrah_province,land,Magadha Son Kashi Heather,local geography / sourced AD 1 parent frame / English,sourced-parent local-feature construction,GEO-PROXY;installed:in_game/map_data/location_templates.txt,medium,Location-specific AD 1 label within its sourced parent frame.,false
location,buy,buy_province,land,Buy Kostroma Volga Dyakovo,local geography / sourced AD 1 parent frame / English,sourced-parent local-feature construction,GEO-PROXY;installed:in_game/map_data/location_templates.txt,medium,Location-specific AD 1 label within its sourced parent frame.,false
location,buzanga,lower_kagera_province,land,Kagera Rwenzori Urewe Chalk,local geography / sourced AD 1 parent frame / English,sourced-parent local-feature construction,GEO-PROXY;installed:in_game/map_data/location_templates.txt,medium,Location-specific AD 1 label within its sourced parent frame.,false
location,buzare_point,arua_coastal_sea_zones_province,sea,Guiana Araguari Great Pelagic,local geography / sourced AD 1 parent frame / English,sourced-parent local-feature construction,GEO-PROXY;installed:in_game/map_data/location_templates.txt,medium,Location-specific AD 1 label within its sourced parent frame.,false
location,buzau,east_muntenia_province,land,Getae Ister Danube Willow,local geography / sourced AD 1 parent frame / English,sourced-parent local-feature construction,GEO-PROXY;installed:in_game/map_data/location_templates.txt,medium,Location-specific AD 1 label within its sourced parent frame.,false
location,buzet,istria_province,land,Histri Pola Tergeste Cypress,local geography / sourced AD 1 parent frame / English,sourced-parent local-feature construction,GEO-PROXY;installed:in_game/map_data/location_templates.txt,medium,Location-specific AD 1 label within its sourced parent frame.,false
location,buzhskyi,vinnytsia_province,land,Zarubintsy Bug Lipița Heather,local geography / sourced AD 1 parent frame / English,sourced-parent local-feature construction,GEO-PROXY;installed:in_game/map_data/location_templates.txt,medium,Location-specific AD 1 label within its sourced parent frame.,false
location,buzikkala,yangikent_province,land,Iaxartes Kangju Sogdiana,local geography / sourced AD 1 parent frame / English,sourced-parent local-feature construction,GEO-PROXY;installed:in_game/map_data/location_templates.txt,medium,Location-specific AD 1 label within its sourced parent frame.,false
location,buzuluk,sorochinskaya_province,land,Sarmatian Samara Kara Loess,local geography / sourced AD 1 parent frame / English,sourced-parent local-feature construction,GEO-PROXY;installed:in_game/map_data/location_templates.txt,medium,Location-specific AD 1 label within its sourced parent frame.,false
location,bwambe,cameroon_province,land,Wouri Sanaga Coast Chalk,local geography / sourced AD 1 parent frame / English,sourced-parent local-feature construction,GEO-PROXY;installed:in_game/map_data/location_templates.txt,medium,Location-specific AD 1 label within its sourced parent frame.,false
location,byadi,suullar_myraan_province,land,Beedi Lands,local geography / sourced AD 1 parent frame / English,sourced-parent local-feature construction,GEO-PROXY;installed:in_game/map_data/location_templates.txt,medium,Location-specific AD 1 label within its sourced parent frame.,false
location,byanye,suullar_myraan_province,land,Amga Maya Taiga Oak Savanna,local geography / sourced AD 1 parent frame / English,sourced-parent local-feature construction,GEO-PROXY;installed:in_game/map_data/location_templates.txt,medium,Location-specific AD 1 label within its sourced parent frame.,false
location,byas_kyuyol,lungxa_province,land,Bes Küöl Lena–Vilyuy Taiga,local geography / sourced AD 1 parent frame / English,sourced-parent local-feature construction,GEO-PROXY;installed:in_game/map_data/location_templates.txt,medium,Location-specific AD 1 label within its sourced parent frame.,false
location,bydgoszcz,kuyavia_province,land,Przeworsk Noteć Vistula Sage,local geography / sourced AD 1 parent frame / English,sourced-parent local-feature construction,GEO-PROXY;installed:in_game/map_data/location_templates.txt,medium,Location-specific AD 1 label within its sourced parent frame.,false
location,byerazino,lahoysk_province,land,Dnieper Loess Heath,local geography / sourced AD 1 parent frame / English,sourced-parent local-feature construction,GEO-PROXY;installed:in_game/map_data/location_templates.txt,medium,Location-specific AD 1 label within its sourced parent frame.,false
location,bygdea,vasterbotten_province,land,Sámi Bothnian Torne Chalk Moor,local geography / sourced AD 1 parent frame / English,sourced-parent local-feature construction,GEO-PROXY;installed:in_game/map_data/location_templates.txt,medium,Location-specific AD 1 label within its sourced parent frame.,false
location,bykhaw,mogilev_province,land,Dnieper Sozh Dvina Sage,local geography / sourced AD 1 parent frame / English,sourced-parent local-feature construction,GEO-PROXY;installed:in_game/map_data/location_templates.txt,medium,Location-specific AD 1 label within its sourced parent frame.,false
location,bykovo,pologoye_zaymishche_province,land,Aorsi Volga Elton Fern Shelf,local geography / sourced AD 1 parent frame / English,sourced-parent local-feature construction,GEO-PROXY;installed:in_game/map_data/location_templates.txt,medium,Location-specific AD 1 label within its sourced parent frame.,false
location,byrakan,vilyuy_province,land,Biirakaan Vilyuy–Lena Plain,local geography / sourced AD 1 parent frame / English,sourced-parent local-feature construction,GEO-PROXY;installed:in_game/map_data/location_templates.txt,medium,Location-specific AD 1 label within its sourced parent frame.,false
location,byron_bay,turrbal_burugardi_province_coast,sea,Bundjalung Pelagic Crossing,local geography / sourced AD 1 parent frame / English,sourced-parent local-feature construction,GEO-PROXY;installed:in_game/map_data/location_templates.txt,medium,Location-specific AD 1 label within its sourced parent frame.,false
location,byron_island,achen_coast_sea_zones_province,sea,Chono Guaitecas,local geography / sourced AD 1 parent frame / English,sourced-parent local-feature construction,GEO-PROXY;installed:in_game/map_data/location_templates.txt,medium,Location-specific AD 1 label within its sourced parent frame.,false
location,byske,vasterbotten_province,land,Sámi Bothnian Torne Heather,local geography / sourced AD 1 parent frame / English,sourced-parent local-feature construction,GEO-PROXY;installed:in_game/map_data/location_templates.txt,medium,Location-specific AD 1 label within its sourced parent frame.,false
location,bysyttakh,xatii_province,land,Bysyttaax Vilyuy–Aldan,local geography / sourced AD 1 parent frame / English,sourced-parent local-feature construction,GEO-PROXY;installed:in_game/map_data/location_templates.txt,medium,Location-specific AD 1 label within its sourced parent frame.,false
location,bytom,tesin_province,land,Oder Beskid Przeworsk Amber,local geography / sourced AD 1 parent frame / English,sourced-parent local-feature construction,GEO-PROXY;installed:in_game/map_data/location_templates.txt,medium,Location-specific AD 1 label within its sourced parent frame.,false
location,bytow,stolp_province,land,Łeba Słupia Lemovii Spruce,local geography / sourced AD 1 parent frame / English,sourced-parent local-feature construction,GEO-PROXY;installed:in_game/map_data/location_templates.txt,medium,Location-specific AD 1 label within its sourced parent frame.,false
location,byuteydyakh,ynakhsyt_province,land,Büteydeex Proto–Yukaghir,local geography / sourced AD 1 parent frame / English,sourced-parent local-feature construction,GEO-PROXY;installed:in_game/map_data/location_templates.txt,medium,Location-specific AD 1 label within its sourced parent frame.,false
location,bzhedygu_kal,akhtar_province,land,Siracian Kuban Sindica Fern,local geography / sourced AD 1 parent frame / English,sourced-parent local-feature construction,GEO-PROXY;installed:in_game/map_data/location_templates.txt,medium,Location-specific AD 1 label within its sourced parent frame.,false
location,bzou,tadla_province,land,Oum er Rbia Grass Pastures,local geography / sourced AD 1 parent frame / English,sourced-parent local-feature construction,GEO-PROXY;installed:in_game/map_data/location_templates.txt,medium,Location-specific AD 1 label within its sourced parent frame.,false
location,c_nuchiu_range,central_nuchiu_province,land,Uinta Tavaputs Great,local geography / sourced AD 1 parent frame / English,sourced-parent local-feature construction,GEO-PROXY;installed:in_game/map_data/location_templates.txt,medium,Location-specific AD 1 label within its sourced parent frame.,false
location,ca_mau_cape,mekong_coast_sea_province,sea,Cà Mau Cape Sea,local geography / sourced AD 1 parent frame / English,sourced-parent local-feature construction,GEO-PROXY;installed:in_game/map_data/location_templates.txt,medium,Location-specific AD 1 label within its sourced parent frame.,false
location,ca_river_estuary,thanh_hoa_coast_sea_province,sea,Jiuzhen Jiaozhi Kra Deepwater,local geography / sourced AD 1 parent frame / English,sourced-parent local-feature construction,GEO-PROXY;installed:in_game/map_data/location_templates.txt,medium,Location-specific AD 1 label within its sourced parent frame.,false
location,caba_wakpa,ski_iyo_he_province,land,Besant Yellowstone,local geography / sourced AD 1 parent frame / English,sourced-parent local-feature construction,GEO-PROXY;installed:in_game/map_data/location_templates.txt,medium,Location-specific AD 1 label within its sourced parent frame.,false
location,cabadbaran,agusan_province,land,Metal Ridge,local geography / sourced AD 1 parent frame / English,sourced-parent local-feature construction,GEO-PROXY;installed:in_game/map_data/location_templates.txt,medium,Location-specific AD 1 label within its sourced parent frame.,false
location,cabaliana_lake,manaos_province,lake,Rio Negro Açutuba Fishery Tarn,local geography / sourced AD 1 parent frame / English,sourced-parent local-feature construction,GEO-PROXY;installed:in_game/map_data/location_templates.txt,medium,Location-specific AD 1 label within its sourced parent frame.,false
location,cabdi_cape,muqdisho_coast_sea_province,sea,Azanian Coral Sound,local geography / sourced AD 1 parent frame / English,sourced-parent local-feature construction,GEO-PROXY;installed:in_game/map_data/location_templates.txt,medium,Location-specific AD 1 label within its sourced parent frame.,false
location,cabedello_point,capibaribe_coastal_sea_zones_province,sea,Itamaracá Great Coastal,local geography / sourced AD 1 parent frame / English,sourced-parent local-feature construction,GEO-PROXY;installed:in_game/map_data/location_templates.txt,medium,Location-specific AD 1 label within its sourced parent frame.,false
location,cabias,cacaxtles_province,land,Nueces Rio Grande Grass Heath,local geography / sourced AD 1 parent frame / English,sourced-parent local-feature construction,GEO-PROXY;installed:in_game/map_data/location_templates.txt,medium,Location-specific AD 1 label within its sourced parent frame.,false
location,cabimas,paraguana_province,land,Caquetío Paraguaná Coro Loess,local geography / sourced AD 1 parent frame / English,sourced-parent local-feature construction,GEO-PROXY;installed:in_game/map_data/location_templates.txt,medium,Location-specific AD 1 label within its sourced parent frame.,false
location,cabimas_coast,zulia_sea_zones_province,sea,Caquetío Paraguaná,local geography / sourced AD 1 parent frame / English,sourced-parent local-feature construction,GEO-PROXY;installed:in_game/map_data/location_templates.txt,medium,Location-specific AD 1 label within its sourced parent frame.,false
location,cabinda_kongo,kabinda_province,land,Atlantic Kwanza Equatorial,local geography / sourced AD 1 parent frame / English,sourced-parent local-feature construction,GEO-PROXY;installed:in_game/map_data/location_templates.txt,medium,Location-specific AD 1 label within its sourced parent frame.,false
location,cabo_corso,fante_province,land,Volta Ankobra Ouémé Sage,local geography / sourced AD 1 parent frame / English,sourced-parent local-feature construction,GEO-PROXY;installed:in_game/map_data/location_templates.txt,medium,Location-specific AD 1 label within its sourced parent frame.,false
location,cabo_delgado,ruvuma_coast_sea_province,sea,Azanian Menuthian,local geography / sourced AD 1 parent frame / English,sourced-parent local-feature construction,GEO-PROXY;installed:in_game/map_data/location_templates.txt,medium,Location-specific AD 1 label within its sourced parent frame.,false
location,cabo_formoso,niger_delta_province,land,Niger Mangrove Province Salt,local geography / sourced AD 1 parent frame / English,sourced-parent local-feature construction,GEO-PROXY;installed:in_game/map_data/location_templates.txt,medium,Location-specific AD 1 label within its sourced parent frame.,false
location,cabo_verde,camanducaia_province,land,Mantiqueira Grande,local geography / sourced AD 1 parent frame / English,sourced-parent local-feature construction,GEO-PROXY;installed:in_game/map_data/location_templates.txt,medium,Location-specific AD 1 label within its sourced parent frame.,false
location,cabot_strait,gulf_of_saint_lawrence_sea_zones_province,sea,Southern Great Estuary,local geography / sourced AD 1 parent frame / English,sourced-parent local-feature construction,GEO-PROXY;installed:in_game/map_data/location_templates.txt,medium,Location-specific AD 1 label within its sourced parent frame.,false
location,cabrera_range,benavente_province,land,Brigaecini Asturica Astures,local geography / sourced AD 1 parent frame / English,sourced-parent local-feature construction,GEO-PROXY;installed:in_game/map_data/location_templates.txt,medium,Location-specific AD 1 label within its sourced parent frame.,false
location,cacalotito,sisimbles_province,land,Bolsón Mapimí Chihuahuan,local geography / sourced AD 1 parent frame / English,sourced-parent local-feature construction,GEO-PROXY;installed:in_game/map_data/location_templates.txt,medium,Location-specific AD 1 label within its sourced parent frame.,false
location,cacapava,icabaqua_province,land,Jacuí Vacacaí Pampas Palm,local geography / sourced AD 1 parent frame / English,sourced-parent local-feature construction,GEO-PROXY;installed:in_game/map_data/location_templates.txt,medium,Location-specific AD 1 label within its sourced parent frame.,false
