granularity,key,parent,kind,ad1_name,language,method,source,confidence,note,unchanged_verified
location,poctlan,tlachquiauhco_province,land,Southwestern Ñuu-Dzahui Tilantongo–Achiutla Highlands,local historical geography / English,ancient-parent coordinate-terrain construction,GEO-PROXY;installed:in_game/map_data/location_templates.txt,medium,Distinct AD 1 parent-frame label keyed to installed coordinates and terrain.,false
location,pocumtuck,agawam_province,land,Northeastern Housatonic Plains,local historical geography / English,ancient-parent coordinate-terrain construction,GEO-PROXY;installed:in_game/map_data/location_templates.txt,medium,Distinct AD 1 parent-frame label keyed to installed coordinates and terrain.,false
location,podberezye,rzhevskaya_province,land,Eastern Late-Dyakovo Lovat–Velikaya Plains,local historical geography / English,ancient-parent coordinate-terrain construction,GEO-PROXY;installed:in_game/map_data/location_templates.txt,medium,Distinct AD 1 parent-frame label keyed to installed coordinates and terrain.,false
location,podebrady,hradecko_province,land,Southwestern Marcomanni Upper-Elbe Plains,local historical geography / English,ancient-parent coordinate-terrain construction,GEO-PROXY;installed:in_game/map_data/location_templates.txt,medium,Distinct AD 1 parent-frame label keyed to installed coordinates and terrain.,false
location,podgorica,zeta_province,land,Meteon,attested ancient toponym,project-vetted ancient identity,https://pleiades.stoa.org/places/481914;GEO-PROXY;installed:in_game/map_data/location_templates.txt,medium,Direct or project-vetted AD 1 identity supersedes the later installed field name.,false
location,podkagernoye,central_alyutor_province,land,Southwestern Penzhina–Parapol Tundra Hills,local historical geography / English,ancient-parent coordinate-terrain construction,GEO-PROXY;installed:in_game/map_data/location_templates.txt,medium,Distinct AD 1 parent-frame label keyed to installed coordinates and terrain.,false
location,podmuran,nograd_province,land,Northeastern Cotini–Quadi Ipoly–Sajó Hills,local historical geography / English,ancient-parent coordinate-terrain construction,GEO-PROXY;installed:in_game/map_data/location_templates.txt,medium,Distinct AD 1 parent-frame label keyed to installed coordinates and terrain.,false
location,podor,takrur_province,land,Western Senegal Iron-Sahel Plains,local historical geography / English,ancient-parent coordinate-terrain construction,GEO-PROXY;installed:in_game/map_data/location_templates.txt,medium,Distinct AD 1 parent-frame label keyed to installed coordinates and terrain.,false
location,podosinovets,lalsk_province,land,Southwestern Vychegda–Sysola Glyadenovo Plains,local historical geography / English,ancient-parent coordinate-terrain construction,GEO-PROXY;installed:in_game/map_data/location_templates.txt,medium,Distinct AD 1 parent-frame label keyed to installed coordinates and terrain.,false
location,poenari,north_muntenia_province,land,Northwestern Getae of the Argeș–Ialomița Hills,local historical geography / English,ancient-parent coordinate-terrain construction,GEO-PROXY;installed:in_game/map_data/location_templates.txt,medium,Distinct AD 1 parent-frame label keyed to installed coordinates and terrain.,false
location,pogamasing,wanapitei_province,land,Western Middle Temagami–Wanapitei Uplands,local historical geography / English,ancient-parent coordinate-terrain construction,GEO-PROXY;installed:in_game/map_data/location_templates.txt,medium,Distinct AD 1 parent-frame label keyed to installed coordinates and terrain.,false
location,poganovka,samara_province,land,Southeastern Sarmatian Rha–Samara Bend Plains,local historical geography / English,ancient-parent coordinate-terrain construction,GEO-PROXY;installed:in_game/map_data/location_templates.txt,medium,Distinct AD 1 parent-frame label keyed to installed coordinates and terrain.,false
location,poggibonsi,florence_province,land,Southwestern Florentia–Faesulae Plains,local historical geography / English,ancient-parent coordinate-terrain construction,GEO-PROXY;installed:in_game/map_data/location_templates.txt,medium,Distinct AD 1 parent-frame label keyed to installed coordinates and terrain.,false
location,pogomeg,kespek_province,land,Northeastern Restigouche–Chaleur Woodlandss,local historical geography / English,ancient-parent coordinate-terrain construction,GEO-PROXY;installed:in_game/map_data/location_templates.txt,medium,Distinct AD 1 parent-frame label keyed to installed coordinates and terrain.,false
location,pogoreloye,kozlov_province,land,Southeastern Upper Dnieper-Dvina Plains,local historical geography / English,ancient-parent coordinate-terrain construction,GEO-PROXY;installed:in_game/map_data/location_templates.txt,medium,Distinct AD 1 parent-frame label keyed to installed coordinates and terrain.,false
location,pogoro,upper_rufiji_province,land,Western Azanian Rufiji–Kilombero Hills,local historical geography / English,ancient-parent coordinate-terrain construction,GEO-PROXY;installed:in_game/map_data/location_templates.txt,medium,Distinct AD 1 parent-frame label keyed to installed coordinates and terrain.,false
location,pogostishche,masalsk_province,land,Southwestern Upper Oka Dyakovo Plains,local historical geography / English,ancient-parent coordinate-terrain construction,GEO-PROXY;installed:in_game/map_data/location_templates.txt,medium,Distinct AD 1 parent-frame label keyed to installed coordinates and terrain.,false
location,pohnpei,pohnpei_province,land,Mokil Oceanic Central Hills,local historical geography / English,ancient-parent coordinate-terrain construction,GEO-PROXY;installed:in_game/map_data/location_templates.txt,medium,Distinct AD 1 parent-frame label keyed to installed coordinates and terrain.,false
location,pohnpei_atoll,pohnpei_province,land,Mokil Oceanic Central Ring,local historical geography / English,ancient-parent coordinate-terrain construction,GEO-PROXY;installed:in_game/map_data/location_templates.txt,medium,Distinct AD 1 parent-frame label keyed to installed coordinates and terrain.,false
location,pohnpei_coast,chuuk_sea_zones_province,sea,Northeastern Chuuk Expanse Bight,local historical geography / English,ancient-parent coordinate-terrain construction,GEO-PROXY;installed:in_game/map_data/location_templates.txt,medium,Distinct AD 1 parent-frame label keyed to installed coordinates and terrain.,false
location,pohnpei_high_sea_1,chuuk_sea_zones_province,sea,Southeastern Chuuk Expanse Abyssal Sea,local historical geography / English,ancient-parent coordinate-terrain construction,GEO-PROXY;installed:in_game/map_data/location_templates.txt,medium,Distinct AD 1 parent-frame label keyed to installed coordinates and terrain.,false
location,pohnpei_high_sea_2,chuuk_sea_zones_province,sea,Chuuk Expanse Outer South Abyssal Sea,local historical geography / English,ancient-parent coordinate-terrain construction,GEO-PROXY;installed:in_game/map_data/location_templates.txt,medium,Distinct AD 1 parent-frame label keyed to installed coordinates and terrain.,false
location,pohnpei_high_sea_3,chuuk_sea_zones_province,sea,Chuuk Expanse Central Abyssal Sea,local historical geography / English,ancient-parent coordinate-terrain construction,GEO-PROXY;installed:in_game/map_data/location_templates.txt,medium,Distinct AD 1 parent-frame label keyed to installed coordinates and terrain.,false
location,pohnpei_high_sea_4,chuuk_sea_zones_province,sea,Chuuk Expanse Inner South Abyssal Sea,local historical geography / English,ancient-parent coordinate-terrain construction,GEO-PROXY;installed:in_game/map_data/location_templates.txt,medium,Distinct AD 1 parent-frame label keyed to installed coordinates and terrain.,false
location,pohnpei_high_sea_5,chuuk_sea_zones_province,sea,Chuuk Expanse Outer North Abyssal Sea,local historical geography / English,ancient-parent coordinate-terrain construction,GEO-PROXY;installed:in_game/map_data/location_templates.txt,medium,Distinct AD 1 parent-frame label keyed to installed coordinates and terrain.,false
location,pohnpei_high_sea_6,chuuk_sea_zones_province,sea,Chuuk Expanse Inner North Abyssal Sea,local historical geography / English,ancient-parent coordinate-terrain construction,GEO-PROXY;installed:in_game/map_data/location_templates.txt,medium,Distinct AD 1 parent-frame label keyed to installed coordinates and terrain.,false
location,pohogwe,bannock_province,land,Southern Snake–Lemhi Highlands,local historical geography / English,ancient-parent coordinate-terrain construction,GEO-PROXY;installed:in_game/map_data/location_templates.txt,medium,Distinct AD 1 parent-frame label keyed to installed coordinates and terrain.,false
location,pohoko_ikkatee,snake_river_province,land,Southern Desert Snake–Camas Uplands,local historical geography / English,ancient-parent coordinate-terrain construction,GEO-PROXY;installed:in_game/map_data/location_templates.txt,medium,Distinct AD 1 parent-frame label keyed to installed coordinates and terrain.,false
location,pohrebyshche,vinnytsia_province,land,Northeastern Zarubintsy Southern Bug Plains,local historical geography / English,ancient-parent coordinate-terrain construction,GEO-PROXY;installed:in_game/map_data/location_templates.txt,medium,Distinct AD 1 parent-frame label keyed to installed coordinates and terrain.,false
location,poigan,gatineau_province,land,Northwestern Kitigan Zibi–Kiamika Shield Plains,local historical geography / English,ancient-parent coordinate-terrain construction,GEO-PROXY;installed:in_game/map_data/location_templates.txt,medium,Distinct AD 1 parent-frame label keyed to installed coordinates and terrain.,false
location,point_hope,kugmiut_coast_sea_zones_province,sea,Northwestern Ipiutak Western-Arctic Bight,local historical geography / English,ancient-parent coordinate-terrain construction,GEO-PROXY;installed:in_game/map_data/location_templates.txt,medium,Distinct AD 1 parent-frame label keyed to installed coordinates and terrain.,false
location,point_lake,wecho_province,lake,Northwestern Coppermine–Contwoyto Shield Taiga Lake,local historical geography / English,ancient-parent coordinate-terrain construction,GEO-PROXY;installed:in_game/map_data/location_templates.txt,medium,Distinct AD 1 parent-frame label keyed to installed coordinates and terrain.,false
location,point_of_rocks,sweetwater_province,land,Northwestern Green–Sweetwater Mountain,local historical geography / English,ancient-parent coordinate-terrain construction,GEO-PROXY;installed:in_game/map_data/location_templates.txt,medium,Distinct AD 1 parent-frame label keyed to installed coordinates and terrain.,false
location,poitiers,upper_poitou_province,land,Limonum,attested ancient toponym,project-vetted ancient identity,https://pleiades.stoa.org/places/138422;GEO-PROXY;installed:in_game/map_data/location_templates.txt,high,Direct or project-vetted AD 1 identity supersedes the later installed field name.,false
location,pokegama,pokemaga_province,land,Northeastern Hopewell Mississippi–Chippewa Uplands,local historical geography / English,ancient-parent coordinate-terrain construction,GEO-PROXY;installed:in_game/map_data/location_templates.txt,medium,Distinct AD 1 parent-frame label keyed to installed coordinates and terrain.,false
location,pokhara,west_gandak_province,land,Northeastern Gandaki Kirata Highlands District,local historical geography / English,ancient-parent coordinate-terrain construction,GEO-PROXY;installed:in_game/map_data/location_templates.txt,medium,Distinct AD 1 parent-frame label keyed to installed coordinates and terrain.,false
location,pokhran,jaisalmer_province,land,Southeastern Western Thar Desert Plains,local historical geography / English,ancient-parent coordinate-terrain construction,GEO-PROXY;installed:in_game/map_data/location_templates.txt,medium,Distinct AD 1 parent-frame label keyed to installed coordinates and terrain.,false
location,pokiok,nashwaak_province,land,Southwestern Wolastoq–Nashwaak Maritime Plains,local historical geography / English,ancient-parent coordinate-terrain construction,GEO-PROXY;installed:in_game/map_data/location_templates.txt,medium,Distinct AD 1 parent-frame label keyed to installed coordinates and terrain.,false
location,pokot,south_turkana_province,land,Western Turkana–Baringo Pastoral Hills,local historical geography / English,ancient-parent coordinate-terrain construction,GEO-PROXY;installed:in_game/map_data/location_templates.txt,medium,Distinct AD 1 parent-frame label keyed to installed coordinates and terrain.,false
location,pokrovsk,piterka_province,land,Northwestern Aorsi Yik–Lower-Volga Interfluve Plains,local historical geography / English,ancient-parent coordinate-terrain construction,GEO-PROXY;installed:in_game/map_data/location_templates.txt,medium,Distinct AD 1 parent-frame label keyed to installed coordinates and terrain.,false
location,pokrovskoye,simbirsk_province,land,Southern Gorodets Volga–Sviyaga Plains,local historical geography / English,ancient-parent coordinate-terrain construction,GEO-PROXY;installed:in_game/map_data/location_templates.txt,medium,Distinct AD 1 parent-frame label keyed to installed coordinates and terrain.,false
location,pokrovskoye_yaroslav,beloe_province,land,Eastern Mologa–Upper Volga Dyakovo Plains,local historical geography / English,ancient-parent coordinate-terrain construction,GEO-PROXY;installed:in_game/map_data/location_templates.txt,medium,Distinct AD 1 parent-frame label keyed to installed coordinates and terrain.,false
location,pokshenga,zavolochye_province,land,Western Late-Belomorye Pinega–Mezen Plains,local historical geography / English,ancient-parent coordinate-terrain construction,GEO-PROXY;installed:in_game/map_data/location_templates.txt,medium,Distinct AD 1 parent-frame label keyed to installed coordinates and terrain.,false
location,pol_dokhtar,khorramabad_province,land,Southwestern Elymaian–Median Luristan Hills,local historical geography / English,ancient-parent coordinate-terrain construction,GEO-PROXY;installed:in_game/map_data/location_templates.txt,medium,Distinct AD 1 parent-frame label keyed to installed coordinates and terrain.,false
location,pola,istria_province,land,Histrian Pola,attested ancient toponym,project-vetted ancient identity,https://pleiades.stoa.org/places/197448;GEO-PROXY;installed:in_game/map_data/location_templates.txt,medium,Direct or project-vetted AD 1 identity supersedes the later installed field name.,false
location,polatli,ankara_province,land,Southwestern Tectosages of Ancyra Uplands,local historical geography / English,ancient-parent coordinate-terrain construction,GEO-PROXY;installed:in_game/map_data/location_templates.txt,medium,Distinct AD 1 parent-frame label keyed to installed coordinates and terrain.,false
location,polco,cuyo_province,land,Southeastern Ansilta–Huarpe Valleys Plains,local historical geography / English,ancient-parent coordinate-terrain construction,GEO-PROXY;installed:in_game/map_data/location_templates.txt,medium,Distinct AD 1 parent-frame label keyed to installed coordinates and terrain.,false
location,polevskoy,kaslinsky_province,land,Northwestern Iset–Ural Sargat Plains,local historical geography / English,ancient-parent coordinate-terrain construction,GEO-PROXY;installed:in_game/map_data/location_templates.txt,medium,Distinct AD 1 parent-frame label keyed to installed coordinates and terrain.,false
location,poli,eastern_adamawa_province,land,Northwestern Benue–Adamawa Iron Hills,local historical geography / English,ancient-parent coordinate-terrain construction,GEO-PROXY;installed:in_game/map_data/location_templates.txt,medium,Distinct AD 1 parent-frame label keyed to installed coordinates and terrain.,false
location,poligny,aval_province,land,Northwestern Sequani Jura Uplands,local historical geography / English,ancient-parent coordinate-terrain construction,GEO-PROXY;installed:in_game/map_data/location_templates.txt,medium,Distinct AD 1 parent-frame label keyed to installed coordinates and terrain.,false
location,poligus,baykit_province,land,Northern Stony Tunguska Taiga Uplands,local historical geography / English,ancient-parent coordinate-terrain construction,GEO-PROXY;installed:in_game/map_data/location_templates.txt,medium,Distinct AD 1 parent-frame label keyed to installed coordinates and terrain.,false
location,pollensa,mallorca_province,land,Northwestern Gymnesiae–Ebusus Hills,local historical geography / English,ancient-parent coordinate-terrain construction,GEO-PROXY;installed:in_game/map_data/location_templates.txt,medium,Distinct AD 1 parent-frame label keyed to installed coordinates and terrain.,false
location,pologoye_zaymishche,pologoye_zaymishche_province,land,Southeastern Aorsi Lower-Volga–Elton Steppe Plains,local historical geography / English,ancient-parent coordinate-terrain construction,GEO-PROXY;installed:in_game/map_data/location_templates.txt,medium,Distinct AD 1 parent-frame label keyed to installed coordinates and terrain.,false
location,polonio_cape,pampa_sea_zones_province,sea,Southwestern Minuane–Charrúa Lagoon Bight,local historical geography / English,ancient-parent coordinate-terrain construction,GEO-PROXY;installed:in_game/map_data/location_templates.txt,medium,Distinct AD 1 parent-frame label keyed to installed coordinates and terrain.,false
location,polonnaruva,pihiti,land,Northeastern Anuradhapura–Rajarata Heartland Plains,local historical geography / English,ancient-parent coordinate-terrain construction,GEO-PROXY;installed:in_game/map_data/location_templates.txt,medium,Distinct AD 1 parent-frame label keyed to installed coordinates and terrain.,false
location,polonne,zviahel_province,land,Southeastern Zarubintsy Teteriv–Upper-Sluch Plains,local historical geography / English,ancient-parent coordinate-terrain construction,GEO-PROXY;installed:in_game/map_data/location_templates.txt,medium,Distinct AD 1 parent-frame label keyed to installed coordinates and terrain.,false
location,polotsk,polotsk_province,land,Northeastern Upper Dvina-Dnieper Plains,local historical geography / English,ancient-parent coordinate-terrain construction,GEO-PROXY;installed:in_game/map_data/location_templates.txt,medium,Distinct AD 1 parent-frame label keyed to installed coordinates and terrain.,false
location,polovinnoye,chastoozerye_province,land,Southwestern Sargat Ishim Plains,local historical geography / English,ancient-parent coordinate-terrain construction,GEO-PROXY;installed:in_game/map_data/location_templates.txt,medium,Distinct AD 1 parent-frame label keyed to installed coordinates and terrain.,false
location,poltava,poltava_province,land,Southeastern Zarubintsy Vorskla–Psel Marches Plains,local historical geography / English,ancient-parent coordinate-terrain construction,GEO-PROXY;installed:in_game/map_data/location_templates.txt,medium,Distinct AD 1 parent-frame label keyed to installed coordinates and terrain.,false
location,poltsamaa,north_livonia_province,land,Northeastern Gauja–Pärnu Striated-Pottery Plains,local historical geography / English,ancient-parent coordinate-terrain construction,GEO-PROXY;installed:in_game/map_data/location_templates.txt,medium,Distinct AD 1 parent-frame label keyed to installed coordinates and terrain.,false
location,poluwat_atoll,pattiw_province,land,Northern Pattiw Chain Ring,local historical geography / English,ancient-parent coordinate-terrain construction,GEO-PROXY;installed:in_game/map_data/location_templates.txt,medium,Distinct AD 1 parent-frame label keyed to installed coordinates and terrain.,false
location,poluy,obdorsk_province,lake,Southwestern Ugric Lower-Ob–Yamal Lake,local historical geography / English,ancient-parent coordinate-terrain construction,GEO-PROXY;installed:in_game/map_data/location_templates.txt,medium,Distinct AD 1 parent-frame label keyed to installed coordinates and terrain.,false
location,polyarny,erri_province,land,Northeastern Chukchi–Amguema Tundra Plains,local historical geography / English,ancient-parent coordinate-terrain construction,GEO-PROXY;installed:in_game/map_data/location_templates.txt,medium,Distinct AD 1 parent-frame label keyed to installed coordinates and terrain.,false
location,polygyros,chalkidiki_province,land,Aphytis,attested ancient toponym,project-vetted ancient identity,https://pleiades.stoa.org/places/491525;GEO-PROXY;installed:in_game/map_data/location_templates.txt,medium,Direct or project-vetted AD 1 identity supersedes the later installed field name.,false
location,pomabamba,chuwi_province,land,Southern Mizque–Pilcomayo Highlands,local historical geography / English,ancient-parent coordinate-terrain construction,GEO-PROXY;installed:in_game/map_data/location_templates.txt,medium,Distinct AD 1 parent-frame label keyed to installed coordinates and terrain.,false
location,pomata,hatunqulla_province,land,Eastern Titicaca Qaluyu–Pukara Hills,local historical geography / English,ancient-parent coordinate-terrain construction,GEO-PROXY;installed:in_game/map_data/location_templates.txt,medium,Distinct AD 1 parent-frame label keyed to installed coordinates and terrain.,false
location,pome,poyul_province,land,Southwestern Upper Brahmaputra Qiangic Highlands,local historical geography / English,ancient-parent coordinate-terrain construction,GEO-PROXY;installed:in_game/map_data/location_templates.txt,medium,Distinct AD 1 parent-frame label keyed to installed coordinates and terrain.,false
location,pommeranian_bay,arkona_sea_province,sea,Southeastern Varinian–Oder Coastal Bight,local historical geography / English,ancient-parent coordinate-terrain construction,GEO-PROXY;installed:in_game/map_data/location_templates.txt,medium,Distinct AD 1 parent-frame label keyed to installed coordinates and terrain.,false
location,pommeranian_coast,southeast_baltic_sea,sea,Southwestern Aesti–Venedi Southeastern-Baltic Bight,local historical geography / English,ancient-parent coordinate-terrain construction,GEO-PROXY;installed:in_game/map_data/location_templates.txt,medium,Distinct AD 1 parent-frame label keyed to installed coordinates and terrain.,false
location,pomorye,kholmogory_province,land,Northwestern Northern-Dvina–Pinega Forest Wetlands,local historical geography / English,ancient-parent coordinate-terrain construction,GEO-PROXY;installed:in_game/map_data/location_templates.txt,medium,Distinct AD 1 parent-frame label keyed to installed coordinates and terrain.,false
location,poncheville_lake,nottaway_province,lake,Southern Nottaway–Waswanipi Lake,local historical geography / English,ancient-parent coordinate-terrain construction,GEO-PROXY;installed:in_game/map_data/location_templates.txt,medium,Distinct AD 1 parent-frame label keyed to installed coordinates and terrain.,false
location,pondicherry,tondai_nadu,land,Podouke,attested ancient toponym,project-vetted ancient identity,https://pleiades.stoa.org/places/50221;GEO-PROXY;installed:in_game/map_data/location_templates.txt,medium,Direct or project-vetted AD 1 identity supersedes the later installed field name.,false
location,poneloya_coast,kuskatan_coast_sea_zones_province,sea,Eastern Lenca–Maya Eastern-Gulf Bight,local historical geography / English,ancient-parent coordinate-terrain construction,GEO-PROXY;installed:in_game/map_data/location_templates.txt,medium,Distinct AD 1 parent-frame label keyed to installed coordinates and terrain.,false
location,ponferrada,astorga_province,land,Northwestern Asturica–Bergidum Hills,local historical geography / English,ancient-parent coordinate-terrain construction,GEO-PROXY;installed:in_game/map_data/location_templates.txt,medium,Distinct AD 1 parent-frame label keyed to installed coordinates and terrain.,false
location,ponil,ponil_province,land,Glyadenovo Pelym–Tavda Central Plains,local historical geography / English,ancient-parent coordinate-terrain construction,GEO-PROXY;installed:in_game/map_data/location_templates.txt,medium,Distinct AD 1 parent-frame label keyed to installed coordinates and terrain.,false
location,ponkhockie,muhheakantuck_province,land,Northeastern Muhheakantuck Woodlandss,local historical geography / English,ancient-parent coordinate-terrain construction,GEO-PROXY;installed:in_game/map_data/location_templates.txt,medium,Distinct AD 1 parent-frame label keyed to installed coordinates and terrain.,false
location,ponnani,kuda_nadu,land,Tyndis,attested ancient toponym,project-vetted ancient identity,https://pleiades.stoa.org/places/50312;GEO-PROXY;installed:in_game/map_data/location_templates.txt,medium,Direct or project-vetted AD 1 identity supersedes the later installed field name.,false
location,ponoeohe,heeyoteeyo_province,land,Eastern Powder–Tongue Uplands,local historical geography / English,ancient-parent coordinate-terrain construction,GEO-PROXY;installed:in_game/map_data/location_templates.txt,medium,Distinct AD 1 parent-frame label keyed to installed coordinates and terrain.,false
location,ponoi,north_kola_province,land,Southeastern Kola–Ponoy Sámi Wetlands,local historical geography / English,ancient-parent coordinate-terrain construction,GEO-PROXY;installed:in_game/map_data/location_templates.txt,medium,Distinct AD 1 parent-frame label keyed to installed coordinates and terrain.,false
location,pont_audemer,rouennais_province,land,Canetonum,attested ancient toponym,project-vetted ancient identity,https://pleiades.stoa.org/places/108852;GEO-PROXY;installed:in_game/map_data/location_templates.txt,medium,Direct or project-vetted AD 1 identity supersedes the later installed field name.,false
location,pont_douilly,caennais_province,land,Southeastern Baiocasses and Viducasses Plains,local historical geography / English,ancient-parent coordinate-terrain construction,GEO-PROXY;installed:in_game/map_data/location_templates.txt,medium,Distinct AD 1 parent-frame label keyed to installed coordinates and terrain.,false
location,ponta_das_bicudas,barlavento_islands,sea,Southern Far Sahel Bight,local historical geography / English,ancient-parent coordinate-terrain construction,GEO-PROXY;installed:in_game/map_data/location_templates.txt,medium,Distinct AD 1 parent-frame label keyed to installed coordinates and terrain.,false
location,ponta_delgada,azores_province,land,Southeastern Far Volcanic Hills,local historical geography / English,ancient-parent coordinate-terrain construction,GEO-PROXY;installed:in_game/map_data/location_templates.txt,medium,Distinct AD 1 parent-frame label keyed to installed coordinates and terrain.,false
location,ponta_do_lizardo,barlavento_islands,sea,Northeastern Far Sahel Bight,local historical geography / English,ancient-parent coordinate-terrain construction,GEO-PROXY;installed:in_game/map_data/location_templates.txt,medium,Distinct AD 1 parent-frame label keyed to installed coordinates and terrain.,false
location,ponta_do_ouro,natal_coast_province,sea,Northern Thukela–Maputaland Bight,local historical geography / English,ancient-parent coordinate-terrain construction,GEO-PROXY;installed:in_game/map_data/location_templates.txt,medium,Distinct AD 1 parent-frame label keyed to installed coordinates and terrain.,false
location,ponta_do_pico_negro,bight_of_bonny,sea,Niger–Cross River Gulf Lower Northeast Bight,local historical geography / English,ancient-parent coordinate-terrain construction,GEO-PROXY;installed:in_game/map_data/location_templates.txt,medium,Distinct AD 1 parent-frame label keyed to installed coordinates and terrain.,false
location,ponta_do_sol,barlavento_islands,sea,Northwestern Far Sahel Bight,local historical geography / English,ancient-parent coordinate-terrain construction,GEO-PROXY;installed:in_game/map_data/location_templates.txt,medium,Distinct AD 1 parent-frame label keyed to installed coordinates and terrain.,false
location,ponta_grande,barlavento_islands,sea,Far Western Sahel Bight,local historical geography / English,ancient-parent coordinate-terrain construction,GEO-PROXY;installed:in_game/map_data/location_templates.txt,medium,Distinct AD 1 parent-frame label keyed to installed coordinates and terrain.,false
location,ponta_grossa,paranagua_province,land,Northwestern Southern-Jê Araucaria Hills,local historical geography / English,ancient-parent coordinate-terrain construction,GEO-PROXY;installed:in_game/map_data/location_templates.txt,medium,Distinct AD 1 parent-frame label keyed to installed coordinates and terrain.,false
location,ponta_praiao,bight_of_bonny,sea,Niger–Cross River Gulf Central Bight,local historical geography / English,ancient-parent coordinate-terrain construction,GEO-PROXY;installed:in_game/map_data/location_templates.txt,medium,Distinct AD 1 parent-frame label keyed to installed coordinates and terrain.,false
location,pontal_point,jaguaribe_coastal_sea_zones_province,sea,Southwestern Jaguaribe–Potengi Atlantic Bight,local historical geography / English,ancient-parent coordinate-terrain construction,GEO-PROXY;installed:in_game/map_data/location_templates.txt,medium,Distinct AD 1 parent-frame label keyed to installed coordinates and terrain.,false
location,pontarlier,aval_province,land,Northeastern Sequani Jura Uplands,local historical geography / English,ancient-parent coordinate-terrain construction,GEO-PROXY;installed:in_game/map_data/location_templates.txt,medium,Distinct AD 1 parent-frame label keyed to installed coordinates and terrain.,false
location,ponte_nova,piranga_province,land,Southeastern Doce–Piranga Hills,local historical geography / English,ancient-parent coordinate-terrain construction,GEO-PROXY;installed:in_game/map_data/location_templates.txt,medium,Distinct AD 1 parent-frame label keyed to installed coordinates and terrain.,false
location,ponte_sor,ribatejo_province,land,Northeastern Lusitani of Scallabis–Tagus Plains,local historical geography / English,ancient-parent coordinate-terrain construction,GEO-PROXY;installed:in_game/map_data/location_templates.txt,medium,Distinct AD 1 parent-frame label keyed to installed coordinates and terrain.,false
location,pontedera,pisa_province,land,Pisae–Volaterrae Central Plains,local historical geography / English,ancient-parent coordinate-terrain construction,GEO-PROXY;installed:in_game/map_data/location_templates.txt,medium,Distinct AD 1 parent-frame label keyed to installed coordinates and terrain.,false
location,pontefract,west_riding_province,land,Calcaria,attested ancient toponym,project-vetted ancient identity,https://pleiades.stoa.org/places/89131;GEO-PROXY;installed:in_game/map_data/location_templates.txt,medium,Direct or project-vetted AD 1 identity supersedes the later installed field name.,false
location,pontevedra,santiago_province,land,Vicus Spacorum,attested ancient toponym,project-vetted ancient identity,https://pleiades.stoa.org/places/236716;GEO-PROXY;installed:in_game/map_data/location_templates.txt,medium,Direct or project-vetted AD 1 identity supersedes the later installed field name.,false
location,pontianak,lower_kapuas_province,land,Southwestern Kapuas–Sekayam River Wetlands,local historical geography / English,ancient-parent coordinate-terrain construction,GEO-PROXY;installed:in_game/map_data/location_templates.txt,medium,Distinct AD 1 parent-frame label keyed to installed coordinates and terrain.,false
location,pontikokastro,ilia_province,land,Samia,attested ancient toponym,project-vetted ancient identity,https://pleiades.stoa.org/places/570653;GEO-PROXY;installed:in_game/map_data/location_templates.txt,medium,Direct or project-vetted AD 1 identity supersedes the later installed field name.,false
location,pontoosuck,agawam_province,land,Northwestern Pocumtuck–Housatonic Hills,local historical geography / English,ancient-parent coordinate-terrain construction,GEO-PROXY;installed:in_game/map_data/location_templates.txt,medium,Distinct AD 1 parent-frame label keyed to installed coordinates and terrain.,false
location,poole,dorset_province,land,Vindocladia,attested ancient toponym,project-vetted ancient identity,https://pleiades.stoa.org/places/79740;GEO-PROXY;installed:in_game/map_data/location_templates.txt,medium,Direct or project-vetted AD 1 identity supersedes the later installed field name.,false
location,poonch,kashmir_province,land,Southwestern Kashmir–Darada Himalayan Valleys Highlands,local historical geography / English,ancient-parent coordinate-terrain construction,GEO-PROXY;installed:in_game/map_data/location_templates.txt,medium,Distinct AD 1 parent-frame label keyed to installed coordinates and terrain.,false
location,poopo_lake,uyuni_province,lake,Northeastern Qulla Uyuni–Poopó Lake,local historical geography / English,ancient-parent coordinate-terrain construction,GEO-PROXY;installed:in_game/map_data/location_templates.txt,medium,Distinct AD 1 parent-frame label keyed to installed coordinates and terrain.,false
location,pop_fargana,akhsikath_province,land,Southwestern Northern Dayuan Valley Uplands,local historical geography / English,ancient-parent coordinate-terrain construction,GEO-PROXY;installed:in_game/map_data/location_templates.txt,medium,Distinct AD 1 parent-frame label keyed to installed coordinates and terrain.,false
location,popham_bay,nunavik_atlantic_sea_zones_province,sea,Dorset Qikiqtaaluk–Torngat Atlantic Central Bight,local historical geography / English,ancient-parent coordinate-terrain construction,GEO-PROXY;installed:in_game/map_data/location_templates.txt,medium,Distinct AD 1 parent-frame label keyed to installed coordinates and terrain.,false
location,popocabaca,kwango_province,land,Northwestern Kwango–Kwilu Early-Iron Uplands,local historical geography / English,ancient-parent coordinate-terrain construction,GEO-PROXY;installed:in_game/map_data/location_templates.txt,medium,Distinct AD 1 parent-frame label keyed to installed coordinates and terrain.,false
location,popocatepetl_mountains,anahuac_province,land,Eastern Cuicuilco–Early Teotihuacan Fastness Mountains,local historical geography / English,ancient-parent coordinate-terrain construction,GEO-PROXY;installed:in_game/map_data/location_templates.txt,medium,Distinct AD 1 parent-frame label keyed to installed coordinates and terrain.,false
location,popopis,mamullmapu_province,land,Northeastern Atuel–Chadileuvú Woodlandss,local historical geography / English,ancient-parent coordinate-terrain construction,GEO-PROXY;installed:in_game/map_data/location_templates.txt,medium,Distinct AD 1 parent-frame label keyed to installed coordinates and terrain.,false
location,poposayo_mountains,charka_province,land,Southern Pukara–Charka Highlands Fastness,local historical geography / English,ancient-parent coordinate-terrain construction,GEO-PROXY;installed:in_game/map_data/location_templates.txt,medium,Distinct AD 1 parent-frame label keyed to installed coordinates and terrain.,false
location,popowa_gora,starodub_siverskyi_province,land,Northwestern Zarubintsy Desna–Sudost Plains,local historical geography / English,ancient-parent coordinate-terrain construction,GEO-PROXY;installed:in_game/map_data/location_templates.txt,medium,Distinct AD 1 parent-frame label keyed to installed coordinates and terrain.,false
location,pora_pora,raro_matai_ma_province,land,Central Northeastern Havaiʻi–Huahine Hills,local historical geography / English,ancient-parent coordinate-terrain construction,GEO-PROXY;installed:in_game/map_data/location_templates.txt,medium,Distinct AD 1 parent-frame label keyed to installed coordinates and terrain.,false
location,pora_pora_atoll,raro_matai_ma_province,land,Central Northeastern Havaiʻi–Huahine Coral Ring,local historical geography / English,ancient-parent coordinate-terrain construction,GEO-PROXY;installed:in_game/map_data/location_templates.txt,medium,Distinct AD 1 parent-frame label keyed to installed coordinates and terrain.,false
location,porahat,ranchi_province,land,Southwestern Munda Koel–Subarnarekha Hills,local historical geography / English,ancient-parent coordinate-terrain construction,GEO-PROXY;installed:in_game/map_data/location_templates.txt,medium,Distinct AD 1 parent-frame label keyed to installed coordinates and terrain.,false
location,porangatu,upper_tocantins_province,land,Western Tocantins–Araguaia Plains,local historical geography / English,ancient-parent coordinate-terrain construction,GEO-PROXY;installed:in_game/map_data/location_templates.txt,medium,Distinct AD 1 parent-frame label keyed to installed coordinates and terrain.,false
location,porazava,vawkavysk_province,land,Southern Zarubintsy Ros–Neman Plains,local historical geography / English,ancient-parent coordinate-terrain construction,GEO-PROXY;installed:in_game/map_data/location_templates.txt,medium,Distinct AD 1 parent-frame label keyed to installed coordinates and terrain.,false
location,porcupine_hills,saskatchewan_province,land,Southeastern Besant Saskatchewan–Qu'Appelle Rugged Hills,local historical geography / English,ancient-parent coordinate-terrain construction,GEO-PROXY;installed:in_game/map_data/location_templates.txt,medium,Distinct AD 1 parent-frame label keyed to installed coordinates and terrain.,false
location,pordenone,friuli_province,land,Opitergium,attested ancient toponym,project-vetted ancient identity,https://pleiades.stoa.org/places/393459;GEO-PROXY;installed:in_game/map_data/location_templates.txt,medium,Direct or project-vetted AD 1 identity supersedes the later installed field name.,false
location,poreevo,pereyaslavl_province,land,Northwestern Dyakovo Pleshcheyevo–Klyazma Plains,local historical geography / English,ancient-parent coordinate-terrain construction,GEO-PROXY;installed:in_game/map_data/location_templates.txt,medium,Distinct AD 1 parent-frame label keyed to installed coordinates and terrain.,false
location,porekry,tacuru_province,land,Northeastern Upper Paraná–Maracaju Uplands,local historical geography / English,ancient-parent coordinate-terrain construction,GEO-PROXY;installed:in_game/map_data/location_templates.txt,medium,Distinct AD 1 parent-frame label keyed to installed coordinates and terrain.,false
location,porjus,lule_lappmark_province,land,Northeastern Lule–Sarek Sámi Uplands,local historical geography / English,ancient-parent coordinate-terrain construction,GEO-PROXY;installed:in_game/map_data/location_templates.txt,medium,Distinct AD 1 parent-frame label keyed to installed coordinates and terrain.,false
location,porkhov,luzhkaya_province,land,Southeastern Luga–Plyussa Late-Dyakovo Plains,local historical geography / English,ancient-parent coordinate-terrain construction,GEO-PROXY;installed:in_game/map_data/location_templates.txt,medium,Distinct AD 1 parent-frame label keyed to installed coordinates and terrain.,false
location,pormpuraaw_shore,kukatj_province_coast,sea,Northeastern Thaayorre–Wik Gulf Bight,local historical geography / English,ancient-parent coordinate-terrain construction,GEO-PROXY;installed:in_game/map_data/location_templates.txt,medium,Distinct AD 1 parent-frame label keyed to installed coordinates and terrain.,false
location,porog,ystyug_province,land,Northeastern Glyadenovo Sukhona–Yug Confluence Plains,local historical geography / English,ancient-parent coordinate-terrain construction,GEO-PROXY;installed:in_game/map_data/location_templates.txt,medium,Distinct AD 1 parent-frame label keyed to installed coordinates and terrain.,false
location,porokotan,northern_sakhalin_province,land,Northern-Sakhalin Okhotsk Plains,local historical geography / English,ancient-parent coordinate-terrain construction,GEO-PROXY;installed:in_game/map_data/location_templates.txt,medium,Distinct AD 1 parent-frame label keyed to installed coordinates and terrain.,false
location,porsanger,finnmark_province,land,Northwestern Northern Sápmi Hills,local historical geography / English,ancient-parent coordinate-terrain construction,GEO-PROXY;installed:in_game/map_data/location_templates.txt,medium,Distinct AD 1 parent-frame label keyed to installed coordinates and terrain.,false
location,port_loko,temne_province,land,Northern Scarcies–Rokel Iron-Woodlandss,local historical geography / English,ancient-parent coordinate-terrain construction,GEO-PROXY;installed:in_game/map_data/location_templates.txt,medium,Distinct AD 1 parent-frame label keyed to installed coordinates and terrain.,false
location,port_philip,braikalung_buandig_province_coast,sea,Nairm–Bunganditj Central Bight,local historical geography / English,ancient-parent coordinate-terrain construction,GEO-PROXY;installed:in_game/map_data/location_templates.txt,medium,Distinct AD 1 parent-frame label keyed to installed coordinates and terrain.,false
location,port_royal,coast_of_jamaica,sea,Northeastern Xaymaca Bight,local historical geography / English,ancient-parent coordinate-terrain construction,GEO-PROXY;installed:in_game/map_data/location_templates.txt,medium,Distinct AD 1 parent-frame label keyed to installed coordinates and terrain.,false
location,port_royal_sound,carolinas_coast_province,sea,Southwestern Deptford Littoral Bight,local historical geography / English,ancient-parent coordinate-terrain construction,GEO-PROXY;installed:in_game/map_data/location_templates.txt,medium,Distinct AD 1 parent-frame label keyed to installed coordinates and terrain.,false
location,portail_coast,kanaky_coastal_sea_zones_province,sea,Northern Kanaky Post-Lapita Lagoon Bight,local historical geography / English,ancient-parent coordinate-terrain construction,GEO-PROXY;installed:in_game/map_data/location_templates.txt,medium,Distinct AD 1 parent-frame label keyed to installed coordinates and terrain.,false
location,portalegre,alto_alentejo_province,land,Northeastern Ebora–Celtici Hills,local historical geography / English,ancient-parent coordinate-terrain construction,GEO-PROXY;installed:in_game/map_data/location_templates.txt,medium,Distinct AD 1 parent-frame label keyed to installed coordinates and terrain.,false
location,porte,itabira_province,land,Southeastern Doce–Espinhaço Hills,local historical geography / English,ancient-parent coordinate-terrain construction,GEO-PROXY;installed:in_game/map_data/location_templates.txt,medium,Distinct AD 1 parent-frame label keyed to installed coordinates and terrain.,false
location,portel,alto_alentejo_province,land,Southern Ebora–Celtici Plains,local historical geography / English,ancient-parent coordinate-terrain construction,GEO-PROXY;installed:in_game/map_data/location_templates.txt,medium,Distinct AD 1 parent-frame label keyed to installed coordinates and terrain.,false
location,portishead,somerset_province,land,Ischalis,attested ancient toponym,project-vetted ancient identity,https://pleiades.stoa.org/places/79534;GEO-PROXY;installed:in_game/map_data/location_templates.txt,medium,Direct or project-vetted AD 1 identity supersedes the later installed field name.,false
location,portland_coast,papakena_coastal_sea_zones_province,sea,Western Tematagi–Mangareva Outer Bight,local historical geography / English,ancient-parent coordinate-terrain construction,GEO-PROXY;installed:in_game/map_data/location_templates.txt,medium,Distinct AD 1 parent-frame label keyed to installed coordinates and terrain.,false
location,porto,minho_province,land,Langobriga,attested ancient toponym,project-vetted ancient identity,https://pleiades.stoa.org/places/236508;GEO-PROXY;installed:in_game/map_data/location_templates.txt,medium,Direct or project-vetted AD 1 identity supersedes the later installed field name.,false
location,porto_santo,madeira_province,land,Far Northeastern Fortunate Isles Ridges,local historical geography / English,ancient-parent coordinate-terrain construction,GEO-PROXY;installed:in_game/map_data/location_templates.txt,medium,Distinct AD 1 parent-frame label keyed to installed coordinates and terrain.,false
location,porto_tibirica,piquiri_province,land,Southwestern Itararé Tietê–Piquiri Hills,local historical geography / English,ancient-parent coordinate-terrain construction,GEO-PROXY;installed:in_game/map_data/location_templates.txt,medium,Distinct AD 1 parent-frame label keyed to installed coordinates and terrain.,false
location,porto_turvo,itajuba_province,land,Northeastern Mantiqueira–Grande River Hills,local historical geography / English,ancient-parent coordinate-terrain construction,GEO-PROXY;installed:in_game/map_data/location_templates.txt,medium,Distinct AD 1 parent-frame label keyed to installed coordinates and terrain.,false
location,portsmouth,hampshire_province,land,Southeastern Belgae of Venta and Vectis Plains,local historical geography / English,ancient-parent coordinate-terrain construction,GEO-PROXY;installed:in_game/map_data/location_templates.txt,medium,Distinct AD 1 parent-frame label keyed to installed coordinates and terrain.,false
location,portudal,baol_province,land,Southwestern Saloum–Diourbel Savannas Plains,local historical geography / English,ancient-parent coordinate-terrain construction,GEO-PROXY;installed:in_game/map_data/location_templates.txt,medium,Distinct AD 1 parent-frame label keyed to installed coordinates and terrain.,false
location,porumamilla,northern_rayalaseema,land,Southeastern Asmaka–Andhra Nallamala Plains,local historical geography / English,ancient-parent coordinate-terrain construction,GEO-PROXY;installed:in_game/map_data/location_templates.txt,medium,Distinct AD 1 parent-frame label keyed to installed coordinates and terrain.,false
location,porvoo,nyland_province,land,Eastern Finnic Gulf Plains,local historical geography / English,ancient-parent coordinate-terrain construction,GEO-PROXY;installed:in_game/map_data/location_templates.txt,medium,Distinct AD 1 parent-frame label keyed to installed coordinates and terrain.,false
location,porwi_bay,kanaky_coastal_sea_zones_province,sea,Kanaky Post-Lapita Lagoon Outer Central Bight,local historical geography / English,ancient-parent coordinate-terrain construction,GEO-PROXY;installed:in_game/map_data/location_templates.txt,medium,Distinct AD 1 parent-frame label keyed to installed coordinates and terrain.,false
location,posad,bakhmut_province,land,Southern Donets–Aorsi Steppe Plains,local historical geography / English,ancient-parent coordinate-terrain construction,GEO-PROXY;installed:in_game/map_data/location_templates.txt,medium,Distinct AD 1 parent-frame label keyed to installed coordinates and terrain.,false
location,posada,gallura_province,land,Pheronia,attested ancient toponym,project-vetted ancient identity,https://pleiades.stoa.org/places/471995;GEO-PROXY;installed:in_game/map_data/location_templates.txt,medium,Direct or project-vetted AD 1 identity supersedes the later installed field name.,false
location,posakanaciwiy,iskwao_province,land,Northeastern Qu'Appelle–Wascana Uplands,local historical geography / English,ancient-parent coordinate-terrain construction,GEO-PROXY;installed:in_game/map_data/location_templates.txt,medium,Distinct AD 1 parent-frame label keyed to installed coordinates and terrain.,false
location,poshekhonye,beloe_province,land,Mologa–Upper Volga Dyakovo Central Plains,local historical geography / English,ancient-parent coordinate-terrain construction,GEO-PROXY;installed:in_game/map_data/location_templates.txt,medium,Distinct AD 1 parent-frame label keyed to installed coordinates and terrain.,false
location,posio,norra_osterbotten_province,land,Northeastern Oulu–Kemi Forest Wetlands,local historical geography / English,ancient-parent coordinate-terrain construction,GEO-PROXY;installed:in_game/map_data/location_templates.txt,medium,Distinct AD 1 parent-frame label keyed to installed coordinates and terrain.,false
location,poskam,yarkand_province,land,Southwestern Shache–Pishan Xiyu Oases Uplands,local historical geography / English,ancient-parent coordinate-terrain construction,GEO-PROXY;installed:in_game/map_data/location_templates.txt,medium,Distinct AD 1 parent-frame label keyed to installed coordinates and terrain.,false
location,poskatinak,pikwitonei_province,land,Northeastern Laurel Northern Wetlands Forest,local historical geography / English,ancient-parent coordinate-terrain construction,GEO-PROXY;installed:in_game/map_data/location_templates.txt,medium,Distinct AD 1 parent-frame label keyed to installed coordinates and terrain.,false
location,poso,donggala_province,land,Southeastern Palu Hills,local historical geography / English,ancient-parent coordinate-terrain construction,GEO-PROXY;installed:in_game/map_data/location_templates.txt,medium,Distinct AD 1 parent-frame label keyed to installed coordinates and terrain.,false
location,poso_bay,banggai_coast_sea_province,sea,Southwestern Tomini–Peling Bight,local historical geography / English,ancient-parent coordinate-terrain construction,GEO-PROXY;installed:in_game/map_data/location_templates.txt,medium,Distinct AD 1 parent-frame label keyed to installed coordinates and terrain.,false
location,postojna,lower_carniola_province,land,Northwestern Carni–Iapodes Karst March Hills,local historical geography / English,ancient-parent coordinate-terrain construction,GEO-PROXY;installed:in_game/map_data/location_templates.txt,medium,Distinct AD 1 parent-frame label keyed to installed coordinates and terrain.,false
location,potano,potano_province,land,Northwestern Alachua–Suwannee Deptford Wetlands,local historical geography / English,ancient-parent coordinate-terrain construction,GEO-PROXY;installed:in_game/map_data/location_templates.txt,medium,Distinct AD 1 parent-frame label keyed to installed coordinates and terrain.,false
location,potapoco,potomac_province,land,Southeastern Potomac–Monocacy Mockley Plains,local historical geography / English,ancient-parent coordinate-terrain construction,GEO-PROXY;installed:in_game/map_data/location_templates.txt,medium,Distinct AD 1 parent-frame label keyed to installed coordinates and terrain.,false
location,potenza,basilicata_province,land,Anxia,attested ancient toponym,project-vetted ancient identity,https://pleiades.stoa.org/places/442465;GEO-PROXY;installed:in_game/map_data/location_templates.txt,medium,Direct or project-vetted AD 1 identity supersedes the later installed field name.,false
location,potes,montana_province,land,Southwestern Cantabri of Portus Victoriae–Picos Highlands,local historical geography / English,ancient-parent coordinate-terrain construction,GEO-PROXY;installed:in_game/map_data/location_templates.txt,medium,Distinct AD 1 parent-frame label keyed to installed coordinates and terrain.,false
location,poti,paranaiba_province,land,Northwestern Tremembé–Tabajara Piauí Plains,local historical geography / English,ancient-parent coordinate-terrain construction,GEO-PROXY;installed:in_game/map_data/location_templates.txt,medium,Distinct AD 1 parent-frame label keyed to installed coordinates and terrain.,false
location,poti_caucasus,samegrelo_province,land,Southeastern Colchis of Phasis–Apsarus Wetlands,local historical geography / English,ancient-parent coordinate-terrain construction,GEO-PROXY;installed:in_game/map_data/location_templates.txt,medium,Distinct AD 1 parent-frame label keyed to installed coordinates and terrain.,false
location,potiguara,paraiba_province,land,Proto-Tupi Potengi–Paraíba Central Plains,local historical geography / English,ancient-parent coordinate-terrain construction,GEO-PROXY;installed:in_game/map_data/location_templates.txt,medium,Distinct AD 1 parent-frame label keyed to installed coordinates and terrain.,false
location,potiskum,fika_province,land,Northwestern Komadugu–Chad Iron Plains,local historical geography / English,ancient-parent coordinate-terrain construction,GEO-PROXY;installed:in_game/map_data/location_templates.txt,medium,Distinct AD 1 parent-frame label keyed to installed coordinates and terrain.,false
location,potsdam,mittelmark_province,land,Northwestern Semnones of the Havel–Spree Plains,local historical geography / English,ancient-parent coordinate-terrain construction,GEO-PROXY;installed:in_game/map_data/location_templates.txt,medium,Distinct AD 1 parent-frame label keyed to installed coordinates and terrain.,false
location,pottapi,southern_rayalaseema,land,Eastern Andhra Penner–Palar Hills,local historical geography / English,ancient-parent coordinate-terrain construction,GEO-PROXY;installed:in_game/map_data/location_templates.txt,medium,Distinct AD 1 parent-frame label keyed to installed coordinates and terrain.,false
location,potyguara,paranaiba_province,land,Northern Tremembé–Tabajara Piauí Plains,local historical geography / English,ancient-parent coordinate-terrain construction,GEO-PROXY;installed:in_game/map_data/location_templates.txt,medium,Distinct AD 1 parent-frame label keyed to installed coordinates and terrain.,false
location,poudioue_coast,kanaky_coastal_sea_zones_province,sea,Northeastern Kanaky Post-Lapita Lagoon Bight,local historical geography / English,ancient-parent coordinate-terrain construction,GEO-PROXY;installed:in_game/map_data/location_templates.txt,medium,Distinct AD 1 parent-frame label keyed to installed coordinates and terrain.,false
location,poughkeepsie,muhheakantuck_province,land,Eastern Muhheakantuck Woodlandss,local historical geography / English,ancient-parent coordinate-terrain construction,GEO-PROXY;installed:in_game/map_data/location_templates.txt,medium,Distinct AD 1 parent-frame label keyed to installed coordinates and terrain.,false
location,pouh_island,kanaky_coastal_sea_zones_province,sea,Kanaky Post-Lapita Lagoon Inner Central Bight,local historical geography / English,ancient-parent coordinate-terrain construction,GEO-PROXY;installed:in_game/map_data/location_templates.txt,medium,Distinct AD 1 parent-frame label keyed to installed coordinates and terrain.,false
location,pouss,mandara_province,land,Eastern Northern Mandara Foothills Wetlands,local historical geography / English,ancient-parent coordinate-terrain construction,GEO-PROXY;installed:in_game/map_data/location_templates.txt,medium,Distinct AD 1 parent-frame label keyed to installed coordinates and terrain.,false
location,pouthi_loeu,or_keo_province,land,Southern Funan Angkor-Borei–Bassac Wetlands,local historical geography / English,ancient-parent coordinate-terrain construction,GEO-PROXY;installed:in_game/map_data/location_templates.txt,medium,Distinct AD 1 parent-frame label keyed to installed coordinates and terrain.,false
location,povazska_bystrica,trencsen_province,land,Western Cotini of Váh–Tatra Hills,local historical geography / English,ancient-parent coordinate-terrain construction,GEO-PROXY;installed:in_game/map_data/location_templates.txt,medium,Distinct AD 1 parent-frame label keyed to installed coordinates and terrain.,false
location,pove,mbwila_province,land,Central Northwestern Dande–Lucala Early-Iron Hills,local historical geography / English,ancient-parent coordinate-terrain construction,GEO-PROXY;installed:in_game/map_data/location_templates.txt,medium,Distinct AD 1 parent-frame label keyed to installed coordinates and terrain.,false
location,powalu,waashiw_province,land,Southwestern Desert Tahoe–Truckee Highlands,local historical geography / English,ancient-parent coordinate-terrain construction,GEO-PROXY;installed:in_game/map_data/location_templates.txt,medium,Distinct AD 1 parent-frame label keyed to installed coordinates and terrain.,false
location,powassan,nipissing_province,land,Southeastern Nipissing–Wemitigoj Hills,local historical geography / English,ancient-parent coordinate-terrain construction,GEO-PROXY;installed:in_game/map_data/location_templates.txt,medium,Distinct AD 1 parent-frame label keyed to installed coordinates and terrain.,false
location,powhatan,powhatan_province,land,Northern Pamunkey–Appomattox Woodlandss,local historical geography / English,ancient-parent coordinate-terrain construction,GEO-PROXY;installed:in_game/map_data/location_templates.txt,medium,Distinct AD 1 parent-frame label keyed to installed coordinates and terrain.,false
location,poyang,raozhou_province,land,Northwestern Yuzhang Commandery Basin Wetlands,local historical geography / English,ancient-parent coordinate-terrain construction,GEO-PROXY;installed:in_game/map_data/location_templates.txt,medium,Distinct AD 1 parent-frame label keyed to installed coordinates and terrain.,false
location,poyang_lake,nankang_province,lake,Southeastern Gan Northern Yuzhang Lake,local historical geography / English,ancient-parent coordinate-terrain construction,GEO-PROXY;installed:in_game/map_data/location_templates.txt,medium,Distinct AD 1 parent-frame label keyed to installed coordinates and terrain.,false
location,poyiitahtai,poyiitahtai_province,land,Outer Southwestern Milk Missouri Prairie Plateau,local historical geography / English,ancient-parent coordinate-terrain construction,GEO-PROXY;installed:in_game/map_data/location_templates.txt,medium,Distinct AD 1 parent-frame label keyed to installed coordinates and terrain.,false
location,poytis,finland_province,land,Northeastern Southwestern Finnic Plains,local historical geography / English,ancient-parent coordinate-terrain construction,GEO-PROXY;installed:in_game/map_data/location_templates.txt,medium,Distinct AD 1 parent-frame label keyed to installed coordinates and terrain.,false
location,pozega,vukovar_syrmia_province,land,Western Pannonia Mursa–Sirmium Plains,local historical geography / English,ancient-parent coordinate-terrain construction,GEO-PROXY;installed:in_game/map_data/location_templates.txt,medium,Distinct AD 1 parent-frame label keyed to installed coordinates and terrain.,false
location,poznan,poznan_province,land,Southeastern Warta–Obra Przeworsk Plains,local historical geography / English,ancient-parent coordinate-terrain construction,GEO-PROXY;installed:in_game/map_data/location_templates.txt,medium,Distinct AD 1 parent-frame label keyed to installed coordinates and terrain.,false
location,prabumulih,ogan_province,land,Northeastern Musi–Komering Riverlands Plains,local historical geography / English,ancient-parent coordinate-terrain construction,GEO-PROXY;installed:in_game/map_data/location_templates.txt,medium,Distinct AD 1 parent-frame label keyed to installed coordinates and terrain.,false
location,prachen,prachensko_province,land,Southwestern Otava–Vltava Marcomannian Hills,local historical geography / English,ancient-parent coordinate-terrain construction,GEO-PROXY;installed:in_game/map_data/location_templates.txt,medium,Distinct AD 1 parent-frame label keyed to installed coordinates and terrain.,false
location,prachinburi,ayutthaya_province,land,Eastern Chao Phraya–Prachin Plains,local historical geography / English,ancient-parent coordinate-terrain construction,GEO-PROXY;installed:in_game/map_data/location_templates.txt,medium,Distinct AD 1 parent-frame label keyed to installed coordinates and terrain.,false
location,prachuap_bay,ayodhya_coast_sea_province,sea,Chryse Chersonesus Central Bight,local historical geography / English,ancient-parent coordinate-terrain construction,GEO-PROXY;installed:in_game/map_data/location_templates.txt,medium,Distinct AD 1 parent-frame label keyed to installed coordinates and terrain.,false
location,prades,rosello_province,land,Sebendounon,attested ancient toponym,project-vetted ancient identity,https://pleiades.stoa.org/places/246632;GEO-PROXY;installed:in_game/map_data/location_templates.txt,medium,Direct or project-vetted AD 1 identity supersedes the later installed field name.,false
location,pragelato,gresivaudan_province,land,Northeastern Allobroges of Cularo–Brigantio Highlands,local historical geography / English,ancient-parent coordinate-terrain construction,GEO-PROXY;installed:in_game/map_data/location_templates.txt,medium,Distinct AD 1 parent-frame label keyed to installed coordinates and terrain.,false
location,prague,prague_province,land,Marobudum,attested ancient toponym,project-vetted ancient identity,CAH-XI;GEO-PROXY;installed:in_game/map_data/location_templates.txt,medium,Direct or project-vetted AD 1 identity supersedes the later installed field name.,false
location,praia_mansa,jaguaribe_coastal_sea_zones_province,sea,Western Jaguaribe–Potengi Atlantic Bight,local historical geography / English,ancient-parent coordinate-terrain construction,GEO-PROXY;installed:in_game/map_data/location_templates.txt,medium,Distinct AD 1 parent-frame label keyed to installed coordinates and terrain.,false
location,praiba_sul,piray_province,land,Northeastern Paraíba–Piraí Atlantic Hills,local historical geography / English,ancient-parent coordinate-terrain construction,GEO-PROXY;installed:in_game/map_data/location_templates.txt,medium,Distinct AD 1 parent-frame label keyed to installed coordinates and terrain.,false
location,prainha,curuai_province,land,Southeastern Lower Great-River–Tapajós Lakes Wetlands,local historical geography / English,ancient-parent coordinate-terrain construction,GEO-PROXY;installed:in_game/map_data/location_templates.txt,medium,Distinct AD 1 parent-frame label keyed to installed coordinates and terrain.,false
location,prakkad,kutta_nadu,land,Pounnata,attested ancient toponym,project-vetted ancient identity,https://pleiades.stoa.org/places/50226;GEO-PROXY;installed:in_game/map_data/location_templates.txt,medium,Direct or project-vetted AD 1 identity supersedes the later installed field name.,false
location,prasat_andet,indrapura_khmer_province,land,Mekong–Dangrek Protohistoric Central Wetlands,local historical geography / English,ancient-parent coordinate-terrain construction,GEO-PROXY;installed:in_game/map_data/location_templates.txt,medium,Distinct AD 1 parent-frame label keyed to installed coordinates and terrain.,false
location,prasat_don_an,battambang_province,land,Tonle Sap–Mekong Central Plains,local historical geography / English,ancient-parent coordinate-terrain construction,GEO-PROXY;installed:in_game/map_data/location_templates.txt,medium,Distinct AD 1 parent-frame label keyed to installed coordinates and terrain.,false
location,prasat_don_kau,ishanapura_province,land,Northern Dangrek–Tonle Sap Protohistoric Plains,local historical geography / English,ancient-parent coordinate-terrain construction,GEO-PROXY;installed:in_game/map_data/location_templates.txt,medium,Distinct AD 1 parent-frame label keyed to installed coordinates and terrain.,false
location,prasat_pram_lovet,vyadhapura_province,land,Southeastern Funan Angkor Borei–Mekong Plains,local historical geography / English,ancient-parent coordinate-terrain construction,GEO-PROXY;installed:in_game/map_data/location_templates.txt,medium,Distinct AD 1 parent-frame label keyed to installed coordinates and terrain.,false
location,prasat_thong_lang,khukhan_province,land,Mun–Mekong Central Plains,local historical geography / English,ancient-parent coordinate-terrain construction,GEO-PROXY;installed:in_game/map_data/location_templates.txt,medium,Distinct AD 1 parent-frame label keyed to installed coordinates and terrain.,false
location,prasong,west_kra_province,land,Northeastern Takua-Pa–Krabi Peninsula Exchange Plains,local historical geography / English,ancient-parent coordinate-terrain construction,GEO-PROXY;installed:in_game/map_data/location_templates.txt,medium,Distinct AD 1 parent-frame label keyed to installed coordinates and terrain.,false
location,prasonisi_cape,aegean_sea_province,sea,Eastern Cretan–Carpathian Bight,local historical geography / English,ancient-parent coordinate-terrain construction,GEO-PROXY;installed:in_game/map_data/location_templates.txt,medium,Distinct AD 1 parent-frame label keyed to installed coordinates and terrain.,false
location,pratapgarh,southern_desh,land,Northwestern Satavahana Kuntala–Karad Hills,local historical geography / English,ancient-parent coordinate-terrain construction,GEO-PROXY;installed:in_game/map_data/location_templates.txt,medium,Distinct AD 1 parent-frame label keyed to installed coordinates and terrain.,false
location,prathai_saman,buriram_province,land,Southeastern Upper Mun Plains,local historical geography / English,ancient-parent coordinate-terrain construction,GEO-PROXY;installed:in_game/map_data/location_templates.txt,medium,Distinct AD 1 parent-frame label keyed to installed coordinates and terrain.,false
location,prato,florence_province,land,Northwestern Florentia–Faesulae Plains,local historical geography / English,ancient-parent coordinate-terrain construction,GEO-PROXY;installed:in_game/map_data/location_templates.txt,medium,Distinct AD 1 parent-frame label keyed to installed coordinates and terrain.,false
location,pravaya_khetta,nadym_province,land,Northeastern Nadym–Pur Ust-Poluy Wetlands,local historical geography / English,ancient-parent coordinate-terrain construction,GEO-PROXY;installed:in_game/map_data/location_templates.txt,medium,Distinct AD 1 parent-frame label keyed to installed coordinates and terrain.,false
location,prayag,lower_doab_province,land,Kaushambi,attested ancient toponym,project-vetted ancient identity,ASI-MITRA;GEO-PROXY;installed:in_game/map_data/location_templates.txt,medium,Direct or project-vetted AD 1 identity supersedes the later installed field name.,false
location,preah_khan_kompong_svay,indrapura_khmer_province,land,Northwestern Mekong–Dangrek Protohistoric Plains,local historical geography / English,ancient-parent coordinate-terrain construction,GEO-PROXY;installed:in_game/map_data/location_templates.txt,medium,Distinct AD 1 parent-frame label keyed to installed coordinates and terrain.,false
location,preah_ko,stung_treng_province,land,Northwestern Mekong–Sekong Corridor Plains,local historical geography / English,ancient-parent coordinate-terrain construction,GEO-PROXY;installed:in_game/map_data/location_templates.txt,medium,Distinct AD 1 parent-frame label keyed to installed coordinates and terrain.,false
location,preah_vihear,ishanapura_province,land,Northwestern Dangrek–Tonle Sap Protohistoric Plains,local historical geography / English,ancient-parent coordinate-terrain construction,GEO-PROXY;installed:in_game/map_data/location_templates.txt,medium,Distinct AD 1 parent-frame label keyed to installed coordinates and terrain.,false
location,preguicas_mouth,mearim_coastal_sea_zones_province,sea,Southeastern Upaon-Açu–Parnaíba Estuarine Bight,local historical geography / English,ancient-parent coordinate-terrain construction,GEO-PROXY;installed:in_game/map_data/location_templates.txt,medium,Distinct AD 1 parent-frame label keyed to installed coordinates and terrain.,false
location,preissac_lake,temiscamingue_province,lake,Northwestern Temiskaming–Kipawa Shield Lake,local historical geography / English,ancient-parent coordinate-terrain construction,GEO-PROXY;installed:in_game/map_data/location_templates.txt,medium,Distinct AD 1 parent-frame label keyed to installed coordinates and terrain.,false
location,prenzlau,uckermark_province,land,Northeastern Semnones of Ucker–Oder Plains,local historical geography / English,ancient-parent coordinate-terrain construction,GEO-PROXY;installed:in_game/map_data/location_templates.txt,medium,Distinct AD 1 parent-frame label keyed to installed coordinates and terrain.,false
location,prerov,hradistsko_province,land,Northwestern Cotini–Quadi Morava Marches Plains,local historical geography / English,ancient-parent coordinate-terrain construction,GEO-PROXY;installed:in_game/map_data/location_templates.txt,medium,Distinct AD 1 parent-frame label keyed to installed coordinates and terrain.,false
location,presnowka,tarankol_province,land,Western Ishim–Kokshetau Sargat Plains,local historical geography / English,ancient-parent coordinate-terrain construction,GEO-PROXY;installed:in_game/map_data/location_templates.txt,medium,Distinct AD 1 parent-frame label keyed to installed coordinates and terrain.,false
location,presov,szepes_province,land,Northeastern Hornád–Poprad Cotini March Hills,local historical geography / English,ancient-parent coordinate-terrain construction,GEO-PROXY;installed:in_game/map_data/location_templates.txt,medium,Distinct AD 1 parent-frame label keyed to installed coordinates and terrain.,false
location,preston,lancashire_province,land,Northwestern Brigantes of Belisama–Setantii Plains,local historical geography / English,ancient-parent coordinate-terrain construction,GEO-PROXY;installed:in_game/map_data/location_templates.txt,medium,Distinct AD 1 parent-frame label keyed to installed coordinates and terrain.,false
location,preveza,south_epirus_province,land,Southwestern Ambracia–Molossis Epirus Plains,local historical geography / English,ancient-parent coordinate-terrain construction,GEO-PROXY;installed:in_game/map_data/location_templates.txt,medium,Distinct AD 1 parent-frame label keyed to installed coordinates and terrain.,false
location,prey_nokor,prey_nokor_province,land,Southeastern Mekong–Bassac Delta Plains,local historical geography / English,ancient-parent coordinate-terrain construction,GEO-PROXY;installed:in_game/map_data/location_templates.txt,medium,Distinct AD 1 parent-frame label keyed to installed coordinates and terrain.,false
location,pribor,hradistsko_province,land,Northeastern Cotini–Quadi Morava Marches Hills,local historical geography / English,ancient-parent coordinate-terrain construction,GEO-PROXY;installed:in_game/map_data/location_templates.txt,medium,Distinct AD 1 parent-frame label keyed to installed coordinates and terrain.,false
location,pribuzh,luzhkaya_province,land,Northwestern Luga–Plyussa Late-Dyakovo Plains,local historical geography / English,ancient-parent coordinate-terrain construction,GEO-PROXY;installed:in_game/map_data/location_templates.txt,medium,Distinct AD 1 parent-frame label keyed to installed coordinates and terrain.,false
location,prieska,prieska_province,land,Southeastern Gariep–Kheis Herder Uplands,local historical geography / English,ancient-parent coordinate-terrain construction,GEO-PROXY;installed:in_game/map_data/location_templates.txt,medium,Distinct AD 1 parent-frame label keyed to installed coordinates and terrain.,false
location,prievidza,pozsony_province,land,Northeastern Carnuntum–Nitra Quadi March Hills,local historical geography / English,ancient-parent coordinate-terrain construction,GEO-PROXY;installed:in_game/map_data/location_templates.txt,medium,Distinct AD 1 parent-frame label keyed to installed coordinates and terrain.,false
location,prijepolje,zlatibor_province,land,Southwestern Autariatae of Drinus–Tara Hills,local historical geography / English,ancient-parent coordinate-terrain construction,GEO-PROXY;installed:in_game/map_data/location_templates.txt,medium,Distinct AD 1 parent-frame label keyed to installed coordinates and terrain.,false
location,prilep,prilep_province,land,Bryanion,attested ancient toponym,project-vetted ancient identity,https://pleiades.stoa.org/places/481773;GEO-PROXY;installed:in_game/map_data/location_templates.txt,medium,Direct or project-vetted AD 1 identity supersedes the later installed field name.,false
location,priluky,onega_province,land,Southeastern Finnic White Onega Plains,local historical geography / English,ancient-parent coordinate-terrain construction,GEO-PROXY;installed:in_game/map_data/location_templates.txt,medium,Distinct AD 1 parent-frame label keyed to installed coordinates and terrain.,false
location,primkent,nurota_province,land,Southeastern Sogdian Nurata–Zeravshan Marches Uplands,local historical geography / English,ancient-parent coordinate-terrain construction,GEO-PROXY;installed:in_game/map_data/location_templates.txt,medium,Distinct AD 1 parent-frame label keyed to installed coordinates and terrain.,false
location,primrose_lake,sakitawahk_province,lake,Western Taltheilei Missinipi Lake,local historical geography / English,ancient-parent coordinate-terrain construction,GEO-PROXY;installed:in_game/map_data/location_templates.txt,medium,Distinct AD 1 parent-frame label keyed to installed coordinates and terrain.,false
location,prins_christianssund_coast,western_greenland_sea_zones_province,sea,Southeastern Dorset Western-Ice Bight,local historical geography / English,ancient-parent coordinate-terrain construction,GEO-PROXY;installed:in_game/map_data/location_templates.txt,medium,Distinct AD 1 parent-frame label keyed to installed coordinates and terrain.,false
location,prinzus,mayangna_province,land,Southeastern Coco–Escondido Wetlands,local historical geography / English,ancient-parent coordinate-terrain construction,GEO-PROXY;installed:in_game/map_data/location_templates.txt,medium,Distinct AD 1 parent-frame label keyed to installed coordinates and terrain.,false
location,prirechnyi,western_kola_province,land,Northwestern Akkala–Pechenga Sámi Plains,local historical geography / English,ancient-parent coordinate-terrain construction,GEO-PROXY;installed:in_game/map_data/location_templates.txt,medium,Distinct AD 1 parent-frame label keyed to installed coordinates and terrain.,false
location,pristina,kosovo_province,land,Ulpiana,attested ancient toponym,project-vetted ancient identity,https://pleiades.stoa.org/places/482027;GEO-PROXY;installed:in_game/map_data/location_templates.txt,medium,Direct or project-vetted AD 1 identity supersedes the later installed field name.,false
location,prittlewell,essex_province,land,Trinovantian Caesaromagus,attested ancient toponym,project-vetted ancient identity,https://pleiades.stoa.org/places/79364;GEO-PROXY;installed:in_game/map_data/location_templates.txt,medium,Direct or project-vetted AD 1 identity supersedes the later installed field name.,false
location,pritzwalk,prignitz_province,land,Northwestern Havel–Elbe Semnonian Plains,local historical geography / English,ancient-parent coordinate-terrain construction,GEO-PROXY;installed:in_game/map_data/location_templates.txt,medium,Distinct AD 1 parent-frame label keyed to installed coordinates and terrain.,false
location,privas,vivarais_province,land,Alba Helviorum,attested ancient toponym,project-vetted ancient identity,https://pleiades.stoa.org/places/167629;GEO-PROXY;installed:in_game/map_data/location_templates.txt,medium,Direct or project-vetted AD 1 identity supersedes the later installed field name.,false
location,privolnoye,privolnoye_province,land,Upper Kuban Siraces–Aorsi Steppe Central Plains,local historical geography / English,ancient-parent coordinate-terrain construction,GEO-PROXY;installed:in_game/map_data/location_templates.txt,medium,Distinct AD 1 parent-frame label keyed to installed coordinates and terrain.,false
location,priyutnoye,priyutnoye_province,land,Southeastern Manych–Lower Volga Aorsi Steppe Plains,local historical geography / English,ancient-parent coordinate-terrain construction,GEO-PROXY;installed:in_game/map_data/location_templates.txt,medium,Distinct AD 1 parent-frame label keyed to installed coordinates and terrain.,false
location,prizren,kosovo_province,land,Gabuleum,attested ancient toponym,project-vetted ancient identity,https://pleiades.stoa.org/places/481837;GEO-PROXY;installed:in_game/map_data/location_templates.txt,medium,Direct or project-vetted AD 1 identity supersedes the later installed field name.,false
location,proenca_nova,beira_baixa_province,land,Aritium,attested ancient toponym,project-vetted ancient identity,https://pleiades.stoa.org/places/255982;GEO-PROXY;installed:in_game/map_data/location_templates.txt,medium,Direct or project-vetted AD 1 identity supersedes the later installed field name.,false
location,prokuplje,nis_province,land,Ad Fines,attested ancient toponym,project-vetted ancient identity,https://pleiades.stoa.org/places/206878;GEO-PROXY;installed:in_game/map_data/location_templates.txt,medium,Direct or project-vetted AD 1 identity supersedes the later installed field name.,false
location,promsa,troitskoye_kuroedovo_province,land,Northwestern Gorodets Sura–Moksha Plains,local historical geography / English,ancient-parent coordinate-terrain construction,GEO-PROXY;installed:in_game/map_data/location_templates.txt,medium,Distinct AD 1 parent-frame label keyed to installed coordinates and terrain.,false
location,pronsk,pronsk_province,land,Northeastern Pronya–Oka Gorodets Plains,local historical geography / English,ancient-parent coordinate-terrain construction,GEO-PROXY;installed:in_game/map_data/location_templates.txt,medium,Distinct AD 1 parent-frame label keyed to installed coordinates and terrain.,false
location,propinsi_coast,anim_ha_coastal_sea_zones_province,sea,Southern Digul-Arafura Waters,local historical geography / English,ancient-parent coordinate-terrain construction,GEO-PROXY;installed:in_game/map_data/location_templates.txt,medium,Distinct AD 1 parent-frame label keyed to installed coordinates and terrain.,false
location,prosek,vardar_province,land,Europos,attested ancient toponym,project-vetted ancient identity,https://pleiades.stoa.org/places/491594;GEO-PROXY;installed:in_game/map_data/location_templates.txt,medium,Direct or project-vetted AD 1 identity supersedes the later installed field name.,false
location,prostejov,olomoucko_province,land,Southern Quadi Morava–Haná Plains,local historical geography / English,ancient-parent coordinate-terrain construction,GEO-PROXY;installed:in_game/map_data/location_templates.txt,medium,Distinct AD 1 parent-frame label keyed to installed coordinates and terrain.,false
location,proszowice,krakow_province,land,Southeastern Przeworsk Upper-Vistula Plains,local historical geography / English,ancient-parent coordinate-terrain construction,GEO-PROXY;installed:in_game/map_data/location_templates.txt,medium,Distinct AD 1 parent-frame label keyed to installed coordinates and terrain.,false
location,provins,brie_champenois_province,land,Meldi and Tricasses Central Plains,local historical geography / English,ancient-parent coordinate-terrain construction,GEO-PROXY;installed:in_game/map_data/location_templates.txt,medium,Distinct AD 1 parent-frame label keyed to installed coordinates and terrain.,false
location,prozorovo,mologa_province,land,Northwestern Mologa–Sheksna Late-Dyakovo Plains,local historical geography / English,ancient-parent coordinate-terrain construction,GEO-PROXY;installed:in_game/map_data/location_templates.txt,medium,Distinct AD 1 parent-frame label keyed to installed coordinates and terrain.,false
location,prudnik,opole_province,land,Southwestern Przeworsk Upper-Oder Plains,local historical geography / English,ancient-parent coordinate-terrain construction,GEO-PROXY;installed:in_game/map_data/location_templates.txt,medium,Distinct AD 1 parent-frame label keyed to installed coordinates and terrain.,false
location,prudy,north_pskov_province,land,Southern Peipus–Velikaya Plains,local historical geography / English,ancient-parent coordinate-terrain construction,GEO-PROXY;installed:in_game/map_data/location_templates.txt,medium,Distinct AD 1 parent-frame label keyed to installed coordinates and terrain.,false
location,prum,eifel_province,land,Western Eburones–Treveri Hills,local historical geography / English,ancient-parent coordinate-terrain construction,GEO-PROXY;installed:in_game/map_data/location_templates.txt,medium,Distinct AD 1 parent-frame label keyed to installed coordinates and terrain.,false
location,pryazha,aunus_karelia_province,land,Northwestern Onega–Olonets Lake Wetlands,local historical geography / English,ancient-parent coordinate-terrain construction,GEO-PROXY;installed:in_game/map_data/location_templates.txt,medium,Distinct AD 1 parent-frame label keyed to installed coordinates and terrain.,false
location,pryluky,ichnia_province,land,Western Sula–Psel Zarubintsy Plains,local historical geography / English,ancient-parent coordinate-terrain construction,GEO-PROXY;installed:in_game/map_data/location_templates.txt,medium,Distinct AD 1 parent-frame label keyed to installed coordinates and terrain.,false
location,przasnysz,ciechanow_province,land,Central Northeastern Vistula–Narew Przeworsk Plains,local historical geography / English,ancient-parent coordinate-terrain construction,GEO-PROXY;installed:in_game/map_data/location_templates.txt,medium,Distinct AD 1 parent-frame label keyed to installed coordinates and terrain.,false
location,przedborz,checiny_province,land,Southwestern Przeworsk–Holy Cross Plains,local historical geography / English,ancient-parent coordinate-terrain construction,GEO-PROXY;installed:in_game/map_data/location_templates.txt,medium,Distinct AD 1 parent-frame label keyed to installed coordinates and terrain.,false
location,przemysl,przemysl_province,land,Southern San–Upper Dniester Lipița Plains,local historical geography / English,ancient-parent coordinate-terrain construction,GEO-PROXY;installed:in_game/map_data/location_templates.txt,medium,Distinct AD 1 parent-frame label keyed to installed coordinates and terrain.,false
location,przemysl_moscow,kolomna_province,land,Northwestern Oka–Moskva Dyakovo Plains,local historical geography / English,ancient-parent coordinate-terrain construction,GEO-PROXY;installed:in_game/map_data/location_templates.txt,medium,Distinct AD 1 parent-frame label keyed to installed coordinates and terrain.,false
location,pskov,north_pskov_province,land,Luga Striated-Pottery Lands,attested ancient toponym,project-vetted ancient identity,GERMANIA-NEVA;GEO-PROXY;installed:in_game/map_data/location_templates.txt,medium,Direct or project-vetted AD 1 identity supersedes the later installed field name.,false
location,pszczyna,tesin_province,land,Southeastern Upper Oder–Beskid Przeworsk Plains,local historical geography / English,ancient-parent coordinate-terrain construction,GEO-PROXY;installed:in_game/map_data/location_templates.txt,medium,Distinct AD 1 parent-frame label keyed to installed coordinates and terrain.,false
location,ptuj,lower_styria_province,land,Poetovio,attested ancient toponym,project-vetted ancient identity,https://pleiades.stoa.org/places/197446;GEO-PROXY;installed:in_game/map_data/location_templates.txt,high,Direct or project-vetted AD 1 identity supersedes the later installed field name.,false
location,pua,phrae_province,land,Northeastern Nan–Yom Plains,local historical geography / English,ancient-parent coordinate-terrain construction,GEO-PROXY;installed:in_game/map_data/location_templates.txt,medium,Distinct AD 1 parent-frame label keyed to installed coordinates and terrain.,false
location,puan,jianzhou_province,land,Northeastern Zitong–Mian Shu Corridor Hills,local historical geography / English,ancient-parent coordinate-terrain construction,GEO-PROXY;installed:in_game/map_data/location_templates.txt,medium,Distinct AD 1 parent-frame label keyed to installed coordinates and terrain.,false
location,puan_puan,puan_province,land,Northwestern Nanpan-Yelang Highlands District,local historical geography / English,ancient-parent coordinate-terrain construction,GEO-PROXY;installed:in_game/map_data/location_templates.txt,medium,Distinct AD 1 parent-frame label keyed to installed coordinates and terrain.,false
location,puari,waitaha_province,land,Middle Northeastern Southern Lowlands,local historical geography / English,ancient-parent coordinate-terrain construction,GEO-PROXY;installed:in_game/map_data/location_templates.txt,medium,Distinct AD 1 parent-frame label keyed to installed coordinates and terrain.,false
location,puatane,inner_aunus_karelia_province,land,Northeastern Onega–Svir Finnic Woodlandss,local historical geography / English,ancient-parent coordinate-terrain construction,GEO-PROXY;installed:in_game/map_data/location_templates.txt,medium,Distinct AD 1 parent-frame label keyed to installed coordinates and terrain.,false
location,pubungu,albert_nile_province,land,Western Upper Nile–Karamoja Frontier Uplands,local historical geography / English,ancient-parent coordinate-terrain construction,GEO-PROXY;installed:in_game/map_data/location_templates.txt,medium,Distinct AD 1 parent-frame label keyed to installed coordinates and terrain.,false
location,puchacay,pikunmapu_province,land,Southwestern Bato Maule–Bío-Bío Plains,local historical geography / English,ancient-parent coordinate-terrain construction,GEO-PROXY;installed:in_game/map_data/location_templates.txt,medium,Distinct AD 1 parent-frame label keyed to installed coordinates and terrain.,false
location,pucheng,huazhou_shaanxi_province,land,Northwestern Hongnong Western Valleys Plains,local historical geography / English,ancient-parent coordinate-terrain construction,GEO-PROXY;installed:in_game/map_data/location_templates.txt,medium,Distinct AD 1 parent-frame label keyed to installed coordinates and terrain.,false
location,pucheng_jianning,jianning_province,land,Northern Wuyi–Northern Minyue Hills,local historical geography / English,ancient-parent coordinate-terrain construction,GEO-PROXY;installed:in_game/map_data/location_templates.txt,medium,Distinct AD 1 parent-frame label keyed to installed coordinates and terrain.,false
location,pucheveyem,east_omok_province,land,Northeastern Kolyma–Anadyr Tundra Plains,local historical geography / English,ancient-parent coordinate-terrain construction,GEO-PROXY;installed:in_game/map_data/location_templates.txt,medium,Distinct AD 1 parent-frame label keyed to installed coordinates and terrain.,false
location,puck,danzig_province,land,Northern Vistula–Gothones Plains,local historical geography / English,ancient-parent coordinate-terrain construction,GEO-PROXY;installed:in_game/map_data/location_templates.txt,medium,Distinct AD 1 parent-frame label keyed to installed coordinates and terrain.,false
location,puctlan,cuetlaxtlan_province,land,Eastern Totonac–Papaloapan Coast Wetlands,local historical geography / English,ancient-parent coordinate-terrain construction,GEO-PROXY;installed:in_game/map_data/location_templates.txt,medium,Distinct AD 1 parent-frame label keyed to installed coordinates and terrain.,false
location,pudasjarvi,norra_osterbotten_province,land,Oulu–Kemi Forest Central Wetlands,local historical geography / English,ancient-parent coordinate-terrain construction,GEO-PROXY;installed:in_game/map_data/location_templates.txt,medium,Distinct AD 1 parent-frame label keyed to installed coordinates and terrain.,false
location,puddokothai,cola_nadu,land,Bata,attested ancient toponym,project-vetted ancient identity,https://pleiades.stoa.org/places/49907;GEO-PROXY;installed:in_game/map_data/location_templates.txt,medium,Direct or project-vetted AD 1 identity supersedes the later installed field name.,false
location,puding,anshun_province,land,Northeastern Yelang–Zangke Highlands,local historical geography / English,ancient-parent coordinate-terrain construction,GEO-PROXY;installed:in_game/map_data/location_templates.txt,medium,Distinct AD 1 parent-frame label keyed to installed coordinates and terrain.,false
location,pudoga,zaonezhye_province,land,Southeastern Late-Kargopol Onega–Vodla Plains,local historical geography / English,ancient-parent coordinate-terrain construction,GEO-PROXY;installed:in_game/map_data/location_templates.txt,medium,Distinct AD 1 parent-frame label keyed to installed coordinates and terrain.,false
location,pudtol,lower_cagayan_province,land,Western Cagayan–Batanes Austronesian Highlands,local historical geography / English,ancient-parent coordinate-terrain construction,GEO-PROXY;installed:in_game/map_data/location_templates.txt,medium,Distinct AD 1 parent-frame label keyed to installed coordinates and terrain.,false
location,puebla_de_alcocer,trujillo_province,land,Mirobriga,attested ancient toponym,project-vetted ancient identity,https://pleiades.stoa.org/places/256302;GEO-PROXY;installed:in_game/map_data/location_templates.txt,medium,Direct or project-vetted AD 1 identity supersedes the later installed field name.,false
location,puebla_de_guzman,huelva_province,land,Praesidium,attested ancient toponym,project-vetted ancient identity,https://pleiades.stoa.org/places/256386;GEO-PROXY;installed:in_game/map_data/location_templates.txt,medium,Direct or project-vetted AD 1 identity supersedes the later installed field name.,false
location,puebla_de_montalban,toledo_province,land,Northern Carpetani of Toletum–Tagus Plains,local historical geography / English,ancient-parent coordinate-terrain construction,GEO-PROXY;installed:in_game/map_data/location_templates.txt,medium,Distinct AD 1 parent-frame label keyed to installed coordinates and terrain.,false
location,puebla_de_sanabria,benavente_province,land,Western Brigaecini–Asturica South Uplands,local historical geography / English,ancient-parent coordinate-terrain construction,GEO-PROXY;installed:in_game/map_data/location_templates.txt,medium,Distinct AD 1 parent-frame label keyed to installed coordinates and terrain.,false
location,puel_co,chubut_province,land,Northern Patagonian and Steppe Highlands,local historical geography / English,ancient-parent coordinate-terrain construction,GEO-PROXY;installed:in_game/map_data/location_templates.txt,medium,Distinct AD 1 parent-frame label keyed to installed coordinates and terrain.,false
location,puente_arzobispo,toledo_province,land,Southwestern Carpetani of Toletum–Tagus Hills,local historical geography / English,ancient-parent coordinate-terrain construction,GEO-PROXY;installed:in_game/map_data/location_templates.txt,medium,Distinct AD 1 parent-frame label keyed to installed coordinates and terrain.,false
location,puertollano,west_mancha_province,land,Southeastern Sisapo–Oretanian Mining Uplands,local historical geography / English,ancient-parent coordinate-terrain construction,GEO-PROXY;installed:in_game/map_data/location_templates.txt,medium,Distinct AD 1 parent-frame label keyed to installed coordinates and terrain.,false
location,pueyrredon_lake,patagonia_province,lake,Pinturas-Deseado Western Lake,local historical geography / English,ancient-parent coordinate-terrain construction,GEO-PROXY;installed:in_game/map_data/location_templates.txt,medium,Distinct AD 1 parent-frame label keyed to installed coordinates and terrain.,false
location,pugal,jangladesh,land,Southwestern Ghaggar–Hakra Desert March Plains,local historical geography / English,ancient-parent coordinate-terrain construction,GEO-PROXY;installed:in_game/map_data/location_templates.txt,medium,Distinct AD 1 parent-frame label keyed to installed coordinates and terrain.,false
location,puge,sichuan_province,land,Southeastern Jianwei Southern Highlands District,local historical geography / English,ancient-parent coordinate-terrain construction,GEO-PROXY;installed:in_game/map_data/location_templates.txt,medium,Distinct AD 1 parent-frame label keyed to installed coordinates and terrain.,false
location,puget_theniers,nice_province,land,Brigomagus,attested ancient toponym,project-vetted ancient identity,https://pleiades.stoa.org/places/157827;GEO-PROXY;installed:in_game/map_data/location_templates.txt,medium,Direct or project-vetted AD 1 identity supersedes the later installed field name.,false
location,puigcerda,rosello_province,land,Western Sordones of Ruscino–Illiberis Highlands,local historical geography / English,ancient-parent coordinate-terrain construction,GEO-PROXY;installed:in_game/map_data/location_templates.txt,medium,Distinct AD 1 parent-frame label keyed to installed coordinates and terrain.,false
location,pujiang,jinhua_province,land,Northern Dongyang-Lanxi Kuaiji Hills District,local historical geography / English,ancient-parent coordinate-terrain construction,GEO-PROXY;installed:in_game/map_data/location_templates.txt,medium,Distinct AD 1 parent-frame label keyed to installed coordinates and terrain.,false
location,pujiang_qiongzhou,qiongzhou_sichuan_province,land,Southeastern Linqiong–Shu Western Uplands,local historical geography / English,ancient-parent coordinate-terrain construction,GEO-PROXY;installed:in_game/map_data/location_templates.txt,medium,Distinct AD 1 parent-frame label keyed to installed coordinates and terrain.,false
location,puk_palik_lake,kaialigamiut_province,lake,Northeastern Nunivak-Kuskokwim Lake,local historical geography / English,ancient-parent coordinate-terrain construction,GEO-PROXY;installed:in_game/map_data/location_templates.txt,medium,Distinct AD 1 parent-frame label keyed to installed coordinates and terrain.,false
location,puka_puka_atoll,disappointment_province,land,Southeastern Northern Tuamotu Ring,local historical geography / English,ancient-parent coordinate-terrain construction,GEO-PROXY;installed:in_game/map_data/location_templates.txt,medium,Distinct AD 1 parent-frame label keyed to installed coordinates and terrain.,false
location,puka_puka_coast,raeffsky_coastal_sea_zones_province,sea,Central Eastern Oceanic Tuamotu Bight,local historical geography / English,ancient-parent coordinate-terrain construction,GEO-PROXY;installed:in_game/map_data/location_templates.txt,medium,Distinct AD 1 parent-frame label keyed to installed coordinates and terrain.,false
location,puka_tampu,ica_province,land,Northwestern Nazca–Paracas Ica Valleys Plains,local historical geography / English,ancient-parent coordinate-terrain construction,GEO-PROXY;installed:in_game/map_data/location_templates.txt,medium,Distinct AD 1 parent-frame label keyed to installed coordinates and terrain.,false
location,pukaki_lake,tai_poutini_province,lake,Central Southern-Aotearoa Lake,local historical geography / English,ancient-parent coordinate-terrain construction,GEO-PROXY;installed:in_game/map_data/location_templates.txt,medium,Distinct AD 1 parent-frame label keyed to installed coordinates and terrain.,false
location,pukamuru,hatun_kanar_province,land,Southern Upper Cañar–Loja Highlands,local historical geography / English,ancient-parent coordinate-terrain construction,GEO-PROXY;installed:in_game/map_data/location_templates.txt,medium,Distinct AD 1 parent-frame label keyed to installed coordinates and terrain.,false
location,pukara,ayaviri_province,land,Southwestern Ayaviri Highlands,local historical geography / English,ancient-parent coordinate-terrain construction,GEO-PROXY;installed:in_game/map_data/location_templates.txt,medium,Distinct AD 1 parent-frame label keyed to installed coordinates and terrain.,false
location,pukarua_coast,tuamotu_coastal_sea_zones_province,sea,Northeastern Reao–Marutea Bight,local historical geography / English,ancient-parent coordinate-terrain construction,GEO-PROXY;installed:in_game/map_data/location_templates.txt,medium,Distinct AD 1 parent-frame label keyed to installed coordinates and terrain.,false
location,pukaskwa_point,lake_superior_province,sea,Northwestern Gichigami Bight,local historical geography / English,ancient-parent coordinate-terrain construction,GEO-PROXY;installed:in_game/map_data/location_templates.txt,medium,Distinct AD 1 parent-frame label keyed to installed coordinates and terrain.,false
location,pukiupukio,ica_province,land,Southeastern Nazca–Paracas Ica Valleys Highlands,local historical geography / English,ancient-parent coordinate-terrain construction,GEO-PROXY;installed:in_game/map_data/location_templates.txt,medium,Distinct AD 1 parent-frame label keyed to installed coordinates and terrain.,false
location,pukusamkek,epexiwitk_province,land,Southeastern Epekwitk–Malpeque Shores Plains,local historical geography / English,ancient-parent coordinate-terrain construction,GEO-PROXY;installed:in_game/map_data/location_templates.txt,medium,Distinct AD 1 parent-frame label keyed to installed coordinates and terrain.,false
location,pulai,kelantan_province,land,Southeastern Kelantan–Pattani Monsoon Hills,local historical geography / English,ancient-parent coordinate-terrain construction,GEO-PROXY;installed:in_game/map_data/location_templates.txt,medium,Distinct AD 1 parent-frame label keyed to installed coordinates and terrain.,false
location,pulandian_bay,bohai_strait_province,sea,Northwestern Liaodong–Shandong Bight,local historical geography / English,ancient-parent coordinate-terrain construction,GEO-PROXY;installed:in_game/map_data/location_templates.txt,medium,Distinct AD 1 parent-frame label keyed to installed coordinates and terrain.,false
location,pulap_atoll,pattiw_province,land,Northeastern Pattiw Chain Ring,local historical geography / English,ancient-parent coordinate-terrain construction,GEO-PROXY;installed:in_game/map_data/location_templates.txt,medium,Distinct AD 1 parent-frame label keyed to installed coordinates and terrain.,false
location,pulap_coast_2,chuuk_sea_zones_province,sea,Northwestern Pohnpei-Chuuk Expanse Bight,local historical geography / English,ancient-parent coordinate-terrain construction,GEO-PROXY;installed:in_game/map_data/location_templates.txt,medium,Distinct AD 1 parent-frame label keyed to installed coordinates and terrain.,false
location,pulasari,banten_province,land,Sunda Pakuan Central Plains,local historical geography / English,ancient-parent coordinate-terrain construction,GEO-PROXY;installed:in_game/map_data/location_templates.txt,medium,Distinct AD 1 parent-frame label keyed to installed coordinates and terrain.,false
location,pulau_river,anim_ha_coastal_sea_zones_province,sea,Northeastern Digul-Arafura Waters,local historical geography / English,ancient-parent coordinate-terrain construction,GEO-PROXY;installed:in_game/map_data/location_templates.txt,medium,Distinct AD 1 parent-frame label keyed to installed coordinates and terrain.,false
location,pulau_witau_island,ndom_coastal_sea_zones_province,sea,Southwestern Digul–Arafura Gulf Bight,local historical geography / English,ancient-parent coordinate-terrain construction,GEO-PROXY;installed:in_game/map_data/location_templates.txt,medium,Distinct AD 1 parent-frame label keyed to installed coordinates and terrain.,false
location,pulawama,kashmir_province,land,Kashmir–Darada Himalayan Valleys Central Uplands,local historical geography / English,ancient-parent coordinate-terrain construction,GEO-PROXY;installed:in_game/map_data/location_templates.txt,medium,Distinct AD 1 parent-frame label keyed to installed coordinates and terrain.,false
location,pulicat_lake,kosta,lake,Southeastern Andhra Lower-Pennar Littoral Lake,local historical geography / English,ancient-parent coordinate-terrain construction,GEO-PROXY;installed:in_game/map_data/location_templates.txt,medium,Distinct AD 1 parent-frame label keyed to installed coordinates and terrain.,false
location,pulilan,pampanga_province,land,Pampanga Lowlands,attested ancient toponym,project-vetted ancient identity,NMP-PH-METAL;NMP-PH-JARS;GEO-PROXY;installed:in_game/map_data/location_templates.txt,medium,Direct or project-vetted AD 1 identity supersedes the later installed field name.,false
location,pulilu,katagalugan_province,land,Northeastern Manila Laguna Austronesian Plains,local historical geography / English,ancient-parent coordinate-terrain construction,GEO-PROXY;installed:in_game/map_data/location_templates.txt,medium,Distinct AD 1 parent-frame label keyed to installed coordinates and terrain.,false
location,pulmo_cape,lower_california_coast_sea_zones_province,sea,Southeastern Southern-Baja Open Bight,local historical geography / English,ancient-parent coordinate-terrain construction,GEO-PROXY;installed:in_game/map_data/location_templates.txt,medium,Distinct AD 1 parent-frame label keyed to installed coordinates and terrain.,false
location,pulusuk_atoll,pattiw_province,land,Southwestern Pattiw Chain Ring,local historical geography / English,ancient-parent coordinate-terrain construction,GEO-PROXY;installed:in_game/map_data/location_templates.txt,medium,Distinct AD 1 parent-frame label keyed to installed coordinates and terrain.,false
location,pulzhai,kath_province,land,Chorasmia of Kath and the Oxus Plains,local historical geography / English,ancient-parent coordinate-terrain construction,GEO-PROXY;installed:in_game/map_data/location_templates.txt,medium,Distinct AD 1 parent-frame label keyed to installed coordinates and terrain.,false
location,puma,puma_province,land,Outer Northeastern Atacama–Puna Hills,local historical geography / English,ancient-parent coordinate-terrain construction,GEO-PROXY;installed:in_game/map_data/location_templates.txt,medium,Distinct AD 1 parent-frame label keyed to installed coordinates and terrain.,false
location,pumanota,ayaviri_province,land,Northeastern Pukara-Ayaviri Highlands District,local historical geography / English,ancient-parent coordinate-terrain construction,GEO-PROXY;installed:in_game/map_data/location_templates.txt,medium,Distinct AD 1 parent-frame label keyed to installed coordinates and terrain.,false
location,pumanota_mountains,kanamarca_province,land,Northeastern Canas–Canchis Pukara Mountain Fastness,local historical geography / English,ancient-parent coordinate-terrain construction,GEO-PROXY;installed:in_game/map_data/location_templates.txt,medium,Distinct AD 1 parent-frame label keyed to installed coordinates and terrain.,false
location,pumaruri,hatun_xauxa_province,land,Southwestern Jauja–Tarma Highlands,local historical geography / English,ancient-parent coordinate-terrain construction,GEO-PROXY;installed:in_game/map_data/location_templates.txt,medium,Distinct AD 1 parent-frame label keyed to installed coordinates and terrain.,false
location,pumbo,south_sangha_province,land,Southwestern Sangha–Ubangi Early-Iron Hills,local historical geography / English,ancient-parent coordinate-terrain construction,GEO-PROXY;installed:in_game/map_data/location_templates.txt,medium,Distinct AD 1 parent-frame label keyed to installed coordinates and terrain.,false
location,pumpu,kotosh_province,land,Southeastern Huánuco Post-Chavín Highlands,local historical geography / English,ancient-parent coordinate-terrain construction,GEO-PROXY;installed:in_game/map_data/location_templates.txt,medium,Distinct AD 1 parent-frame label keyed to installed coordinates and terrain.,false
location,puna,guancavilca_province,land,Bahía–Guangala Guayas Coast Central Wetlands,local historical geography / English,ancient-parent coordinate-terrain construction,GEO-PROXY;installed:in_game/map_data/location_templates.txt,medium,Distinct AD 1 parent-frame label keyed to installed coordinates and terrain.,false
location,punakha,western_bhutan_province,land,Northeastern Paro Eastern-Himalayan Highlands,local historical geography / English,ancient-parent coordinate-terrain construction,GEO-PROXY;installed:in_game/map_data/location_templates.txt,medium,Distinct AD 1 parent-frame label keyed to installed coordinates and terrain.,false
location,puncune,ayaviri_province,land,Northwestern Pukara–Ayaviri Hills,local historical geography / English,ancient-parent coordinate-terrain construction,GEO-PROXY;installed:in_game/map_data/location_templates.txt,medium,Distinct AD 1 parent-frame label keyed to installed coordinates and terrain.,false
location,pune,northern_desh,land,Northeastern Sātavāhana Junnar–Pratishthana March Uplands,local historical geography / English,ancient-parent coordinate-terrain construction,GEO-PROXY;installed:in_game/map_data/location_templates.txt,medium,Distinct AD 1 parent-frame label keyed to installed coordinates and terrain.,false
location,pung_lake,namru_province,lake,Eastern Namtso–Siling Pastures Lake,local historical geography / English,ancient-parent coordinate-terrain construction,GEO-PROXY;installed:in_game/map_data/location_templates.txt,medium,Distinct AD 1 parent-frame label keyed to installed coordinates and terrain.,false
location,pungcheon,haeju_province,land,Northwestern Mahan–Lelang Southern March Hills,local historical geography / English,ancient-parent coordinate-terrain construction,GEO-PROXY;installed:in_game/map_data/location_templates.txt,medium,Distinct AD 1 parent-frame label keyed to installed coordinates and terrain.,false
location,pungo_ndongo,ndongo_province,land,Southwestern Kwanza–Lucala Early-Iron Uplands,local historical geography / English,ancient-parent coordinate-terrain construction,GEO-PROXY;installed:in_game/map_data/location_templates.txt,medium,Distinct AD 1 parent-frame label keyed to installed coordinates and terrain.,false
location,punia,kaunas_province,land,Southeastern Nemunas–Neris Brushed-Pottery Plains,local historical geography / English,ancient-parent coordinate-terrain construction,GEO-PROXY;installed:in_game/map_data/location_templates.txt,medium,Distinct AD 1 parent-frame label keyed to installed coordinates and terrain.,false
location,punial,balor,land,Northern Darada-Gilgit Highlands District,local historical geography / English,ancient-parent coordinate-terrain construction,GEO-PROXY;installed:in_game/map_data/location_templates.txt,medium,Distinct AD 1 parent-frame label keyed to installed coordinates and terrain.,false
location,puning,chaozhou_province,land,Southwestern Nanhai–Jieyang Hills,local historical geography / English,ancient-parent coordinate-terrain construction,GEO-PROXY;installed:in_game/map_data/location_templates.txt,medium,Distinct AD 1 parent-frame label keyed to installed coordinates and terrain.,false
location,puning_rongzhou,rongzhou_wuzhou_province,land,Northeastern Yulin Commandery–Guijiang Foothills Hills,local historical geography / English,ancient-parent coordinate-terrain construction,GEO-PROXY;installed:in_game/map_data/location_templates.txt,medium,Distinct AD 1 parent-frame label keyed to installed coordinates and terrain.,false
location,punta_de_campo,bight_of_bonny,sea,Niger–Cross River Gulf Outer Northeast Bight,local historical geography / English,ancient-parent coordinate-terrain construction,GEO-PROXY;installed:in_game/map_data/location_templates.txt,medium,Distinct AD 1 parent-frame label keyed to installed coordinates and terrain.,false
location,punta_manjob,bight_of_bonny,sea,Southern Niger–Cross River Gulf Bight,local historical geography / English,ancient-parent coordinate-terrain construction,GEO-PROXY;installed:in_game/map_data/location_templates.txt,medium,Distinct AD 1 parent-frame label keyed to installed coordinates and terrain.,false
location,punta_mbonda,bight_of_bonny,sea,Niger–Cross River Gulf Upper Northeast Bight,local historical geography / English,ancient-parent coordinate-terrain construction,GEO-PROXY;installed:in_game/map_data/location_templates.txt,medium,Distinct AD 1 parent-frame label keyed to installed coordinates and terrain.,false
location,punta_negra_salt_pan,atacama_province,land,Likan Antai Saline Pans Central Basin,local historical geography / English,ancient-parent coordinate-terrain construction,GEO-PROXY;installed:in_game/map_data/location_templates.txt,medium,Distinct AD 1 parent-frame label keyed to installed coordinates and terrain.,false
location,punta_occura,bight_of_bonny,sea,Niger–Cross River Gulf Inner Northeast Bight,local historical geography / English,ancient-parent coordinate-terrain construction,GEO-PROXY;installed:in_game/map_data/location_templates.txt,medium,Distinct AD 1 parent-frame label keyed to installed coordinates and terrain.,false
location,punxsutawney,erie_province,land,Southeastern Erie–Allegheny Hopewell Hills,local historical geography / English,ancient-parent coordinate-terrain construction,GEO-PROXY;installed:in_game/map_data/location_templates.txt,medium,Distinct AD 1 parent-frame label keyed to installed coordinates and terrain.,false
location,puputun_cape,tinputz_coastal_sea_zones_province,sea,Northwestern Buka–Bougainville Bight,local historical geography / English,ancient-parent coordinate-terrain construction,GEO-PROXY;installed:in_game/map_data/location_templates.txt,medium,Distinct AD 1 parent-frame label keyed to installed coordinates and terrain.,false
location,puqi,wuchang_province,land,Southwestern Jiangxia–Liangzi Chu Plains,local historical geography / English,ancient-parent coordinate-terrain construction,GEO-PROXY;installed:in_game/map_data/location_templates.txt,medium,Distinct AD 1 parent-frame label keyed to installed coordinates and terrain.,false
location,puquina,puquina_province,land,Arequipa–Moquegua Valleys Central Uplands,local historical geography / English,ancient-parent coordinate-terrain construction,GEO-PROXY;installed:in_game/map_data/location_templates.txt,medium,Distinct AD 1 parent-frame label keyed to installed coordinates and terrain.,false
location,pur,mangazeya_province,land,Pur–Taz Ust-Poluy Taiga Central Wetlands,local historical geography / English,ancient-parent coordinate-terrain construction,GEO-PROXY;installed:in_game/map_data/location_templates.txt,medium,Distinct AD 1 parent-frame label keyed to installed coordinates and terrain.,false
location,purace,coyaima_province,land,Southwestern Paez–Yuma Highlands,local historical geography / English,ancient-parent coordinate-terrain construction,GEO-PROXY;installed:in_game/map_data/location_templates.txt,medium,Distinct AD 1 parent-frame label keyed to installed coordinates and terrain.,false
location,purang,purang_province,land,Southeastern Kailāsa–Mānasarovar Highlands,local historical geography / English,ancient-parent coordinate-terrain construction,GEO-PROXY;installed:in_game/map_data/location_templates.txt,medium,Distinct AD 1 parent-frame label keyed to installed coordinates and terrain.,false
location,puri,rajabandi,land,Southwestern Kalinga–Mahanadī Littoral Plains,local historical geography / English,ancient-parent coordinate-terrain construction,GEO-PROXY;installed:in_game/map_data/location_templates.txt,medium,Distinct AD 1 parent-frame label keyed to installed coordinates and terrain.,false
location,puri_simao,simao_province,land,Northern Ailao Lancang–Red-River Divide Highlands,local historical geography / English,ancient-parent coordinate-terrain construction,GEO-PROXY;installed:in_game/map_data/location_templates.txt,medium,Distinct AD 1 parent-frame label keyed to installed coordinates and terrain.,false
location,purnia,purnia_province,land,Kosi–Mahānandā Videha Frontier Central Plains,local historical geography / English,ancient-parent coordinate-terrain construction,GEO-PROXY;installed:in_game/map_data/location_templates.txt,medium,Distinct AD 1 parent-frame label keyed to installed coordinates and terrain.,false
location,pursat,battambang_province,land,Southern Tonle Sap–Mekong Plains,local historical geography / English,ancient-parent coordinate-terrain construction,GEO-PROXY;installed:in_game/map_data/location_templates.txt,medium,Distinct AD 1 parent-frame label keyed to installed coordinates and terrain.,false
location,puruaran,cuitzeo_province,land,Northwestern Chupícuaro–Cuitzeo Hills,local historical geography / English,ancient-parent coordinate-terrain construction,GEO-PROXY;installed:in_game/map_data/location_templates.txt,medium,Distinct AD 1 parent-frame label keyed to installed coordinates and terrain.,false
location,purubora,guapore_province,land,Northwestern Guaporé–Mamoré Monument Plains,local historical geography / English,ancient-parent coordinate-terrain construction,GEO-PROXY;installed:in_game/map_data/location_templates.txt,medium,Distinct AD 1 parent-frame label keyed to installed coordinates and terrain.,false
location,puruga,kabikabi_province,land,Eastern Gugu Badhun–Kabi Plains,local historical geography / English,ancient-parent coordinate-terrain construction,GEO-PROXY;installed:in_game/map_data/location_templates.txt,medium,Distinct AD 1 parent-frame label keyed to installed coordinates and terrain.,false
location,purus_amazon_jungle,manaos_province,land,Southeastern Rio Negro–Açutuba Plain,local historical geography / English,ancient-parent coordinate-terrain construction,GEO-PROXY;installed:in_game/map_data/location_templates.txt,medium,Distinct AD 1 parent-frame label keyed to installed coordinates and terrain.,false
location,purutu_island,kerema_coastal_sea_zones_province,sea,Papuan Gulf Delta Central Bight,local historical geography / English,ancient-parent coordinate-terrain construction,GEO-PROXY;installed:in_game/map_data/location_templates.txt,medium,Distinct AD 1 parent-frame label keyed to installed coordinates and terrain.,false
location,puruvesi,vyborg_province,lake,Finnic Saimaa–Kymi Inner Northeast Lake,local historical geography / English,ancient-parent coordinate-terrain construction,GEO-PROXY;installed:in_game/map_data/location_templates.txt,medium,Distinct AD 1 parent-frame label keyed to installed coordinates and terrain.,false
location,purwalingga,mataram_province,land,Northwestern Dieng–Progo Iabadiou Plains,local historical geography / English,ancient-parent coordinate-terrain construction,GEO-PROXY;installed:in_game/map_data/location_templates.txt,medium,Distinct AD 1 parent-frame label keyed to installed coordinates and terrain.,false
location,pushang,herat_province,land,Western Aria and Alexandria Areion Uplands,local historical geography / English,ancient-parent coordinate-terrain construction,GEO-PROXY;installed:in_game/map_data/location_templates.txt,medium,Distinct AD 1 parent-frame label keyed to installed coordinates and terrain.,false
location,pushkino,moscow_province,land,Northwestern Moskva Dyakovo Heartland Plains,local historical geography / English,ancient-parent coordinate-terrain construction,GEO-PROXY;installed:in_game/map_data/location_templates.txt,medium,Distinct AD 1 parent-frame label keyed to installed coordinates and terrain.,false
location,pushroot,western_crow_province,land,Middle Southwestern Absaroka–Wind-River Plateau,local historical geography / English,ancient-parent coordinate-terrain construction,GEO-PROXY;installed:in_game/map_data/location_templates.txt,medium,Distinct AD 1 parent-frame label keyed to installed coordinates and terrain.,false
location,pusiga,tenkodogo_province,land,Southeastern Oti–White Volta Iron Savannas Plains,local historical geography / English,ancient-parent coordinate-terrain construction,GEO-PROXY;installed:in_game/map_data/location_templates.txt,medium,Distinct AD 1 parent-frame label keyed to installed coordinates and terrain.,false
location,pusilha,ceibal_province,land,Southern Pasión–Mopan Hills,local historical geography / English,ancient-parent coordinate-terrain construction,GEO-PROXY;installed:in_game/map_data/location_templates.txt,medium,Distinct AD 1 parent-frame label keyed to installed coordinates and terrain.,false
location,pustosel,roslavl_province,land,Northeastern Upper-Dnieper–Desna Plains,local historical geography / English,ancient-parent coordinate-terrain construction,GEO-PROXY;installed:in_game/map_data/location_templates.txt,medium,Distinct AD 1 parent-frame label keyed to installed coordinates and terrain.,false
location,pustozersk,izhma_province,land,Western Izhma–Pechora Glyadenovo Woodlandss,local historical geography / English,ancient-parent coordinate-terrain construction,GEO-PROXY;installed:in_game/map_data/location_templates.txt,medium,Distinct AD 1 parent-frame label keyed to installed coordinates and terrain.,false
location,putao,putao_province,land,Northwestern Mali–Nmai Patkai Headwaters Plains,local historical geography / English,ancient-parent coordinate-terrain construction,GEO-PROXY;installed:in_game/map_data/location_templates.txt,medium,Distinct AD 1 parent-frame label keyed to installed coordinates and terrain.,false
location,putian,xinghua_province,land,Southeastern Dongye–Minyue Southern Plains,local historical geography / English,ancient-parent coordinate-terrain construction,GEO-PROXY;installed:in_game/map_data/location_templates.txt,medium,Distinct AD 1 parent-frame label keyed to installed coordinates and terrain.,false
location,putna,suceava_province,land,Northwestern Siret–Carpathian Bastarnae March Hills,local historical geography / English,ancient-parent coordinate-terrain construction,GEO-PROXY;installed:in_game/map_data/location_templates.txt,medium,Distinct AD 1 parent-frame label keyed to installed coordinates and terrain.,false
location,putyatino,ryazan_province,land,Southeastern Gorodets Oka–Moksha Plains,local historical geography / English,ancient-parent coordinate-terrain construction,GEO-PROXY;installed:in_game/map_data/location_templates.txt,medium,Distinct AD 1 parent-frame label keyed to installed coordinates and terrain.,false
location,putyvl,nizhyn_province,land,Northeastern Desna–Seim Zarubintsy Plains,local historical geography / English,ancient-parent coordinate-terrain construction,GEO-PROXY;installed:in_game/map_data/location_templates.txt,medium,Distinct AD 1 parent-frame label keyed to installed coordinates and terrain.,false
location,puula,savolax_province,lake,Southwestern West-Finnic Saimaa–Kallavesi Lake,local historical geography / English,ancient-parent coordinate-terrain construction,GEO-PROXY;installed:in_game/map_data/location_templates.txt,medium,Distinct AD 1 parent-frame label keyed to installed coordinates and terrain.,false
location,puur_trail,anaabyr_province,land,Southeastern Anabar–Olenyok Tundra Wetlands,local historical geography / English,ancient-parent coordinate-terrain construction,GEO-PROXY;installed:in_game/map_data/location_templates.txt,medium,Distinct AD 1 parent-frame label keyed to installed coordinates and terrain.,false
location,puvina_padangile,kampili,land,Upper Tungabhadra–Karnata Central Uplands,local historical geography / English,ancient-parent coordinate-terrain construction,GEO-PROXY;installed:in_game/map_data/location_templates.txt,medium,Distinct AD 1 parent-frame label keyed to installed coordinates and terrain.,false
location,puxian,xizhou_province,land,Southeastern Pingyang–Lüliang Hedong Highlands,local historical geography / English,ancient-parent coordinate-terrain construction,GEO-PROXY;installed:in_game/map_data/location_templates.txt,medium,Distinct AD 1 parent-frame label keyed to installed coordinates and terrain.,false
location,puyallup,cascadia_province,land,Southwestern Skagit–Nisqually and Kittitas Plains,local historical geography / English,ancient-parent coordinate-terrain construction,GEO-PROXY;installed:in_game/map_data/location_templates.txt,medium,Distinct AD 1 parent-frame label keyed to installed coordinates and terrain.,false
location,puyang,kaizhou_province,land,Northeastern Dong Commandery Wetlands,local historical geography / English,ancient-parent coordinate-terrain construction,GEO-PROXY;installed:in_game/map_data/location_templates.txt,medium,Distinct AD 1 parent-frame label keyed to installed coordinates and terrain.,false
location,puyehue_forest,willimapu_province,land,Eastern Ranco–Llanquihue Pitrén Rugged Hills,local historical geography / English,ancient-parent coordinate-terrain construction,GEO-PROXY;installed:in_game/map_data/location_templates.txt,medium,Distinct AD 1 parent-frame label keyed to installed coordinates and terrain.,false
location,puyewe_lake,willimapu_province,lake,Northeastern Ranco–Llanquihue Pitrén Lake,local historical geography / English,ancient-parent coordinate-terrain construction,GEO-PROXY;installed:in_game/map_data/location_templates.txt,medium,Distinct AD 1 parent-frame label keyed to installed coordinates and terrain.,false
location,puyin,qizhou_province,land,Central Northwestern Zhongshan–Jizhou Lowlands,local historical geography / English,ancient-parent coordinate-terrain construction,GEO-PROXY;installed:in_game/map_data/location_templates.txt,medium,Distinct AD 1 parent-frame label keyed to installed coordinates and terrain.,false
location,puyu,kofan_province,land,Napo–Pastaza Central Uplands,local historical geography / English,ancient-parent coordinate-terrain construction,GEO-PROXY;installed:in_game/map_data/location_templates.txt,medium,Distinct AD 1 parent-frame label keyed to installed coordinates and terrain.,false
location,puyu_huapi,chubut_province,land,Western Patagonian and Steppe Highlands,local historical geography / English,ancient-parent coordinate-terrain construction,GEO-PROXY;installed:in_game/map_data/location_templates.txt,medium,Distinct AD 1 parent-frame label keyed to installed coordinates and terrain.,false
location,puyuguapi_channel,achen_coast_sea_zones_province,sea,Northeastern Chono–Guaitecas Channel,local historical geography / English,ancient-parent coordinate-terrain construction,GEO-PROXY;installed:in_game/map_data/location_templates.txt,medium,Distinct AD 1 parent-frame label keyed to installed coordinates and terrain.,false
location,pyalitsa,south_kola_province,land,Eastern Sámi Kandalaksha–Imandra Wetlands,local historical geography / English,ancient-parent coordinate-terrain construction,GEO-PROXY;installed:in_game/map_data/location_templates.txt,medium,Distinct AD 1 parent-frame label keyed to installed coordinates and terrain.,false
location,pyay,pyay_province,land,Middle Irrawaddy Pyu Corridor Central Plains,local historical geography / English,ancient-parent coordinate-terrain construction,GEO-PROXY;installed:in_game/map_data/location_templates.txt,medium,Distinct AD 1 parent-frame label keyed to installed coordinates and terrain.,false
location,pyemmairrener,tasmania_province,land,Northeastern Lutruwita Palawa Hills,local historical geography / English,ancient-parent coordinate-terrain construction,GEO-PROXY;installed:in_game/map_data/location_templates.txt,medium,Distinct AD 1 parent-frame label keyed to installed coordinates and terrain.,false
location,pyeongchang,wonju_province,land,Northeastern Han–Seom Ye-Maek Highlands,local historical geography / English,ancient-parent coordinate-terrain construction,GEO-PROXY;installed:in_game/map_data/location_templates.txt,medium,Distinct AD 1 parent-frame label keyed to installed coordinates and terrain.,false
location,pyeonggang,cheorwon_province,land,Northwestern Ye–Maek Hills,local historical geography / English,ancient-parent coordinate-terrain construction,GEO-PROXY;installed:in_game/map_data/location_templates.txt,medium,Distinct AD 1 parent-frame label keyed to installed coordinates and terrain.,false
location,pyeongju,hwangju_province,land,Southern Lelang–Mahan Borderlands Hills,local historical geography / English,ancient-parent coordinate-terrain construction,GEO-PROXY;installed:in_game/map_data/location_templates.txt,medium,Distinct AD 1 parent-frame label keyed to installed coordinates and terrain.,false
location,pyhajarvi,vyborg_province,lake,Finnic Saimaa–Kymi Outer Northeast Lake,local historical geography / English,ancient-parent coordinate-terrain construction,GEO-PROXY;installed:in_game/map_data/location_templates.txt,medium,Distinct AD 1 parent-frame label keyed to installed coordinates and terrain.,false
location,pyinmana,taungoo_province,land,Northwestern Sittaung–Pyu Eastern Corridor Plains,local historical geography / English,ancient-parent coordinate-terrain construction,GEO-PROXY;installed:in_game/map_data/location_templates.txt,medium,Distinct AD 1 parent-frame label keyed to installed coordinates and terrain.,false
location,pykopcateje,mearim_province,land,Southwestern Mearim–Pindaré Woodlandss,local historical geography / English,ancient-parent coordinate-terrain construction,GEO-PROXY;installed:in_game/map_data/location_templates.txt,medium,Distinct AD 1 parent-frame label keyed to installed coordinates and terrain.,false
location,pyli,south_epirus_province,land,Southeastern Ambracia–Molossis Epirus Highlands,local historical geography / English,ancient-parent coordinate-terrain construction,GEO-PROXY;installed:in_game/map_data/location_templates.txt,medium,Distinct AD 1 parent-frame label keyed to installed coordinates and terrain.,false
location,pyras,ystyug_province,land,Outer Northeastern Glyadenovo Sukhona–Yug Plains,local historical geography / English,ancient-parent coordinate-terrain construction,GEO-PROXY;installed:in_game/map_data/location_templates.txt,medium,Distinct AD 1 parent-frame label keyed to installed coordinates and terrain.,false
location,pyriatyn,lubny_province,land,Northern Sula–Dnieper Zarubintsy Plains,local historical geography / English,ancient-parent coordinate-terrain construction,GEO-PROXY;installed:in_game/map_data/location_templates.txt,medium,Distinct AD 1 parent-frame label keyed to installed coordinates and terrain.,false
location,pyrzyce,pyritz_province,land,Southwestern Drawa–Ina Rugii Plains,local historical geography / English,ancient-parent coordinate-terrain construction,GEO-PROXY;installed:in_game/map_data/location_templates.txt,medium,Distinct AD 1 parent-frame label keyed to installed coordinates and terrain.,false
location,pyshchug,unzha_province,land,Northeastern Gorodets Unzha–Vetluga Plains,local historical geography / English,ancient-parent coordinate-terrain construction,GEO-PROXY;installed:in_game/map_data/location_templates.txt,medium,Distinct AD 1 parent-frame label keyed to installed coordinates and terrain.,false
location,pyti,tocantins_province,land,Northern Macro-Jê Tocantins–Araguaia Plains,local historical geography / English,ancient-parent coordinate-terrain construction,GEO-PROXY;installed:in_game/map_data/location_templates.txt,medium,Distinct AD 1 parent-frame label keyed to installed coordinates and terrain.,false
location,pyuthan,bheri_province,land,Southeastern Karnali–Bheri Himalayan Highlands,local historical geography / English,ancient-parent coordinate-terrain construction,GEO-PROXY;installed:in_game/map_data/location_templates.txt,medium,Distinct AD 1 parent-frame label keyed to installed coordinates and terrain.,false
location,pyzdry,pyzdry_province,land,Northeastern Prosna–Warta Przeworsk Plains,local historical geography / English,ancient-parent coordinate-terrain construction,GEO-PROXY;installed:in_game/map_data/location_templates.txt,medium,Distinct AD 1 parent-frame label keyed to installed coordinates and terrain.,false
location,q_espiea,arrow_lakes_province,land,Northwestern Sinixt Great-River Hills,local historical geography / English,ancient-parent coordinate-terrain construction,GEO-PROXY;installed:in_game/map_data/location_templates.txt,medium,Distinct AD 1 parent-frame label keyed to installed coordinates and terrain.,false
location,qabala,shaki_province,land,Northeastern Caucasian Albania of Kabalaka–Kur Uplands,local historical geography / English,ancient-parent coordinate-terrain construction,GEO-PROXY;installed:in_game/map_data/location_templates.txt,medium,Distinct AD 1 parent-frame label keyed to installed coordinates and terrain.,false
location,qadisiyyah,kufa_province,land,Southeastern Parthian Babylonian Canal Plains,local historical geography / English,ancient-parent coordinate-terrain construction,GEO-PROXY;installed:in_game/map_data/location_templates.txt,medium,Distinct AD 1 parent-frame label keyed to installed coordinates and terrain.,false
location,qaen,qaen_province,land,Western Khaf–Qāyen Sagartian Hills,local historical geography / English,ancient-parent coordinate-terrain construction,GEO-PROXY;installed:in_game/map_data/location_templates.txt,medium,Distinct AD 1 parent-frame label keyed to installed coordinates and terrain.,false
location,qagaan,unalaska_province,land,Aleutian Unimak–Chignik Central Plains,local historical geography / English,ancient-parent coordinate-terrain construction,GEO-PROXY;installed:in_game/map_data/location_templates.txt,medium,Distinct AD 1 parent-frame label keyed to installed coordinates and terrain.,false
location,qagiigun,unalaska_province,land,Eastern Aleutian Unimak–Chignik Hills,local historical geography / English,ancient-parent coordinate-terrain construction,GEO-PROXY;installed:in_game/map_data/location_templates.txt,medium,Distinct AD 1 parent-frame label keyed to installed coordinates and terrain.,false
