granularity,key,parent,kind,ad1_name,language,method,source,confidence,note,unchanged_verified
location,juan_fernandez_high_sea4,juan_fernandez_sea_zones_province,sea,Pacific Sea,ancient or local ethnogeographic / English,source-led AD 1 province-centroid construction,installed:in_game/map_data/location_templates.txt;installed:in_game/map_data/definitions.txt;GEO-PROXY;https://www.britannica.com/place/Juan-Fernandez-Islands,medium,The label combines the researched AD 1 province frame with installed terrain and relative position.,false
location,juan_fernandez_high_sea5,juan_fernandez_sea_zones_province,sea,Pacific Ocean,ancient or local ethnogeographic / English,source-led AD 1 province-centroid construction,installed:in_game/map_data/location_templates.txt;installed:in_game/map_data/definitions.txt;GEO-PROXY;https://www.britannica.com/place/Juan-Fernandez-Islands,medium,The label combines the researched AD 1 province frame with installed terrain and relative position.,false
location,juan_fernandez_high_sea6,juan_fernandez_sea_zones_province,sea,Pacific Pelagos,ancient or local ethnogeographic / English,source-led AD 1 province-centroid construction,installed:in_game/map_data/location_templates.txt;installed:in_game/map_data/definitions.txt;GEO-PROXY;https://www.britannica.com/place/Juan-Fernandez-Islands,medium,The label combines the researched AD 1 province frame with installed terrain and relative position.,false
location,juan_fernandez_high_sea7,juan_fernandez_sea_zones_province,sea,Pacific Deep,ancient or local ethnogeographic / English,source-led AD 1 province-centroid construction,installed:in_game/map_data/location_templates.txt;installed:in_game/map_data/definitions.txt;GEO-PROXY;https://www.britannica.com/place/Juan-Fernandez-Islands,medium,The label combines the researched AD 1 province frame with installed terrain and relative position.,false
location,juan_fernandez_high_sea8,juan_fernandez_sea_zones_province,sea,Pacific Current,ancient or local ethnogeographic / English,source-led AD 1 province-centroid construction,installed:in_game/map_data/location_templates.txt;installed:in_game/map_data/definitions.txt;GEO-PROXY;https://www.britannica.com/place/Juan-Fernandez-Islands,medium,The label combines the researched AD 1 province frame with installed terrain and relative position.,false
location,juan_fernandez_islands,juan_fernandez_province,land,Southeastern Pacific Isles,ancient or local ethnogeographic / English,source-led AD 1 province-centroid construction,installed:in_game/map_data/location_templates.txt;installed:in_game/map_data/definitions.txt;GEO-PROXY;https://www.britannica.com/place/Juan-Fernandez-Islands,medium,The label combines the researched AD 1 province frame with installed terrain and relative position.,false
location,juancheng,puzhou_province,land,Juancheng–Dong Commandery,ancient or local ethnogeographic / English,source-led AD 1 province-centroid construction,installed:in_game/map_data/location_templates.txt;installed:in_game/map_data/definitions.txt;BHR;CHG,medium,The label combines the researched AD 1 province frame with installed terrain and relative position.,false
location,juban,ibb_province,land,Northeast Yarim,ancient or local ethnogeographic / English,source-led AD 1 province-centroid construction,installed:in_game/map_data/location_templates.txt;GEO-PROXY;https://www.britannica.com/place/Himyar,medium,The label combines the researched AD 1 province frame with installed terrain and relative position.,false
location,jubara,yangikent_province,land,Iaxartes–Kangju Eastern,ancient or local ethnogeographic / English,source-led AD 1 province-centroid construction,installed:in_game/map_data/location_templates.txt;installed:in_game/map_data/definitions.txt;IRAN-SOG-KANGJU;HAN-WR,medium,The label combines the researched AD 1 province frame with installed terrain and relative position.,false
location,jubbah,nafud_province,land,Northeast Nafud,ancient or local ethnogeographic / English,source-led AD 1 province-centroid construction,installed:in_game/map_data/location_templates.txt;GEO-PROXY;STR-ARAB;PLN-ARAB,medium,The label combines the researched AD 1 province frame with installed terrain and relative position.,false
location,jubilee_island,hudson_strait_sea_zones_province,sea,Jubilee Passage,ancient or local ethnogeographic / English,source-led AD 1 province-centroid construction,installed:in_game/map_data/location_templates.txt;GEO-PROXY;https://www.thecanadianencyclopedia.ca/en/article/dorset-culture,medium,The label combines the researched AD 1 province frame with installed terrain and relative position.,false
location,jubururu,kaleap_province,land,Minang–Noongar Southern-Coast,ancient or local ethnogeographic / English,source-led AD 1 province-centroid construction,installed:in_game/map_data/location_templates.txt;GEO-PROXY;https://www.britannica.com/place/Western-Australia/History,medium,The label combines the researched AD 1 province frame with installed terrain and relative position.,false
location,jucas,jaguaribe_province,land,Southwest Drylands,ancient or local ethnogeographic / English,source-led AD 1 province-centroid construction,installed:in_game/map_data/location_templates.txt;installed:in_game/map_data/definitions.txt;GEO-PROXY;SA-EXPANSIONS,medium,The label combines the researched AD 1 province frame with installed terrain and relative position.,false
location,juchatengo,tututepec_province,land,Northwest Mixtec,ancient or local ethnogeographic / English,source-led AD 1 province-centroid construction,installed:in_game/map_data/location_templates.txt;GEO-PROXY;https://www.britannica.com/topic/Mixtec,medium,The label combines the researched AD 1 province frame with installed terrain and relative position.,false
location,juckasjarvi,torne_lappmark_province,land,Southeast Sámi,ancient or local ethnogeographic / English,source-led AD 1 province-centroid construction,installed:in_game/map_data/location_templates.txt;GEO-PROXY;https://www.britannica.com/topic/Sami,medium,The label combines the researched AD 1 province frame with installed terrain and relative position.,false
location,jucuru,tapuy_province,land,Southwest Mucuri,ancient or local ethnogeographic / English,source-led AD 1 province-centroid construction,installed:in_game/map_data/location_templates.txt;installed:in_game/map_data/definitions.txt;GEO-PROXY;SA-EXPANSIONS,medium,The label combines the researched AD 1 province frame with installed terrain and relative position.,false
location,judenburg,upper_styria_province,land,Noricum Mur–Mürz Southeastern,ancient or local ethnogeographic / English,source-led AD 1 province-centroid construction,installed:in_game/map_data/location_templates.txt;GEO-PROXY;PER,medium,The label combines the researched AD 1 province frame with installed terrain and relative position.,false
location,juegang,tongzhou_province,land,Northwest Yangzi,ancient or local ethnogeographic / English,source-led AD 1 province-centroid construction,installed:in_game/map_data/location_templates.txt;GEO-PROXY;https://ctext.org/han-shu/di-li-zhi/ens,medium,The label combines the researched AD 1 province frame with installed terrain and relative position.,false
location,juffure,saloum_province,land,Wanar–Sine Megalithic,ancient or local ethnogeographic / English,source-led AD 1 province-centroid construction,installed:in_game/map_data/location_templates.txt;GEO-PROXY;https://whc.unesco.org/en/list/1226/,medium,The label combines the researched AD 1 province frame with installed terrain and relative position.,false
location,juhoansi,xun_province,land,Okavango–Omatako San Southern,ancient or local ethnogeographic / English,source-led AD 1 province-centroid construction,installed:in_game/map_data/location_templates.txt;installed:in_game/map_data/definitions.txt;OUP-SOUTH-AFRICA;GEO-PROXY,medium,The label combines the researched AD 1 province frame with installed terrain and relative position.,false
location,juiz_fora,muriae_province,land,Paraíba-do-Sul–Pomba Forest,ancient or local ethnogeographic / English,source-led AD 1 province-centroid construction,installed:in_game/map_data/location_templates.txt;GEO-PROXY;SA-EXPANSIONS,medium,The label combines the researched AD 1 province frame with installed terrain and relative position.,false
location,jujin,lijiang_province,land,South Erhai,ancient or local ethnogeographic / English,source-led AD 1 province-centroid construction,installed:in_game/map_data/location_templates.txt;GEO-PROXY;https://ctext.org/han-shu/di-li-zhi-xia/ens,medium,The label combines the researched AD 1 province frame with installed terrain and relative position.,false
location,jujuy,jujuy_province,land,Quebrada–Calchaquí,ancient or local ethnogeographic / English,source-led AD 1 province-centroid construction,installed:in_game/map_data/location_templates.txt;installed:in_game/map_data/definitions.txt;GEO-PROXY;CWP-ANDES,medium,The label combines the researched AD 1 province frame with installed terrain and relative position.,false
location,jukun,yawuru_province,land,Southwest Yawuru,ancient or local ethnogeographic / English,source-led AD 1 province-centroid construction,installed:in_game/map_data/location_templates.txt;installed:in_game/map_data/definitions.txt;https://aiatsis.gov.au/explore/map-indigenous-australia,medium,The label combines the researched AD 1 province frame with installed terrain and relative position.,false
location,julah,bali_province,land,Bali–Lombok Northwestern,ancient or local ethnogeographic / English,source-led AD 1 province-centroid construction,installed:in_game/map_data/location_templates.txt;installed:in_game/map_data/definitions.txt;https://www.britannica.com/place/Bali-island-and-province-Indonesia,medium,The label combines the researched AD 1 province frame with installed terrain and relative position.,false
location,julau,lower_rajang_province,land,Southwest Mukah,ancient or local ethnogeographic / English,source-led AD 1 province-centroid construction,installed:in_game/map_data/location_templates.txt;GEO-PROXY;QSR-LIANG-JON;QINT-LIANG-ABU,medium,The label combines the researched AD 1 province frame with installed terrain and relative position.,false
location,julau_kutai,lower_mahakam_province,land,Mahakam–Kutai River Western,ancient or local ethnogeographic / English,source-led AD 1 province-centroid construction,installed:in_game/map_data/location_templates.txt;GEO-PROXY;QSR-LIANG-JON;QINT-LIANG-ABU,medium,The label combines the researched AD 1 province frame with installed terrain and relative position.,false
location,julfa,syunik_province,land,Southwest Syunik,ancient or local ethnogeographic / English,source-led AD 1 province-centroid construction,installed:in_game/map_data/location_templates.txt;installed:in_game/map_data/definitions.txt;GEO-PROXY;STR-CAUC,medium,The label combines the researched AD 1 province frame with installed terrain and relative position.,false
location,julfar,julfar_province,land,Mleiha–Ed-Dur Gulf Oases,ancient or local ethnogeographic / English,source-led AD 1 province-centroid construction,installed:in_game/map_data/location_templates.txt;installed:in_game/map_data/definitions.txt;GEO-PROXY;OUP-GUL,medium,The label combines the researched AD 1 province frame with installed terrain and relative position.,false
location,julian_alps,gorizia_province,land,Tergeste–Fons Timavi Northern,ancient or local ethnogeographic / English,source-led AD 1 province-centroid construction,installed:in_game/map_data/location_templates.txt;installed:in_game/map_data/definitions.txt;STR-BAL;PLE,medium,The label combines the researched AD 1 province frame with installed terrain and relative position.,false
location,julime,yoli_province,land,Madre,ancient or local ethnogeographic / English,source-led AD 1 province-centroid construction,installed:in_game/map_data/location_templates.txt;GEO-PROXY;NPS-SONORAN,medium,The label combines the researched AD 1 province frame with installed terrain and relative position.,false
location,julu,shunde_province,land,Julu–Zhao Southern,ancient or local ethnogeographic / English,source-led AD 1 province-centroid construction,installed:in_game/map_data/location_templates.txt;GEO-PROXY;https://ctext.org/han-shu/di-li-zhi/ens,medium,The label combines the researched AD 1 province frame with installed terrain and relative position.,false
location,jumento,bahamas_province,land,North Bank,ancient or local ethnogeographic / English,source-led AD 1 province-centroid construction,installed:in_game/map_data/location_templates.txt;installed:in_game/map_data/definitions.txt;https://www.britannica.com/place/The-Bahamas,medium,The label combines the researched AD 1 province frame with installed terrain and relative position.,false
location,jumgal,naryn_province,land,Naryn–Tian Shan Kangju,ancient or local ethnogeographic / English,source-led AD 1 province-centroid construction,installed:in_game/map_data/location_templates.txt;installed:in_game/map_data/definitions.txt;GEO-PROXY;https://www.iranicaonline.org/articles/sogdiana-iii-history-and-archaeology/,medium,The label combines the researched AD 1 province frame with installed terrain and relative position.,false
location,jumilla,albacete_province,land,Contestani Bastetani,ancient or local ethnogeographic / English,source-led AD 1 province-centroid construction,installed:in_game/map_data/location_templates.txt;installed:in_game/map_data/definitions.txt;STR-IBR;PLE,medium,The label combines the researched AD 1 province frame with installed terrain and relative position.,false
location,jumla,upper_ghaghara_province,land,Khasa Karnali–Sinja Highlands,ancient or local ethnogeographic / English,source-led AD 1 province-centroid construction,installed:in_game/map_data/location_templates.txt;GEO-PROXY;https://www.britannica.com/place/Nepal/History,medium,The label combines the researched AD 1 province frame with installed terrain and relative position.,false
location,junagarh,sorath,land,Northwest Prabhasa,ancient or local ethnogeographic / English,source-led AD 1 province-centroid construction,installed:in_game/map_data/location_templates.txt;GEO-PROXY;https://www.britannica.com/place/Kathiawar-Peninsula,medium,The label combines the researched AD 1 province frame with installed terrain and relative position.,false
location,jundiai,jundiai_province,land,Tietê–Jundiaí Woodlands,ancient or local ethnogeographic / English,source-led AD 1 province-centroid construction,installed:in_game/map_data/location_templates.txt;installed:in_game/map_data/definitions.txt;GEO-PROXY;SA-EXPANSIONS,medium,The label combines the researched AD 1 province frame with installed terrain and relative position.,false
location,jundiai_forest,parnaiba_province,land,Northwest Tietê,ancient or local ethnogeographic / English,source-led AD 1 province-centroid construction,installed:in_game/map_data/location_templates.txt;GEO-PROXY;SA-EXPANSIONS,medium,The label combines the researched AD 1 province frame with installed terrain and relative position.,false
location,jungaa,badimala_province,land,Southeast Jungaa,ancient or local ethnogeographic / English,source-led AD 1 province-centroid construction,installed:in_game/map_data/location_templates.txt;installed:in_game/map_data/definitions.txt;https://www.britannica.com/place/Western-Australia,medium,The label combines the researched AD 1 province frame with installed terrain and relative position.,false
location,jungal,badimala_province,land,Carey–Western Drylands,ancient or local ethnogeographic / English,source-led AD 1 province-centroid construction,installed:in_game/map_data/location_templates.txt;installed:in_game/map_data/definitions.txt;https://www.britannica.com/place/Western-Australia,medium,The label combines the researched AD 1 province frame with installed terrain and relative position.,false
location,jungfrauen_island,achen_coast_sea_zones_province,sea,Chono–Guaitecas Passage,ancient or local ethnogeographic / English,source-led AD 1 province-centroid construction,installed:in_game/map_data/location_templates.txt;installed:in_game/map_data/definitions.txt;GEO-PROXY,medium,The label combines the researched AD 1 province frame with installed terrain and relative position.,false
location,junghwa,seogyeong_province,land,Lelang Wanggeom Southern,ancient or local ethnogeographic / English,source-led AD 1 province-centroid construction,installed:in_game/map_data/location_templates.txt;GEO-PROXY;https://ctext.org/han-shu/di-li-zhi-xia/ens,medium,The label combines the researched AD 1 province frame with installed terrain and relative position.,false
location,juni_aiken,aonikenk_province,land,Aónikenk,ancient or local ethnogeographic / English,source-led AD 1 province-centroid construction,installed:in_game/map_data/location_templates.txt;GEO-PROXY;https://www.cambridge.org/core/books/abs/archaeology-of-the-pampas-and-patagonia/introduction/2521FD9F2856E2FBD6517DA57D9C3170,medium,The label combines the researched AD 1 province frame with installed terrain and relative position.,false
location,juniata,shamokin_province,land,Southwest Lenape,ancient or local ethnogeographic / English,source-led AD 1 province-centroid construction,installed:in_game/map_data/location_templates.txt;GEO-PROXY;https://scholarlypress.si.edu/store/all/subsistence-economies-of-indigenous-north-american-societies-a-handbook/,medium,The label combines the researched AD 1 province frame with installed terrain and relative position.,false
location,junk_river,bassa_province,land,Dey–Mesurado Forests Eastern,ancient or local ethnogeographic / English,source-led AD 1 province-centroid construction,installed:in_game/map_data/location_templates.txt;installed:in_game/map_data/definitions.txt;https://www.britannica.com/place/Liberia,medium,The label combines the researched AD 1 province frame with installed terrain and relative position.,false
location,junnar,northern_desh,land,Northeast Sātavāhana,ancient or local ethnogeographic / English,source-led AD 1 province-centroid construction,installed:in_game/map_data/location_templates.txt;GEO-PROXY;https://www.britannica.com/topic/Satavahana-dynasty,medium,The label combines the researched AD 1 province frame with installed terrain and relative position.,false
location,juntura,northeast_numu_province,land,Snake–Owyhee Northwestern,ancient or local ethnogeographic / English,source-led AD 1 province-centroid construction,installed:in_game/map_data/location_templates.txt;GEO-PROXY;https://www.nps.gov/articles/000/archaic-culture.htm,medium,The label combines the researched AD 1 province frame with installed terrain and relative position.,false
location,juque,yaoan_province,land,Northeast Jinsha,ancient or local ethnogeographic / English,source-led AD 1 province-centroid construction,installed:in_game/map_data/location_templates.txt;installed:in_game/map_data/definitions.txt;CAM-DIAN;BHR,medium,The label combines the researched AD 1 province frame with installed terrain and relative position.,false
location,jurbarkas,raseiniai_province,land,West-Baltic Dubysa–Nemunas,ancient or local ethnogeographic / English,source-led AD 1 province-centroid construction,installed:in_game/map_data/location_templates.txt;GEO-PROXY;https://www.britannica.com/topic/Baltic-languages,medium,The label combines the researched AD 1 province frame with installed terrain and relative position.,false
location,jurchi,or_qapi_province,land,Scythian Tauric,ancient or local ethnogeographic / English,source-led AD 1 province-centroid construction,installed:in_game/map_data/location_templates.txt;GEO-PROXY;https://www.perseus.tufts.edu/hopper/text?doc=Strab.+7.4&fromdoc=Perseus%3Atext%3A1999.01.0198,medium,The label combines the researched AD 1 province frame with installed terrain and relative position.,false
location,jurhen_ui,gyahor_province,land,Qiang of Upper Huang,ancient or local ethnogeographic / English,source-led AD 1 province-centroid construction,installed:in_game/map_data/location_templates.txt;GEO-PROXY;https://ctext.org/han-shu/di-li-zhi-xia/ens,medium,The label combines the researched AD 1 province frame with installed terrain and relative position.,false
location,juris,amazon_province,land,Açutuba Middle Paraná-Uassú,ancient or local ethnogeographic / English,source-led AD 1 province-centroid construction,installed:in_game/map_data/location_templates.txt;GEO-PROXY;ACUTUBA-CHRON;SA-EXPANSIONS,medium,The label combines the researched AD 1 province frame with installed terrain and relative position.,false
location,jurisdicciones_mountain,boiaca_province,land,Northern Andean Eastern Range,ancient or local ethnogeographic / English,source-led AD 1 province-centroid construction,installed:in_game/map_data/location_templates.txt;GEO-PROXY;https://www.banrepcultural.org/biblioteca-virtual/credencial-historia/numero-117/el-periodo-herrera,medium,The label combines the researched AD 1 province frame with installed terrain and relative position.,false
location,jurm,badakhshan_province,land,Oxus–Pamir Northeastern,ancient or local ethnogeographic / English,source-led AD 1 province-centroid construction,installed:in_game/map_data/location_templates.txt;installed:in_game/map_data/definitions.txt;https://www.iranicaonline.org/articles/badakhshan/,medium,The label combines the researched AD 1 province frame with installed terrain and relative position.,false
location,jurong,yingtian_province,land,East Moling,ancient or local ethnogeographic / English,source-led AD 1 province-centroid construction,installed:in_game/map_data/location_templates.txt;GEO-PROXY;https://ctext.org/han-shu/di-li-zhi-xia/ens,medium,The label combines the researched AD 1 province frame with installed terrain and relative position.,false
location,jurrah,dathina_province,land,Northeast Qana,ancient or local ethnogeographic / English,source-led AD 1 province-centroid construction,installed:in_game/map_data/location_templates.txt;installed:in_game/map_data/definitions.txt;https://depts.washington.edu/silkroad/texts/periplus/periplus.html,medium,The label combines the researched AD 1 province frame with installed terrain and relative position.,false
location,juru_hoton,muling_province,land,Yilou Muling–Ussuri,ancient or local ethnogeographic / English,source-led AD 1 province-centroid construction,installed:in_game/map_data/location_templates.txt;GEO-PROXY;NMJH-YIL;CAM-PROTOTUNGUSIC,medium,The label combines the researched AD 1 province frame with installed terrain and relative position.,false
location,juterbog,flaming_province,land,Semnones–Albis Heath,ancient or local ethnogeographic / English,source-led AD 1 province-centroid construction,installed:in_game/map_data/location_templates.txt;installed:in_game/map_data/definitions.txt;https://sourcebooks.fordham.edu/source/tacitus-germania.asp,medium,The label combines the researched AD 1 province frame with installed terrain and relative position.,false
location,juuka,korela_province,land,Northwest Metal,ancient or local ethnogeographic / English,source-led AD 1 province-centroid construction,installed:in_game/map_data/location_templates.txt;GEO-PROXY;ENC-NEEU,medium,The label combines the researched AD 1 province frame with installed terrain and relative position.,false
location,juxeri,upper_songhua_province,land,Yilou of Upper Songhua,ancient or local ethnogeographic / English,source-led AD 1 province-centroid construction,installed:in_game/map_data/location_templates.txt;https://ctext.org/han-shu/di-li-zhi-xia/ens;HAN-WR,medium,The label combines the researched AD 1 province frame with installed terrain and relative position.,false
location,juxian,juzhou_province,land,Ju–Yishui Donglai Eastern,ancient or local ethnogeographic / English,source-led AD 1 province-centroid construction,installed:in_game/map_data/location_templates.txt;installed:in_game/map_data/definitions.txt;BHR;CHG,medium,The label combines the researched AD 1 province frame with installed terrain and relative position.,false
location,juxtlahuaca,tlachquiauhco_province,land,Northwest Dzahui,ancient or local ethnogeographic / English,source-led AD 1 province-centroid construction,installed:in_game/map_data/location_templates.txt;GEO-PROXY;https://www.britannica.com/topic/Mixtec,medium,The label combines the researched AD 1 province frame with installed terrain and relative position.,false
location,juyan_sea,khara_khoto_province,lake,Juyan–Xiongnu Juyan Sea,ancient or local ethnogeographic / English,source-led AD 1 province-centroid construction,installed:in_game/map_data/location_templates.txt;GEO-PROXY;OUP-XIO;https://ctext.org/han-shu/xiong-nu-zhuan-xia/ens,medium,The label combines the researched AD 1 province frame with installed terrain and relative position.,false
location,juye,jining_province,land,Rencheng–Juye Shanyang,ancient or local ethnogeographic / English,source-led AD 1 province-centroid construction,installed:in_game/map_data/location_templates.txt;installed:in_game/map_data/definitions.txt;BHR;CHG,medium,The label combines the researched AD 1 province frame with installed terrain and relative position.,false
location,juyom,jahrom_province,land,Fasa–Jahrom Southern Persis,ancient or local ethnogeographic / English,source-led AD 1 province-centroid construction,installed:in_game/map_data/location_templates.txt;installed:in_game/map_data/definitions.txt;GEO-PROXY;PLE,medium,The label combines the researched AD 1 province frame with installed terrain and relative position.,false
location,jyekundo,yushu_province,land,Southwest Yushu,ancient or local ethnogeographic / English,source-led AD 1 province-centroid construction,installed:in_game/map_data/location_templates.txt;GEO-PROXY;RAD-YUSHU;CAM-EAST-TIB,medium,The label combines the researched AD 1 province frame with installed terrain and relative position.,false
location,jyotipur,keonjhar_province,land,Kalinga–Atavi Keonjhar,ancient or local ethnogeographic / English,source-led AD 1 province-centroid construction,installed:in_game/map_data/location_templates.txt;GEO-PROXY;https://www.britannica.com/place/Kalinga-historical-kingdom-India,medium,The label combines the researched AD 1 province frame with installed terrain and relative position.,false
location,jyskyjarvi,inner_white_karelia_province,land,White-Sea–Kuito,ancient or local ethnogeographic / English,source-led AD 1 province-centroid construction,installed:in_game/map_data/location_templates.txt;GEO-PROXY;ENC-NEEU,medium,The label combines the researched AD 1 province frame with installed terrain and relative position.,false
location,jyvaskyla,tavastland_province,land,Northeast Finnic,ancient or local ethnogeographic / English,source-led AD 1 province-centroid construction,installed:in_game/map_data/location_templates.txt;installed:in_game/map_data/definitions.txt;GEO-PROXY;ENC-NEEU,medium,The label combines the researched AD 1 province frame with installed terrain and relative position.,false
location,k_alii_xkalaan,tsetsaut_province,land,Stikine Tahltan Plateau,ancient or local ethnogeographic / English,source-led AD 1 province-centroid construction,installed:in_game/map_data/location_templates.txt;GEO-PROXY;https://www.thecanadianencyclopedia.ca/en/article/dene,medium,The label combines the researched AD 1 province frame with installed terrain and relative position.,false
location,k_enakatnu,dena_ina_province,land,Tikahtnu Dena'ina,ancient or local ethnogeographic / English,source-led AD 1 province-centroid construction,installed:in_game/map_data/location_templates.txt;installed:in_game/map_data/definitions.txt;https://www.britannica.com/place/Cook-Inlet,medium,The label combines the researched AD 1 province frame with installed terrain and relative position.,false
location,k_omoks,northern_vancouver_province,land,Wakashan Maritime Eastern,ancient or local ethnogeographic / English,source-led AD 1 province-centroid construction,installed:in_game/map_data/location_templates.txt;GEO-PROXY;https://www.thecanadianencyclopedia.ca/en/article/northwest-coast-indigenous-peoples-in-canada,medium,The label combines the researched AD 1 province frame with installed terrain and relative position.,false
location,ka_aub,siyancuma_province,land,Orange–Vaal Hunter-Herder,ancient or local ethnogeographic / English,source-led AD 1 province-centroid construction,installed:in_game/map_data/location_templates.txt;GEO-PROXY;OUP-SOUTH-AFRICA,medium,The label combines the researched AD 1 province frame with installed terrain and relative position.,false
location,ka_u,hawaii_province,land,Hawaiʻi Southern Hills,ancient or local ethnogeographic / English,source-led AD 1 province-centroid construction,installed:in_game/map_data/location_templates.txt;GEO-PROXY;https://www.nps.gov/articles/000/polynesian-voyaging-and-settlement.htm,medium,The label combines the researched AD 1 province frame with installed terrain and relative position.,false
location,kaa,smaller_yenisei_province,land,East Kaa,ancient or local ethnogeographic / English,source-led AD 1 province-centroid construction,installed:in_game/map_data/location_templates.txt;GEO-PROXY;FU-TASHTYK,medium,The label combines the researched AD 1 province frame with installed terrain and relative position.,false
location,kaabu,kaabu_province,land,Cacheu–Geba Estuary Eastern,ancient or local ethnogeographic / English,source-led AD 1 province-centroid construction,installed:in_game/map_data/location_templates.txt;installed:in_game/map_data/definitions.txt;GEO-PROXY;MET-IRON,medium,The label combines the researched AD 1 province frame with installed terrain and relative position.,false
location,kaaguy_jehasapa,paraguay_province,land,South Akaray,ancient or local ethnogeographic / English,source-led AD 1 province-centroid construction,installed:in_game/map_data/location_templates.txt;GEO-PROXY;https://www.britannica.com/topic/Guarani,medium,The label combines the researched AD 1 province frame with installed terrain and relative position.,false
location,kaalualu_bay,hawaii_sea_zones_province,sea,Hawaiʻi Bay,ancient or local ethnogeographic / English,source-led AD 1 province-centroid construction,installed:in_game/map_data/location_templates.txt;GEO-PROXY;https://www.nps.gov/articles/000/polynesian-voyaging-and-settlement.htm,medium,The label combines the researched AD 1 province frame with installed terrain and relative position.,false
location,kaan_peech,puuk_province,land,Edzná–Puuc Late-Preclassic,ancient or local ethnogeographic / English,source-led AD 1 province-centroid construction,installed:in_game/map_data/location_templates.txt;installed:in_game/map_data/definitions.txt;GEO-PROXY;SCI-MAY,medium,The label combines the researched AD 1 province frame with installed terrain and relative position.,false
location,kaapiuara,paranaiba_province,land,South Piauí,ancient or local ethnogeographic / English,source-led AD 1 province-centroid construction,installed:in_game/map_data/location_templates.txt;GEO-PROXY;SA-EXPANSIONS,medium,The label combines the researched AD 1 province frame with installed terrain and relative position.,false
location,kaapor,pindare_province,land,East Gurupi,ancient or local ethnogeographic / English,source-led AD 1 province-centroid construction,installed:in_game/map_data/location_templates.txt;GEO-PROXY;SA-EXPANSIONS,medium,The label combines the researched AD 1 province frame with installed terrain and relative position.,false
location,kaarendy,paraguay_province,land,Guaraní Paraná–Akaray,ancient or local ethnogeographic / English,source-led AD 1 province-centroid construction,installed:in_game/map_data/location_templates.txt;GEO-PROXY;https://www.britannica.com/topic/Guarani,medium,The label combines the researched AD 1 province frame with installed terrain and relative position.,false
location,kaaysara,paraiba_province,land,North Tupi,ancient or local ethnogeographic / English,source-led AD 1 province-centroid construction,installed:in_game/map_data/location_templates.txt;GEO-PROXY;SA-EXPANSIONS,medium,The label combines the researched AD 1 province frame with installed terrain and relative position.,false
location,kaba,old_manding_province,land,Niger–Milo Mande Northwestern,ancient or local ethnogeographic / English,source-led AD 1 province-centroid construction,installed:in_game/map_data/location_templates.txt;GEO-PROXY;MET-IRON,medium,The label combines the researched AD 1 province frame with installed terrain and relative position.,false
location,kabacan,mindanao_province,land,East Agusan,ancient or local ethnogeographic / English,source-led AD 1 province-centroid construction,installed:in_game/map_data/location_templates.txt;GEO-PROXY;https://www.metmuseum.org/toah/hd/phil/hd_phil.htm,medium,The label combines the researched AD 1 province frame with installed terrain and relative position.,false
location,kabachischi,yaransk_province,land,Vyatka–Kama Pyanobor,ancient or local ethnogeographic / English,source-led AD 1 province-centroid construction,installed:in_game/map_data/location_templates.txt;installed:in_game/map_data/definitions.txt;BSE-GLYADENOVO;ENC-NEEU,medium,The label combines the researched AD 1 province frame with installed terrain and relative position.,false
location,kabafa,ndongo_province,land,Kwanza–Lucala Northeastern,ancient or local ethnogeographic / English,source-led AD 1 province-centroid construction,installed:in_game/map_data/location_templates.txt;installed:in_game/map_data/definitions.txt;GEO-PROXY;JAH-BANTU-MOBILITY,medium,The label combines the researched AD 1 province frame with installed terrain and relative position.,false
location,kabakama,kantor_province,land,Gambia Stone-Circle,ancient or local ethnogeographic / English,source-led AD 1 province-centroid construction,installed:in_game/map_data/location_templates.txt;GEO-PROXY;https://whc.unesco.org/en/list/1226/,medium,The label combines the researched AD 1 province frame with installed terrain and relative position.,false
location,kabakty,mangyshlak_province,land,West Caspian,ancient or local ethnogeographic / English,source-led AD 1 province-centroid construction,installed:in_game/map_data/location_templates.txt;installed:in_game/map_data/definitions.txt;GEO-PROXY;https://www.iranicaonline.org/articles/chorasmia-i,medium,The label combines the researched AD 1 province frame with installed terrain and relative position.,false
location,kabambare,ulindi_province,land,Southeast Bantu,ancient or local ethnogeographic / English,source-led AD 1 province-centroid construction,installed:in_game/map_data/location_templates.txt;GEO-PROXY;SCI-CONGO-RAINFOREST;JAH-BANTU-MOBILITY,medium,The label combines the researched AD 1 province frame with installed terrain and relative position.,false
location,kabango,malingo_province,land,Cubango–Cuando Woodlands,ancient or local ethnogeographic / English,source-led AD 1 province-centroid construction,installed:in_game/map_data/location_templates.txt;installed:in_game/map_data/definitions.txt;GEO-PROXY;JAH-BANTU-MOBILITY,medium,The label combines the researched AD 1 province frame with installed terrain and relative position.,false
location,kabara,timbuktu_province,land,Gourma–Mema Middle-Niger,ancient or local ethnogeographic / English,source-led AD 1 province-centroid construction,installed:in_game/map_data/location_templates.txt;GEO-PROXY;CAM-MLR;MET-IND,medium,The label combines the researched AD 1 province frame with installed terrain and relative position.,false
location,kabara_atoll,vanua_levu_province,land,Southeast Kabara,ancient or local ethnogeographic / English,source-led AD 1 province-centroid construction,installed:in_game/map_data/location_templates.txt;GEO-PROXY;PER,medium,The label combines the researched AD 1 province frame with installed terrain and relative position.,false
location,kabebe,lualaba_province,land,Lualaba–Lubudi Iron,ancient or local ethnogeographic / English,source-led AD 1 province-centroid construction,installed:in_game/map_data/location_templates.txt;GEO-PROXY;SCI-CONGO-RAINFOREST;JAH-BANTU-MOBILITY,medium,The label combines the researched AD 1 province frame with installed terrain and relative position.,false
location,kabeka,tariaca_province,land,Northwest Chiriquí,ancient or local ethnogeographic / English,source-led AD 1 province-centroid construction,installed:in_game/map_data/location_templates.txt;installed:in_game/map_data/definitions.txt;QINT-HERRERA;GEO-PROXY,medium,The label combines the researched AD 1 province frame with installed terrain and relative position.,false
location,kabikabi,kabikabi_province,land,Gugu Badhun–Kabi Northwestern,ancient or local ethnogeographic / English,source-led AD 1 province-centroid construction,installed:in_game/map_data/location_templates.txt;installed:in_game/map_data/definitions.txt;GEO-PROXY;https://aiatsis.gov.au/explore/map-indigenous-australia,medium,The label combines the researched AD 1 province frame with installed terrain and relative position.,false
location,kabinakagami,kenogami_province,land,Southeast Nagagami,ancient or local ethnogeographic / English,source-led AD 1 province-centroid construction,installed:in_game/map_data/location_templates.txt;GEO-PROXY;OAS-POINT,medium,The label combines the researched AD 1 province frame with installed terrain and relative position.,false
location,kabinda,lower_moshiko_province,land,Kafue–Lunga Northeastern,ancient or local ethnogeographic / English,source-led AD 1 province-centroid construction,installed:in_game/map_data/location_templates.txt;GEO-PROXY;JAH-BANTU-MOBILITY,medium,The label combines the researched AD 1 province frame with installed terrain and relative position.,false
location,kabishi,chiquitania_province,land,Northeast Forests,ancient or local ethnogeographic / English,source-led AD 1 province-centroid construction,installed:in_game/map_data/location_templates.txt;installed:in_game/map_data/definitions.txt;https://www.britannica.com/place/Guapore-River,medium,The label combines the researched AD 1 province frame with installed terrain and relative position.,false
location,kabixi,upper_guapore_province,land,Southeast Ceramic,ancient or local ethnogeographic / English,source-led AD 1 province-centroid construction,installed:in_game/map_data/location_templates.txt;GEO-PROXY;JWP-ORINOCO,medium,The label combines the researched AD 1 province frame with installed terrain and relative position.,false
location,kaboudia_cape,gulf_gabes_province,sea,Syrtis Minor Offing,ancient or local ethnogeographic / English,source-led AD 1 province-centroid construction,installed:in_game/map_data/location_templates.txt;GEO-PROXY;https://www.perseus.tufts.edu/hopper/text?doc=Strab.+17.3&fromdoc=Perseus%3Atext%3A1999.01.0239,medium,The label combines the researched AD 1 province frame with installed terrain and relative position.,false
location,kabsoru,north_darfur_province,land,Northwest Wadi,ancient or local ethnogeographic / English,source-led AD 1 province-centroid construction,installed:in_game/map_data/location_templates.txt;GEO-PROXY;OUP-MERO,medium,The label combines the researched AD 1 province frame with installed terrain and relative position.,false
location,kabul,kabul_province,land,West Kabura,ancient or local ethnogeographic / English,source-led AD 1 province-centroid construction,installed:in_game/map_data/location_templates.txt;installed:in_game/map_data/definitions.txt;GEO-PROXY;IRAN-GANDHARA,medium,The label combines the researched AD 1 province frame with installed terrain and relative position.,false
location,kabunda,chambeshi_province,land,Chambeshi–Luapula Corridor,ancient or local ethnogeographic / English,source-led AD 1 province-centroid construction,installed:in_game/map_data/location_templates.txt;installed:in_game/map_data/definitions.txt;https://www.britannica.com/place/Chambeshi-River,medium,The label combines the researched AD 1 province frame with installed terrain and relative position.,false
location,kabuta,lufubu_province,land,Mweru–Luapula Northeastern,ancient or local ethnogeographic / English,source-led AD 1 province-centroid construction,installed:in_game/map_data/location_templates.txt;GEO-PROXY;JAH-BANTU-MOBILITY,medium,The label combines the researched AD 1 province frame with installed terrain and relative position.,false
location,kabyrga,turgay_province,land,Saka Turgai–Irgiz Steppe,ancient or local ethnogeographic / English,source-led AD 1 province-centroid construction,installed:in_game/map_data/location_templates.txt;GEO-PROXY;CAH-XI,medium,The label combines the researched AD 1 province frame with installed terrain and relative position.,false
location,kachemak,dena_ina_province,land,Tikahtnu Dena'ina Southern,ancient or local ethnogeographic / English,source-led AD 1 province-centroid construction,installed:in_game/map_data/location_templates.txt;installed:in_game/map_data/definitions.txt;https://www.britannica.com/place/Cook-Inlet,medium,The label combines the researched AD 1 province frame with installed terrain and relative position.,false
location,kachi,cocamas_province,land,Huallaga–Marañón Woodland,ancient or local ethnogeographic / English,source-led AD 1 province-centroid construction,installed:in_game/map_data/location_templates.txt;GEO-PROXY;JWP-ORINOCO,medium,The label combines the researched AD 1 province frame with installed terrain and relative position.,false
location,kachug,bayanday_province,land,Upriver Angara–Baikal West,ancient or local ethnogeographic / English,source-led AD 1 province-centroid construction,installed:in_game/map_data/location_templates.txt;installed:in_game/map_data/definitions.txt;https://www.britannica.com/place/Lake-Baikal,medium,The label combines the researched AD 1 province frame with installed terrain and relative position.,false
location,kadavu_atoll,viti_levu_province,land,South Viti,ancient or local ethnogeographic / English,source-led AD 1 province-centroid construction,installed:in_game/map_data/location_templates.txt;GEO-PROXY;PER,medium,The label combines the researched AD 1 province frame with installed terrain and relative position.,false
location,kadey,kadey_province,land,Mambéré–Sangha Woodlands,ancient or local ethnogeographic / English,source-led AD 1 province-centroid construction,installed:in_game/map_data/location_templates.txt;installed:in_game/map_data/definitions.txt;GEO-PROXY;https://link.springer.com/article/10.1007/s10437-024-09576-7,medium,The label combines the researched AD 1 province frame with installed terrain and relative position.,false
location,kadibek,tarankol_province,lake,Kadibek Sound,ancient or local ethnogeographic / English,source-led AD 1 province-centroid construction,installed:in_game/map_data/location_templates.txt;installed:in_game/map_data/definitions.txt;RAS-SARGAT-CHRON;HUM-SAR,medium,The label combines the researched AD 1 province frame with installed terrain and relative position.,false
location,kadinbola,north_moxico_province,land,North Moxico,ancient or local ethnogeographic / English,source-led AD 1 province-centroid construction,installed:in_game/map_data/location_templates.txt;GEO-PROXY;JAH-BANTU-MOBILITY,medium,The label combines the researched AD 1 province frame with installed terrain and relative position.,false
location,kadinga,lualaba_province,land,Lualaba–Lubudi Iron Western,ancient or local ethnogeographic / English,source-led AD 1 province-centroid construction,installed:in_game/map_data/location_templates.txt;GEO-PROXY;SCI-CONGO-RAINFOREST;JAH-BANTU-MOBILITY,medium,The label combines the researched AD 1 province frame with installed terrain and relative position.,false
location,kadiri,southern_rayalaseema,land,Andhra Penner–Palar Uplands,ancient or local ethnogeographic / English,source-led AD 1 province-centroid construction,installed:in_game/map_data/location_templates.txt;GEO-PROXY;https://www.britannica.com/place/Andhra-Pradesh/History,medium,The label combines the researched AD 1 province frame with installed terrain and relative position.,false
location,kaditshwene,em_dinaneni_province,land,Marico–Highveld Pastoral,ancient or local ethnogeographic / English,source-led AD 1 province-centroid construction,installed:in_game/map_data/location_templates.txt;installed:in_game/map_data/definitions.txt;https://www.britannica.com/place/Highveld,medium,The label combines the researched AD 1 province frame with installed terrain and relative position.,false
location,kadiweu,miranda_province,land,Southwest Wetland,ancient or local ethnogeographic / English,source-led AD 1 province-centroid construction,installed:in_game/map_data/location_templates.txt;GEO-PROXY;https://www.britannica.com/place/Pantanal,medium,The label combines the researched AD 1 province frame with installed terrain and relative position.,false
location,kadjerong,ngarinyin_province,land,East Ngarinyin,ancient or local ethnogeographic / English,source-led AD 1 province-centroid construction,installed:in_game/map_data/location_templates.txt;installed:in_game/map_data/definitions.txt;GEO-PROXY;https://aiatsis.gov.au/explore/map-indigenous-australia,medium,The label combines the researched AD 1 province frame with installed terrain and relative position.,false
location,kadkan,nishapur_province,land,Southeast Nisaea,ancient or local ethnogeographic / English,source-led AD 1 province-centroid construction,installed:in_game/map_data/location_templates.txt;GEO-PROXY;https://www.iranicaonline.org/articles/abar-sahr,medium,The label combines the researched AD 1 province frame with installed terrain and relative position.,false
location,kadokura_cape,oosumi_islands,sea,Tanegashima–Yakushima Passage,ancient or local ethnogeographic / English,source-led AD 1 province-centroid construction,installed:in_game/map_data/location_templates.txt;GEO-PROXY;ISIJ-YAY,medium,The label combines the researched AD 1 province frame with installed terrain and relative position.,false
location,kadom,kasimov_province,land,Moksha–Oka Gorodets,ancient or local ethnogeographic / English,source-led AD 1 province-centroid construction,installed:in_game/map_data/location_templates.txt;GEO-PROXY;BSE-GORODETS,medium,The label combines the researched AD 1 province frame with installed terrain and relative position.,false
location,kadu,nawu_province,land,Wirangu–Nauo Eyre,ancient or local ethnogeographic / English,source-led AD 1 province-centroid construction,installed:in_game/map_data/location_templates.txt;installed:in_game/map_data/definitions.txt;GEO-PROXY;https://aiatsis.gov.au/explore/map-indigenous-australia,medium,The label combines the researched AD 1 province frame with installed terrain and relative position.,false
location,kadugli,kordofan_province,land,Nuba–Kordofan Iron Southern,ancient or local ethnogeographic / English,source-led AD 1 province-centroid construction,installed:in_game/map_data/location_templates.txt;GEO-PROXY;OUP-MERO,medium,The label combines the researched AD 1 province frame with installed terrain and relative position.,false
location,kadur,mysore_plateau,land,Northwest Karnata,ancient or local ethnogeographic / English,source-led AD 1 province-centroid construction,installed:in_game/map_data/location_templates.txt;GEO-PROXY;https://www.britannica.com/place/Karnataka-state-India/History,medium,The label combines the researched AD 1 province frame with installed terrain and relative position.,false
location,kadykchan,yuryakh_province,land,Northwest Kulu,ancient or local ethnogeographic / English,source-led AD 1 province-centroid construction,installed:in_game/map_data/location_templates.txt;GEO-PROXY;https://www.britannica.com/topic/Yukaghir,medium,The label combines the researched AD 1 province frame with installed terrain and relative position.,false
location,kadyy,gorodets_province,land,Unzha–Upper Volga,ancient or local ethnogeographic / English,source-led AD 1 province-centroid construction,installed:in_game/map_data/location_templates.txt;installed:in_game/map_data/definitions.txt;BSE-GORODETS;GEO-PROXY,medium,The label combines the researched AD 1 province frame with installed terrain and relative position.,false
location,kaedi,galam_province,land,Senegal–Ferlo Corridor,ancient or local ethnogeographic / English,source-led AD 1 province-centroid construction,installed:in_game/map_data/location_templates.txt;installed:in_game/map_data/definitions.txt;https://www.britannica.com/place/Senegal-River,medium,The label combines the researched AD 1 province frame with installed terrain and relative position.,false
location,kaesong,kaesong_province,land,Imjin–Han Mahan Northwestern,ancient or local ethnogeographic / English,source-led AD 1 province-centroid construction,installed:in_game/map_data/location_templates.txt;installed:in_game/map_data/definitions.txt;NAJU-MAHAN;NMK-SAMHAN,medium,The label combines the researched AD 1 province frame with installed terrain and relative position.,false
location,kaeti,iwur_province,land,Southeast Digul,ancient or local ethnogeographic / English,source-led AD 1 province-centroid construction,installed:in_game/map_data/location_templates.txt;GEO-PROXY;JPA-PAPUA,medium,The label combines the researched AD 1 province frame with installed terrain and relative position.,false
location,kaf,sirhan_province,land,Northwest Dumat,ancient or local ethnogeographic / English,source-led AD 1 province-centroid construction,installed:in_game/map_data/location_templates.txt;GEO-PROXY;NABATAEA-MAP,medium,The label combines the researched AD 1 province frame with installed terrain and relative position.,false
location,kafaila,upper_moshiko_province,land,Lualaba–Lufira Southwestern,ancient or local ethnogeographic / English,source-led AD 1 province-centroid construction,installed:in_game/map_data/location_templates.txt;GEO-PROXY;JAH-BANTU-MOBILITY,medium,The label combines the researched AD 1 province frame with installed terrain and relative position.,false
location,kafartab,hims_province,land,Emesene Orontes Northwestern,ancient or local ethnogeographic / English,source-led AD 1 province-centroid construction,installed:in_game/map_data/location_templates.txt;GEO-PROXY;https://www.perseus.tufts.edu/hopper/text?doc=Strab.+16.2&fromdoc=Perseus%3Atext%3A1999.01.0198,medium,The label combines the researched AD 1 province frame with installed terrain and relative position.,false
location,kaffa,cafa_province,land,East Bosporus,ancient or local ethnogeographic / English,source-led AD 1 province-centroid construction,installed:in_game/map_data/location_templates.txt;installed:in_game/map_data/definitions.txt;STR-BAL;PLE,medium,The label combines the researched AD 1 province frame with installed terrain and relative position.,false
location,kaffa_bay,matrega_coast_sea_province,sea,Bosporan Eastern Pontic Bay,ancient or local ethnogeographic / English,source-led AD 1 province-centroid construction,installed:in_game/map_data/location_templates.txt;GEO-PROXY;https://www.perseus.tufts.edu/hopper/text?doc=Strab.+11.2&fromdoc=Perseus%3Atext%3A1999.01.0198,medium,The label combines the researched AD 1 province frame with installed terrain and relative position.,false
location,kafia_kinji,bahr_el_ghazal_province,land,Nile Sudd Northwestern,ancient or local ethnogeographic / English,source-led AD 1 province-centroid construction,installed:in_game/map_data/location_templates.txt;installed:in_game/map_data/definitions.txt;https://www.britannica.com/place/Al-Sudd,medium,The label combines the researched AD 1 province frame with installed terrain and relative position.,false
location,kafima,kunene_province,land,Southeast Cunene,ancient or local ethnogeographic / English,source-led AD 1 province-centroid construction,installed:in_game/map_data/location_templates.txt;GEO-PROXY;OUP-SOUTH-AFRICA,medium,The label combines the researched AD 1 province frame with installed terrain and relative position.,false
location,kafimbi,lufubu_province,land,Northeast Mweru,ancient or local ethnogeographic / English,source-led AD 1 province-centroid construction,installed:in_game/map_data/location_templates.txt;GEO-PROXY;JAH-BANTU-MOBILITY,medium,The label combines the researched AD 1 province frame with installed terrain and relative position.,false
location,kafr_saqr,sharqiyya_province,land,Bubastite–Sethroite Eastern,ancient or local ethnogeographic / English,source-led AD 1 province-centroid construction,installed:in_game/map_data/location_templates.txt;GEO-PROXY;https://www.perseus.tufts.edu/hopper/text?doc=Strab.+17.1&fromdoc=Perseus%3Atext%3A1999.01.0198,medium,The label combines the researched AD 1 province frame with installed terrain and relative position.,false
location,kafsanji,north_lunda_province,land,Northwest Kwango,ancient or local ethnogeographic / English,source-led AD 1 province-centroid construction,installed:in_game/map_data/location_templates.txt;GEO-PROXY;SCI-CONGO-RAINFOREST;JAH-BANTU-MOBILITY,medium,The label combines the researched AD 1 province frame with installed terrain and relative position.,false
location,kafuta,kabompo_province,land,Zambezi–Kabompo Woodlands,ancient or local ethnogeographic / English,source-led AD 1 province-centroid construction,installed:in_game/map_data/location_templates.txt;installed:in_game/map_data/definitions.txt;GEO-PROXY;https://www.cambridge.org/core/journals/journal-of-african-history/article/abs/early-iron-age-in-zambiaregional-variants-and-some-tentative-conclusions/0301F984B30D1967F7AB21626D8F4038,medium,The label combines the researched AD 1 province frame with installed terrain and relative position.,false
location,kaga,kaga_province,land,West Koshi,ancient or local ethnogeographic / English,source-led AD 1 province-centroid construction,installed:in_game/map_data/location_templates.txt;installed:in_game/map_data/definitions.txt;ISIJ-YAY;JAA-YAY,medium,The label combines the researched AD 1 province frame with installed terrain and relative position.,false
location,kaga_coast,sea_of_japan,sea,Wa–Okjeo Northern Bight,ancient or local ethnogeographic / English,source-led AD 1 province-centroid construction,installed:in_game/map_data/location_templates.txt;GEO-PROXY;HAN-WR;ISIJ-YAY,medium,The label combines the researched AD 1 province frame with installed terrain and relative position.,false
location,kagamil_sland,alutiiq_sea_zones_province,sea,Aleutian Unangan Passage,ancient or local ethnogeographic / English,source-led AD 1 province-centroid construction,installed:in_game/map_data/location_templates.txt;GEO-PROXY;https://www.nps.gov/aleu/learn/historyculture/unangax.htm,medium,The label combines the researched AD 1 province frame with installed terrain and relative position.,false
location,kagawask,moosonee_province,land,Northwest Moose,ancient or local ethnogeographic / English,source-led AD 1 province-centroid construction,installed:in_game/map_data/location_templates.txt;GEO-PROXY;OAS-POINT,medium,The label combines the researched AD 1 province frame with installed terrain and relative position.,false
location,kagaye,simivu_province,land,Simiyu–Wembere Pastoral,ancient or local ethnogeographic / English,source-led AD 1 province-centroid construction,installed:in_game/map_data/location_templates.txt;GEO-PROXY;QI-EAFRICA,medium,The label combines the researched AD 1 province frame with installed terrain and relative position.,false
location,kaghasuq,kaialigamiut_province,land,Nunivak–Kuskokwim Unaliq,ancient or local ethnogeographic / English,source-led AD 1 province-centroid construction,installed:in_game/map_data/location_templates.txt;installed:in_game/map_data/definitions.txt;GEO-PROXY;https://www.nps.gov/articles/iyatayet.htm,medium,The label combines the researched AD 1 province frame with installed terrain and relative position.,false
location,kagianagami,ogoki_province,land,Southeast Ogoki,ancient or local ethnogeographic / English,source-led AD 1 province-centroid construction,installed:in_game/map_data/location_templates.txt;GEO-PROXY;https://scholarlypress.si.edu/store/all/subsistence-economies-of-indigenous-north-american-societies-a-handbook/,medium,The label combines the researched AD 1 province frame with installed terrain and relative position.,false
location,kagiwigwan,minnetonka_province,land,West Laurel Lake,ancient or local ethnogeographic / English,source-led AD 1 province-centroid construction,installed:in_game/map_data/location_templates.txt;GEO-PROXY;https://scholarlypress.si.edu/store/all/subsistence-economies-of-indigenous-north-american-societies-a-handbook/,medium,The label combines the researched AD 1 province frame with installed terrain and relative position.,false
location,kagizman,kars_province,land,Vanand–Ayrarat Highlands,ancient or local ethnogeographic / English,source-led AD 1 province-centroid construction,installed:in_game/map_data/location_templates.txt;GEO-PROXY;https://www.iranicaonline.org/articles/armenian-geography,medium,The label combines the researched AD 1 province frame with installed terrain and relative position.,false
location,kagoma,lualaba_province,land,Southeast Kagoma,ancient or local ethnogeographic / English,source-led AD 1 province-centroid construction,installed:in_game/map_data/location_templates.txt;GEO-PROXY;SCI-CONGO-RAINFOREST;JAH-BANTU-MOBILITY,medium,The label combines the researched AD 1 province frame with installed terrain and relative position.,false
location,kagoshima,satsuma_province,land,Southeast Kumaso,ancient or local ethnogeographic / English,source-led AD 1 province-centroid construction,installed:in_game/map_data/location_templates.txt;GEO-PROXY;ISIJ-YAY,medium,The label combines the researched AD 1 province frame with installed terrain and relative position.,false
location,kagyrgyn,anauls_province,land,Anadyr Tundra Northwestern,ancient or local ethnogeographic / English,source-led AD 1 province-centroid construction,installed:in_game/map_data/location_templates.txt;GEO-PROXY;https://www.britannica.com/place/Anadyr-River,medium,The label combines the researched AD 1 province frame with installed terrain and relative position.,false
location,kahak,qom_province,land,Lake Namak–Median Desert,ancient or local ethnogeographic / English,source-led AD 1 province-centroid construction,installed:in_game/map_data/location_templates.txt;installed:in_game/map_data/definitions.txt;GEO-PROXY;https://www.iranicaonline.org/articles/media,medium,The label combines the researched AD 1 province frame with installed terrain and relative position.,false
location,kahan,koh_e_sulayman_province,land,South Sulaiman,ancient or local ethnogeographic / English,source-led AD 1 province-centroid construction,installed:in_game/map_data/location_templates.txt;GEO-PROXY;https://www.iranicaonline.org/articles/sattagydia,medium,The label combines the researched AD 1 province frame with installed terrain and relative position.,false
location,kahari,tumen_province,land,Yilou Tumen–Hunchun Northern,ancient or local ethnogeographic / English,source-led AD 1 province-centroid construction,installed:in_game/map_data/location_templates.txt;GEO-PROXY;HAN-WR,medium,The label combines the researched AD 1 province frame with installed terrain and relative position.,false
location,kaharlyk,porossia_province,land,Ros–Dnieper Zarubintsy,ancient or local ethnogeographic / English,source-led AD 1 province-centroid construction,installed:in_game/map_data/location_templates.txt;installed:in_game/map_data/definitions.txt;GEO-PROXY;RAS-ZAR,medium,The label combines the researched AD 1 province frame with installed terrain and relative position.,false
location,kahayan,kuripan_province,land,South Age,ancient or local ethnogeographic / English,source-led AD 1 province-centroid construction,installed:in_game/map_data/location_templates.txt;GEO-PROXY;https://www.britannica.com/place/Borneo/History,medium,The label combines the researched AD 1 province frame with installed terrain and relative position.,false
location,kahayan_hilir,mendawai_province,land,Katingan–Kahayan Metal-Age,ancient or local ethnogeographic / English,source-led AD 1 province-centroid construction,installed:in_game/map_data/location_templates.txt;GEO-PROXY;https://www.britannica.com/place/Borneo/History,medium,The label combines the researched AD 1 province frame with installed terrain and relative position.,false
location,kahiltna,tananacross_province,land,Northwest Dene,ancient or local ethnogeographic / English,source-led AD 1 province-centroid construction,installed:in_game/map_data/location_templates.txt;installed:in_game/map_data/definitions.txt;GEO-PROXY,medium,The label combines the researched AD 1 province frame with installed terrain and relative position.,false
location,kahinga,lower_moshiko_province,land,Kafue–Lunga Southwestern,ancient or local ethnogeographic / English,source-led AD 1 province-centroid construction,installed:in_game/map_data/location_templates.txt;GEO-PROXY;JAH-BANTU-MOBILITY,medium,The label combines the researched AD 1 province frame with installed terrain and relative position.,false
location,kahlur,kangra_province,land,South Kuninda,ancient or local ethnogeographic / English,source-led AD 1 province-centroid construction,installed:in_game/map_data/location_templates.txt;GEO-PROXY;BM-TRIBAL-COINS,medium,The label combines the researched AD 1 province frame with installed terrain and relative position.,false
location,kahmard,bamyan_province,land,Paropamisadae Northwestern,ancient or local ethnogeographic / English,source-led AD 1 province-centroid construction,installed:in_game/map_data/location_templates.txt;installed:in_game/map_data/definitions.txt;https://www.iranicaonline.org/articles/bamiyan/,medium,The label combines the researched AD 1 province frame with installed terrain and relative position.,false
location,kahntah_trail,kaska_province,land,Liard–Cassiar Mountain,ancient or local ethnogeographic / English,source-led AD 1 province-centroid construction,installed:in_game/map_data/location_templates.txt;GEO-PROXY;https://www.thecanadianencyclopedia.ca/en/article/liard-river,medium,The label combines the researched AD 1 province frame with installed terrain and relative position.,false
location,kahnuj,kahnuj_province,land,Halil–Carmania Uplands,ancient or local ethnogeographic / English,source-led AD 1 province-centroid construction,installed:in_game/map_data/location_templates.txt;installed:in_game/map_data/definitions.txt;GEO-PROXY;PLE,medium,The label combines the researched AD 1 province frame with installed terrain and relative position.,false
location,kahochella,wecho_province,land,Southeast Shield,ancient or local ethnogeographic / English,source-led AD 1 province-centroid construction,installed:in_game/map_data/location_templates.txt;installed:in_game/map_data/definitions.txt;GEO-PROXY,medium,The label combines the researched AD 1 province frame with installed terrain and relative position.,false
location,kahone,saloum_province,land,North Sine,ancient or local ethnogeographic / English,source-led AD 1 province-centroid construction,installed:in_game/map_data/location_templates.txt;GEO-PROXY;https://whc.unesco.org/en/list/1226/,medium,The label combines the researched AD 1 province frame with installed terrain and relative position.,false
location,kahpota,alamosa_province,land,Rockies Basketmaker Southern,ancient or local ethnogeographic / English,source-led AD 1 province-centroid construction,installed:in_game/map_data/location_templates.txt;installed:in_game/map_data/definitions.txt;https://home.nps.gov/glca/learn/historyculture/index.htm;GEO-PROXY,medium,The label combines the researched AD 1 province frame with installed terrain and relative position.,false
location,kahshe,shawanaga_province,land,Middle Woodland Georgian Bay,ancient or local ethnogeographic / English,source-led AD 1 province-centroid construction,installed:in_game/map_data/location_templates.txt;GEO-PROXY;https://scholarlypress.si.edu/store/all/subsistence-economies-of-indigenous-north-american-societies-a-handbook/,medium,The label combines the researched AD 1 province frame with installed terrain and relative position.,false
location,kahta,malatya_province,land,East Melitene,ancient or local ethnogeographic / English,source-led AD 1 province-centroid construction,installed:in_game/map_data/location_templates.txt;installed:in_game/map_data/definitions.txt;GEO-PROXY;STR-ANA;PLE,medium,The label combines the researched AD 1 province frame with installed terrain and relative position.,false
location,kahului_bay,maui_sea_zones_province,sea,Hawaiian Inter-Island Bay,ancient or local ethnogeographic / English,source-led AD 1 province-centroid construction,installed:in_game/map_data/location_templates.txt;GEO-PROXY;https://www.nps.gov/hale/learn/historyculture/archeology.htm,medium,The label combines the researched AD 1 province frame with installed terrain and relative position.,false
location,kahurangi,whakatu_province,land,Te-Tauihu Isles Northwestern,ancient or local ethnogeographic / English,source-led AD 1 province-centroid construction,installed:in_game/map_data/location_templates.txt;installed:in_game/map_data/definitions.txt;https://teara.govt.nz/en/when-was-new-zealand-first-settled,medium,The label combines the researched AD 1 province frame with installed terrain and relative position.,false
location,kahwenoke,cataraqui_province,land,Northeast Peninsula,ancient or local ethnogeographic / English,source-led AD 1 province-centroid construction,installed:in_game/map_data/location_templates.txt;installed:in_game/map_data/definitions.txt;OAS-POINT;GEO-PROXY,medium,The label combines the researched AD 1 province frame with installed terrain and relative position.,false
location,kai_archipelago,aru_coast_sea_province,sea,Aru–Kai Archipelago Channel,ancient or local ethnogeographic / English,source-led AD 1 province-centroid construction,installed:in_game/map_data/location_templates.txt;GEO-PROXY;ANU-MALUKU,medium,The label combines the researched AD 1 province frame with installed terrain and relative position.,false
location,kai_kara,caroni_province,land,Barrancoid Caroní–Cuyuní,ancient or local ethnogeographic / English,source-led AD 1 province-centroid construction,installed:in_game/map_data/location_templates.txt;installed:in_game/map_data/definitions.txt;JWP-ORINOCO;GEO-PROXY,medium,The label combines the researched AD 1 province frame with installed terrain and relative position.,false
location,kai_karoo,kai_karoo_province,land,West Gamka,ancient or local ethnogeographic / English,source-led AD 1 province-centroid construction,installed:in_game/map_data/location_templates.txt;installed:in_game/map_data/definitions.txt;GEO-PROXY;OUP-SOUTH-AFRICA,medium,The label combines the researched AD 1 province frame with installed terrain and relative position.,false
location,kai_theli_ke_hot_inne,athabasca_province,land,Peace–Athabasca Woodlands,ancient or local ethnogeographic / English,source-led AD 1 province-centroid construction,installed:in_game/map_data/location_templates.txt;installed:in_game/map_data/definitions.txt;https://www.britannica.com/place/Athabasca-River,medium,The label combines the researched AD 1 province frame with installed terrain and relative position.,false
location,kaiabi,upper_tapajos_province,land,Tapajós–Juruena Ceramic,ancient or local ethnogeographic / English,source-led AD 1 province-centroid construction,installed:in_game/map_data/location_templates.txt;GEO-PROXY;SA-EXPANSIONS,medium,The label combines the researched AD 1 province frame with installed terrain and relative position.,false
location,kaiama,borgu_province,land,Niger–Alibori Iron Eastern,ancient or local ethnogeographic / English,source-led AD 1 province-centroid construction,installed:in_game/map_data/location_templates.txt;GEO-PROXY;https://www.metmuseum.org/toah/hd/aftr/hd_aftr.htm,medium,The label combines the researched AD 1 province frame with installed terrain and relative position.,false
location,kaiapoi,waitaha_province,land,Northeast Level,ancient or local ethnogeographic / English,source-led AD 1 province-centroid construction,installed:in_game/map_data/location_templates.txt;GEO-PROXY;PER,medium,The label combines the researched AD 1 province frame with installed terrain and relative position.,false
location,kaibab,east_nuwuvi_province,land,Kaibab–Colorado Southeastern,ancient or local ethnogeographic / English,source-led AD 1 province-centroid construction,installed:in_game/map_data/location_templates.txt;GEO-PROXY;https://www.nps.gov/grca/learn/historyculture/archeology.htm,medium,The label combines the researched AD 1 province frame with installed terrain and relative position.,false
location,kaicheng,guangning_province,land,Liaoxi Frontier Northeastern,ancient or local ethnogeographic / English,source-led AD 1 province-centroid construction,installed:in_game/map_data/location_templates.txt;installed:in_game/map_data/definitions.txt;BHR;CHG;https://ctext.org/han-shu/di-li-zhi-xia/ens,medium,The label combines the researched AD 1 province frame with installed terrain and relative position.,false
location,kaicheng_guyuan,guyuan_province,land,Southeast Anding,ancient or local ethnogeographic / English,source-led AD 1 province-centroid construction,installed:in_game/map_data/location_templates.txt;GEO-PROXY;https://ctext.org/han-shu/di-li-zhi/ens,medium,The label combines the researched AD 1 province frame with installed terrain and relative position.,false
location,kaifeng,kaifeng_province,land,Chenliu–Yingchuan Zhongyuan,ancient or local ethnogeographic / English,source-led AD 1 province-centroid construction,installed:in_game/map_data/location_templates.txt;installed:in_game/map_data/definitions.txt;BHR;CHG,medium,The label combines the researched AD 1 province frame with installed terrain and relative position.,false
location,kaifu,awa_province,land,Awa–Awaji Wa Southern Range,ancient or local ethnogeographic / English,source-led AD 1 province-centroid construction,installed:in_game/map_data/location_templates.txt;installed:in_game/map_data/definitions.txt;https://www.jstage.jst.go.jp/article/isijinternational/54/5/54_1155/_html/-char/en,medium,The label combines the researched AD 1 province frame with installed terrain and relative position.,false
location,kaiguang,jiazhou_province,land,Fugu–Shenmu Beidi March,ancient or local ethnogeographic / English,source-led AD 1 province-centroid construction,installed:in_game/map_data/location_templates.txt;installed:in_game/map_data/definitions.txt;BHR;CHG,medium,The label combines the researched AD 1 province frame with installed terrain and relative position.,false
location,kaihua,quzhou_province,land,West Taimo,ancient or local ethnogeographic / English,source-led AD 1 province-centroid construction,installed:in_game/map_data/location_templates.txt;installed:in_game/map_data/definitions.txt;BHR;CHG,medium,The label combines the researched AD 1 province frame with installed terrain and relative position.,false
location,kaikoura,whakatu_province,land,Te-Tauihu Isles Southern,ancient or local ethnogeographic / English,source-led AD 1 province-centroid construction,installed:in_game/map_data/location_templates.txt;installed:in_game/map_data/definitions.txt;https://teara.govt.nz/en/when-was-new-zealand-first-settled,medium,The label combines the researched AD 1 province frame with installed terrain and relative position.,false
location,kailali,lower_ghaghara_province,land,Southeast Seti,ancient or local ethnogeographic / English,source-led AD 1 province-centroid construction,installed:in_game/map_data/location_templates.txt;GEO-PROXY;https://www.britannica.com/place/Karnali-River,medium,The label combines the researched AD 1 province frame with installed terrain and relative position.,false
location,kailashahar,tripura_province,land,Samatata–Harikela Hill March,ancient or local ethnogeographic / English,source-led AD 1 province-centroid construction,installed:in_game/map_data/location_templates.txt;GEO-PROXY;https://en.banglapedia.org/index.php/Samatata,medium,The label combines the researched AD 1 province frame with installed terrain and relative position.,false
location,kaili,pingyue_province,land,Zangke Eastern-Highland,ancient or local ethnogeographic / English,source-led AD 1 province-centroid construction,installed:in_game/map_data/location_templates.txt;GEO-PROXY;https://ctext.org/han-shu/di-li-zhi-xia/ens,medium,The label combines the researched AD 1 province frame with installed terrain and relative position.,false
location,kailu,xiliao_province,land,Southeast Liao,ancient or local ethnogeographic / English,source-led AD 1 province-centroid construction,installed:in_game/map_data/location_templates.txt;installed:in_game/map_data/definitions.txt;CTP-XIO;NMJH-YIL,medium,The label combines the researched AD 1 province frame with installed terrain and relative position.,false
location,kaiman,xaymaca_province,land,Northwest Kaiman,ancient or local ethnogeographic / English,source-led AD 1 province-centroid construction,installed:in_game/map_data/location_templates.txt;installed:in_game/map_data/definitions.txt;SCIADV-CARIB;GEO-PROXY,medium,The label combines the researched AD 1 province frame with installed terrain and relative position.,false
location,kaimana,bomberai_province,land,East Onin,ancient or local ethnogeographic / English,source-led AD 1 province-centroid construction,installed:in_game/map_data/location_templates.txt;GEO-PROXY;ANU-BOMBERAI,medium,The label combines the researched AD 1 province frame with installed terrain and relative position.,false
location,kaimbe,sao_francisco_province,land,Kariri–Xokó Opará,ancient or local ethnogeographic / English,source-led AD 1 province-centroid construction,installed:in_game/map_data/location_templates.txt;GEO-PROXY;SA-EXPANSIONS,medium,The label combines the researched AD 1 province frame with installed terrain and relative position.,false
location,kaina,rotalia_province,land,Aestian Ösel–Muhu Isles,ancient or local ethnogeographic / English,source-led AD 1 province-centroid construction,installed:in_game/map_data/location_templates.txt;GEO-PROXY;TAC-GER,medium,The label combines the researched AD 1 province frame with installed terrain and relative position.,false
location,kainan,jindong_province,land,Dian Highland Valleys,ancient or local ethnogeographic / English,source-led AD 1 province-centroid construction,installed:in_game/map_data/location_templates.txt;installed:in_game/map_data/definitions.txt;BHR;CHG,medium,The label combines the researched AD 1 province frame with installed terrain and relative position.,false
location,kaingang,piquiri_province,land,East Tietê,ancient or local ethnogeographic / English,source-led AD 1 province-centroid construction,installed:in_game/map_data/location_templates.txt;GEO-PROXY;https://www.britannica.com/place/Parana-River,medium,The label combines the researched AD 1 province frame with installed terrain and relative position.,false
location,kainsky_pas,sartlan_province,land,Sargat Baraba–Chany Northern,ancient or local ethnogeographic / English,source-led AD 1 province-centroid construction,installed:in_game/map_data/location_templates.txt;GEO-PROXY;RAS-SARGAT-CHRON;RAS-SAR,medium,The label combines the researched AD 1 province frame with installed terrain and relative position.,false
location,kainta,katagalugan_province,land,Northwest Manila,ancient or local ethnogeographic / English,source-led AD 1 province-centroid construction,installed:in_game/map_data/location_templates.txt;GEO-PROXY;https://www.britannica.com/place/Luzon,medium,The label combines the researched AD 1 province frame with installed terrain and relative position.,false
location,kaiowa,tacuru_province,land,Paraná–Maracaju Forests,ancient or local ethnogeographic / English,source-led AD 1 province-centroid construction,installed:in_game/map_data/location_templates.txt;installed:in_game/map_data/definitions.txt;GEO-PROXY;SA-EXPANSIONS,medium,The label combines the researched AD 1 province frame with installed terrain and relative position.,false
location,kaip_ata,karagau_province,land,Sarysu–Turgai Saka Steppe,ancient or local ethnogeographic / English,source-led AD 1 province-centroid construction,installed:in_game/map_data/location_templates.txt;GEO-PROXY;UNESCO-CA-NOMADS,medium,The label combines the researched AD 1 province frame with installed terrain and relative position.,false
location,kaipara_harbour,new_zealand_sea_zones_province,sea,Polynesian Sound,ancient or local ethnogeographic / English,source-led AD 1 province-centroid construction,installed:in_game/map_data/location_templates.txt;installed:in_game/map_data/definitions.txt;GEO-PROXY;https://teara.govt.nz/en/when-was-new-zealand-first-settled,medium,The label combines the researched AD 1 province frame with installed terrain and relative position.,false
location,kaiparowit,east_nuwuvi_province,land,Kaibab–Colorado Plateau,ancient or local ethnogeographic / English,source-led AD 1 province-centroid construction,installed:in_game/map_data/location_templates.txt;GEO-PROXY;https://www.nps.gov/grca/learn/historyculture/archeology.htm,medium,The label combines the researched AD 1 province frame with installed terrain and relative position.,false
location,kaipeshimushich,waskaganish_province,land,Nemaska–Waswanipi Shield,ancient or local ethnogeographic / English,source-led AD 1 province-centroid construction,installed:in_game/map_data/location_templates.txt;installed:in_game/map_data/definitions.txt;GEO-PROXY,medium,The label combines the researched AD 1 province frame with installed terrain and relative position.,false
location,kaipokok,nunatsiavut_province,land,Southeast Okak,ancient or local ethnogeographic / English,source-led AD 1 province-centroid construction,installed:in_game/map_data/location_templates.txt;GEO-PROXY;https://www.heritage.nf.ca/articles/aboriginal/palaeoeskimo-cultures.php,medium,The label combines the researched AD 1 province frame with installed terrain and relative position.,false
location,kaipokok_bay,labrador_coast_province,sea,Dorset Torngat–Hamilton Bay,ancient or local ethnogeographic / English,source-led AD 1 province-centroid construction,installed:in_game/map_data/location_templates.txt;GEO-PROXY;https://www.heritage.nf.ca/articles/aboriginal/palaeoeskimo-cultures.php,medium,The label combines the researched AD 1 province frame with installed terrain and relative position.,false
location,kairiru_island,kairiru_coastal_sea_zones_province,sea,Kairiru–Karkar Passage,ancient or local ethnogeographic / English,source-led AD 1 province-centroid construction,installed:in_game/map_data/location_templates.txt;installed:in_game/map_data/definitions.txt;GEO-PROXY;https://www.britannica.com/place/New-Guinea,medium,The label combines the researched AD 1 province frame with installed terrain and relative position.,false
location,kairouan,kairouan_province,land,Byzacena–Zeugitana Interior,ancient or local ethnogeographic / English,source-led AD 1 province-centroid construction,installed:in_game/map_data/location_templates.txt;installed:in_game/map_data/definitions.txt;GEO-PROXY;PLE,medium,The label combines the researched AD 1 province frame with installed terrain and relative position.,false
location,kaiserslautern,palatinate_province,land,Vangiones Western Plain,ancient or local ethnogeographic / English,source-led AD 1 province-centroid construction,installed:in_game/map_data/location_templates.txt;GEO-PROXY;TAC-GER;https://penelope.uchicago.edu/Thayer/E/Roman/Texts/Ptolemy/2/9*.html,medium,The label combines the researched AD 1 province frame with installed terrain and relative position.,false
location,kaisou,kii_province,land,Kaisou Kii–Kumano Yayoi,ancient or local ethnogeographic / English,source-led AD 1 province-centroid construction,installed:in_game/map_data/location_templates.txt;GEO-PROXY;https://www.metmuseum.org/toah/hd/yayo/hd_yayo.htm,medium,The label combines the researched AD 1 province frame with installed terrain and relative position.,false
location,kaitangata,murihiku_province,land,Aotearoa Northeastern,ancient or local ethnogeographic / English,source-led AD 1 province-centroid construction,installed:in_game/map_data/location_templates.txt;GEO-PROXY;https://www.britannica.com/place/New-Zealand/History,medium,The label combines the researched AD 1 province frame with installed terrain and relative position.,false
location,kaithal,puadh_province,land,Southwest Kuru,ancient or local ethnogeographic / English,source-led AD 1 province-centroid construction,installed:in_game/map_data/location_templates.txt;installed:in_game/map_data/definitions.txt;GEO-PROXY;https://www.britannica.com/place/Kurukshetra-India,medium,The label combines the researched AD 1 province frame with installed terrain and relative position.,false
location,kaitotikwia,nipigon_province,land,Nipigon–Superior,ancient or local ethnogeographic / English,source-led AD 1 province-centroid construction,installed:in_game/map_data/location_templates.txt;GEO-PROXY;OAS-POINT,medium,The label combines the researched AD 1 province frame with installed terrain and relative position.,false
location,kaiurskuta,aahkawiraahkata,land,Southwest Villages,ancient or local ethnogeographic / English,source-led AD 1 province-centroid construction,installed:in_game/map_data/location_templates.txt;installed:in_game/map_data/location_templates.txt;GEO-PROXY,medium,The label combines the researched AD 1 province frame with installed terrain and relative position.,false
location,kaiwa,tacuru_province,land,South Paraná,ancient or local ethnogeographic / English,source-led AD 1 province-centroid construction,installed:in_game/map_data/location_templates.txt;installed:in_game/map_data/definitions.txt;GEO-PROXY;SA-EXPANSIONS,medium,The label combines the researched AD 1 province frame with installed terrain and relative position.,false
location,kaiyuan_jurchen,yizhou_liaodong_province,land,Xuantu Commandery–Upper-Liao,ancient or local ethnogeographic / English,source-led AD 1 province-centroid construction,installed:in_game/map_data/location_templates.txt;GEO-PROXY;AKS-LELANG,medium,The label combines the researched AD 1 province frame with installed terrain and relative position.,false
location,kaiyuan_warka,suifun_province,land,Suifen–Ussuri Yilou Western,ancient or local ethnogeographic / English,source-led AD 1 province-centroid construction,installed:in_game/map_data/location_templates.txt;installed:in_game/map_data/definitions.txt;NMJH-YIL;GEO-PROXY,medium,The label combines the researched AD 1 province frame with installed terrain and relative position.,false
location,kaizhou,kuizhou_province,land,Northwest Ba,ancient or local ethnogeographic / English,source-led AD 1 province-centroid construction,installed:in_game/map_data/location_templates.txt;GEO-PROXY;https://ctext.org/han-shu/di-li-zhi-xia/ens,medium,The label combines the researched AD 1 province frame with installed terrain and relative position.,false
location,kajabi,upper_tapajos_province,land,Southeast Juruena,ancient or local ethnogeographic / English,source-led AD 1 province-centroid construction,installed:in_game/map_data/location_templates.txt;GEO-PROXY;SA-EXPANSIONS,medium,The label combines the researched AD 1 province frame with installed terrain and relative position.,false
location,kajana,kajanaland_province,land,Oulujärvi–Kainuu Fenni Lands,ancient or local ethnogeographic / English,source-led AD 1 province-centroid construction,installed:in_game/map_data/location_templates.txt;installed:in_game/map_data/definitions.txt;GEO-PROXY;TAC-GER,medium,The label combines the researched AD 1 province frame with installed terrain and relative position.,false
location,kajang,perak_province,land,Chryse Perak–Klang,ancient or local ethnogeographic / English,source-led AD 1 province-centroid construction,installed:in_game/map_data/location_templates.txt;GEO-PROXY;PER,medium,The label combines the researched AD 1 province frame with installed terrain and relative position.,false
location,kajenje,south_lunda_province,land,Lualaba–Kasai Southwestern,ancient or local ethnogeographic / English,source-led AD 1 province-centroid construction,installed:in_game/map_data/location_templates.txt;GEO-PROXY;JAH-BANTU-MOBILITY,medium,The label combines the researched AD 1 province frame with installed terrain and relative position.,false
location,kajkwakratxi,juruena_province,land,Southeast Pires,ancient or local ethnogeographic / English,source-led AD 1 province-centroid construction,installed:in_game/map_data/location_templates.txt;installed:in_game/map_data/definitions.txt;GEO-PROXY;SA-EXPANSIONS,medium,The label combines the researched AD 1 province frame with installed terrain and relative position.,false
location,kajran,bost_province,land,Northwest Helmand,ancient or local ethnogeographic / English,source-led AD 1 province-centroid construction,installed:in_game/map_data/location_templates.txt;GEO-PROXY;https://www.iranicaonline.org/articles/arachosia;https://www.iranicaonline.org/articles/drangiana,medium,The label combines the researched AD 1 province frame with installed terrain and relative position.,false
location,kajyub,kab_koj_province,land,Southwest Izabal,ancient or local ethnogeographic / English,source-led AD 1 province-centroid construction,installed:in_game/map_data/location_templates.txt;installed:in_game/map_data/definitions.txt;GEO-PROXY;SCI-MAY,medium,The label combines the researched AD 1 province frame with installed terrain and relative position.,false
location,kak,arykbalyk_province,land,Kokshetau Sargat–Steppe,ancient or local ethnogeographic / English,source-led AD 1 province-centroid construction,installed:in_game/map_data/location_templates.txt;GEO-PROXY;RAS-SARGAT-CHRON,medium,The label combines the researched AD 1 province frame with installed terrain and relative position.,false
location,kaka,bahr_al_jabal_province,land,Sobat–Upper Nile Corridor,ancient or local ethnogeographic / English,source-led AD 1 province-centroid construction,installed:in_game/map_data/location_templates.txt;installed:in_game/map_data/definitions.txt;https://www.britannica.com/place/Sobat-River,medium,The label combines the researched AD 1 province frame with installed terrain and relative position.,false
location,kakabeka,kaministiquia_province,land,Superior,ancient or local ethnogeographic / English,source-led AD 1 province-centroid construction,installed:in_game/map_data/location_templates.txt;GEO-PROXY;OAS-POINT,medium,The label combines the researched AD 1 province frame with installed terrain and relative position.,false
location,kakachischuan_point,jamesie_area_sea_zones_province,sea,Akimiski–Moose Estuary Offing,ancient or local ethnogeographic / English,source-led AD 1 province-centroid construction,installed:in_game/map_data/location_templates.txt;installed:in_game/map_data/definitions.txt;GEO-PROXY;https://www.britannica.com/place/Hudson-Bay,medium,The label combines the researched AD 1 province frame with installed terrain and relative position.,false
location,kakagi,minitig_province,land,Laurel Rainy-Woods Plain,ancient or local ethnogeographic / English,source-led AD 1 province-centroid construction,installed:in_game/map_data/location_templates.txt;GEO-PROXY;https://scholarlypress.si.edu/store/all/subsistence-economies-of-indigenous-north-american-societies-a-handbook/,medium,The label combines the researched AD 1 province frame with installed terrain and relative position.,false
location,kakaling,meskousing_province,land,Southeast Fox,ancient or local ethnogeographic / English,source-led AD 1 province-centroid construction,installed:in_game/map_data/location_templates.txt;GEO-PROXY;https://www.wisconsinhistory.org/Records/Article/CS383,medium,The label combines the researched AD 1 province frame with installed terrain and relative position.,false
location,kakarakala,yinggarda_province,land,Southeast Baiyungu,ancient or local ethnogeographic / English,source-led AD 1 province-centroid construction,installed:in_game/map_data/location_templates.txt;GEO-PROXY;https://aiatsis.gov.au/explore/map-indigenous-australia,medium,The label combines the researched AD 1 province frame with installed terrain and relative position.,false
location,kakataibo,rupa_rupa_province,land,Upper-Huallaga,ancient or local ethnogeographic / English,source-led AD 1 province-centroid construction,installed:in_game/map_data/location_templates.txt;GEO-PROXY;SA-EXPANSIONS,medium,The label combines the researched AD 1 province frame with installed terrain and relative position.,false
location,kakenje,upper_zambezi_province,land,Northwest Cuando,ancient or local ethnogeographic / English,source-led AD 1 province-centroid construction,installed:in_game/map_data/location_templates.txt;GEO-PROXY;JAH-BANTU-MOBILITY,medium,The label combines the researched AD 1 province frame with installed terrain and relative position.,false
location,kakibonga,temiscamingue_province,land,East Kipawa,ancient or local ethnogeographic / English,source-led AD 1 province-centroid construction,installed:in_game/map_data/location_templates.txt;installed:in_game/map_data/definitions.txt;GEO-PROXY;OAS-POINT,medium,The label combines the researched AD 1 province frame with installed terrain and relative position.,false
location,kakisa,tu_nedhe_province,land,West Dehcho,ancient or local ethnogeographic / English,source-led AD 1 province-centroid construction,installed:in_game/map_data/location_templates.txt;GEO-PROXY;https://www.thecanadianencyclopedia.ca/en/article/taltheilei-shale-tradition,medium,The label combines the researched AD 1 province frame with installed terrain and relative position.,false
location,kakoba,north_lunda_province,land,Northeast Kasai,ancient or local ethnogeographic / English,source-led AD 1 province-centroid construction,installed:in_game/map_data/location_templates.txt;GEO-PROXY;SCI-CONGO-RAINFOREST;JAH-BANTU-MOBILITY,medium,The label combines the researched AD 1 province frame with installed terrain and relative position.,false
location,kakol_kiej,kakol_kiej_province,land,Atitlán–Xelajú Maya Highlands,ancient or local ethnogeographic / English,source-led AD 1 province-centroid construction,installed:in_game/map_data/location_templates.txt;installed:in_game/map_data/definitions.txt;GEO-PROXY;SCI-MAY,medium,The label combines the researched AD 1 province frame with installed terrain and relative position.,false
location,kakol_kiej_coast,kuskatan_coast_sea_zones_province,sea,Lenca–Maya Pacific-Gulf,ancient or local ethnogeographic / English,source-led AD 1 province-centroid construction,installed:in_game/map_data/location_templates.txt;GEO-PROXY;https://whc.unesco.org/en/list/129/,medium,The label combines the researched AD 1 province frame with installed terrain and relative position.,false
location,kakouna,rimouski_province,land,West Lawrence,ancient or local ethnogeographic / English,source-led AD 1 province-centroid construction,installed:in_game/map_data/location_templates.txt;GEO-PROXY;OAS-POINT,medium,The label combines the researched AD 1 province frame with installed terrain and relative position.,false
location,kal_gatana,south_alais_province,land,South Yana,ancient or local ethnogeographic / English,source-led AD 1 province-centroid construction,installed:in_game/map_data/location_templates.txt;GEO-PROXY;https://www.britannica.com/place/Yana-River,medium,The label combines the researched AD 1 province frame with installed terrain and relative position.,false
location,kala,west_rukwa_province,land,Southwest Rukwa,ancient or local ethnogeographic / English,source-led AD 1 province-centroid construction,installed:in_game/map_data/location_templates.txt;installed:in_game/map_data/definitions.txt;JAH-BANTU-MOBILITY;QI-EAFRICA,medium,The label combines the researched AD 1 province frame with installed terrain and relative position.,false
location,kalaa_of_ait_abbas,kabylia_province,land,South Tell,ancient or local ethnogeographic / English,source-led AD 1 province-centroid construction,installed:in_game/map_data/location_templates.txt;installed:in_game/map_data/definitions.txt;GEO-PROXY;PLE,medium,The label combines the researched AD 1 province frame with installed terrain and relative position.,false
location,kalaako,kalaako_province,land,Ngadju–Galaagu Western,ancient or local ethnogeographic / English,source-led AD 1 province-centroid construction,installed:in_game/map_data/location_templates.txt;installed:in_game/map_data/definitions.txt;GEO-PROXY;https://aiatsis.gov.au/explore/map-indigenous-australia,medium,The label combines the researched AD 1 province frame with installed terrain and relative position.,false
location,kalaamaya,badimala_province,land,Southeast Carey,ancient or local ethnogeographic / English,source-led AD 1 province-centroid construction,installed:in_game/map_data/location_templates.txt;installed:in_game/map_data/definitions.txt;https://www.britannica.com/place/Western-Australia,medium,The label combines the researched AD 1 province frame with installed terrain and relative position.,false
location,kalaat_sraghna,tadla_province,land,West er,ancient or local ethnogeographic / English,source-led AD 1 province-centroid construction,installed:in_game/map_data/location_templates.txt;installed:in_game/map_data/definitions.txt;GEO-PROXY;SOR-AFRICA-FRONTIER,medium,The label combines the researched AD 1 province frame with installed terrain and relative position.,false
location,kalabaca,paranaiba_province,land,Northeast Piauí,ancient or local ethnogeographic / English,source-led AD 1 province-centroid construction,installed:in_game/map_data/location_templates.txt;GEO-PROXY;SA-EXPANSIONS,medium,The label combines the researched AD 1 province frame with installed terrain and relative position.,false
location,kalabsha,nobatia_province,land,Meroitic Lower-Nubia,ancient or local ethnogeographic / English,source-led AD 1 province-centroid construction,installed:in_game/map_data/location_templates.txt;GEO-PROXY;OUP-MERO,medium,The label combines the researched AD 1 province frame with installed terrain and relative position.,false
location,kalach,borisoglebsk_province,land,Aorsi of Tanais–Khoper,ancient or local ethnogeographic / English,source-led AD 1 province-centroid construction,installed:in_game/map_data/location_templates.txt;GEO-PROXY;WIL-SAR;ANA-SAR,medium,The label combines the researched AD 1 province frame with installed terrain and relative position.,false
location,kalafken_lake,willimapu_province,lake,Ranco–Llanquihue Kalafken,ancient or local ethnogeographic / English,source-led AD 1 province-centroid construction,installed:in_game/map_data/location_templates.txt;installed:in_game/map_data/definitions.txt;GEO-PROXY;SA-EXPANSIONS,medium,The label combines the researched AD 1 province frame with installed terrain and relative position.,false
location,kalagan,tagloc_province,land,Agusan–Sarangani Metal-Age,ancient or local ethnogeographic / English,source-led AD 1 province-centroid construction,installed:in_game/map_data/location_templates.txt;installed:in_game/map_data/definitions.txt;CCP-MAITUM;NMP-PH-JARS,medium,The label combines the researched AD 1 province frame with installed terrain and relative position.,false
location,kalahandinagara,kalahandi_garjat,land,Mahākāntāra Kalinga Uplands,ancient or local ethnogeographic / English,source-led AD 1 province-centroid construction,installed:in_game/map_data/location_templates.txt;installed:in_game/map_data/definitions.txt;GEO-PROXY;https://www.britannica.com/place/Kalinga-ancient-state-India,medium,The label combines the researched AD 1 province frame with installed terrain and relative position.,false
location,kalahari_desert,xoo_province,land,Nossob–Molopo San Drylands,ancient or local ethnogeographic / English,source-led AD 1 province-centroid construction,installed:in_game/map_data/location_templates.txt;installed:in_game/map_data/definitions.txt;OUP-SOUTH-AFRICA;GEO-PROXY,medium,The label combines the researched AD 1 province frame with installed terrain and relative position.,false
location,kalahasti,kosta,land,Andhra Lower-Pennar,ancient or local ethnogeographic / English,source-led AD 1 province-centroid construction,installed:in_game/map_data/location_templates.txt;GEO-PROXY;https://www.britannica.com/place/Andhra-Pradesh/History,medium,The label combines the researched AD 1 province frame with installed terrain and relative position.,false
location,kalala,kwango_province,land,Kwango–Kwilu Southeastern,ancient or local ethnogeographic / English,source-led AD 1 province-centroid construction,installed:in_game/map_data/location_templates.txt;GEO-PROXY;JAH-BANTU-MOBILITY,medium,The label combines the researched AD 1 province frame with installed terrain and relative position.,false
location,kalala_kazemba,north_moxico_province,land,Upper-Zambezi–Moxico Iron,ancient or local ethnogeographic / English,source-led AD 1 province-centroid construction,installed:in_game/map_data/location_templates.txt;GEO-PROXY;JAH-BANTU-MOBILITY,medium,The label combines the researched AD 1 province frame with installed terrain and relative position.,false
location,kalalaw,mindanao_province,land,North Agusan,ancient or local ethnogeographic / English,source-led AD 1 province-centroid construction,installed:in_game/map_data/location_templates.txt;GEO-PROXY;https://www.metmuseum.org/toah/hd/phil/hd_phil.htm,medium,The label combines the researched AD 1 province frame with installed terrain and relative position.,false
location,kalam,lower_vidarbha,land,Southeast Berar,ancient or local ethnogeographic / English,source-led AD 1 province-centroid construction,installed:in_game/map_data/location_templates.txt;GEO-PROXY;https://www.britannica.com/topic/Satavahana-dynasty,medium,The label combines the researched AD 1 province frame with installed terrain and relative position.,false
location,kalam_hill,fika_province,land,Komadugu–Chad Ironworking,ancient or local ethnogeographic / English,source-led AD 1 province-centroid construction,installed:in_game/map_data/location_templates.txt;installed:in_game/map_data/definitions.txt;https://www.britannica.com/place/Lake-Chad,medium,The label combines the researched AD 1 province frame with installed terrain and relative position.,false
location,kalam_swat,swat,land,Suastos,ancient or local ethnogeographic / English,source-led AD 1 province-centroid construction,installed:in_game/map_data/location_templates.txt;installed:in_game/map_data/definitions.txt;GEO-PROXY;IRAN-GANDHARA,medium,The label combines the researched AD 1 province frame with installed terrain and relative position.,false
location,kalamansig,mindanao_province,land,Cotabato–Agusan Networks,ancient or local ethnogeographic / English,source-led AD 1 province-centroid construction,installed:in_game/map_data/location_templates.txt;GEO-PROXY;https://www.metmuseum.org/toah/hd/phil/hd_phil.htm,medium,The label combines the researched AD 1 province frame with installed terrain and relative position.,false
location,kalamata,messenia_province,land,Roman Messenia Messene,ancient or local ethnogeographic / English,source-led AD 1 province-centroid construction,installed:in_game/map_data/location_templates.txt;GEO-PROXY;https://www.perseus.tufts.edu/hopper/text?doc=Strab.+8.4&fromdoc=Perseus%3Atext%3A1999.01.0198,medium,The label combines the researched AD 1 province frame with installed terrain and relative position.,false
location,kalamazoo,kalamazoo_province,land,Owashtanong,ancient or local ethnogeographic / English,source-led AD 1 province-centroid construction,installed:in_game/map_data/location_templates.txt;installed:in_game/map_data/definitions.txt;GEO-PROXY;NPS-HOPEWELL,medium,The label combines the researched AD 1 province frame with installed terrain and relative position.,false
location,kalambo,bangweulu_province,land,Luapula,ancient or local ethnogeographic / English,source-led AD 1 province-centroid construction,installed:in_game/map_data/location_templates.txt;installed:in_game/map_data/definitions.txt;https://www.britannica.com/place/Lake-Bangweulu,medium,The label combines the researched AD 1 province frame with installed terrain and relative position.,false
location,kalameh,firuzabad_province,land,Gur–Southern Persis,ancient or local ethnogeographic / English,source-led AD 1 province-centroid construction,installed:in_game/map_data/location_templates.txt;installed:in_game/map_data/definitions.txt;https://www.iranicaonline.org/articles/firuzabad/,medium,The label combines the researched AD 1 province frame with installed terrain and relative position.,false
location,kalamita_bay,crimea_coast_sea_province,sea,Tauric Chersonese Bay,ancient or local ethnogeographic / English,source-led AD 1 province-centroid construction,installed:in_game/map_data/location_templates.txt;GEO-PROXY;https://www.perseus.tufts.edu/hopper/text?doc=Strab.+7.4&fromdoc=Perseus%3Atext%3A1999.01.0239,medium,The label combines the researched AD 1 province frame with installed terrain and relative position.,false
location,kalanaur,mahja_province,land,Madra–Upper-Ravi Northeastern,ancient or local ethnogeographic / English,source-led AD 1 province-centroid construction,installed:in_game/map_data/location_templates.txt;GEO-PROXY;BM-TRIBAL-COINS,medium,The label combines the researched AD 1 province frame with installed terrain and relative position.,false
location,kalanga,wambu_province,land,Cubal–Cunene Southwestern,ancient or local ethnogeographic / English,source-led AD 1 province-centroid construction,installed:in_game/map_data/location_templates.txt;GEO-PROXY;JAH-BANTU-MOBILITY,medium,The label combines the researched AD 1 province frame with installed terrain and relative position.,false
location,kalaotos_island,bone_coast_sea_province,sea,Selayar South Passage,ancient or local ethnogeographic / English,source-led AD 1 province-centroid construction,installed:in_game/map_data/location_templates.txt;GEO-PROXY;ANU-SULAWESI,medium,The label combines the researched AD 1 province frame with installed terrain and relative position.,false
location,kalapang,mait_province,land,Mindoro Metal-Age Island,ancient or local ethnogeographic / English,source-led AD 1 province-centroid construction,installed:in_game/map_data/location_templates.txt;installed:in_game/map_data/definitions.txt;NMP-PH-METAL;NMP-PH-JARS,medium,The label combines the researched AD 1 province frame with installed terrain and relative position.,false
location,kalapuya,oregon_province,land,Northeast Umpqua,ancient or local ethnogeographic / English,source-led AD 1 province-centroid construction,installed:in_game/map_data/location_templates.txt;GEO-PROXY;https://www.nps.gov/lewi/learn/historyculture/index.htm,medium,The label combines the researched AD 1 province frame with installed terrain and relative position.,false
location,kalassa,upper_moshiko_province,land,Lualaba–Lufira Northeastern,ancient or local ethnogeographic / English,source-led AD 1 province-centroid construction,installed:in_game/map_data/location_templates.txt;GEO-PROXY;JAH-BANTU-MOBILITY,medium,The label combines the researched AD 1 province frame with installed terrain and relative position.,false
location,kalat,quetta_province,land,Kalat Bolan–Pishin Gedrosian,ancient or local ethnogeographic / English,source-led AD 1 province-centroid construction,installed:in_game/map_data/location_templates.txt;installed:in_game/map_data/definitions.txt;GEO-PROXY;https://www.iranicaonline.org/articles/gedrosia/,medium,The label combines the researched AD 1 province frame with installed terrain and relative position.,false
location,kalat_nader,tejend_province,land,Sarakhs–Margiana Parthian,ancient or local ethnogeographic / English,source-led AD 1 province-centroid construction,installed:in_game/map_data/location_templates.txt;installed:in_game/map_data/definitions.txt;IRAN-GEO;IRAN-PHR,medium,The label combines the researched AD 1 province frame with installed terrain and relative position.,false
location,kalatay,uktus_province,land,Gorokhovo Iset–Tagil,ancient or local ethnogeographic / English,source-led AD 1 province-centroid construction,installed:in_game/map_data/location_templates.txt;GEO-PROXY;RAS-SARGAT-CHRON,medium,The label combines the researched AD 1 province frame with installed terrain and relative position.,false
location,kalavryta,achaea_province,land,Patrae–Aigion Coast,ancient or local ethnogeographic / English,source-led AD 1 province-centroid construction,installed:in_game/map_data/location_templates.txt;installed:in_game/map_data/definitions.txt;PLE,medium,The label combines the researched AD 1 province frame with installed terrain and relative position.,false
location,kalay,or_qapi_province,land,Scythian Tauric Isthmus,ancient or local ethnogeographic / English,source-led AD 1 province-centroid construction,installed:in_game/map_data/location_templates.txt;GEO-PROXY;https://www.perseus.tufts.edu/hopper/text?doc=Strab.+7.4&fromdoc=Perseus%3Atext%3A1999.01.0198,medium,The label combines the researched AD 1 province frame with installed terrain and relative position.,false
location,kalbarri,mandurah_badimaya_province_coast,sea,Yamatji–Shark Bay Passage,ancient or local ethnogeographic / English,source-led AD 1 province-centroid construction,installed:in_game/map_data/location_templates.txt;installed:in_game/map_data/definitions.txt;GEO-PROXY;https://aiatsis.gov.au/explore/map-indigenous-australia,medium,The label combines the researched AD 1 province frame with installed terrain and relative position.,false
location,kale,kale_province,land,Chindwin–Pyu Frontier,ancient or local ethnogeographic / English,source-led AD 1 province-centroid construction,installed:in_game/map_data/location_templates.txt;installed:in_game/map_data/definitions.txt;GEO-PROXY;https://www.britannica.com/topic/Pyu-people,medium,The label combines the researched AD 1 province frame with installed terrain and relative position.,false
location,kaleap,kaleap_province,land,Southwest Minang,ancient or local ethnogeographic / English,source-led AD 1 province-centroid construction,installed:in_game/map_data/location_templates.txt;GEO-PROXY;https://www.britannica.com/place/Western-Australia/History,medium,The label combines the researched AD 1 province frame with installed terrain and relative position.,false
location,kalecik,ankara_province,land,Northeast Ancyra,ancient or local ethnogeographic / English,source-led AD 1 province-centroid construction,installed:in_game/map_data/location_templates.txt;GEO-PROXY;OCD-GALATIA;STR-ANA,medium,The label combines the researched AD 1 province frame with installed terrain and relative position.,false
location,kalengue,cuoim_province,land,Kwango,ancient or local ethnogeographic / English,source-led AD 1 province-centroid construction,installed:in_game/map_data/location_templates.txt;installed:in_game/map_data/definitions.txt;https://www.britannica.com/place/Kasai-River,medium,The label combines the researched AD 1 province frame with installed terrain and relative position.,false
location,kaleybar,ardabil_province,land,Northwest Cadusian,ancient or local ethnogeographic / English,source-led AD 1 province-centroid construction,installed:in_game/map_data/location_templates.txt;GEO-PROXY;https://www.iranicaonline.org/articles/atropates,medium,The label combines the researched AD 1 province frame with installed terrain and relative position.,false
location,kalfou,ader_province,land,Tarka–Tahoua Sahel,ancient or local ethnogeographic / English,source-led AD 1 province-centroid construction,installed:in_game/map_data/location_templates.txt;installed:in_game/map_data/definitions.txt;GEO-PROXY,medium,The label combines the researched AD 1 province frame with installed terrain and relative position.,false
location,kalfucura,pehuenmapu_province,land,Neuquén–Nahuel-Huapi Hunter,ancient or local ethnogeographic / English,source-led AD 1 province-centroid construction,installed:in_game/map_data/location_templates.txt;GEO-PROXY;https://www.britannica.com/place/Neuquen-province-Argentina,medium,The label combines the researched AD 1 province frame with installed terrain and relative position.,false
location,kali,kugmiut_province,land,Unaliq Kobuk–Noatak,ancient or local ethnogeographic / English,source-led AD 1 province-centroid construction,installed:in_game/map_data/location_templates.txt;GEO-PROXY;https://www.nps.gov/articles/iyatayet.htm,medium,The label combines the researched AD 1 province frame with installed terrain and relative position.,false
location,kaliakra,south_dobruja_province,land,Southeast Callatis,ancient or local ethnogeographic / English,source-led AD 1 province-centroid construction,installed:in_game/map_data/location_templates.txt;GEO-PROXY;https://www.perseus.tufts.edu/hopper/text?doc=Strab.+7.6&fromdoc=Perseus%3Atext%3A1999.01.0198,medium,The label combines the researched AD 1 province frame with installed terrain and relative position.,false
location,kaliakra_point,bulgaria_coast_sea_province,sea,Western Pontus Euxinus Offing,ancient or local ethnogeographic / English,source-led AD 1 province-centroid construction,installed:in_game/map_data/location_templates.txt;installed:in_game/map_data/definitions.txt;https://www.perseus.tufts.edu/hopper/text?doc=Perseus%3Aabo%3Atlg%2C0099%2C001%3A11;STR-BAL,medium,The label combines the researched AD 1 province frame with installed terrain and relative position.,false
location,kalianda,lampung_province,land,Lampung–Semangka Metal-Age,ancient or local ethnogeographic / English,source-led AD 1 province-centroid construction,installed:in_game/map_data/location_templates.txt;GEO-PROXY;https://www.cambridge.org/core/books/abs/cambridge-world-prehistory/southeast-asia/8784CA1FB2B45C97C99E03EF7193B923,medium,The label combines the researched AD 1 province frame with installed terrain and relative position.,false
location,kalilayan,katagalugan_province,land,Southeast Laguna,ancient or local ethnogeographic / English,source-led AD 1 province-centroid construction,installed:in_game/map_data/location_templates.txt;GEO-PROXY;https://www.britannica.com/place/Luzon,medium,The label combines the researched AD 1 province frame with installed terrain and relative position.,false
location,kalina,orinucu_province,land,Southwest Orinoco,ancient or local ethnogeographic / English,source-led AD 1 province-centroid construction,installed:in_game/map_data/location_templates.txt;GEO-PROXY;JWP-ORINOCO,medium,The label combines the researched AD 1 province frame with installed terrain and relative position.,false
location,kalina_jungle,orinucu_province,land,Barrancoid Orinoco-Delta,ancient or local ethnogeographic / English,source-led AD 1 province-centroid construction,installed:in_game/map_data/location_templates.txt;GEO-PROXY;JWP-ORINOCO,medium,The label combines the researched AD 1 province frame with installed terrain and relative position.,false
location,kalinganagara,ganjam_garjats,land,Kalinga Coast Southwestern,ancient or local ethnogeographic / English,source-led AD 1 province-centroid construction,installed:in_game/map_data/location_templates.txt;installed:in_game/map_data/definitions.txt;https://www.britannica.com/place/Kalinga-ancient-state-India;GEO-PROXY,medium,The label combines the researched AD 1 province frame with installed terrain and relative position.,false
location,kalingapattanam,ganjam_garjats,land,Kalinga Coast,ancient or local ethnogeographic / English,source-led AD 1 province-centroid construction,installed:in_game/map_data/location_templates.txt;installed:in_game/map_data/definitions.txt;https://www.britannica.com/place/Kalinga-ancient-state-India;GEO-PROXY,medium,The label combines the researched AD 1 province frame with installed terrain and relative position.,false
location,kalininskaya,akhtar_province,land,Siracian Kuban Plain,ancient or local ethnogeographic / English,source-led AD 1 province-centroid construction,installed:in_game/map_data/location_templates.txt;installed:in_game/map_data/definitions.txt;WIL-SAR;STR-CAUC;GEO-PROXY,medium,The label combines the researched AD 1 province frame with installed terrain and relative position.,false
location,kalinjar,lower_bundelkhand_province,land,Vatsa–Chedi Yamuna,ancient or local ethnogeographic / English,source-led AD 1 province-centroid construction,installed:in_game/map_data/location_templates.txt;GEO-PROXY;https://www.britannica.com/place/Chedi-ancient-kingdom-India,medium,The label combines the researched AD 1 province frame with installed terrain and relative position.,false
location,kalinkavichy,mazyr_province,land,East Sluch,ancient or local ethnogeographic / English,source-led AD 1 province-centroid construction,installed:in_game/map_data/location_templates.txt;GEO-PROXY;RAS-ZAR,medium,The label combines the researched AD 1 province frame with installed terrain and relative position.,false
location,kalispel,kalispel_province,land,Pend-Oreille,ancient or local ethnogeographic / English,source-led AD 1 province-centroid construction,installed:in_game/map_data/location_templates.txt;GEO-PROXY;https://www.thecanadianencyclopedia.ca/en/article/interior-salish,medium,The label combines the researched AD 1 province frame with installed terrain and relative position.,false
location,kalisusu,butung_province,land,Muna–Buton Northeastern Hills,ancient or local ethnogeographic / English,source-led AD 1 province-centroid construction,installed:in_game/map_data/location_templates.txt;installed:in_game/map_data/definitions.txt;ANU-SULAWESI;GEO-PROXY,medium,The label combines the researched AD 1 province frame with installed terrain and relative position.,false
location,kalisusu_bay,butung_coast_sea_province,sea,Buton–Wakatobi Lanes Bay,ancient or local ethnogeographic / English,source-led AD 1 province-centroid construction,installed:in_game/map_data/location_templates.txt;installed:in_game/map_data/definitions.txt;ANU-SULAWESI;GEO-PROXY,medium,The label combines the researched AD 1 province frame with installed terrain and relative position.,false
location,kalisz,kalisz_province,land,Prosna–Warta Przeworsk,ancient or local ethnogeographic / English,source-led AD 1 province-centroid construction,installed:in_game/map_data/location_templates.txt;GEO-PROXY;UW-PRZEWORSK,medium,The label combines the researched AD 1 province frame with installed terrain and relative position.,false
location,kalkadoon,kabikabi_province,land,Gugu Badhun–Kabi Western,ancient or local ethnogeographic / English,source-led AD 1 province-centroid construction,installed:in_game/map_data/location_templates.txt;installed:in_game/map_data/definitions.txt;GEO-PROXY;https://aiatsis.gov.au/explore/map-indigenous-australia,medium,The label combines the researched AD 1 province frame with installed terrain and relative position.,false
location,kallakurichi,cola_nadu,land,Chola Kaveri Northwestern,ancient or local ethnogeographic / English,source-led AD 1 province-centroid construction,installed:in_game/map_data/location_templates.txt;GEO-PROXY;PER;https://www.britannica.com/place/Chola-dynasty,medium,The label combines the researched AD 1 province frame with installed terrain and relative position.,false
location,kallamuckee,mosopeleacipi_province,land,Upper-New–Clinch Woodland,ancient or local ethnogeographic / English,source-led AD 1 province-centroid construction,installed:in_game/map_data/location_templates.txt;GEO-PROXY;https://www.nps.gov/articles/000/woodland-period.htm,medium,The label combines the researched AD 1 province frame with installed terrain and relative position.,false
location,kallawaya,yunga_province,land,Northwest Yungas,ancient or local ethnogeographic / English,source-led AD 1 province-centroid construction,installed:in_game/map_data/location_templates.txt;GEO-PROXY;MET-ANDES-1500,medium,The label combines the researched AD 1 province frame with installed terrain and relative position.,false
location,kalluru,khammamet_province,land,Andhra–Krishna Eastern,ancient or local ethnogeographic / English,source-led AD 1 province-centroid construction,installed:in_game/map_data/location_templates.txt;GEO-PROXY;https://www.britannica.com/topic/Satavahana-dynasty,medium,The label combines the researched AD 1 province frame with installed terrain and relative position.,false
location,kalmanka,suzun_province,land,Ob–Altai Kulay Borderlands,ancient or local ethnogeographic / English,source-led AD 1 province-centroid construction,installed:in_game/map_data/location_templates.txt;installed:in_game/map_data/definitions.txt;GEO-PROXY;ASU-ALTAI-KULAY,medium,The label combines the researched AD 1 province frame with installed terrain and relative position.,false
location,kalmar,ostra_smaland_province,land,Möre–Tjust Southern Plain,ancient or local ethnogeographic / English,source-led AD 1 province-centroid construction,installed:in_game/map_data/location_templates.txt;GEO-PROXY;https://historiska.se/discover-history/history-of-sweden/the-iron-age/,medium,The label combines the researched AD 1 province frame with installed terrain and relative position.,false
location,kalmar_sund,south_baltic_sea,sea,Öland–Skåne Baltic Strait,ancient or local ethnogeographic / English,source-led AD 1 province-centroid construction,installed:in_game/map_data/location_templates.txt;GEO-PROXY;https://www.britannica.com/place/Baltic-Sea,medium,The label combines the researched AD 1 province frame with installed terrain and relative position.,false
location,kalmat,qasr_qand_province,land,Sarbāz–Gwatar Gedrosian Coast,ancient or local ethnogeographic / English,source-led AD 1 province-centroid construction,installed:in_game/map_data/location_templates.txt;installed:in_game/map_data/definitions.txt;GEO-PROXY;https://www.iranicaonline.org/articles/gedrosia/,medium,The label combines the researched AD 1 province frame with installed terrain and relative position.,false
location,kalmius,tana_province,land,Maeotian Kalmius–Don,ancient or local ethnogeographic / English,source-led AD 1 province-centroid construction,installed:in_game/map_data/location_templates.txt;installed:in_game/map_data/definitions.txt;STR-CAUC;GEO-PROXY,medium,The label combines the researched AD 1 province frame with installed terrain and relative position.,false
location,kalmyk,kalmyk_province,land,Daix–Caspian Aorsi Steppe,ancient or local ethnogeographic / English,source-led AD 1 province-centroid construction,installed:in_game/map_data/location_templates.txt;GEO-PROXY;UNESCO-CA-NOMADS;ANA-SAR,medium,The label combines the researched AD 1 province frame with installed terrain and relative position.,false
location,kalnivka,bielska_sloboda_province,land,Aorsi of Aidar–Donets,ancient or local ethnogeographic / English,source-led AD 1 province-centroid construction,installed:in_game/map_data/location_templates.txt;GEO-PROXY;WIL-SAR;ANA-SAR,medium,The label combines the researched AD 1 province frame with installed terrain and relative position.,false
location,kalo,eastern_jutland_province,land,Cimbri–Charudes Eastern,ancient or local ethnogeographic / English,source-led AD 1 province-centroid construction,installed:in_game/map_data/location_templates.txt;GEO-PROXY;TAC-GER,medium,The label combines the researched AD 1 province frame with installed terrain and relative position.,false
location,kalocsa,fejer_province,land,Pelso Pannonii Southeastern,ancient or local ethnogeographic / English,source-led AD 1 province-centroid construction,installed:in_game/map_data/location_templates.txt;installed:in_game/map_data/definitions.txt;https://academic.oup.com/edited-volume/61673/chapter-abstract/549687162,medium,The label combines the researched AD 1 province frame with installed terrain and relative position.,false
location,kalomo,south_moxico_province,land,Kalomo Zambezi–Cuando,ancient or local ethnogeographic / English,source-led AD 1 province-centroid construction,installed:in_game/map_data/location_templates.txt;GEO-PROXY;JAH-BANTU-MOBILITY,medium,The label combines the researched AD 1 province frame with installed terrain and relative position.,false
location,kalotmul,chichen_itza_province,land,Yucatán Late Preclassic,ancient or local ethnogeographic / English,source-led AD 1 province-centroid construction,installed:in_game/map_data/location_templates.txt;installed:in_game/map_data/definitions.txt;https://www.britannica.com/place/Chichen-Itza,medium,The label combines the researched AD 1 province frame with installed terrain and relative position.,false
location,kalpi,lower_bundelkhand_province,land,Northwest Vatsa,ancient or local ethnogeographic / English,source-led AD 1 province-centroid construction,installed:in_game/map_data/location_templates.txt;GEO-PROXY;https://www.britannica.com/place/Chedi-ancient-kingdom-India,medium,The label combines the researched AD 1 province frame with installed terrain and relative position.,false
location,kalsi,garhwal_province,land,Northwest Kirata,ancient or local ethnogeographic / English,source-led AD 1 province-centroid construction,installed:in_game/map_data/location_templates.txt;installed:in_game/map_data/definitions.txt;https://www.britannica.com/place/Nepal/History;CAM-TH;GEO-PROXY,medium,The label combines the researched AD 1 province frame with installed terrain and relative position.,false
location,kalskaq,kuskokwagmiut_province,land,Unaliq Lower-Kuskokwim,ancient or local ethnogeographic / English,source-led AD 1 province-centroid construction,installed:in_game/map_data/location_templates.txt;GEO-PROXY;https://www.britannica.com/place/Kuskokwim-River,medium,The label combines the researched AD 1 province frame with installed terrain and relative position.,false
location,kaltag,west_dennaakke_province,land,Kwiguk–Koyukuk Dene Western,ancient or local ethnogeographic / English,source-led AD 1 province-centroid construction,installed:in_game/map_data/location_templates.txt;installed:in_game/map_data/definitions.txt;GEO-PROXY,medium,The label combines the researched AD 1 province frame with installed terrain and relative position.,false
location,kaltysyany,kazym_province,land,Kazym–Ob Ust-Poluy,ancient or local ethnogeographic / English,source-led AD 1 province-centroid construction,installed:in_game/map_data/location_templates.txt;GEO-PROXY;BSE-UST-POLUY,medium,The label combines the researched AD 1 province frame with installed terrain and relative position.,false
location,kaluba,upper_moshiko_province,land,Lualaba–Lufira Northern,ancient or local ethnogeographic / English,source-led AD 1 province-centroid construction,installed:in_game/map_data/location_templates.txt;GEO-PROXY;JAH-BANTU-MOBILITY,medium,The label combines the researched AD 1 province frame with installed terrain and relative position.,false
location,kaluga,tarusa_province,land,Oka–Ugra Dyakovo Western,ancient or local ethnogeographic / English,source-led AD 1 province-centroid construction,installed:in_game/map_data/location_templates.txt;installed:in_game/map_data/definitions.txt;RAS-DYAKOVO;RA-DYAKOVO-UPPER,medium,The label combines the researched AD 1 province frame with installed terrain and relative position.,false
location,kalumpang,mamudju_province,land,Southeast Metal,ancient or local ethnogeographic / English,source-led AD 1 province-centroid construction,installed:in_game/map_data/location_templates.txt;installed:in_game/map_data/definitions.txt;GEO-PROXY;JST-SUL,medium,The label combines the researched AD 1 province frame with installed terrain and relative position.,false
location,kalundborg,zealand_province,land,Bornholm,ancient or local ethnogeographic / English,source-led AD 1 province-centroid construction,installed:in_game/map_data/location_templates.txt;GEO-PROXY;TAC-GER,medium,The label combines the researched AD 1 province frame with installed terrain and relative position.,false
location,kalyan,north_konkan,land,Aparanta of Sopara–Kalyan,ancient or local ethnogeographic / English,source-led AD 1 province-centroid construction,installed:in_game/map_data/location_templates.txt;GEO-PROXY;PER,medium,The label combines the researched AD 1 province frame with installed terrain and relative position.,false
location,kalyani,kalyana_karnakassala,land,North Asmaka,ancient or local ethnogeographic / English,source-led AD 1 province-centroid construction,installed:in_game/map_data/location_templates.txt;GEO-PROXY;https://www.britannica.com/topic/Satavahana-dynasty,medium,The label combines the researched AD 1 province frame with installed terrain and relative position.,false
location,kalyazin,kashin_province,land,Upper-Volga Dyakovo Eastern,ancient or local ethnogeographic / English,source-led AD 1 province-centroid construction,installed:in_game/map_data/location_templates.txt;GEO-PROXY;RA-DYAKOVO-UPPER,medium,The label combines the researched AD 1 province frame with installed terrain and relative position.,false
location,kamabai,sulimana_province,land,Southwest Gola,ancient or local ethnogeographic / English,source-led AD 1 province-centroid construction,installed:in_game/map_data/location_templates.txt;installed:in_game/map_data/definitions.txt;GEO-PROXY;JAR-WA-NETWORKS;MET-IRON,medium,The label combines the researched AD 1 province frame with installed terrain and relative position.,false
location,kamach,mompoj_province,land,Lower-Magdalena–San-Jorge,ancient or local ethnogeographic / English,source-led AD 1 province-centroid construction,installed:in_game/map_data/location_templates.txt;GEO-PROXY;https://www.metmuseum.org/toah/hd/zen/hd_zen.htm,medium,The label combines the researched AD 1 province frame with installed terrain and relative position.,false
location,kamahuya,windward_islands_province,land,Southeast Hewanorra,ancient or local ethnogeographic / English,source-led AD 1 province-centroid construction,installed:in_game/map_data/location_templates.txt;installed:in_game/map_data/definitions.txt;SCIADV-CARIB;GEO-PROXY,medium,The label combines the researched AD 1 province frame with installed terrain and relative position.,false
location,kamakura,sagami_province,land,Yayoi Sagami-Bay–Ashigara,ancient or local ethnogeographic / English,source-led AD 1 province-centroid construction,installed:in_game/map_data/location_templates.txt;GEO-PROXY;JAA-YAY;ISIJ-YAY,medium,The label combines the researched AD 1 province frame with installed terrain and relative position.,false
location,kamalia,rechna_doab_province,land,Malloi Chenab–Ravi,ancient or local ethnogeographic / English,source-led AD 1 province-centroid construction,installed:in_game/map_data/location_templates.txt;GEO-PROXY;https://penelope.uchicago.edu/Thayer/E/Roman/Texts/Arrian/Anabasis/6A*.html,medium,The label combines the researched AD 1 province frame with installed terrain and relative position.,false
location,kamaniskeg,kawartha_province,land,Kawartha–Trent Woodland,ancient or local ethnogeographic / English,source-led AD 1 province-centroid construction,installed:in_game/map_data/location_templates.txt;GEO-PROXY;OAS-POINT,medium,The label combines the researched AD 1 province frame with installed terrain and relative position.,false
location,kamaran_islands,eritrean_coast_sea_province,sea,Adulis–Farasan Passage,ancient or local ethnogeographic / English,source-led AD 1 province-centroid construction,installed:in_game/map_data/location_templates.txt;installed:in_game/map_data/definitions.txt;https://depts.washington.edu/silkroad/texts/periplus/periplus.html,medium,The label combines the researched AD 1 province frame with installed terrain and relative position.,false
location,kamaran_islands_wasteland,hudaida_province,land,Himyarite Tihama Coast,ancient or local ethnogeographic / English,source-led AD 1 province-centroid construction,installed:in_game/map_data/location_templates.txt;GEO-PROXY;https://www.britannica.com/place/Himyar,medium,The label combines the researched AD 1 province frame with installed terrain and relative position.,false
location,kamashikamach,waskaganish_province,land,Southwest Nemaska,ancient or local ethnogeographic / English,source-led AD 1 province-centroid construction,installed:in_game/map_data/location_templates.txt;installed:in_game/map_data/definitions.txt;GEO-PROXY,medium,The label combines the researched AD 1 province frame with installed terrain and relative position.,false
location,kamassekuakamat,ashuanipi_province,land,Ashuanipi,ancient or local ethnogeographic / English,source-led AD 1 province-centroid construction,installed:in_game/map_data/location_templates.txt;GEO-PROXY;https://www.pc.gc.ca/apps/dfhd/page_nhs_eng.aspx?id=229,medium,The label combines the researched AD 1 province frame with installed terrain and relative position.,false
location,kamassekutinat,aivitok_province,land,Mista,ancient or local ethnogeographic / English,source-led AD 1 province-centroid construction,installed:in_game/map_data/location_templates.txt;installed:in_game/map_data/definitions.txt;GEO-PROXY,medium,The label combines the researched AD 1 province frame with installed terrain and relative position.,false
location,kamatapur,jalpaiguri_province,land,Karatoya–Duars Pundra,ancient or local ethnogeographic / English,source-led AD 1 province-centroid construction,installed:in_game/map_data/location_templates.txt;installed:in_game/map_data/definitions.txt;GEO-PROXY;https://en.wikisource.org/wiki/Page:History_of_India_Vol_1.djvu/251,medium,The label combines the researched AD 1 province frame with installed terrain and relative position.,false
location,kambalny_bay,kuril_islands,sea,Pacific Volcanic-Isle Bay,ancient or local ethnogeographic / English,source-led AD 1 province-centroid construction,installed:in_game/map_data/location_templates.txt;GEO-PROXY;https://www.britannica.com/place/Kuril-Islands,medium,The label combines the researched AD 1 province frame with installed terrain and relative position.,false
location,kambam,kongu_nadu,land,Chera Kongu–Kaveri,ancient or local ethnogeographic / English,source-led AD 1 province-centroid construction,installed:in_game/map_data/location_templates.txt;GEO-PROXY;PER;https://www.britannica.com/place/Chera-dynasty,medium,The label combines the researched AD 1 province frame with installed terrain and relative position.,false
location,kambeba,manaos_province,land,Southeast Negro,ancient or local ethnogeographic / English,source-led AD 1 province-centroid construction,installed:in_game/map_data/location_templates.txt;installed:in_game/map_data/definitions.txt;SA-EXPANSIONS;ACUTUBA-CHRON,medium,The label combines the researched AD 1 province frame with installed terrain and relative position.,false
location,kamberau_jungle,bomberai_province,land,Bomberai–Onin Peninsula,ancient or local ethnogeographic / English,source-led AD 1 province-centroid construction,installed:in_game/map_data/location_templates.txt;GEO-PROXY;ANU-BOMBERAI,medium,The label combines the researched AD 1 province frame with installed terrain and relative position.,false
location,kambiwa,capibaribe_province,land,West Ipojuca,ancient or local ethnogeographic / English,source-led AD 1 province-centroid construction,installed:in_game/map_data/location_templates.txt;installed:in_game/map_data/definitions.txt;https://www.britannica.com/place/Ceara-state-Brazil;GEO-PROXY,medium,The label combines the researched AD 1 province frame with installed terrain and relative position.,false
location,kamchatka_trail1,east_itelmen_province,land,East Maritime,ancient or local ethnogeographic / English,source-led AD 1 province-centroid construction,installed:in_game/map_data/location_templates.txt;GEO-PROXY;https://www.britannica.com/place/Kamchatka-Peninsula,medium,The label combines the researched AD 1 province frame with installed terrain and relative position.,false
location,kamchatka_trail2,east_itelmen_province,land,Eastern Kamchatka Trail Range,ancient or local ethnogeographic / English,source-led AD 1 province-centroid construction,installed:in_game/map_data/location_templates.txt;GEO-PROXY;https://www.britannica.com/place/Kamchatka-Peninsula,medium,The label combines the researched AD 1 province frame with installed terrain and relative position.,false
location,kamchatka_uplands1,north_itelmen_province,land,Kamchatka-River Maritime,ancient or local ethnogeographic / English,source-led AD 1 province-centroid construction,installed:in_game/map_data/location_templates.txt;GEO-PROXY;https://www.britannica.com/place/Kamchatka-Peninsula,medium,The label combines the researched AD 1 province frame with installed terrain and relative position.,false
location,kamchatka_uplands2,east_itelmen_province,land,East Kamchatka,ancient or local ethnogeographic / English,source-led AD 1 province-centroid construction,installed:in_game/map_data/location_templates.txt;GEO-PROXY;https://www.britannica.com/place/Kamchatka-Peninsula,medium,The label combines the researched AD 1 province frame with installed terrain and relative position.,false
location,kamchatka_uplands3,east_itelmen_province,land,East Kamchatka Maritime,ancient or local ethnogeographic / English,source-led AD 1 province-centroid construction,installed:in_game/map_data/location_templates.txt;GEO-PROXY;https://www.britannica.com/place/Kamchatka-Peninsula,medium,The label combines the researched AD 1 province frame with installed terrain and relative position.,false
location,kamchatka_uplands4,east_itelmen_province,land,Eastern Kamchatka Uplands,ancient or local ethnogeographic / English,source-led AD 1 province-centroid construction,installed:in_game/map_data/location_templates.txt;GEO-PROXY;https://www.britannica.com/place/Kamchatka-Peninsula,medium,The label combines the researched AD 1 province frame with installed terrain and relative position.,false
location,kamchatka_uplands5,west_itelmen_province,land,North Itelmen,ancient or local ethnogeographic / English,source-led AD 1 province-centroid construction,installed:in_game/map_data/location_templates.txt;installed:in_game/map_data/definitions.txt;GEO-PROXY;RAD-RFE-IRON,medium,The label combines the researched AD 1 province frame with installed terrain and relative position.,false
location,kamchatsk,north_itelmen_province,land,Southeast River,ancient or local ethnogeographic / English,source-led AD 1 province-centroid construction,installed:in_game/map_data/location_templates.txt;GEO-PROXY;https://www.britannica.com/place/Kamchatka-Peninsula,medium,The label combines the researched AD 1 province frame with installed terrain and relative position.,false
location,kamchatskiy_zaliv2,achava_coast_sea_province,sea,Itelmen Bay,ancient or local ethnogeographic / English,source-led AD 1 province-centroid construction,installed:in_game/map_data/location_templates.txt;installed:in_game/map_data/definitions.txt;GEO-PROXY,medium,The label combines the researched AD 1 province frame with installed terrain and relative position.,false
location,kamchatskiy_zaliv4,achava_coast_sea_province,sea,Itelmen Windward Bight,ancient or local ethnogeographic / English,source-led AD 1 province-centroid construction,installed:in_game/map_data/location_templates.txt;installed:in_game/map_data/definitions.txt;GEO-PROXY,medium,The label combines the researched AD 1 province frame with installed terrain and relative position.,false
location,kamdera_coast,kwerba_coastal_sea_zones_province,sea,Mamberamo–Biak Exchange,ancient or local ethnogeographic / English,source-led AD 1 province-centroid construction,installed:in_game/map_data/location_templates.txt;GEO-PROXY;https://www.britannica.com/place/New-Guinea,medium,The label combines the researched AD 1 province frame with installed terrain and relative position.,false
location,kameda,oshima_province,land,East Epi,ancient or local ethnogeographic / English,source-led AD 1 province-centroid construction,installed:in_game/map_data/location_templates.txt;GEO-PROXY;https://www.jomon-no-mori.jp/english/jomon_no_mori/,medium,The label combines the researched AD 1 province frame with installed terrain and relative position.,false
location,kamen,krivoshchekovo_province,land,Sargat Ob–Baraba,ancient or local ethnogeographic / English,source-led AD 1 province-centroid construction,installed:in_game/map_data/location_templates.txt;GEO-PROXY;RAS-SARGAT-CHRON,medium,The label combines the researched AD 1 province frame with installed terrain and relative position.,false
location,kameng,itanagar_province,land,Northwest Kameng,ancient or local ethnogeographic / English,source-led AD 1 province-centroid construction,installed:in_game/map_data/location_templates.txt;GEO-PROXY;https://www.britannica.com/place/Brahmaputra-River,medium,The label combines the researched AD 1 province frame with installed terrain and relative position.,false
location,kamenka,baykit_province,land,Stony Tunguska Taiga Southern,ancient or local ethnogeographic / English,source-led AD 1 province-centroid construction,installed:in_game/map_data/location_templates.txt;installed:in_game/map_data/definitions.txt;https://www.britannica.com/place/Tunguska-River,medium,The label combines the researched AD 1 province frame with installed terrain and relative position.,false
location,kamensk,kamensk_province,land,Kan–Biryusa Kulay,ancient or local ethnogeographic / English,source-led AD 1 province-centroid construction,installed:in_game/map_data/location_templates.txt;GEO-PROXY;TOM-KUL,medium,The label combines the researched AD 1 province frame with installed terrain and relative position.,false
location,kamenskaya,tana_province,land,Kamenskaya Kalmius–Don,ancient or local ethnogeographic / English,source-led AD 1 province-centroid construction,installed:in_game/map_data/location_templates.txt;installed:in_game/map_data/definitions.txt;STR-CAUC;GEO-PROXY,medium,The label combines the researched AD 1 province frame with installed terrain and relative position.,false
location,kamenskoie,west_koryak_province,land,Penzhina–Gizhiga Koryak Coast,ancient or local ethnogeographic / English,source-led AD 1 province-centroid construction,installed:in_game/map_data/location_templates.txt;installed:in_game/map_data/definitions.txt;GEO-PROXY;RAD-RFE-IRON,medium,The label combines the researched AD 1 province frame with installed terrain and relative position.,false
location,kamensky_zavod,kamyshlov_province,land,Iset–Pyshma Sargat,ancient or local ethnogeographic / English,source-led AD 1 province-centroid construction,installed:in_game/map_data/location_templates.txt;GEO-PROXY;RAS-SARGAT-CHRON;HUM-SAR,medium,The label combines the researched AD 1 province frame with installed terrain and relative position.,false
location,kameshi,bingo_province,land,Kibi Highlands Eastern,ancient or local ethnogeographic / English,source-led AD 1 province-centroid construction,installed:in_game/map_data/location_templates.txt;GEO-PROXY;https://www.metmuseum.org/toah/hd/yayo/hd_yayo.htm,medium,The label combines the researched AD 1 province frame with installed terrain and relative position.,false
location,kami,rikuzen_province,land,West Emishi,ancient or local ethnogeographic / English,source-led AD 1 province-centroid construction,installed:in_game/map_data/location_templates.txt;GEO-PROXY;ISIJ-YAY,medium,The label combines the researched AD 1 province frame with installed terrain and relative position.,false
location,kami_shikoku,tosa_province,land,Yayoi Tosa–Niyodo Lands,ancient or local ethnogeographic / English,source-led AD 1 province-centroid construction,installed:in_game/map_data/location_templates.txt;GEO-PROXY;JAA-YAY;ISIJ-YAY,medium,The label combines the researched AD 1 province frame with installed terrain and relative position.,false
location,kamiagata,tsushima_province,land,Yayoi Tsushima Strait-Isle,ancient or local ethnogeographic / English,source-led AD 1 province-centroid construction,installed:in_game/map_data/location_templates.txt;GEO-PROXY;ISIJ-YAY,medium,The label combines the researched AD 1 province frame with installed terrain and relative position.,false
location,kamiahpu,nimiipuu_province,land,Nimiipuu–Wallowa Plateau,ancient or local ethnogeographic / English,source-led AD 1 province-centroid construction,installed:in_game/map_data/location_templates.txt;installed:in_game/map_data/definitions.txt;GEO-PROXY;https://www.nps.gov/nepe/learn/historyculture/ancient-places.htm,medium,The label combines the researched AD 1 province frame with installed terrain and relative position.,false
location,kamianets_podilskyi,western_podolia_province,land,Tyras–Smotrych Lipița,ancient or local ethnogeographic / English,source-led AD 1 province-centroid construction,installed:in_game/map_data/location_templates.txt;installed:in_game/map_data/definitions.txt;AAC-LIPITA;GEO-PROXY,medium,The label combines the researched AD 1 province frame with installed terrain and relative position.,false
location,kamien,stettin_province,land,Oder-Lagoon Rugii–Lemovii,ancient or local ethnogeographic / English,source-led AD 1 province-centroid construction,installed:in_game/map_data/location_templates.txt;installed:in_game/map_data/definitions.txt;GEO-PROXY;TAC-GER,medium,The label combines the researched AD 1 province frame with installed terrain and relative position.,false
location,kamieniec,warsaw_province,land,Vistula–Narew Przeworsk March,ancient or local ethnogeographic / English,source-led AD 1 province-centroid construction,installed:in_game/map_data/location_templates.txt;installed:in_game/map_data/definitions.txt;UW-PRZEWORSK;UW-PRZ,medium,The label combines the researched AD 1 province frame with installed terrain and relative position.,false
location,kamienna_gora,swidnica_province,land,Sudetes–Upper Oder Przeworsk,ancient or local ethnogeographic / English,source-led AD 1 province-centroid construction,installed:in_game/map_data/location_templates.txt;installed:in_game/map_data/definitions.txt;UW-PRZEWORSK;GEO-PROXY,medium,The label combines the researched AD 1 province frame with installed terrain and relative position.,false
location,kamigaura_bay,hitachi_province,lake,Kashima–Tsukuba Kamigaura Bay,ancient or local ethnogeographic / English,source-led AD 1 province-centroid construction,installed:in_game/map_data/location_templates.txt;GEO-PROXY;ISIJ-YAY,medium,The label combines the researched AD 1 province frame with installed terrain and relative position.,false
location,kamihei,rikuchuu_province,land,Southeast Iwate,ancient or local ethnogeographic / English,source-led AD 1 province-centroid construction,installed:in_game/map_data/location_templates.txt;GEO-PROXY;ISIJ-YAY,medium,The label combines the researched AD 1 province frame with installed terrain and relative position.,false
location,kamiina,shinano_province,land,Suwa–Kiso Highland Wa,ancient or local ethnogeographic / English,source-led AD 1 province-centroid construction,installed:in_game/map_data/location_templates.txt;GEO-PROXY;ISIJ-YAY,medium,The label combines the researched AD 1 province frame with installed terrain and relative position.,false
location,kamiiso,oshima_province,land,Epi-Jōmon Oshima Peninsula,ancient or local ethnogeographic / English,source-led AD 1 province-centroid construction,installed:in_game/map_data/location_templates.txt;GEO-PROXY;https://www.jomon-no-mori.jp/english/jomon_no_mori/,medium,The label combines the researched AD 1 province frame with installed terrain and relative position.,false
location,kamikita,rikuou_province,land,Emishi Tsugaru–Towada,ancient or local ethnogeographic / English,source-led AD 1 province-centroid construction,installed:in_game/map_data/location_templates.txt;GEO-PROXY;ISIJ-YAY,medium,The label combines the researched AD 1 province frame with installed terrain and relative position.,false
location,kamilaroi,kamilaroi_province,land,Namoi–Baaka Northeastern,ancient or local ethnogeographic / English,source-led AD 1 province-centroid construction,installed:in_game/map_data/location_templates.txt;GEO-PROXY;https://www.britannica.com/place/Darling-River,medium,The label combines the researched AD 1 province frame with installed terrain and relative position.,false
location,kamimbe,kafue_province,land,Kafue Woodlands Western,ancient or local ethnogeographic / English,source-led AD 1 province-centroid construction,installed:in_game/map_data/location_templates.txt;installed:in_game/map_data/definitions.txt;GEO-PROXY;AZA-UREWE,medium,The label combines the researched AD 1 province frame with installed terrain and relative position.,false
location,kamin,volodymyr_province,land,Zarubintsy Western Bug Lands,ancient or local ethnogeographic / English,source-led AD 1 province-centroid construction,installed:in_game/map_data/location_templates.txt;RAS-ZAR;GEO-PROXY,medium,The label combines the researched AD 1 province frame with installed terrain and relative position.,false
location,kaministikowak,nunatonowago_province,land,Northwest Hayes,ancient or local ethnogeographic / English,source-led AD 1 province-centroid construction,installed:in_game/map_data/location_templates.txt;GEO-PROXY;https://scholarlypress.si.edu/store/all/subsistence-economies-of-indigenous-north-american-societies-a-handbook/,medium,The label combines the researched AD 1 province frame with installed terrain and relative position.,false
location,kaministiquia,kaministiquia_province,land,Kaministiquia–Superior,ancient or local ethnogeographic / English,source-led AD 1 province-centroid construction,installed:in_game/map_data/location_templates.txt;GEO-PROXY;OAS-POINT,medium,The label combines the researched AD 1 province frame with installed terrain and relative position.,false
location,kamioono,hida_province,land,Mountain Wa of Hida Ranges,ancient or local ethnogeographic / English,source-led AD 1 province-centroid construction,installed:in_game/map_data/location_templates.txt;GEO-PROXY;ISIJ-YAY,medium,The label combines the researched AD 1 province frame with installed terrain and relative position.,false
location,kamisak,kamisak_province,land,Kazan–Thelon Tundra Eastern,ancient or local ethnogeographic / English,source-led AD 1 province-centroid construction,installed:in_game/map_data/location_templates.txt;GEO-PROXY;https://www.thecanadianencyclopedia.ca/en/article/thelon-river,medium,The label combines the researched AD 1 province frame with installed terrain and relative position.,false
location,kamisak_coast,keewatin_sea_zones_province,sea,Kivalliq Inland-Sea Offing,ancient or local ethnogeographic / English,source-led AD 1 province-centroid construction,installed:in_game/map_data/location_templates.txt;GEO-PROXY;https://www.thecanadianencyclopedia.ca/en/article/hudson-bay,medium,The label combines the researched AD 1 province frame with installed terrain and relative position.,false
location,kamiskayachuuch,ungunniavik_province,land,Dorset Ungava–Whale Lowlands,ancient or local ethnogeographic / English,source-led AD 1 province-centroid construction,installed:in_game/map_data/location_templates.txt;GEO-PROXY;https://www.thecanadianencyclopedia.ca/en/article/dorset-culture,medium,The label combines the researched AD 1 province frame with installed terrain and relative position.,false
location,kamitsisit,kikonteku_province,land,Etchemin,ancient or local ethnogeographic / English,source-led AD 1 province-centroid construction,installed:in_game/map_data/location_templates.txt;GEO-PROXY;OAS-POINT,medium,The label combines the researched AD 1 province frame with installed terrain and relative position.,false
location,kamitsuma,chikugo_province,land,Tsukushi Wa Eastern,ancient or local ethnogeographic / English,source-led AD 1 province-centroid construction,installed:in_game/map_data/location_templates.txt;installed:in_game/map_data/definitions.txt;https://www.jstage.jst.go.jp/article/isijinternational/54/5/54_1155/_html/-char/en,medium,The label combines the researched AD 1 province frame with installed terrain and relative position.,false
location,kamiura,ugo_province,land,Emishi Akita–Oga Southeastern,ancient or local ethnogeographic / English,source-led AD 1 province-centroid construction,installed:in_game/map_data/location_templates.txt;GEO-PROXY;ISIJ-YAY,medium,The label combines the researched AD 1 province frame with installed terrain and relative position.,false
location,kamla,itanagar_province,land,Northeast Kameng,ancient or local ethnogeographic / English,source-led AD 1 province-centroid construction,installed:in_game/map_data/location_templates.txt;GEO-PROXY;https://www.britannica.com/place/Brahmaputra-River,medium,The label combines the researched AD 1 province frame with installed terrain and relative position.,false
location,kammanassie,khari_karoo_province,land,East Karoo,ancient or local ethnogeographic / English,source-led AD 1 province-centroid construction,installed:in_game/map_data/location_templates.txt;GEO-PROXY;OUP-SOUTH-AFRICA,medium,The label combines the researched AD 1 province frame with installed terrain and relative position.,false
location,kamniga,konkudera_province,land,Northeast Kamniga,ancient or local ethnogeographic / English,source-led AD 1 province-centroid construction,installed:in_game/map_data/location_templates.txt;GEO-PROXY;https://www.britannica.com/place/Olekma-River,medium,The label combines the researched AD 1 province frame with installed terrain and relative position.,false
location,kamo,sado_province,land,Yayoi Sado Northeastern Hills,ancient or local ethnogeographic / English,source-led AD 1 province-centroid construction,installed:in_game/map_data/location_templates.txt;GEO-PROXY;ISIJ-YAY,medium,The label combines the researched AD 1 province frame with installed terrain and relative position.,false
location,kamo_izu,izu_province,land,Izu Peninsula Northwestern,ancient or local ethnogeographic / English,source-led AD 1 province-centroid construction,installed:in_game/map_data/location_templates.txt;GEO-PROXY;https://www.metmuseum.org/toah/hd/yayo/hd_yayo.htm,medium,The label combines the researched AD 1 province frame with installed terrain and relative position.,false
location,kamo_mikawa,mikawa_province,land,Atsumi–Yahagi Wa Northern,ancient or local ethnogeographic / English,source-led AD 1 province-centroid construction,installed:in_game/map_data/location_templates.txt;GEO-PROXY;ISIJ-YAY,medium,The label combines the researched AD 1 province frame with installed terrain and relative position.,false
location,kamodika,agaidika_province,land,Southeast Hunting,ancient or local ethnogeographic / English,source-led AD 1 province-centroid construction,installed:in_game/map_data/location_templates.txt;installed:in_game/map_data/definitions.txt;https://parkplanning.nps.gov/showFile.cfm?projectID=105110&sfid=676723;GEO-PROXY,medium,The label combines the researched AD 1 province frame with installed terrain and relative position.,false
location,kamor,ongkakaringa_province,land,West Art,ancient or local ethnogeographic / English,source-led AD 1 province-centroid construction,installed:in_game/map_data/location_templates.txt;GEO-PROXY;https://whc.unesco.org/en/list/147/,medium,The label combines the researched AD 1 province frame with installed terrain and relative position.,false
