granularity,key,parent,kind,ad1_name,language,method,source,confidence,note,unchanged_verified
location,chondon,xalizaax_province,land,Selennyakh Arctic Yana Loess Savanna,local geography / sourced AD 1 parent frame / English,ancient-parent local-feature construction,GEO-PROXY;installed:in_game/map_data/location_templates.txt,medium,AD 1 local label without postcolonial eponyms.,false
location,chondon_tundra,orotko_province,land,Yana Paleo Siberian Palm Heath,local geography / sourced AD 1 parent frame / English,ancient-parent local-feature construction,GEO-PROXY;installed:in_game/map_data/location_templates.txt,medium,AD 1 local label without postcolonial eponyms.,false
location,chongan,jianning_province,land,Wuyi Minyue Jiangnan Basalt Breaks,local geography / sourced AD 1 parent frame / English,ancient-parent local-feature construction,GEO-PROXY;installed:in_game/map_data/location_templates.txt,medium,AD 1 local label without postcolonial eponyms.,false
location,chongde,jiaxing_province,land,Haiyan Kuaiji Coast Salt Savanna,local geography / sourced AD 1 parent frame / English,ancient-parent local-feature construction,GEO-PROXY;installed:in_game/map_data/location_templates.txt,medium,AD 1 local label without postcolonial eponyms.,false
location,chongming,suzhou_province,land,Wu Yangcheng Danyang Heather Savanna,local geography / sourced AD 1 parent frame / English,ancient-parent local-feature construction,GEO-PROXY;installed:in_game/map_data/location_templates.txt,medium,AD 1 local label without postcolonial eponyms.,false
location,chongoene,inhambane_province,land,Limpopo Inhambane Shashe Alder Terraces,local geography / sourced AD 1 parent frame / English,ancient-parent local-feature construction,GEO-PROXY;installed:in_game/map_data/location_templates.txt,medium,AD 1 local label without postcolonial eponyms.,false
location,chongren,fuzhou_jiangxi_province,land,Yuzhang Fu Jiangnan Oak Bench,local geography / sourced AD 1 parent frame / English,ancient-parent local-feature construction,GEO-PROXY;installed:in_game/map_data/location_templates.txt,medium,AD 1 local label without postcolonial eponyms.,false
location,chongshan,taiping_guangxi_province,land,Zuo Yulin Xi Birch Glen,local geography / sourced AD 1 parent frame / English,ancient-parent local-feature construction,GEO-PROXY;installed:in_game/map_data/location_templates.txt,medium,AD 1 local label without postcolonial eponyms.,false
location,chongxin,pingliang_province,land,Anding Beidi Qin Palm Fields,local geography / sourced AD 1 parent frame / English,ancient-parent local-feature construction,GEO-PROXY;installed:in_game/map_data/location_templates.txt,medium,AD 1 local label without postcolonial eponyms.,false
location,chongyang,wuchang_province,land,Jiangxia Liangzi Chu Lava Breaks,local geography / sourced AD 1 parent frame / English,ancient-parent local-feature construction,GEO-PROXY;installed:in_game/map_data/location_templates.txt,medium,AD 1 local label without postcolonial eponyms.,false
location,chongyi,nanan_province,land,Dayu Gan Yuzhang Bracken Shelf,local geography / sourced AD 1 parent frame / English,ancient-parent local-feature construction,GEO-PROXY;installed:in_game/map_data/location_templates.txt,medium,AD 1 local label without postcolonial eponyms.,false
location,chono,shilingol_province,land,Xiongnu Shilingol Pastures Fern Fields,local geography / sourced AD 1 parent frame / English,ancient-parent local-feature construction,GEO-PROXY;installed:in_game/map_data/location_templates.txt,medium,AD 1 local label without postcolonial eponyms.,false
location,chootawatchee,conecuh_province,land,Choctawhatchee Mobile Coosa Pine Glen,local geography / sourced AD 1 parent frame / English,ancient-parent local-feature construction,GEO-PROXY;installed:in_game/map_data/location_templates.txt,medium,AD 1 local label without postcolonial eponyms.,false
location,chopim,chopim_province,land,Taquara Itararé Paraná Cedar Bench,local geography / sourced AD 1 parent frame / English,ancient-parent local-feature construction,GEO-PROXY;installed:in_game/map_data/location_templates.txt,medium,AD 1 local label without postcolonial eponyms.,false
location,choquepata_mountains,hatunqulla_province,land,Titicaca Qaluyu Pukara Chalk Terraces,local geography / sourced AD 1 parent frame / English,ancient-parent local-feature construction,GEO-PROXY;installed:in_game/map_data/location_templates.txt,medium,AD 1 local label without postcolonial eponyms.,false
location,choquerecuay,huaylas_province,land,Recuay Callejon Huarpa Palm Bench,local geography / sourced AD 1 parent frame / English,ancient-parent local-feature construction,GEO-PROXY;installed:in_game/map_data/location_templates.txt,medium,AD 1 local label without postcolonial eponyms.,false
location,chor,tharparkar_province,land,Abiria Thar Drylands Birch Downs,local geography / sourced AD 1 parent frame / English,ancient-parent local-feature construction,GEO-PROXY;installed:in_game/map_data/location_templates.txt,medium,AD 1 local label without postcolonial eponyms.,false
location,chornobyl,chornobyl_province,land,Pripet Dnieper Zarubintsy Alder Hollow,local geography / sourced AD 1 parent frame / English,ancient-parent local-feature construction,GEO-PROXY;installed:in_game/map_data/location_templates.txt,medium,AD 1 local label without postcolonial eponyms.,false
location,chornukhy,ichnia_province,land,Sula Psel Zarubintsy Oak Shelf,local geography / sourced AD 1 parent frame / English,ancient-parent local-feature construction,GEO-PROXY;installed:in_game/map_data/location_templates.txt,medium,AD 1 local label without postcolonial eponyms.,false
location,chorten_nyima,dingri_province,land,Tsangpo Himalayan Passes Birch Moor,local geography / sourced AD 1 parent frame / English,ancient-parent local-feature construction,GEO-PROXY;installed:in_game/map_data/location_templates.txt,medium,AD 1 local label without postcolonial eponyms.,false
location,chortolisy,zhytomyr_province,land,Zarubintsy Teteriv Sluch Amber Pastures,local geography / sourced AD 1 parent frame / English,ancient-parent local-feature construction,GEO-PROXY;installed:in_game/map_data/location_templates.txt,medium,AD 1 local label without postcolonial eponyms.,false
location,chortoryisk,lutsk_province,land,Pripet Styr Zarubintsy Sandstone Fields,local geography / sourced AD 1 parent frame / English,ancient-parent local-feature construction,GEO-PROXY;installed:in_game/map_data/location_templates.txt,medium,AD 1 local label without postcolonial eponyms.,false
location,chorumani,kafue_province,land,Middle Kafue Luangwa Cedar Foothills,local geography / sourced AD 1 parent frame / English,ancient-parent local-feature construction,GEO-PROXY;installed:in_game/map_data/location_templates.txt,medium,AD 1 local label without postcolonial eponyms.,false
location,chosan,ganggye_province,land,Yalu Yemaek Lelang Sandstone Shelf,local geography / sourced AD 1 parent frame / English,ancient-parent local-feature construction,GEO-PROXY;installed:in_game/map_data/location_templates.txt,medium,AD 1 local label without postcolonial eponyms.,false
location,choszczno,pyritz_province,land,Drawa Ina Rugii Loess Terraces,local geography / sourced AD 1 parent frame / English,ancient-parent local-feature construction,GEO-PROXY;installed:in_game/map_data/location_templates.txt,medium,AD 1 local label without postcolonial eponyms.,false
location,chott_ech_chergui,ksour_province,land,Gaetuli Saharan Atlas Cedar Foothills,local geography / sourced AD 1 parent frame / English,ancient-parent local-feature construction,GEO-PROXY;installed:in_game/map_data/location_templates.txt,medium,AD 1 local label without postcolonial eponyms.,false
location,chott_el_djerid,djerid_province,land,Capsian Gafsa Oases Hazel Downs,local geography / sourced AD 1 parent frame / English,ancient-parent local-feature construction,GEO-PROXY;installed:in_game/map_data/location_templates.txt,medium,AD 1 local label without postcolonial eponyms.,false
location,chott_el_gharsah,djerid_province,land,Capsian Gafsa Oases Basalt Scrub,local geography / sourced AD 1 parent frame / English,ancient-parent local-feature construction,GEO-PROXY;installed:in_game/map_data/location_templates.txt,medium,AD 1 local label without postcolonial eponyms.,false
location,chott_el_hodna,hodna_province,land,Numidian Gaetulian Musulamian Flint Escarpment,local geography / sourced AD 1 parent frame / English,ancient-parent local-feature construction,GEO-PROXY;installed:in_game/map_data/location_templates.txt,medium,AD 1 local label without postcolonial eponyms.,false
location,chott_melrhir,aures_province,land,Aurasion Gaetulian Musulamian Willow Fields,local geography / sourced AD 1 parent frame / English,ancient-parent local-feature construction,GEO-PROXY;installed:in_game/map_data/location_templates.txt,medium,AD 1 local label without postcolonial eponyms.,false
location,chott_tinsilt,baghai_province,land,Massylian Aurasion Africa Birch Downs,local geography / sourced AD 1 parent frame / English,ancient-parent local-feature construction,GEO-PROXY;installed:in_game/map_data/location_templates.txt,medium,AD 1 local label without postcolonial eponyms.,false
location,chowanoke,roanoke_province,land,Algonquian Chowan Roanoke Amber Savanna,local geography / sourced AD 1 parent frame / English,ancient-parent local-feature construction,GEO-PROXY;installed:in_game/map_data/location_templates.txt,medium,AD 1 local label without postcolonial eponyms.,false
location,choyrin_datsan,choyr_province,land,Gobi Xiongnu Pastures Cypress Escarpment,local geography / sourced AD 1 parent frame / English,ancient-parent local-feature construction,GEO-PROXY;installed:in_game/map_data/location_templates.txt,medium,AD 1 local label without postcolonial eponyms.,false
location,christmas_island,christmas_island_province,land,Northwestern Monsoon-Sea Island,local geography / sourced AD 1 parent frame / English,ancient-parent local-feature construction,GEO-PROXY;installed:in_game/map_data/location_templates.txt,medium,AD 1 local label without postcolonial eponyms.,false
location,christmas_island_shore,christmas_island_coast_province,sea,Monsoon Sahul Timor Leeward Passage,local geography / sourced AD 1 parent frame / English,ancient-parent local-feature construction,GEO-PROXY;installed:in_game/map_data/location_templates.txt,medium,AD 1 local label without postcolonial eponyms.,false
location,chrudim,chrudimsko_province,land,Bohemian Marcomanni Marcomannia Amber Fields,local geography / sourced AD 1 parent frame / English,ancient-parent local-feature construction,GEO-PROXY;installed:in_game/map_data/location_templates.txt,medium,AD 1 local label without postcolonial eponyms.,false
location,chrzanow,krakow_province,land,Przeworsk Vistula Krakow Heather Barrens,local geography / sourced AD 1 parent frame / English,ancient-parent local-feature construction,GEO-PROXY;installed:in_game/map_data/location_templates.txt,medium,AD 1 local label without postcolonial eponyms.,false
location,chu_yang_sin_mountains,southern_highland_province,land,Sa Huynh Mekong Karst Ridge,local geography / sourced AD 1 parent frame / English,ancient-parent local-feature construction,GEO-PROXY;installed:in_game/map_data/location_templates.txt,medium,AD 1 local label without postcolonial eponyms.,false
location,chuainisin,yaghan_province,land,Onashaga Navarino Canoe Flint Foothills,local geography / sourced AD 1 parent frame / English,ancient-parent local-feature construction,GEO-PROXY;installed:in_game/map_data/location_templates.txt,medium,AD 1 local label without postcolonial eponyms.,false
location,chuanzhou,chaoyang_province,land,Liaoxi Wuhuan Dai Amber Breaks,local geography / sourced AD 1 parent frame / English,ancient-parent local-feature construction,GEO-PROXY;installed:in_game/map_data/location_templates.txt,medium,AD 1 local label without postcolonial eponyms.,false
location,chuapa,chuapa_province,land,Tshuapa Fimi Rainforest Amber Ridge,local geography / sourced AD 1 parent frame / English,ancient-parent local-feature construction,GEO-PROXY;installed:in_game/map_data/location_templates.txt,medium,AD 1 local label without postcolonial eponyms.,false
location,chuathbaluk,deg_xitan_province,land,Kuskokwim–Kwiguk Woodlands,local geography / sourced AD 1 parent frame / English,ancient-parent local-feature construction,GEO-PROXY;installed:in_game/map_data/location_templates.txt,medium,AD 1 local label without postcolonial eponyms.,false
location,chucalissa,chucalissa_province,land,Hatchie Mississippi Pelisipi Heather Foothills,local geography / sourced AD 1 parent frame / English,ancient-parent local-feature construction,GEO-PROXY;installed:in_game/map_data/location_templates.txt,medium,AD 1 local label without postcolonial eponyms.,false
location,chuchures,panama_province,land,Cueva Darién Isthmian Basalt Breaks,local geography / sourced AD 1 parent frame / English,ancient-parent local-feature construction,GEO-PROXY;installed:in_game/map_data/location_templates.txt,medium,AD 1 local label without postcolonial eponyms.,false
location,chucuito,hatunqulla_province,land,Titicaca Qaluyu Pukara Reed Shelf,local geography / sourced AD 1 parent frame / English,ancient-parent local-feature construction,GEO-PROXY;installed:in_game/map_data/location_templates.txt,medium,AD 1 local label without postcolonial eponyms.,false
location,chucutitlan,coliman_province,land,Colima Shaft Tomb Palm Barrens,local geography / sourced AD 1 parent frame / English,ancient-parent local-feature construction,GEO-PROXY;installed:in_game/map_data/location_templates.txt,medium,AD 1 local label without postcolonial eponyms.,false
location,chudniv,zhytomyr_province,land,Zarubintsy Teteriv Sluch Amber Fields,local geography / sourced AD 1 parent frame / English,ancient-parent local-feature construction,GEO-PROXY;installed:in_game/map_data/location_templates.txt,medium,AD 1 local label without postcolonial eponyms.,false
location,chudovo,lopskaya_province,land,Neva Ilmen Late Pine Savanna,local geography / sourced AD 1 parent frame / English,ancient-parent local-feature construction,GEO-PROXY;installed:in_game/map_data/location_templates.txt,medium,AD 1 local label without postcolonial eponyms.,false
location,chugach_mtns,athna_province,land,Ahtna Copper Tanana Flint Shelf,local geography / sourced AD 1 parent frame / English,ancient-parent local-feature construction,GEO-PROXY;installed:in_game/map_data/location_templates.txt,medium,AD 1 local label without postcolonial eponyms.,false
location,chuhuiv,donetsk_province,land,Donets Vorskla Sarmatian Basalt Heath,local geography / sourced AD 1 parent frame / English,ancient-parent local-feature construction,GEO-PROXY;installed:in_game/map_data/location_templates.txt,medium,AD 1 local label without postcolonial eponyms.,false
location,chukchi_sea,pacific_north_province,sea,beyond Serica Great Shallow Shoals,local geography / sourced AD 1 parent frame / English,ancient-parent local-feature construction,GEO-PROXY;installed:in_game/map_data/location_templates.txt,medium,AD 1 local label without postcolonial eponyms.,false
location,chukhloma,galich_province,land,Galich Volga Dyakovo Oak Hollow,local geography / sourced AD 1 parent frame / English,ancient-parent local-feature construction,GEO-PROXY;installed:in_game/map_data/location_templates.txt,medium,AD 1 local label without postcolonial eponyms.,false
location,chullac,ica_province,land,Nazca Paracas Ica Cedar Ridge,local geography / sourced AD 1 parent frame / English,ancient-parent local-feature construction,GEO-PROXY;installed:in_game/map_data/location_templates.txt,medium,AD 1 local label without postcolonial eponyms.,false
location,chuluutyn,upper_selenga_province,land,Xiongnu Ider Chuluut Birch Terraces,local geography / sourced AD 1 parent frame / English,ancient-parent local-feature construction,GEO-PROXY;installed:in_game/map_data/location_templates.txt,medium,AD 1 local label without postcolonial eponyms.,false
location,chumash_ranges,chumash_province,land,Limuw Tuqan Great Flint Ridge,local geography / sourced AD 1 parent frame / English,ancient-parent local-feature construction,GEO-PROXY;installed:in_game/map_data/location_templates.txt,medium,AD 1 local label without postcolonial eponyms.,false
location,chumawi_range,maidu_province,land,Feather Pit Great Sandstone Foothills,local geography / sourced AD 1 parent frame / English,ancient-parent local-feature construction,GEO-PROXY;installed:in_game/map_data/location_templates.txt,medium,AD 1 local label without postcolonial eponyms.,false
location,chumbivilcas,acamama_province,land,Cusco Chanapata Yunga Limestone Terraces,local geography / sourced AD 1 parent frame / English,ancient-parent local-feature construction,GEO-PROXY;installed:in_game/map_data/location_templates.txt,medium,AD 1 local label without postcolonial eponyms.,false
location,chumdo,poyul_province,land,Pome Brahmaputra Qiangic Lava Piedmont,local geography / sourced AD 1 parent frame / English,ancient-parent local-feature construction,GEO-PROXY;installed:in_game/map_data/location_templates.txt,medium,AD 1 local label without postcolonial eponyms.,false
location,chumikan,chumikan_province,land,Uda Maya Taiga Cedar Breaks,local geography / sourced AD 1 parent frame / English,ancient-parent local-feature construction,GEO-PROXY;installed:in_game/map_data/location_templates.txt,medium,AD 1 local label without postcolonial eponyms.,false
location,chumnungwa,mzingwane_province,land,Mzingwane Limpopo Shashe Elm Breaks,local geography / sourced AD 1 parent frame / English,ancient-parent local-feature construction,GEO-PROXY;installed:in_game/map_data/location_templates.txt,medium,AD 1 local label without postcolonial eponyms.,false
location,chumphon,phetchaburi_province,land,Mae Klong Phetchaburi Peat Barrens,local geography / sourced AD 1 parent frame / English,ancient-parent local-feature construction,GEO-PROXY;installed:in_game/map_data/location_templates.txt,medium,AD 1 local label without postcolonial eponyms.,false
location,chumphon_archipelago,ayodhya_coast_sea_province,sea,Chryse Chersonesus Kra Islandward Bight,local geography / sourced AD 1 parent frame / English,ancient-parent local-feature construction,GEO-PROXY;installed:in_game/map_data/location_templates.txt,medium,AD 1 local label without postcolonial eponyms.,false
location,chumphon_bay,ayodhya_coast_sea_province,sea,Chryse Chersonesus Kra Pelagic Strait,local geography / sourced AD 1 parent frame / English,ancient-parent local-feature construction,GEO-PROXY;installed:in_game/map_data/location_templates.txt,medium,AD 1 local label without postcolonial eponyms.,false
location,chumuch,kuelap_province,land,Utcubamba Early Intermediate Bracken Terraces,local geography / sourced AD 1 parent frame / English,ancient-parent local-feature construction,GEO-PROXY;installed:in_game/map_data/location_templates.txt,medium,AD 1 local label without postcolonial eponyms.,false
location,chumyak,yendyr_province,lake,Chum'yak Lake,local geography / sourced AD 1 parent frame / English,ancient-parent local-feature construction,GEO-PROXY;installed:in_game/map_data/location_templates.txt,medium,AD 1 local label without postcolonial eponyms.,false
location,chunan,yanzhou_province,land,Fuchun Xin an Karst Shelf,local geography / sourced AD 1 parent frame / English,ancient-parent local-feature construction,GEO-PROXY;installed:in_game/map_data/location_templates.txt,medium,AD 1 local label without postcolonial eponyms.,false
location,chunar,varanasi_province,land,Varanasi Kashi Malla Cypress Reach,local geography / sourced AD 1 parent frame / English,ancient-parent local-feature construction,GEO-PROXY;installed:in_game/map_data/location_templates.txt,medium,AD 1 local label without postcolonial eponyms.,false
location,chundzha,ilibalyk_province,land,Wusun Ili Charyn Birch Savanna,local geography / sourced AD 1 parent frame / English,ancient-parent local-feature construction,GEO-PROXY;installed:in_game/map_data/location_templates.txt,medium,AD 1 local label without postcolonial eponyms.,false
location,chungju,chungju_province,land,Mahan Han Samhan Reed Heath,local geography / sourced AD 1 parent frame / English,ancient-parent local-feature construction,GEO-PROXY;installed:in_game/map_data/location_templates.txt,medium,AD 1 local label without postcolonial eponyms.,false
location,chungu,bangweulu_province,land,Bangweulu Luapula Wetlands Heather Savanna,local geography / sourced AD 1 parent frame / English,ancient-parent local-feature construction,GEO-PROXY;installed:in_game/map_data/location_templates.txt,medium,AD 1 local label without postcolonial eponyms.,false
location,chunhua,binzhou_shaanxi_province,land,Beidi Jing Valley Juniper Breaks,local geography / sourced AD 1 parent frame / English,ancient-parent local-feature construction,GEO-PROXY;installed:in_game/map_data/location_templates.txt,medium,AD 1 local label without postcolonial eponyms.,false
location,chunju,chuncheon_province,land,Yemaek Han Soyang Spruce Hollow,local geography / sourced AD 1 parent frame / English,ancient-parent local-feature construction,GEO-PROXY;installed:in_game/map_data/location_templates.txt,medium,AD 1 local label without postcolonial eponyms.,false
location,chunkara_mountains,kanamarca_province,land,Canas Canchis Pukara Flint Piedmont,local geography / sourced AD 1 parent frame / English,ancient-parent local-feature construction,GEO-PROXY;installed:in_game/map_data/location_templates.txt,medium,AD 1 local label without postcolonial eponyms.,false
location,chunoyar,manzaya_province,land,Chuna Angara Taiga Loess Springhead,local geography / sourced AD 1 parent frame / English,ancient-parent local-feature construction,GEO-PROXY;installed:in_game/map_data/location_templates.txt,medium,AD 1 local label without postcolonial eponyms.,false
location,chunsua,chunsa_province,land,Bogotá Herrera Magdalena Salt Shelf,local geography / sourced AD 1 parent frame / English,ancient-parent local-feature construction,GEO-PROXY;installed:in_game/map_data/location_templates.txt,medium,AD 1 local label without postcolonial eponyms.,false
location,chupanga,lower_zambezi_province,land,Zambezi Middle Iron Loess Moor,local geography / sourced AD 1 parent frame / English,ancient-parent local-feature construction,GEO-PROXY;installed:in_game/map_data/location_templates.txt,medium,AD 1 local label without postcolonial eponyms.,false
location,chupilta,macaclita_province,land,Salinas Grandes Dulce Sage Meadow,local geography / sourced AD 1 parent frame / English,ancient-parent local-feature construction,GEO-PROXY;installed:in_game/map_data/location_templates.txt,medium,AD 1 local label without postcolonial eponyms.,false
location,chuqiu,caozhou_province,land,Jiyin Qi Lu Juniper Thicket,local geography / sourced AD 1 parent frame / English,ancient-parent local-feature construction,GEO-PROXY;installed:in_game/map_data/location_templates.txt,medium,AD 1 local label without postcolonial eponyms.,false
location,chuqiyapu,tiwanaku_province,land,Tiwanaku Katari Heartland Willow Springhead,local geography / sourced AD 1 parent frame / English,ancient-parent local-feature construction,GEO-PROXY;installed:in_game/map_data/location_templates.txt,medium,AD 1 local label without postcolonial eponyms.,false
location,chuqlluqucha,ica_province,land,Nazca Paracas Ica Sage Shelf,local geography / sourced AD 1 parent frame / English,ancient-parent local-feature construction,GEO-PROXY;installed:in_game/map_data/location_templates.txt,medium,AD 1 local label without postcolonial eponyms.,false
location,chur,graubunden_province,land,Raeti Curia Lepontine Birch Ridge,local geography / sourced AD 1 parent frame / English,ancient-parent local-feature construction,GEO-PROXY;installed:in_game/map_data/location_templates.txt,medium,AD 1 local label without postcolonial eponyms.,false
location,churajon,puquina_province,land,Arequipa Moquegua Valleys Oak Moor,local geography / sourced AD 1 parent frame / English,ancient-parent local-feature construction,GEO-PROXY;installed:in_game/map_data/location_templates.txt,medium,AD 1 local label without postcolonial eponyms.,false
location,churapcha,tatta_province,land,Çurapçii Lands,local geography / sourced AD 1 parent frame / English,ancient-parent local-feature construction,GEO-PROXY;installed:in_game/map_data/location_templates.txt,medium,AD 1 local label without postcolonial eponyms.,false
location,churchill_lake,sakitawahk_province,lake,Taltheilei Northern Mere,local geography / sourced AD 1 parent frame / English,ancient-parent local-feature construction,GEO-PROXY;installed:in_game/map_data/location_templates.txt,medium,AD 1 local label without postcolonial eponyms.,false
location,churchill_river_upland,numaykoos_province,land,Laurel Missinipi–Reindeer Open Country,local geography / sourced AD 1 parent frame / English,ancient-parent local-feature construction,GEO-PROXY;installed:in_game/map_data/location_templates.txt,medium,AD 1 local label without postcolonial eponyms.,false
location,churchill_shoal,keewatin_sea_zones_province,sea,Inland-Sea,local geography / sourced AD 1 parent frame / English,ancient-parent local-feature construction,GEO-PROXY;installed:in_game/map_data/location_templates.txt,medium,AD 1 local label without postcolonial eponyms.,false
location,churkampa,wari_willka_province,land,Mantaro Churcampa Recuay Salt Glen,local geography / sourced AD 1 parent frame / English,ancient-parent local-feature construction,GEO-PROXY;installed:in_game/map_data/location_templates.txt,medium,AD 1 local label without postcolonial eponyms.,false
location,churu,jangladesh,land,Ghaggar Hakra March Flint Moor,local geography / sourced AD 1 parent frame / English,ancient-parent local-feature construction,GEO-PROXY;installed:in_game/map_data/location_templates.txt,medium,AD 1 local label without postcolonial eponyms.,false
location,churumekua,cuitzeo_province,land,Chupícuaro Cuitzeo Shaft Peat Bench,local geography / sourced AD 1 parent frame / English,ancient-parent local-feature construction,GEO-PROXY;installed:in_game/map_data/location_templates.txt,medium,AD 1 local label without postcolonial eponyms.,false
location,chuuk,chuuk_province,land,Pohnpei Isles Oceanic Basalt Hollow,local geography / sourced AD 1 parent frame / English,ancient-parent local-feature construction,GEO-PROXY;installed:in_game/map_data/location_templates.txt,medium,AD 1 local label without postcolonial eponyms.,false
location,chuuk_coast_2,chuuk_sea_zones_province,sea,Pohnpei Oceanic Archipelagos Windward Fairway,local geography / sourced AD 1 parent frame / English,ancient-parent local-feature construction,GEO-PROXY;installed:in_game/map_data/location_templates.txt,medium,AD 1 local label without postcolonial eponyms.,false
location,chuuk_high_sea_1,chuuk_sea_zones_province,sea,Pohnpei Oceanic Archipelagos Saltwind Anchorage,local geography / sourced AD 1 parent frame / English,ancient-parent local-feature construction,GEO-PROXY;installed:in_game/map_data/location_templates.txt,medium,AD 1 local label without postcolonial eponyms.,false
location,chuuk_high_sea_2,chuuk_sea_zones_province,sea,Pohnpei Oceanic Archipelagos Pearl Anchorage,local geography / sourced AD 1 parent frame / English,ancient-parent local-feature construction,GEO-PROXY;installed:in_game/map_data/location_templates.txt,medium,AD 1 local label without postcolonial eponyms.,false
location,chuuk_high_sea_3,chuuk_sea_zones_province,sea,Pohnpei Oceanic Archipelagos Tidal Bight,local geography / sourced AD 1 parent frame / English,ancient-parent local-feature construction,GEO-PROXY;installed:in_game/map_data/location_templates.txt,medium,AD 1 local label without postcolonial eponyms.,false
location,chuuk_high_sea_4,chuuk_sea_zones_province,sea,Pohnpei Oceanic Archipelagos Sheltered Approaches,local geography / sourced AD 1 parent frame / English,ancient-parent local-feature construction,GEO-PROXY;installed:in_game/map_data/location_templates.txt,medium,AD 1 local label without postcolonial eponyms.,false
location,chuuk_high_sea_5,chuuk_sea_zones_province,sea,Pohnpei Oceanic Archipelagos Islandward Swell,local geography / sourced AD 1 parent frame / English,ancient-parent local-feature construction,GEO-PROXY;installed:in_game/map_data/location_templates.txt,medium,AD 1 local label without postcolonial eponyms.,false
location,chuuk_lagoon,chuuk_province,land,Pohnpei Isles Oceanic Chalk Meadow,local geography / sourced AD 1 parent frame / English,ancient-parent local-feature construction,GEO-PROXY;installed:in_game/map_data/location_templates.txt,medium,AD 1 local label without postcolonial eponyms.,false
location,chuva,bratsk_province,land,Middle Angara Taiga Bracken Downs,local geography / sourced AD 1 parent frame / English,ancient-parent local-feature construction,GEO-PROXY;installed:in_game/map_data/location_templates.txt,medium,AD 1 local label without postcolonial eponyms.,false
location,chuvan1,south_chuvan_province,land,Northwestern Chaun–Anadyr Arctic Plain,local geography / sourced AD 1 parent frame / English,ancient-parent local-feature construction,GEO-PROXY;installed:in_game/map_data/location_templates.txt,medium,AD 1 local label without postcolonial eponyms.,false
location,chuvan2,south_chuvan_province,land,Northwestern Foothill Chaun–Anadyr Arctic Plain,local geography / sourced AD 1 parent frame / English,ancient-parent local-feature construction,GEO-PROXY;installed:in_game/map_data/location_templates.txt,medium,AD 1 local label without postcolonial eponyms.,false
location,chuvan3,south_chuvan_province,land,Northwestern Lowland Chaun–Anadyr Arctic,local geography / sourced AD 1 parent frame / English,ancient-parent local-feature construction,GEO-PROXY;installed:in_game/map_data/location_templates.txt,medium,AD 1 local label without postcolonial eponyms.,false
location,chuvan_upplands1,south_chuvan_province,land,Chaun Anadyr Arctic Flint Terraces,local geography / sourced AD 1 parent frame / English,ancient-parent local-feature construction,GEO-PROXY;installed:in_game/map_data/location_templates.txt,medium,AD 1 local label without postcolonial eponyms.,false
location,chuvan_upplands2,south_chuvan_province,land,Chaun Anadyr Arctic Lava Ridge,local geography / sourced AD 1 parent frame / English,ancient-parent local-feature construction,GEO-PROXY;installed:in_game/map_data/location_templates.txt,medium,AD 1 local label without postcolonial eponyms.,false
location,chuwalee,kaskinampo_province,land,Sequatchie Tennessee Pelisipi Fern Barrens,local geography / sourced AD 1 parent frame / English,ancient-parent local-feature construction,GEO-PROXY;installed:in_game/map_data/location_templates.txt,medium,AD 1 local label without postcolonial eponyms.,false
location,chuwi,chuwi_province,land,Mizque Pilcomayo Andean Cedar Fields,local geography / sourced AD 1 parent frame / English,ancient-parent local-feature construction,GEO-PROXY;installed:in_game/map_data/location_templates.txt,medium,AD 1 local label without postcolonial eponyms.,false
location,chuy,taquari_province,land,Mirim Jaguarao Grasslands Sage Ridge,local geography / sourced AD 1 parent frame / English,ancient-parent local-feature construction,GEO-PROXY;installed:in_game/map_data/location_templates.txt,medium,AD 1 local label without postcolonial eponyms.,false
location,chuya,vitim_province,land,Vitim Lena Hunting Loess Moor,local geography / sourced AD 1 parent frame / English,ancient-parent local-feature construction,GEO-PROXY;installed:in_game/map_data/location_templates.txt,medium,AD 1 local label without postcolonial eponyms.,false
location,chuyapi_jungle,yunca_province,land,Chanapata Vilcabamba Urubamba Birch Heath,local geography / sourced AD 1 parent frame / English,ancient-parent local-feature construction,GEO-PROXY;installed:in_game/map_data/location_templates.txt,medium,AD 1 local label without postcolonial eponyms.,false
location,chuzboy,beloozero_province,land,Beloye Sheksna Dyakovo Chalk Glen,local geography / sourced AD 1 parent frame / English,ancient-parent local-feature construction,GEO-PROXY;installed:in_game/map_data/location_templates.txt,medium,AD 1 local label without postcolonial eponyms.,false
location,chyhyryn,cherkasy_province,land,Middle Dnieper Zarubintsy Reed Barrens,local geography / sourced AD 1 parent frame / English,ancient-parent local-feature construction,GEO-PROXY;installed:in_game/map_data/location_templates.txt,medium,AD 1 local label without postcolonial eponyms.,false
location,chyliga,nelgehe_province,land,Çiilgaa Lands,local geography / sourced AD 1 parent frame / English,ancient-parent local-feature construction,GEO-PROXY;installed:in_game/map_data/location_templates.txt,medium,AD 1 local label without postcolonial eponyms.,false
location,chymnaii,khandyga_province,land,Aldan Khandyga Taiga Willow Fields,local geography / sourced AD 1 parent frame / English,ancient-parent local-feature construction,GEO-PROXY;installed:in_game/map_data/location_templates.txt,medium,AD 1 local label without postcolonial eponyms.,false
location,chyormoz,karagay_province,land,Kama Inva Pyanobor Palm Ridge,local geography / sourced AD 1 parent frame / English,ancient-parent local-feature construction,GEO-PROXY;installed:in_game/map_data/location_templates.txt,medium,AD 1 local label without postcolonial eponyms.,false
location,chyorny_yar,chyorny_yar_province,land,Rha Caspian Aorsi Cypress Savanna,local geography / sourced AD 1 parent frame / English,ancient-parent local-feature construction,GEO-PROXY;installed:in_game/map_data/location_templates.txt,medium,AD 1 local label without postcolonial eponyms.,false
location,ciaike,aonikenk_province,land,Aónikenk Steppe Kawésqar Granite Moor,local geography / sourced AD 1 parent frame / English,ancient-parent local-feature construction,GEO-PROXY;installed:in_game/map_data/location_templates.txt,medium,AD 1 local label without postcolonial eponyms.,false
location,cianjur,banten_province,land,Sunda Pakuan Iabadiou Grass Savanna,local geography / sourced AD 1 parent frame / English,ancient-parent local-feature construction,GEO-PROXY;installed:in_game/map_data/location_templates.txt,medium,AD 1 local label without postcolonial eponyms.,false
location,cibadak,kawali_province,land,Priangan Cimanuk Metal Willow Terraces,local geography / sourced AD 1 parent frame / English,ancient-parent local-feature construction,GEO-PROXY;installed:in_game/map_data/location_templates.txt,medium,AD 1 local label without postcolonial eponyms.,false
location,cibagalaax,shoromba_province,land,Indigirka Moma Hunting Limestone Shelf,local geography / sourced AD 1 parent frame / English,ancient-parent local-feature construction,GEO-PROXY;installed:in_game/map_data/location_templates.txt,medium,AD 1 local label without postcolonial eponyms.,false
location,cibal,flores_province,land,Flores Sikka Bali Sage Thicket,local geography / sourced AD 1 parent frame / English,ancient-parent local-feature construction,GEO-PROXY;installed:in_game/map_data/location_templates.txt,medium,AD 1 local label without postcolonial eponyms.,false
location,cibao,maguana_province,land,Ayiti Kiskeya Saladoid Cedar Terraces,local geography / sourced AD 1 parent frame / English,ancient-parent local-feature construction,GEO-PROXY;installed:in_game/map_data/location_templates.txt,medium,AD 1 local label without postcolonial eponyms.,false
location,cibuaya,cirebon_province,land,Citarum Cimanuk Buni Fern Reach,local geography / sourced AD 1 parent frame / English,ancient-parent local-feature construction,GEO-PROXY;installed:in_game/map_data/location_templates.txt,medium,AD 1 local label without postcolonial eponyms.,false
location,cicia,vanua_levu_province,land,Lapita Descended Lau Palm Downs,local geography / sourced AD 1 parent frame / English,ancient-parent local-feature construction,GEO-PROXY;installed:in_game/map_data/location_templates.txt,medium,AD 1 local label without postcolonial eponyms.,false
location,ciechanow,ciechanow_province,land,Vistula Narew Przeworsk Oak Glen,local geography / sourced AD 1 parent frame / English,ancient-parent local-feature construction,GEO-PROXY;installed:in_game/map_data/location_templates.txt,medium,AD 1 local label without postcolonial eponyms.,false
location,cienfuegos_bay,south_cuba_coast,sea,Saladoid Canarreos Cuban Reefward Crossing,local geography / sourced AD 1 parent frame / English,ancient-parent local-feature construction,GEO-PROXY;installed:in_game/map_data/location_templates.txt,medium,AD 1 local label without postcolonial eponyms.,false
location,cieza,hellin_province,land,Bastetani Segura Bastetania Limestone Thicket,local geography / sourced AD 1 parent frame / English,ancient-parent local-feature construction,GEO-PROXY;installed:in_game/map_data/location_templates.txt,medium,AD 1 local label without postcolonial eponyms.,false
location,ciguayo,magua_province,land,Cibao Saladoid Greater Limestone Terraces,local geography / sourced AD 1 parent frame / English,ancient-parent local-feature construction,GEO-PROXY;installed:in_game/map_data/location_templates.txt,medium,AD 1 local label without postcolonial eponyms.,false
location,cihuatlan,cihuatlan_province,land,Balsas–Ocean Late,local geography / sourced AD 1 parent frame / English,ancient-parent local-feature construction,GEO-PROXY;installed:in_game/map_data/location_templates.txt,medium,AD 1 local label without postcolonial eponyms.,false
location,cikakw_sipi,nistassinan_province,land,Tapiskwan Ottawa Mistassini Fern Terraces,local geography / sourced AD 1 parent frame / English,ancient-parent local-feature construction,GEO-PROXY;installed:in_game/map_data/location_templates.txt,medium,AD 1 local label without postcolonial eponyms.,false
location,cili,lizhou_province,land,Wuling Li Jiangnan Spruce Heath,local geography / sourced AD 1 parent frame / English,ancient-parent local-feature construction,GEO-PROXY;installed:in_game/map_data/location_templates.txt,medium,AD 1 local label without postcolonial eponyms.,false
location,cimanuk,cirebon_province,land,Citarum Buni Iabadiou Basalt Bench,local geography / sourced AD 1 parent frame / English,ancient-parent local-feature construction,GEO-PROXY;installed:in_game/map_data/location_templates.txt,medium,AD 1 local label without postcolonial eponyms.,false
location,cincu,kiralyfold_province,land,Dacian Olt Cibin Elm Bench,local geography / sourced AD 1 parent frame / English,ancient-parent local-feature construction,GEO-PROXY;installed:in_game/map_data/location_templates.txt,medium,AD 1 local label without postcolonial eponyms.,false
location,cine,aydin_province,land,Maeander Ionia Caria Spruce Bench,local geography / sourced AD 1 parent frame / English,ancient-parent local-feature construction,GEO-PROXY;installed:in_game/map_data/location_templates.txt,medium,AD 1 local label without postcolonial eponyms.,false
location,circassian_coast,matrega_coast_sea_province,sea,Bosporan Maeotian Pontic Monsoon Fairway,local geography / sourced AD 1 parent frame / English,ancient-parent local-feature construction,GEO-PROXY;installed:in_game/map_data/location_templates.txt,medium,AD 1 local label without postcolonial eponyms.,false
location,circle,gwichin_province,land,Western Lowland Porcupine–Kwiguk Athabascan,local geography / sourced AD 1 parent frame / English,ancient-parent local-feature construction,GEO-PROXY;installed:in_game/map_data/location_templates.txt,medium,AD 1 local label without postcolonial eponyms.,false
location,cirebon,cirebon_province,land,Citarum Cimanuk Buni Chalk Terraces,local geography / sourced AD 1 parent frame / English,ancient-parent local-feature construction,GEO-PROXY;installed:in_game/map_data/location_templates.txt,medium,AD 1 local label without postcolonial eponyms.,false
location,cirebon_bay,surabaya_coast_sea_province,sea,Iabadiou Yavadvipa Maritime Sheltered Bight,local geography / sourced AD 1 parent frame / English,ancient-parent local-feature construction,GEO-PROXY;installed:in_game/map_data/location_templates.txt,medium,AD 1 local label without postcolonial eponyms.,false
location,cirencester,gloucestershire_province,land,Dobunni Corinium Glevum Loess Fields,local geography / sourced AD 1 parent frame / English,ancient-parent local-feature construction,GEO-PROXY;installed:in_game/map_data/location_templates.txt,medium,AD 1 local label without postcolonial eponyms.,false
location,citara_mountains,kuna_province,land,Atrato Urabá Early Flint Piedmont,local geography / sourced AD 1 parent frame / English,ancient-parent local-feature construction,GEO-PROXY;installed:in_game/map_data/location_templates.txt,medium,AD 1 local label without postcolonial eponyms.,false
location,citlaltepetl_mountains,tepeyacac_province,land,Tehuacán Cholula Flint Pine Breaks,local geography / sourced AD 1 parent frame / English,ancient-parent local-feature construction,GEO-PROXY;installed:in_game/map_data/location_templates.txt,medium,AD 1 local label without postcolonial eponyms.,false
location,cittacastello,perugia_province,land,Città di Castello Lands,local geography / sourced AD 1 parent frame / English,ancient-parent local-feature construction,GEO-PROXY;installed:in_game/map_data/location_templates.txt,medium,AD 1 local label without postcolonial eponyms.,false
location,cittaducale,abruzzo_ultra_province,land,Città Ducale Lands,local geography / sourced AD 1 parent frame / English,ancient-parent local-feature construction,GEO-PROXY;installed:in_game/map_data/location_templates.txt,medium,AD 1 local label without postcolonial eponyms.,false
location,ciudad_real,west_mancha_province,land,Sisapo Oretanian Mining Granite Barrens,local geography / sourced AD 1 parent frame / English,ancient-parent local-feature construction,GEO-PROXY;installed:in_game/map_data/location_templates.txt,medium,AD 1 local label without postcolonial eponyms.,false
location,ciudad_rodrigo,ciudad_rodrigo_province,land,Vettones Cuda Tagus Heather Downs,local geography / sourced AD 1 parent frame / English,ancient-parent local-feature construction,GEO-PROXY;installed:in_game/map_data/location_templates.txt,medium,AD 1 local label without postcolonial eponyms.,false
location,ciudadela_de_menorca,mallorca_province,land,Ciutadella Lands,local geography / sourced AD 1 parent frame / English,ancient-parent local-feature construction,GEO-PROXY;installed:in_game/map_data/location_templates.txt,medium,AD 1 local label without postcolonial eponyms.,false
location,cividale,friuli_province,land,Aquileia Carni Venetia Granite Piedmont,local geography / sourced AD 1 parent frame / English,ancient-parent local-feature construction,GEO-PROXY;installed:in_game/map_data/location_templates.txt,medium,AD 1 local label without postcolonial eponyms.,false
location,civitavecchia,patrimonio_province,land,Tarquinii Volsinii Etruria Sandstone Hollow,local geography / sourced AD 1 parent frame / English,ancient-parent local-feature construction,GEO-PROXY;installed:in_game/map_data/location_templates.txt,medium,AD 1 local label without postcolonial eponyms.,false
location,ciwat,ciwat_province,land,Calcasieu Mermentau Tchefuncte Spruce Thicket,local geography / sourced AD 1 parent frame / English,ancient-parent local-feature construction,GEO-PROXY;installed:in_game/map_data/location_templates.txt,medium,AD 1 local label without postcolonial eponyms.,false
location,cixi,ningbo_province,land,Yin Gouzhang Kuaiji Peat Glen,local geography / sourced AD 1 parent frame / English,ancient-parent local-feature construction,GEO-PROXY;installed:in_game/map_data/location_templates.txt,medium,AD 1 local label without postcolonial eponyms.,false
location,cizre,nusaybin_province,land,Nisibis Mygdonia Osrhoene Elm Meadow,local geography / sourced AD 1 parent frame / English,ancient-parent local-feature construction,GEO-PROXY;installed:in_game/map_data/location_templates.txt,medium,AD 1 local label without postcolonial eponyms.,false
location,ckara_ama,tarapaca_province,land,Arica Tarapacá Coast Cypress Terraces,local geography / sourced AD 1 parent frame / English,ancient-parent local-feature construction,GEO-PROXY;installed:in_game/map_data/location_templates.txt,medium,AD 1 local label without postcolonial eponyms.,false
location,clackmannan,perthshire_province,land,Caledonii Tay Earn Flint Breaks,local geography / sourced AD 1 parent frame / English,ancient-parent local-feature construction,GEO-PROXY;installed:in_game/map_data/location_templates.txt,medium,AD 1 local label without postcolonial eponyms.,false
location,clarence_forest,kawesqar_province,land,Patagonian Channel,local geography / sourced AD 1 parent frame / English,ancient-parent local-feature construction,GEO-PROXY;installed:in_game/map_data/location_templates.txt,medium,AD 1 local label without postcolonial eponyms.,false
location,clarence_gulf,kavagmiut_coast_sea_zones_province,sea,Qikiqtaġruk Peninsula–Unaliq Sea,local geography / sourced AD 1 parent frame / English,ancient-parent local-feature construction,GEO-PROXY;installed:in_game/map_data/location_templates.txt,medium,AD 1 local label without postcolonial eponyms.,false
location,clark_point,southern_lake_huron_province,sea,Saginaw–Manitoulin Sea,local geography / sourced AD 1 parent frame / English,ancient-parent local-feature construction,GEO-PROXY;installed:in_game/map_data/location_templates.txt,medium,AD 1 local label without postcolonial eponyms.,false
location,clermont,lower_auvergne_province,land,Arverni Augustonemetum Gallia Palm Savanna,local geography / sourced AD 1 parent frame / English,ancient-parent local-feature construction,GEO-PROXY;installed:in_game/map_data/location_templates.txt,medium,AD 1 local label without postcolonial eponyms.,false
location,clermont_en_argonne,barrois_province,land,Leuci Mediomatrici Gallia Peat Glen,local geography / sourced AD 1 parent frame / English,ancient-parent local-feature construction,GEO-PROXY;installed:in_game/map_data/location_templates.txt,medium,AD 1 local label without postcolonial eponyms.,false
location,clermont_en_beauvaisis,beauvaisis_province,land,Bellovaci Silvanectes Parisii Cypress Springhead,local geography / sourced AD 1 parent frame / English,ancient-parent local-feature construction,GEO-PROXY;installed:in_game/map_data/location_templates.txt,medium,AD 1 local label without postcolonial eponyms.,false
location,cles,trentino_province,land,Raeti Tridentum Athesis Pine Thicket,local geography / sourced AD 1 parent frame / English,ancient-parent local-feature construction,GEO-PROXY;installed:in_game/map_data/location_templates.txt,medium,AD 1 local label without postcolonial eponyms.,false
location,clew_bay,ulster_coastal_sea_zones_province,sea,Erdini Venicnii Donegal Windward Roads,local geography / sourced AD 1 parent frame / English,ancient-parent local-feature construction,GEO-PROXY;installed:in_game/map_data/location_templates.txt,medium,AD 1 local label without postcolonial eponyms.,false
location,clifden,galway_province,land,Annaghdown Lands,local geography / sourced AD 1 parent frame / English,ancient-parent local-feature construction,GEO-PROXY;installed:in_game/map_data/location_templates.txt,medium,AD 1 local label without postcolonial eponyms.,false
location,clock_mountains,khari_karoo_province,land,Karoo Tsitsikamma Pastoral Sandstone Bench,local geography / sourced AD 1 parent frame / English,ancient-parent local-feature construction,GEO-PROXY;installed:in_game/map_data/location_templates.txt,medium,AD 1 local label without postcolonial eponyms.,false
location,clogher,tyrone_province,land,Erdini Erne Tyrone Willow Thicket,local geography / sourced AD 1 parent frame / English,ancient-parent local-feature construction,GEO-PROXY;installed:in_game/map_data/location_templates.txt,medium,AD 1 local label without postcolonial eponyms.,false
location,clonmel,tipperary_province,land,Iverni Suir Shannon Peat Barrens,local geography / sourced AD 1 parent frame / English,ancient-parent local-feature construction,GEO-PROXY;installed:in_game/map_data/location_templates.txt,medium,AD 1 local label without postcolonial eponyms.,false
location,cloppenburg,emsland_province,land,Bructeri Ampsivarii Cherusci Palm Ridge,local geography / sourced AD 1 parent frame / English,ancient-parent local-feature construction,GEO-PROXY;installed:in_game/map_data/location_templates.txt,medium,AD 1 local label without postcolonial eponyms.,false
location,cluj,torda_province,land,Dacians Napoca Potaissa Peat Reach,local geography / sourced AD 1 parent frame / English,ancient-parent local-feature construction,GEO-PROXY;installed:in_game/map_data/location_templates.txt,medium,AD 1 local label without postcolonial eponyms.,false
location,clusone,bergamo_province,land,Cenomani Bergomum Insubres Reed Bench,local geography / sourced AD 1 parent frame / English,ancient-parent local-feature construction,GEO-PROXY;installed:in_game/map_data/location_templates.txt,medium,AD 1 local label without postcolonial eponyms.,false
location,clyde_firth,north_irish_sea_coastal_sea_zones_province,sea,Caledonian Hibernian Hibernicum Tidal Shoals,local geography / sourced AD 1 parent frame / English,ancient-parent local-feature construction,GEO-PROXY;installed:in_game/map_data/location_templates.txt,medium,AD 1 local label without postcolonial eponyms.,false
location,co_dang,thanh_hoa_province,land,Cổ Đằng Jiuzhen Commandery–Ma River,local geography / sourced AD 1 parent frame / English,ancient-parent local-feature construction,GEO-PROXY;installed:in_game/map_data/location_templates.txt,medium,AD 1 local label without postcolonial eponyms.,false
location,coacoachou,mecatina_province,land,Point Revenge Shore Sage Terraces,local geography / sourced AD 1 parent frame / English,ancient-parent local-feature construction,GEO-PROXY;installed:in_game/map_data/location_templates.txt,medium,AD 1 local label without postcolonial eponyms.,false
location,coahuayana,coliman_province,land,Colima Shaft Tomb Loess Moor,local geography / sourced AD 1 parent frame / English,ancient-parent local-feature construction,GEO-PROXY;installed:in_game/map_data/location_templates.txt,medium,AD 1 local label without postcolonial eponyms.,false
location,coahuayana_delta,pacific_mesoamerica_sea_zones_province,sea,Mixtec Colima Sunset Saltwind Sound,local geography / sourced AD 1 parent frame / English,ancient-parent local-feature construction,GEO-PROXY;installed:in_game/map_data/location_templates.txt,medium,AD 1 local label without postcolonial eponyms.,false
location,coast_adal,somalia_coast_sea_province,sea,Aromata Malao Azanian Shallow Passage,local geography / sourced AD 1 parent frame / English,ancient-parent local-feature construction,GEO-PROXY;installed:in_game/map_data/location_templates.txt,medium,AD 1 local label without postcolonial eponyms.,false
location,coast_aquitaine,gulf_of_gascony_province,sea,Aquitanian Oceanus Cantabricus Islandward Anchorage,local geography / sourced AD 1 parent frame / English,ancient-parent local-feature construction,GEO-PROXY;installed:in_game/map_data/location_templates.txt,medium,AD 1 local label without postcolonial eponyms.,false
location,coast_asturias,cantabrian_sea_province,sea,Asturian Cantabrian Oceanus Estuarine Fairway,local geography / sourced AD 1 parent frame / English,ancient-parent local-feature construction,GEO-PROXY;installed:in_game/map_data/location_templates.txt,medium,AD 1 local label without postcolonial eponyms.,false
location,coast_cephalonia,ionian_sea_province,sea,Ionios Pelagos Ionium Coral Strait,local geography / sourced AD 1 parent frame / English,ancient-parent local-feature construction,GEO-PROXY;installed:in_game/map_data/location_templates.txt,medium,AD 1 local label without postcolonial eponyms.,false
location,coast_corfu,otranto_coast_province,sea,Ionium Corcyra Tarentum Monsoon Strait,local geography / sourced AD 1 parent frame / English,ancient-parent local-feature construction,GEO-PROXY;installed:in_game/map_data/location_templates.txt,medium,AD 1 local label without postcolonial eponyms.,false
location,coast_crete,libyan_sea_province,sea,Libykon Pelagos Libycum Windward Strait,local geography / sourced AD 1 parent frame / English,ancient-parent local-feature construction,GEO-PROXY;installed:in_game/map_data/location_templates.txt,medium,AD 1 local label without postcolonial eponyms.,false
location,coast_cyrenaica,gulf_sirte_province,sea,Syrtis Maior Sicilian Tidal Seaway,local geography / sourced AD 1 parent frame / English,ancient-parent local-feature construction,GEO-PROXY;installed:in_game/map_data/location_templates.txt,medium,AD 1 local label without postcolonial eponyms.,false
location,coast_danakil,south_red_sea_province,sea,Sabaean Himyarite Bab Pelagic Bight,local geography / sourced AD 1 parent frame / English,ancient-parent local-feature construction,GEO-PROXY;installed:in_game/map_data/location_templates.txt,medium,AD 1 local label without postcolonial eponyms.,false
location,coast_gharb,gulf_cadiz_province,sea,Oceanus Gaditanus Lusitanicus Stormward Strait,local geography / sourced AD 1 parent frame / English,ancient-parent local-feature construction,GEO-PROXY;installed:in_game/map_data/location_templates.txt,medium,AD 1 local label without postcolonial eponyms.,false
location,coast_jeffara,gulf_gabes_province,sea,Syrtis Minor Sicilian Islandward Roads,local geography / sourced AD 1 parent frame / English,ancient-parent local-feature construction,GEO-PROXY;installed:in_game/map_data/location_templates.txt,medium,AD 1 local label without postcolonial eponyms.,false
location,coast_jubaland,muqdisho_coast_sea_province,sea,Azanian Banaadir Coastal Pelagic Sound,local geography / sourced AD 1 parent frame / English,ancient-parent local-feature construction,GEO-PROXY;installed:in_game/map_data/location_templates.txt,medium,AD 1 local label without postcolonial eponyms.,false
location,coast_languedoc,gulf_of_leon_province,sea,Sinus Gallicus Internum Leeward Bight,local geography / sourced AD 1 parent frame / English,ancient-parent local-feature construction,GEO-PROXY;installed:in_game/map_data/location_templates.txt,medium,AD 1 local label without postcolonial eponyms.,false
location,coast_lazio,tyrrhenian_sea_province,sea,Tyrrhenum Roma Neapolis Coral Seaway,local geography / sourced AD 1 parent frame / English,ancient-parent local-feature construction,GEO-PROXY;installed:in_game/map_data/location_templates.txt,medium,AD 1 local label without postcolonial eponyms.,false
location,coast_lebanon,levant_coast_sea_province,sea,Phoenician Coastal Syrian Saltwind Fairway,local geography / sourced AD 1 parent frame / English,ancient-parent local-feature construction,GEO-PROXY;installed:in_game/map_data/location_templates.txt,medium,AD 1 local label without postcolonial eponyms.,false
location,coast_marmarica,libyan_sea_province,sea,Libykon Pelagos Libycum Monsoon Offing,local geography / sourced AD 1 parent frame / English,ancient-parent local-feature construction,GEO-PROXY;installed:in_game/map_data/location_templates.txt,medium,AD 1 local label without postcolonial eponyms.,false
location,coast_of_cornouaille,gulf_of_gascony_province,sea,Aquitanian Oceanus Cantabricus Pelagic Shoals,local geography / sourced AD 1 parent frame / English,ancient-parent local-feature construction,GEO-PROXY;installed:in_game/map_data/location_templates.txt,medium,AD 1 local label without postcolonial eponyms.,false
location,coast_of_gaspe,saint_lawrence_coast_sea_zones_province,sea,Mi kmaq Wolastoqiyik Windward Fairway,local geography / sourced AD 1 parent frame / English,ancient-parent local-feature construction,GEO-PROXY;installed:in_game/map_data/location_templates.txt,medium,AD 1 local label without postcolonial eponyms.,false
location,coast_of_kurland,southeast_baltic_sea,sea,Aesti Venedi Baltic Estuarine Swell,local geography / sourced AD 1 parent frame / English,ancient-parent local-feature construction,GEO-PROXY;installed:in_game/map_data/location_templates.txt,medium,AD 1 local label without postcolonial eponyms.,false
location,coast_of_memel,southeast_baltic_sea,sea,Aesti Venedi Baltic Windward Sound,local geography / sourced AD 1 parent frame / English,ancient-parent local-feature construction,GEO-PROXY;installed:in_game/map_data/location_templates.txt,medium,AD 1 local label without postcolonial eponyms.,false
location,coast_of_osel,eastern_baltic_sea,sea,Sinus Venedicus Aestian Deepwater Seaway,local geography / sourced AD 1 parent frame / English,ancient-parent local-feature construction,GEO-PROXY;installed:in_game/map_data/location_templates.txt,medium,AD 1 local label without postcolonial eponyms.,false
location,coast_punt,majerteen_coast_sea_province,sea,Aromata Opone Barbaria Tidal Fairway,local geography / sourced AD 1 parent frame / English,ancient-parent local-feature construction,GEO-PROXY;installed:in_game/map_data/location_templates.txt,medium,AD 1 local label without postcolonial eponyms.,false
location,coast_sierra_maestra,windward_passage,sea,Ayiti Cubanacan Antillean Leeward Anchorage,local geography / sourced AD 1 parent frame / English,ancient-parent local-feature construction,GEO-PROXY;installed:in_game/map_data/location_templates.txt,medium,AD 1 local label without postcolonial eponyms.,false
location,coast_tamasna,gulf_cadiz_province,sea,Oceanus Gaditanus Lusitanicus Windward Offing,local geography / sourced AD 1 parent frame / English,ancient-parent local-feature construction,GEO-PROXY;installed:in_game/map_data/location_templates.txt,medium,AD 1 local label without postcolonial eponyms.,false
location,coast_tripolitania,gulf_gabes_province,sea,Syrtis Minor Sicilian Pelagic Shoals,local geography / sourced AD 1 parent frame / English,ancient-parent local-feature construction,GEO-PROXY;installed:in_game/map_data/location_templates.txt,medium,AD 1 local label without postcolonial eponyms.,false
location,coastal_libyan_desert1,fezzan_province,land,Garamantian Phazania Africa Salt Bench,local geography / sourced AD 1 parent frame / English,ancient-parent local-feature construction,GEO-PROXY;installed:in_game/map_data/location_templates.txt,medium,AD 1 local label without postcolonial eponyms.,false
location,coastal_libyan_desert2,east_fezzan_province,land,Garamantian Sahara Oases Flint Shelf,local geography / sourced AD 1 parent frame / English,ancient-parent local-feature construction,GEO-PROXY;installed:in_game/map_data/location_templates.txt,medium,AD 1 local label without postcolonial eponyms.,false
location,coastal_libyan_desert3,east_fezzan_province,land,Garamantian Sahara Oases Salt Downs,local geography / sourced AD 1 parent frame / English,ancient-parent local-feature construction,GEO-PROXY;installed:in_game/map_data/location_templates.txt,medium,AD 1 local label without postcolonial eponyms.,false
location,coastal_plain,levant_coast_sea_province,sea,Phoenician Syrian Syria Sheltered Channel,local geography / sourced AD 1 parent frame / English,ancient-parent local-feature construction,GEO-PROXY;installed:in_game/map_data/location_templates.txt,medium,AD 1 local label without postcolonial eponyms.,false
location,coaticook,megantic_province,land,Point Peninsula Kaniatarowanenneh Elm Terraces,local geography / sourced AD 1 parent frame / English,ancient-parent local-feature construction,GEO-PROXY;installed:in_game/map_data/location_templates.txt,medium,AD 1 local label without postcolonial eponyms.,false
location,coatlan,tututepec_province,land,Chatino Mixtec Tututepec Basalt Escarpment,local geography / sourced AD 1 parent frame / English,ancient-parent local-feature construction,GEO-PROXY;installed:in_game/map_data/location_templates.txt,medium,AD 1 local label without postcolonial eponyms.,false
location,coatlicamac,coatlicamac_province,land,Papaloapan Chinantla Epi Basalt Moor,local geography / sourced AD 1 parent frame / English,ancient-parent local-feature construction,GEO-PROXY;installed:in_game/map_data/location_templates.txt,medium,AD 1 local label without postcolonial eponyms.,false
location,coats_island3,nunavik_sea_zones_province,sea,Dorset Salikuit Ungava Leeward Channel,local geography / sourced AD 1 parent frame / English,ancient-parent local-feature construction,GEO-PROXY;installed:in_game/map_data/location_templates.txt,medium,AD 1 local label without postcolonial eponyms.,false
location,coatzacoalco,coatzacoalco_province,land,Isthmian Epi Olmec Hazel Springhead,local geography / sourced AD 1 parent frame / English,ancient-parent local-feature construction,GEO-PROXY;installed:in_game/map_data/location_templates.txt,medium,AD 1 local label without postcolonial eponyms.,false
location,coatzacoalcos_bay,tochtepec_coast_sea_province,sea,Totonac Tuxpan Mesoamerican Windward Fairway,local geography / sourced AD 1 parent frame / English,ancient-parent local-feature construction,GEO-PROXY;installed:in_game/map_data/location_templates.txt,medium,AD 1 local label without postcolonial eponyms.,false
location,coba,ekab_province,land,Ekab Late Preclassic Cypress Springhead,local geography / sourced AD 1 parent frame / English,ancient-parent local-feature construction,GEO-PROXY;installed:in_game/map_data/location_templates.txt,medium,AD 1 local label without postcolonial eponyms.,false
location,cobanos_coast,kuskatan_coast_sea_zones_province,sea,Lenca-Maya Pacific Bight,local geography / sourced AD 1 parent frame / English,ancient-parent local-feature construction,GEO-PROXY;installed:in_game/map_data/location_templates.txt,medium,AD 1 local label without postcolonial eponyms.,false
location,cobequid,sipeknekatik_province,land,We'kopektik Lands,local geography / sourced AD 1 parent frame / English,ancient-parent local-feature construction,GEO-PROXY;installed:in_game/map_data/location_templates.txt,medium,AD 1 local label without postcolonial eponyms.,false
location,cobeta,guadalajara_province,land,Segontia Arriaca Carpetania Hazel Downs,local geography / sourced AD 1 parent frame / English,ancient-parent local-feature construction,GEO-PROXY;installed:in_game/map_data/location_templates.txt,medium,AD 1 local label without postcolonial eponyms.,false
location,cobija,atacama_province,land,Likan Antai Salt Cypress Piedmont,local geography / sourced AD 1 parent frame / English,ancient-parent local-feature construction,GEO-PROXY;installed:in_game/map_data/location_templates.txt,medium,AD 1 local label without postcolonial eponyms.,false
location,coblenz,westerwald,land,Lahn Rhenus Tencteri Granite Terraces,local geography / sourced AD 1 parent frame / English,ancient-parent local-feature construction,GEO-PROXY;installed:in_game/map_data/location_templates.txt,medium,AD 1 local label without postcolonial eponyms.,false
location,cobre_coast,atacama_coastal_sea_zones_province,sea,Atacama Cordilleran Pacific Reefward Crossing,local geography / sourced AD 1 parent frame / English,ancient-parent local-feature construction,GEO-PROXY;installed:in_game/map_data/location_templates.txt,medium,AD 1 local label without postcolonial eponyms.,false
location,coburg,frankenwald_province,land,Hermunduri Main Hercynia Spruce Piedmont,local geography / sourced AD 1 parent frame / English,ancient-parent local-feature construction,GEO-PROXY;installed:in_game/map_data/location_templates.txt,medium,AD 1 local label without postcolonial eponyms.,false
location,cocalico,tesinigh_province,land,Susquehanna Conestoga Lenape Reed Meadow,local geography / sourced AD 1 parent frame / English,ancient-parent local-feature construction,GEO-PROXY;installed:in_game/map_data/location_templates.txt,medium,AD 1 local label without postcolonial eponyms.,false
location,cocamas,cocamas_province,land,Huallaga Marañón Cordilleran Juniper Thicket,local geography / sourced AD 1 parent frame / English,ancient-parent local-feature construction,GEO-PROXY;installed:in_game/map_data/location_templates.txt,medium,AD 1 local label without postcolonial eponyms.,false
location,cocanarup,kaleap_province,land,Minang Noongar Coast Chalk Shelf,local geography / sourced AD 1 parent frame / English,ancient-parent local-feature construction,GEO-PROXY;installed:in_game/map_data/location_templates.txt,medium,AD 1 local label without postcolonial eponyms.,false
location,cochem,eifel_province,land,Eburones Treveri Ubii Oak Springhead,local geography / sourced AD 1 parent frame / English,ancient-parent local-feature construction,GEO-PROXY;installed:in_game/map_data/location_templates.txt,medium,AD 1 local label without postcolonial eponyms.,false
location,cochimi,cochimi_province,land,Baja Peninsula Sage Glen,local geography / sourced AD 1 parent frame / English,ancient-parent local-feature construction,GEO-PROXY;installed:in_game/map_data/location_templates.txt,medium,AD 1 local label without postcolonial eponyms.,false
location,cochinoca,puma_province,land,Atacama Puna Pukara Amber Meadow,local geography / sourced AD 1 parent frame / English,ancient-parent local-feature construction,GEO-PROXY;installed:in_game/map_data/location_templates.txt,medium,AD 1 local label without postcolonial eponyms.,false
location,cochinos_bay,south_cuba_coast,sea,Saladoid Canarreos–Cuban Bay of Pigs,local geography / sourced AD 1 parent frame / English,ancient-parent local-feature construction,GEO-PROXY;installed:in_game/map_data/location_templates.txt,medium,AD 1 local label without postcolonial eponyms.,false
location,cochoqua,cochoqua_province,land,Cape Pastoral Khoe Birch Springhead,local geography / sourced AD 1 parent frame / English,ancient-parent local-feature construction,GEO-PROXY;installed:in_game/map_data/location_templates.txt,medium,AD 1 local label without postcolonial eponyms.,false
location,cockermouth,cumberland_province,land,Carvetii Luguvalium Brigantes Fern Hollow,local geography / sourced AD 1 parent frame / English,ancient-parent local-feature construction,GEO-PROXY;installed:in_game/map_data/location_templates.txt,medium,AD 1 local label without postcolonial eponyms.,false
location,cockscomb_jungle,ceibal_province,land,Pasión Mopan Late Willow Timberline,local geography / sourced AD 1 parent frame / English,ancient-parent local-feature construction,GEO-PROXY;installed:in_game/map_data/location_templates.txt,medium,AD 1 local label without postcolonial eponyms.,false
location,coco,araguaia_province,land,Araguaia Bananal Tocantins Hazel Savanna,local geography / sourced AD 1 parent frame / English,ancient-parent local-feature construction,GEO-PROXY;installed:in_game/map_data/location_templates.txt,medium,AD 1 local label without postcolonial eponyms.,false
location,cocollan,cuzalapa_province,land,Teuchitlán Valleys Tradition Salt Hollow,local geography / sourced AD 1 parent frame / English,ancient-parent local-feature construction,GEO-PROXY;installed:in_game/map_data/location_templates.txt,medium,AD 1 local label without postcolonial eponyms.,false
location,cocomacan,pechichitane_province,land,Sierra Gorda Late Elm Glen,local geography / sourced AD 1 parent frame / English,ancient-parent local-feature construction,GEO-PROXY;installed:in_game/map_data/location_templates.txt,medium,AD 1 local label without postcolonial eponyms.,false
location,cocorna,nechi_province,land,Cauca Porce Early Pine Terraces,local geography / sourced AD 1 parent frame / English,ancient-parent local-feature construction,GEO-PROXY;installed:in_game/map_data/location_templates.txt,medium,AD 1 local label without postcolonial eponyms.,false
location,cocoyome,yoli_province,land,Conchos Sierra Madre Karst Foothills,local geography / sourced AD 1 parent frame / English,ancient-parent local-feature construction,GEO-PROXY;installed:in_game/map_data/location_templates.txt,medium,AD 1 local label without postcolonial eponyms.,false
location,coctu,boruca_province,land,Diquís Chiriquí Maya Juniper Bench,local geography / sourced AD 1 parent frame / English,ancient-parent local-feature construction,GEO-PROXY;installed:in_game/map_data/location_templates.txt,medium,AD 1 local label without postcolonial eponyms.,false
location,cocuy_mountains,yopo_province,land,Arawakan Arauca Meta Chalk Shelf,local geography / sourced AD 1 parent frame / English,ancient-parent local-feature construction,GEO-PROXY;installed:in_game/map_data/location_templates.txt,medium,AD 1 local label without postcolonial eponyms.,false
location,coevorden,drenthe_province,land,Frisii Chauci Peatlands Flint Reach,local geography / sourced AD 1 parent frame / English,ancient-parent local-feature construction,GEO-PROXY;installed:in_game/map_data/location_templates.txt,medium,AD 1 local label without postcolonial eponyms.,false
location,cofaqui,ocute_province,land,Swift Creek Ocmulgee Amber Heath,local geography / sourced AD 1 parent frame / English,ancient-parent local-feature construction,GEO-PROXY;installed:in_game/map_data/location_templates.txt,medium,AD 1 local label without postcolonial eponyms.,false
location,coffin_bay,pintigga_kooapudna_province_coast,sea,Karta Pangkala Sahul Shallow Sound,local geography / sourced AD 1 parent frame / English,ancient-parent local-feature construction,GEO-PROXY;installed:in_game/map_data/location_templates.txt,medium,AD 1 local label without postcolonial eponyms.,false
location,cofitachequi,cofitachequi_province,land,Wateree Catawba Deptford Granite Bench,local geography / sourced AD 1 parent frame / English,ancient-parent local-feature construction,GEO-PROXY;installed:in_game/map_data/location_templates.txt,medium,AD 1 local label without postcolonial eponyms.,false
location,cognac,angouleme_province,land,Santones Petrocorii Borderlands Heather Springhead,local geography / sourced AD 1 parent frame / English,ancient-parent local-feature construction,GEO-PROXY;installed:in_game/map_data/location_templates.txt,medium,AD 1 local label without postcolonial eponyms.,false
location,cognashene,shawanaga_province,land,Middle Georgian Muskoka Loess Downs,local geography / sourced AD 1 parent frame / English,ancient-parent local-feature construction,GEO-PROXY;installed:in_game/map_data/location_templates.txt,medium,AD 1 local label without postcolonial eponyms.,false
location,cohansey,kechemeche_province,land,Lenapewihittuck–Cape-May Woodland,local geography / sourced AD 1 parent frame / English,ancient-parent local-feature construction,GEO-PROXY;installed:in_game/map_data/location_templates.txt,medium,AD 1 local label without postcolonial eponyms.,false
location,cohari,chicora_province,land,Pee Dee Cape Reed Heath,local geography / sourced AD 1 parent frame / English,ancient-parent local-feature construction,GEO-PROXY;installed:in_game/map_data/location_templates.txt,medium,AD 1 local label without postcolonial eponyms.,false
location,cohutta_mountains,tanasi_province,land,Hiwassee Little Tennessee Chalk Breaks,local geography / sourced AD 1 parent frame / English,ancient-parent local-feature construction,GEO-PROXY;installed:in_game/map_data/location_templates.txt,medium,AD 1 local label without postcolonial eponyms.,false
location,coimbatore,kongu_nadu,land,Chera Kongu Kaveri Basalt Moor,local geography / sourced AD 1 parent frame / English,ancient-parent local-feature construction,GEO-PROXY;installed:in_game/map_data/location_templates.txt,medium,AD 1 local label without postcolonial eponyms.,false
location,coimbra,beira_litoral_province,land,Conimbriga Mondego Callaeci Spruce Fields,local geography / sourced AD 1 parent frame / English,ancient-parent local-feature construction,GEO-PROXY;installed:in_game/map_data/location_templates.txt,medium,AD 1 local label without postcolonial eponyms.,false
location,coinan,tonala_province,land,Chupícuaro Chapala Atemajac Cypress Terraces,local geography / sourced AD 1 parent frame / English,ancient-parent local-feature construction,GEO-PROXY;installed:in_game/map_data/location_templates.txt,medium,AD 1 local label without postcolonial eponyms.,false
location,coipasa_salt_pan,uyuni_province,land,Qulla Uyuni Poopó Sandstone Barrens,local geography / sourced AD 1 parent frame / English,ancient-parent local-feature construction,GEO-PROXY;installed:in_game/map_data/location_templates.txt,medium,AD 1 local label without postcolonial eponyms.,false
location,coiracoentanon,moingwena_province,land,Coircacoentanon Lands,local geography / sourced AD 1 parent frame / English,ancient-parent local-feature construction,GEO-PROXY;installed:in_game/map_data/location_templates.txt,medium,AD 1 local label without postcolonial eponyms.,false
location,coixtlahuacan,coixtlahuacan_province,land,Mixteca Alta Late Spruce Meadow,local geography / sourced AD 1 parent frame / English,ancient-parent local-feature construction,GEO-PROXY;installed:in_game/map_data/location_templates.txt,medium,AD 1 local label without postcolonial eponyms.,false
location,cojutepeque,kuskatan_province,land,Chalchuapa Late Preclassic Sage Piedmont,local geography / sourced AD 1 parent frame / English,ancient-parent local-feature construction,GEO-PROXY;installed:in_game/map_data/location_templates.txt,medium,AD 1 local label without postcolonial eponyms.,false
location,cokuurdaax,olyuben_province,land,Indigirka Yana Arctic Hazel Barrens,local geography / sourced AD 1 parent frame / English,ancient-parent local-feature construction,GEO-PROXY;installed:in_game/map_data/location_templates.txt,medium,AD 1 local label without postcolonial eponyms.,false
location,colchester,essex_province,land,Trinovantes Iceni Britannia Flint Scrub,local geography / sourced AD 1 parent frame / English,ancient-parent local-feature construction,GEO-PROXY;installed:in_game/map_data/location_templates.txt,medium,AD 1 local label without postcolonial eponyms.,false
location,colcolo_bay,kelaelkces_sea_zones_province,sea,Karukinka Puelmapu Grasslands Pelagic Swell,local geography / sourced AD 1 parent frame / English,ancient-parent local-feature construction,GEO-PROXY;installed:in_game/map_data/location_templates.txt,medium,AD 1 local label without postcolonial eponyms.,false
location,coleraine,derry_province,land,Darini Robogdii Ulaid Loess Thicket,local geography / sourced AD 1 parent frame / English,ancient-parent local-feature construction,GEO-PROXY;installed:in_game/map_data/location_templates.txt,medium,AD 1 local label without postcolonial eponyms.,false
location,coles_point,ishma_coastal_sea_zones_province,sea,Pachacamac Nazca Cordilleran Reefward Bight,local geography / sourced AD 1 parent frame / English,ancient-parent local-feature construction,GEO-PROXY;installed:in_game/map_data/location_templates.txt,medium,AD 1 local label without postcolonial eponyms.,false
location,colha,chactemal_province,land,Chetumal Dzibanché Late Amber Savanna,local geography / sourced AD 1 parent frame / English,ancient-parent local-feature construction,GEO-PROXY;installed:in_game/map_data/location_templates.txt,medium,AD 1 local label without postcolonial eponyms.,false
location,colhue_huapi,chubut_province,land,Tehuelche Steppe Aónikenk Basalt Downs,local geography / sourced AD 1 parent frame / English,ancient-parent local-feature construction,GEO-PROXY;installed:in_game/map_data/location_templates.txt,medium,AD 1 local label without postcolonial eponyms.,false
location,colhue_huapi_lake,chubut_province,lake,Tehuelche Steppe Aónikenk Spring Backwater,local geography / sourced AD 1 parent frame / English,ancient-parent local-feature construction,GEO-PROXY;installed:in_game/map_data/location_templates.txt,medium,AD 1 local label without postcolonial eponyms.,false
location,coligua,coligua_province,land,Arkansas Ouachita Interior Oak Escarpment,local geography / sourced AD 1 parent frame / English,ancient-parent local-feature construction,GEO-PROXY;installed:in_game/map_data/location_templates.txt,medium,AD 1 local label without postcolonial eponyms.,false
location,colima_mountains,coliman_province,land,Shaft Tomb Chupícuaro Granite Piedmont,local geography / sourced AD 1 parent frame / English,ancient-parent local-feature construction,GEO-PROXY;installed:in_game/map_data/location_templates.txt,medium,AD 1 local label without postcolonial eponyms.,false
location,coliman,coliman_province,land,Colima Shaft Tomb Flint Escarpment,local geography / sourced AD 1 parent frame / English,ancient-parent local-feature construction,GEO-PROXY;installed:in_game/map_data/location_templates.txt,medium,AD 1 local label without postcolonial eponyms.,false
location,colipilli,pehuenmapu_province,land,Neuquén Nahuel Huapi Chalk Shelf,local geography / sourced AD 1 parent frame / English,ancient-parent local-feature construction,GEO-PROXY;installed:in_game/map_data/location_templates.txt,medium,AD 1 local label without postcolonial eponyms.,false
location,collico_lake,butalmapu_province,lake,Villarica Toltén Bío Cypress Pool,local geography / sourced AD 1 parent frame / English,ancient-parent local-feature construction,GEO-PROXY;installed:in_game/map_data/location_templates.txt,medium,AD 1 local label without postcolonial eponyms.,false
location,collique,ishma_province,land,Rímac Lurín Early Alder Savanna,local geography / sourced AD 1 parent frame / English,ancient-parent local-feature construction,GEO-PROXY;installed:in_game/map_data/location_templates.txt,medium,AD 1 local label without postcolonial eponyms.,false
location,collo,annaba_province,land,Hippo Rusicade Numidia Oak Ridge,local geography / sourced AD 1 parent frame / English,ancient-parent local-feature construction,GEO-PROXY;installed:in_game/map_data/location_templates.txt,medium,AD 1 local label without postcolonial eponyms.,false
location,colmar,upper_alsace_province,land,Rauraci Sequani Rhine Grass Downs,local geography / sourced AD 1 parent frame / English,ancient-parent local-feature construction,GEO-PROXY;installed:in_game/map_data/location_templates.txt,medium,AD 1 local label without postcolonial eponyms.,false
location,colmenar,madrid_province,land,Carpetani Complutum Mantua Flint Bench,local geography / sourced AD 1 parent frame / English,ancient-parent local-feature construction,GEO-PROXY;installed:in_game/map_data/location_templates.txt,medium,AD 1 local label without postcolonial eponyms.,false
location,cologne,koln_bucht_province,land,Ubii Ara Ubiorum Oak Meadow,local geography / sourced AD 1 parent frame / English,ancient-parent local-feature construction,GEO-PROXY;installed:in_game/map_data/location_templates.txt,medium,AD 1 local label without postcolonial eponyms.,false
location,cololo_mountains,ayaviri_province,land,Pukara Ayaviri Early Lava Bench,local geography / sourced AD 1 parent frame / English,ancient-parent local-feature construction,GEO-PROXY;installed:in_game/map_data/location_templates.txt,medium,AD 1 local label without postcolonial eponyms.,false
location,colombayma,colombayma_province,land,Southwestern Yuma–Guaduas Herrera Plain,local geography / sourced AD 1 parent frame / English,ancient-parent local-feature construction,GEO-PROXY;installed:in_game/map_data/location_templates.txt,medium,AD 1 local label without postcolonial eponyms.,false
location,colonet_cape,pacific_aridoamerica_sea_zones_province,sea,Cochimí Kumeyaay Sunset Islandward Seaway,local geography / sourced AD 1 parent frame / English,ancient-parent local-feature construction,GEO-PROXY;installed:in_game/map_data/location_templates.txt,medium,AD 1 local label without postcolonial eponyms.,false
location,colorado,alamosa_province,land,Rockies Basketmaker Highlands,local geography / sourced AD 1 parent frame / English,ancient-parent local-feature construction,GEO-PROXY;installed:in_game/map_data/location_templates.txt,medium,AD 1 local label without postcolonial eponyms.,false
location,colorado_delta,california_gulf_sea_zones_province,sea,Northwestern Comcaac–Cochimí Gulf,local geography / sourced AD 1 parent frame / English,ancient-parent local-feature construction,GEO-PROXY;installed:in_game/map_data/location_templates.txt,medium,AD 1 local label without postcolonial eponyms.,false
location,colorado_salt_marsh,cuyo_province,land,Ansilta Huarpe Valleys Alder Reach,local geography / sourced AD 1 parent frame / English,ancient-parent local-feature construction,GEO-PROXY;installed:in_game/map_data/location_templates.txt,medium,AD 1 local label without postcolonial eponyms.,false
location,colpanayoc_volcano,charka_province,land,Pukara Charka Early Flint Thicket,local geography / sourced AD 1 parent frame / English,ancient-parent local-feature construction,GEO-PROXY;installed:in_game/map_data/location_templates.txt,medium,AD 1 local label without postcolonial eponyms.,false
location,colquechaca,charka_province,land,Pukara Charka Early Fern Shelf,local geography / sourced AD 1 parent frame / English,ancient-parent local-feature construction,GEO-PROXY;installed:in_game/map_data/location_templates.txt,medium,AD 1 local label without postcolonial eponyms.,false
location,colville,north_sahtu_province,land,K'áhbamítúé Lands,local geography / sourced AD 1 parent frame / English,ancient-parent local-feature construction,GEO-PROXY;installed:in_game/map_data/location_templates.txt,medium,AD 1 local label without postcolonial eponyms.,false
location,colville_lakes,north_sahtu_province,lake,Sahtu Great Bear Spring Saltpan,local geography / sourced AD 1 parent frame / English,ancient-parent local-feature construction,GEO-PROXY;installed:in_game/map_data/location_templates.txt,medium,AD 1 local label without postcolonial eponyms.,false
location,comacchio,ferrara_province,land,Padus Spina Boii Loess Hollow,local geography / sourced AD 1 parent frame / English,ancient-parent local-feature construction,GEO-PROXY;installed:in_game/map_data/location_templates.txt,medium,AD 1 local label without postcolonial eponyms.,false
location,comana,west_muntenia_province,land,Eastern Argedava–Olt Getic Plain,local geography / sourced AD 1 parent frame / English,ancient-parent local-feature construction,GEO-PROXY;installed:in_game/map_data/location_templates.txt,medium,AD 1 local label without postcolonial eponyms.,false
location,comana_cil,sis_province,land,Anazarbus Cilicia Asia Willow Heath,local geography / sourced AD 1 parent frame / English,ancient-parent local-feature construction,GEO-PROXY;installed:in_game/map_data/location_templates.txt,medium,AD 1 local label without postcolonial eponyms.,false
location,comata_cape,huaxyacac_coast_sea_zones_province,sea,Northwestern Midwater Zapotec–Soconusco Ocean,local geography / sourced AD 1 parent frame / English,ancient-parent local-feature construction,GEO-PROXY;installed:in_game/map_data/location_templates.txt,medium,AD 1 local label without postcolonial eponyms.,false
location,comayagua,maniani_province,land,Ulúa Lenca Copán Amber Piedmont,local geography / sourced AD 1 parent frame / English,ancient-parent local-feature construction,GEO-PROXY;installed:in_game/map_data/location_templates.txt,medium,AD 1 local label without postcolonial eponyms.,false
location,combahee,santee_province,land,Deptford Santee Coosaw Cypress Moor,local geography / sourced AD 1 parent frame / English,ancient-parent local-feature construction,GEO-PROXY;installed:in_game/map_data/location_templates.txt,medium,AD 1 local label without postcolonial eponyms.,false
location,combe_coast,tuvalu_coastal_sea_zones_province,sea,Funafuti Nanumea Tonga Leeward Shoals,local geography / sourced AD 1 parent frame / English,ancient-parent local-feature construction,GEO-PROXY;installed:in_game/map_data/location_templates.txt,medium,AD 1 local label without postcolonial eponyms.,false
location,comcaac,tahejoc_province,land,Sonora San Miguel Grass Terraces,local geography / sourced AD 1 parent frame / English,ancient-parent local-feature construction,GEO-PROXY;installed:in_game/map_data/location_templates.txt,medium,AD 1 local label without postcolonial eponyms.,false
location,comitlan,tututepec_province,land,Chatino Mixtec Tututepec Limestone Foothills,local geography / sourced AD 1 parent frame / English,ancient-parent local-feature construction,GEO-PROXY;installed:in_game/map_data/location_templates.txt,medium,AD 1 local label without postcolonial eponyms.,false
location,como,monza_province,land,Insubres Mediolanum Comum Alder Heath,local geography / sourced AD 1 parent frame / English,ancient-parent local-feature construction,GEO-PROXY;installed:in_game/map_data/location_templates.txt,medium,AD 1 local label without postcolonial eponyms.,false
location,como_chamling,dingri_province,land,Tsangpo Himalayan Passes Spruce Terraces,local geography / sourced AD 1 parent frame / English,ancient-parent local-feature construction,GEO-PROXY;installed:in_game/map_data/location_templates.txt,medium,AD 1 local label without postcolonial eponyms.,false
location,comogre,panama_province,land,Cueva Darién Isthmian Amber Pastures,local geography / sourced AD 1 parent frame / English,ancient-parent local-feature construction,GEO-PROXY;installed:in_game/map_data/location_templates.txt,medium,AD 1 local label without postcolonial eponyms.,false
location,comondu_coast,lower_california_coast_sea_zones_province,sea,Eastern Baja Ocean,local geography / sourced AD 1 parent frame / English,ancient-parent local-feature construction,GEO-PROXY;installed:in_game/map_data/location_templates.txt,medium,AD 1 local label without postcolonial eponyms.,false
location,con_son_island,chan_bo_coast_sea_province,sea,Funan–Mekong Mouth Côn Sơn Island,local geography / sourced AD 1 parent frame / English,ancient-parent local-feature construction,GEO-PROXY;installed:in_game/map_data/location_templates.txt,medium,AD 1 local label without postcolonial eponyms.,false
location,conceicao,itabira_province,land,Doce Espinhaço Atlantic Peat Terraces,local geography / sourced AD 1 parent frame / English,ancient-parent local-feature construction,GEO-PROXY;installed:in_game/map_data/location_templates.txt,medium,AD 1 local label without postcolonial eponyms.,false
location,concepcion_bay,california_gulf_sea_zones_province,sea,Comcaac Cochimí Sonoran Pelagic Sound,local geography / sourced AD 1 parent frame / English,ancient-parent local-feature construction,GEO-PROXY;installed:in_game/map_data/location_templates.txt,medium,AD 1 local label without postcolonial eponyms.,false
location,concepcion_bay_plata,pikunmapu_sea_zones_province,sea,Bato Maule Cordilleran Windward Shoals,local geography / sourced AD 1 parent frame / English,ancient-parent local-feature construction,GEO-PROXY;installed:in_game/map_data/location_templates.txt,medium,AD 1 local label without postcolonial eponyms.,false
location,concepcion_channel,kelaelkces_sea_zones_province,sea,Karukinka Puelmapu Grasslands Leeward Sound,local geography / sourced AD 1 parent frame / English,ancient-parent local-feature construction,GEO-PROXY;installed:in_game/map_data/location_templates.txt,medium,AD 1 local label without postcolonial eponyms.,false
location,conception_bay,newfoundland_coast_province,sea,Northern Dorset Outer-Island Waters,local geography / sourced AD 1 parent frame / English,ancient-parent local-feature construction,GEO-PROXY;installed:in_game/map_data/location_templates.txt,medium,AD 1 local label without postcolonial eponyms.,false
location,conception_bay_africa,nama_coast_province,sea,Northern Inshore Gariep–Namaqua Atlantic Waters,local geography / sourced AD 1 parent frame / English,ancient-parent local-feature construction,GEO-PROXY;installed:in_game/map_data/location_templates.txt,medium,AD 1 local label without postcolonial eponyms.,false
location,conchali_bay,juan_fernandez_sea_zones_province,sea,Aconcagua Cordilleran Pacific Reefward Passage,local geography / sourced AD 1 parent frame / English,ancient-parent local-feature construction,GEO-PROXY;installed:in_game/map_data/location_templates.txt,medium,AD 1 local label without postcolonial eponyms.,false
location,concondia_mountain,kuna_province,land,Atrato Urabá Early Flint Ridge,local geography / sourced AD 1 parent frame / English,ancient-parent local-feature construction,GEO-PROXY;installed:in_game/map_data/location_templates.txt,medium,AD 1 local label without postcolonial eponyms.,false
location,condom,bazadais_province,land,Vasates Nitiobriges Vivisci Juniper Thicket,local geography / sourced AD 1 parent frame / English,ancient-parent local-feature construction,GEO-PROXY;installed:in_game/map_data/location_templates.txt,medium,AD 1 local label without postcolonial eponyms.,false
location,condorcet,valentinois_province,land,Segovellauni Valentia Drôme Alder Fields,local geography / sourced AD 1 parent frame / English,ancient-parent local-feature construction,GEO-PROXY;installed:in_game/map_data/location_templates.txt,medium,AD 1 local label without postcolonial eponyms.,false
location,conecuh,conecuh_province,land,Choctawhatchee Mobile Coosa Juniper Ridge,local geography / sourced AD 1 parent frame / English,ancient-parent local-feature construction,GEO-PROXY;installed:in_game/map_data/location_templates.txt,medium,AD 1 local label without postcolonial eponyms.,false
location,conegliano,venice_province,land,Patavium Altinum Venetia Sage Heath,local geography / sourced AD 1 parent frame / English,ancient-parent local-feature construction,GEO-PROXY;installed:in_game/map_data/location_templates.txt,medium,AD 1 local label without postcolonial eponyms.,false
location,conemaugh,allegheny_province,land,Ohio Hopewell Allegheny Basalt Savanna,local geography / sourced AD 1 parent frame / English,ancient-parent local-feature construction,GEO-PROXY;installed:in_game/map_data/location_templates.txt,medium,AD 1 local label without postcolonial eponyms.,false
location,conero_cape,adriatic_sea_province,sea,Hadriaticum Illyricum Thracia Leeward Swell,local geography / sourced AD 1 parent frame / English,ancient-parent local-feature construction,GEO-PROXY;installed:in_game/map_data/location_templates.txt,medium,AD 1 local label without postcolonial eponyms.,false
location,coneto,alamamas_province,land,Loma Nazas Irritila Chalk Foothills,local geography / sourced AD 1 parent frame / English,ancient-parent local-feature construction,GEO-PROXY;installed:in_game/map_data/location_templates.txt,medium,AD 1 local label without postcolonial eponyms.,false
location,conewago,paxtang_province,land,Hopewell Susquehanna Juniata Reed Fields,local geography / sourced AD 1 parent frame / English,ancient-parent local-feature construction,GEO-PROXY;installed:in_game/map_data/location_templates.txt,medium,AD 1 local label without postcolonial eponyms.,false
location,congaree,congaree_province,land,Santee Saluda Deptford Birch Meadow,local geography / sourced AD 1 parent frame / English,ancient-parent local-feature construction,GEO-PROXY;installed:in_game/map_data/location_templates.txt,medium,AD 1 local label without postcolonial eponyms.,false
location,conghua,panyu_province,land,Nanhai Panyu Hinterland Elm Terraces,local geography / sourced AD 1 parent frame / English,ancient-parent local-feature construction,GEO-PROXY;installed:in_game/map_data/location_templates.txt,medium,AD 1 local label without postcolonial eponyms.,false
location,congo_jungle,boali_province,land,Ubangi Sangha Uele Elm Hollow,local geography / sourced AD 1 parent frame / English,ancient-parent local-feature construction,GEO-PROXY;installed:in_game/map_data/location_templates.txt,medium,AD 1 local label without postcolonial eponyms.,false
location,congo_river_coast,congo_river_mouth_province,sea,Great Equatorial River Estuary,local geography / sourced AD 1 parent frame / English,ancient-parent local-feature construction,GEO-PROXY;installed:in_game/map_data/location_templates.txt,medium,AD 1 local label without postcolonial eponyms.,false
location,congona,kuelap_province,land,Utcubamba Early Intermediate Elm Fields,local geography / sourced AD 1 parent frame / English,ancient-parent local-feature construction,GEO-PROXY;installed:in_game/map_data/location_templates.txt,medium,AD 1 local label without postcolonial eponyms.,false
location,conguagua_forest,chiquitania_province,land,Guaporé Chiquito Mamoré Spruce Barrens,local geography / sourced AD 1 parent frame / English,ancient-parent local-feature construction,GEO-PROXY;installed:in_game/map_data/location_templates.txt,medium,AD 1 local label without postcolonial eponyms.,false
location,conkouati,nyanga_province,land,Nyanga Kouilou Ogooué Sage Hollow,local geography / sourced AD 1 parent frame / English,ancient-parent local-feature construction,GEO-PROXY;installed:in_game/map_data/location_templates.txt,medium,AD 1 local label without postcolonial eponyms.,false
location,connatachequa,paxtang_province,land,Hopewell Susquehanna Juniata Amber Savanna,local geography / sourced AD 1 parent frame / English,ancient-parent local-feature construction,GEO-PROXY;installed:in_game/map_data/location_templates.txt,medium,AD 1 local label without postcolonial eponyms.,false
location,connector_egypt1,oasis_province,land,Northern Corridor Egypt Lands,local geography / sourced AD 1 parent frame / English,ancient-parent local-feature construction,GEO-PROXY;installed:in_game/map_data/location_templates.txt,medium,AD 1 local label without postcolonial eponyms.,false
location,connector_egypt10,qusiyya_province,land,Southwestern Syene–Apollinopolis Thebaid,local geography / sourced AD 1 parent frame / English,ancient-parent local-feature construction,GEO-PROXY;installed:in_game/map_data/location_templates.txt,medium,AD 1 local label without postcolonial eponyms.,false
location,connector_egypt11,buhayra_province,land,Western Hermopolis Parva–Bolbitine,local geography / sourced AD 1 parent frame / English,ancient-parent local-feature construction,GEO-PROXY;installed:in_game/map_data/location_templates.txt,medium,AD 1 local label without postcolonial eponyms.,false
location,connector_egypt12,qusiyya_province,land,Southeastern Valleyward Syene–Apollinopolis Thebaid,local geography / sourced AD 1 parent frame / English,ancient-parent local-feature construction,GEO-PROXY;installed:in_game/map_data/location_templates.txt,medium,AD 1 local label without postcolonial eponyms.,false
location,connector_egypt13,erg_selima_province,land,Northeastern Kushite Desert Routes,local geography / sourced AD 1 parent frame / English,ancient-parent local-feature construction,GEO-PROXY;installed:in_game/map_data/location_templates.txt,medium,AD 1 local label without postcolonial eponyms.,false
location,connector_egypt14,tih_province,land,Northwestern Nabataean Pharan–Sinai Lands,local geography / sourced AD 1 parent frame / English,ancient-parent local-feature construction,GEO-PROXY;installed:in_game/map_data/location_templates.txt,medium,AD 1 local label without postcolonial eponyms.,false
location,connector_egypt15,tih_province,land,Northeastern Nabataean Pharan–Sinai Lands,local geography / sourced AD 1 parent frame / English,ancient-parent local-feature construction,GEO-PROXY;installed:in_game/map_data/location_templates.txt,medium,AD 1 local label without postcolonial eponyms.,false
location,connector_egypt16,qusiyya_province,land,Eastern Valleyward Syene–Apollinopolis Thebaid,local geography / sourced AD 1 parent frame / English,ancient-parent local-feature construction,GEO-PROXY;installed:in_game/map_data/location_templates.txt,medium,AD 1 local label without postcolonial eponyms.,false
location,connector_egypt17,sharqiyya_province,land,Southeastern Bubastite–Sethroite Delta,local geography / sourced AD 1 parent frame / English,ancient-parent local-feature construction,GEO-PROXY;installed:in_game/map_data/location_templates.txt,medium,AD 1 local label without postcolonial eponyms.,false
location,connector_egypt2,oasis_province,land,Southern Corridor Egypt Lands,local geography / sourced AD 1 parent frame / English,ancient-parent local-feature construction,GEO-PROXY;installed:in_game/map_data/location_templates.txt,medium,AD 1 local label without postcolonial eponyms.,false
location,connector_egypt3,oasis_province,land,Southeastern Oasis Magna–Parva and Ammonium,local geography / sourced AD 1 parent frame / English,ancient-parent local-feature construction,GEO-PROXY;installed:in_game/map_data/location_templates.txt,medium,AD 1 local label without postcolonial eponyms.,false
location,connector_egypt4,oasis_province,land,Southeastern Oasis Magna–Parva and Ammonium Plain,local geography / sourced AD 1 parent frame / English,ancient-parent local-feature construction,GEO-PROXY;installed:in_game/map_data/location_templates.txt,medium,AD 1 local label without postcolonial eponyms.,false
location,connector_egypt5,erg_selima_province,land,Northeastern Kushite Western Desert Routes,local geography / sourced AD 1 parent frame / English,ancient-parent local-feature construction,GEO-PROXY;installed:in_game/map_data/location_templates.txt,medium,AD 1 local label without postcolonial eponyms.,false
location,connector_egypt6,qusiyya_province,land,Northeastern Syene–Apollinopolis Thebaid,local geography / sourced AD 1 parent frame / English,ancient-parent local-feature construction,GEO-PROXY;installed:in_game/map_data/location_templates.txt,medium,AD 1 local label without postcolonial eponyms.,false
location,connector_egypt7,oasis_province,land,Northwestern Valleyward Oasis Magna–Parva and Ammonium,local geography / sourced AD 1 parent frame / English,ancient-parent local-feature construction,GEO-PROXY;installed:in_game/map_data/location_templates.txt,medium,AD 1 local label without postcolonial eponyms.,false
location,connector_egypt8,qusiyya_province,land,Northwestern Syene–Apollinopolis Thebaid,local geography / sourced AD 1 parent frame / English,ancient-parent local-feature construction,GEO-PROXY;installed:in_game/map_data/location_templates.txt,medium,AD 1 local label without postcolonial eponyms.,false
location,connector_egypt9,minya_province,land,Northern Hermopolis Magna and Heptanomia,local geography / sourced AD 1 parent frame / English,ancient-parent local-feature construction,GEO-PROXY;installed:in_game/map_data/location_templates.txt,medium,AD 1 local label without postcolonial eponyms.,false
location,connector_libya1,central_sahara,land,Northeastern Inner Garamantian Tassili Routes,local geography / sourced AD 1 parent frame / English,ancient-parent local-feature construction,GEO-PROXY;installed:in_game/map_data/location_templates.txt,medium,AD 1 local label without postcolonial eponyms.,false
location,connector_libya10,east_fezzan_province,land,Northeastern Garamantian Sahara Plain,local geography / sourced AD 1 parent frame / English,ancient-parent local-feature construction,GEO-PROXY;installed:in_game/map_data/location_templates.txt,medium,AD 1 local label without postcolonial eponyms.,false
location,connector_libya11,east_fezzan_province,land,Eastern Garamantian Lowlands,local geography / sourced AD 1 parent frame / English,ancient-parent local-feature construction,GEO-PROXY;installed:in_game/map_data/location_templates.txt,medium,AD 1 local label without postcolonial eponyms.,false
location,connector_libya12,east_fezzan_province,land,Western Corridor Libya Lands,local geography / sourced AD 1 parent frame / English,ancient-parent local-feature construction,GEO-PROXY;installed:in_game/map_data/location_templates.txt,medium,AD 1 local label without postcolonial eponyms.,false
location,connector_libya13,east_fezzan_province,land,Eastern Corridor Libya Lands,local geography / sourced AD 1 parent frame / English,ancient-parent local-feature construction,GEO-PROXY;installed:in_game/map_data/location_templates.txt,medium,AD 1 local label without postcolonial eponyms.,false
location,connector_libya14,oasis_province,land,Southwestern Oasis Magna–Parva and Ammonium Plain,local geography / sourced AD 1 parent frame / English,ancient-parent local-feature construction,GEO-PROXY;installed:in_game/map_data/location_templates.txt,medium,AD 1 local label without postcolonial eponyms.,false
location,connector_libya15,east_fezzan_province,land,Southeastern Garamantian Sahara Oases Plain,local geography / sourced AD 1 parent frame / English,ancient-parent local-feature construction,GEO-PROXY;installed:in_game/map_data/location_templates.txt,medium,AD 1 local label without postcolonial eponyms.,false
location,connector_libya16,oasis_province,land,Oasis Magna–Parva and Plain,local geography / sourced AD 1 parent frame / English,ancient-parent local-feature construction,GEO-PROXY;installed:in_game/map_data/location_templates.txt,medium,AD 1 local label without postcolonial eponyms.,false
location,connector_libya17,fezzan_province,land,Northeastern Valleyward Garamantian Phazania,local geography / sourced AD 1 parent frame / English,ancient-parent local-feature construction,GEO-PROXY;installed:in_game/map_data/location_templates.txt,medium,AD 1 local label without postcolonial eponyms.,false
location,connector_libya2,fezzan_province,land,Northeastern Garamantian Phazania,local geography / sourced AD 1 parent frame / English,ancient-parent local-feature construction,GEO-PROXY;installed:in_game/map_data/location_templates.txt,medium,AD 1 local label without postcolonial eponyms.,false
location,connector_libya3,east_fezzan_province,land,Northwestern Garamantian Sahara Oases Plain,local geography / sourced AD 1 parent frame / English,ancient-parent local-feature construction,GEO-PROXY;installed:in_game/map_data/location_templates.txt,medium,AD 1 local label without postcolonial eponyms.,false
location,connector_libya4,fezzan_province,land,Northeastern Garamantian Phazania Tableland,local geography / sourced AD 1 parent frame / English,ancient-parent local-feature construction,GEO-PROXY;installed:in_game/map_data/location_templates.txt,medium,AD 1 local label without postcolonial eponyms.,false
location,connector_libya5,fezzan_province,land,Southwestern Lowland Garamantian Phazania,local geography / sourced AD 1 parent frame / English,ancient-parent local-feature construction,GEO-PROXY;installed:in_game/map_data/location_templates.txt,medium,AD 1 local label without postcolonial eponyms.,false
location,connector_libya6,east_fezzan_province,land,Southwestern Garamantian Sahara Oases Plain,local geography / sourced AD 1 parent frame / English,ancient-parent local-feature construction,GEO-PROXY;installed:in_game/map_data/location_templates.txt,medium,AD 1 local label without postcolonial eponyms.,false
location,connector_libya7,oasis_province,land,Northwestern Oasis Magna–Parva and Ammonium,local geography / sourced AD 1 parent frame / English,ancient-parent local-feature construction,GEO-PROXY;installed:in_game/map_data/location_templates.txt,medium,AD 1 local label without postcolonial eponyms.,false
location,connector_libya8,central_sahara,land,Northeastern Lowland Garamantian Tassili Routes,local geography / sourced AD 1 parent frame / English,ancient-parent local-feature construction,GEO-PROXY;installed:in_game/map_data/location_templates.txt,medium,AD 1 local label without postcolonial eponyms.,false
location,connector_libya9,jebel_akhdar_province,land,Southwestern Kyrene–Barke,local geography / sourced AD 1 parent frame / English,ancient-parent local-feature construction,GEO-PROXY;installed:in_game/map_data/location_templates.txt,medium,AD 1 local label without postcolonial eponyms.,false
location,conococheague,wappacoma_province,land,Cacapon Potomac Valleys Cypress Piedmont,local geography / sourced AD 1 parent frame / English,ancient-parent local-feature construction,GEO-PROXY;installed:in_game/map_data/location_templates.txt,medium,AD 1 local label without postcolonial eponyms.,false
location,conotton,muskingum_province,land,Muskingum Hopewell Adena Fern Foothills,local geography / sourced AD 1 parent frame / English,ancient-parent local-feature construction,GEO-PROXY;installed:in_game/map_data/location_templates.txt,medium,AD 1 local label without postcolonial eponyms.,false
location,consha,mobile_province,land,Tombigbee Mobile Coosa Hazel Breaks,local geography / sourced AD 1 parent frame / English,ancient-parent local-feature construction,GEO-PROXY;installed:in_game/map_data/location_templates.txt,medium,AD 1 local label without postcolonial eponyms.,false
location,constanta,north_dobruja_province,land,Getae Ister Delta Salt Glen,local geography / sourced AD 1 parent frame / English,ancient-parent local-feature construction,GEO-PROXY;installed:in_game/map_data/location_templates.txt,medium,AD 1 local label without postcolonial eponyms.,false
location,constantia_bul,sliven_province,land,Cabyle Augusta Traiana Chalk Thicket,local geography / sourced AD 1 parent frame / English,ancient-parent local-feature construction,GEO-PROXY;installed:in_game/map_data/location_templates.txt,medium,AD 1 local label without postcolonial eponyms.,false
location,constantina,sevilla_province,land,Hispalis Baetis Baetica Willow Springhead,local geography / sourced AD 1 parent frame / English,ancient-parent local-feature construction,GEO-PROXY;installed:in_game/map_data/location_templates.txt,medium,AD 1 local label without postcolonial eponyms.,false
location,constantine_ALG,constantine_province,land,Cirta Massylii Africa Sage Savanna,local geography / sourced AD 1 parent frame / English,ancient-parent local-feature construction,GEO-PROXY;installed:in_game/map_data/location_templates.txt,medium,AD 1 local label without postcolonial eponyms.,false
location,constantinople,constantinople_province,land,Byzantium Thracian Bosporus Cypress Foothills,local geography / sourced AD 1 parent frame / English,ancient-parent local-feature construction,GEO-PROXY;installed:in_game/map_data/location_templates.txt,medium,AD 1 local label without postcolonial eponyms.,false
location,consuegra,ocana_province,land,Carpetani Tagus Anas Oak Ridge,local geography / sourced AD 1 parent frame / English,ancient-parent local-feature construction,GEO-PROXY;installed:in_game/map_data/location_templates.txt,medium,AD 1 local label without postcolonial eponyms.,false
location,contornasa,hatunqulla_province,land,Titicaca Qaluyu Pukara Loess Savanna,local geography / sourced AD 1 parent frame / English,ancient-parent local-feature construction,GEO-PROXY;installed:in_game/map_data/location_templates.txt,medium,AD 1 local label without postcolonial eponyms.,false
location,contwoyto_lake,wecho_province,lake,Wecho Inland Mere,local geography / sourced AD 1 parent frame / English,ancient-parent local-feature construction,GEO-PROXY;installed:in_game/map_data/location_templates.txt,medium,AD 1 local label without postcolonial eponyms.,false
location,conwy,gwynedd_province,land,Conway Lands,local geography / sourced AD 1 parent frame / English,ancient-parent local-feature construction,GEO-PROXY;installed:in_game/map_data/location_templates.txt,medium,AD 1 local label without postcolonial eponyms.,false
location,cook_bay,inalumaala_sea_zones_province,sea,Ocean Cape,local geography / sourced AD 1 parent frame / English,ancient-parent local-feature construction,GEO-PROXY;installed:in_game/map_data/location_templates.txt,medium,AD 1 local label without postcolonial eponyms.,false
location,cook_coast,kanaky_coastal_sea_zones_province,sea,Northeastern Midwater New-Caledonian Lagoon,local geography / sourced AD 1 parent frame / English,ancient-parent local-feature construction,GEO-PROXY;installed:in_game/map_data/location_templates.txt,medium,AD 1 local label without postcolonial eponyms.,false
location,cook_knolls,futuna_province,land,Futuna–Uvea Isles,local geography / sourced AD 1 parent frame / English,ancient-parent local-feature construction,GEO-PROXY;installed:in_game/map_data/location_templates.txt,medium,AD 1 local label without postcolonial eponyms.,false
location,coonawarra,buandig_province,land,Gunditjmara Wadawurrung Lutruwita Heather Thicket,local geography / sourced AD 1 parent frame / English,ancient-parent local-feature construction,GEO-PROXY;installed:in_game/map_data/location_templates.txt,medium,AD 1 local label without postcolonial eponyms.,false
location,coos,coos_province,land,Connecticut White Merrimack Elm Piedmont,local geography / sourced AD 1 parent frame / English,ancient-parent local-feature construction,GEO-PROXY;installed:in_game/map_data/location_templates.txt,medium,AD 1 local label without postcolonial eponyms.,false
location,coos_bay,oregon_sea_zones_province,sea,Tillamook Pacific Coast Stormward Channel,local geography / sourced AD 1 parent frame / English,ancient-parent local-feature construction,GEO-PROXY;installed:in_game/map_data/location_templates.txt,medium,AD 1 local label without postcolonial eponyms.,false
location,coosa,coosa_province,land,Etowah Deptford Swift Basalt Reach,local geography / sourced AD 1 parent frame / English,ancient-parent local-feature construction,GEO-PROXY;installed:in_game/map_data/location_templates.txt,medium,AD 1 local label without postcolonial eponyms.,false
location,coosaw,santee_province,land,Deptford Santee Yadkin Amber Heath,local geography / sourced AD 1 parent frame / English,ancient-parent local-feature construction,GEO-PROXY;installed:in_game/map_data/location_templates.txt,medium,AD 1 local label without postcolonial eponyms.,false
location,coospacam,tamaulipeco_province,land,Pánuco Sierra Madre Amber Pastures,local geography / sourced AD 1 parent frame / English,ancient-parent local-feature construction,GEO-PROXY;installed:in_game/map_data/location_templates.txt,medium,AD 1 local label without postcolonial eponyms.,false
location,cootamundra,wirrai_durhai_province,land,Murrumbidgee Wiradjuri Lutruwita Loess Pastures,local geography / sourced AD 1 parent frame / English,ancient-parent local-feature construction,GEO-PROXY;installed:in_game/map_data/location_templates.txt,medium,AD 1 local label without postcolonial eponyms.,false
location,cootcla,cootcla_province,land,Tombigbee Black Warrior Heather Foothills,local geography / sourced AD 1 parent frame / English,ancient-parent local-feature construction,GEO-PROXY;installed:in_game/map_data/location_templates.txt,medium,AD 1 local label without postcolonial eponyms.,false
location,copa,taman_province,land,Phanagoria Sindica Maeotian Amber Foothills,local geography / sourced AD 1 parent frame / English,ancient-parent local-feature construction,GEO-PROXY;installed:in_game/map_data/location_templates.txt,medium,AD 1 local label without postcolonial eponyms.,false
location,copane,karankawa_province,land,Coastal Bend Red Sage Hollow,local geography / sourced AD 1 parent frame / English,ancient-parent local-feature construction,GEO-PROXY;installed:in_game/map_data/location_templates.txt,medium,AD 1 local label without postcolonial eponyms.,false
location,copiapo_bay,cuyo_coastal_sea_zones_province,sea,Elqui Cordilleran Pacific Sheltered Fairway,local geography / sourced AD 1 parent frame / English,ancient-parent local-feature construction,GEO-PROXY;installed:in_game/map_data/location_templates.txt,medium,AD 1 local label without postcolonial eponyms.,false
location,coppename_mouth,guayana_sea_zones_province,sea,Guiana Orinoco Essequibo Coral Strait,local geography / sourced AD 1 parent frame / English,ancient-parent local-feature construction,GEO-PROXY;installed:in_game/map_data/location_templates.txt,medium,AD 1 local label without postcolonial eponyms.,false
location,copper_harbor,west_lake_superior_province,sea,Keweenaw Animikie Freshwater Deepwater Passage,local geography / sourced AD 1 parent frame / English,ancient-parent local-feature construction,GEO-PROXY;installed:in_game/map_data/location_templates.txt,medium,AD 1 local label without postcolonial eponyms.,false
location,coppermine_river_upland,wecho_province,land,Contwoyto Shield Taiga Cedar Timberline,local geography / sourced AD 1 parent frame / English,ancient-parent local-feature construction,GEO-PROXY;installed:in_game/map_data/location_templates.txt,medium,AD 1 local label without postcolonial eponyms.,false
location,copuz,pechichitane_province,land,Sierra Gorda Late Flint Piedmont,local geography / sourced AD 1 parent frame / English,ancient-parent local-feature construction,GEO-PROXY;installed:in_game/map_data/location_templates.txt,medium,AD 1 local label without postcolonial eponyms.,false
location,corabia,south_oltenia_province,land,Dacian Drobeta Alutus Reed Terraces,local geography / sourced AD 1 parent frame / English,ancient-parent local-feature construction,GEO-PROXY;installed:in_game/map_data/location_templates.txt,medium,AD 1 local label without postcolonial eponyms.,false
location,coral_bay,ngulumapu_sea_zones_province,sea,Northeastern Arauco–Chiloé Forager Waters,local geography / sourced AD 1 parent frame / English,ancient-parent local-feature construction,GEO-PROXY;installed:in_game/map_data/location_templates.txt,medium,AD 1 local label without postcolonial eponyms.,false
location,coral_bay_australia,yinggarda_thalanyji_province_coast,sea,Yinggarda Thalanyji Ningaloo Monsoon Anchorage,local geography / sourced AD 1 parent frame / English,ancient-parent local-feature construction,GEO-PROXY;installed:in_game/map_data/location_templates.txt,medium,AD 1 local label without postcolonial eponyms.,false
location,coral_sea,pacific_polynesia_province,sea,Great Expanse Pacific Saltwind Bight,local geography / sourced AD 1 parent frame / English,ancient-parent local-feature construction,GEO-PROXY;installed:in_game/map_data/location_templates.txt,medium,AD 1 local label without postcolonial eponyms.,false
location,coral_shore,darumbal_province_coast,sea,Capricorn Moreton Malagasy Pelagic Shoals,local geography / sourced AD 1 parent frame / English,ancient-parent local-feature construction,GEO-PROXY;installed:in_game/map_data/location_templates.txt,medium,AD 1 local label without postcolonial eponyms.,false
location,corangamite_lake,buandig_province,lake,Gunditjmara Wadawurrung Lutruwita Karst Floodwater,local geography / sourced AD 1 parent frame / English,ancient-parent local-feature construction,GEO-PROXY;installed:in_game/map_data/location_templates.txt,medium,AD 1 local label without postcolonial eponyms.,false
location,corani,pamlico_province,land,Pamlico Neuse Algonquian Willow Reach,local geography / sourced AD 1 parent frame / English,ancient-parent local-feature construction,GEO-PROXY;installed:in_game/map_data/location_templates.txt,medium,AD 1 local label without postcolonial eponyms.,false
location,corbeil,pays_france_province,land,Parisii Lutetia Suessiones Bracken Springhead,local geography / sourced AD 1 parent frame / English,ancient-parent local-feature construction,GEO-PROXY;installed:in_game/map_data/location_templates.txt,medium,AD 1 local label without postcolonial eponyms.,false
location,corbie,amienois_province,land,Ambiani Samarobriva Viromandui Juniper Thicket,local geography / sourced AD 1 parent frame / English,ancient-parent local-feature construction,GEO-PROXY;installed:in_game/map_data/location_templates.txt,medium,AD 1 local label without postcolonial eponyms.,false
location,corcovado_forest,chubut_province,land,Tehuelche Steppe Aónikenk Birch Barrens,local geography / sourced AD 1 parent frame / English,ancient-parent local-feature construction,GEO-PROXY;installed:in_game/map_data/location_templates.txt,medium,AD 1 local label without postcolonial eponyms.,false
location,corcovado_gulf,achen_coast_sea_zones_province,sea,Chono Guaitecas Puelmapu Monsoon Seaway,local geography / sourced AD 1 parent frame / English,ancient-parent local-feature construction,GEO-PROXY;installed:in_game/map_data/location_templates.txt,medium,AD 1 local label without postcolonial eponyms.,false
location,cordillera_mountains1,cordillera_province,land,Luzon Palawan Metal Basalt Shelf,local geography / sourced AD 1 parent frame / English,ancient-parent local-feature construction,GEO-PROXY;installed:in_game/map_data/location_templates.txt,medium,AD 1 local label without postcolonial eponyms.,false
location,cordillera_mountains2,cordillera_province,land,Luzon Palawan Metal Sandstone Piedmont,local geography / sourced AD 1 parent frame / English,ancient-parent local-feature construction,GEO-PROXY;installed:in_game/map_data/location_templates.txt,medium,AD 1 local label without postcolonial eponyms.,false
location,cordoba,cordoba_province,land,Corduba Baetican Turdetani Sage Glen,local geography / sourced AD 1 parent frame / English,ancient-parent local-feature construction,GEO-PROXY;installed:in_game/map_data/location_templates.txt,medium,AD 1 local label without postcolonial eponyms.,false
location,cordrilla_central,maguana_province,land,Ayiti Kiskeya Saladoid Birch Springhead,local geography / sourced AD 1 parent frame / English,ancient-parent local-feature construction,GEO-PROXY;installed:in_game/map_data/location_templates.txt,medium,AD 1 local label without postcolonial eponyms.,false
location,coree,pamlico_province,land,Pamlico Neuse Algonquian Peat Carr,local geography / sourced AD 1 parent frame / English,ancient-parent local-feature construction,GEO-PROXY;installed:in_game/map_data/location_templates.txt,medium,AD 1 local label without postcolonial eponyms.,false
location,coremas,paraiba_province,land,Proto Tupi Potengi Amber Downs,local geography / sourced AD 1 parent frame / English,ancient-parent local-feature construction,GEO-PROXY;installed:in_game/map_data/location_templates.txt,medium,AD 1 local label without postcolonial eponyms.,false
location,corfu,ionian_islands_province,land,Kérkyra Lands,local geography / sourced AD 1 parent frame / English,ancient-parent local-feature construction,GEO-PROXY;installed:in_game/map_data/location_templates.txt,medium,AD 1 local label without postcolonial eponyms.,false
location,coria,ciudad_rodrigo_province,land,Vettones Cuda Tagus Spruce Breaks,local geography / sourced AD 1 parent frame / English,ancient-parent local-feature construction,GEO-PROXY;installed:in_game/map_data/location_templates.txt,medium,AD 1 local label without postcolonial eponyms.,false
location,coria_del_rio,sevilla_province,land,Hispalis Baetis Baetica Pine Thicket,local geography / sourced AD 1 parent frame / English,ancient-parent local-feature construction,GEO-PROXY;installed:in_game/map_data/location_templates.txt,medium,AD 1 local label without postcolonial eponyms.,false
location,corinth,corinthia_province,land,Kórinthos Lands,local geography / sourced AD 1 parent frame / English,ancient-parent local-feature construction,GEO-PROXY;installed:in_game/map_data/location_templates.txt,medium,AD 1 local label without postcolonial eponyms.,false
location,cork,cork_province,land,Iverni Lee Valley,local geography / sourced AD 1 parent frame / English,ancient-parent local-feature construction,GEO-PROXY;installed:in_game/map_data/location_templates.txt,medium,AD 1 local label without postcolonial eponyms.,false
location,cork_harbour,celtic_sea_province,sea,Corcu Loigde Roads,local geography / sourced AD 1 parent frame / English,ancient-parent local-feature construction,GEO-PROXY;installed:in_game/map_data/location_templates.txt,medium,AD 1 local label without postcolonial eponyms.,false
location,corleone,mazara_province,land,Panormus Lilybaeum Sicily Hazel Savanna,local geography / sourced AD 1 parent frame / English,ancient-parent local-feature construction,GEO-PROXY;installed:in_game/map_data/location_templates.txt,medium,AD 1 local label without postcolonial eponyms.,false
