granularity,key,parent,kind,ad1_name,language,method,source,confidence,note,unchanged_verified
location,koklolodi,hia_ced_oodham_province,land,Waw Giwulk Uplands,local geography / sourced AD 1 parent frame / English,ancient-parent local-feature construction,GEO-PROXY;installed:in_game/map_data/location_templates.txt,medium,AD 1 local label within the researched parent frame.,false
location,koknar,kukatj_province,land,Kurtjar–Kukatj Bight,local geography / sourced AD 1 parent frame / English,ancient-parent local-feature construction,GEO-PROXY;installed:in_game/map_data/location_templates.txt,medium,AD 1 local label within the researched parent frame.,false
location,koknese,south_livonia_province,land,Daugava–Gauja Hillfort Country,local geography / sourced AD 1 parent frame / English,reviewed ancient identity or anti-anachronism reconstruction,GEO-PROXY;installed:in_game/map_data/location_templates.txt,medium,Reviewed AD 1 placement; modern or duplicate field label removed.,false
location,koko,kebbi_province,land,Niger-Rima Iron Lands,local geography / sourced AD 1 parent frame / English,ancient-parent local-feature construction,GEO-PROXY;installed:in_game/map_data/location_templates.txt,medium,AD 1 local label within the researched parent frame.,false
location,koko_bera,kukatj_province,land,Kurtjar–Kukatj Offing,local geography / sourced AD 1 parent frame / English,ancient-parent local-feature construction,GEO-PROXY;installed:in_game/map_data/location_templates.txt,medium,AD 1 local label within the researched parent frame.,false
location,koko_island,kanaky_coastal_sea_zones_province,sea,Kanak Lagoon Passage,local geography / sourced AD 1 parent frame / English,reviewed ancient identity or anti-anachronism reconstruction,GEO-PROXY;installed:in_game/map_data/location_templates.txt,medium,Reviewed AD 1 placement; modern or duplicate field label removed.,false
location,kokokachi,nistassinan_province,land,Tapiskwan–Upper-Ottawa,local geography / sourced AD 1 parent frame / English,ancient-parent local-feature construction,GEO-PROXY;installed:in_game/map_data/location_templates.txt,medium,AD 1 local label within the researched parent frame.,false
location,kokomini,umbindhamu_province,land,Guugu-Yimidhirr–Kuku-Yalanji,local geography / sourced AD 1 parent frame / English,ancient-parent local-feature construction,GEO-PROXY;installed:in_game/map_data/location_templates.txt,medium,AD 1 local label within the researched parent frame.,false
location,kokorou,liptako_province,land,Liptako–Niger Iron Lands,local geography / sourced AD 1 parent frame / English,ancient-parent local-feature construction,GEO-PROXY;installed:in_game/map_data/location_templates.txt,medium,AD 1 local label within the researched parent frame.,false
location,kokosing,scioto_province,land,Hopewell Scioto–Hocking,local geography / sourced AD 1 parent frame / English,ancient-parent local-feature construction,GEO-PROXY;installed:in_game/map_data/location_templates.txt,medium,AD 1 local label within the researched parent frame.,false
location,kokowarra,umbindhamu_province,land,Kuku-Yalanji,local geography / sourced AD 1 parent frame / English,ancient-parent local-feature construction,GEO-PROXY;installed:in_game/map_data/location_templates.txt,medium,AD 1 local label within the researched parent frame.,false
location,kokpekty,kurchum_province,land,Saka–Wusun Irtysh Uplands,local geography / sourced AD 1 parent frame / English,ancient-parent local-feature construction,GEO-PROXY;installed:in_game/map_data/location_templates.txt,medium,AD 1 local label within the researched parent frame.,false
location,kokrajhar,baro_bhuyan_province,land,Prāgjyotiṣa–Brahmaputra Lands,local geography / sourced AD 1 parent frame / English,ancient-parent local-feature construction,GEO-PROXY;installed:in_game/map_data/location_templates.txt,medium,AD 1 local label within the researched parent frame.,false
location,koksala,bakanas_province,land,Saka–Balkhash Steppe,local geography / sourced AD 1 parent frame / English,ancient-parent local-feature construction,GEO-PROXY;installed:in_game/map_data/location_templates.txt,medium,AD 1 local label within the researched parent frame.,false
location,koksar,punjab_hills_province,land,Chenab–Ravi Himalayan Uplands,local geography / sourced AD 1 parent frame / English,ancient-parent local-feature construction,GEO-PROXY;installed:in_game/map_data/location_templates.txt,medium,AD 1 local label within the researched parent frame.,false
location,koksharov,orlov_province,land,Glyadenovo Vyatka–Vokhma,local geography / sourced AD 1 parent frame / English,reviewed ancient identity or anti-anachronism reconstruction,GEO-PROXY;installed:in_game/map_data/location_templates.txt,medium,Reviewed AD 1 placement; modern or duplicate field label removed.,false
location,kokshetau,arykbalyk_province,land,Sargat–Steppe Country,local geography / sourced AD 1 parent frame / English,ancient-parent local-feature construction,GEO-PROXY;installed:in_game/map_data/location_templates.txt,medium,AD 1 local label within the researched parent frame.,false
location,koktal,ilibalyk_province,land,Wusun Ili–Charyn,local geography / sourced AD 1 parent frame / English,ancient-parent local-feature construction,GEO-PROXY;installed:in_game/map_data/location_templates.txt,medium,AD 1 local label within the researched parent frame.,false
location,koktuma,emin_province,land,Wusun Alakol–Tarbagatai Lands,local geography / sourced AD 1 parent frame / English,ancient-parent local-feature construction,GEO-PROXY;installed:in_game/map_data/location_templates.txt,medium,AD 1 local label within the researched parent frame.,false
location,kol,braj_province,land,Kol Lands Śūrasena Mathurā,local geography / sourced AD 1 parent frame / English,ancient-parent local-feature construction,GEO-PROXY;installed:in_game/map_data/location_templates.txt,medium,AD 1 local label within the researched parent frame.,false
location,kol_kuka,tonkawa_province,land,Kó'l Llano–Guadalupe Uplands,local geography / sourced AD 1 parent frame / English,ancient-parent local-feature construction,GEO-PROXY;installed:in_game/map_data/location_templates.txt,medium,AD 1 local label within the researched parent frame.,false
location,kol_papua,melamela_province,land,Kol Bay Highlands,local geography / sourced AD 1 parent frame / English,ancient-parent local-feature construction,GEO-PROXY;installed:in_game/map_data/location_templates.txt,medium,AD 1 local label within the researched parent frame.,false
location,kola,north_kola_province,land,Sami Kola–Ponoy Tundra,local geography / sourced AD 1 parent frame / English,reviewed ancient identity or anti-anachronism reconstruction,GEO-PROXY;installed:in_game/map_data/location_templates.txt,medium,Reviewed AD 1 placement; modern or duplicate field label removed.,false
location,kola_taiga,north_kola_province,land,Sami Kola–Ponoy Woodlands,local geography / sourced AD 1 parent frame / English,reviewed ancient identity or anti-anachronism reconstruction,GEO-PROXY;installed:in_game/map_data/location_templates.txt,medium,Reviewed AD 1 placement; modern or duplicate field label removed.,false
location,kolar,bangalore_province,land,Nandagiri Megalithic Uplands,local geography / sourced AD 1 parent frame / English,ancient-parent local-feature construction,GEO-PROXY;installed:in_game/map_data/location_templates.txt,medium,AD 1 local label within the researched parent frame.,false
location,kolasar,shekhawati,land,Matsya–Arjunayana Northern,local geography / sourced AD 1 parent frame / English,ancient-parent local-feature construction,GEO-PROXY;installed:in_game/map_data/location_templates.txt,medium,AD 1 local label within the researched parent frame.,false
location,kolayat,nagaur_province,land,Marukāntara–Merta Drylands,local geography / sourced AD 1 parent frame / English,ancient-parent local-feature construction,GEO-PROXY;installed:in_game/map_data/location_templates.txt,medium,AD 1 local label within the researched parent frame.,false
location,kolchawwe,pikunmapu_province,land,Bato Maule–Bío-Bío Country,local geography / sourced AD 1 parent frame / English,ancient-parent local-feature construction,GEO-PROXY;installed:in_game/map_data/location_templates.txt,medium,AD 1 local label within the researched parent frame.,false
location,kolchugino,verkh_chebula_province,land,Tashtyk Chulym–Kiya Lands,local geography / sourced AD 1 parent frame / English,reviewed ancient identity or anti-anachronism reconstruction,GEO-PROXY;installed:in_game/map_data/location_templates.txt,medium,Reviewed AD 1 placement; modern or duplicate field label removed.,false
location,kolding,eastern_jutland_province,land,Cimbrian Eastern Jutland,local geography / sourced AD 1 parent frame / English,reviewed ancient identity or anti-anachronism reconstruction,GEO-PROXY;installed:in_game/map_data/location_templates.txt,medium,Reviewed AD 1 placement; modern or duplicate field label removed.,false
location,koleeu,cochimi_province,land,Baja Hills,local geography / sourced AD 1 parent frame / English,ancient-parent local-feature construction,GEO-PROXY;installed:in_game/map_data/location_templates.txt,medium,AD 1 local label within the researched parent frame.,false
location,kolguyev,mezen_province,land,Kanin–Mezen Tundra Isle,local geography / sourced AD 1 parent frame / English,reviewed ancient identity or anti-anachronism reconstruction,GEO-PROXY;installed:in_game/map_data/location_templates.txt,medium,Reviewed AD 1 placement; modern or duplicate field label removed.,false
location,kolhapur,southern_desh,land,Hippokoura,local geography / sourced AD 1 parent frame / English,reviewed Pleiades ancient settlement identity,https://pleiades.stoa.org/places/49999,medium,Period-valid ancient settlement placed on the reviewed engine field.,false
location,koliaganeq,nushagagmiut_province,land,Unaliq Nushagak–Togiak Country,local geography / sourced AD 1 parent frame / English,ancient-parent local-feature construction,GEO-PROXY;installed:in_game/map_data/location_templates.txt,medium,AD 1 local label within the researched parent frame.,false
location,koliskoj,western_kola_province,land,Akkala–Pechenga Sámi Wetlands,local geography / sourced AD 1 parent frame / English,ancient-parent local-feature construction,GEO-PROXY;installed:in_game/map_data/location_templates.txt,medium,AD 1 local label within the researched parent frame.,false
location,kolla,puma_province,land,Atacama–Puna Hills,local geography / sourced AD 1 parent frame / English,ancient-parent local-feature construction,GEO-PROXY;installed:in_game/map_data/location_templates.txt,medium,AD 1 local label within the researched parent frame.,false
location,kollam,ve_nadu,land,Kottiara,local geography / sourced AD 1 parent frame / English,reviewed Pleiades ancient settlement identity,https://pleiades.stoa.org/places/50080,medium,Period-valid ancient settlement placed on the reviewed engine field.,false
location,kolmarden,sodermanland_province,land,Suionic Forest,local geography / sourced AD 1 parent frame / English,reviewed ancient identity or anti-anachronism reconstruction,GEO-PROXY;installed:in_game/map_data/location_templates.txt,medium,Reviewed AD 1 placement; modern or duplicate field label removed.,false
location,kolno,lomza_province,land,Narew–Biebrza Przeworsk Lands,local geography / sourced AD 1 parent frame / English,reviewed ancient identity or anti-anachronism reconstruction,GEO-PROXY;installed:in_game/map_data/location_templates.txt,medium,Reviewed AD 1 placement; modern or duplicate field label removed.,false
location,kolo,konin_province,land,Warta–Ner Przeworsk Lands,local geography / sourced AD 1 parent frame / English,reviewed ancient identity or anti-anachronism reconstruction,GEO-PROXY;installed:in_game/map_data/location_templates.txt,medium,Reviewed AD 1 placement; modern or duplicate field label removed.,false
location,kolobrzeg,koslin_province,land,Rugian Parsenta Coast,local geography / sourced AD 1 parent frame / English,reviewed ancient identity or anti-anachronism reconstruction,GEO-PROXY;installed:in_game/map_data/location_templates.txt,medium,Reviewed AD 1 placement; modern or duplicate field label removed.,false
location,kologriv,unzha_province,land,Unzha–Vetluga Gorodets Forest,local geography / sourced AD 1 parent frame / English,reviewed ancient identity or anti-anachronism reconstruction,GEO-PROXY;installed:in_game/map_data/location_templates.txt,medium,Reviewed AD 1 placement; modern or duplicate field label removed.,false
location,kolokani,kaarta_province,land,Nioro–Beledugu Sahel,local geography / sourced AD 1 parent frame / English,reviewed ancient identity or anti-anachronism reconstruction,GEO-PROXY;installed:in_game/map_data/location_templates.txt,medium,Reviewed AD 1 placement; modern or duplicate field label removed.,false
location,koloma,miwok_province,land,Mokelumne Sierra Hills,local geography / sourced AD 1 parent frame / English,ancient-parent local-feature construction,GEO-PROXY;installed:in_game/map_data/location_templates.txt,medium,AD 1 local label within the researched parent frame.,false
location,kolomak,karlivka_province,land,Vorskla–Oril Sarmatian March,local geography / sourced AD 1 parent frame / English,reviewed ancient identity or anti-anachronism reconstruction,GEO-PROXY;installed:in_game/map_data/location_templates.txt,medium,Reviewed AD 1 placement; modern or duplicate field label removed.,false
location,kolombangara,roviana_province,land,Roviana–Marovo Lapita-Heir,local geography / sourced AD 1 parent frame / English,ancient-parent local-feature construction,GEO-PROXY;installed:in_game/map_data/location_templates.txt,medium,AD 1 local label within the researched parent frame.,false
location,kolomna,kolomna_province,land,Dyakovo Moskva–Oka Confluence,local geography / sourced AD 1 parent frame / English,reviewed ancient identity or anti-anachronism reconstruction,GEO-PROXY;installed:in_game/map_data/location_templates.txt,medium,Reviewed AD 1 placement; modern or duplicate field label removed.,false
location,kolomyia,pocutia_province,land,Costobocian Prut Foothills,local geography / sourced AD 1 parent frame / English,reviewed ancient identity or anti-anachronism reconstruction,GEO-PROXY;installed:in_game/map_data/location_templates.txt,medium,Reviewed AD 1 placement; modern or duplicate field label removed.,false
location,kolonbelle,wambu_province,land,Cubal–Cunene Hills,local geography / sourced AD 1 parent frame / English,ancient-parent local-feature construction,GEO-PROXY;installed:in_game/map_data/location_templates.txt,medium,AD 1 local label within the researched parent frame.,false
location,koloshma,beloozero_province,land,Beloye–Sheksna Lake Country,local geography / sourced AD 1 parent frame / English,reviewed ancient identity or anti-anachronism reconstruction,GEO-PROXY;installed:in_game/map_data/location_templates.txt,medium,Reviewed AD 1 placement; modern or duplicate field label removed.,false
location,kolosovka,omsk_province,land,Sargat Irtysh–Om Steppe,local geography / sourced AD 1 parent frame / English,reviewed ancient identity or anti-anachronism reconstruction,GEO-PROXY;installed:in_game/map_data/location_templates.txt,medium,Reviewed AD 1 placement; modern or duplicate field label removed.,false
location,kolpashevo,kargasok_province,land,Vasyugan–Ob Kulay Lands,local geography / sourced AD 1 parent frame / English,reviewed ancient identity or anti-anachronism reconstruction,GEO-PROXY;installed:in_game/map_data/location_templates.txt,medium,Reviewed AD 1 placement; modern or duplicate field label removed.,false
location,kolpny,novosil_province,land,Upper-Oka Forest Settlements,local geography / sourced AD 1 parent frame / English,reviewed ancient identity or anti-anachronism reconstruction,GEO-PROXY;installed:in_game/map_data/location_templates.txt,medium,Reviewed AD 1 placement; modern or duplicate field label removed.,false
location,kolser,karukinka_province,land,Karukinka Offing,local geography / sourced AD 1 parent frame / English,ancient-parent local-feature construction,GEO-PROXY;installed:in_game/map_data/location_templates.txt,medium,AD 1 local label within the researched parent frame.,false
location,kolumba,butung_province,land,Muna–Buton Hills,local geography / sourced AD 1 parent frame / English,ancient-parent local-feature construction,GEO-PROXY;installed:in_game/map_data/location_templates.txt,medium,AD 1 local label within the researched parent frame.,false
location,kolyma_highlands,upper_kolyma_province,land,Yukaghir Upper Highlands,local geography / sourced AD 1 parent frame / English,reviewed ancient identity or anti-anachronism reconstruction,GEO-PROXY;installed:in_game/map_data/location_templates.txt,medium,Reviewed AD 1 placement; modern or duplicate field label removed.,false
location,kolyma_river,north_kolyma_province,land,Yukaghir Lower River,local geography / sourced AD 1 parent frame / English,reviewed ancient identity or anti-anachronism reconstruction,GEO-PROXY;installed:in_game/map_data/location_templates.txt,medium,Reviewed AD 1 placement; modern or duplicate field label removed.,false
location,kolyma_trail,kolyma_province,land,Yukaghir Portage Crossroads,local geography / sourced AD 1 parent frame / English,reviewed ancient identity or anti-anachronism reconstruction,GEO-PROXY;installed:in_game/map_data/location_templates.txt,medium,Reviewed AD 1 placement; modern or duplicate field label removed.,false
location,kolyma_upplands1,north_kolyma_province,land,Yukaghir Western Uplands,local geography / sourced AD 1 parent frame / English,reviewed ancient identity or anti-anachronism reconstruction,GEO-PROXY;installed:in_game/map_data/location_templates.txt,medium,Reviewed AD 1 placement; modern or duplicate field label removed.,false
location,kolyma_upplands2,south_kolyma_province,land,Yukaghir Eastern Uplands,local geography / sourced AD 1 parent frame / English,reviewed ancient identity or anti-anachronism reconstruction,GEO-PROXY;installed:in_game/map_data/location_templates.txt,medium,Reviewed AD 1 placement; modern or duplicate field label removed.,false
location,kolymskoie,north_kolyma_province,land,Yukaghir Lower-Kolyma Camp,local geography / sourced AD 1 parent frame / English,reviewed ancient identity or anti-anachronism reconstruction,GEO-PROXY;installed:in_game/map_data/location_templates.txt,medium,Reviewed AD 1 placement; modern or duplicate field label removed.,false
location,kom_ombo,qusiyya_province,land,Omboi,local geography / sourced AD 1 parent frame / English,reviewed Pleiades ancient settlement identity,https://pleiades.stoa.org/places/786079,medium,Period-valid ancient settlement placed on the reviewed engine field.,false
location,koma_kai,kai_province,land,Yayoi Kai Basin,local geography / sourced AD 1 parent frame / English,reviewed ancient identity or anti-anachronism reconstruction,GEO-PROXY;installed:in_game/map_data/location_templates.txt,medium,Reviewed AD 1 placement; modern or duplicate field label removed.,false
location,koman,illyria_province,land,Labeatian Drin Highlands,local geography / sourced AD 1 parent frame / English,reviewed ancient identity or anti-anachronism reconstruction,GEO-PROXY;installed:in_game/map_data/location_templates.txt,medium,Reviewed AD 1 placement; modern or duplicate field label removed.,false
location,komango,bangweulu_province,land,Bangweulu–Luapula Uplands,local geography / sourced AD 1 parent frame / English,ancient-parent local-feature construction,GEO-PROXY;installed:in_game/map_data/location_templates.txt,medium,AD 1 local label within the researched parent frame.,false
location,komarom,buda_province,land,Brigetio,local geography / sourced AD 1 parent frame / English,reviewed Pleiades ancient settlement identity,https://pleiades.stoa.org/places/197180,medium,Period-valid ancient settlement placed on the reviewed engine field.,false
location,kombai,iwur_province,land,Digul Papuan Lands,local geography / sourced AD 1 parent frame / English,ancient-parent local-feature construction,GEO-PROXY;installed:in_game/map_data/location_templates.txt,medium,AD 1 local label within the researched parent frame.,false
location,kombolcha,argobba_province,land,Awash–Shewa Hills,local geography / sourced AD 1 parent frame / English,ancient-parent local-feature construction,GEO-PROXY;installed:in_game/map_data/location_templates.txt,medium,AD 1 local label within the researched parent frame.,false
location,kombomba,muchinga_province,land,Luangwa–Muchinga Lands,local geography / sourced AD 1 parent frame / English,ancient-parent local-feature construction,GEO-PROXY;installed:in_game/map_data/location_templates.txt,medium,AD 1 local label within the researched parent frame.,false
location,komering,ogan_province,land,Musi Wetlands,local geography / sourced AD 1 parent frame / English,ancient-parent local-feature construction,GEO-PROXY;installed:in_game/map_data/location_templates.txt,medium,AD 1 local label within the researched parent frame.,false
location,komo_kongo,kivu_province,land,Kivu–Lualaba Urewe Hills,local geography / sourced AD 1 parent frame / English,ancient-parent local-feature construction,GEO-PROXY;installed:in_game/map_data/location_templates.txt,medium,AD 1 local label within the researched parent frame.,false
location,komotini,evros_province,land,Xantheia,local geography / sourced AD 1 parent frame / English,reviewed Pleiades ancient settlement identity,https://pleiades.stoa.org/places/501661,medium,Period-valid ancient settlement placed on the reviewed engine field.,false
location,komsa,komsa_province,land,Yenisei-Bakhta Kulay Lands,local geography / sourced AD 1 parent frame / English,ancient-parent local-feature construction,GEO-PROXY;installed:in_game/map_data/location_templates.txt,medium,AD 1 local label within the researched parent frame.,false
location,komshecheh,isfahan_province,land,Parthian Aspadana Hinterland,local geography / sourced AD 1 parent frame / English,reviewed ancient identity or anti-anachronism reconstruction,GEO-PROXY;installed:in_game/map_data/location_templates.txt,medium,Reviewed AD 1 placement; modern or duplicate field label removed.,false
location,kon_klor,madhyamagrama_province,land,Sa-Huynh Central-Annamite West,local geography / sourced AD 1 parent frame / English,reviewed ancient identity or anti-anachronism reconstruction,GEO-PROXY;installed:in_game/map_data/location_templates.txt,medium,Reviewed AD 1 placement; modern or duplicate field label removed.,false
location,kon_tengiz,tengiz_province,land,Kangju Tengiz–Sarysu Steppe,local geography / sourced AD 1 parent frame / English,reviewed ancient identity or anti-anachronism reconstruction,GEO-PROXY;installed:in_game/map_data/location_templates.txt,medium,Reviewed AD 1 placement; modern or duplicate field label removed.,false
location,kon_tum,madhyamagrama_province,land,Sa-Huynh Central-Annamite East,local geography / sourced AD 1 parent frame / English,reviewed ancient identity or anti-anachronism reconstruction,GEO-PROXY;installed:in_game/map_data/location_templates.txt,medium,Reviewed AD 1 placement; modern or duplicate field label removed.,false
location,kona,hawaii_province,land,Hawaii Western Volcanic Coast,local geography / sourced AD 1 parent frame / English,reviewed ancient identity or anti-anachronism reconstruction,GEO-PROXY;installed:in_game/map_data/location_templates.txt,medium,Reviewed AD 1 placement; modern or duplicate field label removed.,false
location,konai_jungle,iwur_province,land,Digul Woodlands,local geography / sourced AD 1 parent frame / English,ancient-parent local-feature construction,GEO-PROXY;installed:in_game/map_data/location_templates.txt,medium,AD 1 local label within the researched parent frame.,false
location,konbudj,tiwi_province,land,Tiwi–Gunbalanya Monsoon,local geography / sourced AD 1 parent frame / English,ancient-parent local-feature construction,GEO-PROXY;installed:in_game/map_data/location_templates.txt,medium,AD 1 local label within the researched parent frame.,false
location,konch,lower_bundelkhand_province,land,Vatsa–Chedi Yamuna Highlands,local geography / sourced AD 1 parent frame / English,reviewed ancient identity or anti-anachronism reconstruction,GEO-PROXY;installed:in_game/map_data/location_templates.txt,medium,Reviewed AD 1 placement; modern or duplicate field label removed.,false
location,konchalyt,north_onmilin_province,land,Chukotka Lands,local geography / sourced AD 1 parent frame / English,ancient-parent local-feature construction,GEO-PROXY;installed:in_game/map_data/location_templates.txt,medium,AD 1 local label within the researched parent frame.,false
location,konda,konda_province,land,Ob Ust-Poluy Wetlands,local geography / sourced AD 1 parent frame / English,ancient-parent local-feature construction,GEO-PROXY;installed:in_game/map_data/location_templates.txt,medium,AD 1 local label within the researched parent frame.,false
location,kondagaon,bastar_province,land,Southern Mahakantara Forest,local geography / sourced AD 1 parent frame / English,reviewed ancient identity or anti-anachronism reconstruction,GEO-PROXY;installed:in_game/map_data/location_templates.txt,medium,Reviewed AD 1 placement; modern or duplicate field label removed.,false
location,kondapalli,khammamet_province,land,Pityndra,local geography / sourced AD 1 parent frame / English,reviewed Pleiades ancient settlement identity,https://pleiades.stoa.org/places/50219,medium,Period-valid ancient settlement placed on the reviewed engine field.,false
location,kondavidu,kamma_nadu,land,Andhra Palnadu Uplands,local geography / sourced AD 1 parent frame / English,reviewed ancient identity or anti-anachronism reconstruction,GEO-PROXY;installed:in_game/map_data/location_templates.txt,medium,Reviewed AD 1 placement; modern or duplicate field label removed.,false
location,konde,umgungundlovu_province,land,Early Tugela Lands,local geography / sourced AD 1 parent frame / English,ancient-parent local-feature construction,GEO-PROXY;installed:in_game/map_data/location_templates.txt,medium,AD 1 local label within the researched parent frame.,false
location,kondpoga,aunus_karelia_province,land,Onega–Olonets Lake Country,local geography / sourced AD 1 parent frame / English,reviewed ancient identity or anti-anachronism reconstruction,GEO-PROXY;installed:in_game/map_data/location_templates.txt,medium,Reviewed AD 1 placement; modern or duplicate field label removed.,false
location,konduga,dikwa_province,land,Daima–Chad Ironworking Country,local geography / sourced AD 1 parent frame / English,ancient-parent local-feature construction,GEO-PROXY;installed:in_game/map_data/location_templates.txt,medium,AD 1 local label within the researched parent frame.,false
location,kondurcha,samara_province,land,Sarmatian Rha–Samara Bend,local geography / sourced AD 1 parent frame / English,reviewed ancient identity or anti-anachronism reconstruction,GEO-PROXY;installed:in_game/map_data/location_templates.txt,medium,Reviewed AD 1 placement; modern or duplicate field label removed.,false
location,konergino_coast1,unazigmit_coast_sea_province,sea,Unazigmit Kresta Offing,local geography / sourced AD 1 parent frame / English,reviewed ancient identity or anti-anachronism reconstruction,GEO-PROXY;installed:in_game/map_data/location_templates.txt,medium,Reviewed AD 1 placement; modern or duplicate field label removed.,false
location,konevets,korela_province,land,Ladoga Sacred Isle,local geography / sourced AD 1 parent frame / English,reviewed ancient identity or anti-anachronism reconstruction,GEO-PROXY;installed:in_game/map_data/location_templates.txt,medium,Reviewed AD 1 placement; modern or duplicate field label removed.,false
location,kong,kong_province,land,Volta–Comoe Iron Interfluve,local geography / sourced AD 1 parent frame / English,reviewed ancient identity or anti-anachronism reconstruction,GEO-PROXY;installed:in_game/map_data/location_templates.txt,medium,Reviewed AD 1 placement; modern or duplicate field label removed.,false
location,konga,tioharad_province,land,Värend–Finnveden Country,local geography / sourced AD 1 parent frame / English,ancient-parent local-feature construction,GEO-PROXY;installed:in_game/map_data/location_templates.txt,medium,AD 1 local label within the researched parent frame.,false
location,kongal_boyal,mandurah_province,land,Amangu Western Coastlands,local geography / sourced AD 1 parent frame / English,reviewed ancient identity or anti-anachronism reconstruction,GEO-PROXY;installed:in_game/map_data/location_templates.txt,medium,Reviewed AD 1 placement; modern or duplicate field label removed.,false
location,kongal_marawar,mandurah_province,land,Yuat Eastern Coastlands,local geography / sourced AD 1 parent frame / English,reviewed ancient identity or anti-anachronism reconstruction,GEO-PROXY;installed:in_game/map_data/location_templates.txt,medium,Reviewed AD 1 placement; modern or duplicate field label removed.,false
location,kongaluk_bay,nunavik_sea_zones_province,sea,Dorset Salikuit–Ungava Bay,local geography / sourced AD 1 parent frame / English,reviewed ancient identity or anti-anachronism reconstruction,GEO-PROXY;installed:in_game/map_data/location_templates.txt,medium,Reviewed AD 1 placement; modern or duplicate field label removed.,false
location,kongashuk,malemiut_province,land,Qikiqtaġruk–Kobuk Unaliq,local geography / sourced AD 1 parent frame / English,ancient-parent local-feature construction,GEO-PROXY;installed:in_game/map_data/location_templates.txt,medium,AD 1 local label within the researched parent frame.,false
location,konghalla,bohus_province,land,Suionic Gota-River Mouth,local geography / sourced AD 1 parent frame / English,reviewed ancient identity or anti-anachronism reconstruction,GEO-PROXY;installed:in_game/map_data/location_templates.txt,medium,Reviewed AD 1 placement; modern or duplicate field label removed.,false
location,kongkok_bay,bering_sea_zones_province,land,Unangan Shore,local geography / sourced AD 1 parent frame / English,reviewed ancient identity or anti-anachronism reconstruction,GEO-PROXY;installed:in_game/map_data/location_templates.txt,medium,Reviewed AD 1 placement; modern or duplicate field label removed.,false
location,kongsberg,buskerud_province,land,Raumarici Numedal Highlands,local geography / sourced AD 1 parent frame / English,reviewed ancient identity or anti-anachronism reconstruction,GEO-PROXY;installed:in_game/map_data/location_templates.txt,medium,Reviewed AD 1 placement; modern or duplicate field label removed.,false
location,kongsvinger,hedmark_province,land,Raumarici Glomma Bend,local geography / sourced AD 1 parent frame / English,reviewed ancient identity or anti-anachronism reconstruction,GEO-PROXY;installed:in_game/map_data/location_templates.txt,medium,Reviewed AD 1 placement; modern or duplicate field label removed.,false
location,kongwei,yongchang_province,land,Ailao Lancang–Nu Hills,local geography / sourced AD 1 parent frame / English,ancient-parent local-feature construction,GEO-PROXY;installed:in_game/map_data/location_templates.txt,medium,AD 1 local label within the researched parent frame.,false
location,konibodom,khujand_province,land,Fergana Gate Plain,local geography / sourced AD 1 parent frame / English,ancient-parent local-feature construction,GEO-PROXY;installed:in_game/map_data/location_templates.txt,medium,AD 1 local label within the researched parent frame.,false
location,konigsberg,lower_prussia_province,land,Aestian Pregel Estuary,local geography / sourced AD 1 parent frame / English,reviewed ancient identity or anti-anachronism reconstruction,GEO-PROXY;installed:in_game/map_data/location_templates.txt,medium,Reviewed AD 1 placement; modern or duplicate field label removed.,false
location,konigshofen,main_franconia_province,land,Hermunduri Grabfeld Lands,local geography / sourced AD 1 parent frame / English,reviewed ancient identity or anti-anachronism reconstruction,GEO-PROXY;installed:in_game/map_data/location_templates.txt,medium,Reviewed AD 1 placement; modern or duplicate field label removed.,false
location,konildi,kulykol_province,land,Sargat Ishim–Tobol Wetlands,local geography / sourced AD 1 parent frame / English,ancient-parent local-feature construction,GEO-PROXY;installed:in_game/map_data/location_templates.txt,medium,AD 1 local label within the researched parent frame.,false
location,konin,konin_province,land,Warta–Ner Przeworsk East,local geography / sourced AD 1 parent frame / English,reviewed ancient identity or anti-anachronism reconstruction,GEO-PROXY;installed:in_game/map_data/location_templates.txt,medium,Reviewed AD 1 placement; modern or duplicate field label removed.,false
location,konitsa,north_epirus_province,land,Chaonian Upper Aoos,local geography / sourced AD 1 parent frame / English,reviewed ancient identity or anti-anachronism reconstruction,GEO-PROXY;installed:in_game/map_data/location_templates.txt,medium,Reviewed AD 1 placement; modern or duplicate field label removed.,false
location,konjic,bosnia_province,land,Daesitiatian Neretva Highlands,local geography / sourced AD 1 parent frame / English,reviewed ancient identity or anti-anachronism reconstruction,GEO-PROXY;installed:in_game/map_data/location_templates.txt,medium,Reviewed AD 1 placement; modern or duplicate field label removed.,false
location,konjikala,konjikala_province,land,Parthian Nisa–Kopet-Dag,local geography / sourced AD 1 parent frame / English,ancient-parent local-feature construction,GEO-PROXY;installed:in_game/map_data/location_templates.txt,medium,AD 1 local label within the researched parent frame.,false
location,konkoure,futa_jalon_province,land,Senegal Uplands,local geography / sourced AD 1 parent frame / English,ancient-parent local-feature construction,GEO-PROXY;installed:in_game/map_data/location_templates.txt,medium,AD 1 local label within the researched parent frame.,false
location,konkow,maidu_province,land,Feather-Pit Hills,local geography / sourced AD 1 parent frame / English,ancient-parent local-feature construction,GEO-PROXY;installed:in_game/map_data/location_templates.txt,medium,AD 1 local label within the researched parent frame.,false
location,konkudera,konkudera_province,land,Olyokma–Bodaybo Hills,local geography / sourced AD 1 parent frame / English,ancient-parent local-feature construction,GEO-PROXY;installed:in_game/map_data/location_templates.txt,medium,AD 1 local label within the researched parent frame.,false
location,kono,sulimana_province,land,Niger–Gola Iron Forest,local geography / sourced AD 1 parent frame / English,ancient-parent local-feature construction,GEO-PROXY;installed:in_game/map_data/location_templates.txt,medium,AD 1 local label within the researched parent frame.,false
location,konomala_jungle,patpatar_province,land,Nalik Post-Lapita Rainforest,local geography / sourced AD 1 parent frame / English,reviewed ancient identity or anti-anachronism reconstruction,GEO-PROXY;installed:in_game/map_data/location_templates.txt,medium,Reviewed AD 1 placement; modern or duplicate field label removed.,false
location,konrapa,bolu_province,land,Mariandynian Bithynia,local geography / sourced AD 1 parent frame / English,reviewed ancient identity or anti-anachronism reconstruction,GEO-PROXY;installed:in_game/map_data/location_templates.txt,medium,Reviewed AD 1 placement; modern or duplicate field label removed.,false
location,konski_vody,berda_province,land,Maeotian Molochna Steppe,local geography / sourced AD 1 parent frame / English,reviewed ancient identity or anti-anachronism reconstruction,GEO-PROXY;installed:in_game/map_data/location_templates.txt,medium,Reviewed AD 1 placement; modern or duplicate field label removed.,false
location,konso,sidamo_province,land,Omo–Gibe Highland,local geography / sourced AD 1 parent frame / English,ancient-parent local-feature construction,GEO-PROXY;installed:in_game/map_data/location_templates.txt,medium,AD 1 local label within the researched parent frame.,false
location,konstantinovka,bielska_sloboda_province,land,Sarmatian Donets Steppe,local geography / sourced AD 1 parent frame / English,reviewed ancient identity or anti-anachronism reconstruction,GEO-PROXY;installed:in_game/map_data/location_templates.txt,medium,Reviewed AD 1 placement; modern or duplicate field label removed.,false
location,konstantinovsk,ust_tsimla_province,land,Sarmatian Lower-Don Lands,local geography / sourced AD 1 parent frame / English,reviewed ancient identity or anti-anachronism reconstruction,GEO-PROXY;installed:in_game/map_data/location_templates.txt,medium,Reviewed AD 1 placement; modern or duplicate field label removed.,false
location,konstanz,hegau_province,land,Tasgaetium,local geography / sourced AD 1 parent frame / English,reviewed Pleiades ancient settlement identity,https://pleiades.stoa.org/places/187573,medium,Period-valid ancient settlement placed on the reviewed engine field.,false
location,kontagora,yauri_province,land,Niger–Kaduna Post-Nok Lands,local geography / sourced AD 1 parent frame / English,reviewed ancient identity or anti-anachronism reconstruction,GEO-PROXY;installed:in_game/map_data/location_templates.txt,medium,Reviewed AD 1 placement; modern or duplicate field label removed.,false
location,kontcha,central_adamawa_province,land,Benue–Adamawa Ironworking,local geography / sourced AD 1 parent frame / English,ancient-parent local-feature construction,GEO-PROXY;installed:in_game/map_data/location_templates.txt,medium,AD 1 local label within the researched parent frame.,false
location,kontrand_ya,indigirka_province,land,'ya Indigirka Hills,local geography / sourced AD 1 parent frame / English,ancient-parent local-feature construction,GEO-PROXY;installed:in_game/map_data/location_templates.txt,medium,AD 1 local label within the researched parent frame.,false
location,konwargaon,chutia_province,land,Brahmaputra–Mishmi Wetlands,local geography / sourced AD 1 parent frame / English,ancient-parent local-feature construction,GEO-PROXY;installed:in_game/map_data/location_templates.txt,medium,AD 1 local label within the researched parent frame.,false
location,konya,konya_province,land,Iconium,local geography / sourced AD 1 parent frame / English,reviewed Pleiades ancient settlement identity,https://pleiades.stoa.org/places/648647,high,Period-valid ancient settlement placed on the reviewed engine field.,false
location,konyovo,kargopol_province,land,Lacha–Onega Forest,local geography / sourced AD 1 parent frame / English,reviewed ancient identity or anti-anachronism reconstruction,GEO-PROXY;installed:in_game/map_data/location_templates.txt,medium,Reviewed AD 1 placement; modern or duplicate field label removed.,false
location,koo,khari_karoo_province,land,Koo Karoo Highlands,local geography / sourced AD 1 parent frame / English,ancient-parent local-feature construction,GEO-PROXY;installed:in_game/map_data/location_templates.txt,medium,AD 1 local label within the researched parent frame.,false
location,kooapudna,kooapudna_province,land,Adnyamathanha–Kuyani Plain,local geography / sourced AD 1 parent frame / English,ancient-parent local-feature construction,GEO-PROXY;installed:in_game/map_data/location_templates.txt,medium,AD 1 local label within the researched parent frame.,false
location,koochiching,koochiching_province,land,Rainy–Red-Lake Woodland,local geography / sourced AD 1 parent frame / English,ancient-parent local-feature construction,GEO-PROXY;installed:in_game/map_data/location_templates.txt,medium,AD 1 local label within the researched parent frame.,false
location,kooinkill,karta_pintingga_province,land,Millewa-Coorong Vale,local geography / sourced AD 1 parent frame / English,ancient-parent local-feature construction,GEO-PROXY;installed:in_game/map_data/location_templates.txt,medium,AD 1 local label within the researched parent frame.,false
location,koop_ticutta,ticutta_province,land,Numu Pyramid Highlands,local geography / sourced AD 1 parent frame / English,reviewed ancient identity or anti-anachronism reconstruction,GEO-PROXY;installed:in_game/map_data/location_templates.txt,medium,Reviewed AD 1 placement; modern or duplicate field label removed.,false
location,koosharem,kusiutta_province,land,Bonneville Uplands,local geography / sourced AD 1 parent frame / English,ancient-parent local-feature construction,GEO-PROXY;installed:in_game/map_data/location_templates.txt,medium,AD 1 local label within the researched parent frame.,false
location,koostaaka,awatixa_province,land,Knife–Missouri Woodlands,local geography / sourced AD 1 parent frame / English,ancient-parent local-feature construction,GEO-PROXY;installed:in_game/map_data/location_templates.txt,medium,AD 1 local label within the researched parent frame.,false
location,kopolque,patagonia_province,land,Tehuelche Pinturas Highlands,local geography / sourced AD 1 parent frame / English,reviewed ancient identity or anti-anachronism reconstruction,GEO-PROXY;installed:in_game/map_data/location_templates.txt,medium,Reviewed AD 1 placement; modern or duplicate field label removed.,false
location,koponovo,ryazan_province,land,Gorodets Oka–Moksha Lands,local geography / sourced AD 1 parent frame / English,reviewed ancient identity or anti-anachronism reconstruction,GEO-PROXY;installed:in_game/map_data/location_templates.txt,medium,Reviewed AD 1 placement; modern or duplicate field label removed.,false
location,koporye,vodskaya_province,land,Finnic Izhora–Luga Lands,local geography / sourced AD 1 parent frame / English,reviewed ancient identity or anti-anachronism reconstruction,GEO-PROXY;installed:in_game/map_data/location_templates.txt,medium,Reviewed AD 1 placement; modern or duplicate field label removed.,false
location,koppal,raichur_doab,land,Kopana,local geography / sourced AD 1 parent frame / English,reviewed ancient identity or anti-anachronism reconstruction,GEO-PROXY;installed:in_game/map_data/location_templates.txt,medium,Reviewed AD 1 placement; modern or duplicate field label removed.,false
location,koppi,tumnin_province,land,Nivkh Amur–Tumnin Hills,local geography / sourced AD 1 parent frame / English,ancient-parent local-feature construction,GEO-PROXY;installed:in_game/map_data/location_templates.txt,medium,AD 1 local label within the researched parent frame.,false
location,koppo,sodra_osterbotten_province,land,Finnic Bothnian-Coast Country,local geography / sourced AD 1 parent frame / English,ancient-parent local-feature construction,GEO-PROXY;installed:in_game/map_data/location_templates.txt,medium,AD 1 local label within the researched parent frame.,false
location,koprivnica,bjelovar_province,land,Iasian Dravus–Savus Plain,local geography / sourced AD 1 parent frame / English,reviewed ancient identity or anti-anachronism reconstruction,GEO-PROXY;installed:in_game/map_data/location_templates.txt,medium,Reviewed AD 1 placement; modern or duplicate field label removed.,false
location,koptam,uil_province,land,Sarmatian Emba–Uil Oases,local geography / sourced AD 1 parent frame / English,ancient-parent local-feature construction,GEO-PROXY;installed:in_game/map_data/location_templates.txt,medium,AD 1 local label within the researched parent frame.,false
location,koptyuga,zavolochye_province,land,Belomorye Pinega–Mezen Forest,local geography / sourced AD 1 parent frame / English,reviewed ancient identity or anti-anachronism reconstruction,GEO-PROXY;installed:in_game/map_data/location_templates.txt,medium,Reviewed AD 1 placement; modern or duplicate field label removed.,false
location,kopys,orsha_province,land,Dnieper–Dvina Pottery Lands,local geography / sourced AD 1 parent frame / English,reviewed ancient identity or anti-anachronism reconstruction,GEO-PROXY;installed:in_game/map_data/location_templates.txt,medium,Reviewed AD 1 placement; modern or duplicate field label removed.,false
location,kopyshche,olevsk_province,land,Zarubintsy Ubort–Pripyat Lands,local geography / sourced AD 1 parent frame / English,reviewed ancient identity or anti-anachronism reconstruction,GEO-PROXY;installed:in_game/map_data/location_templates.txt,medium,Reviewed AD 1 placement; modern or duplicate field label removed.,false
location,koraveka,chiquitania_province,land,Guaporé–Chiquito Forests,local geography / sourced AD 1 parent frame / English,ancient-parent local-feature construction,GEO-PROXY;installed:in_game/map_data/location_templates.txt,medium,AD 1 local label within the researched parent frame.,false
location,korbach,hessen_bergland_province,land,Chatti Eder–Fulda Uplands,local geography / sourced AD 1 parent frame / English,reviewed ancient identity or anti-anachronism reconstruction,GEO-PROXY;installed:in_game/map_data/location_templates.txt,medium,Reviewed AD 1 placement; modern or duplicate field label removed.,false
location,korcula_strait,adriatic_sea_province,sea,Korkyra Melaina Strait,local geography / sourced AD 1 parent frame / English,reviewed ancient identity or anti-anachronism reconstruction,GEO-PROXY;installed:in_game/map_data/location_templates.txt,medium,Reviewed AD 1 placement; modern or duplicate field label removed.,false
location,korea_bay,korea_bay_province,sea,Goguryeo Bay,local geography / sourced AD 1 parent frame / English,reviewed ancient identity or anti-anachronism reconstruction,GEO-PROXY;installed:in_game/map_data/location_templates.txt,medium,Reviewed AD 1 placement; modern or duplicate field label removed.,false
location,korela,korela_province,land,Ladoga–Onega Early-Metal Lands,local geography / sourced AD 1 parent frame / English,reviewed ancient identity or anti-anachronism reconstruction,GEO-PROXY;installed:in_game/map_data/location_templates.txt,medium,Reviewed AD 1 placement; modern or duplicate field label removed.,false
location,korenevo,gorodets_province,land,Upper-Volga Gorodets Lands,local geography / sourced AD 1 parent frame / English,reviewed ancient identity or anti-anachronism reconstruction,GEO-PROXY;installed:in_game/map_data/location_templates.txt,medium,Reviewed AD 1 placement; modern or duplicate field label removed.,false
location,korets,zviahel_province,land,Zarubintsy Sluch Headwaters,local geography / sourced AD 1 parent frame / English,reviewed ancient identity or anti-anachronism reconstruction,GEO-PROXY;installed:in_game/map_data/location_templates.txt,medium,Reviewed AD 1 placement; modern or duplicate field label removed.,false
location,korgan,karagau_province,land,Sarysu–Turgai Saka Uplands,local geography / sourced AD 1 parent frame / English,ancient-parent local-feature construction,GEO-PROXY;installed:in_game/map_data/location_templates.txt,medium,AD 1 local label within the researched parent frame.,false
location,korhogo,senufo_province,land,Bandama–Comoe Iron Woodland,local geography / sourced AD 1 parent frame / English,reviewed ancient identity or anti-anachronism reconstruction,GEO-PROXY;installed:in_game/map_data/location_templates.txt,medium,Reviewed AD 1 placement; modern or duplicate field label removed.,false
location,kori_bara_karaa_ancas,sura_province,land,Desaguadero Uplands,local geography / sourced AD 1 parent frame / English,ancient-parent local-feature construction,GEO-PROXY;installed:in_game/map_data/location_templates.txt,medium,AD 1 local label within the researched parent frame.,false
location,korientze,safare_province,land,Mema-Niger Wetlands,local geography / sourced AD 1 parent frame / English,ancient-parent local-feature construction,GEO-PROXY;installed:in_game/map_data/location_templates.txt,medium,AD 1 local label within the researched parent frame.,false
location,korika_bay,iboina_coast_sea_province,sea,Malagasy Windward Bay,local geography / sourced AD 1 parent frame / English,reviewed ancient identity or anti-anachronism reconstruction,GEO-PROXY;installed:in_game/map_data/location_templates.txt,medium,Reviewed AD 1 placement; modern or duplicate field label removed.,false
location,korit,tabas_al_tamr_province,land,Sagartian Tabas Oasis,local geography / sourced AD 1 parent frame / English,reviewed ancient identity or anti-anachronism reconstruction,GEO-PROXY;installed:in_game/map_data/location_templates.txt,medium,Reviewed AD 1 placement; modern or duplicate field label removed.,false
location,korkina_sloboda,chastoozerye_province,land,Sargat Ishim Lake Country,local geography / sourced AD 1 parent frame / English,reviewed ancient identity or anti-anachronism reconstruction,GEO-PROXY;installed:in_game/map_data/location_templates.txt,medium,Reviewed AD 1 placement; modern or duplicate field label removed.,false
location,kormend,vas_province,land,Sala,local geography / sourced AD 1 parent frame / English,reviewed Pleiades ancient settlement identity,https://pleiades.stoa.org/places/197482,medium,Period-valid ancient settlement placed on the reviewed engine field.,false
location,korneuburg,unter_dem_manhartsberg_province,land,Marcomannic Morava–Danube,local geography / sourced AD 1 parent frame / English,reviewed ancient identity or anti-anachronism reconstruction,GEO-PROXY;installed:in_game/map_data/location_templates.txt,medium,Reviewed AD 1 placement; modern or duplicate field label removed.,false
location,koro,dan_province,land,Nimba–Cavally Forests,local geography / sourced AD 1 parent frame / English,ancient-parent local-feature construction,GEO-PROXY;installed:in_game/map_data/location_templates.txt,medium,AD 1 local label within the researched parent frame.,false
location,koro_island,viti_levu_province,land,Lapita-Heir Isle,local geography / sourced AD 1 parent frame / English,reviewed ancient identity or anti-anachronism reconstruction,GEO-PROXY;installed:in_game/map_data/location_templates.txt,medium,Reviewed AD 1 placement; modern or duplicate field label removed.,false
location,koro_sea,fiji_coastal_sea_zones_province,sea,Viti Sea,local geography / sourced AD 1 parent frame / English,reviewed ancient identity or anti-anachronism reconstruction,GEO-PROXY;installed:in_game/map_data/location_templates.txt,medium,Reviewed AD 1 placement; modern or duplicate field label removed.,false
location,koroa,yazoo_province,land,Yazoo–Big-Black Marksville,local geography / sourced AD 1 parent frame / English,ancient-parent local-feature construction,GEO-PROXY;installed:in_game/map_data/location_templates.txt,medium,AD 1 local label within the researched parent frame.,false
location,koroc,mushuau_province,land,Ungava–Torngat Tundra Hills,local geography / sourced AD 1 parent frame / English,ancient-parent local-feature construction,GEO-PROXY;installed:in_game/map_data/location_templates.txt,medium,AD 1 local label within the researched parent frame.,false
location,korocha,belgorod_province,land,Upper-Don Gorodets Western,local geography / sourced AD 1 parent frame / English,reviewed ancient identity or anti-anachronism reconstruction,GEO-PROXY;installed:in_game/map_data/location_templates.txt,medium,Reviewed AD 1 placement; modern or duplicate field label removed.,false
location,koroglu_mountains_1,sivrihisar_province,land,Phrygian Dorylaeum Highlands,local geography / sourced AD 1 parent frame / English,reviewed ancient identity or anti-anachronism reconstruction,GEO-PROXY;installed:in_game/map_data/location_templates.txt,medium,Reviewed AD 1 placement; modern or duplicate field label removed.,false
location,koroglu_mountains_2,sivrihisar_province,land,Phrygian Sangarius Highlands,local geography / sourced AD 1 parent frame / English,reviewed ancient identity or anti-anachronism reconstruction,GEO-PROXY;installed:in_game/map_data/location_templates.txt,medium,Reviewed AD 1 placement; modern or duplicate field label removed.,false
location,korosten,ovruch_province,land,Zarubintsy Pripyat–Uzh Lands,local geography / sourced AD 1 parent frame / English,reviewed ancient identity or anti-anachronism reconstruction,GEO-PROXY;installed:in_game/map_data/location_templates.txt,medium,Reviewed AD 1 placement; modern or duplicate field label removed.,false
location,korostyshiv,zhytomyr_province,land,Zarubintsy Teteriv Crossing,local geography / sourced AD 1 parent frame / English,reviewed ancient identity or anti-anachronism reconstruction,GEO-PROXY;installed:in_game/map_data/location_templates.txt,medium,Reviewed AD 1 placement; modern or duplicate field label removed.,false
location,korpilombo,torne_lappmark_province,land,Sámi Torne–Käsivarsi Country,local geography / sourced AD 1 parent frame / English,ancient-parent local-feature construction,GEO-PROXY;installed:in_game/map_data/location_templates.txt,medium,AD 1 local label within the researched parent frame.,false
location,korra,lower_doab_province,land,Vatsa Prayaga–Kausambi Lands,local geography / sourced AD 1 parent frame / English,ancient-parent local-feature construction,GEO-PROXY;installed:in_game/map_data/location_templates.txt,medium,AD 1 local label within the researched parent frame.,false
location,korsholm,sodra_osterbotten_province,land,Finnic Western Bothnian Coast,local geography / sourced AD 1 parent frame / English,reviewed ancient identity or anti-anachronism reconstruction,GEO-PROXY;installed:in_game/map_data/location_templates.txt,medium,Reviewed AD 1 placement; modern or duplicate field label removed.,false
location,korsun,cherkasy_province,land,Dnieper South,local geography / sourced AD 1 parent frame / English,reviewed ancient identity or anti-anachronism reconstruction,GEO-PROXY;installed:in_game/map_data/location_templates.txt,medium,Reviewed AD 1 placement; modern or duplicate field label removed.,false
location,korti,bayuda_province,land,Meroitic Bayuda Lands,local geography / sourced AD 1 parent frame / English,ancient-parent local-feature construction,GEO-PROXY;installed:in_game/map_data/location_templates.txt,medium,AD 1 local label within the researched parent frame.,false
location,kortkeros,ust_sysola_province,land,Permic Sysola–Vychegda Country,local geography / sourced AD 1 parent frame / English,ancient-parent local-feature construction,GEO-PROXY;installed:in_game/map_data/location_templates.txt,medium,AD 1 local label within the researched parent frame.,false
location,kortriik,east_flanders_province,land,Cortoriacum,local geography / sourced AD 1 parent frame / English,reviewed Pleiades ancient settlement identity,https://pleiades.stoa.org/places/108911,medium,Period-valid ancient settlement placed on the reviewed engine field.,false
location,kortuz,novosyolovo_province,land,Tashtyk Chulym–Yenisei Hills,local geography / sourced AD 1 parent frame / English,ancient-parent local-feature construction,GEO-PROXY;installed:in_game/map_data/location_templates.txt,medium,AD 1 local label within the researched parent frame.,false
location,korup_jungle,east_igbo_province,land,Cross Woodlands,local geography / sourced AD 1 parent frame / English,ancient-parent local-feature construction,GEO-PROXY;installed:in_game/map_data/location_templates.txt,medium,AD 1 local label within the researched parent frame.,false
location,korusi,nomlaki_province,land,Sacramento–Cache-Creek Lands,local geography / sourced AD 1 parent frame / English,ancient-parent local-feature construction,GEO-PROXY;installed:in_game/map_data/location_templates.txt,medium,AD 1 local label within the researched parent frame.,false
location,korutla,warangal_province,land,Godavari–Musi Andhra Hills,local geography / sourced AD 1 parent frame / English,ancient-parent local-feature construction,GEO-PROXY;installed:in_game/map_data/location_templates.txt,medium,AD 1 local label within the researched parent frame.,false
location,korvala,kemi_lappmark_province,land,Kemi–Inari Sámi Wetlands,local geography / sourced AD 1 parent frame / English,ancient-parent local-feature construction,GEO-PROXY;installed:in_game/map_data/location_templates.txt,medium,AD 1 local label within the researched parent frame.,false
location,koryak_uplands1,east_koryak_province,land,Olyutor Highlands,local geography / sourced AD 1 parent frame / English,reviewed ancient identity or anti-anachronism reconstruction,GEO-PROXY;installed:in_game/map_data/location_templates.txt,medium,Reviewed AD 1 placement; modern or duplicate field label removed.,false
location,koryak_uplands2,east_koryak_province,land,Penzhina Highlands,local geography / sourced AD 1 parent frame / English,reviewed ancient identity or anti-anachronism reconstruction,GEO-PROXY;installed:in_game/map_data/location_templates.txt,medium,Reviewed AD 1 placement; modern or duplicate field label removed.,false
location,koryak_uplands3,west_koryak_province,land,Gizhiga Highlands,local geography / sourced AD 1 parent frame / English,reviewed ancient identity or anti-anachronism reconstruction,GEO-PROXY;installed:in_game/map_data/location_templates.txt,medium,Reviewed AD 1 placement; modern or duplicate field label removed.,false
location,koryak_uplands4,west_koryak_province,land,Penzhina–Gizhiga Uplands,local geography / sourced AD 1 parent frame / English,reviewed ancient identity or anti-anachronism reconstruction,GEO-PROXY;installed:in_game/map_data/location_templates.txt,medium,Reviewed AD 1 placement; modern or duplicate field label removed.,false
location,koryak_uplands5,west_koryak_province,land,Penzhina–Gizhiga Hills,local geography / sourced AD 1 parent frame / English,reviewed ancient identity or anti-anachronism reconstruction,GEO-PROXY;installed:in_game/map_data/location_templates.txt,medium,Reviewed AD 1 placement; modern or duplicate field label removed.,false
location,koryazhma,yaren_province,land,Vychegda–Uftyuga Forest,local geography / sourced AD 1 parent frame / English,reviewed ancient identity or anti-anachronism reconstruction,GEO-PROXY;installed:in_game/map_data/location_templates.txt,medium,Reviewed AD 1 placement; modern or duplicate field label removed.,false
location,kos,rodos_province,land,Kos Polis,local geography / sourced AD 1 parent frame / English,reviewed Pleiades ancient settlement identity,https://pleiades.stoa.org/places/599728,high,Period-valid ancient settlement placed on the reviewed engine field.,false
location,kosa,kordofan_province,land,Nuba–Kordofan Iron Lands,local geography / sourced AD 1 parent frame / English,ancient-parent local-feature construction,GEO-PROXY;installed:in_game/map_data/location_templates.txt,medium,AD 1 local label within the researched parent frame.,false
location,kosa_perm,usolye_province,land,Glyadenovo Kama–Kosa Lands,local geography / sourced AD 1 parent frame / English,reviewed ancient identity or anti-anachronism reconstruction,GEO-PROXY;installed:in_game/map_data/location_templates.txt,medium,Reviewed AD 1 placement; modern or duplicate field label removed.,false
location,kosalu,congaree_province,land,Santee–Saluda Woodland,local geography / sourced AD 1 parent frame / English,ancient-parent local-feature construction,GEO-PROXY;installed:in_game/map_data/location_templates.txt,medium,AD 1 local label within the researched parent frame.,false
location,koscian,koscian_province,land,Przeworsk Obra–Warta Lands,local geography / sourced AD 1 parent frame / English,reviewed ancient identity or anti-anachronism reconstruction,GEO-PROXY;installed:in_game/map_data/location_templates.txt,medium,Reviewed AD 1 placement; modern or duplicate field label removed.,false
location,koscierzyna,danzig_province,land,Gothonic Vistula Coast,local geography / sourced AD 1 parent frame / English,reviewed ancient identity or anti-anachronism reconstruction,GEO-PROXY;installed:in_game/map_data/location_templates.txt,medium,Reviewed AD 1 placement; modern or duplicate field label removed.,false
location,kosciusko_bank,futuna_province,land,Futuna Lands,local geography / sourced AD 1 parent frame / English,reviewed ancient identity or anti-anachronism reconstruction,GEO-PROXY;installed:in_game/map_data/location_templates.txt,medium,Reviewed AD 1 placement; modern or duplicate field label removed.,false
location,kosciusko_coast_1,tuvalu_coastal_sea_zones_province,sea,Tuvalu Reef Passage,local geography / sourced AD 1 parent frame / English,reviewed ancient identity or anti-anachronism reconstruction,GEO-PROXY;installed:in_game/map_data/location_templates.txt,medium,Reviewed AD 1 placement; modern or duplicate field label removed.,false
location,kosciusko_coast_2,tuvalu_coastal_sea_zones_province,sea,Tuvalu Reef Channel,local geography / sourced AD 1 parent frame / English,reviewed ancient identity or anti-anachronism reconstruction,GEO-PROXY;installed:in_game/map_data/location_templates.txt,medium,Reviewed AD 1 placement; modern or duplicate field label removed.,false
location,kosciuszko_mountains,bombala_province,land,Ngarigo Snowy Highlands,local geography / sourced AD 1 parent frame / English,reviewed ancient identity or anti-anachronism reconstruction,GEO-PROXY;installed:in_game/map_data/location_templates.txt,medium,Reviewed AD 1 placement; modern or duplicate field label removed.,false
location,kose_mountains_1,sivas_province,land,Lesser-Armenian Sebasteia,local geography / sourced AD 1 parent frame / English,reviewed ancient identity or anti-anachronism reconstruction,GEO-PROXY;installed:in_game/map_data/location_templates.txt,medium,Reviewed AD 1 placement; modern or duplicate field label removed.,false
location,kose_mountains_2,erzurum_province,land,Armenian Upper-Euphrates,local geography / sourced AD 1 parent frame / English,reviewed ancient identity or anti-anachronism reconstruction,GEO-PROXY;installed:in_game/map_data/location_templates.txt,medium,Reviewed AD 1 placement; modern or duplicate field label removed.,false
location,koshi,echigo_province,land,no-Kuni Coast,local geography / sourced AD 1 parent frame / English,reviewed ancient identity or anti-anachronism reconstruction,GEO-PROXY;installed:in_game/map_data/location_templates.txt,medium,Reviewed AD 1 placement; modern or duplicate field label removed.,false
location,koshiki_islands,kyuushuu_coast,sea,Wa Passage,local geography / sourced AD 1 parent frame / English,reviewed ancient identity or anti-anachronism reconstruction,GEO-PROXY;installed:in_game/map_data/location_templates.txt,medium,Reviewed AD 1 placement; modern or duplicate field label removed.,false
location,koshikishima,satsuma_province,land,Kumaso Satsuma Lands,local geography / sourced AD 1 parent frame / English,reviewed ancient identity or anti-anachronism reconstruction,GEO-PROXY;installed:in_game/map_data/location_templates.txt,medium,Reviewed AD 1 placement; modern or duplicate field label removed.,false
location,koshira,kolomna_province,land,Dyakovo Oka–Moskva Lands,local geography / sourced AD 1 parent frame / English,reviewed ancient identity or anti-anachronism reconstruction,GEO-PROXY;installed:in_game/map_data/location_templates.txt,medium,Reviewed AD 1 placement; modern or duplicate field label removed.,false
location,koshkar_ata,mangistau_province,land,Southern Dahāe Caspian Uplands,local geography / sourced AD 1 parent frame / English,ancient-parent local-feature construction,GEO-PROXY;installed:in_game/map_data/location_templates.txt,medium,AD 1 local label within the researched parent frame.,false
location,koshkarkol_lake,emin_province,lake,Wusun Alakol–Tarbagatai Lake,local geography / sourced AD 1 parent frame / English,reviewed ancient identity or anti-anachronism reconstruction,GEO-PROXY;installed:in_game/map_data/location_templates.txt,medium,Reviewed AD 1 placement; modern or duplicate field label removed.,false
location,koshki,sergiyevsk_province,land,Gorodets Samara Lands,local geography / sourced AD 1 parent frame / English,reviewed ancient identity or anti-anachronism reconstruction,GEO-PROXY;installed:in_game/map_data/location_templates.txt,medium,Reviewed AD 1 placement; modern or duplicate field label removed.,false
location,koshkonong,millioke_province,land,Lake-Michigan Middle-Woodland,local geography / sourced AD 1 parent frame / English,ancient-parent local-feature construction,GEO-PROXY;installed:in_game/map_data/location_templates.txt,medium,AD 1 local label within the researched parent frame.,false
location,koshoy_korgon,naryn_province,land,Kangju Naryn Highlands,local geography / sourced AD 1 parent frame / English,reviewed ancient identity or anti-anachronism reconstruction,GEO-PROXY;installed:in_game/map_data/location_templates.txt,medium,Reviewed AD 1 placement; modern or duplicate field label removed.,false
location,kosi,purnia_province,land,Videha Kosi–Mahananda Frontier,local geography / sourced AD 1 parent frame / English,reviewed ancient identity or anti-anachronism reconstruction,GEO-PROXY;installed:in_game/map_data/location_templates.txt,medium,Reviewed AD 1 placement; modern or duplicate field label removed.,false
location,kosice,szepes_province,land,Cotini Hornad Uplands,local geography / sourced AD 1 parent frame / English,reviewed ancient identity or anti-anachronism reconstruction,GEO-PROXY;installed:in_game/map_data/location_templates.txt,medium,Reviewed AD 1 placement; modern or duplicate field label removed.,false
location,kosichkoj,knyazhaya_province,land,Late-Dyakovo Ilmen–Lovat Lands,local geography / sourced AD 1 parent frame / English,reviewed ancient identity or anti-anachronism reconstruction,GEO-PROXY;installed:in_game/map_data/location_templates.txt,medium,Reviewed AD 1 placement; modern or duplicate field label removed.,false
location,kosiv,pocutia_province,land,Costobocian Prut,local geography / sourced AD 1 parent frame / English,reviewed ancient identity or anti-anachronism reconstruction,GEO-PROXY;installed:in_game/map_data/location_templates.txt,medium,Reviewed AD 1 placement; modern or duplicate field label removed.,false
location,koskoak,koksoak_province,land,Ungava–Koksoak Tundra Plain,local geography / sourced AD 1 parent frame / English,ancient-parent local-feature construction,GEO-PROXY;installed:in_game/map_data/location_templates.txt,medium,AD 1 local label within the researched parent frame.,false
location,koskuduk,lower_emba_province,land,Emba–Caspian Sarmatian Steppe,local geography / sourced AD 1 parent frame / English,ancient-parent local-feature construction,GEO-PROXY;installed:in_game/map_data/location_templates.txt,medium,AD 1 local label within the researched parent frame.,false
location,kosoge,semien_province,land,Aksumite Semien–Tekeze Uplands,local geography / sourced AD 1 parent frame / English,ancient-parent local-feature construction,GEO-PROXY;installed:in_game/map_data/location_templates.txt,medium,AD 1 local label within the researched parent frame.,false
location,koson,bukhara_province,land,Kason of Sogdiana,local geography / sourced AD 1 parent frame / English,reviewed ancient identity or anti-anachronism reconstruction,GEO-PROXY;installed:in_game/map_data/location_templates.txt,medium,Reviewed AD 1 placement; modern or duplicate field label removed.,false
location,kosozhichi,kursk_province,land,Zarubintsy Seim–Don March,local geography / sourced AD 1 parent frame / English,reviewed ancient identity or anti-anachronism reconstruction,GEO-PROXY;installed:in_game/map_data/location_templates.txt,medium,Reviewed AD 1 placement; modern or duplicate field label removed.,false
location,kosrae,kosrae_province,land,Carolinian Island,local geography / sourced AD 1 parent frame / English,reviewed ancient identity or anti-anachronism reconstruction,GEO-PROXY;installed:in_game/map_data/location_templates.txt,medium,Reviewed AD 1 placement; modern or duplicate field label removed.,false
location,kosrae_coast,chuuk_sea_zones_province,sea,Chuuk–Pohnpei Coastal Sound,local geography / sourced AD 1 parent frame / English,reviewed ancient identity or anti-anachronism reconstruction,GEO-PROXY;installed:in_game/map_data/location_templates.txt,medium,Reviewed AD 1 placement; modern or duplicate field label removed.,false
location,kosrae_high_sea_1,chuuk_sea_zones_province,sea,Chuuk–Pohnpei Passage,local geography / sourced AD 1 parent frame / English,reviewed ancient identity or anti-anachronism reconstruction,GEO-PROXY;installed:in_game/map_data/location_templates.txt,medium,Reviewed AD 1 placement; modern or duplicate field label removed.,false
location,kosrae_high_sea_2,chuuk_sea_zones_province,sea,Chuuk–Pohnpei Offing,local geography / sourced AD 1 parent frame / English,reviewed ancient identity or anti-anachronism reconstruction,GEO-PROXY;installed:in_game/map_data/location_templates.txt,medium,Reviewed AD 1 placement; modern or duplicate field label removed.,false
location,kosrae_high_sea_3,chuuk_sea_zones_province,sea,Chuuk–Pohnpei Sound,local geography / sourced AD 1 parent frame / English,reviewed ancient identity or anti-anachronism reconstruction,GEO-PROXY;installed:in_game/map_data/location_templates.txt,medium,Reviewed AD 1 placement; modern or duplicate field label removed.,false
location,kosrae_high_sea_4,chuuk_sea_zones_province,sea,Chuuk–Pohnpei Bight,local geography / sourced AD 1 parent frame / English,reviewed ancient identity or anti-anachronism reconstruction,GEO-PROXY;installed:in_game/map_data/location_templates.txt,medium,Reviewed AD 1 placement; modern or duplicate field label removed.,false
location,kostenets,zagore_province,land,Odrysian Hebrus Highlands,local geography / sourced AD 1 parent frame / English,reviewed ancient identity or anti-anachronism reconstruction,GEO-PROXY;installed:in_game/map_data/location_templates.txt,medium,Reviewed AD 1 placement; modern or duplicate field label removed.,false
location,kostopil,rivne_province,land,Zarubintsy Horyn–Sluch Lands,local geography / sourced AD 1 parent frame / English,reviewed ancient identity or anti-anachronism reconstruction,GEO-PROXY;installed:in_game/map_data/location_templates.txt,medium,Reviewed AD 1 placement; modern or duplicate field label removed.,false
location,kostroma,kostroma_province,land,Dyakovo Volga–Kostroma Forest,local geography / sourced AD 1 parent frame / English,reviewed ancient identity or anti-anachronism reconstruction,GEO-PROXY;installed:in_game/map_data/location_templates.txt,medium,Reviewed AD 1 placement; modern or duplicate field label removed.,false
location,koszalin,koslin_province,land,Gothonic Parsenta Coast,local geography / sourced AD 1 parent frame / English,reviewed ancient identity or anti-anachronism reconstruction,GEO-PROXY;installed:in_game/map_data/location_templates.txt,medium,Reviewed AD 1 placement; modern or duplicate field label removed.,false
location,kot_addu,derajat_province,land,Middle-Sindhu Sulaiman,local geography / sourced AD 1 parent frame / English,reviewed ancient identity or anti-anachronism reconstruction,GEO-PROXY;installed:in_game/map_data/location_templates.txt,medium,Reviewed AD 1 placement; modern or duplicate field label removed.,false
location,kot_lalu,northern_sindh_province,land,Sauvira Middle-Indus Lands,local geography / sourced AD 1 parent frame / English,reviewed ancient identity or anti-anachronism reconstruction,GEO-PROXY;installed:in_game/map_data/location_templates.txt,medium,Reviewed AD 1 placement; modern or duplicate field label removed.,false
location,kot_marot,cholistan_province,land,Sauvira Hakra Oasis,local geography / sourced AD 1 parent frame / English,reviewed ancient identity or anti-anachronism reconstruction,GEO-PROXY;installed:in_game/map_data/location_templates.txt,medium,Reviewed AD 1 placement; modern or duplicate field label removed.,false
location,kota,hadoti,land,Malava–Matsya Chambal Country,local geography / sourced AD 1 parent frame / English,reviewed ancient identity or anti-anachronism reconstruction,GEO-PROXY;installed:in_game/map_data/location_templates.txt,medium,Reviewed AD 1 placement; modern or duplicate field label removed.,false
location,kota_kapur,bangka_province,land,Bangka Megalithic Port,local geography / sourced AD 1 parent frame / English,reviewed ancient identity or anti-anachronism reconstruction,GEO-PROXY;installed:in_game/map_data/location_templates.txt,medium,Reviewed AD 1 placement; modern or duplicate field label removed.,false
location,kota_marudu,kudat_province,land,Metal-Age Coast,local geography / sourced AD 1 parent frame / English,reviewed ancient identity or anti-anachronism reconstruction,GEO-PROXY;installed:in_game/map_data/location_templates.txt,medium,Reviewed AD 1 placement; modern or duplicate field label removed.,false
location,kota_pinang,pannai_province,land,Toba–Barumun Batak Lands,local geography / sourced AD 1 parent frame / English,reviewed ancient identity or anti-anachronism reconstruction,GEO-PROXY;installed:in_game/map_data/location_templates.txt,medium,Reviewed AD 1 placement; modern or duplicate field label removed.,false
location,kota_rentang,deli_province,land,East-Sumatran River Exchange,local geography / sourced AD 1 parent frame / English,reviewed ancient identity or anti-anachronism reconstruction,GEO-PROXY;installed:in_game/map_data/location_templates.txt,medium,Reviewed AD 1 placement; modern or duplicate field label removed.,false
location,kotabumi,tulangbawang_province,land,Tulangbawang–Mesuji River,local geography / sourced AD 1 parent frame / English,reviewed ancient identity or anti-anachronism reconstruction,GEO-PROXY;installed:in_game/map_data/location_templates.txt,medium,Reviewed AD 1 placement; modern or duplicate field label removed.,false
location,kotagad,kalahandi_garjat,land,Mahakantara–Kalinga Uplands,local geography / sourced AD 1 parent frame / English,reviewed ancient identity or anti-anachronism reconstruction,GEO-PROXY;installed:in_game/map_data/location_templates.txt,medium,Reviewed AD 1 placement; modern or duplicate field label removed.,false
location,kotalipara,khalifatabad_province,land,Vanga–Samatata Delta,local geography / sourced AD 1 parent frame / English,reviewed ancient identity or anti-anachronism reconstruction,GEO-PROXY;installed:in_game/map_data/location_templates.txt,medium,Reviewed AD 1 placement; modern or duplicate field label removed.,false
location,kotano_muna,butung_province,land,Buton Island,local geography / sourced AD 1 parent frame / English,reviewed ancient identity or anti-anachronism reconstruction,GEO-PROXY;installed:in_game/map_data/location_templates.txt,medium,Reviewed AD 1 placement; modern or duplicate field label removed.,false
location,kotawaringin_bay,sukadana_coast_sea_province,sea,Karimata–Kapuas Sea Lane,local geography / sourced AD 1 parent frame / English,reviewed ancient identity or anti-anachronism reconstruction,GEO-PROXY;installed:in_game/map_data/location_templates.txt,medium,Reviewed AD 1 placement; modern or duplicate field label removed.,false
location,kotawaringin_lama,lamandau_province,land,Lamandau–Jelai River Lands,local geography / sourced AD 1 parent frame / English,reviewed ancient identity or anti-anachronism reconstruction,GEO-PROXY;installed:in_game/map_data/location_templates.txt,medium,Reviewed AD 1 placement; modern or duplicate field label removed.,false
location,kotelva,donetsk_province,land,Donets–Vorskla Sarmatian,local geography / sourced AD 1 parent frame / English,reviewed ancient identity or anti-anachronism reconstruction,GEO-PROXY;installed:in_game/map_data/location_templates.txt,medium,Reviewed AD 1 placement; modern or duplicate field label removed.,false
location,kothagudem,khammamet_province,land,Andhra Godavari Forest,local geography / sourced AD 1 parent frame / English,reviewed ancient identity or anti-anachronism reconstruction,GEO-PROXY;installed:in_game/map_data/location_templates.txt,medium,Reviewed AD 1 placement; modern or duplicate field label removed.,false
location,kotonkoro,yauri_province,land,Niger–Kontagora Post-Nok,local geography / sourced AD 1 parent frame / English,ancient-parent local-feature construction,GEO-PROXY;installed:in_game/map_data/location_templates.txt,medium,AD 1 local label within the researched parent frame.,false
location,kotor,zeta_province,land,Acruvium,local geography / sourced AD 1 parent frame / English,reviewed ancient identity or anti-anachronism reconstruction,GEO-PROXY;installed:in_game/map_data/location_templates.txt,medium,Reviewed AD 1 placement; modern or duplicate field label removed.,false
location,kotosh,kotosh_province,land,Ceremonial Highlands,local geography / sourced AD 1 parent frame / English,reviewed ancient identity or anti-anachronism reconstruction,GEO-PROXY;installed:in_game/map_data/location_templates.txt,medium,Reviewed AD 1 placement; modern or duplicate field label removed.,false
location,kotovo,yelan_province,land,Aorsi Medveditsa Steppe,local geography / sourced AD 1 parent frame / English,reviewed ancient identity or anti-anachronism reconstruction,GEO-PROXY;installed:in_game/map_data/location_templates.txt,medium,Reviewed AD 1 placement; modern or duplicate field label removed.,false
location,kotpad,kalahandi_garjat,land,Mahakantara Southern Uplands,local geography / sourced AD 1 parent frame / English,reviewed ancient identity or anti-anachronism reconstruction,GEO-PROXY;installed:in_game/map_data/location_templates.txt,medium,Reviewed AD 1 placement; modern or duplicate field label removed.,false
location,kotra_lake,changtang_province,land,Northern-Tibetan Plateau Lake,local geography / sourced AD 1 parent frame / English,reviewed ancient identity or anti-anachronism reconstruction,GEO-PROXY;installed:in_game/map_data/location_templates.txt,medium,Reviewed AD 1 placement; modern or duplicate field label removed.,false
location,kotri,lower_sindh_province,land,Patala–Barbarikon Delta,local geography / sourced AD 1 parent frame / English,reviewed ancient identity or anti-anachronism reconstruction,GEO-PROXY;installed:in_game/map_data/location_templates.txt,medium,Reviewed AD 1 placement; modern or duplicate field label removed.,false
location,kottarakkara,ve_nadu,land,Chera Southern Kollam Lands,local geography / sourced AD 1 parent frame / English,reviewed ancient identity or anti-anachronism reconstruction,GEO-PROXY;installed:in_game/map_data/location_templates.txt,medium,Reviewed AD 1 placement; modern or duplicate field label removed.,false
location,kotte,dakhina_desa,land,Rohana Western Lanka,local geography / sourced AD 1 parent frame / English,reviewed ancient identity or anti-anachronism reconstruction,GEO-PROXY;installed:in_game/map_data/location_templates.txt,medium,Reviewed AD 1 placement; modern or duplicate field label removed.,false
location,kotto,djemah_province,land,Ubangi Forest,local geography / sourced AD 1 parent frame / English,ancient-parent local-feature construction,GEO-PROXY;installed:in_game/map_data/location_templates.txt,medium,AD 1 local label within the researched parent frame.,false
location,kouande,kandi_province,land,Niger–Atakora Iron Plain,local geography / sourced AD 1 parent frame / English,ancient-parent local-feature construction,GEO-PROXY;installed:in_game/map_data/location_templates.txt,medium,AD 1 local label within the researched parent frame.,false
location,kouate,stadacona_province,land,Headlands Hills,local geography / sourced AD 1 parent frame / English,ancient-parent local-feature construction,GEO-PROXY;installed:in_game/map_data/location_templates.txt,medium,AD 1 local label within the researched parent frame.,false
location,kouchibouguac,siknikt_province,land,Maritime Forest,local geography / sourced AD 1 parent frame / English,ancient-parent local-feature construction,GEO-PROXY;installed:in_game/map_data/location_templates.txt,medium,AD 1 local label within the researched parent frame.,false
location,koudougou,ouagadougou_province,land,Nakambe–Mouhoun Country,local geography / sourced AD 1 parent frame / English,ancient-parent local-feature construction,GEO-PROXY;installed:in_game/map_data/location_templates.txt,medium,AD 1 local label within the researched parent frame.,false
location,kougouri,boussouma_province,land,White Volta–Nakambé Iron Lands,local geography / sourced AD 1 parent frame / English,ancient-parent local-feature construction,GEO-PROXY;installed:in_game/map_data/location_templates.txt,medium,AD 1 local label within the researched parent frame.,false
location,kouka,oumi_province,land,Yayoi Ōmi Lake-Country,local geography / sourced AD 1 parent frame / English,ancient-parent local-feature construction,GEO-PROXY;installed:in_game/map_data/location_templates.txt,medium,AD 1 local label within the researched parent frame.,false
location,koulikoro,bambara_province,land,Niger–Bani Networks Lands,local geography / sourced AD 1 parent frame / English,ancient-parent local-feature construction,GEO-PROXY;installed:in_game/map_data/location_templates.txt,medium,AD 1 local label within the researched parent frame.,false
location,koumbi_saleh,ghana_province,land,Aoukar–Walata Sahel,local geography / sourced AD 1 parent frame / English,reviewed ancient identity or anti-anachronism reconstruction,GEO-PROXY;installed:in_game/map_data/location_templates.txt,medium,Reviewed AD 1 placement; modern or duplicate field label removed.,false
location,koure,dosso_province,land,Niger–Dallol Iron Plain,local geography / sourced AD 1 parent frame / English,ancient-parent local-feature construction,GEO-PROXY;installed:in_game/map_data/location_templates.txt,medium,AD 1 local label within the researched parent frame.,false
location,kourim,prague_province,land,Marcomannic Vltava–Elbe Lands,local geography / sourced AD 1 parent frame / English,reviewed ancient identity or anti-anachronism reconstruction,GEO-PROXY;installed:in_game/map_data/location_templates.txt,medium,Reviewed AD 1 placement; modern or duplicate field label removed.,false
location,kourou,paramaribo_province,land,Saladoid Maroni–Suriname Coast,local geography / sourced AD 1 parent frame / English,ancient-parent local-feature construction,GEO-PROXY;installed:in_game/map_data/location_templates.txt,medium,AD 1 local label within the researched parent frame.,false
location,kourouninkoto,kaarta_province,land,Nioro–Kolokani Sahel Hills,local geography / sourced AD 1 parent frame / English,ancient-parent local-feature construction,GEO-PROXY;installed:in_game/map_data/location_templates.txt,medium,AD 1 local label within the researched parent frame.,false
location,kouroussa,bure_province,land,Milo–Upper Niger Ironworking,local geography / sourced AD 1 parent frame / English,ancient-parent local-feature construction,GEO-PROXY;installed:in_game/map_data/location_templates.txt,medium,AD 1 local label within the researched parent frame.,false
location,koushi,higo_province,land,Aso–Yatsushiro Wa Lands,local geography / sourced AD 1 parent frame / English,reviewed ancient identity or anti-anachronism reconstruction,GEO-PROXY;installed:in_game/map_data/location_templates.txt,medium,Reviewed AD 1 placement; modern or duplicate field label removed.,false
location,koutiala,tengrela_province,land,Niger–Sankarani Sahel Lands,local geography / sourced AD 1 parent frame / English,ancient-parent local-feature construction,GEO-PROXY;installed:in_game/map_data/location_templates.txt,medium,AD 1 local label within the researched parent frame.,false
location,kovda,white_karelia_province,land,Finnic Kem–Kovda Forest,local geography / sourced AD 1 parent frame / English,reviewed ancient identity or anti-anachronism reconstruction,GEO-PROXY;installed:in_game/map_data/location_templates.txt,medium,Reviewed AD 1 placement; modern or duplicate field label removed.,false
location,kovel,volodymyr_province,land,North Bug,local geography / sourced AD 1 parent frame / English,reviewed ancient identity or anti-anachronism reconstruction,GEO-PROXY;installed:in_game/map_data/location_templates.txt,medium,Reviewed AD 1 placement; modern or duplicate field label removed.,false
location,kovernino,uren_province,land,Gorodets Vetluga–Kerzhenets,local geography / sourced AD 1 parent frame / English,reviewed ancient identity or anti-anachronism reconstruction,GEO-PROXY;installed:in_game/map_data/location_templates.txt,medium,Reviewed AD 1 placement; modern or duplicate field label removed.,false
location,kovin,west_banat_province,land,Margum,local geography / sourced AD 1 parent frame / English,reviewed Pleiades ancient settlement identity,https://pleiades.stoa.org/places/207267,medium,Period-valid ancient settlement placed on the reviewed engine field.,false
location,kovran,south_alyutor_province,land,Palana–Tigil Coastal Hunting,local geography / sourced AD 1 parent frame / English,ancient-parent local-feature construction,GEO-PROXY;installed:in_game/map_data/location_templates.txt,medium,AD 1 local label within the researched parent frame.,false
location,kowal,kuyavia_province,land,Przeworsk Noteć–Vistula,local geography / sourced AD 1 parent frame / English,ancient-parent local-feature construction,GEO-PROXY;installed:in_game/map_data/location_templates.txt,medium,AD 1 local label within the researched parent frame.,false
location,koy_aike,chubut_province,land,Tehuelche Lake-Steppe Lands,local geography / sourced AD 1 parent frame / English,reviewed ancient identity or anti-anachronism reconstruction,GEO-PROXY;installed:in_game/map_data/location_templates.txt,medium,Reviewed AD 1 placement; modern or duplicate field label removed.,false
location,koyda,kuloy_province,land,Pinega–Kuloy Early-Metal,local geography / sourced AD 1 parent frame / English,reviewed ancient identity or anti-anachronism reconstruction,GEO-PROXY;installed:in_game/map_data/location_templates.txt,medium,Reviewed AD 1 placement; modern or duplicate field label removed.,false
location,koyeti,southern_yokut_province,land,Yokuts Tulare–San-Joaquin,local geography / sourced AD 1 parent frame / English,reviewed ancient identity or anti-anachronism reconstruction,GEO-PROXY;installed:in_game/map_data/location_templates.txt,medium,Reviewed AD 1 placement; modern or duplicate field label removed.,false
location,koygorodok,lalsk_province,land,Vychegda–Sysola Glyadenovo,local geography / sourced AD 1 parent frame / English,reviewed ancient identity or anti-anachronism reconstruction,GEO-PROXY;installed:in_game/map_data/location_templates.txt,medium,Reviewed AD 1 placement; modern or duplicate field label removed.,false
location,koyoongkawi,sacramento_province,land,Windmiller Sacramento–Feather,local geography / sourced AD 1 parent frame / English,ancient-parent local-feature construction,GEO-PROXY;installed:in_game/map_data/location_templates.txt,medium,AD 1 local label within the researched parent frame.,false
location,koyu,hyuuga_province,land,Miyazaki Wa Coast,local geography / sourced AD 1 parent frame / English,reviewed ancient identity or anti-anachronism reconstruction,GEO-PROXY;installed:in_game/map_data/location_templates.txt,medium,Reviewed AD 1 placement; modern or duplicate field label removed.,false
location,koyukon_forest,west_dennaakke_province,land,Dene Lower-Kwiguk Forest,local geography / sourced AD 1 parent frame / English,reviewed ancient identity or anti-anachronism reconstruction,GEO-PROXY;installed:in_game/map_data/location_templates.txt,medium,Reviewed AD 1 placement; modern or duplicate field label removed.,false
location,koyukuk,west_dennaakke_province,land,Dene River Lands,local geography / sourced AD 1 parent frame / English,reviewed ancient identity or anti-anachronism reconstruction,GEO-PROXY;installed:in_game/map_data/location_templates.txt,medium,Reviewed AD 1 placement; modern or duplicate field label removed.,false
location,koyukuk_forest,west_dennaakke_province,land,Dene Upper Forest,local geography / sourced AD 1 parent frame / English,reviewed ancient identity or anti-anachronism reconstruction,GEO-PROXY;installed:in_game/map_data/location_templates.txt,medium,Reviewed AD 1 placement; modern or duplicate field label removed.,false
location,koyulhisar,tokat_province,land,Pontic Comana–Zela Lands,local geography / sourced AD 1 parent frame / English,reviewed ancient identity or anti-anachronism reconstruction,GEO-PROXY;installed:in_game/map_data/location_templates.txt,medium,Reviewed AD 1 placement; modern or duplicate field label removed.,false
location,kozara,una_sana_province,land,Iapodian Una–Sana Highlands,local geography / sourced AD 1 parent frame / English,reviewed ancient identity or anti-anachronism reconstruction,GEO-PROXY;installed:in_game/map_data/location_templates.txt,medium,Reviewed AD 1 placement; modern or duplicate field label removed.,false
location,kozelets,pereiaslav_province,land,Zarubintsy Dnieper–Desna Lands,local geography / sourced AD 1 parent frame / English,reviewed ancient identity or anti-anachronism reconstruction,GEO-PROXY;installed:in_game/map_data/location_templates.txt,medium,Reviewed AD 1 placement; modern or duplicate field label removed.,false
location,kozelj,vidin_province,land,Ratiaria–Bononia Moesian Lands,local geography / sourced AD 1 parent frame / English,reviewed ancient identity or anti-anachronism reconstruction,GEO-PROXY;installed:in_game/map_data/location_templates.txt,medium,Reviewed AD 1 placement; modern or duplicate field label removed.,false
location,kozelsk,kozelsk_province,land,Upper-Oka Forest,local geography / sourced AD 1 parent frame / English,reviewed ancient identity or anti-anachronism reconstruction,GEO-PROXY;installed:in_game/map_data/location_templates.txt,medium,Reviewed AD 1 placement; modern or duplicate field label removed.,false
location,kozhakol,arykbalyk_province,lake,Kokshetau Sargat Lake,local geography / sourced AD 1 parent frame / English,reviewed ancient identity or anti-anachronism reconstruction,GEO-PROXY;installed:in_game/map_data/location_templates.txt,medium,Reviewed AD 1 placement; modern or duplicate field label removed.,false
location,kozhevnikovo,krivoshchekovo_province,land,Sargat Ob–Baraba Forest-Steppe,local geography / sourced AD 1 parent frame / English,reviewed ancient identity or anti-anachronism reconstruction,GEO-PROXY;installed:in_game/map_data/location_templates.txt,medium,Reviewed AD 1 placement; modern or duplicate field label removed.,false
location,kozhikode,kuda_nadu,land,Tyndis Coastlands,local geography / sourced AD 1 parent frame / English,reviewed ancient identity or anti-anachronism reconstruction,GEO-PROXY;installed:in_game/map_data/location_templates.txt,medium,Reviewed AD 1 placement; modern or duplicate field label removed.,false
location,kozle,tesin_province,land,Przeworsk Upper-Oder–Beskid,local geography / sourced AD 1 parent frame / English,reviewed ancient identity or anti-anachronism reconstruction,GEO-PROXY;installed:in_game/map_data/location_templates.txt,medium,Reviewed AD 1 placement; modern or duplicate field label removed.,false
location,kozlov,lipetsk_province,land,Upper-Don Gorodets Eastern,local geography / sourced AD 1 parent frame / English,reviewed ancient identity or anti-anachronism reconstruction,GEO-PROXY;installed:in_game/map_data/location_templates.txt,medium,Reviewed AD 1 placement; modern or duplicate field label removed.,false
location,kozlov_vyazma,kozlov_province,land,Dnieper–Dvina Plain,local geography / sourced AD 1 parent frame / English,reviewed ancient identity or anti-anachronism reconstruction,GEO-PROXY;installed:in_game/map_data/location_templates.txt,medium,Reviewed AD 1 placement; modern or duplicate field label removed.,false
location,kozluk,hasankeyf_province,land,Cholimma,local geography / sourced AD 1 parent frame / English,reviewed Pleiades ancient settlement identity,https://pleiades.stoa.org/places/874774,medium,Period-valid ancient settlement placed on the reviewed engine field.,false
location,kozmin,pyzdry_province,land,Prosna–Warta Przeworsk Country,local geography / sourced AD 1 parent frame / English,ancient-parent local-feature construction,GEO-PROXY;installed:in_game/map_data/location_templates.txt,medium,AD 1 local label within the researched parent frame.,false
location,kozmodemyansk,cheboksary_province,land,Middle-Volga Gorodets Lands,local geography / sourced AD 1 parent frame / English,reviewed ancient identity or anti-anachronism reconstruction,GEO-PROXY;installed:in_game/map_data/location_templates.txt,medium,Reviewed AD 1 placement; modern or duplicate field label removed.,false
location,kozuchow,glogow_province,land,Lugian Middle-Oder Lands,local geography / sourced AD 1 parent frame / English,reviewed ancient identity or anti-anachronism reconstruction,GEO-PROXY;installed:in_game/map_data/location_templates.txt,medium,Reviewed AD 1 placement; modern or duplicate field label removed.,false
location,kozyrevsk,west_itelmen_province,land,Itelmen Khayryuzova Coast,local geography / sourced AD 1 parent frame / English,reviewed ancient identity or anti-anachronism reconstruction,GEO-PROXY;installed:in_game/map_data/location_templates.txt,medium,Reviewed AD 1 placement; modern or duplicate field label removed.,false
location,kpalime,ewe_province,land,Volta–Mono Foothills,local geography / sourced AD 1 parent frame / English,reviewed ancient identity or anti-anachronism reconstruction,GEO-PROXY;installed:in_game/map_data/location_templates.txt,medium,Reviewed AD 1 placement; modern or duplicate field label removed.,false
location,kra_buri,tenasserim_coast_province,sea,Kra–Mergui Maritime Passage,local geography / sourced AD 1 parent frame / English,reviewed ancient identity or anti-anachronism reconstruction,GEO-PROXY;installed:in_game/map_data/location_templates.txt,medium,Reviewed AD 1 placement; modern or duplicate field label removed.,false
location,kra_jungle,west_kra_province,land,Kra Peninsula Rainforest,local geography / sourced AD 1 parent frame / English,reviewed ancient identity or anti-anachronism reconstruction,GEO-PROXY;installed:in_game/map_data/location_templates.txt,medium,Reviewed AD 1 placement; modern or duplicate field label removed.,false
location,krabi,west_kra_province,land,Golden-Chersonese Western,local geography / sourced AD 1 parent frame / English,reviewed ancient identity or anti-anachronism reconstruction,GEO-PROXY;installed:in_game/map_data/location_templates.txt,medium,Reviewed AD 1 placement; modern or duplicate field label removed.,false
location,kraburi,west_kra_province,land,Kra Peninsula Riverlands,local geography / sourced AD 1 parent frame / English,reviewed ancient identity or anti-anachronism reconstruction,GEO-PROXY;installed:in_game/map_data/location_templates.txt,medium,Reviewed AD 1 placement; modern or duplicate field label removed.,false
location,kracheh,kracheh_province,land,Mekong Riverlands,local geography / sourced AD 1 parent frame / English,reviewed ancient identity or anti-anachronism reconstruction,GEO-PROXY;installed:in_game/map_data/location_templates.txt,medium,Reviewed AD 1 placement; modern or duplicate field label removed.,false
location,kraho,tocantins_province,land,Jê Araguaia Lands,local geography / sourced AD 1 parent frame / English,ancient-parent local-feature construction,GEO-PROXY;installed:in_game/map_data/location_templates.txt,medium,AD 1 local label within the researched parent frame.,false
location,krakow,krakow_province,land,Carrodunum,local geography / sourced AD 1 parent frame / English,reviewed ancient identity or anti-anachronism reconstruction,GEO-PROXY;installed:in_game/map_data/location_templates.txt,medium,Reviewed AD 1 placement; modern or duplicate field label removed.,false
location,kramuon_sa,or_keo_province,land,Funan Angkor-Borei–Bassac,local geography / sourced AD 1 parent frame / English,reviewed ancient identity or anti-anachronism reconstruction,GEO-PROXY;installed:in_game/map_data/location_templates.txt,medium,Reviewed AD 1 placement; modern or duplicate field label removed.,false
location,kran,zagore_province,land,Odrysian Hebrus Foothills,local geography / sourced AD 1 parent frame / English,reviewed ancient identity or anti-anachronism reconstruction,GEO-PROXY;installed:in_game/map_data/location_templates.txt,medium,Reviewed AD 1 placement; modern or duplicate field label removed.,false
location,kranj,upper_carniola_province,land,Carnium,local geography / sourced AD 1 parent frame / English,reviewed classical settlement identity,PLE-CARNIUM;BAT-NORICUM,high,Direct ancient Carnium label at the installed Kranj field.,false
location,krasavino,ystyug_province,land,East Yug,local geography / sourced AD 1 parent frame / English,reviewed ancient identity or anti-anachronism reconstruction,GEO-PROXY;installed:in_game/map_data/location_templates.txt,medium,Reviewed AD 1 placement; modern or duplicate field label removed.,false
location,kraslava,latgalia_province,land,Daugava–Lubans Pottery Lands,local geography / sourced AD 1 parent frame / English,reviewed ancient identity or anti-anachronism reconstruction,GEO-PROXY;installed:in_game/map_data/location_templates.txt,medium,Reviewed AD 1 placement; modern or duplicate field label removed.,false
location,krasnaya_gorka,krasnaya_gorka_province,land,Sarmatian Belaya–Ufa Uplands,local geography / sourced AD 1 parent frame / English,reviewed ancient identity or anti-anachronism reconstruction,GEO-PROXY;installed:in_game/map_data/location_templates.txt,medium,Reviewed AD 1 placement; modern or duplicate field label removed.,false
location,krasnoe,lahoysk_province,land,Zarubintsy Berezina Lands,local geography / sourced AD 1 parent frame / English,reviewed ancient identity or anti-anachronism reconstruction,GEO-PROXY;installed:in_game/map_data/location_templates.txt,medium,Reviewed AD 1 placement; modern or duplicate field label removed.,false
location,krasnopillia,sumy_province,land,Sarmatian Psel–Seim Steppe,local geography / sourced AD 1 parent frame / English,reviewed ancient identity or anti-anachronism reconstruction,GEO-PROXY;installed:in_game/map_data/location_templates.txt,medium,Reviewed AD 1 placement; modern or duplicate field label removed.,false
location,krasnoslobodsk,sarov_province,land,Gorodets Moksha–Sura Lands,local geography / sourced AD 1 parent frame / English,reviewed ancient identity or anti-anachronism reconstruction,GEO-PROXY;installed:in_game/map_data/location_templates.txt,medium,Reviewed AD 1 placement; modern or duplicate field label removed.,false
location,krasnoufimsk,bisert_province,land,Sylva–Chusovaya Forest,local geography / sourced AD 1 parent frame / English,reviewed ancient identity or anti-anachronism reconstruction,GEO-PROXY;installed:in_game/map_data/location_templates.txt,medium,Reviewed AD 1 placement; modern or duplicate field label removed.,false
location,krasnoyarsk,kansk_province,land,Tashtyk Kan–Yenisei Lands,local geography / sourced AD 1 parent frame / English,reviewed ancient identity or anti-anachronism reconstruction,GEO-PROXY;installed:in_game/map_data/location_templates.txt,medium,Reviewed AD 1 placement; modern or duplicate field label removed.,false
location,krasny,smolensk_province,land,Dnieper–Dvina Upper-Dnieper,local geography / sourced AD 1 parent frame / English,reviewed ancient identity or anti-anachronism reconstruction,GEO-PROXY;installed:in_game/map_data/location_templates.txt,medium,Reviewed AD 1 placement; modern or duplicate field label removed.,false
location,krasny_bor,ustye_province,land,Finnic Northern-Dvina Forest,local geography / sourced AD 1 parent frame / English,reviewed ancient identity or anti-anachronism reconstruction,GEO-PROXY;installed:in_game/map_data/location_templates.txt,medium,Reviewed AD 1 placement; modern or duplicate field label removed.,false
location,krasny_kut_pontic,piterka_province,land,Aorsi Yik–Lower-Rha Lands,local geography / sourced AD 1 parent frame / English,reviewed ancient identity or anti-anachronism reconstruction,GEO-PROXY;installed:in_game/map_data/location_templates.txt,medium,Reviewed AD 1 placement; modern or duplicate field label removed.,false
location,krasny_sulin,tana_province,land,Maeotian Kalmius–Don Steppe,local geography / sourced AD 1 parent frame / English,reviewed ancient identity or anti-anachronism reconstruction,GEO-PROXY;installed:in_game/map_data/location_templates.txt,medium,Reviewed AD 1 placement; modern or duplicate field label removed.,false
location,krasny_yar,astrakhan_province,land,Aorsi Lower-Rha Delta,local geography / sourced AD 1 parent frame / English,reviewed ancient identity or anti-anachronism reconstruction,GEO-PROXY;installed:in_game/map_data/location_templates.txt,medium,Reviewed AD 1 placement; modern or duplicate field label removed.,false
location,krasnyano,south_onmilin_province,land,Anadyr Hunting Lands,local geography / sourced AD 1 parent frame / English,reviewed ancient identity or anti-anachronism reconstruction,GEO-PROXY;installed:in_game/map_data/location_templates.txt,medium,Reviewed AD 1 placement; modern or duplicate field label removed.,false
location,krasnye_baki,uren_province,land,Gorodets Vetluga Kerzhenets,local geography / sourced AD 1 parent frame / English,reviewed ancient identity or anti-anachronism reconstruction,GEO-PROXY;installed:in_game/map_data/location_templates.txt,medium,Reviewed AD 1 placement; modern or duplicate field label removed.,false
location,krasnystaw,chelm_province,land,South Bug,local geography / sourced AD 1 parent frame / English,reviewed ancient identity or anti-anachronism reconstruction,GEO-PROXY;installed:in_game/map_data/location_templates.txt,medium,Reviewed AD 1 placement; modern or duplicate field label removed.,false
location,kratovo,vardar_province,land,Paeonian Axios–Dardania March,local geography / sourced AD 1 parent frame / English,reviewed ancient identity or anti-anachronism reconstruction,GEO-PROXY;installed:in_game/map_data/location_templates.txt,medium,Reviewed AD 1 placement; modern or duplicate field label removed.,false
location,krauatungalung,bombala_province,land,Ngarigo Monaro Uplands,local geography / sourced AD 1 parent frame / English,reviewed ancient identity or anti-anachronism reconstruction,GEO-PROXY;installed:in_game/map_data/location_templates.txt,medium,Reviewed AD 1 placement; modern or duplicate field label removed.,false
location,kraziai,siauliai_province,land,West-Baltic Venta–Lielupe,local geography / sourced AD 1 parent frame / English,reviewed ancient identity or anti-anachronism reconstruction,GEO-PROXY;installed:in_game/map_data/location_templates.txt,medium,Reviewed AD 1 placement; modern or duplicate field label removed.,false
location,krebedje,ouaka_province,land,Ubangian Ouaka–Gribingui Lands,local geography / sourced AD 1 parent frame / English,reviewed ancient identity or anti-anachronism reconstruction,GEO-PROXY;installed:in_game/map_data/location_templates.txt,medium,Reviewed AD 1 placement; modern or duplicate field label removed.,false
location,kremenchuk,poltava_province,land,Zarubintsy Vorskla–Psel Lands,local geography / sourced AD 1 parent frame / English,reviewed ancient identity or anti-anachronism reconstruction,GEO-PROXY;installed:in_game/map_data/location_templates.txt,medium,Reviewed AD 1 placement; modern or duplicate field label removed.,false
location,kremenets,kremenets_province,land,Zarubintsy Volhynian Uplands,local geography / sourced AD 1 parent frame / English,reviewed ancient identity or anti-anachronism reconstruction,GEO-PROXY;installed:in_game/map_data/location_templates.txt,medium,Reviewed AD 1 placement; modern or duplicate field label removed.,false
location,kremenskaya,kremenskaya_province,land,Aorsi Don-Bend Lands,local geography / sourced AD 1 parent frame / English,reviewed ancient identity or anti-anachronism reconstruction,GEO-PROXY;installed:in_game/map_data/location_templates.txt,medium,Reviewed AD 1 placement; modern or duplicate field label removed.,false
location,kreminna,bakhmut_province,land,Aorsi Donets Steppe,local geography / sourced AD 1 parent frame / English,reviewed ancient identity or anti-anachronism reconstruction,GEO-PROXY;installed:in_game/map_data/location_templates.txt,medium,Reviewed AD 1 placement; modern or duplicate field label removed.,false
location,kremnica,hont_province,land,Cotini Hron–Ipoly Uplands,local geography / sourced AD 1 parent frame / English,reviewed ancient identity or anti-anachronism reconstruction,GEO-PROXY;installed:in_game/map_data/location_templates.txt,medium,Reviewed AD 1 placement; modern or duplicate field label removed.,false
location,krems,ober_dem_manhartsberg_province,land,Marcomannic Thaya–Danube Lands,local geography / sourced AD 1 parent frame / English,reviewed ancient identity or anti-anachronism reconstruction,GEO-PROXY;installed:in_game/map_data/location_templates.txt,medium,Reviewed AD 1 placement; modern or duplicate field label removed.,false
location,krenak,itanhomi_province,land,Doce–Manhuaçu Forest,local geography / sourced AD 1 parent frame / English,ancient-parent local-feature construction,GEO-PROXY;installed:in_game/map_data/location_templates.txt,medium,AD 1 local label within the researched parent frame.,false
location,krenye,mearim_province,land,Mearim–Pindaré Ceramic Forest,local geography / sourced AD 1 parent frame / English,ancient-parent local-feature construction,GEO-PROXY;installed:in_game/map_data/location_templates.txt,medium,AD 1 local label within the researched parent frame.,false
location,kresttsy,yazhelbitskaya_province,land,Late-Dyakovo Valdai–Msta Lands,local geography / sourced AD 1 parent frame / English,reviewed ancient identity or anti-anachronism reconstruction,GEO-PROXY;installed:in_game/map_data/location_templates.txt,medium,Reviewed AD 1 placement; modern or duplicate field label removed.,false
location,krestyakh,tuyodakh_province,land,Yukaghir Vilyuy–Lena Lands,local geography / sourced AD 1 parent frame / English,reviewed ancient identity or anti-anachronism reconstruction,GEO-PROXY;installed:in_game/map_data/location_templates.txt,medium,Reviewed AD 1 placement; modern or duplicate field label removed.,false
location,kreuznach,hunsruck_province,land,Vicus Cruciniacum,local geography / sourced AD 1 parent frame / English,reviewed Pleiades ancient settlement identity,https://pleiades.stoa.org/places/109427,medium,Period-valid ancient settlement placed on the reviewed engine field.,false
location,kreva,ashmyany_province,land,Upper-Neman Pottery Lands,local geography / sourced AD 1 parent frame / English,reviewed ancient identity or anti-anachronism reconstruction,GEO-PROXY;installed:in_game/map_data/location_templates.txt,medium,Reviewed AD 1 placement; modern or duplicate field label removed.,false
location,kricatije,tocantins_province,land,Jê Araguaia Plain,local geography / sourced AD 1 parent frame / English,ancient-parent local-feature construction,GEO-PROXY;installed:in_game/map_data/location_templates.txt,medium,AD 1 local label within the researched parent frame.,false
location,kriitina,white_karelia_province,land,Kem–Kovda Woodlands,local geography / sourced AD 1 parent frame / English,ancient-parent local-feature construction,GEO-PROXY;installed:in_game/map_data/location_templates.txt,medium,AD 1 local label within the researched parent frame.,false
location,krios_cape,libyan_sea_province,sea,Akra Offing,local geography / sourced AD 1 parent frame / English,reviewed ancient identity or anti-anachronism reconstruction,GEO-PROXY;installed:in_game/map_data/location_templates.txt,medium,Reviewed AD 1 placement; modern or duplicate field label removed.,false
location,krishnagiri,baramahal,land,Tagadur Northern March,local geography / sourced AD 1 parent frame / English,reviewed ancient identity or anti-anachronism reconstruction,GEO-PROXY;installed:in_game/map_data/location_templates.txt,medium,Reviewed AD 1 placement; modern or duplicate field label removed.,false
location,kristiansand_fjord,skagerrak_province,sea,Germanic Agder Offing,local geography / sourced AD 1 parent frame / English,reviewed ancient identity or anti-anachronism reconstruction,GEO-PROXY;installed:in_game/map_data/location_templates.txt,medium,Reviewed AD 1 placement; modern or duplicate field label removed.,false
location,krivoshchekovo,krivoshchekovo_province,land,Sargat Ob–Baraba Lands,local geography / sourced AD 1 parent frame / English,reviewed ancient identity or anti-anachronism reconstruction,GEO-PROXY;installed:in_game/map_data/location_templates.txt,medium,Reviewed AD 1 placement; modern or duplicate field label removed.,false
location,krk,lika_province,land,Curicum,local geography / sourced AD 1 parent frame / English,reviewed ancient identity or anti-anachronism reconstruction,GEO-PROXY;installed:in_game/map_data/location_templates.txt,medium,Reviewed AD 1 placement; modern or duplicate field label removed.,false
location,krnov,opavsko_province,land,Quadi–Lugii Opava March,local geography / sourced AD 1 parent frame / English,reviewed ancient identity or anti-anachronism reconstruction,GEO-PROXY;installed:in_game/map_data/location_templates.txt,medium,Reviewed AD 1 placement; modern or duplicate field label removed.,false
location,kromelak,karta_pintingga_province,land,Millewa-Coorong Fields,local geography / sourced AD 1 parent frame / English,ancient-parent local-feature construction,GEO-PROXY;installed:in_game/map_data/location_templates.txt,medium,AD 1 local label within the researched parent frame.,false
location,kromy,karachev_province,land,Gorodets Upper-Oka–Desna Lands,local geography / sourced AD 1 parent frame / English,reviewed ancient identity or anti-anachronism reconstruction,GEO-PROXY;installed:in_game/map_data/location_templates.txt,medium,Reviewed AD 1 placement; modern or duplicate field label removed.,false
location,kronach,frankenwald_province,land,Hermunduri Main-Woodlands,local geography / sourced AD 1 parent frame / English,reviewed ancient identity or anti-anachronism reconstruction,GEO-PROXY;installed:in_game/map_data/location_templates.txt,medium,Reviewed AD 1 placement; modern or duplicate field label removed.,false
location,kronotskiy_zaliv2,achava_coast_sea_province,sea,Itelmen Kronotsky Bay,local geography / sourced AD 1 parent frame / English,reviewed ancient identity or anti-anachronism reconstruction,GEO-PROXY;installed:in_game/map_data/location_templates.txt,medium,Reviewed AD 1 placement; modern or duplicate field label removed.,false
location,krosno,sanok_province,land,Przeworsk San–Wislok Lands,local geography / sourced AD 1 parent frame / English,reviewed ancient identity or anti-anachronism reconstruction,GEO-PROXY;installed:in_game/map_data/location_templates.txt,medium,Reviewed AD 1 placement; modern or duplicate field label removed.,false
location,krosno_odrzanskie,zagan_province,land,Przeworsk Oder–Bobr Lands,local geography / sourced AD 1 parent frame / English,reviewed ancient identity or anti-anachronism reconstruction,GEO-PROXY;installed:in_game/map_data/location_templates.txt,medium,Reviewed AD 1 placement; modern or duplicate field label removed.,false
location,krowathunkkooloong,bombala_province,land,Krauatungalung Alpine Lands,local geography / sourced AD 1 parent frame / English,reviewed ancient identity or anti-anachronism reconstruction,GEO-PROXY;installed:in_game/map_data/location_templates.txt,medium,Reviewed AD 1 placement; modern or duplicate field label removed.,false
location,krui,lampung_province,land,Lampung Metal-Age Coast,local geography / sourced AD 1 parent frame / English,reviewed ancient identity or anti-anachronism reconstruction,GEO-PROXY;installed:in_game/map_data/location_templates.txt,medium,Reviewed AD 1 placement; modern or duplicate field label removed.,false
location,krui_bay,bengkulu_coast_sea_province,sea,Barisan Bay,local geography / sourced AD 1 parent frame / English,reviewed ancient identity or anti-anachronism reconstruction,GEO-PROXY;installed:in_game/map_data/location_templates.txt,medium,Reviewed AD 1 placement; modern or duplicate field label removed.,false
location,kruje,albania_province,land,Albanopolis,local geography / sourced AD 1 parent frame / English,reviewed ancient identity or anti-anachronism reconstruction,GEO-PROXY;installed:in_game/map_data/location_templates.txt,medium,Reviewed AD 1 placement; modern or duplicate field label removed.,false
location,krumbach,eastern_upper_swabia_province,land,Vindelician Gunz–Mindel Lands,local geography / sourced AD 1 parent frame / English,reviewed ancient identity or anti-anachronism reconstruction,GEO-PROXY;installed:in_game/map_data/location_templates.txt,medium,Reviewed AD 1 placement; modern or duplicate field label removed.,false
location,krumlov,bechinsko_province,land,Marcomannic Vltava Bend,local geography / sourced AD 1 parent frame / English,reviewed ancient identity or anti-anachronism reconstruction,GEO-PROXY;installed:in_game/map_data/location_templates.txt,medium,Reviewed AD 1 placement; modern or duplicate field label removed.,false
location,krupanj,macva_province,land,Scordiscan Savus Highlands,local geography / sourced AD 1 parent frame / English,reviewed ancient identity or anti-anachronism reconstruction,GEO-PROXY;installed:in_game/map_data/location_templates.txt,medium,Reviewed AD 1 placement; modern or duplicate field label removed.,false
location,krupina,hont_province,land,Cotini Hron–Ipoly East,local geography / sourced AD 1 parent frame / English,reviewed ancient identity or anti-anachronism reconstruction,GEO-PROXY;installed:in_game/map_data/location_templates.txt,medium,Reviewed AD 1 placement; modern or duplicate field label removed.,false
location,krupki,barysaw_province,land,Berezina–Lukoml Country,local geography / sourced AD 1 parent frame / English,ancient-parent local-feature construction,GEO-PROXY;installed:in_game/map_data/location_templates.txt,medium,AD 1 local label within the researched parent frame.,false
location,krupnik,pirin_province,land,Maedian Strymon Uplands,local geography / sourced AD 1 parent frame / English,reviewed ancient identity or anti-anachronism reconstruction,GEO-PROXY;installed:in_game/map_data/location_templates.txt,medium,Reviewed AD 1 placement; modern or duplicate field label removed.,false
location,krusenstern_lagoon,kugmiut_coast_sea_zones_province,sea,Kugmiut Kotzebue Lake,local geography / sourced AD 1 parent frame / English,reviewed ancient identity or anti-anachronism reconstruction,GEO-PROXY;installed:in_game/map_data/location_templates.txt,medium,Reviewed AD 1 placement; modern or duplicate field label removed.,false
location,krusevac,toplica_province,land,Dardanian Margus Lands,local geography / sourced AD 1 parent frame / English,reviewed ancient identity or anti-anachronism reconstruction,GEO-PROXY;installed:in_game/map_data/location_templates.txt,medium,Reviewed AD 1 placement; modern or duplicate field label removed.,false
location,krutogorovskiy,west_itelmen_province,land,Itelmen Western-Kamchatka,local geography / sourced AD 1 parent frame / English,reviewed ancient identity or anti-anachronism reconstruction,GEO-PROXY;installed:in_game/map_data/location_templates.txt,medium,Reviewed AD 1 placement; modern or duplicate field label removed.,false
location,krutogorovskiy_coast,itelmen_coast_sea_zone_province,sea,Itelmen-Kamchatka Offing,local geography / sourced AD 1 parent frame / English,reviewed ancient identity or anti-anachronism reconstruction,GEO-PROXY;installed:in_game/map_data/location_templates.txt,medium,Reviewed AD 1 placement; modern or duplicate field label removed.,false
location,krychaw,mstsislaw_province,land,Sozh–Upper-Dnieper Lands,local geography / sourced AD 1 parent frame / English,reviewed ancient identity or anti-anachronism reconstruction,GEO-PROXY;installed:in_game/map_data/location_templates.txt,medium,Reviewed AD 1 placement; modern or duplicate field label removed.,false
location,kryvyi_rih,kodaky_province,land,Sarmatian Borysthenes-Rapids,local geography / sourced AD 1 parent frame / English,reviewed ancient identity or anti-anachronism reconstruction,GEO-PROXY;installed:in_game/map_data/location_templates.txt,medium,Reviewed AD 1 placement; modern or duplicate field label removed.,false
location,ksai_yohe,ihkowom_iyo_he_province,land,Yellowstone–Musselshell,local geography / sourced AD 1 parent frame / English,ancient-parent local-feature construction,GEO-PROXY;installed:in_game/map_data/location_templates.txt,medium,AD 1 local label within the researched parent frame.,false
location,ksar_el_boukhari,titteri_province,land,Gaetulian Titteri Lands,local geography / sourced AD 1 parent frame / English,reviewed ancient identity or anti-anachronism reconstruction,GEO-PROXY;installed:in_game/map_data/location_templates.txt,medium,Reviewed AD 1 placement; modern or duplicate field label removed.,false
location,ksar_el_kaoua,ouarsenis_province,land,Masaesylian Chinalaph,local geography / sourced AD 1 parent frame / English,reviewed ancient identity or anti-anachronism reconstruction,GEO-PROXY;installed:in_game/map_data/location_templates.txt,medium,Reviewed AD 1 placement; modern or duplicate field label removed.,false
location,ksar_el_kebir,azghar_province,land,Lixus–Subur Plain,local geography / sourced AD 1 parent frame / English,reviewed ancient identity or anti-anachronism reconstruction,GEO-PROXY;installed:in_game/map_data/location_templates.txt,medium,Reviewed AD 1 placement; modern or duplicate field label removed.,false
location,ksar_es_souk,tafilalt_province,land,Gaetulian Ziz–Draa Oases,local geography / sourced AD 1 parent frame / English,reviewed ancient identity or anti-anachronism reconstruction,GEO-PROXY;installed:in_game/map_data/location_templates.txt,medium,Reviewed AD 1 placement; modern or duplicate field label removed.,false
location,ksar_es_souk_bechar_corridor,saoura_province,land,Gaetulian Saoura–Tafilalt,local geography / sourced AD 1 parent frame / English,reviewed ancient identity or anti-anachronism reconstruction,GEO-PROXY;installed:in_game/map_data/location_templates.txt,medium,Reviewed AD 1 placement; modern or duplicate field label removed.,false
location,ksar_ibn_senane,oran_province,land,Tepidae,local geography / sourced AD 1 parent frame / English,reviewed Pleiades ancient settlement identity,https://pleiades.stoa.org/places/285535,medium,Period-valid ancient settlement placed on the reviewed engine field.,false
location,ksiaz_wielki,krakow_province,land,Przeworsk Upper-Vistula East,local geography / sourced AD 1 parent frame / English,reviewed ancient identity or anti-anachronism reconstruction,GEO-PROXY;installed:in_game/map_data/location_templates.txt,medium,Reviewed AD 1 placement; modern or duplicate field label removed.,false
location,ksituan,mikkwa_province,land,Taltheilei Wabasca–Peace,local geography / sourced AD 1 parent frame / English,ancient-parent local-feature construction,GEO-PROXY;installed:in_game/map_data/location_templates.txt,medium,AD 1 local label within the researched parent frame.,false
location,ktenia,preslav_province,land,Odessian Haemus Foothills,local geography / sourced AD 1 parent frame / English,reviewed ancient identity or anti-anachronism reconstruction,GEO-PROXY;installed:in_game/map_data/location_templates.txt,medium,Reviewed AD 1 placement; modern or duplicate field label removed.,false
location,ktsyn,kozelsk_province,land,Upper-Oka Forest East,local geography / sourced AD 1 parent frame / English,reviewed ancient identity or anti-anachronism reconstruction,GEO-PROXY;installed:in_game/map_data/location_templates.txt,medium,Reviewed AD 1 placement; modern or duplicate field label removed.,false
location,ktunwakanmituk,north_ktunaxa_province,land,Kootenay–Nch’i-Wána Hills,local geography / sourced AD 1 parent frame / English,ancient-parent local-feature construction,GEO-PROXY;installed:in_game/map_data/location_templates.txt,medium,AD 1 local label within the researched parent frame.,false
location,ku,mayangna_province,land,Ku Lands of Coco–Escondido,local geography / sourced AD 1 parent frame / English,ancient-parent local-feature construction,GEO-PROXY;installed:in_game/map_data/location_templates.txt,medium,AD 1 local label within the researched parent frame.,false
location,kua_luziga,upper_moshiko_province,land,Lualaba–Lufira Uplands,local geography / sourced AD 1 parent frame / English,ancient-parent local-feature construction,GEO-PROXY;installed:in_game/map_data/location_templates.txt,medium,AD 1 local label within the researched parent frame.,false
location,kuaihelani_atoll,papahanaumokuakea_province,land,Nihoa Volcanic Lagoon,local geography / sourced AD 1 parent frame / English,reviewed ancient identity or anti-anachronism reconstruction,GEO-PROXY;installed:in_game/map_data/location_templates.txt,medium,Reviewed AD 1 placement; modern or duplicate field label removed.,false
location,kuaihelani_coast,papahanaumokuakea_sea_zones_province,sea,Nihoa–Hōlanikū Roadstead,local geography / sourced AD 1 parent frame / English,reviewed ancient identity or anti-anachronism reconstruction,GEO-PROXY;installed:in_game/map_data/location_templates.txt,medium,Reviewed AD 1 placement; modern or duplicate field label removed.,false
location,kuala_kampar,riau_kampar_province,land,Kampar–Kuantan River Mouth,local geography / sourced AD 1 parent frame / English,reviewed ancient identity or anti-anachronism reconstruction,GEO-PROXY;installed:in_game/map_data/location_templates.txt,medium,Reviewed AD 1 placement; modern or duplicate field label removed.,false
location,kuala_lipis,pahang_province,land,Golden Tembeling Lands,local geography / sourced AD 1 parent frame / English,reviewed ancient identity or anti-anachronism reconstruction,GEO-PROXY;installed:in_game/map_data/location_templates.txt,medium,Reviewed AD 1 placement; modern or duplicate field label removed.,false
location,kualuh,pannai_province,land,East Toba,local geography / sourced AD 1 parent frame / English,reviewed ancient identity or anti-anachronism reconstruction,GEO-PROXY;installed:in_game/map_data/location_templates.txt,medium,Reviewed AD 1 placement; modern or duplicate field label removed.,false
location,kuamut,kinabatangan_province,land,Kinabatangan–Segama River,local geography / sourced AD 1 parent frame / English,reviewed ancient identity or anti-anachronism reconstruction,GEO-PROXY;installed:in_game/map_data/location_templates.txt,medium,Reviewed AD 1 placement; modern or duplicate field label removed.,false
location,kuanda,irakinda_province,land,Kuanda–Olyokma Taiga,local geography / sourced AD 1 parent frame / English,reviewed ancient identity or anti-anachronism reconstruction,GEO-PROXY;installed:in_game/map_data/location_templates.txt,medium,Reviewed AD 1 placement; modern or duplicate field label removed.,false
location,kuandian,dingliao_province,land,Xuantu–Yalu Frontier,local geography / sourced AD 1 parent frame / English,reviewed ancient identity or anti-anachronism reconstruction,GEO-PROXY;installed:in_game/map_data/location_templates.txt,medium,Reviewed AD 1 placement; modern or duplicate field label removed.,false
location,kuanhe,humar_province,land,Amur–Zeya Forest,local geography / sourced AD 1 parent frame / English,reviewed ancient identity or anti-anachronism reconstruction,GEO-PROXY;installed:in_game/map_data/location_templates.txt,medium,Reviewed AD 1 placement; modern or duplicate field label removed.,false
location,kuanhe_xingzhou,xingzhou_province,land,Yuyang–Yan-Mountains Frontier,local geography / sourced AD 1 parent frame / English,reviewed ancient identity or anti-anachronism reconstruction,GEO-PROXY;installed:in_game/map_data/location_templates.txt,medium,Reviewed AD 1 placement; modern or duplicate field label removed.,false
location,kuantan,pahang_province,land,Golden-Chersonese Coast,local geography / sourced AD 1 parent frame / English,reviewed ancient identity or anti-anachronism reconstruction,GEO-PROXY;installed:in_game/map_data/location_templates.txt,medium,Reviewed AD 1 placement; modern or duplicate field label removed.,false
