granularity,key,parent,kind,ad1_name,language,method,source,confidence,note,unchanged_verified
location,chantengo_lagoon,pacific_mesoamerica_sea_zones_province,sea,Mixtec Colima Sunset Coral,ancient or indigenous name / English,reviewed ancient anchor or period landscape reconstruction,GEO-PROXY,medium,"A reviewed ancient settlement, people, archaeological horizon, or physical landscape replaces the later map label.",false
location,chanthaburi_jungle,rayong_province,land,Bang Pakong Metal Fern Glen,ancient or indigenous name / English,reviewed ancient anchor or period landscape reconstruction,GEO-PROXY,medium,"A reviewed ancient settlement, people, archaeological horizon, or physical landscape replaces the later map label.",false
location,chany,sartlan_province,lake,Sargat Baraba Ishim Alder,local hydronym / AD 1 horizon / English,horizon lake-country reconstruction,installed:in_game/map_data/location_templates.txt;GEO-PROXY,medium,The lake is placed in its AD 1 cultural and ecological landscape rather than treated as a later settlement.,false
location,chao,chan_chan_province,land,Moche Virú Coast Bracken,local geographic stem / AD 1 archaeological-horizon label / English,horizon-landform reconstruction,installed:in_game/map_data/location_templates.txt;GEO-PROXY,medium,The geographic stem is placed in an AD 1 cultural horizon and physical setting without projecting a later town.,false
location,chao_de_couce,beira_litoral_province,land,Callaeci Paiva Valley,ancient or indigenous name / English,reviewed ancient anchor or period landscape reconstruction,GEO-PROXY,medium,"A reviewed ancient settlement, people, archaeological horizon, or physical landscape replaces the later map label.",false
location,chao_lake,luzhou_province,lake,Lujiang Jiujiang Jiangnan,ancient or indigenous name / English,reviewed ancient anchor or period landscape reconstruction,GEO-PROXY,medium,"A reviewed ancient settlement, people, archaeological horizon, or physical landscape replaces the later map label.",false
location,chaocheng,puzhou_province,land,Juancheng Dong Qi Palm Glen,local geographic stem / AD 1 archaeological-horizon label / English,horizon-landform reconstruction,installed:in_game/map_data/location_templates.txt;GEO-PROXY,medium,The geographic stem is placed in an AD 1 cultural horizon and physical setting without projecting a later town.,false
location,chaoxian,luzhou_province,land,Lujiang Chao Jiujiang Basalt,local geographic stem / AD 1 archaeological-horizon label / English,horizon-landform reconstruction,installed:in_game/map_data/location_templates.txt;GEO-PROXY,medium,The geographic stem is placed in an AD 1 cultural horizon and physical setting without projecting a later town.,false
location,chaoyang,chaozhou_province,land,Nanhai Jieyang Coast Basalt,local geographic stem / AD 1 archaeological-horizon label / English,horizon-landform reconstruction,installed:in_game/map_data/location_templates.txt;GEO-PROXY,medium,The geographic stem is placed in an AD 1 cultural horizon and physical setting without projecting a later town.,false
location,chapala_lake,tonala_province,lake,Chupícuaro Atemajac,ancient or indigenous name / English,reviewed ancient anchor or period landscape reconstruction,GEO-PROXY,medium,"A reviewed ancient settlement, people, archaeological horizon, or physical landscape replaces the later map label.",false
location,chapaleufu,mamullmapu_province,land,Atuel Chadileuvú Puelche Reed,local geographic stem / AD 1 archaeological-horizon label / English,horizon-landform reconstruction,installed:in_game/map_data/location_templates.txt;GEO-PROXY,medium,The geographic stem is placed in an AD 1 cultural horizon and physical setting without projecting a later town.,false
location,chapallan,tonala_province,land,Chupícuaro Chapala Atemajac,local geographic stem / AD 1 archaeological-horizon label / English,horizon-landform reconstruction,installed:in_game/map_data/location_templates.txt;GEO-PROXY,medium,The geographic stem is placed in an AD 1 cultural horizon and physical setting without projecting a later town.,false
location,chapeco,chopim_province,land,Je Upper-Uruguay Woodlands,ancient or indigenous name / English,reviewed ancient anchor or period landscape reconstruction,GEO-PROXY,medium,"A reviewed ancient settlement, people, archaeological horizon, or physical landscape replaces the later map label.",false
location,chara,bul_bukhta_province,land,Olyokma Taiga Amur Cypress,local geographic stem / AD 1 archaeological-horizon label / English,horizon-landform reconstruction,installed:in_game/map_data/location_templates.txt;GEO-PROXY,medium,The geographic stem is placed in an AD 1 cultural horizon and physical setting without projecting a later town.,false
location,charagua,ahom_province,land,Brahmaputra Noa Dihing Birch,local geographic stem / AD 1 archaeological-horizon label / English,horizon-landform reconstruction,installed:in_game/map_data/location_templates.txt;GEO-PROXY,medium,The geographic stem is placed in an AD 1 cultural horizon and physical setting without projecting a later town.,false
location,charaideo,ahom_province,land,Upper-Brahmaputra Country,ancient or indigenous name / English,reviewed ancient anchor or period landscape reconstruction,GEO-PROXY,medium,"A reviewed ancient settlement, people, archaeological horizon, or physical landscape replaces the later map label.",false
location,charang,lena_province,land,Olyokma Aldan Taiga Juniper,local geographic stem / AD 1 archaeological-horizon label / English,horizon-landform reconstruction,installed:in_game/map_data/location_templates.txt;GEO-PROXY,medium,The geographic stem is placed in an AD 1 cultural horizon and physical setting without projecting a later town.,false
location,charasa,ladakh_province,land,Dardae Indus Zhang Limestone,local geographic stem / AD 1 archaeological-horizon label / English,horizon-landform reconstruction,installed:in_game/map_data/location_templates.txt;GEO-PROXY,medium,The geographic stem is placed in an AD 1 cultural horizon and physical setting without projecting a later town.,false
location,charchan,charchan_province,land,Qiemo Shanshan March Lava,local geographic stem / AD 1 archaeological-horizon label / English,horizon-landform reconstruction,installed:in_game/map_data/location_templates.txt;GEO-PROXY,medium,The geographic stem is placed in an AD 1 cultural horizon and physical setting without projecting a later town.,false
location,charef,titteri_province,land,Gaetuli Zahrez Titteri Chalk,local geographic stem / AD 1 archaeological-horizon label / English,horizon-landform reconstruction,installed:in_game/map_data/location_templates.txt;GEO-PROXY,medium,The geographic stem is placed in an AD 1 cultural horizon and physical setting without projecting a later town.,false
location,chariguriqua,cochoqua_province,land,Cape Pastoral Khoe Fern,local geographic stem / AD 1 archaeological-horizon label / English,horizon-landform reconstruction,installed:in_game/map_data/location_templates.txt;GEO-PROXY,medium,The geographic stem is placed in an AD 1 cultural horizon and physical setting without projecting a later town.,false
location,charikar,bamyan_province,land,Kapisa Ghorband Valley,ancient or indigenous name / English,reviewed ancient anchor or period landscape reconstruction,GEO-PROXY,medium,"A reviewed ancient settlement, people, archaeological horizon, or physical landscape replaces the later map label.",false
location,chariton,tamaroa_province,land,Wyaconda Hopewell Missouri,ancient or indigenous name / English,reviewed ancient anchor or period landscape reconstruction,GEO-PROXY,medium,"A reviewed ancient settlement, people, archaeological horizon, or physical landscape replaces the later map label.",false
location,charka,charka_province,land,Pukara Early Tiwanaku Karst,local geographic stem / AD 1 archaeological-horizon label / English,horizon-landform reconstruction,installed:in_game/map_data/location_templates.txt;GEO-PROXY,medium,The geographic stem is placed in an AD 1 cultural horizon and physical setting without projecting a later town.,false
location,charkamak,patagonia_province,land,Río Pinturas Santa Karst,local geographic stem / AD 1 archaeological-horizon label / English,horizon-landform reconstruction,installed:in_game/map_data/location_templates.txt;GEO-PROXY,medium,The geographic stem is placed in an AD 1 cultural horizon and physical setting without projecting a later town.,false
location,charklik,charchan_province,land,Qiemo Shanshan March Granite,local geographic stem / AD 1 archaeological-horizon label / English,horizon-landform reconstruction,installed:in_game/map_data/location_templates.txt;GEO-PROXY,medium,The geographic stem is placed in an AD 1 cultural horizon and physical setting without projecting a later town.,false
location,charles_island,hudson_strait_sea_zones_province,sea,Inuit Qikirtajuaq Island,ancient or indigenous name / English,reviewed ancient anchor or period landscape reconstruction,GEO-PROXY,medium,"A reviewed ancient settlement, people, archaeological horizon, or physical landscape replaces the later map label.",false
location,charleston_harbor,carolinas_coast_province,sea,Cusabo Coastal Roads,ancient or indigenous name / English,reviewed ancient anchor or period landscape reconstruction,GEO-PROXY,medium,"A reviewed ancient settlement, people, archaeological horizon, or physical landscape replaces the later map label.",false
location,charolles,autunnais_province,land,Aedui Arconce Lands,ancient or indigenous name / English,reviewed ancient anchor or period landscape reconstruction,GEO-PROXY,medium,"A reviewed ancient settlement, people, archaeological horizon, or physical landscape replaces the later map label.",false
location,charonda,vashki_province,land,Finnic Vozhe Sheksna Oak,local geographic stem / AD 1 archaeological-horizon label / English,horizon-landform reconstruction,installed:in_game/map_data/location_templates.txt;GEO-PROXY,medium,The geographic stem is placed in an AD 1 cultural horizon and physical setting without projecting a later town.,false
location,charouine,gourara_province,land,Garamantian Oasis Chain Flint,local geographic stem / AD 1 archaeological-horizon label / English,horizon-landform reconstruction,installed:in_game/map_data/location_templates.txt;GEO-PROXY,medium,The geographic stem is placed in an AD 1 cultural horizon and physical setting without projecting a later town.,false
location,charquis,charquis_province,land,Ohio Tennessee Adena Elm,local geographic stem / AD 1 archaeological-horizon label / English,horizon-landform reconstruction,installed:in_game/map_data/location_templates.txt;GEO-PROXY,medium,The geographic stem is placed in an AD 1 cultural horizon and physical setting without projecting a later town.,false
location,charre_lake,patagonia_province,lake,Aonikenk Western Patagonian,ancient or indigenous name / English,reviewed ancient anchor or period landscape reconstruction,GEO-PROXY,medium,"A reviewed ancient settlement, people, archaeological horizon, or physical landscape replaces the later map label.",false
location,charroux,la_marche_province,land,Pictones Charente Lands,ancient or indigenous name / English,reviewed ancient anchor or period landscape reconstruction,GEO-PROXY,medium,"A reviewed ancient settlement, people, archaeological horizon, or physical landscape replaces the later map label.",false
location,charrua,guenoa_province,land,Yí Uruguay Riverine Cedar,local geographic stem / AD 1 archaeological-horizon label / English,horizon-landform reconstruction,installed:in_game/map_data/location_templates.txt;GEO-PROXY,medium,The geographic stem is placed in an AD 1 cultural horizon and physical setting without projecting a later town.,false
location,chartres,chartrain_province,land,Autricum,ancient or indigenous name / English,reviewed ancient anchor or period landscape reconstruction,https://pleiades.stoa.org/places/108778,high,"A reviewed ancient settlement, people, archaeological horizon, or physical landscape replaces the later map label.",false
location,charumani,upper_save_province,land,Save Manica Hunter Cedar,local geographic stem / AD 1 archaeological-horizon label / English,horizon-landform reconstruction,installed:in_game/map_data/location_templates.txt;GEO-PROXY,medium,The geographic stem is placed in an AD 1 cultural horizon and physical setting without projecting a later town.,false
location,charyn,ilibalyk_province,land,Wusun Ili Valleys Limestone,local geographic stem / AD 1 archaeological-horizon label / English,horizon-landform reconstruction,installed:in_game/map_data/location_templates.txt;GEO-PROXY,medium,The geographic stem is placed in an AD 1 cultural horizon and physical setting without projecting a later town.,false
location,chasico_lake,tewelmapu_province,lake,Limay Colorado,local hydronym / AD 1 horizon / English,horizon lake-country reconstruction,installed:in_game/map_data/location_templates.txt;GEO-PROXY,medium,The lake is placed in its AD 1 cultural and ecological landscape rather than treated as a later settlement.,false
location,chastoozerye,chastoozerye_province,land,Sargat Ishim Lakes,ancient or indigenous name / English,reviewed ancient anchor or period landscape reconstruction,GEO-PROXY,medium,"A reviewed ancient settlement, people, archaeological horizon, or physical landscape replaces the later map label.",false
location,chastye,ochyor_province,land,Dyakovo Volga-Oka Woodlands,ancient or indigenous name / English,reviewed ancient anchor or period landscape reconstruction,GEO-PROXY,medium,"A reviewed ancient settlement, people, archaeological horizon, or physical landscape replaces the later map label.",false
location,chatahoochee,tuckabutche_province,land,Early Swift Creek Hazel,local geographic stem / AD 1 archaeological-horizon label / English,horizon-landform reconstruction,installed:in_game/map_data/location_templates.txt;GEO-PROXY,medium,The geographic stem is placed in an AD 1 cultural horizon and physical setting without projecting a later town.,false
location,chatanugi,tanasi_province,land,Little Glen,local geographic stem / AD 1 archaeological-horizon label / English,horizon-landform reconstruction,installed:in_game/map_data/location_templates.txt;GEO-PROXY,medium,The geographic stem is placed in an AD 1 cultural horizon and physical setting without projecting a later town.,false
location,chatata,chickasaw_province,land,Tombigbee Mississippi,local geographic stem / AD 1 archaeological-horizon label / English,horizon-landform reconstruction,installed:in_game/map_data/location_templates.txt;GEO-PROXY,medium,The geographic stem is placed in an AD 1 cultural horizon and physical setting without projecting a later town.,false
location,chateau_chinon,nevernais_province,land,Aedui Morvan Uplands,ancient or indigenous name / English,reviewed ancient anchor or period landscape reconstruction,GEO-PROXY,medium,"A reviewed ancient settlement, people, archaeological horizon, or physical landscape replaces the later map label.",false
location,chateau_du_loir,upper_maine_province,land,Aulerci Cenomani Vindinum,ancient or indigenous name / English,reviewed ancient anchor or period landscape reconstruction,GEO-PROXY,medium,"A reviewed ancient settlement, people, archaeological horizon, or physical landscape replaces the later map label.",false
location,chateau_gontier,anjou_province,land,Andecavi Mayenne Lands,ancient or indigenous name / English,reviewed ancient anchor or period landscape reconstruction,GEO-PROXY,medium,"A reviewed ancient settlement, people, archaeological horizon, or physical landscape replaces the later map label.",false
location,chateau_porcien,rethelois_province,land,Remi Aisne Plain,ancient or indigenous name / English,reviewed ancient anchor or period landscape reconstruction,GEO-PROXY,medium,"A reviewed ancient settlement, people, archaeological horizon, or physical landscape replaces the later map label.",false
location,chateau_thierry,brie_champenois_province,land,Suessiones Marne Lands,ancient or indigenous name / English,reviewed ancient anchor or period landscape reconstruction,GEO-PROXY,medium,"A reviewed ancient settlement, people, archaeological horizon, or physical landscape replaces the later map label.",false
location,chateaubriant,nantais_province,land,Namnetes Chere Lands,ancient or indigenous name / English,reviewed ancient anchor or period landscape reconstruction,GEO-PROXY,medium,"A reviewed ancient settlement, people, archaeological horizon, or physical landscape replaces the later map label.",false
location,chateaudun,blois_province,land,Carnutes Loir Lands,ancient or indigenous name / English,reviewed ancient anchor or period landscape reconstruction,GEO-PROXY,medium,"A reviewed ancient settlement, people, archaeological horizon, or physical landscape replaces the later map label.",false
location,chateaulin,cornouaille_province,land,Osismii Aulne Lands,ancient or indigenous name / English,reviewed ancient anchor or period landscape reconstruction,GEO-PROXY,medium,"A reviewed ancient settlement, people, archaeological horizon, or physical landscape replaces the later map label.",false
location,chateauneuf_de_randon,gevaudan_province,land,Gabali Margeride Uplands,ancient or indigenous name / English,reviewed ancient anchor or period landscape reconstruction,GEO-PROXY,medium,"A reviewed ancient settlement, people, archaeological horizon, or physical landscape replaces the later map label.",false
location,chateauroux,lower_berry_province,land,Bituriges Indre Lands,ancient or indigenous name / English,reviewed ancient anchor or period landscape reconstruction,GEO-PROXY,medium,"A reviewed ancient settlement, people, archaeological horizon, or physical landscape replaces the later map label.",false
location,chatelaudren,tregor_province,land,Osismii Goelo Uplands,ancient or indigenous name / English,reviewed ancient anchor or period landscape reconstruction,GEO-PROXY,medium,"A reviewed ancient settlement, people, archaeological horizon, or physical landscape replaces the later map label.",false
location,chatellerault,upper_poitou_province,land,Pictones Vienne Lands,ancient or indigenous name / English,reviewed ancient anchor or period landscape reconstruction,GEO-PROXY,medium,"A reviewed ancient settlement, people, archaeological horizon, or physical landscape replaces the later map label.",false
location,chatillon_sur_indre,touraine_province,land,Turones Caesarodunum Liger,ancient or indigenous name / English,reviewed ancient anchor or period landscape reconstruction,GEO-PROXY,medium,"A reviewed ancient settlement, people, archaeological horizon, or physical landscape replaces the later map label.",false
location,chatillon_sur_seine,auxerrois_province,land,Lingones Upper-Sequana Lands,ancient or indigenous name / English,reviewed ancient anchor or period landscape reconstruction,GEO-PROXY,medium,"A reviewed ancient settlement, people, archaeological horizon, or physical landscape replaces the later map label.",false
location,chatillonaos,aosta_province,land,Salassi Augusta Praetoria,local geographic stem / AD 1 archaeological-horizon label / English,horizon-landform reconstruction,installed:in_game/map_data/location_templates.txt;GEO-PROXY,medium,The geographic stem is placed in an AD 1 cultural horizon and physical setting without projecting a later town.,false
location,chatot,pensacola_province,land,Santa Rosa Swift Willow,local geographic stem / AD 1 archaeological-horizon label / English,horizon-landform reconstruction,installed:in_game/map_data/location_templates.txt;GEO-PROXY,medium,The geographic stem is placed in an AD 1 cultural horizon and physical setting without projecting a later town.,false
location,chatra,palamau_province,land,Munda Koel Son Willow Thicket,local geographic stem / AD 1 archaeological-horizon label / English,horizon-landform reconstruction,installed:in_game/map_data/location_templates.txt;GEO-PROXY,medium,The geographic stem is placed in an AD 1 cultural horizon and physical setting without projecting a later town.,false
location,chattahoochee_forest,coosa_province,land,Etowah Coosa Deptford Birch,local geographic stem / AD 1 archaeological-horizon label / English,horizon-landform reconstruction,installed:in_game/map_data/location_templates.txt;GEO-PROXY,medium,The geographic stem is placed in an AD 1 cultural horizon and physical setting without projecting a later town.,false
location,chattarawa,chattarawa_province,land,Ohio Pelisipi Adena Oak,local geographic stem / AD 1 archaeological-horizon label / English,horizon-landform reconstruction,installed:in_game/map_data/location_templates.txt;GEO-PROXY,medium,The geographic stem is placed in an AD 1 cultural horizon and physical setting without projecting a later town.,false
location,chatuza,cocamas_province,land,Marañón Salt Bench,local geographic stem / AD 1 archaeological-horizon label / English,horizon-landform reconstruction,installed:in_game/map_data/location_templates.txt;GEO-PROXY,medium,The geographic stem is placed in an AD 1 cultural horizon and physical setting without projecting a later town.,false
location,chatyr_kol_lake,naryn_province,lake,Naryn Tian Shan Volcanic Mere,local hydronym / AD 1 horizon / English,horizon lake-country reconstruction,installed:in_game/map_data/location_templates.txt;GEO-PROXY,medium,The lake is placed in its AD 1 cultural and ecological landscape rather than treated as a later settlement.,false
location,chatyun,labinsk_province,land,Siraces Kuban Sindica Cypress,local geographic stem / AD 1 archaeological-horizon label / English,horizon-landform reconstruction,installed:in_game/map_data/location_templates.txt;GEO-PROXY,medium,The geographic stem is placed in an AD 1 cultural horizon and physical setting without projecting a later town.,false
location,chaucalana,puquina_province,land,Arequipa Moquegua Valleys,local geographic stem / AD 1 archaeological-horizon label / English,horizon-landform reconstruction,installed:in_game/map_data/location_templates.txt;GEO-PROXY,medium,The geographic stem is placed in an AD 1 cultural horizon and physical setting without projecting a later town.,false
location,chauchu_trail1,east_peninsula_province,land,Unangan-Strait Peninsula,local geographic stem / AD 1 archaeological-horizon label / English,horizon-landform reconstruction,installed:in_game/map_data/location_templates.txt;GEO-PROXY,medium,The geographic stem is placed in an AD 1 cultural horizon and physical setting without projecting a later town.,false
location,chauchu_trail2,west_peninsula_province,land,East Anadyr,local geographic stem / AD 1 archaeological-horizon label / English,horizon-landform reconstruction,installed:in_game/map_data/location_templates.txt;GEO-PROXY,medium,The geographic stem is placed in an AD 1 cultural horizon and physical setting without projecting a later town.,false
location,chauchu_trail3,west_peninsula_province,land,Anadyr–Chukchi Peninsula,local geographic stem / AD 1 archaeological-horizon label / English,horizon-landform reconstruction,installed:in_game/map_data/location_templates.txt;GEO-PROXY,medium,The geographic stem is placed in an AD 1 cultural horizon and physical setting without projecting a later town.,false
location,chaudandi,lower_kosi_province,land,Kosi Kirat Himalayan,local geographic stem / AD 1 archaeological-horizon label / English,horizon-landform reconstruction,installed:in_game/map_data/location_templates.txt;GEO-PROXY,medium,The geographic stem is placed in an AD 1 cultural horizon and physical setting without projecting a later town.,false
location,chaughera,bheri_province,land,Karnali Bheri Himalayan,local geographic stem / AD 1 archaeological-horizon label / English,horizon-landform reconstruction,installed:in_game/map_data/location_templates.txt;GEO-PROXY,medium,The geographic stem is placed in an AD 1 cultural horizon and physical setting without projecting a later town.,false
location,chaul,north_konkan,land,Semylla,ancient or indigenous name / English,reviewed ancient anchor or period landscape reconstruction,https://pleiades.stoa.org/places/50261,medium,"A reviewed ancient settlement, people, archaeological horizon, or physical landscape replaces the later map label.",false
location,chaumont,bassigny_province,land,Lingones Marne Uplands,ancient or indigenous name / English,reviewed ancient anchor or period landscape reconstruction,GEO-PROXY,medium,"A reviewed ancient settlement, people, archaeological horizon, or physical landscape replaces the later map label.",false
location,chaumont_vexin,beauvaisis_province,land,Veliocasses Epte Lands,ancient or indigenous name / English,reviewed ancient anchor or period landscape reconstruction,GEO-PROXY,medium,"A reviewed ancient settlement, people, archaeological horizon, or physical landscape replaces the later map label.",false
location,chaun,south_chuvan_province,land,Anadyr Arctic Hunting Reed,local geographic stem / AD 1 archaeological-horizon label / English,horizon-landform reconstruction,installed:in_game/map_data/location_templates.txt;GEO-PROXY,medium,The geographic stem is placed in an AD 1 cultural horizon and physical setting without projecting a later town.,false
location,chauragarh,mahadeo,land,Narmada Mahadeo Atavika Oak,local geographic stem / AD 1 archaeological-horizon label / English,horizon-landform reconstruction,installed:in_game/map_data/location_templates.txt;GEO-PROXY,medium,The geographic stem is placed in an AD 1 cultural horizon and physical setting without projecting a later town.,false
location,chavand,mewar,land,Malava Sibi Aravalli,local geographic stem / AD 1 archaeological-horizon label / English,horizon-landform reconstruction,installed:in_game/map_data/location_templates.txt;GEO-PROXY,medium,The geographic stem is placed in an AD 1 cultural horizon and physical setting without projecting a later town.,false
location,chavarria_bar,tamaulipeco_coast_sea_zones_province,sea,Pánuco Madre Mesoamerican,local maritime stem / English,physical-reach AD 1 reconstruction,GEO-PROXY,medium,"The water cell is distinguished by coastal, island, or open-water geography rather than a later jurisdiction.",false
location,chaves,tras_os_montes,land,Aquae Flaviae,ancient or indigenous name / English,reviewed ancient anchor or period landscape reconstruction,GEO-PROXY,medium,"A reviewed ancient settlement, people, archaeological horizon, or physical landscape replaces the later map label.",false
location,chavin,konchuko_province,land,Successor Conchucos Recuay,ancient or indigenous name / English,reviewed ancient anchor or period landscape reconstruction,GEO-PROXY,medium,"A reviewed ancient settlement, people, archaeological horizon, or physical landscape replaces the later map label.",false
location,chavusy,mogilev_province,land,Dnieper Sozh Dvina Granite,local geographic stem / AD 1 archaeological-horizon label / English,horizon-landform reconstruction,installed:in_game/map_data/location_templates.txt;GEO-PROXY,medium,The geographic stem is placed in an AD 1 cultural horizon and physical setting without projecting a later town.,false
location,chawasha,chawasha_province,land,Peat Swale,local geographic stem / AD 1 archaeological-horizon label / English,horizon-landform reconstruction,installed:in_game/map_data/location_templates.txt;GEO-PROXY,medium,The geographic stem is placed in an AD 1 cultural horizon and physical setting without projecting a later town.,false
location,chawchila,northern_yokut_province,land,San Joaquin Fresno Alder,local geographic stem / AD 1 archaeological-horizon label / English,horizon-landform reconstruction,installed:in_game/map_data/location_templates.txt;GEO-PROXY,medium,The geographic stem is placed in an AD 1 cultural horizon and physical setting without projecting a later town.,false
location,chay,ulaxan_province,land,Proto Yukaghir Aldan Oak,local geographic stem / AD 1 archaeological-horizon label / English,horizon-landform reconstruction,installed:in_game/map_data/location_templates.txt;GEO-PROXY,medium,The geographic stem is placed in an AD 1 cultural horizon and physical setting without projecting a later town.,false
location,chaydakh,orotko_province,land,Yana Chondon Paleo Cypress,local geographic stem / AD 1 archaeological-horizon label / English,horizon-landform reconstruction,installed:in_game/map_data/location_templates.txt;GEO-PROXY,medium,The geographic stem is placed in an AD 1 cultural horizon and physical setting without projecting a later town.,false
location,chayopin,payeye_province,land,Edwards Yanaguana Hunter,local geographic stem / AD 1 archaeological-horizon label / English,horizon-landform reconstruction,installed:in_game/map_data/location_templates.txt;GEO-PROXY,medium,The geographic stem is placed in an AD 1 cultural horizon and physical setting without projecting a later town.,false
location,chayrama,magdalena_province,land,Nahuange Sierra Nevada Fern,local geographic stem / AD 1 archaeological-horizon label / English,horizon-landform reconstruction,installed:in_game/map_data/location_templates.txt;GEO-PROXY,medium,The geographic stem is placed in an AD 1 cultural horizon and physical setting without projecting a later town.,false
location,chayygda,botomoyu_province,land,Vilyuy Lena Taiga Alder,local geographic stem / AD 1 archaeological-horizon label / English,horizon-landform reconstruction,installed:in_game/map_data/location_templates.txt;GEO-PROXY,medium,The geographic stem is placed in an AD 1 cultural horizon and physical setting without projecting a later town.,false
location,cheb,chebsko_province,land,Hermunduri Eger Basin,ancient or indigenous name / English,reviewed ancient anchor or period landscape reconstruction,GEO-PROXY,medium,"A reviewed ancient settlement, people, archaeological horizon, or physical landscape replaces the later map label.",false
location,chebar_yugan,kunovat_province,lake,Ob Kunovat Ugric Shallow Pool,local hydronym / AD 1 horizon / English,horizon lake-country reconstruction,installed:in_game/map_data/location_templates.txt;GEO-PROXY,medium,The lake is placed in its AD 1 cultural and ecological landscape rather than treated as a later settlement.,false
location,chebarkul,yetkul_province,land,Gorokhovo Miass Ural Spruce,local geographic stem / AD 1 archaeological-horizon label / English,horizon-landform reconstruction,installed:in_game/map_data/location_templates.txt;GEO-PROXY,medium,The geographic stem is placed in an AD 1 cultural horizon and physical setting without projecting a later town.,false
location,chebba,sahel_TUN_province,land,Byzacena Hadrumetum Thysdrus,local geographic stem / AD 1 archaeological-horizon label / English,horizon-landform reconstruction,installed:in_game/map_data/location_templates.txt;GEO-PROXY,medium,The geographic stem is placed in an AD 1 cultural horizon and physical setting without projecting a later town.,false
location,chebogue,kespukwitkw_province,land,Fundy Acadia Mi Willow,local geographic stem / AD 1 archaeological-horizon label / English,horizon-landform reconstruction,installed:in_game/map_data/location_templates.txt;GEO-PROXY,medium,The geographic stem is placed in an AD 1 cultural horizon and physical setting without projecting a later town.,false
location,cheboksary,cheboksary_province,land,Volga-Finnic Sura Confluence,ancient or indigenous name / English,reviewed ancient anchor or period landscape reconstruction,GEO-PROXY,medium,"A reviewed ancient settlement, people, archaeological horizon, or physical landscape replaces the later map label.",false
location,cheboygan,cheboygan_province,land,Anishinaabe Northern-Strait,ancient or indigenous name / English,reviewed ancient anchor or period landscape reconstruction,GEO-PROXY,medium,"A reviewed ancient settlement, people, archaeological horizon, or physical landscape replaces the later map label.",false
location,checagou,checagou_province,land,Miami-Illinois Shikaakwa,ancient or indigenous name / English,reviewed ancient anchor or period landscape reconstruction,GEO-PROXY,medium,"A reviewed ancient settlement, people, archaeological horizon, or physical landscape replaces the later map label.",false
location,chedzurgwe,sanyati_province,land,Sanyati Sebakwe Hunter,local geographic stem / AD 1 archaeological-horizon label / English,horizon-landform reconstruction,installed:in_game/map_data/location_templates.txt;GEO-PROXY,medium,The geographic stem is placed in an AD 1 cultural horizon and physical setting without projecting a later town.,false
location,cheffia,annaba_province,land,Hippo Rusicade Numidia Hazel,local geographic stem / AD 1 archaeological-horizon label / English,horizon-landform reconstruction,installed:in_game/map_data/location_templates.txt;GEO-PROXY,medium,The geographic stem is placed in an AD 1 cultural horizon and physical setting without projecting a later town.,false
location,chegem,alania_province,land,Alans Caucasus Siraces Chalk,local geographic stem / AD 1 archaeological-horizon label / English,horizon-landform reconstruction,installed:in_game/map_data/location_templates.txt;GEO-PROXY,medium,The geographic stem is placed in an AD 1 cultural horizon and physical setting without projecting a later town.,false
location,chehalis,olympic_province,land,Ozette Maritime Salish Pine,local geographic stem / AD 1 archaeological-horizon label / English,horizon-landform reconstruction,installed:in_game/map_data/location_templates.txt;GEO-PROXY,medium,The geographic stem is placed in an AD 1 cultural horizon and physical setting without projecting a later town.,false
location,chehl_dokhtaran,zabol_province,land,Sakastan Helmand,local geographic stem / AD 1 archaeological-horizon label / English,horizon-landform reconstruction,installed:in_game/map_data/location_templates.txt;GEO-PROXY,medium,The geographic stem is placed in an AD 1 cultural horizon and physical setting without projecting a later town.,false
location,cheju_strait,korea_south_sea_province,sea,Tamna Island Strait Waters,ancient or indigenous name / English,reviewed ancient anchor or period landscape reconstruction,GEO-PROXY,medium,"A reviewed ancient settlement, people, archaeological horizon, or physical landscape replaces the later map label.",false
location,cheke_holo,cheke_holo_province,land,Me ekamui Tinputz Cedar,local geographic stem / AD 1 archaeological-horizon label / English,horizon-landform reconstruction,installed:in_game/map_data/location_templates.txt;GEO-PROXY,medium,The geographic stem is placed in an AD 1 cultural horizon and physical setting without projecting a later town.,false
location,chekmagush,syun_province,land,Belaya Kama Pyanobor Pine,local geographic stem / AD 1 archaeological-horizon label / English,horizon-landform reconstruction,installed:in_game/map_data/location_templates.txt;GEO-PROXY,medium,The geographic stem is placed in an AD 1 cultural horizon and physical setting without projecting a later town.,false
location,chekurovka,kuhuur_province,land,Lena Arctic Hunting Peat,local geographic stem / AD 1 archaeological-horizon label / English,horizon-landform reconstruction,installed:in_game/map_data/location_templates.txt;GEO-PROXY,medium,The geographic stem is placed in an AD 1 cultural horizon and physical setting without projecting a later town.,false
location,chelan,okanagan_province,land,Pithouse Okanagan Similkameen,ancient or indigenous name / English,reviewed ancient anchor or period landscape reconstruction,GEO-PROXY,medium,"A reviewed ancient settlement, people, archaeological horizon, or physical landscape replaces the later map label.",false
location,chelenko_lake,patagonia_province,lake,Río Pinturas Santa Fishery,local hydronym / AD 1 horizon / English,horizon lake-country reconstruction,installed:in_game/map_data/location_templates.txt;GEO-PROXY,medium,The lake is placed in its AD 1 cultural and ecological landscape rather than treated as a later settlement.,false
location,cheleset_coast,cape_scott_province,sea,Wakashan Coast Cape Leeward,local maritime stem / English,physical-reach AD 1 reconstruction,GEO-PROXY,medium,"The water cell is distinguished by coastal, island, or open-water geography rather than a later jurisdiction.",false
location,chelm,chelm_province,land,Przeworsk Bug Uplands,ancient or indigenous name / English,reviewed ancient anchor or period landscape reconstruction,GEO-PROXY,medium,"A reviewed ancient settlement, people, archaeological horizon, or physical landscape replaces the later map label.",false
location,chelmno,chelmno_province,land,Gothic Lower-Vistula Lands,ancient or indigenous name / English,reviewed ancient anchor or period landscape reconstruction,GEO-PROXY,medium,"A reviewed ancient settlement, people, archaeological horizon, or physical landscape replaces the later map label.",false
location,chelmsford,essex_province,land,Trinovantes Chelmer Lands,ancient or indigenous name / English,reviewed ancient anchor or period landscape reconstruction,GEO-PROXY,medium,"A reviewed ancient settlement, people, archaeological horizon, or physical landscape replaces the later map label.",false
location,chelmuzhi,zaonezhye_province,land,Late Kargopol Onega Birch,local geographic stem / AD 1 archaeological-horizon label / English,horizon-landform reconstruction,installed:in_game/map_data/location_templates.txt;GEO-PROXY,medium,The geographic stem is placed in an AD 1 cultural horizon and physical setting without projecting a later town.,false
location,cheltenham,gloucestershire_province,land,Dobunni Cotswold Springs,ancient or indigenous name / English,reviewed ancient anchor or period landscape reconstruction,GEO-PROXY,medium,"A reviewed ancient settlement, people, archaeological horizon, or physical landscape replaces the later map label.",false
location,chelva,valencia_province,land,Edetania Flint Bench,local geographic stem / AD 1 archaeological-horizon label / English,horizon-landform reconstruction,installed:in_game/map_data/location_templates.txt;GEO-PROXY,medium,The geographic stem is placed in an AD 1 cultural horizon and physical setting without projecting a later town.,false
location,chelyaba,kaslinsky_province,land,Iset Ural Sargat Bracken,local geographic stem / AD 1 archaeological-horizon label / English,horizon-landform reconstruction,installed:in_game/map_data/location_templates.txt;GEO-PROXY,medium,The geographic stem is placed in an AD 1 cultural horizon and physical setting without projecting a later town.,false
location,chemal,chadobets_province,land,Angara Taiga Ob Alder Thicket,local geographic stem / AD 1 archaeological-horizon label / English,horizon-landform reconstruction,installed:in_game/map_data/location_templates.txt;GEO-PROXY,medium,The geographic stem is placed in an AD 1 cultural horizon and physical setting without projecting a later town.,false
location,chembar,penza_province,land,Gorodets Moksha Sura Amber,local geographic stem / AD 1 archaeological-horizon label / English,horizon-landform reconstruction,installed:in_game/map_data/location_templates.txt;GEO-PROXY,medium,The geographic stem is placed in an AD 1 cultural horizon and physical setting without projecting a later town.,false
location,chemnitz,erzgebirge_province,land,Hermunduri Ore-Mountain,ancient or indigenous name / English,reviewed ancient anchor or period landscape reconstruction,GEO-PROXY,medium,"A reviewed ancient settlement, people, archaeological horizon, or physical landscape replaces the later map label.",false
location,chena,northern_tanana_province,land,Tanana Athabascan Dene Loess,local geographic stem / AD 1 archaeological-horizon label / English,horizon-landform reconstruction,installed:in_game/map_data/location_templates.txt;GEO-PROXY,medium,The geographic stem is placed in an AD 1 cultural horizon and physical setting without projecting a later town.,false
location,chengbu,wugang_province,land,Zi Yuan Xiang Juniper,local geographic stem / AD 1 archaeological-horizon label / English,horizon-landform reconstruction,installed:in_game/map_data/location_templates.txt;GEO-PROXY,medium,The geographic stem is placed in an AD 1 cultural horizon and physical setting without projecting a later town.,false
location,chengcheng,tongzhou_shaanxi_province,land,Zuo Pingyi Luo Heather Heath,local geographic stem / AD 1 archaeological-horizon label / English,horizon-landform reconstruction,installed:in_game/map_data/location_templates.txt;GEO-PROXY,medium,The geographic stem is placed in an AD 1 cultural horizon and physical setting without projecting a later town.,false
location,chengdu,chengdu_province,land,Han Chengdu,ancient or indigenous name / English,reviewed ancient anchor or period landscape reconstruction,GEO-PROXY;BHR,high,"A reviewed ancient settlement, people, archaeological horizon, or physical landscape replaces the later map label.",false
location,chengfu,bozhou_nanzhili_province,land,Qiao Pei Jiujiang Willow,local geographic stem / AD 1 archaeological-horizon label / English,horizon-landform reconstruction,installed:in_game/map_data/location_templates.txt;GEO-PROXY,medium,The geographic stem is placed in an AD 1 cultural horizon and physical setting without projecting a later town.,false
location,chenggong,jinning_province,land,Dianchi Yizhou,local geographic stem / AD 1 archaeological-horizon label / English,horizon-landform reconstruction,installed:in_game/map_data/location_templates.txt;GEO-PROXY,medium,The geographic stem is placed in an AD 1 cultural horizon and physical setting without projecting a later town.,false
location,chenggu,hanzhong_province,land,Hanzhong Han Valley Chalk,local geographic stem / AD 1 archaeological-horizon label / English,horizon-landform reconstruction,installed:in_game/map_data/location_templates.txt;GEO-PROXY,medium,The geographic stem is placed in an AD 1 cultural horizon and physical setting without projecting a later town.,false
location,chengji,qinzhou_shaanxi_province,land,Tianshui Longxi Commanderies,local geographic stem / AD 1 archaeological-horizon label / English,horizon-landform reconstruction,installed:in_game/map_data/location_templates.txt;GEO-PROXY,medium,The geographic stem is placed in an AD 1 cultural horizon and physical setting without projecting a later town.,false
location,chengmai,qiongzhou_province,land,Zhuya Dan er Spruce Downs,local geographic stem / AD 1 archaeological-horizon label / English,horizon-landform reconstruction,installed:in_game/map_data/location_templates.txt;GEO-PROXY,medium,The geographic stem is placed in an AD 1 cultural horizon and physical setting without projecting a later town.,false
location,chengshan,ninghai_province,land,Donglai Coast Qi Hazel,local geographic stem / AD 1 archaeological-horizon label / English,horizon-landform reconstruction,installed:in_game/map_data/location_templates.txt;GEO-PROXY,medium,The geographic stem is placed in an AD 1 cultural horizon and physical setting without projecting a later town.,false
location,chengshan_cape,north_yellow_sea_province,sea,Huáng Hǎi Donglai Leeward,local maritime stem / English,physical-reach AD 1 reconstruction,GEO-PROXY,medium,"The water cell is distinguished by coastal, island, or open-water geography rather than a later jurisdiction.",false
location,chengwu,caozhou_province,land,Jiyin Qi Lu Bracken Breaks,local geographic stem / AD 1 archaeological-horizon label / English,horizon-landform reconstruction,installed:in_game/map_data/location_templates.txt;GEO-PROXY,medium,The geographic stem is placed in an AD 1 cultural horizon and physical setting without projecting a later town.,false
location,chengxiang,chaozhou_province,land,Nanhai Jieyang Coast Bracken,local geographic stem / AD 1 archaeological-horizon label / English,horizon-landform reconstruction,installed:in_game/map_data/location_templates.txt;GEO-PROXY,medium,The geographic stem is placed in an AD 1 cultural horizon and physical setting without projecting a later town.,false
location,chengzhou,huizhou_shaanxi_province,land,Wudu Valleys Longxi Bracken,local geographic stem / AD 1 archaeological-horizon label / English,horizon-landform reconstruction,installed:in_game/map_data/location_templates.txt;GEO-PROXY,medium,The geographic stem is placed in an AD 1 cultural horizon and physical setting without projecting a later town.,false
location,chenini,djafara_province,land,Lotophagitis Tripolitanian,local geographic stem / AD 1 archaeological-horizon label / English,horizon-landform reconstruction,installed:in_game/map_data/location_templates.txt;GEO-PROXY,medium,The geographic stem is placed in an AD 1 cultural horizon and physical setting without projecting a later town.,false
location,chennur,sirpur_province,land,Aśmaka Vidarbha Godavari Oak,local geographic stem / AD 1 archaeological-horizon label / English,horizon-landform reconstruction,installed:in_game/map_data/location_templates.txt;GEO-PROXY,medium,The geographic stem is placed in an AD 1 cultural horizon and physical setting without projecting a later town.,false
location,chenoka,kentucky_province,land,Ohio Kentucky Adena Fern Glen,local geographic stem / AD 1 archaeological-horizon label / English,horizon-landform reconstruction,installed:in_game/map_data/location_templates.txt;GEO-PROXY,medium,The geographic stem is placed in an AD 1 cultural horizon and physical setting without projecting a later town.,false
location,chenqing,lower_bureya_province,land,Amur Bureya Yilou Cedar,local geographic stem / AD 1 archaeological-horizon label / English,horizon-landform reconstruction,installed:in_game/map_data/location_templates.txt;GEO-PROXY,medium,The geographic stem is placed in an AD 1 cultural horizon and physical setting without projecting a later town.,false
location,chenxi,chen_province,land,Yuan Wuling Jiangnan Juniper,local geographic stem / AD 1 archaeological-horizon label / English,horizon-landform reconstruction,installed:in_game/map_data/location_templates.txt;GEO-PROXY,medium,The geographic stem is placed in an AD 1 cultural horizon and physical setting without projecting a later town.,false
location,chenyang,chenzhou_province,land,Guiyang Nanling Xiang Karst,local geographic stem / AD 1 archaeological-horizon label / English,horizon-landform reconstruction,installed:in_game/map_data/location_templates.txt;GEO-PROXY,medium,The geographic stem is placed in an AD 1 cultural horizon and physical setting without projecting a later town.,false
location,cheonan,gongju_province,land,Geum Mahan Samhan Alder,local geographic stem / AD 1 archaeological-horizon label / English,horizon-landform reconstruction,installed:in_game/map_data/location_templates.txt;GEO-PROXY,medium,The geographic stem is placed in an AD 1 cultural horizon and physical setting without projecting a later town.,false
location,cheongju,gongju_province,land,Geum Mahan Samhan Willow,local geographic stem / AD 1 archaeological-horizon label / English,horizon-landform reconstruction,installed:in_game/map_data/location_templates.txt;GEO-PROXY,medium,The geographic stem is placed in an AD 1 cultural horizon and physical setting without projecting a later town.,false
location,cheongsong,haeju_province,land,Mahan Lelang March Elm Bench,local geographic stem / AD 1 archaeological-horizon label / English,horizon-landform reconstruction,installed:in_game/map_data/location_templates.txt;GEO-PROXY,medium,The geographic stem is placed in an AD 1 cultural horizon and physical setting without projecting a later town.,false
location,cheonsu_bay,korea_west_sea_province,sea,Mahan Lelang Byeonhan Leeward,local maritime stem / English,physical-reach AD 1 reconstruction,GEO-PROXY,medium,"The water cell is distinguished by coastal, island, or open-water geography rather than a later jurisdiction.",false
location,chepes,quines_province,land,Huarpe Uspallata Andean,local geographic stem / AD 1 archaeological-horizon label / English,horizon-landform reconstruction,installed:in_game/map_data/location_templates.txt;GEO-PROXY,medium,The geographic stem is placed in an AD 1 cultural horizon and physical setting without projecting a later town.,false
location,cheplak,semikarakorsk_province,land,Sarmatian Tanais Manych Pine,local geographic stem / AD 1 archaeological-horizon label / English,horizon-landform reconstruction,installed:in_game/map_data/location_templates.txt;GEO-PROXY,medium,The geographic stem is placed in an AD 1 cultural horizon and physical setting without projecting a later town.,false
location,chepo,panama_province,land,Cueva Darién Isthmian Granite,local geographic stem / AD 1 archaeological-horizon label / English,horizon-landform reconstruction,installed:in_game/map_data/location_templates.txt;GEO-PROXY,medium,The geographic stem is placed in an AD 1 cultural horizon and physical setting without projecting a later town.,false
location,chepoussa,towosaghy_province,land,Hopewell Ozark St Bracken,local geographic stem / AD 1 archaeological-horizon label / English,horizon-landform reconstruction,installed:in_game/map_data/location_templates.txt;GEO-PROXY,medium,The geographic stem is placed in an AD 1 cultural horizon and physical setting without projecting a later town.,false
location,chequamegon,chequamegon_province,land,Superior Great Province,local geographic stem / AD 1 archaeological-horizon label / English,horizon-landform reconstruction,installed:in_game/map_data/location_templates.txt;GEO-PROXY,medium,The geographic stem is placed in an AD 1 cultural horizon and physical setting without projecting a later town.,false
location,chequamegon_bay,west_lake_superior_province,sea,Keweenaw Animikie Freshwater,local maritime stem / English,physical-reach AD 1 reconstruction,GEO-PROXY,medium,"The water cell is distinguished by coastal, island, or open-water geography rather than a later jurisdiction.",false
location,cherbaniani_coast,maldives_coastal_sea_zones_province,sea,Dīva Shallow Routes,local maritime stem / English,physical-reach AD 1 reconstruction,GEO-PROXY,medium,"The water cell is distinguished by coastal, island, or open-water geography rather than a later jurisdiction.",false
location,cherbourg,cotentin_province,land,Coriallum,ancient or indigenous name / English,reviewed ancient anchor or period landscape reconstruction,GEO-PROXY,medium,"A reviewed ancient settlement, people, archaeological horizon, or physical landscape replaces the later map label.",false
location,cherchell,dahra_province,land,Caesarea Mauretaniae,ancient or indigenous name / English,reviewed ancient anchor or period landscape reconstruction,GEO-PROXY;PLE,high,"A reviewed ancient settlement, people, archaeological horizon, or physical landscape replaces the later map label.",false
location,chercher,dobea_province,land,Afar Pastoral Aethiopian,local geographic stem / AD 1 archaeological-horizon label / English,horizon-landform reconstruction,installed:in_game/map_data/location_templates.txt;GEO-PROXY,medium,The geographic stem is placed in an AD 1 cultural horizon and physical setting without projecting a later town.,false
location,cherdakly,simbirsk_province,land,Gorodets Volga Sviyaga Chalk,local geographic stem / AD 1 archaeological-horizon label / English,horizon-landform reconstruction,installed:in_game/map_data/location_templates.txt;GEO-PROXY,medium,The geographic stem is placed in an AD 1 cultural horizon and physical setting without projecting a later town.,false
location,cherdyn,cherdyn_province,land,Permian Kama Woodlands,ancient or indigenous name / English,reviewed ancient anchor or period landscape reconstruction,GEO-PROXY,medium,"A reviewed ancient settlement, people, archaeological horizon, or physical landscape replaces the later map label.",false
location,cheremkhovo,irkutsk_province,land,Baikal Angara Xiongnu Basalt,local geographic stem / AD 1 archaeological-horizon label / English,horizon-landform reconstruction,installed:in_game/map_data/location_templates.txt;GEO-PROXY,medium,The geographic stem is placed in an AD 1 cultural horizon and physical setting without projecting a later town.,false
location,cherepoves,cherepoves_province,land,Finnic Sheksna Woodlands,ancient or indigenous name / English,reviewed ancient anchor or period landscape reconstruction,GEO-PROXY,medium,"A reviewed ancient settlement, people, archaeological horizon, or physical landscape replaces the later map label.",false
location,cheresig,bihar_province,land,Criș Tisza Dacian Sage,local geographic stem / AD 1 archaeological-horizon label / English,horizon-landform reconstruction,installed:in_game/map_data/location_templates.txt;GEO-PROXY,medium,The geographic stem is placed in an AD 1 cultural horizon and physical setting without projecting a later town.,false
location,cherfe,mondo_province,land,Bahr el Ghazal Heather,local geographic stem / AD 1 archaeological-horizon label / English,horizon-landform reconstruction,installed:in_game/map_data/location_templates.txt;GEO-PROXY,medium,The geographic stem is placed in an AD 1 cultural horizon and physical setting without projecting a later town.,false
location,cheringoma,sena_province,land,Early Bantu Sena Oak Barrens,local geographic stem / AD 1 archaeological-horizon label / English,horizon-landform reconstruction,installed:in_game/map_data/location_templates.txt;GEO-PROXY,medium,The geographic stem is placed in an AD 1 cultural horizon and physical setting without projecting a later town.,false
location,cheriumche,bagatai_province,land,Batagay Yana Sartang Flint,local geographic stem / AD 1 archaeological-horizon label / English,horizon-landform reconstruction,installed:in_game/map_data/location_templates.txt;GEO-PROXY,medium,The geographic stem is placed in an AD 1 cultural horizon and physical setting without projecting a later town.,false
location,cherkasy,cherkasy_province,land,Zarubintsy Dnieper Lands,ancient or indigenous name / English,reviewed ancient anchor or period landscape reconstruction,GEO-PROXY,medium,"A reviewed ancient settlement, people, archaeological horizon, or physical landscape replaces the later map label.",false
location,cherkekh,tatta_province,land,Amga Uolba Taiga Spruce Heath,local geographic stem / AD 1 archaeological-horizon label / English,horizon-landform reconstruction,installed:in_game/map_data/location_templates.txt;GEO-PROXY,medium,The geographic stem is placed in an AD 1 cultural horizon and physical setting without projecting a later town.,false
location,cherlak,omsk_province,land,Sargat Irtysh Om Amber,local geographic stem / AD 1 archaeological-horizon label / English,horizon-landform reconstruction,installed:in_game/map_data/location_templates.txt;GEO-PROXY,medium,The geographic stem is placed in an AD 1 cultural horizon and physical setting without projecting a later town.,false
location,chernaya,cherdyn_province,land,Kama Glyadenovo Vychegda Pine,local geographic stem / AD 1 archaeological-horizon label / English,horizon-landform reconstruction,installed:in_game/map_data/location_templates.txt;GEO-PROXY,medium,The geographic stem is placed in an AD 1 cultural horizon and physical setting without projecting a later town.,false
location,chernihiv,chernihiv_province,land,Desna Zarubintsy Plain,ancient or indigenous name / English,reviewed ancient anchor or period landscape reconstruction,GEO-PROXY,medium,"A reviewed ancient settlement, people, archaeological horizon, or physical landscape replaces the later map label.",false
location,chernyanka,alexeyevka_province,land,Tanais Sarmatian Don Birch,local geographic stem / AD 1 archaeological-horizon label / English,horizon-landform reconstruction,installed:in_game/map_data/location_templates.txt;GEO-PROXY,medium,The geographic stem is placed in an AD 1 cultural horizon and physical setting without projecting a later town.,false
location,chernyany,bresta_province,land,Bug Zarubintsy Pripyat Alder,local geographic stem / AD 1 archaeological-horizon label / English,horizon-landform reconstruction,installed:in_game/map_data/location_templates.txt;GEO-PROXY,medium,The geographic stem is placed in an AD 1 cultural horizon and physical setting without projecting a later town.,false
location,chernyye_zemli,zamyany_province,land,Sarmatian Caspian Drylands,ancient or indigenous name / English,reviewed ancient anchor or period landscape reconstruction,GEO-PROXY,medium,"A reviewed ancient settlement, people, archaeological horizon, or physical landscape replaces the later map label.",false
location,cheroenhaka,powhatan_province,land,Pamunkey Appomattox,local geographic stem / AD 1 archaeological-horizon label / English,horizon-landform reconstruction,installed:in_game/map_data/location_templates.txt;GEO-PROXY,medium,The geographic stem is placed in an AD 1 cultural horizon and physical setting without projecting a later town.,false
location,cherohenaka_nc,gowtano_province,land,Pamlico Chowan Deptford Elm,local geographic stem / AD 1 archaeological-horizon label / English,horizon-landform reconstruction,installed:in_game/map_data/location_templates.txt;GEO-PROXY,medium,The geographic stem is placed in an AD 1 cultural horizon and physical setting without projecting a later town.,false
location,chertanla,taskala_province,land,Daix Manych Aorsi Chalk,local geographic stem / AD 1 archaeological-horizon label / English,horizon-landform reconstruction,installed:in_game/map_data/location_templates.txt;GEO-PROXY,medium,The geographic stem is placed in an AD 1 cultural horizon and physical setting without projecting a later town.,false
location,chertkovo,kashary_province,land,Tanais Aorsi Steppe Reed,local geographic stem / AD 1 archaeological-horizon label / English,horizon-landform reconstruction,installed:in_game/map_data/location_templates.txt;GEO-PROXY,medium,The geographic stem is placed in an AD 1 cultural horizon and physical setting without projecting a later town.,false
location,cherven,tarnovo_province,land,Iatrus Nikopolis Moesian Salt,local geographic stem / AD 1 archaeological-horizon label / English,horizon-landform reconstruction,installed:in_game/map_data/location_templates.txt;GEO-PROXY,medium,The geographic stem is placed in an AD 1 cultural horizon and physical setting without projecting a later town.,false
location,chervyen,minsk_province,land,Zarubintsy Svislach Berezina,local geographic stem / AD 1 archaeological-horizon label / English,horizon-landform reconstruction,installed:in_game/map_data/location_templates.txt;GEO-PROXY,medium,The geographic stem is placed in an AD 1 cultural horizon and physical setting without projecting a later town.,false
location,chesapeake,chesapeake_province,land,Tidewater Shenandoah,ancient or indigenous name / English,reviewed ancient anchor or period landscape reconstruction,GEO-PROXY,medium,"A reviewed ancient settlement, people, archaeological horizon, or physical landscape replaces the later map label.",false
location,chesapeake_channel,mid_atlantic_coast_province,sea,Lenapewihittuck Piscataway,ancient or indigenous name / English,reviewed ancient anchor or period landscape reconstruction,GEO-PROXY,medium,"A reviewed ancient settlement, people, archaeological horizon, or physical landscape replaces the later map label.",false
location,cheslattat_en,river_dakelh_province,land,Ancestral Dakelh Nechako,local geographic stem / AD 1 archaeological-horizon label / English,horizon-landform reconstruction,installed:in_game/map_data/location_templates.txt;GEO-PROXY,medium,The geographic stem is placed in an AD 1 cultural horizon and physical setting without projecting a later town.,false
location,chesnokovka,suzun_province,land,Ob Altai Kulay Pine Barrens,local geographic stem / AD 1 archaeological-horizon label / English,horizon-landform reconstruction,installed:in_game/map_data/location_templates.txt;GEO-PROXY,medium,The geographic stem is placed in an AD 1 cultural horizon and physical setting without projecting a later town.,false
location,chester,cheshire_province,land,Deva Victrix,ancient or indigenous name / English,reviewed ancient anchor or period landscape reconstruction,GEO-PROXY,medium,"A reviewed ancient settlement, people, archaeological horizon, or physical landscape replaces the later map label.",false
location,chesterfield,derbyshire_province,land,Corieltauvi Uplands,ancient or indigenous name / English,reviewed ancient anchor or period landscape reconstruction,GEO-PROXY,medium,"A reviewed ancient settlement, people, archaeological horizon, or physical landscape replaces the later map label.",false
location,chesterfield_inlet,keewatin_sea_zones_province,sea,Kangiqsualuk Inland Great,ancient or indigenous name / English,reviewed ancient anchor or period landscape reconstruction,GEO-PROXY,medium,"A reviewed ancient settlement, people, archaeological horizon, or physical landscape replaces the later map label.",false
location,chestowee,tanasi_province,land,Hiwassee Little Tennessee,local geographic stem / AD 1 archaeological-horizon label / English,horizon-landform reconstruction,installed:in_game/map_data/location_templates.txt;GEO-PROXY,medium,The geographic stem is placed in an AD 1 cultural horizon and physical setting without projecting a later town.,false
location,chet_irgiz,irgiz_province,land,Turgai Sarmatian Steppe,local geographic stem / AD 1 archaeological-horizon label / English,horizon-landform reconstruction,installed:in_game/map_data/location_templates.txt;GEO-PROXY,medium,The geographic stem is placed in an AD 1 cultural horizon and physical setting without projecting a later town.,false
location,cheticamp,unamakik_province,land,Mi'kmaq Unama'ki Coastlands,ancient or indigenous name / English,reviewed ancient anchor or period landscape reconstruction,GEO-PROXY,medium,"A reviewed ancient settlement, people, archaeological horizon, or physical landscape replaces the later map label.",false
location,chetilla,kuelap_province,land,Utcubamba Early,local geographic stem / AD 1 archaeological-horizon label / English,horizon-landform reconstruction,installed:in_game/map_data/location_templates.txt;GEO-PROXY,medium,The geographic stem is placed in an AD 1 cultural horizon and physical setting without projecting a later town.,false
location,chewalla,chucalissa_province,land,Hatchie Mississippi Pelisipi,local geographic stem / AD 1 archaeological-horizon label / English,horizon-landform reconstruction,installed:in_game/map_data/location_templates.txt;GEO-PROXY,medium,The geographic stem is placed in an AD 1 cultural horizon and physical setting without projecting a later town.,false
location,chewaucan,northwest_numu_province,land,Deschutes Harney Salish Lava,local geographic stem / AD 1 archaeological-horizon label / English,horizon-landform reconstruction,installed:in_game/map_data/location_templates.txt;GEO-PROXY,medium,The geographic stem is placed in an AD 1 cultural horizon and physical setting without projecting a later town.,false
location,chezdi_osorheiu,szekelyfold_province,land,Olt Mureș Dacia Karst Shelf,local geographic stem / AD 1 archaeological-horizon label / English,horizon-landform reconstruction,installed:in_game/map_data/location_templates.txt;GEO-PROXY,medium,The geographic stem is placed in an AD 1 cultural horizon and physical setting without projecting a later town.,false
location,chhaparagarh,upper_vidarbha,land,Amber Downs,local geographic stem / AD 1 archaeological-horizon label / English,horizon-landform reconstruction,installed:in_game/map_data/location_templates.txt;GEO-PROXY,medium,The geographic stem is placed in an AD 1 cultural horizon and physical setting without projecting a later town.,false
location,chhatarpur,upper_bundelkhand_province,land,Chedi Vatsa Vindhyan Spruce,local geographic stem / AD 1 archaeological-horizon label / English,horizon-landform reconstruction,installed:in_game/map_data/location_templates.txt;GEO-PROXY,medium,The geographic stem is placed in an AD 1 cultural horizon and physical setting without projecting a later town.,false
location,chhaya,sorath,land,Prabhasa Oak Bench,local geographic stem / AD 1 archaeological-horizon label / English,horizon-landform reconstruction,installed:in_game/map_data/location_templates.txt;GEO-PROXY,medium,The geographic stem is placed in an AD 1 cultural horizon and physical setting without projecting a later town.,false
location,chhmuoh_thmei,prey_nokor_province,land,Mekong Bassac Tonle Willow,local geographic stem / AD 1 archaeological-horizon label / English,horizon-landform reconstruction,installed:in_game/map_data/location_templates.txt;GEO-PROXY,medium,The geographic stem is placed in an AD 1 cultural horizon and physical setting without projecting a later town.,false
location,chi_la,nghe_an_province,land,Chi La Hills,local geographic stem / AD 1 archaeological-horizon label / English,horizon-landform reconstruction,installed:in_game/map_data/location_templates.txt;GEO-PROXY,medium,The geographic stem is placed in an AD 1 cultural horizon and physical setting without projecting a later town.,false
location,chiaha,hogohega_province,land,Little Karst,local geographic stem / AD 1 archaeological-horizon label / English,horizon-landform reconstruction,installed:in_game/map_data/location_templates.txt;GEO-PROXY,medium,The geographic stem is placed in an AD 1 cultural horizon and physical setting without projecting a later town.,false
location,chiametlan,guarisamey_province,land,Chametla Nayarit Shaft Spruce,local geographic stem / AD 1 archaeological-horizon label / English,horizon-landform reconstruction,installed:in_game/map_data/location_templates.txt;GEO-PROXY,medium,The geographic stem is placed in an AD 1 cultural horizon and physical setting without projecting a later town.,false
location,chiang_dao,chiang_mai_province,land,Ping Wang Mekong Lava Bench,local geographic stem / AD 1 archaeological-horizon label / English,horizon-landform reconstruction,installed:in_game/map_data/location_templates.txt;GEO-PROXY,medium,The geographic stem is placed in an AD 1 cultural horizon and physical setting without projecting a later town.,false
location,chiang_khan,loei_province,land,Mekong Chi Mun Lava Bench,local geographic stem / AD 1 archaeological-horizon label / English,horizon-landform reconstruction,installed:in_game/map_data/location_templates.txt;GEO-PROXY,medium,The geographic stem is placed in an AD 1 cultural horizon and physical setting without projecting a later town.,false
location,chiang_khong,chiang_rai_province,land,Kok Mekong Salween Palm Ridge,local geographic stem / AD 1 archaeological-horizon label / English,horizon-landform reconstruction,installed:in_game/map_data/location_templates.txt;GEO-PROXY,medium,The geographic stem is placed in an AD 1 cultural horizon and physical setting without projecting a later town.,false
location,chiang_mai,chiang_mai_province,land,Ping-Wang Basin,ancient or indigenous name / English,reviewed ancient anchor or period landscape reconstruction,GEO-PROXY,medium,"A reviewed ancient settlement, people, archaeological horizon, or physical landscape replaces the later map label.",false
location,chiang_rai,chiang_rai_province,land,Kok-Ing Basin,ancient or indigenous name / English,reviewed ancient anchor or period landscape reconstruction,GEO-PROXY,medium,"A reviewed ancient settlement, people, archaeological horizon, or physical landscape replaces the later map label.",false
location,chiang_saen,chiang_rai_province,land,Kok Mekong Salween Hazel,local geographic stem / AD 1 archaeological-horizon label / English,horizon-landform reconstruction,installed:in_game/map_data/location_templates.txt;GEO-PROXY,medium,The geographic stem is placed in an AD 1 cultural horizon and physical setting without projecting a later town.,false
location,chianouske,scioto_province,land,Hopewell Scioto Hocking Birch,local geographic stem / AD 1 archaeological-horizon label / English,horizon-landform reconstruction,installed:in_game/map_data/location_templates.txt;GEO-PROXY,medium,The geographic stem is placed in an AD 1 cultural horizon and physical setting without projecting a later town.,false
location,chiapas_mountains,kakol_kiej_province,land,Atitlán Xelajú Maya Flint,local geographic stem / AD 1 archaeological-horizon label / English,horizon-landform reconstruction,installed:in_game/map_data/location_templates.txt;GEO-PROXY,medium,The geographic stem is placed in an AD 1 cultural horizon and physical setting without projecting a later town.,false
location,chiautla,yohualtepec_province,land,Ñuu Dzahui Huajuapan Birch,local geographic stem / AD 1 archaeological-horizon label / English,horizon-landform reconstruction,installed:in_game/map_data/location_templates.txt;GEO-PROXY,medium,The geographic stem is placed in an AD 1 cultural horizon and physical setting without projecting a later town.,false
location,chiavenna,valtellina_province,land,Raetian Adda Insubres Granite,local geographic stem / AD 1 archaeological-horizon label / English,horizon-landform reconstruction,installed:in_game/map_data/location_templates.txt;GEO-PROXY,medium,The geographic stem is placed in an AD 1 cultural horizon and physical setting without projecting a later town.,false
location,chiba,shimousa_province,land,Katori Wa Kantō Elm Bench,local geographic stem / AD 1 archaeological-horizon label / English,horizon-landform reconstruction,installed:in_game/map_data/location_templates.txt;GEO-PROXY,medium,The geographic stem is placed in an AD 1 cultural horizon and physical setting without projecting a later town.,false
location,chibango,bena_province,land,Lulua Kasai Lukenie Lava,local geographic stem / AD 1 archaeological-horizon label / English,horizon-landform reconstruction,installed:in_game/map_data/location_templates.txt;GEO-PROXY,medium,The geographic stem is placed in an AD 1 cultural horizon and physical setting without projecting a later town.,false
location,chibemba,kunene_province,land,Cuvelai Cunene Pastoral Karst,local geographic stem / AD 1 archaeological-horizon label / English,horizon-landform reconstruction,installed:in_game/map_data/location_templates.txt;GEO-PROXY,medium,The geographic stem is placed in an AD 1 cultural horizon and physical setting without projecting a later town.,false
location,chibougamau,mistassini_province,land,Mistassini Shield Eeyou Hazel,local geographic stem / AD 1 archaeological-horizon label / English,horizon-landform reconstruction,installed:in_game/map_data/location_templates.txt;GEO-PROXY,medium,The geographic stem is placed in an AD 1 cultural horizon and physical setting without projecting a later town.,false
location,chibuene,inhambane_province,land,Limpopo Inhambane Shashe Palm,local geographic stem / AD 1 archaeological-horizon label / English,horizon-landform reconstruction,installed:in_game/map_data/location_templates.txt;GEO-PROXY,medium,The geographic stem is placed in an AD 1 cultural horizon and physical setting without projecting a later town.,false
location,chibvumani,upper_save_province,land,Save Manica Hunter Sage,local geographic stem / AD 1 archaeological-horizon label / English,horizon-landform reconstruction,installed:in_game/map_data/location_templates.txt;GEO-PROXY,medium,The geographic stem is placed in an AD 1 cultural horizon and physical setting without projecting a later town.,false
location,chibwe,putao_province,land,Mali Nmai Patkai Sandstone,local geographic stem / AD 1 archaeological-horizon label / English,horizon-landform reconstruction,installed:in_game/map_data/location_templates.txt;GEO-PROXY,medium,The geographic stem is placed in an AD 1 cultural horizon and physical setting without projecting a later town.,false
location,chic_choc_mountains,gaspe_province,land,Gespe gewa gi Basalt Bench,local geographic stem / AD 1 archaeological-horizon label / English,horizon-landform reconstruction,installed:in_game/map_data/location_templates.txt;GEO-PROXY,medium,The geographic stem is placed in an AD 1 cultural horizon and physical setting without projecting a later town.,false
location,chicagon,keweenaw_province,land,Superior Copper Huron Oak,local geographic stem / AD 1 archaeological-horizon label / English,horizon-landform reconstruction,installed:in_game/map_data/location_templates.txt;GEO-PROXY,medium,The geographic stem is placed in an AD 1 cultural horizon and physical setting without projecting a later town.,false
location,chical_co,mamullmapu_province,land,Atuel Chadileuvú Puelche,local geographic stem / AD 1 archaeological-horizon label / English,horizon-landform reconstruction,installed:in_game/map_data/location_templates.txt;GEO-PROXY,medium,The geographic stem is placed in an AD 1 cultural horizon and physical setting without projecting a later town.,false
location,chicamacomico,nanticoke_province,land,Wicomico Matapeake Mockley,local geographic stem / AD 1 archaeological-horizon label / English,horizon-landform reconstruction,installed:in_game/map_data/location_templates.txt;GEO-PROXY,medium,The geographic stem is placed in an AD 1 cultural horizon and physical setting without projecting a later town.,false
location,chicaquicha,chunsa_province,land,Bogotá Herrera Magdalena Elm,local geographic stem / AD 1 archaeological-horizon label / English,horizon-landform reconstruction,installed:in_game/map_data/location_templates.txt;GEO-PROXY,medium,The geographic stem is placed in an AD 1 cultural horizon and physical setting without projecting a later town.,false
location,chicchoc,gaspe_province,land,Gespe gewa gi Pine Heath,local geographic stem / AD 1 archaeological-horizon label / English,horizon-landform reconstruction,installed:in_game/map_data/location_templates.txt;GEO-PROXY,medium,The geographic stem is placed in an AD 1 cultural horizon and physical setting without projecting a later town.,false
location,chichaoua,haha_province,land,Cerne Atlas March Loess Moor,local geographic stem / AD 1 archaeological-horizon label / English,horizon-landform reconstruction,installed:in_game/map_data/location_templates.txt;GEO-PROXY,medium,The geographic stem is placed in an AD 1 cultural horizon and physical setting without projecting a later town.,false
location,chichawatni,bari_doab_province,land,Iravati Vipāśā Doab Palm,local geographic stem / AD 1 archaeological-horizon label / English,horizon-landform reconstruction,installed:in_game/map_data/location_templates.txt;GEO-PROXY,medium,The geographic stem is placed in an AD 1 cultural horizon and physical setting without projecting a later town.,false
location,chichen_itza,chichen_itza_province,land,Maya Northern-Lowland,ancient or indigenous name / English,reviewed ancient anchor or period landscape reconstruction,GEO-PROXY,medium,"A reviewed ancient settlement, people, archaeological horizon, or physical landscape replaces the later map label.",false
location,chichester,sussex_province,land,Noviomagus Reginorum,ancient or indigenous name / English,reviewed ancient anchor or period landscape reconstruction,https://pleiades.stoa.org/places/79622,high,"A reviewed ancient settlement, people, archaeological horizon, or physical landscape replaces the later map label.",false
location,chichibu,musashi_province,land,Fusa Tama Yayoi Cypress Glen,local geographic stem / AD 1 archaeological-horizon label / English,horizon-landform reconstruction,installed:in_game/map_data/location_templates.txt;GEO-PROXY,medium,The geographic stem is placed in an AD 1 cultural horizon and physical setting without projecting a later town.,false
location,chichijima,ogasawara_province,land,Northern Volcanic Isles,ancient or indigenous name / English,reviewed ancient anchor or period landscape reconstruction,GEO-PROXY,medium,"A reviewed ancient settlement, people, archaeological horizon, or physical landscape replaces the later map label.",false
location,chichijima_coast,nanpo_sea_zones_province,sea,Nanpō Sea,ancient or indigenous name / English,reviewed ancient anchor or period landscape reconstruction,GEO-PROXY,medium,"A reviewed ancient settlement, people, archaeological horizon, or physical landscape replaces the later map label.",false
location,chichitames,chisos_province,land,Chihuahuan Rio Grande Heather,local geographic stem / AD 1 archaeological-horizon label / English,horizon-landform reconstruction,installed:in_game/map_data/location_templates.txt;GEO-PROXY,medium,The geographic stem is placed in an AD 1 cultural horizon and physical setting without projecting a later town.,false
location,chicksawhe,oklafalaya_province,land,Marksville Biloxi,local geographic stem / AD 1 archaeological-horizon label / English,horizon-landform reconstruction,installed:in_game/map_data/location_templates.txt;GEO-PROXY,medium,The geographic stem is placed in an AD 1 cultural horizon and physical setting without projecting a later town.,false
location,chicobi,abitibi_province,land,Harricana Shield Eeyou Cedar,local geographic stem / AD 1 archaeological-horizon label / English,horizon-landform reconstruction,installed:in_game/map_data/location_templates.txt;GEO-PROXY,medium,The geographic stem is placed in an AD 1 cultural horizon and physical setting without projecting a later town.,false
location,chicora,chicora_province,land,Pee Dee Cape Elm Grove,local geographic stem / AD 1 archaeological-horizon label / English,horizon-landform reconstruction,installed:in_game/map_data/location_templates.txt;GEO-PROXY,medium,The geographic stem is placed in an AD 1 cultural horizon and physical setting without projecting a later town.,false
location,chicoutimi,saguenay_province,land,Innu Saguenay Riverlands,ancient or indigenous name / English,reviewed ancient anchor or period landscape reconstruction,GEO-PROXY,medium,"A reviewed ancient settlement, people, archaeological horizon, or physical landscape replaces the later map label.",false
location,chidkhu,yuru_kyara_province,land,Rogue Klamath Coastal Elm,local geographic stem / AD 1 archaeological-horizon label / English,horizon-landform reconstruction,installed:in_game/map_data/location_templates.txt;GEO-PROXY,medium,The geographic stem is placed in an AD 1 cultural horizon and physical setting without projecting a later town.,false
location,chieri,saluzzo_province,land,Carreum Potentia,ancient or indigenous name / English,reviewed ancient anchor or period landscape reconstruction,https://pleiades.stoa.org/places/383611,medium,"A reviewed ancient settlement, people, archaeological horizon, or physical landscape replaces the later map label.",false
location,chieti,abruzzo_citra_province,land,Teate,ancient or indigenous name / English,reviewed ancient anchor or period landscape reconstruction,https://pleiades.stoa.org/places/413333,medium,"A reviewed ancient settlement, people, archaeological horizon, or physical landscape replaces the later map label.",false
location,chiginagak_fjords,unalaska_coast_sea_zones_province,sea,Aleutian Unimak Sanak,local maritime stem / English,physical-reach AD 1 reconstruction,GEO-PROXY,medium,"The water cell is distinguished by coastal, island, or open-water geography rather than a later jurisdiction.",false
location,chignecto,agg_piktuk_province,land,Mi'kmaq Siknikt Isthmus,ancient or indigenous name / English,reviewed ancient anchor or period landscape reconstruction,GEO-PROXY,medium,"A reviewed ancient settlement, people, archaeological horizon, or physical landscape replaces the later map label.",false
location,chignecto_bay,bay_of_fundy_province,sea,Mi'kmaq Siknikt Bay,ancient or indigenous name / English,reviewed ancient anchor or period landscape reconstruction,GEO-PROXY,medium,"A reviewed ancient settlement, people, archaeological horizon, or physical landscape replaces the later map label.",false
location,chignik,unalaska_province,land,Aleutian Unimak Unaliq Peat,local geographic stem / AD 1 archaeological-horizon label / English,horizon-landform reconstruction,installed:in_game/map_data/location_templates.txt;GEO-PROXY,medium,The geographic stem is placed in an AD 1 cultural horizon and physical setting without projecting a later town.,false
location,chigoubiche,piekouagami_province,land,Laurel Piekouagami,local geographic stem / AD 1 archaeological-horizon label / English,horizon-landform reconstruction,installed:in_game/map_data/location_templates.txt;GEO-PROXY,medium,The geographic stem is placed in an AD 1 cultural horizon and physical setting without projecting a later town.,false
location,chiisagata,shinano_province,land,Suwa Kiso Wa Granite Piedmont,local geographic stem / AD 1 archaeological-horizon label / English,horizon-landform reconstruction,installed:in_game/map_data/location_templates.txt;GEO-PROXY,medium,The geographic stem is placed in an AD 1 cultural horizon and physical setting without projecting a later town.,false
location,chijin,suzhou_gansu_province,land,Jiuquan Hexi Corridor Flint,local geographic stem / AD 1 archaeological-horizon label / English,horizon-landform reconstruction,installed:in_game/map_data/location_templates.txt;GEO-PROXY,medium,The geographic stem is placed in an AD 1 cultural horizon and physical setting without projecting a later town.,false
location,chikapunotsu_cape,hokkaidou_north_coast,sea,Epi Jomon Shiretoko Shallow,local maritime stem / English,physical-reach AD 1 reconstruction,GEO-PROXY,medium,"The water cell is distinguished by coastal, island, or open-water geography rather than a later jurisdiction.",false
location,chikaskia,tulsa_province,land,Arkansas Cimarron Interior,local geographic stem / AD 1 archaeological-horizon label / English,horizon-landform reconstruction,installed:in_game/map_data/location_templates.txt;GEO-PROXY,medium,The geographic stem is placed in an AD 1 cultural horizon and physical setting without projecting a later town.,false
location,chikchar,lhokha_province,land,Yarlung Yamdrok Kongpo,local geographic stem / AD 1 archaeological-horizon label / English,horizon-landform reconstruction,installed:in_game/map_data/location_templates.txt;GEO-PROXY,medium,The geographic stem is placed in an AD 1 cultural horizon and physical setting without projecting a later town.,false
location,chikhan_agui,gobi_altai_province,land,Altai Xiongnu Steppe Chalk,local geographic stem / AD 1 archaeological-horizon label / English,horizon-landform reconstruction,installed:in_game/map_data/location_templates.txt;GEO-PROXY,medium,The geographic stem is placed in an AD 1 cultural horizon and physical setting without projecting a later town.,false
location,chikowa,tete_province,land,Zambezi Luangwa Loess,local geographic stem / AD 1 archaeological-horizon label / English,horizon-landform reconstruction,installed:in_game/map_data/location_templates.txt;GEO-PROXY,medium,The geographic stem is placed in an AD 1 cultural horizon and physical setting without projecting a later town.,false
location,chikwanda,pungwe_province,land,Sofala Save Buzi Elm Glen,local geographic stem / AD 1 archaeological-horizon label / English,horizon-landform reconstruction,installed:in_game/map_data/location_templates.txt;GEO-PROXY,medium,The geographic stem is placed in an AD 1 cultural horizon and physical setting without projecting a later town.,false
location,chilai_cape,taiwan_coast_province,sea,Lan Jiangnan Minyue Pearl,local maritime stem / English,physical-reach AD 1 reconstruction,GEO-PROXY,medium,"The water cell is distinguished by coastal, island, or open-water geography rather than a later jurisdiction.",false
location,chilapa,yopitzinco_province,land,Yope Tixtla Teotihuacan Hazel,local geographic stem / AD 1 archaeological-horizon label / English,horizon-landform reconstruction,installed:in_game/map_data/location_templates.txt;GEO-PROXY,medium,The geographic stem is placed in an AD 1 cultural horizon and physical setting without projecting a later town.,false
location,chilas,balor,land,Darada Gilgit Kamboja,local geographic stem / AD 1 archaeological-horizon label / English,horizon-landform reconstruction,installed:in_game/map_data/location_templates.txt;GEO-PROXY,medium,The geographic stem is placed in an AD 1 cultural horizon and physical setting without projecting a later town.,false
location,chilca,ishma_province,land,Rímac Lurín Early Sandstone,local geographic stem / AD 1 archaeological-horizon label / English,horizon-landform reconstruction,installed:in_game/map_data/location_templates.txt;GEO-PROXY,medium,The geographic stem is placed in an AD 1 cultural horizon and physical setting without projecting a later town.,false
location,chilchi,yuktali_province,land,Proto Tungusic Zeya Granite,local geographic stem / AD 1 archaeological-horizon label / English,horizon-landform reconstruction,installed:in_game/map_data/location_templates.txt;GEO-PROXY,medium,The geographic stem is placed in an AD 1 cultural horizon and physical setting without projecting a later town.,false
location,chilcotin_mtns,chilcotin_province,land,Tsilhqot'in Highlands,ancient or indigenous name / English,reviewed ancient anchor or period landscape reconstruction,GEO-PROXY,medium,"A reviewed ancient settlement, people, archaeological horizon, or physical landscape replaces the later map label.",false
location,chilga,metekel_province,land,Blue Nile Beles Sandstone,local geographic stem / AD 1 archaeological-horizon label / English,horizon-landform reconstruction,installed:in_game/map_data/location_templates.txt;GEO-PROXY,medium,The geographic stem is placed in an AD 1 cultural horizon and physical setting without projecting a later town.,false
location,chilia,basarabia_province,land,Tyras Ister Limans Alder,local geographic stem / AD 1 archaeological-horizon label / English,horizon-landform reconstruction,installed:in_game/map_data/location_templates.txt;GEO-PROXY,medium,The geographic stem is placed in an AD 1 cultural horizon and physical setting without projecting a later town.,false
location,chilika_lake,rajabandi,lake,Kalinga Mahanadī Mahākāntāra,local hydronym / AD 1 horizon / English,horizon lake-country reconstruction,installed:in_game/map_data/location_templates.txt;GEO-PROXY,medium,The lake is placed in its AD 1 cultural and ecological landscape rather than treated as a later settlement.,false
location,chilkootg_trail,south_tutchone_province,land,Tlingit Chilkoot Portage,ancient or indigenous name / English,reviewed ancient anchor or period landscape reconstruction,GEO-PROXY,medium,"A reviewed ancient settlement, people, archaeological horizon, or physical landscape replaces the later map label.",false
location,chillan,pikunmapu_province,land,Bato Maule Bío Oak Barrens,local geographic stem / AD 1 archaeological-horizon label / English,horizon-landform reconstruction,installed:in_game/map_data/location_templates.txt;GEO-PROXY,medium,The geographic stem is placed in an AD 1 cultural horizon and physical setting without projecting a later town.,false
location,chillan_mountains,pikunmapu_province,land,Bato Maule Bío Karst Ridge,local geographic stem / AD 1 archaeological-horizon label / English,horizon-landform reconstruction,installed:in_game/map_data/location_templates.txt;GEO-PROXY,medium,The geographic stem is placed in an AD 1 cultural horizon and physical setting without projecting a later town.,false
location,chillupar,azamgarh_province,land,Malla Kosala Kashi Flint,local geographic stem / AD 1 archaeological-horizon label / English,horizon-landform reconstruction,installed:in_game/map_data/location_templates.txt;GEO-PROXY,medium,The geographic stem is placed in an AD 1 cultural horizon and physical setting without projecting a later town.,false
location,chiloango,central_kongo_province,land,Niari Kongo Kwanza Amber,local geographic stem / AD 1 archaeological-horizon label / English,horizon-landform reconstruction,installed:in_game/map_data/location_templates.txt;GEO-PROXY,medium,The geographic stem is placed in an AD 1 cultural horizon and physical setting without projecting a later town.,false
location,chiluane,pungwe_province,land,Sofala Save Buzi Sage Scrub,local geographic stem / AD 1 archaeological-horizon label / English,horizon-landform reconstruction,installed:in_game/map_data/location_templates.txt;GEO-PROXY,medium,The geographic stem is placed in an AD 1 cultural horizon and physical setting without projecting a later town.,false
location,chilwe,chambeshi_province,land,Chambeshi Luapula Corridor,local geographic stem / AD 1 archaeological-horizon label / English,horizon-landform reconstruction,installed:in_game/map_data/location_templates.txt;GEO-PROXY,medium,The geographic stem is placed in an AD 1 cultural horizon and physical setting without projecting a later town.,false
location,chimalapa_jungle,zaklohpakab_province,land,Late Preclassic Zoque Cedar,ancient or indigenous name / English,reviewed ancient anchor or period landscape reconstruction,GEO-PROXY,medium,"A reviewed ancient settlement, people, archaeological horizon, or physical landscape replaces the later map label.",false
location,chimalapan,tehuantepec_province,land,Oak Glen,local geographic stem / AD 1 archaeological-horizon label / English,horizon-landform reconstruction,installed:in_game/map_data/location_templates.txt;GEO-PROXY,medium,The geographic stem is placed in an AD 1 cultural horizon and physical setting without projecting a later town.,false
location,chimay,hainaut_province,land,Nervii Bagacum Sabis Peat,local geographic stem / AD 1 archaeological-horizon label / English,horizon-landform reconstruction,installed:in_game/map_data/location_templates.txt;GEO-PROXY,medium,The geographic stem is placed in an AD 1 cultural horizon and physical setting without projecting a later town.,false
location,chimborazo_volcano,quitu_province,land,Quito Regional Development,ancient or indigenous name / English,reviewed ancient anchor or period landscape reconstruction,GEO-PROXY,medium,"A reviewed ancient settlement, people, archaeological horizon, or physical landscape replaces the later map label.",false
location,chimgi_tura,chimgi_tura_province,land,Sargat Tobol Iset Oak Thicket,local geographic stem / AD 1 archaeological-horizon label / English,horizon-landform reconstruction,installed:in_game/map_data/location_templates.txt;GEO-PROXY,medium,The geographic stem is placed in an AD 1 cultural horizon and physical setting without projecting a later town.,false
location,chimore_jungle,yunga_province,land,Yungas Glen,local geographic stem / AD 1 archaeological-horizon label / English,horizon-landform reconstruction,installed:in_game/map_data/location_templates.txt;GEO-PROXY,medium,The geographic stem is placed in an AD 1 cultural horizon and physical setting without projecting a later town.,false
location,chimu,markahuamachuco_province,land,Cajamarca Huamachuco Centers,local geographic stem / AD 1 archaeological-horizon label / English,horizon-landform reconstruction,installed:in_game/map_data/location_templates.txt;GEO-PROXY,medium,The geographic stem is placed in an AD 1 cultural horizon and physical setting without projecting a later town.,false
location,chimuande,mbamba_province,land,Dande Kwanza Kongo Limestone,local geographic stem / AD 1 archaeological-horizon label / English,horizon-landform reconstruction,installed:in_game/map_data/location_templates.txt;GEO-PROXY,medium,The geographic stem is placed in an AD 1 cultural horizon and physical setting without projecting a later town.,false
location,chin_hills1,chin_province,land,Kaladan Chindwin Imphal,ancient or indigenous name / English,reviewed ancient anchor or period landscape reconstruction,GEO-PROXY,medium,"A reviewed ancient settlement, people, archaeological horizon, or physical landscape replaces the later map label.",false
location,chin_hills2,chin_province,land,Kaladan Chindwin,ancient or indigenous name / English,reviewed ancient anchor or period landscape reconstruction,GEO-PROXY,medium,"A reviewed ancient settlement, people, archaeological horizon, or physical landscape replaces the later map label.",false
location,chin_hills3,chin_province,land,Kaladan Chindwin Imphal Lava,ancient or indigenous name / English,reviewed ancient anchor or period landscape reconstruction,GEO-PROXY,medium,"A reviewed ancient settlement, people, archaeological horizon, or physical landscape replaces the later map label.",false
location,chinabajul,cuchumatan_province,land,Cuchumatan Maya Motagua Hazel,local geographic stem / AD 1 archaeological-horizon label / English,horizon-landform reconstruction,installed:in_game/map_data/location_templates.txt;GEO-PROXY,medium,The geographic stem is placed in an AD 1 cultural horizon and physical setting without projecting a later town.,false
location,chinaitih,xumani_province,land,Conchos Bolsón Drylands Karst,local geographic stem / AD 1 archaeological-horizon label / English,horizon-landform reconstruction,installed:in_game/map_data/location_templates.txt;GEO-PROXY,medium,The geographic stem is placed in an AD 1 cultural horizon and physical setting without projecting a later town.,false
location,chinali,chinali_province,land,Powder Tongue Mogollon,local geographic stem / AD 1 archaeological-horizon label / English,horizon-landform reconstruction,installed:in_game/map_data/location_templates.txt;GEO-PROXY,medium,The geographic stem is placed in an AD 1 cultural horizon and physical setting without projecting a later town.,false
location,chinantlan,atepec_province,land,Chinantla Papaloapan Epi Palm,local geographic stem / AD 1 archaeological-horizon label / English,horizon-landform reconstruction,installed:in_game/map_data/location_templates.txt;GEO-PROXY,medium,The geographic stem is placed in an AD 1 cultural horizon and physical setting without projecting a later town.,false
location,chinchaga,dunnneza_province,land,Peace Rocky Dehcho Flint,local geographic stem / AD 1 archaeological-horizon label / English,horizon-landform reconstruction,installed:in_game/map_data/location_templates.txt;GEO-PROXY,medium,The geographic stem is placed in an AD 1 cultural horizon and physical setting without projecting a later town.,false
location,chinchay,ica_province,land,Nazca Paracas Ica Elm Ridge,local geographic stem / AD 1 archaeological-horizon label / English,horizon-landform reconstruction,installed:in_game/map_data/location_templates.txt;GEO-PROXY,medium,The geographic stem is placed in an AD 1 cultural horizon and physical setting without projecting a later town.,false
location,chinchilla,albacete_province,land,Basalt Breaks,local geographic stem / AD 1 archaeological-horizon label / English,horizon-landform reconstruction,installed:in_game/map_data/location_templates.txt;GEO-PROXY,medium,The geographic stem is placed in an AD 1 cultural horizon and physical setting without projecting a later town.,false
location,chinchon,ocana_province,land,Carpetani Tagus Anas Chalk,local geographic stem / AD 1 archaeological-horizon label / English,horizon-landform reconstruction,installed:in_game/map_data/location_templates.txt;GEO-PROXY,medium,The geographic stem is placed in an AD 1 cultural horizon and physical setting without projecting a later town.,false
location,chincoteague_bay,mid_atlantic_coast_province,sea,Pocomoke Barrier-Island Bay,ancient or indigenous name / English,reviewed ancient anchor or period landscape reconstruction,GEO-PROXY,medium,"A reviewed ancient settlement, people, archaeological horizon, or physical landscape replaces the later map label.",false
location,chinda,naco_province,land,Ulúa Naco Copán Flint Ridge,local geographic stem / AD 1 archaeological-horizon label / English,horizon-landform reconstruction,installed:in_game/map_data/location_templates.txt;GEO-PROXY,medium,The geographic stem is placed in an AD 1 cultural horizon and physical setting without projecting a later town.,false
location,chindre,lower_zambezi_province,land,Zambezi Middle Iron Alder,local geographic stem / AD 1 archaeological-horizon label / English,horizon-landform reconstruction,installed:in_game/map_data/location_templates.txt;GEO-PROXY,medium,The geographic stem is placed in an AD 1 cultural horizon and physical setting without projecting a later town.,false
location,chine,macaclita_province,land,Salinas Grandes Dulce Palm,local geographic stem / AD 1 archaeological-horizon label / English,horizon-landform reconstruction,installed:in_game/map_data/location_templates.txt;GEO-PROXY,medium,The geographic stem is placed in an AD 1 cultural horizon and physical setting without projecting a later town.,false
location,chingaza_mountains,chunsa_province,land,Bogotá Flint,local geographic stem / AD 1 archaeological-horizon label / English,horizon-landform reconstruction,installed:in_game/map_data/location_templates.txt;GEO-PROXY,medium,The geographic stem is placed in an AD 1 cultural horizon and physical setting without projecting a later town.,false
location,chingetti,adrar_province,land,Erg Amatlich Idjil Granite,local geographic stem / AD 1 archaeological-horizon label / English,horizon-landform reconstruction,installed:in_game/map_data/location_templates.txt;GEO-PROXY,medium,The geographic stem is placed in an AD 1 cultural horizon and physical setting without projecting a later town.,false
location,chinggil,altay_province,land,Altai Xiongnu Contact Chalk,local geographic stem / AD 1 archaeological-horizon label / English,horizon-landform reconstruction,installed:in_game/map_data/location_templates.txt;GEO-PROXY,medium,The geographic stem is placed in an AD 1 cultural horizon and physical setting without projecting a later town.,false
location,chinili,orayvi_province,land,Basketmaker Grand Mesa Basalt,local geographic stem / AD 1 archaeological-horizon label / English,horizon-landform reconstruction,installed:in_game/map_data/location_templates.txt;GEO-PROXY,medium,The geographic stem is placed in an AD 1 cultural horizon and physical setting without projecting a later town.,false
location,chiniot,rechna_doab_province,land,Malloi Chenab Ravi Heather,local geographic stem / AD 1 archaeological-horizon label / English,horizon-landform reconstruction,installed:in_game/map_data/location_templates.txt;GEO-PROXY,medium,The geographic stem is placed in an AD 1 cultural horizon and physical setting without projecting a later town.,false
location,chinipas,yoreme_province,land,San Limestone Piedmont,local geographic stem / AD 1 archaeological-horizon label / English,horizon-landform reconstruction,installed:in_game/map_data/location_templates.txt;GEO-PROXY,medium,The geographic stem is placed in an AD 1 cultural horizon and physical setting without projecting a later town.,false
location,chinipi,ashca_province,land,Salado Bermejo Chaco,local geographic stem / AD 1 archaeological-horizon label / English,horizon-landform reconstruction,installed:in_game/map_data/location_templates.txt;GEO-PROXY,medium,The geographic stem is placed in an AD 1 cultural horizon and physical setting without projecting a later town.,false
location,chinon,touraine_province,land,Turones Vienne Fortress Lands,ancient or indigenous name / English,reviewed ancient anchor or period landscape reconstruction,GEO-PROXY,medium,"A reviewed ancient settlement, people, archaeological horizon, or physical landscape replaces the later map label.",false
location,chinook,chinook_province,land,Nch i Wána Cypress Heath,local geographic stem / AD 1 archaeological-horizon label / English,horizon-landform reconstruction,installed:in_game/map_data/location_templates.txt;GEO-PROXY,medium,The geographic stem is placed in an AD 1 cultural horizon and physical setting without projecting a later town.,false
location,chinook_bay,washington_sea_zones_province,sea,Willapa Tillamook Pearl,local maritime stem / English,physical-reach AD 1 reconstruction,GEO-PROXY,medium,"The water cell is distinguished by coastal, island, or open-water geography rather than a later jurisdiction.",false
location,chinquetana,kanawha_province,land,Ohio Kanawha Monongahela,local geographic stem / AD 1 archaeological-horizon label / English,horizon-landform reconstruction,installed:in_game/map_data/location_templates.txt;GEO-PROXY,medium,The geographic stem is placed in an AD 1 cultural horizon and physical setting without projecting a later town.,false
location,chinunga,muchinga_province,land,Luangwa Muchinga,local geographic stem / AD 1 archaeological-horizon label / English,horizon-landform reconstruction,installed:in_game/map_data/location_templates.txt;GEO-PROXY,medium,The geographic stem is placed in an AD 1 cultural horizon and physical setting without projecting a later town.,false
location,chioata,kabompo_province,land,Zambezi Kabompo Kwanza Palm,local geographic stem / AD 1 archaeological-horizon label / English,horizon-landform reconstruction,installed:in_game/map_data/location_templates.txt;GEO-PROXY,medium,The geographic stem is placed in an AD 1 cultural horizon and physical setting without projecting a later town.,false
location,chioggia,venice_province,land,Venetic Lagoon Settlements,ancient or indigenous name / English,reviewed ancient anchor or period landscape reconstruction,GEO-PROXY,medium,"A reviewed ancient settlement, people, archaeological horizon, or physical landscape replaces the later map label.",false
location,chios,chios_province,land,Chios Polis,ancient or indigenous name / English,reviewed ancient anchor or period landscape reconstruction,https://pleiades.stoa.org/places/550496,high,"A reviewed ancient settlement, people, archaeological horizon, or physical landscape replaces the later map label.",false
location,chipagwe,lower_runde_province,land,Runde Save Buzi Cedar Heath,local geographic stem / AD 1 archaeological-horizon label / English,horizon-landform reconstruction,installed:in_game/map_data/location_templates.txt;GEO-PROXY,medium,The geographic stem is placed in an AD 1 cultural horizon and physical setting without projecting a later town.,false
location,chipangura,buzi_province,land,Pungwe Gorongosa Corridor,local geographic stem / AD 1 archaeological-horizon label / English,horizon-landform reconstruction,installed:in_game/map_data/location_templates.txt;GEO-PROXY,medium,The geographic stem is placed in an AD 1 cultural horizon and physical setting without projecting a later town.,false
location,chipata,colombayma_province,land,Magdalena Guaduas Herrera,local geographic stem / AD 1 archaeological-horizon label / English,horizon-landform reconstruction,installed:in_game/map_data/location_templates.txt;GEO-PROXY,medium,The geographic stem is placed in an AD 1 cultural horizon and physical setting without projecting a later town.,false
location,chiping,dongchang_province,land,Dong Ji Qi Fern Hollow,local geographic stem / AD 1 archaeological-horizon label / English,horizon-landform reconstruction,installed:in_game/map_data/location_templates.txt;GEO-PROXY,medium,The geographic stem is placed in an AD 1 cultural horizon and physical setting without projecting a later town.,false
location,chipion,chipion_province,land,Paraná Salado Mound Cedar,local geographic stem / AD 1 archaeological-horizon label / English,horizon-landform reconstruction,installed:in_game/map_data/location_templates.txt;GEO-PROXY,medium,The geographic stem is placed in an AD 1 cultural horizon and physical setting without projecting a later town.,false
location,chipisipi,caniapiscau_province,land,Caribou Dorset,local geographic stem / AD 1 archaeological-horizon label / English,horizon-landform reconstruction,installed:in_game/map_data/location_templates.txt;GEO-PROXY,medium,The geographic stem is placed in an AD 1 cultural horizon and physical setting without projecting a later town.,false
location,chipoudy,siknikt_province,land,Maritime Miramichi,local geographic stem / AD 1 archaeological-horizon label / English,horizon-landform reconstruction,installed:in_game/map_data/location_templates.txt;GEO-PROXY,medium,The geographic stem is placed in an AD 1 cultural horizon and physical setting without projecting a later town.,false
location,chippenham,wiltshire_province,land,Verlucio,ancient or indigenous name / English,reviewed ancient anchor or period landscape reconstruction,GEO-PROXY,medium,"A reviewed ancient settlement, people, archaeological horizon, or physical landscape replaces the later map label.",false
location,chiprac,ishma_province,land,Rímac Lurín Early Cedar,local geographic stem / AD 1 archaeological-horizon label / English,horizon-landform reconstruction,installed:in_game/map_data/location_templates.txt;GEO-PROXY,medium,The geographic stem is placed in an AD 1 cultural horizon and physical setting without projecting a later town.,false
location,chipukuswi,lower_runde_province,land,Runde Save Buzi Amber Hollow,local geographic stem / AD 1 archaeological-horizon label / English,horizon-landform reconstruction,installed:in_game/map_data/location_templates.txt;GEO-PROXY,medium,The geographic stem is placed in an AD 1 cultural horizon and physical setting without projecting a later town.,false
location,chiquia,kotosh_province,land,Huánuco Post Chavín Lava,local geographic stem / AD 1 archaeological-horizon label / English,horizon-landform reconstruction,installed:in_game/map_data/location_templates.txt;GEO-PROXY,medium,The geographic stem is placed in an AD 1 cultural horizon and physical setting without projecting a later town.,false
location,chiquimula,cuauhtemallan_province,land,Kaminaljuyu Motagua Maya Fern,local geographic stem / AD 1 archaeological-horizon label / English,horizon-landform reconstruction,installed:in_game/map_data/location_templates.txt;GEO-PROXY,medium,The geographic stem is placed in an AD 1 cultural horizon and physical setting without projecting a later town.,false
location,chiquita_sea_lake,macaclita_province,land,Moxo Llanos Inland Waters,ancient or indigenous name / English,reviewed ancient anchor or period landscape reconstruction,GEO-PROXY,medium,"A reviewed ancient settlement, people, archaeological horizon, or physical landscape replaces the later map label.",false
location,chira,xllang_province,land,Tumbes Valleys Yunga Juniper,local geographic stem / AD 1 archaeological-horizon label / English,horizon-landform reconstruction,installed:in_game/map_data/location_templates.txt;GEO-PROXY,medium,The geographic stem is placed in an AD 1 cultural horizon and physical setting without projecting a later town.,false
location,chiramba,sena_province,land,Early Bantu Sena Cedar Glen,local geographic stem / AD 1 archaeological-horizon label / English,horizon-landform reconstruction,installed:in_game/map_data/location_templates.txt;GEO-PROXY,medium,The geographic stem is placed in an AD 1 cultural horizon and physical setting without projecting a later town.,false
location,chiras,maymana_province,land,Bactrian Paropamisian Marches,local geographic stem / AD 1 archaeological-horizon label / English,horizon-landform reconstruction,installed:in_game/map_data/location_templates.txt;GEO-PROXY,medium,The geographic stem is placed in an AD 1 cultural horizon and physical setting without projecting a later town.,false
location,chirikof_island,denaina_coast_sea_zones_province,sea,Alutiiq Southern Island,ancient or indigenous name / English,reviewed ancient anchor or period landscape reconstruction,GEO-PROXY,medium,"A reviewed ancient settlement, people, archaeological horizon, or physical landscape replaces the later map label.",false
location,chiripa,tacuru_province,land,Paraná Maracaju Xingu Hazel,local geographic stem / AD 1 archaeological-horizon label / English,horizon-landform reconstruction,installed:in_game/map_data/location_templates.txt;GEO-PROXY,medium,The geographic stem is placed in an AD 1 cultural horizon and physical setting without projecting a later town.,false
location,chirippu_cape,chishima_islands,sea,Epi Jōmon Kuril Leeward Swell,local maritime stem / English,physical-reach AD 1 reconstruction,GEO-PROXY,medium,"The water cell is distinguished by coastal, island, or open-water geography rather than a later jurisdiction.",false
location,chiriqui,boruca_province,land,Diquis Maya Cedar Scrub,ancient or indigenous name / English,reviewed ancient anchor or period landscape reconstruction,GEO-PROXY,medium,"A reviewed ancient settlement, people, archaeological horizon, or physical landscape replaces the later map label.",false
location,chiriqui_gulf,nekokiaw_coast_sea_zones_province,sea,Nicoya Pacific Isthmian,ancient or indigenous name / English,reviewed ancient anchor or period landscape reconstruction,GEO-PROXY,medium,"A reviewed ancient settlement, people, archaeological horizon, or physical landscape replaces the later map label.",false
location,chiriqui_jungle,boruca_province,land,Diquís Maya Spruce Heather,ancient or indigenous name / English,reviewed ancient anchor or period landscape reconstruction,GEO-PROXY,medium,"A reviewed ancient settlement, people, archaeological horizon, or physical landscape replaces the later map label.",false
location,chiriqui_mountains,boruca_province,land,Diquís Maya Flint Palm Ridge,ancient or indigenous name / English,reviewed ancient anchor or period landscape reconstruction,GEO-PROXY,medium,"A reviewed ancient settlement, people, archaeological horizon, or physical landscape replaces the later map label.",false
location,chirki,zavolochye_province,land,Late Belomorye Pinega Birch,local geographic stem / AD 1 archaeological-horizon label / English,horizon-landform reconstruction,installed:in_game/map_data/location_templates.txt;GEO-PROXY,medium,The geographic stem is placed in an AD 1 cultural horizon and physical setting without projecting a later town.,false
location,chiroqchi,bukhara_province,land,Bukhara Kesh Sogdiana Granite,local geographic stem / AD 1 archaeological-horizon label / English,horizon-landform reconstruction,installed:in_game/map_data/location_templates.txt;GEO-PROXY,medium,The geographic stem is placed in an AD 1 cultural horizon and physical setting without projecting a later town.,false
location,chirovoye,mountain_chuvan_province,land,Anadyr Kolyma Chaun Oak,local geographic stem / AD 1 archaeological-horizon label / English,horizon-landform reconstruction,installed:in_game/map_data/location_templates.txt;GEO-PROXY,medium,The geographic stem is placed in an AD 1 cultural horizon and physical setting without projecting a later town.,false
location,chirowe,luangwa_province,land,Luangwa Zambezi Kafue Cypress,local geographic stem / AD 1 archaeological-horizon label / English,horizon-landform reconstruction,installed:in_game/map_data/location_templates.txt;GEO-PROXY,medium,The geographic stem is placed in an AD 1 cultural horizon and physical setting without projecting a later town.,false
location,chiru,parita_province,land,Gran Coclé Parita Alder,local geographic stem / AD 1 archaeological-horizon label / English,horizon-landform reconstruction,installed:in_game/map_data/location_templates.txt;GEO-PROXY,medium,The geographic stem is placed in an AD 1 cultural horizon and physical setting without projecting a later town.,false
location,chiryapchi,suullar_myraan_province,land,Amga Maya Taiga Palm Glen,local geographic stem / AD 1 archaeological-horizon label / English,horizon-landform reconstruction,installed:in_game/map_data/location_templates.txt;GEO-PROXY,medium,The geographic stem is placed in an AD 1 cultural horizon and physical setting without projecting a later town.,false
location,chisasibi,chisasibi_province,land,La Grande Eastmain Sandstone,local geographic stem / AD 1 archaeological-horizon label / English,horizon-landform reconstruction,installed:in_game/map_data/location_templates.txt;GEO-PROXY,medium,The geographic stem is placed in an AD 1 cultural horizon and physical setting without projecting a later town.,false
location,chishamnee,lumnanas_province,land,Chaco Savanna Ayoreo Cedar,local geographic stem / AD 1 archaeological-horizon label / English,horizon-landform reconstruction,installed:in_game/map_data/location_templates.txt;GEO-PROXY,medium,The geographic stem is placed in an AD 1 cultural horizon and physical setting without projecting a later town.,false
location,chishmy,chishmy_province,land,Kara Abyz Belaya Sage Heath,local geographic stem / AD 1 archaeological-horizon label / English,horizon-landform reconstruction,installed:in_game/map_data/location_templates.txt;GEO-PROXY,medium,The geographic stem is placed in an AD 1 cultural horizon and physical setting without projecting a later town.,false
location,chishti_sarif,herat_province,land,Aria Alexandria Areion Basalt,local geographic stem / AD 1 archaeological-horizon label / English,horizon-landform reconstruction,installed:in_game/map_data/location_templates.txt;GEO-PROXY,medium,The geographic stem is placed in an AD 1 cultural horizon and physical setting without projecting a later town.,false
location,chishtian,cholistan_province,land,Sauvira Hakra Oases,local geographic stem / AD 1 archaeological-horizon label / English,horizon-landform reconstruction,installed:in_game/map_data/location_templates.txt;GEO-PROXY,medium,The geographic stem is placed in an AD 1 cultural horizon and physical setting without projecting a later town.,false
location,chisinau,orhei_province,land,Getic Bic Lands,ancient or indigenous name / English,reviewed ancient anchor or period landscape reconstruction,GEO-PROXY,medium,"A reviewed ancient settlement, people, archaeological horizon, or physical landscape replaces the later map label.",false
location,chisobibra,meghalaya_province,land,Khasi Jaintia,local geographic stem / AD 1 archaeological-horizon label / English,horizon-landform reconstruction,installed:in_game/map_data/location_templates.txt;GEO-PROXY,medium,The geographic stem is placed in an AD 1 cultural horizon and physical setting without projecting a later town.,false
location,chisos,chisos_province,land,Chihuahuan Archaic Desert,ancient or indigenous name / English,reviewed ancient anchor or period landscape reconstruction,GEO-PROXY,medium,"A reviewed ancient settlement, people, archaeological horizon, or physical landscape replaces the later map label.",false
location,chistamikap,pitchibourenik_province,land,Laurel Eastmain Rupert Oak,local geographic stem / AD 1 archaeological-horizon label / English,horizon-landform reconstruction,installed:in_game/map_data/location_templates.txt;GEO-PROXY,medium,The geographic stem is placed in an AD 1 cultural horizon and physical setting without projecting a later town.,false
location,chisvingo,upper_mazowe_province,land,Mazowe Manyame Hunter Cypress,local geographic stem / AD 1 archaeological-horizon label / English,horizon-landform reconstruction,installed:in_game/map_data/location_templates.txt;GEO-PROXY,medium,The geographic stem is placed in an AD 1 cultural horizon and physical setting without projecting a later town.,false
location,chiswell,tutelo_province,land,Tutelo Piedmont Lands,ancient or indigenous name / English,reviewed ancient anchor or period landscape reconstruction,GEO-PROXY,medium,"A reviewed ancient settlement, people, archaeological horizon, or physical landscape replaces the later map label.",false
location,chit,ingoda_province,land,Ingoda Shilka Tungusic Karst,local geographic stem / AD 1 archaeological-horizon label / English,horizon-landform reconstruction,installed:in_game/map_data/location_templates.txt;GEO-PROXY,medium,The geographic stem is placed in an AD 1 cultural horizon and physical setting without projecting a later town.,false
location,chitagaes,suchiimma_province,land,Catatumbo Perijá Maracaibo,local geographic stem / AD 1 archaeological-horizon label / English,horizon-landform reconstruction,installed:in_game/map_data/location_templates.txt;GEO-PROXY,medium,The geographic stem is placed in an AD 1 cultural horizon and physical setting without projecting a later town.,false
location,chitambo,lunsemfwa_province,land,Lunsemfwa Luangwa Lualaba,local geographic stem / AD 1 archaeological-horizon label / English,horizon-landform reconstruction,installed:in_game/map_data/location_templates.txt;GEO-PROXY,medium,The geographic stem is placed in an AD 1 cultural horizon and physical setting without projecting a later town.,false
location,chitanda,kunene_province,land,Cuvelai Cunene Pastoral Chalk,local geographic stem / AD 1 archaeological-horizon label / English,horizon-landform reconstruction,installed:in_game/map_data/location_templates.txt;GEO-PROXY,medium,The geographic stem is placed in an AD 1 cultural horizon and physical setting without projecting a later town.,false
location,chitapur,kalyana_karnakassala,land,Sātavāhana Karnata,local geographic stem / AD 1 archaeological-horizon label / English,horizon-landform reconstruction,installed:in_game/map_data/location_templates.txt;GEO-PROXY,medium,The geographic stem is placed in an AD 1 cultural horizon and physical setting without projecting a later town.,false
location,chitek,oceko_sipiy_province,land,Laurel Cedar Winnipeg Cypress,local geographic stem / AD 1 archaeological-horizon label / English,horizon-landform reconstruction,installed:in_game/map_data/location_templates.txt;GEO-PROXY,medium,The geographic stem is placed in an AD 1 cultural horizon and physical setting without projecting a later town.,false
location,chitimbe,chambeshi_province,land,Chambeshi Luapula,local geographic stem / AD 1 archaeological-horizon label / English,horizon-landform reconstruction,installed:in_game/map_data/location_templates.txt;GEO-PROXY,medium,The geographic stem is placed in an AD 1 cultural horizon and physical setting without projecting a later town.,false
location,chitina,athna_province,land,Ahtna Copper Tanana Juniper,local geographic stem / AD 1 archaeological-horizon label / English,horizon-landform reconstruction,installed:in_game/map_data/location_templates.txt;GEO-PROXY,medium,The geographic stem is placed in an AD 1 cultural horizon and physical setting without projecting a later town.,false
location,chitkan,barga_province,land,Barguzin Angara Amur Spruce,local geographic stem / AD 1 archaeological-horizon label / English,horizon-landform reconstruction,installed:in_game/map_data/location_templates.txt;GEO-PROXY,medium,The geographic stem is placed in an AD 1 cultural horizon and physical setting without projecting a later town.,false
location,chitolah,wiskapella_province,land,Republican Solomon Interior,local geographic stem / AD 1 archaeological-horizon label / English,horizon-landform reconstruction,installed:in_game/map_data/location_templates.txt;GEO-PROXY,medium,The geographic stem is placed in an AD 1 cultural horizon and physical setting without projecting a later town.,false
location,chitomborwizi,manyame_province,land,Manyame Angwa Iron Hazel,local geographic stem / AD 1 archaeological-horizon label / English,horizon-landform reconstruction,installed:in_game/map_data/location_templates.txt;GEO-PROXY,medium,The geographic stem is placed in an AD 1 cultural horizon and physical setting without projecting a later town.,false
location,chitope,lufubu_province,land,Mweru Luapula Lualaba Cypress,local geographic stem / AD 1 archaeological-horizon label / English,horizon-landform reconstruction,installed:in_game/map_data/location_templates.txt;GEO-PROXY,medium,The geographic stem is placed in an AD 1 cultural horizon and physical setting without projecting a later town.,false
location,chitose,iburi_province,land,Epi Jomon Uchiura Fern Glen,local geographic stem / AD 1 archaeological-horizon label / English,horizon-landform reconstruction,installed:in_game/map_data/location_templates.txt;GEO-PROXY,medium,The geographic stem is placed in an AD 1 cultural horizon and physical setting without projecting a later town.,false
location,chitradurga,chitradurga_province,land,Tumkur Megalithic Kuntala,local geographic stem / AD 1 archaeological-horizon label / English,horizon-landform reconstruction,installed:in_game/map_data/location_templates.txt;GEO-PROXY,medium,The geographic stem is placed in an AD 1 cultural horizon and physical setting without projecting a later town.,false
location,chitrakuta,lower_bundelkhand_province,land,Vindhyan Sacred Hills,ancient or indigenous name / English,reviewed ancient anchor or period landscape reconstruction,GEO-PROXY,medium,"A reviewed ancient settlement, people, archaeological horizon, or physical landscape replaces the later map label.",false
location,chitral,chitral_province,land,Darada Kunar Kamboja Lava,local geographic stem / AD 1 archaeological-horizon label / English,horizon-landform reconstruction,installed:in_game/map_data/location_templates.txt;GEO-PROXY,medium,The geographic stem is placed in an AD 1 cultural horizon and physical setting without projecting a later town.,false
location,chittagong,chittagong_province,land,Samatata Coastal Lands,ancient or indigenous name / English,reviewed ancient anchor or period landscape reconstruction,GEO-PROXY,medium,"A reviewed ancient settlement, people, archaeological horizon, or physical landscape replaces the later map label.",false
location,chittaloosa,natchez_province,land,Marksville Mississippi,local geographic stem / AD 1 archaeological-horizon label / English,horizon-landform reconstruction,installed:in_game/map_data/location_templates.txt;GEO-PROXY,medium,The geographic stem is placed in an AD 1 cultural horizon and physical setting without projecting a later town.,false
location,chittoor,southern_rayalaseema,land,Andhra Penner Palar,local geographic stem / AD 1 archaeological-horizon label / English,horizon-landform reconstruction,installed:in_game/map_data/location_templates.txt;GEO-PROXY,medium,The geographic stem is placed in an AD 1 cultural horizon and physical setting without projecting a later town.,false
location,chittor,mewar,land,Madhyamika,ancient or indigenous name / English,reviewed ancient anchor or period landscape reconstruction,GEO-PROXY,medium,"A reviewed ancient settlement, people, archaeological horizon, or physical landscape replaces the later map label.",false
location,chiusi,siena_province,land,Clusium,ancient or indigenous name / English,reviewed ancient anchor or period landscape reconstruction,https://pleiades.stoa.org/places/413096,medium,"A reviewed ancient settlement, people, archaeological horizon, or physical landscape replaces the later map label.",false
location,chiveve,buzi_province,land,Pungwe Gorongosa,local geographic stem / AD 1 archaeological-horizon label / English,horizon-landform reconstruction,installed:in_game/map_data/location_templates.txt;GEO-PROXY,medium,The geographic stem is placed in an AD 1 cultural horizon and physical setting without projecting a later town.,false
location,chivilco,rangkullmapu_province,land,Tandilia Ventania Hunter,local geographic stem / AD 1 archaeological-horizon label / English,horizon-landform reconstruction,installed:in_game/map_data/location_templates.txt;GEO-PROXY,medium,The geographic stem is placed in an AD 1 cultural horizon and physical setting without projecting a later town.,false
location,chivitkino,omchikan_province,land,Kolyma Omolon Hunting Fern,local geographic stem / AD 1 archaeological-horizon label / English,horizon-landform reconstruction,installed:in_game/map_data/location_templates.txt;GEO-PROXY,medium,The geographic stem is placed in an AD 1 cultural horizon and physical setting without projecting a later town.,false
location,chiyone,tsetsaut_province,land,Ancestral Athabaskan Stikine,local geographic stem / AD 1 archaeological-horizon label / English,horizon-landform reconstruction,installed:in_game/map_data/location_templates.txt;GEO-PROXY,medium,The geographic stem is placed in an AD 1 cultural horizon and physical setting without projecting a later town.,false
location,chlaande,natahende_province,land,Llano Cimarron Mogollon Flint,local geographic stem / AD 1 archaeological-horizon label / English,horizon-landform reconstruction,installed:in_game/map_data/location_templates.txt;GEO-PROXY,medium,The geographic stem is placed in an AD 1 cultural horizon and physical setting without projecting a later town.,false
location,chlef,ouarsenis_province,land,Columnata,ancient or indigenous name / English,reviewed ancient anchor or period landscape reconstruction,https://pleiades.stoa.org/places/285430,medium,"A reviewed ancient settlement, people, archaeological horizon, or physical landscape replaces the later map label.",false
location,choapan,coatlicamac_province,land,Papaloapan Chinantla Epi Fern,local geographic stem / AD 1 archaeological-horizon label / English,horizon-landform reconstruction,installed:in_game/map_data/location_templates.txt;GEO-PROXY,medium,The geographic stem is placed in an AD 1 cultural horizon and physical setting without projecting a later town.,false
location,choate,kaskinampo_province,land,Sequatchie Tennessee Pelisipi,local geographic stem / AD 1 archaeological-horizon label / English,horizon-landform reconstruction,installed:in_game/map_data/location_templates.txt;GEO-PROXY,medium,The geographic stem is placed in an AD 1 cultural horizon and physical setting without projecting a later town.,false
location,choccalpata,wari_province,land,Huarpa Ayacucho Recuay Basalt,local geographic stem / AD 1 archaeological-horizon label / English,horizon-landform reconstruction,installed:in_game/map_data/location_templates.txt;GEO-PROXY,medium,The geographic stem is placed in an AD 1 cultural horizon and physical setting without projecting a later town.,false
location,chochama,panama_province,land,Cueva Darién Isthmian,local geographic stem / AD 1 archaeological-horizon label / English,horizon-landform reconstruction,installed:in_game/map_data/location_templates.txt;GEO-PROXY,medium,The geographic stem is placed in an AD 1 cultural horizon and physical setting without projecting a later town.,false
location,chochenyo,aacistak_province,land,Awaswas Mutsun Coast Granite,local geographic stem / AD 1 archaeological-horizon label / English,horizon-landform reconstruction,installed:in_game/map_data/location_templates.txt;GEO-PROXY,medium,The geographic stem is placed in an AD 1 cultural horizon and physical setting without projecting a later town.,false
location,chochocouane_hills,temiscamingue_province,land,Temiskaming Kipawa,ancient or indigenous name / English,reviewed ancient anchor or period landscape reconstruction,GEO-PROXY,medium,"A reviewed ancient settlement, people, archaeological horizon, or physical landscape replaces the later map label.",false
location,choco,choco_province,land,Atrato Baudó Rainforest,local geographic stem / AD 1 archaeological-horizon label / English,horizon-landform reconstruction,installed:in_game/map_data/location_templates.txt;GEO-PROXY,medium,The geographic stem is placed in an AD 1 cultural horizon and physical setting without projecting a later town.,false
location,choco_jungle,kuna_province,land,Atrato Urabá Early Alder,ancient or indigenous name / English,reviewed ancient anchor or period landscape reconstruction,GEO-PROXY,medium,"A reviewed ancient settlement, people, archaeological horizon, or physical landscape replaces the later map label.",false
location,choconta,chunsa_province,land,Bogotá Cedar,local geographic stem / AD 1 archaeological-horizon label / English,horizon-landform reconstruction,installed:in_game/map_data/location_templates.txt;GEO-PROXY,medium,The geographic stem is placed in an AD 1 cultural horizon and physical setting without projecting a later town.,false
location,choctawhatchee,pensacola_province,land,Santa Rosa Swift Peat Fields,ancient or indigenous name / English,reviewed ancient anchor or period landscape reconstruction,GEO-PROXY,medium,"A reviewed ancient settlement, people, archaeological horizon, or physical landscape replaces the later map label.",false
location,chodrak,nangchen_province,land,Dri Chu Sumpa Limestone,local geographic stem / AD 1 archaeological-horizon label / English,horizon-landform reconstruction,installed:in_game/map_data/location_templates.txt;GEO-PROXY,medium,The geographic stem is placed in an AD 1 cultural horizon and physical setting without projecting a later town.,false
location,chodrak_kham,nyarong_province,land,Qiangic Yalong Zhang Granite,local geographic stem / AD 1 archaeological-horizon label / English,horizon-landform reconstruction,installed:in_game/map_data/location_templates.txt;GEO-PROXY,medium,The geographic stem is placed in an AD 1 cultural horizon and physical setting without projecting a later town.,false
location,chodziez,znin_province,land,Przeworsk Wielbark Noteć Oak,local geographic stem / AD 1 archaeological-horizon label / English,horizon-landform reconstruction,installed:in_game/map_data/location_templates.txt;GEO-PROXY,medium,The geographic stem is placed in an AD 1 cultural horizon and physical setting without projecting a later town.,false
location,choele_choel,tewelmapu_province,land,Aonikenk Negro-River Islands,ancient or indigenous name / English,reviewed ancient anchor or period landscape reconstruction,GEO-PROXY,medium,"A reviewed ancient settlement, people, archaeological horizon, or physical landscape replaces the later map label.",false
location,chogyal_khar,tsaidam_province,land,Qiang Qaidam Kunlun Basalt,local geographic stem / AD 1 archaeological-horizon label / English,horizon-landform reconstruction,installed:in_game/map_data/location_templates.txt;GEO-PROXY,medium,The geographic stem is placed in an AD 1 cultural horizon and physical setting without projecting a later town.,false
location,choigan,greater_yenisei_province,land,Bii Khem Sayan Hazel,local geographic stem / AD 1 archaeological-horizon label / English,horizon-landform reconstruction,installed:in_game/map_data/location_templates.txt;GEO-PROXY,medium,The geographic stem is placed in an AD 1 cultural horizon and physical setting without projecting a later town.,false
location,choiseul,bassigny_province,land,Lingones Upper-Marne Lands,ancient or indigenous name / English,reviewed ancient anchor or period landscape reconstruction,GEO-PROXY,medium,"A reviewed ancient settlement, people, archaeological horizon, or physical landscape replaces the later map label.",false
location,choiseul_high_sea,dai_coastal_sea_zones_province,sea,Lauru Outer Island Waters,ancient or indigenous name / English,reviewed ancient anchor or period landscape reconstruction,GEO-PROXY,medium,"A reviewed ancient settlement, people, archaeological horizon, or physical landscape replaces the later map label.",false
location,choiseul_jungle,choiseul_province,land,Lauru Rainforest Lands,ancient or indigenous name / English,reviewed ancient anchor or period landscape reconstruction,GEO-PROXY,medium,"A reviewed ancient settlement, people, archaeological horizon, or physical landscape replaces the later map label.",false
location,chojna,neumark_province,land,Przeworsk Lower-Oder,ancient or indigenous name / English,reviewed ancient anchor or period landscape reconstruction,GEO-PROXY,medium,"A reviewed ancient settlement, people, archaeological horizon, or physical landscape replaces the later map label.",false
location,chokoloskee_bay,west_florida_coast_province,sea,Glades Culture Ten Thousand,ancient or indigenous name / English,reviewed ancient anchor or period landscape reconstruction,GEO-PROXY,medium,"A reviewed ancient settlement, people, archaeological horizon, or physical landscape replaces the later map label.",false
location,chol,chol_province,land,Nen Khingan Xianbei Limestone,local geographic stem / AD 1 archaeological-horizon label / English,horizon-landform reconstruction,installed:in_game/map_data/location_templates.txt;GEO-PROXY,medium,The geographic stem is placed in an AD 1 cultural horizon and physical setting without projecting a later town.,false
location,cholle_cholle,tewelmapu_province,land,Limay Hazel,local geographic stem / AD 1 archaeological-horizon label / English,horizon-landform reconstruction,installed:in_game/map_data/location_templates.txt;GEO-PROXY,medium,The geographic stem is placed in an AD 1 cultural horizon and physical setting without projecting a later town.,false
location,cholohollay,towosaghy_province,land,Hopewell Ozark St Willow Glen,local geographic stem / AD 1 archaeological-horizon label / English,horizon-landform reconstruction,installed:in_game/map_data/location_templates.txt;GEO-PROXY,medium,The geographic stem is placed in an AD 1 cultural horizon and physical setting without projecting a later town.,false
location,cholok_kaiyn,naryn_province,land,Naryn Tian Shan Sandstone,local geographic stem / AD 1 archaeological-horizon label / English,horizon-landform reconstruction,installed:in_game/map_data/location_templates.txt;GEO-PROXY,medium,The geographic stem is placed in an AD 1 cultural horizon and physical setting without projecting a later town.,false
location,cholollan,tlaxcala_province,land,Cholula Tlaxcallan Late,local geographic stem / AD 1 archaeological-horizon label / English,horizon-landform reconstruction,installed:in_game/map_data/location_templates.txt;GEO-PROXY,medium,The geographic stem is placed in an AD 1 cultural horizon and physical setting without projecting a later town.,false
location,choluteca,choluteca_province,land,Fonseca Copán Lenca Oak Heath,local geographic stem / AD 1 archaeological-horizon label / English,horizon-landform reconstruction,installed:in_game/map_data/location_templates.txt;GEO-PROXY,medium,The geographic stem is placed in an AD 1 cultural horizon and physical setting without projecting a later town.,false
location,chom_khao_maneerat,muang_sing_province,land,Mekong Nam Tha Granite,local geographic stem / AD 1 archaeological-horizon label / English,horizon-landform reconstruction,installed:in_game/map_data/location_templates.txt;GEO-PROXY,medium,The geographic stem is placed in an AD 1 cultural horizon and physical setting without projecting a later town.,false
location,choma,lower_malawi_province,land,Malawi Kasungu Rukwa Fern,local geographic stem / AD 1 archaeological-horizon label / English,horizon-landform reconstruction,installed:in_game/map_data/location_templates.txt;GEO-PROXY,medium,The geographic stem is placed in an AD 1 cultural horizon and physical setting without projecting a later town.,false
location,chomuruvuti,lower_runde_province,land,Runde Save Buzi Pine,local geographic stem / AD 1 archaeological-horizon label / English,horizon-landform reconstruction,installed:in_game/map_data/location_templates.txt;GEO-PROXY,medium,The geographic stem is placed in an AD 1 cultural horizon and physical setting without projecting a later town.,false
location,chon_naryn,naryn_province,land,Tian Shan Kangju Karst Bench,local geographic stem / AD 1 archaeological-horizon label / English,horizon-landform reconstruction,installed:in_game/map_data/location_templates.txt;GEO-PROXY,medium,The geographic stem is placed in an AD 1 cultural horizon and physical setting without projecting a later town.,false
location,chona_trail,makarikha_procince,land,Xiongnu Altai Passage,ancient or indigenous name / English,reviewed ancient anchor or period landscape reconstruction,GEO-PROXY,medium,"A reviewed ancient settlement, people, archaeological horizon, or physical landscape replaces the later map label.",false
