granularity,key,parent,kind,ad1_name,language,method,source,confidence,note,unchanged_verified
location,assab,afar_province,land,Sabaean–Adulitan Assab,ancient or local names / English,source-led local construction,installed:in_game/map_data/location_templates.txt;PER;PLE,medium,The label uses a local or ancient anchor within the researched AD 1 province frame.,false
location,assabet,massachusetts_province,land,Assabet–Nashua Woodland,ancient or local names / English,source-led local construction,installed:in_game/map_data/location_templates.txt;GEO-PROXY;https://www.britannica.com/topic/Woodland-cultures,medium,The label uses a local or ancient anchor within the researched AD 1 province frame.,false
location,assan,niari_province,land,Niari–Assan Early-Bantu Lands,ancient or local names / English,source-led local construction,installed:in_game/map_data/location_templates.txt;GEO-PROXY;JAH-BANTU-MOBILITY,medium,The label uses a local or ancient anchor within the researched AD 1 province frame.,false
location,assapasca,iskwao_province,land,Qu'Appelle–Wascana Plains,ancient or local names / English,source-led local construction,installed:in_game/map_data/location_templates.txt;GEO-PROXY;https://www.thecanadianencyclopedia.ca/en/article/plains-indigenous-peoples-in-canada,medium,The label uses a local or ancient anchor within the researched AD 1 province frame.,false
location,assawoman,delaware_province,land,Assawoman–Delmarva Mockley,ancient or local names / English,source-led local construction,installed:in_game/map_data/location_templates.txt;https://www.britannica.com/topic/Delaware-people,medium,The label uses a local or ancient anchor within the researched AD 1 province frame.,false
location,assen,drenthe_province,land,Drentsche-Aa Chauci–Frisii,ancient or local names / English,source-led local construction,installed:in_game/map_data/location_templates.txt;GEO-PROXY;TAC-GER,medium,The label uses a local or ancient anchor within the researched AD 1 province frame.,false
location,assens,funen_province,land,Fionia Western Shore,ancient or local names / English,source-led local construction,installed:in_game/map_data/location_templates.txt;https://www.perseus.tufts.edu/hopper/text?doc=Perseus%3Atext%3A1999.01.0198%3Abook%3D7,medium,The label uses a local or ancient anchor within the researched AD 1 province frame.,false
location,assereniet,mineami_province,land,Assereniet–Wabash Havana,ancient or local names / English,source-led local construction,installed:in_game/map_data/location_templates.txt;GEO-PROXY;https://www.nps.gov/hocu/learn/historyculture/index.htm,medium,The label uses a local or ancient anchor within the researched AD 1 province frame.,false
location,assinie,adjukru_province,land,Comoé Sassandra Tano Pine,ancient or local names / English,source-led local construction,installed:in_game/map_data/location_templates.txt;GEO-PROXY,medium,The label uses a local or ancient anchor within the researched AD 1 province frame.,false
location,assisi,spoleto_province,land,Asisium Umbrian City,ancient or local names / English,source-led local construction,installed:in_game/map_data/location_templates.txt;GEO-PROXY;https://www.perseus.tufts.edu/hopper/text?doc=Strab.+5.2&fromdoc=Perseus%3Atext%3A1999.01.0198,medium,The label uses a local or ancient anchor within the researched AD 1 province frame.,false
location,assode,air_province,land,Aïr–Assodé Pastoral Wells,ancient or local names / English,source-led local construction,installed:in_game/map_data/location_templates.txt;GEO-PROXY,medium,The label uses a local or ancient anchor within the researched AD 1 province frame.,false
location,assonet,nauset_province,land,Taunton–Assonet Woodland,ancient or local names / English,source-led local construction,installed:in_game/map_data/location_templates.txt;GEO-PROXY;https://www.britannica.com/topic/Woodland-cultures,medium,The label uses a local or ancient anchor within the researched AD 1 province frame.,false
location,assorodus,gayogohono_province,land,Cayuga Point Lands,ancient or local names / English,source-led local construction,installed:in_game/map_data/location_templates.txt;OAS-POINT;NYSM-POINT;GEO-PROXY,medium,The label uses a local or ancient anchor within the researched AD 1 province frame.,false
location,assosa,bahr_al_jabal_province,land,Dabus–Assosa Highland,ancient or local names / English,source-led local construction,installed:in_game/map_data/location_templates.txt;https://www.britannica.com/place/Sobat-River,medium,The label uses a local or ancient anchor within the researched AD 1 province frame.,false
location,assunpink,assupink_province,land,Assunpink–Musconetcong Plain,ancient or local names / English,source-led local construction,installed:in_game/map_data/location_templates.txt;https://www.britannica.com/place/Delaware-River,medium,The label uses a local or ancient anchor within the researched AD 1 province frame.,false
location,astamba_dongar,rewa_kantha,land,Narmada–Astamba Forest,ancient or local names / English,source-led local construction,installed:in_game/map_data/location_templates.txt;GEO-PROXY;PER,medium,The label uses a local or ancient anchor within the researched AD 1 province frame.,false
location,astara,talish_province,land,Astara–Caspian Hyrcanian,ancient or local names / English,source-led local construction,installed:in_game/map_data/location_templates.txt;GEO-PROXY;IRAN-GEO,medium,The label uses a local or ancient anchor within the researched AD 1 province frame.,false
location,astarabad,gorgan_province,land,Zadrakarta Hyrcanian City,ancient or local names / English,source-led local construction,installed:in_game/map_data/location_templates.txt;https://penelope.uchicago.edu/Thayer/E/Roman/Texts/Strabo/11H*.html;PLE;GEO-PROXY,medium,The label uses a local or ancient anchor within the researched AD 1 province frame.,false
location,asti,monferrato_province,land,Hasta Ligurian City,ancient or local names / English,source-led local construction,installed:in_game/map_data/location_templates.txt;GEO-PROXY;https://www.perseus.tufts.edu/hopper/text?doc=Strab.+4.6&fromdoc=Perseus%3Atext%3A1999.01.0239,medium,The label uses a local or ancient anchor within the researched AD 1 province frame.,false
location,astore,balor,land,Astore–Indus Dardic Highlands,ancient or local names / English,source-led local construction,installed:in_game/map_data/location_templates.txt;https://www.britannica.com/place/Gilgit-Baltistan,medium,The label uses a local or ancient anchor within the researched AD 1 province frame.,false
location,astorga,astorga_province,land,Asturica Augusta,ancient or local names / English,source-led local construction,installed:in_game/map_data/location_templates.txt;https://www.britannica.com/place/Astorga,medium,The label uses a local or ancient anchor within the researched AD 1 province frame.,false
location,astrakhan,astrakhan_province,land,Rha-Delta Aorsi,ancient or local names / English,source-led local construction,installed:in_game/map_data/location_templates.txt;https://www.perseus.tufts.edu/hopper/text?doc=Perseus%3Atext%3A1999.01.0198%3Abook%3D11,medium,The label uses a local or ancient anchor within the researched AD 1 province frame.,false
location,astrina,lida_province,land,Neris–Astrina Brushed-Pottery,ancient or local names / English,source-led local construction,installed:in_game/map_data/location_templates.txt;GEO-PROXY;LIT-NEMAN-STRIATED,medium,The label uses a local or ancient anchor within the researched AD 1 province frame.,false
location,astrodym,sartlan_province,lake,Sargat Baraba–Chany Lake,ancient or local names / English,source-led local lake construction,installed:in_game/map_data/location_templates.txt;GEO-PROXY;RAS-SARGAT-CHRON;RAS-SAR,medium,The label uses a local or ancient anchor within the researched AD 1 province frame.,false
location,astrolabe_bay,momase_coastal_sea_zones_province,sea,Rai–Madang Papuan Waters,ancient or local names / English,source-led local maritime construction,installed:in_game/map_data/location_templates.txt;GEO-PROXY;CAM-LAP;JPA-PAPUA,medium,The label uses a local or ancient anchor within the researched AD 1 province frame.,false
location,astros,argolis_province,land,Thyrea Argive Coast,ancient or local names / English,source-led local construction,installed:in_game/map_data/location_templates.txt;GEO-PROXY;https://www.perseus.tufts.edu/hopper/text?doc=Perseus%3Atext%3A1999.01.0198%3Abook%3D8,medium,The label uses a local or ancient anchor within the researched AD 1 province frame.,false
location,asuf,touggourt_province,land,Asuf–Igharghar Gaetulian,ancient or local names / English,source-led local construction,installed:in_game/map_data/location_templates.txt;GEO-PROXY;https://penelope.uchicago.edu/Thayer/E/Roman/Texts/Pliny_the_Elder/5*.html,medium,The label uses a local or ancient anchor within the researched AD 1 province frame.,false
location,asuncion_coast,belau_sea_zones_province,sea,Northern-Belau Outer Waters,ancient or local names / English,source-led local maritime construction,installed:in_game/map_data/location_templates.txt;https://www.britannica.com/place/Palau,medium,The label uses a local or ancient anchor within the researched AD 1 province frame.,false
location,asurini,tocantins_delta_province,land,Asurini–Tocantins Ceramic,ancient or local names / English,source-led local construction,installed:in_game/map_data/location_templates.txt;GEO-PROXY;SA-EXPANSIONS,medium,The label uses a local or ancient anchor within the researched AD 1 province frame.,false
location,asvieja,dzisna_province,land,Dzisna Asvieja Brushed,ancient or local names / English,source-led local construction,installed:in_game/map_data/location_templates.txt;GEO-PROXY;LIT-NEMAN-STRIATED;AWE-DNIEPER-DVINA,medium,The label uses a local or ancient anchor within the researched AD 1 province frame.,false
location,aswan,qusiyya_province,land,Syene of the First Cataract,ancient or local names / English,source-led local construction,installed:in_game/map_data/location_templates.txt;GEO-PROXY;PLE,medium,The label uses a local or ancient anchor within the researched AD 1 province frame.,false
location,asyut,asyut_province,land,Lycopolis of Wepwawet,ancient or local names / English,source-led local construction,installed:in_game/map_data/location_templates.txt;https://www.perseus.tufts.edu/hopper/text?doc=Perseus%3Atext%3A1999.01.0198%3Abook%3D17,medium,The label uses a local or ancient anchor within the researched AD 1 province frame.,false
location,at_tarfawi,west_qassim_province,land,Tarfawi–Rass Najd Wells,ancient or local names / English,source-led local construction,installed:in_game/map_data/location_templates.txt;STR-ARAB;PLN-ARAB,medium,The label uses a local or ancient anchor within the researched AD 1 province frame.,false
location,ata_mindanao,tagloc_province,land,Ata–Davao Metal-Age Highlands,ancient or local names / English,source-led local construction,installed:in_game/map_data/location_templates.txt;CCP-MAITUM;NMP-PH-JARS,medium,The label uses a local or ancient anchor within the researched AD 1 province frame.,false
location,atacama_salt_pan,atacama_province,land,Atacama-Salar Oases Salt,ancient or local names / English,source-led local construction,installed:in_game/map_data/location_templates.txt;https://www.britannica.com/place/Atacama-Desert,medium,The label uses a local or ancient anchor within the researched AD 1 province frame.,false
location,atacames,atacames_province,land,Atacames–Esmeraldas Shore,ancient or local names / English,source-led local construction,installed:in_game/map_data/location_templates.txt;https://www.metmuseum.org/toah/hd/ande/hd_ande.htm,medium,The label uses a local or ancient anchor within the researched AD 1 province frame.,false
location,atacames_cape,quitu_coastal_sea_zones_province,sea,Midwater Atacames–Guayas,ancient or local names / English,source-led local maritime construction,installed:in_game/map_data/location_templates.txt;GEO-PROXY;https://www.metmuseum.org/toah/hd/ande/hd_ande.htm,medium,The label uses a local or ancient anchor within the researched AD 1 province frame.,false
location,atach,ural_province,land,Atach–Belaya Pyanobor Lands,ancient or local names / English,source-led local construction,installed:in_game/map_data/location_templates.txt;GEO-PROXY;https://www.perseus.tufts.edu/hopper/text?doc=Strab.+11.5&fromdoc=Perseus%3Atext%3A1999.01.0198,medium,The label uses a local or ancient anchor within the researched AD 1 province frame.,false
location,atafu_atoll,tokelau_province,land,Atafu–Nukunonu Archipelago,ancient or local names / English,source-led local construction,installed:in_game/map_data/location_templates.txt;GEO-PROXY;CAM-LAP,medium,The label uses a local or ancient anchor within the researched AD 1 province frame.,false
location,atafu_coast,samoa_coastal_sea_zones_province,sea,Midwater Savaiʻi–ʻUpolu Ocean,ancient or local names / English,source-led local maritime construction,installed:in_game/map_data/location_templates.txt;GEO-PROXY;CAM-LAP,medium,The label uses a local or ancient anchor within the researched AD 1 province frame.,false
location,atahachi,talisi_province,land,Coosa Tallapoosa Mobile,ancient or local names / English,source-led local construction,installed:in_game/map_data/location_templates.txt;GEO-PROXY,medium,The label uses a local or ancient anchor within the researched AD 1 province frame.,false
location,atajal,payeye_province,land,Atajal–Nueces Archaic Plain,ancient or local names / English,source-led local construction,installed:in_game/map_data/location_templates.txt;GEO-PROXY;https://www.nps.gov/saan/learn/historyculture/index.htm,medium,The label uses a local or ancient anchor within the researched AD 1 province frame.,false
location,atakpame,atakpame_province,land,Atakpame–Mono Iron-Savanna,ancient or local names / English,source-led local construction,installed:in_game/map_data/location_templates.txt;https://www.britannica.com/place/Atakora-Mountains,medium,The label uses a local or ancient anchor within the researched AD 1 province frame.,false
location,atalanti,attica_province,land,Opous Lokrian Plain,ancient or local names / English,source-led local construction,installed:in_game/map_data/location_templates.txt;https://www.perseus.tufts.edu/hopper/text?doc=Perseus%3Atext%3A1999.01.0198%3Abook%3D9,medium,The label uses a local or ancient anchor within the researched AD 1 province frame.,false
location,atanagunypacam,tamaulipeco_province,land,Pánuco–Atanagunypacam,ancient or local names / English,source-led local construction,installed:in_game/map_data/location_templates.txt;GEO-PROXY;INAH-TAMTOC,medium,The label uses a local or ancient anchor within the researched AD 1 province frame.,false
location,atanari,cumaribo_province,land,Atanari–Orinoco Ceramic Lands,ancient or local names / English,source-led local construction,installed:in_game/map_data/location_templates.txt;https://www.britannica.com/place/Llanos,medium,The label uses a local or ancient anchor within the researched AD 1 province frame.,false
location,atanuul,altay_province,land,Atanuul–Altai Pastures,ancient or local names / English,source-led local construction,installed:in_game/map_data/location_templates.txt;ACSS-ALTAI-XIONGNU;GEO-PROXY,medium,The label uses a local or ancient anchor within the researched AD 1 province frame.,false
location,atar,adrar_province,land,Erg Amatlich Idjil Cedar,ancient or local names / English,source-led local construction,installed:in_game/map_data/location_templates.txt;GEO-PROXY,medium,The label uses a local or ancient anchor within the researched AD 1 province frame.,false
location,atargan,magadan_province,land,Atargan–Kolyma Taiga Plain,ancient or local names / English,source-led local construction,installed:in_game/map_data/location_templates.txt;GEO-PROXY;https://www.britannica.com/place/Sea-of-Okhotsk,medium,The label uses a local or ancient anchor within the researched AD 1 province frame.,false
location,atarque,hoyu_ao_he_province,land,Atarque–Zuni Archaic Lands,ancient or local names / English,source-led local construction,installed:in_game/map_data/location_templates.txt;GEO-PROXY;https://www.nps.gov/gicl/learn/historyculture/index.htm,medium,The label uses a local or ancient anchor within the researched AD 1 province frame.,false
location,atas_bogd,altay_province,land,Atas-Bogd Xiongnu Pastures,ancient or local names / English,source-led local construction,installed:in_game/map_data/location_templates.txt;ACSS-ALTAI-XIONGNU;GEO-PROXY,medium,The label uses a local or ancient anchor within the researched AD 1 province frame.,false
location,atash,kotosh_province,land,Atash–Huallaga Highlands,ancient or local names / English,source-led local construction,installed:in_game/map_data/location_templates.txt;GEO-PROXY;https://www.metmuseum.org/toah/hd/chav/hd_chav.htm,medium,The label uses a local or ancient anchor within the researched AD 1 province frame.,false
location,atbara,atbai_province,land,Astaboras Meroitic Riverlands,ancient or local names / English,source-led local construction,installed:in_game/map_data/location_templates.txt;https://www.perseus.tufts.edu/hopper/text?doc=Perseus%3Atext%3A1999.01.0198%3Abook%3D17,medium,The label uses a local or ancient anchor within the researched AD 1 province frame.,false
location,atbasar,arykbalyk_province,land,Ishim–Atbasar Sargat Lands,ancient or local names / English,source-led local construction,installed:in_game/map_data/location_templates.txt;GEO-PROXY;RAS-SARGAT-CHRON,medium,The label uses a local or ancient anchor within the researched AD 1 province frame.,false
location,atchafalaya,chawasha_province,land,Atchafalaya Marksville,ancient or local names / English,source-led local construction,installed:in_game/map_data/location_templates.txt;https://www.britannica.com/place/Mississippi-River,medium,The label uses a local or ancient anchor within the researched AD 1 province frame.,false
location,atchafalaya_bay,jazz_coast,sea,Atchafalaya–Mississippi,ancient or local names / English,source-led local maritime construction,installed:in_game/map_data/location_templates.txt;GEO-PROXY;https://www.britannica.com/place/Gulf-of-Mexico,medium,The label uses a local or ancient anchor within the researched AD 1 province frame.,false
location,atepec,atepec_province,land,Atepec–Mixe Highlands,ancient or local names / English,source-led local construction,installed:in_game/map_data/location_templates.txt;https://www.britannica.com/place/Oaxaca-state-Mexico,medium,The label uses a local or ancient anchor within the researched AD 1 province frame.,false
location,atfalati,chinook_province,land,Tualatin–Atfalati Woodland,ancient or local names / English,source-led local construction,installed:in_game/map_data/location_templates.txt;https://www.britannica.com/place/Columbia-River,medium,The label uses a local or ancient anchor within the researched AD 1 province frame.,false
location,atfih,cairo_province,land,Aphroditopolis of Hathor,ancient or local names / English,source-led local construction,installed:in_game/map_data/location_templates.txt;PLE;GEO-PROXY,medium,The label uses a local or ancient anchor within the researched AD 1 province frame.,false
location,ath,hainaut_province,land,Haine–Nervii Fields,ancient or local names / English,source-led local construction,installed:in_game/map_data/location_templates.txt;GEO-PROXY;STR-GAL;OCD-GAL,medium,The label uses a local or ancient anchor within the researched AD 1 province frame.,false
location,athabasca,athabasca_province,land,Athabasca–Peace Shield Lands,ancient or local names / English,source-led local construction,installed:in_game/map_data/location_templates.txt;https://www.britannica.com/place/Athabasca-River,medium,The label uses a local or ancient anchor within the researched AD 1 province frame.,false
location,athabasca_plains,gani_koe_province,land,Peace–Athabasca Hills,ancient or local names / English,source-led local construction,installed:in_game/map_data/location_templates.txt;https://www.thecanadianencyclopedia.ca/en/article/athabasca-river;GEO-PROXY,medium,The label uses a local or ancient anchor within the researched AD 1 province frame.,false
location,athani,southern_desh,land,Athani–Krishna Sātavāhana,ancient or local names / English,source-led local construction,installed:in_game/map_data/location_templates.txt;GEO-PROXY;https://www.britannica.com/place/Maharashtra/History,medium,The label uses a local or ancient anchor within the researched AD 1 province frame.,false
location,athenry,galway_province,land,Auteini–Clarin Gael Lands,ancient or local names / English,source-led local construction,installed:in_game/map_data/location_templates.txt;https://www.perseus.tufts.edu/hopper/text?doc=Perseus%3Atext%3A1999.01.0239%3Abook%3D2,medium,The label uses a local or ancient anchor within the researched AD 1 province frame.,false
location,athens,attica_province,land,Athēnai of Attika,ancient or local names / English,source-led local construction,installed:in_game/map_data/location_templates.txt;https://www.perseus.tufts.edu/hopper/text?doc=Perseus%3Atext%3A1999.01.0198%3Abook%3D9,medium,The label uses a local or ancient anchor within the researched AD 1 province frame.,false
location,athlone,roscommon_province,land,Sinann Central-Island Ford,ancient or local names / English,source-led local construction,installed:in_game/map_data/location_templates.txt;GEO-PROXY;https://penelope.uchicago.edu/Thayer/E/Roman/Texts/Ptolemy/2/2*.html,medium,The label uses a local or ancient anchor within the researched AD 1 province frame.,false
location,athmallik,orissa_garjats,land,Mahānadi–Athmallik Megalithic,ancient or local names / English,source-led local construction,installed:in_game/map_data/location_templates.txt;GEO-PROXY;https://www.britannica.com/place/Kalinga-ancient-state-India,medium,The label uses a local or ancient anchor within the researched AD 1 province frame.,false
location,athy,kildare_province,land,Barrow–Cauci Fordlands,ancient or local names / English,source-led local construction,installed:in_game/map_data/location_templates.txt;GEO-PROXY;PTO-GEO-II1;DARCY-IRE,medium,The label uses a local or ancient anchor within the researched AD 1 province frame.,false
location,atibaia,parnaiba_province,land,Atibaia–Tietê Forest,ancient or local names / English,source-led local construction,installed:in_game/map_data/location_templates.txt;GEO-PROXY;SA-EXPANSIONS,medium,The label uses a local or ancient anchor within the researched AD 1 province frame.,false
location,atibaia_forest,parnaiba_province,land,Atibaia–Mantiqueira Forest,ancient or local names / English,source-led local construction,installed:in_game/map_data/location_templates.txt;GEO-PROXY;SA-EXPANSIONS,medium,The label uses a local or ancient anchor within the researched AD 1 province frame.,false
location,atico,chala_province,land,Atico–Ocoña Shore Hills,ancient or local names / English,source-led local construction,installed:in_game/map_data/location_templates.txt;https://www.britannica.com/place/Nazca,medium,The label uses a local or ancient anchor within the researched AD 1 province frame.,false
location,atikaki,atikaki_province,land,Atikaki–Winnipeg Shield Lands,ancient or local names / English,source-led local construction,installed:in_game/map_data/location_templates.txt;https://www.britannica.com/place/Lake-Winnipeg,medium,The label uses a local or ancient anchor within the researched AD 1 province frame.,false
location,atikokiwam,ogoki_province,land,Atikokiwam–Ogoki Laurel Plain,ancient or local names / English,source-led local construction,installed:in_game/map_data/location_templates.txt;GEO-PROXY;https://scholarlypress.si.edu/store/all/subsistence-economies-of-indigenous-north-american-societies-a-handbook/,medium,The label uses a local or ancient anchor within the researched AD 1 province frame.,false
location,atikonak,ashuanipi_province,land,Atikonak Shield Tableland,ancient or local names / English,source-led local construction,installed:in_game/map_data/location_templates.txt;GEO-PROXY;https://www.pc.gc.ca/apps/dfhd/page_nhs_eng.aspx?id=229,medium,The label uses a local or ancient anchor within the researched AD 1 province frame.,false
location,atikuan,chisasibi_province,land,Atikuan–La-Grande Shield,ancient or local names / English,source-led local construction,installed:in_game/map_data/location_templates.txt;https://www.britannica.com/place/James-Bay,medium,The label uses a local or ancient anchor within the researched AD 1 province frame.,false
location,atikum,brigida_province,land,Atikum–Baja Archaic Hills,ancient or local names / English,source-led local construction,installed:in_game/map_data/location_templates.txt;https://www.britannica.com/place/Sao-Francisco-River;GEO-PROXY,medium,The label uses a local or ancient anchor within the researched AD 1 province frame.,false
location,atikwa,minitig_province,land,Atikwa–Winnipeg Woodland,ancient or local names / English,source-led local construction,installed:in_game/map_data/location_templates.txt;GEO-PROXY;https://scholarlypress.si.edu/store/all/subsistence-economies-of-indigenous-north-american-societies-a-handbook/,medium,The label uses a local or ancient anchor within the researched AD 1 province frame.,false
location,atinggola,gorontalo_province,land,Atinggola–Gorontalo Uplands,ancient or local names / English,source-led local construction,installed:in_game/map_data/location_templates.txt;ANU-SULAWESI;GEO-PROXY,medium,The label uses a local or ancient anchor within the researched AD 1 province frame.,false
location,atishchevo,cheboksary_province,land,Sura–Atishchevo Gorodets,ancient or local names / English,source-led local construction,installed:in_game/map_data/location_templates.txt;https://old.bigenc.ru/archeology/text/2371519,medium,The label uses a local or ancient anchor within the researched AD 1 province frame.,false
location,atitlan,coatlicamac_province,land,Atitlán–Chalco Highlands,ancient or local names / English,source-led local construction,installed:in_game/map_data/location_templates.txt;GEO-PROXY;https://www.metmuseum.org/toah/hd/mcam/hd_mcam.htm,medium,The label uses a local or ancient anchor within the researched AD 1 province frame.,false
location,atitlan_guatemala,kakol_kiej_province,land,Atitlán–Kakol-Kiej Highlands,ancient or local names / English,source-led local construction,installed:in_game/map_data/location_templates.txt;GEO-PROXY;SCI-MAY,medium,The label uses a local or ancient anchor within the researched AD 1 province frame.,false
location,atitlan_lake,kakol_kiej_province,lake,Atitlan Caldera,ancient or local names / English,source-led local lake construction,installed:in_game/map_data/location_templates.txt;GEO-PROXY;SCI-MAY,medium,The label uses a local or ancient anchor within the researched AD 1 province frame.,false
location,atiu_coast,tuhaa_pae_coastal_sea_zones_province,sea,Rapa–Tubuai Island,ancient or local names / English,source-led local maritime construction,installed:in_game/map_data/location_templates.txt;GEO-PROXY;CAM-LAP,medium,The label uses a local or ancient anchor within the researched AD 1 province frame.,false
location,atiya,mymensingh_province,land,Brahmaputra–Atiya,ancient or local names / English,source-led local construction,installed:in_game/map_data/location_templates.txt;GEO-PROXY;https://en.banglapedia.org/index.php/Pundravardhana,medium,The label uses a local or ancient anchor within the researched AD 1 province frame.,false
location,atka,upper_kolyma_province,land,Atka–Kolyma Taiga Hills,ancient or local names / English,source-led local construction,installed:in_game/map_data/location_templates.txt;GEO-PROXY;https://www.britannica.com/place/Kolyma-River,medium,The label uses a local or ancient anchor within the researched AD 1 province frame.,false
location,atkarsk,atkarsk_province,land,Medveditsa–Atkarsk Sarmatian,ancient or local names / English,source-led local construction,installed:in_game/map_data/location_templates.txt;https://www.britannica.com/place/Don-River,medium,The label uses a local or ancient anchor within the researched AD 1 province frame.,false
location,atlantic_azores_current1,azores_current_province,sea,Return Fortunate Crossing,Latin classical ocean / coordinate descriptor,coordinate-bounded classical maritime construction,installed:in_game/map_data/location_templates.txt;GEO-PROXY;https://www.perseus.tufts.edu/hopper/text?doc=Perseus%3Atext%3A1999.01.0239%3Abook%3D2,medium,The coordinate-bounded cell replaces a modern current index with a classical Atlantic frame.,false
location,atlantic_azores_current2,azores_current_province,sea,Return Current Fortunate,Latin classical ocean / coordinate descriptor,coordinate-bounded classical maritime construction,installed:in_game/map_data/location_templates.txt;GEO-PROXY;https://www.perseus.tufts.edu/hopper/text?doc=Perseus%3Atext%3A1999.01.0239%3Abook%3D2,medium,The coordinate-bounded cell replaces a modern current index with a classical Atlantic frame.,false
location,atlantic_azores_current3,azores_current_province,sea,Return Current Offing,Latin classical ocean / coordinate descriptor,coordinate-bounded classical maritime construction,installed:in_game/map_data/location_templates.txt;GEO-PROXY;https://www.perseus.tufts.edu/hopper/text?doc=Perseus%3Atext%3A1999.01.0239%3Abook%3D2,medium,The coordinate-bounded cell replaces a modern current index with a classical Atlantic frame.,false
location,atlantic_azores_current4,azores_current_province,sea,Return Channel,Latin classical ocean / coordinate descriptor,coordinate-bounded classical maritime construction,installed:in_game/map_data/location_templates.txt;GEO-PROXY;https://www.perseus.tufts.edu/hopper/text?doc=Perseus%3Atext%3A1999.01.0239%3Abook%3D2,medium,The coordinate-bounded cell replaces a modern current index with a classical Atlantic frame.,false
location,atlantic_azores_current5,azores_current_province,sea,Ocean Return Current,Latin classical ocean / coordinate descriptor,coordinate-bounded classical maritime construction,installed:in_game/map_data/location_templates.txt;GEO-PROXY;https://www.perseus.tufts.edu/hopper/text?doc=Perseus%3Atext%3A1999.01.0239%3Abook%3D2,medium,The coordinate-bounded cell replaces a modern current index with a classical Atlantic frame.,false
location,atlantic_azores_current6,azores_current_province,sea,Fortunate Swell,Latin classical ocean / coordinate descriptor,coordinate-bounded classical maritime construction,installed:in_game/map_data/location_templates.txt;GEO-PROXY;https://www.perseus.tufts.edu/hopper/text?doc=Perseus%3Atext%3A1999.01.0239%3Abook%3D2,medium,The coordinate-bounded cell replaces a modern current index with a classical Atlantic frame.,false
location,atlantic_azores_current7,azores_current_province,sea,Leeward Swell,Latin classical ocean / coordinate descriptor,coordinate-bounded classical maritime construction,installed:in_game/map_data/location_templates.txt;GEO-PROXY;https://www.perseus.tufts.edu/hopper/text?doc=Perseus%3Atext%3A1999.01.0239%3Abook%3D2,medium,The coordinate-bounded cell replaces a modern current index with a classical Atlantic frame.,false
location,atlantic_azores_current8,azores_current_province,sea,Return Fortunate Offing,Latin classical ocean / coordinate descriptor,coordinate-bounded classical maritime construction,installed:in_game/map_data/location_templates.txt;GEO-PROXY;https://www.perseus.tufts.edu/hopper/text?doc=Perseus%3Atext%3A1999.01.0239%3Abook%3D2,medium,The coordinate-bounded cell replaces a modern current index with a classical Atlantic frame.,false
location,atlantic_capricorn_tropic,saint_helena_current_province,sea,Windward Westward,Latin classical ocean / coordinate descriptor,coordinate-bounded classical maritime construction,installed:in_game/map_data/location_templates.txt;GEO-PROXY;https://www.perseus.tufts.edu/hopper/text?doc=Perseus%3Atext%3A1999.01.0239%3Abook%3D2,medium,The coordinate-bounded cell replaces a modern current index with a classical Atlantic frame.,false
location,atlantic_equatorial_countercurrent1,atlantic_equatorial_countercurrent_province,sea,Return Current Seaway,Latin classical ocean / coordinate descriptor,coordinate-bounded classical maritime construction,installed:in_game/map_data/location_templates.txt;GEO-PROXY;https://www.perseus.tufts.edu/hopper/text?doc=Perseus%3Atext%3A1999.01.0239%3Abook%3D2,medium,The coordinate-bounded cell replaces a modern current index with a classical Atlantic frame.,false
location,atlantic_equatorial_countercurrent11,atlantic_equatorial_countercurrent_province,sea,Return Coral,Latin classical ocean / coordinate descriptor,coordinate-bounded classical maritime construction,installed:in_game/map_data/location_templates.txt;GEO-PROXY;https://www.perseus.tufts.edu/hopper/text?doc=Perseus%3Atext%3A1999.01.0239%3Abook%3D2,medium,The coordinate-bounded cell replaces a modern current index with a classical Atlantic frame.,false
location,atlantic_equatorial_countercurrent12,atlantic_equatorial_countercurrent_province,sea,Coral Roads,Latin classical ocean / coordinate descriptor,coordinate-bounded classical maritime construction,installed:in_game/map_data/location_templates.txt;GEO-PROXY;https://www.perseus.tufts.edu/hopper/text?doc=Perseus%3Atext%3A1999.01.0239%3Abook%3D2,medium,The coordinate-bounded cell replaces a modern current index with a classical Atlantic frame.,false
location,atlantic_equatorial_countercurrent13,atlantic_equatorial_countercurrent_province,sea,Return Shallow Crossing,Latin classical ocean / coordinate descriptor,coordinate-bounded classical maritime construction,installed:in_game/map_data/location_templates.txt;GEO-PROXY;https://www.perseus.tufts.edu/hopper/text?doc=Perseus%3Atext%3A1999.01.0239%3Abook%3D2,medium,The coordinate-bounded cell replaces a modern current index with a classical Atlantic frame.,false
location,atlantic_equatorial_countercurrent14,atlantic_equatorial_countercurrent_province,sea,Return Swell,Latin classical ocean / coordinate descriptor,coordinate-bounded classical maritime construction,installed:in_game/map_data/location_templates.txt;GEO-PROXY;https://www.perseus.tufts.edu/hopper/text?doc=Perseus%3Atext%3A1999.01.0239%3Abook%3D2,medium,The coordinate-bounded cell replaces a modern current index with a classical Atlantic frame.,false
location,atlantic_equatorial_countercurrent15,atlantic_equatorial_countercurrent_province,sea,Windward Return,Latin classical ocean / coordinate descriptor,coordinate-bounded classical maritime construction,installed:in_game/map_data/location_templates.txt;GEO-PROXY;https://www.perseus.tufts.edu/hopper/text?doc=Perseus%3Atext%3A1999.01.0239%3Abook%3D2,medium,The coordinate-bounded cell replaces a modern current index with a classical Atlantic frame.,false
location,atlantic_equatorial_countercurrent16,atlantic_equatorial_countercurrent_province,sea,Return Tidal Fairway,Latin classical ocean / coordinate descriptor,coordinate-bounded classical maritime construction,installed:in_game/map_data/location_templates.txt;GEO-PROXY;https://www.perseus.tufts.edu/hopper/text?doc=Perseus%3Atext%3A1999.01.0239%3Abook%3D2,medium,The coordinate-bounded cell replaces a modern current index with a classical Atlantic frame.,false
location,atlantic_equatorial_countercurrent17,atlantic_equatorial_countercurrent_province,sea,Return Pelagic,Latin classical ocean / coordinate descriptor,coordinate-bounded classical maritime construction,installed:in_game/map_data/location_templates.txt;GEO-PROXY;https://www.perseus.tufts.edu/hopper/text?doc=Perseus%3Atext%3A1999.01.0239%3Abook%3D2,medium,The coordinate-bounded cell replaces a modern current index with a classical Atlantic frame.,false
location,atlantic_equatorial_countercurrent18,atlantic_equatorial_countercurrent_province,sea,Return Shoals,Latin classical ocean / coordinate descriptor,coordinate-bounded classical maritime construction,installed:in_game/map_data/location_templates.txt;GEO-PROXY;https://www.perseus.tufts.edu/hopper/text?doc=Perseus%3Atext%3A1999.01.0239%3Abook%3D2,medium,The coordinate-bounded cell replaces a modern current index with a classical Atlantic frame.,false
location,atlantic_equatorial_countercurrent19,atlantic_equatorial_countercurrent_province,sea,Return Pearl Offing,Latin classical ocean / coordinate descriptor,coordinate-bounded classical maritime construction,installed:in_game/map_data/location_templates.txt;GEO-PROXY;https://www.perseus.tufts.edu/hopper/text?doc=Perseus%3Atext%3A1999.01.0239%3Abook%3D2,medium,The coordinate-bounded cell replaces a modern current index with a classical Atlantic frame.,false
location,atlantic_equatorial_countercurrent2,atlantic_equatorial_countercurrent_province,sea,Return Current Passage,Latin classical ocean / coordinate descriptor,coordinate-bounded classical maritime construction,installed:in_game/map_data/location_templates.txt;GEO-PROXY;https://www.perseus.tufts.edu/hopper/text?doc=Perseus%3Atext%3A1999.01.0239%3Abook%3D2,medium,The coordinate-bounded cell replaces a modern current index with a classical Atlantic frame.,false
location,atlantic_equatorial_countercurrent20,atlantic_equatorial_countercurrent_province,sea,Return Current Sound,Latin classical ocean / coordinate descriptor,coordinate-bounded classical maritime construction,installed:in_game/map_data/location_templates.txt;GEO-PROXY;https://www.perseus.tufts.edu/hopper/text?doc=Perseus%3Atext%3A1999.01.0239%3Abook%3D2,medium,The coordinate-bounded cell replaces a modern current index with a classical Atlantic frame.,false
location,atlantic_equatorial_countercurrent3,atlantic_equatorial_countercurrent_province,sea,Return Current Aequinoctial,Latin classical ocean / coordinate descriptor,coordinate-bounded classical maritime construction,installed:in_game/map_data/location_templates.txt;GEO-PROXY;https://www.perseus.tufts.edu/hopper/text?doc=Perseus%3Atext%3A1999.01.0239%3Abook%3D2,medium,The coordinate-bounded cell replaces a modern current index with a classical Atlantic frame.,false
location,atlantic_equatorial_countercurrent4,atlantic_equatorial_countercurrent_province,sea,Return Current Bight,Latin classical ocean / coordinate descriptor,coordinate-bounded classical maritime construction,installed:in_game/map_data/location_templates.txt;GEO-PROXY;https://www.perseus.tufts.edu/hopper/text?doc=Perseus%3Atext%3A1999.01.0239%3Abook%3D2,medium,The coordinate-bounded cell replaces a modern current index with a classical Atlantic frame.,false
location,atlantic_equatorial_countercurrent5,atlantic_equatorial_countercurrent_province,sea,Return Current Crossing,Latin classical ocean / coordinate descriptor,coordinate-bounded classical maritime construction,installed:in_game/map_data/location_templates.txt;GEO-PROXY;https://www.perseus.tufts.edu/hopper/text?doc=Perseus%3Atext%3A1999.01.0239%3Abook%3D2,medium,The coordinate-bounded cell replaces a modern current index with a classical Atlantic frame.,false
location,atlantic_equatorial_countercurrent6,atlantic_equatorial_countercurrent_province,sea,Return Roads,Latin classical ocean / coordinate descriptor,coordinate-bounded classical maritime construction,installed:in_game/map_data/location_templates.txt;GEO-PROXY;https://www.perseus.tufts.edu/hopper/text?doc=Perseus%3Atext%3A1999.01.0239%3Abook%3D2,medium,The coordinate-bounded cell replaces a modern current index with a classical Atlantic frame.,false
location,atlantic_equatorial_countercurrent7,atlantic_equatorial_countercurrent_province,sea,Leeward Return,Latin classical ocean / coordinate descriptor,coordinate-bounded classical maritime construction,installed:in_game/map_data/location_templates.txt;GEO-PROXY;https://www.perseus.tufts.edu/hopper/text?doc=Perseus%3Atext%3A1999.01.0239%3Abook%3D2,medium,The coordinate-bounded cell replaces a modern current index with a classical Atlantic frame.,false
location,atlantic_equatorial_countercurrent8,atlantic_equatorial_countercurrent_province,sea,Return Current,Latin classical ocean / coordinate descriptor,coordinate-bounded classical maritime construction,installed:in_game/map_data/location_templates.txt;GEO-PROXY;https://www.perseus.tufts.edu/hopper/text?doc=Perseus%3Atext%3A1999.01.0239%3Abook%3D2,medium,The coordinate-bounded cell replaces a modern current index with a classical Atlantic frame.,false
location,atlantic_equatorial_countercurrent9,atlantic_equatorial_countercurrent_province,sea,Return Current Fairway,Latin classical ocean / coordinate descriptor,coordinate-bounded classical maritime construction,installed:in_game/map_data/location_templates.txt;GEO-PROXY;https://www.perseus.tufts.edu/hopper/text?doc=Perseus%3Atext%3A1999.01.0239%3Abook%3D2,medium,The coordinate-bounded cell replaces a modern current index with a classical Atlantic frame.,false
location,atlantic_gulf_stream1,bermuda_sea_zones,sea,Drift Gyre Oceanus Leeward,Latin classical ocean / coordinate descriptor,coordinate-bounded classical maritime construction,installed:in_game/map_data/location_templates.txt;GEO-PROXY;https://www.perseus.tufts.edu/hopper/text?doc=Perseus%3Atext%3A1999.01.0239%3Abook%3D2,medium,The coordinate-bounded cell replaces a modern current index with a classical Atlantic frame.,false
location,atlantic_gulf_stream10,atlantic_gulf_stream_province,sea,Warm Pearl Seaway,Latin classical ocean / coordinate descriptor,coordinate-bounded classical maritime construction,installed:in_game/map_data/location_templates.txt;GEO-PROXY;https://www.perseus.tufts.edu/hopper/text?doc=Perseus%3Atext%3A1999.01.0239%3Abook%3D2,medium,The coordinate-bounded cell replaces a modern current index with a classical Atlantic frame.,false
location,atlantic_gulf_stream11,atlantic_gulf_stream_province,sea,Warm Current Northflow Pearl,Latin classical ocean / coordinate descriptor,coordinate-bounded classical maritime construction,installed:in_game/map_data/location_templates.txt;GEO-PROXY;https://www.perseus.tufts.edu/hopper/text?doc=Perseus%3Atext%3A1999.01.0239%3Abook%3D2,medium,The coordinate-bounded cell replaces a modern current index with a classical Atlantic frame.,false
location,atlantic_gulf_stream12,bermuda_sea_zones,sea,Drift Gyre Oceanus,Latin classical ocean / coordinate descriptor,coordinate-bounded classical maritime construction,installed:in_game/map_data/location_templates.txt;GEO-PROXY;https://www.perseus.tufts.edu/hopper/text?doc=Perseus%3Atext%3A1999.01.0239%3Abook%3D2,medium,The coordinate-bounded cell replaces a modern current index with a classical Atlantic frame.,false
location,atlantic_gulf_stream13,bermuda_sea_zones,sea,Drift Gyre,Latin classical ocean / coordinate descriptor,coordinate-bounded classical maritime construction,installed:in_game/map_data/location_templates.txt;GEO-PROXY;https://www.perseus.tufts.edu/hopper/text?doc=Perseus%3Atext%3A1999.01.0239%3Abook%3D2,medium,The coordinate-bounded cell replaces a modern current index with a classical Atlantic frame.,false
location,atlantic_gulf_stream14,bermuda_sea_zones,sea,Drift Gyre Oceanus Pearl,Latin classical ocean / coordinate descriptor,coordinate-bounded classical maritime construction,installed:in_game/map_data/location_templates.txt;GEO-PROXY;https://www.perseus.tufts.edu/hopper/text?doc=Perseus%3Atext%3A1999.01.0239%3Abook%3D2,medium,The coordinate-bounded cell replaces a modern current index with a classical Atlantic frame.,false
location,atlantic_gulf_stream15,bermuda_sea_zones,sea,Drift Gyre Oceanus Shallow,Latin classical ocean / coordinate descriptor,coordinate-bounded classical maritime construction,installed:in_game/map_data/location_templates.txt;GEO-PROXY;https://www.perseus.tufts.edu/hopper/text?doc=Perseus%3Atext%3A1999.01.0239%3Abook%3D2,medium,The coordinate-bounded cell replaces a modern current index with a classical Atlantic frame.,false
location,atlantic_gulf_stream16,atlantic_gulf_stream_province,sea,Warm Current Offing,Latin classical ocean / coordinate descriptor,coordinate-bounded classical maritime construction,installed:in_game/map_data/location_templates.txt;GEO-PROXY;https://www.perseus.tufts.edu/hopper/text?doc=Perseus%3Atext%3A1999.01.0239%3Abook%3D2,medium,The coordinate-bounded cell replaces a modern current index with a classical Atlantic frame.,false
location,atlantic_gulf_stream17,atlantic_gulf_stream_province,sea,Warm Current Northflow,Latin classical ocean / coordinate descriptor,coordinate-bounded classical maritime construction,installed:in_game/map_data/location_templates.txt;GEO-PROXY;https://www.perseus.tufts.edu/hopper/text?doc=Perseus%3Atext%3A1999.01.0239%3Abook%3D2,medium,The coordinate-bounded cell replaces a modern current index with a classical Atlantic frame.,false
location,atlantic_gulf_stream18,atlantic_gulf_stream_province,sea,Windward Warm,Latin classical ocean / coordinate descriptor,coordinate-bounded classical maritime construction,installed:in_game/map_data/location_templates.txt;GEO-PROXY;https://www.perseus.tufts.edu/hopper/text?doc=Perseus%3Atext%3A1999.01.0239%3Abook%3D2,medium,The coordinate-bounded cell replaces a modern current index with a classical Atlantic frame.,false
location,atlantic_gulf_stream19,atlantic_gulf_stream_province,sea,Warm Current Passage,Latin classical ocean / coordinate descriptor,coordinate-bounded classical maritime construction,installed:in_game/map_data/location_templates.txt;GEO-PROXY;https://www.perseus.tufts.edu/hopper/text?doc=Perseus%3Atext%3A1999.01.0239%3Abook%3D2,medium,The coordinate-bounded cell replaces a modern current index with a classical Atlantic frame.,false
location,atlantic_gulf_stream2,bermuda_sea_zones,sea,Drift Gyre Oceanus Monsoon,Latin classical ocean / coordinate descriptor,coordinate-bounded classical maritime construction,installed:in_game/map_data/location_templates.txt;GEO-PROXY;https://www.perseus.tufts.edu/hopper/text?doc=Perseus%3Atext%3A1999.01.0239%3Abook%3D2,medium,The coordinate-bounded cell replaces a modern current index with a classical Atlantic frame.,false
location,atlantic_gulf_stream20,atlantic_gulf_stream_province,sea,Warm Current Crossing,Latin classical ocean / coordinate descriptor,coordinate-bounded classical maritime construction,installed:in_game/map_data/location_templates.txt;GEO-PROXY;https://www.perseus.tufts.edu/hopper/text?doc=Perseus%3Atext%3A1999.01.0239%3Abook%3D2,medium,The coordinate-bounded cell replaces a modern current index with a classical Atlantic frame.,false
location,atlantic_gulf_stream21,atlantic_gulf_stream_province,sea,Warm Current,Latin classical ocean / coordinate descriptor,coordinate-bounded classical maritime construction,installed:in_game/map_data/location_templates.txt;GEO-PROXY;https://www.perseus.tufts.edu/hopper/text?doc=Perseus%3Atext%3A1999.01.0239%3Abook%3D2,medium,The coordinate-bounded cell replaces a modern current index with a classical Atlantic frame.,false
location,atlantic_gulf_stream22,atlantic_gulf_stream_province,sea,Warm Current Bight,Latin classical ocean / coordinate descriptor,coordinate-bounded classical maritime construction,installed:in_game/map_data/location_templates.txt;GEO-PROXY;https://www.perseus.tufts.edu/hopper/text?doc=Perseus%3Atext%3A1999.01.0239%3Abook%3D2,medium,The coordinate-bounded cell replaces a modern current index with a classical Atlantic frame.,false
location,atlantic_gulf_stream23,atlantic_gulf_stream_province,sea,Warm Saltwind Bight,Latin classical ocean / coordinate descriptor,coordinate-bounded classical maritime construction,installed:in_game/map_data/location_templates.txt;GEO-PROXY;https://www.perseus.tufts.edu/hopper/text?doc=Perseus%3Atext%3A1999.01.0239%3Abook%3D2,medium,The coordinate-bounded cell replaces a modern current index with a classical Atlantic frame.,false
location,atlantic_gulf_stream24,atlantic_gulf_stream_province,sea,Warm Roads,Latin classical ocean / coordinate descriptor,coordinate-bounded classical maritime construction,installed:in_game/map_data/location_templates.txt;GEO-PROXY;https://www.perseus.tufts.edu/hopper/text?doc=Perseus%3Atext%3A1999.01.0239%3Abook%3D2,medium,The coordinate-bounded cell replaces a modern current index with a classical Atlantic frame.,false
location,atlantic_gulf_stream25,azores_current_province,sea,Ocean Return Drift,Latin classical ocean / coordinate descriptor,coordinate-bounded classical maritime construction,installed:in_game/map_data/location_templates.txt;GEO-PROXY;https://www.perseus.tufts.edu/hopper/text?doc=Perseus%3Atext%3A1999.01.0239%3Abook%3D2,medium,The coordinate-bounded cell replaces a modern current index with a classical Atlantic frame.,false
location,atlantic_gulf_stream26,azores_current_province,sea,Return Pearl Seaway,Latin classical ocean / coordinate descriptor,coordinate-bounded classical maritime construction,installed:in_game/map_data/location_templates.txt;GEO-PROXY;https://www.perseus.tufts.edu/hopper/text?doc=Perseus%3Atext%3A1999.01.0239%3Abook%3D2,medium,The coordinate-bounded cell replaces a modern current index with a classical Atlantic frame.,false
location,atlantic_gulf_stream3,bermuda_sea_zones,sea,Drift Gyre Oceanus Stormward,Latin classical ocean / coordinate descriptor,coordinate-bounded classical maritime construction,installed:in_game/map_data/location_templates.txt;GEO-PROXY;https://www.perseus.tufts.edu/hopper/text?doc=Perseus%3Atext%3A1999.01.0239%3Abook%3D2,medium,The coordinate-bounded cell replaces a modern current index with a classical Atlantic frame.,false
location,atlantic_gulf_stream4,bermuda_sea_zones,sea,Drift Gyre Oceanus Coral,Latin classical ocean / coordinate descriptor,coordinate-bounded classical maritime construction,installed:in_game/map_data/location_templates.txt;GEO-PROXY;https://www.perseus.tufts.edu/hopper/text?doc=Perseus%3Atext%3A1999.01.0239%3Abook%3D2,medium,The coordinate-bounded cell replaces a modern current index with a classical Atlantic frame.,false
location,atlantic_gulf_stream5,atlantic_gulf_stream_province,sea,Warm Estuarine Crossing,Latin classical ocean / coordinate descriptor,coordinate-bounded classical maritime construction,installed:in_game/map_data/location_templates.txt;GEO-PROXY;https://www.perseus.tufts.edu/hopper/text?doc=Perseus%3Atext%3A1999.01.0239%3Abook%3D2,medium,The coordinate-bounded cell replaces a modern current index with a classical Atlantic frame.,false
location,atlantic_gulf_stream6,atlantic_gulf_stream_province,sea,Warm Deepwater Bight,Latin classical ocean / coordinate descriptor,coordinate-bounded classical maritime construction,installed:in_game/map_data/location_templates.txt;GEO-PROXY;https://www.perseus.tufts.edu/hopper/text?doc=Perseus%3Atext%3A1999.01.0239%3Abook%3D2,medium,The coordinate-bounded cell replaces a modern current index with a classical Atlantic frame.,false
location,atlantic_gulf_stream7,atlantic_gulf_stream_province,sea,Warm Current Northflow Tidal,Latin classical ocean / coordinate descriptor,coordinate-bounded classical maritime construction,installed:in_game/map_data/location_templates.txt;GEO-PROXY;https://www.perseus.tufts.edu/hopper/text?doc=Perseus%3Atext%3A1999.01.0239%3Abook%3D2,medium,The coordinate-bounded cell replaces a modern current index with a classical Atlantic frame.,false
location,atlantic_gulf_stream8,atlantic_gulf_stream_province,sea,Warm Current Fairway,Latin classical ocean / coordinate descriptor,coordinate-bounded classical maritime construction,installed:in_game/map_data/location_templates.txt;GEO-PROXY;https://www.perseus.tufts.edu/hopper/text?doc=Perseus%3Atext%3A1999.01.0239%3Abook%3D2,medium,The coordinate-bounded cell replaces a modern current index with a classical Atlantic frame.,false
location,atlantic_gulf_stream9,atlantic_gulf_stream_province,sea,Warm Swell,Latin classical ocean / coordinate descriptor,coordinate-bounded classical maritime construction,installed:in_game/map_data/location_templates.txt;GEO-PROXY;https://www.perseus.tufts.edu/hopper/text?doc=Perseus%3Atext%3A1999.01.0239%3Abook%3D2,medium,The coordinate-bounded cell replaces a modern current index with a classical Atlantic frame.,false
location,atlantic_irminger_current1,atlantic_irminger_province,sea,Thulean Current Passage,Latin classical ocean / coordinate descriptor,coordinate-bounded classical maritime construction,installed:in_game/map_data/location_templates.txt;GEO-PROXY;https://www.perseus.tufts.edu/hopper/text?doc=Perseus%3Atext%3A1999.01.0239%3Abook%3D2,medium,The coordinate-bounded cell replaces a modern current index with a classical Atlantic frame.,false
location,atlantic_irminger_current10,atlantic_irminger_province,sea,Thulean Current Kalaallit,Latin classical ocean / coordinate descriptor,coordinate-bounded classical maritime construction,installed:in_game/map_data/location_templates.txt;GEO-PROXY;https://www.perseus.tufts.edu/hopper/text?doc=Perseus%3Atext%3A1999.01.0239%3Abook%3D2,medium,The coordinate-bounded cell replaces a modern current index with a classical Atlantic frame.,false
location,atlantic_irminger_current11,atlantic_irminger_province,sea,Thulean Current Offing,Latin classical ocean / coordinate descriptor,coordinate-bounded classical maritime construction,installed:in_game/map_data/location_templates.txt;GEO-PROXY;https://www.perseus.tufts.edu/hopper/text?doc=Perseus%3Atext%3A1999.01.0239%3Abook%3D2,medium,The coordinate-bounded cell replaces a modern current index with a classical Atlantic frame.,false
location,atlantic_irminger_current12,atlantic_irminger_province,sea,Thulean Pearl Crossing,Latin classical ocean / coordinate descriptor,coordinate-bounded classical maritime construction,installed:in_game/map_data/location_templates.txt;GEO-PROXY;https://www.perseus.tufts.edu/hopper/text?doc=Perseus%3Atext%3A1999.01.0239%3Abook%3D2,medium,The coordinate-bounded cell replaces a modern current index with a classical Atlantic frame.,false
location,atlantic_irminger_current13,atlantic_irminger_province,sea,Thulean Current,Latin classical ocean / coordinate descriptor,coordinate-bounded classical maritime construction,installed:in_game/map_data/location_templates.txt;GEO-PROXY;https://www.perseus.tufts.edu/hopper/text?doc=Perseus%3Atext%3A1999.01.0239%3Abook%3D2,medium,The coordinate-bounded cell replaces a modern current index with a classical Atlantic frame.,false
location,atlantic_irminger_current14,atlantic_irminger_province,sea,Current Pelagic Sound,Latin classical ocean / coordinate descriptor,coordinate-bounded classical maritime construction,installed:in_game/map_data/location_templates.txt;GEO-PROXY;https://www.perseus.tufts.edu/hopper/text?doc=Perseus%3Atext%3A1999.01.0239%3Abook%3D2,medium,The coordinate-bounded cell replaces a modern current index with a classical Atlantic frame.,false
location,atlantic_irminger_current15,atlantic_irminger_province,sea,Leeward Thulean,Latin classical ocean / coordinate descriptor,coordinate-bounded classical maritime construction,installed:in_game/map_data/location_templates.txt;GEO-PROXY;https://www.perseus.tufts.edu/hopper/text?doc=Perseus%3Atext%3A1999.01.0239%3Abook%3D2,medium,The coordinate-bounded cell replaces a modern current index with a classical Atlantic frame.,false
location,atlantic_irminger_current16,atlantic_irminger_province,sea,Current Shallow Fairway,Latin classical ocean / coordinate descriptor,coordinate-bounded classical maritime construction,installed:in_game/map_data/location_templates.txt;GEO-PROXY;https://www.perseus.tufts.edu/hopper/text?doc=Perseus%3Atext%3A1999.01.0239%3Abook%3D2,medium,The coordinate-bounded cell replaces a modern current index with a classical Atlantic frame.,false
location,atlantic_irminger_current17,atlantic_north_atlantic_province,sea,Drift Oceanus Passage,Latin classical ocean / coordinate descriptor,coordinate-bounded classical maritime construction,installed:in_game/map_data/location_templates.txt;GEO-PROXY;https://www.perseus.tufts.edu/hopper/text?doc=Perseus%3Atext%3A1999.01.0239%3Abook%3D2,medium,The coordinate-bounded cell replaces a modern current index with a classical Atlantic frame.,false
location,atlantic_irminger_current2,atlantic_irminger_province,sea,Thulean Current Seaway,Latin classical ocean / coordinate descriptor,coordinate-bounded classical maritime construction,installed:in_game/map_data/location_templates.txt;GEO-PROXY;https://www.perseus.tufts.edu/hopper/text?doc=Perseus%3Atext%3A1999.01.0239%3Abook%3D2,medium,The coordinate-bounded cell replaces a modern current index with a classical Atlantic frame.,false
location,atlantic_irminger_current3,atlantic_irminger_province,sea,Thulean Pearl,Latin classical ocean / coordinate descriptor,coordinate-bounded classical maritime construction,installed:in_game/map_data/location_templates.txt;GEO-PROXY;https://www.perseus.tufts.edu/hopper/text?doc=Perseus%3Atext%3A1999.01.0239%3Abook%3D2,medium,The coordinate-bounded cell replaces a modern current index with a classical Atlantic frame.,false
location,atlantic_irminger_current4,atlantic_irminger_province,sea,Current Coral,Latin classical ocean / coordinate descriptor,coordinate-bounded classical maritime construction,installed:in_game/map_data/location_templates.txt;GEO-PROXY;https://www.perseus.tufts.edu/hopper/text?doc=Perseus%3Atext%3A1999.01.0239%3Abook%3D2,medium,The coordinate-bounded cell replaces a modern current index with a classical Atlantic frame.,false
location,atlantic_irminger_current5,atlantic_irminger_province,sea,Thulean Shoals,Latin classical ocean / coordinate descriptor,coordinate-bounded classical maritime construction,installed:in_game/map_data/location_templates.txt;GEO-PROXY;https://www.perseus.tufts.edu/hopper/text?doc=Perseus%3Atext%3A1999.01.0239%3Abook%3D2,medium,The coordinate-bounded cell replaces a modern current index with a classical Atlantic frame.,false
location,atlantic_irminger_current6,atlantic_irminger_province,sea,Current Monsoon Offing,Latin classical ocean / coordinate descriptor,coordinate-bounded classical maritime construction,installed:in_game/map_data/location_templates.txt;GEO-PROXY;https://www.perseus.tufts.edu/hopper/text?doc=Perseus%3Atext%3A1999.01.0239%3Abook%3D2,medium,The coordinate-bounded cell replaces a modern current index with a classical Atlantic frame.,false
location,atlantic_irminger_current7,atlantic_irminger_province,sea,Reefward Shoals,Latin classical ocean / coordinate descriptor,coordinate-bounded classical maritime construction,installed:in_game/map_data/location_templates.txt;GEO-PROXY;https://www.perseus.tufts.edu/hopper/text?doc=Perseus%3Atext%3A1999.01.0239%3Abook%3D2,medium,The coordinate-bounded cell replaces a modern current index with a classical Atlantic frame.,false
location,atlantic_irminger_current8,atlantic_irminger_province,sea,Shallow Channel,Latin classical ocean / coordinate descriptor,coordinate-bounded classical maritime construction,installed:in_game/map_data/location_templates.txt;GEO-PROXY;https://www.perseus.tufts.edu/hopper/text?doc=Perseus%3Atext%3A1999.01.0239%3Abook%3D2,medium,The coordinate-bounded cell replaces a modern current index with a classical Atlantic frame.,false
location,atlantic_irminger_current9,atlantic_irminger_province,sea,Southwestern Thulean Current,Latin classical ocean / coordinate descriptor,coordinate-bounded classical maritime construction,installed:in_game/map_data/location_templates.txt;GEO-PROXY;https://www.perseus.tufts.edu/hopper/text?doc=Perseus%3Atext%3A1999.01.0239%3Abook%3D2,medium,The coordinate-bounded cell replaces a modern current index with a classical Atlantic frame.,false
location,atlantic_labrador_current1,atlantic_labrador_province,sea,Nitassinan Cold Current,Latin classical ocean / coordinate descriptor,coordinate-bounded classical maritime construction,installed:in_game/map_data/location_templates.txt;GEO-PROXY;https://www.perseus.tufts.edu/hopper/text?doc=Perseus%3Atext%3A1999.01.0239%3Abook%3D2,medium,The coordinate-bounded cell replaces a modern current index with a classical Atlantic frame.,false
location,atlantic_labrador_current2,atlantic_labrador_province,sea,Nitassinan Cold,Latin classical ocean / coordinate descriptor,coordinate-bounded classical maritime construction,installed:in_game/map_data/location_templates.txt;GEO-PROXY;https://www.perseus.tufts.edu/hopper/text?doc=Perseus%3Atext%3A1999.01.0239%3Abook%3D2,medium,The coordinate-bounded cell replaces a modern current index with a classical Atlantic frame.,false
location,atlantic_labrador_current3,atlantic_labrador_province,sea,Cold Shoals,Latin classical ocean / coordinate descriptor,coordinate-bounded classical maritime construction,installed:in_game/map_data/location_templates.txt;GEO-PROXY;https://www.perseus.tufts.edu/hopper/text?doc=Perseus%3Atext%3A1999.01.0239%3Abook%3D2,medium,The coordinate-bounded cell replaces a modern current index with a classical Atlantic frame.,false
location,atlantic_labrador_current4,atlantic_labrador_province,sea,Nitassinan Cold Current Pearl,Latin classical ocean / coordinate descriptor,coordinate-bounded classical maritime construction,installed:in_game/map_data/location_templates.txt;GEO-PROXY;https://www.perseus.tufts.edu/hopper/text?doc=Perseus%3Atext%3A1999.01.0239%3Abook%3D2,medium,The coordinate-bounded cell replaces a modern current index with a classical Atlantic frame.,false
location,atlantic_labrador_current5,atlantic_labrador_province,sea,Cold Swell,Latin classical ocean / coordinate descriptor,coordinate-bounded classical maritime construction,installed:in_game/map_data/location_templates.txt;GEO-PROXY;https://www.perseus.tufts.edu/hopper/text?doc=Perseus%3Atext%3A1999.01.0239%3Abook%3D2,medium,The coordinate-bounded cell replaces a modern current index with a classical Atlantic frame.,false
location,atlantic_labrador_current6,atlantic_labrador_province,sea,Cold Current Passage,Latin classical ocean / coordinate descriptor,coordinate-bounded classical maritime construction,installed:in_game/map_data/location_templates.txt;GEO-PROXY;https://www.perseus.tufts.edu/hopper/text?doc=Perseus%3Atext%3A1999.01.0239%3Abook%3D2,medium,The coordinate-bounded cell replaces a modern current index with a classical Atlantic frame.,false
location,atlantic_labrador_current7,atlantic_labrador_province,sea,Nitassinan Cold Current Tidal,Latin classical ocean / coordinate descriptor,coordinate-bounded classical maritime construction,installed:in_game/map_data/location_templates.txt;GEO-PROXY;https://www.perseus.tufts.edu/hopper/text?doc=Perseus%3Atext%3A1999.01.0239%3Abook%3D2,medium,The coordinate-bounded cell replaces a modern current index with a classical Atlantic frame.,false
location,atlantic_north_atlantic_current1,atlantic_north_atlantic_province,sea,Drift Oceanus Atlanticus,Latin classical ocean / coordinate descriptor,coordinate-bounded classical maritime construction,installed:in_game/map_data/location_templates.txt;GEO-PROXY;https://www.perseus.tufts.edu/hopper/text?doc=Perseus%3Atext%3A1999.01.0239%3Abook%3D2,medium,The coordinate-bounded cell replaces a modern current index with a classical Atlantic frame.,false
location,atlantic_north_atlantic_current10,atlantic_north_atlantic_province,sea,Drift Oceanus Seaway,Latin classical ocean / coordinate descriptor,coordinate-bounded classical maritime construction,installed:in_game/map_data/location_templates.txt;GEO-PROXY;https://www.perseus.tufts.edu/hopper/text?doc=Perseus%3Atext%3A1999.01.0239%3Abook%3D2,medium,The coordinate-bounded cell replaces a modern current index with a classical Atlantic frame.,false
location,atlantic_north_atlantic_current11,atlantic_north_atlantic_province,sea,Drift Tidal Sound,Latin classical ocean / coordinate descriptor,coordinate-bounded classical maritime construction,installed:in_game/map_data/location_templates.txt;GEO-PROXY;https://www.perseus.tufts.edu/hopper/text?doc=Perseus%3Atext%3A1999.01.0239%3Abook%3D2,medium,The coordinate-bounded cell replaces a modern current index with a classical Atlantic frame.,false
location,atlantic_north_atlantic_current12,atlantic_north_atlantic_province,sea,Drift Oceanus,Latin classical ocean / coordinate descriptor,coordinate-bounded classical maritime construction,installed:in_game/map_data/location_templates.txt;GEO-PROXY;https://www.perseus.tufts.edu/hopper/text?doc=Perseus%3Atext%3A1999.01.0239%3Abook%3D2,medium,The coordinate-bounded cell replaces a modern current index with a classical Atlantic frame.,false
location,atlantic_north_atlantic_current13,atlantic_north_atlantic_province,sea,Drift Pearl,Latin classical ocean / coordinate descriptor,coordinate-bounded classical maritime construction,installed:in_game/map_data/location_templates.txt;GEO-PROXY;https://www.perseus.tufts.edu/hopper/text?doc=Perseus%3Atext%3A1999.01.0239%3Abook%3D2,medium,The coordinate-bounded cell replaces a modern current index with a classical Atlantic frame.,false
location,atlantic_north_atlantic_current14,atlantic_north_atlantic_province,sea,Drift Shoals,Latin classical ocean / coordinate descriptor,coordinate-bounded classical maritime construction,installed:in_game/map_data/location_templates.txt;GEO-PROXY;https://www.perseus.tufts.edu/hopper/text?doc=Perseus%3Atext%3A1999.01.0239%3Abook%3D2,medium,The coordinate-bounded cell replaces a modern current index with a classical Atlantic frame.,false
location,atlantic_north_atlantic_current15,atlantic_north_atlantic_province,sea,Drift Tidal Crossing,Latin classical ocean / coordinate descriptor,coordinate-bounded classical maritime construction,installed:in_game/map_data/location_templates.txt;GEO-PROXY;https://www.perseus.tufts.edu/hopper/text?doc=Perseus%3Atext%3A1999.01.0239%3Abook%3D2,medium,The coordinate-bounded cell replaces a modern current index with a classical Atlantic frame.,false
location,atlantic_north_atlantic_current2,atlantic_north_atlantic_province,sea,Drift Oceanus Crossing,Latin classical ocean / coordinate descriptor,coordinate-bounded classical maritime construction,installed:in_game/map_data/location_templates.txt;GEO-PROXY;https://www.perseus.tufts.edu/hopper/text?doc=Perseus%3Atext%3A1999.01.0239%3Abook%3D2,medium,The coordinate-bounded cell replaces a modern current index with a classical Atlantic frame.,false
location,atlantic_north_atlantic_current3,atlantic_north_atlantic_province,sea,Drift Stormward Crossing,Latin classical ocean / coordinate descriptor,coordinate-bounded classical maritime construction,installed:in_game/map_data/location_templates.txt;GEO-PROXY;https://www.perseus.tufts.edu/hopper/text?doc=Perseus%3Atext%3A1999.01.0239%3Abook%3D2,medium,The coordinate-bounded cell replaces a modern current index with a classical Atlantic frame.,false
location,atlantic_north_atlantic_current4,atlantic_north_atlantic_province,sea,Drift Channel,Latin classical ocean / coordinate descriptor,coordinate-bounded classical maritime construction,installed:in_game/map_data/location_templates.txt;GEO-PROXY;https://www.perseus.tufts.edu/hopper/text?doc=Perseus%3Atext%3A1999.01.0239%3Abook%3D2,medium,The coordinate-bounded cell replaces a modern current index with a classical Atlantic frame.,false
location,atlantic_north_atlantic_current5,atlantic_north_atlantic_province,sea,Drift Stormward Passage,Latin classical ocean / coordinate descriptor,coordinate-bounded classical maritime construction,installed:in_game/map_data/location_templates.txt;GEO-PROXY;https://www.perseus.tufts.edu/hopper/text?doc=Perseus%3Atext%3A1999.01.0239%3Abook%3D2,medium,The coordinate-bounded cell replaces a modern current index with a classical Atlantic frame.,false
location,atlantic_north_atlantic_current6,atlantic_north_atlantic_province,sea,Drift Coral,Latin classical ocean / coordinate descriptor,coordinate-bounded classical maritime construction,installed:in_game/map_data/location_templates.txt;GEO-PROXY;https://www.perseus.tufts.edu/hopper/text?doc=Perseus%3Atext%3A1999.01.0239%3Abook%3D2,medium,The coordinate-bounded cell replaces a modern current index with a classical Atlantic frame.,false
location,atlantic_north_atlantic_current7,atlantic_north_atlantic_province,sea,Drift Coral Fairway,Latin classical ocean / coordinate descriptor,coordinate-bounded classical maritime construction,installed:in_game/map_data/location_templates.txt;GEO-PROXY;https://www.perseus.tufts.edu/hopper/text?doc=Perseus%3Atext%3A1999.01.0239%3Abook%3D2,medium,The coordinate-bounded cell replaces a modern current index with a classical Atlantic frame.,false
location,atlantic_north_atlantic_current8,atlantic_north_atlantic_province,sea,Drift Tidal Fairway,Latin classical ocean / coordinate descriptor,coordinate-bounded classical maritime construction,installed:in_game/map_data/location_templates.txt;GEO-PROXY;https://www.perseus.tufts.edu/hopper/text?doc=Perseus%3Atext%3A1999.01.0239%3Abook%3D2,medium,The coordinate-bounded cell replaces a modern current index with a classical Atlantic frame.,false
location,atlantic_north_atlantic_current9,atlantic_north_atlantic_province,sea,Drift Oceanus Bight,Latin classical ocean / coordinate descriptor,coordinate-bounded classical maritime construction,installed:in_game/map_data/location_templates.txt;GEO-PROXY;https://www.perseus.tufts.edu/hopper/text?doc=Perseus%3Atext%3A1999.01.0239%3Abook%3D2,medium,The coordinate-bounded cell replaces a modern current index with a classical Atlantic frame.,false
location,atlantic_north_equatorial_current1,atlantic_north_equatorial_province,sea,Leeward Current Oceanus,Latin classical ocean / coordinate descriptor,coordinate-bounded classical maritime construction,installed:in_game/map_data/location_templates.txt;GEO-PROXY;https://www.perseus.tufts.edu/hopper/text?doc=Perseus%3Atext%3A1999.01.0239%3Abook%3D2,medium,The coordinate-bounded cell replaces a modern current index with a classical Atlantic frame.,false
location,atlantic_north_equatorial_current10,atlantic_north_equatorial_province,sea,Current Aequinoctial Oceanus,Latin classical ocean / coordinate descriptor,coordinate-bounded classical maritime construction,installed:in_game/map_data/location_templates.txt;GEO-PROXY;https://www.perseus.tufts.edu/hopper/text?doc=Perseus%3Atext%3A1999.01.0239%3Abook%3D2,medium,The coordinate-bounded cell replaces a modern current index with a classical Atlantic frame.,false
location,atlantic_north_equatorial_current11,atlantic_north_equatorial_province,sea,Current Aequinoctial,Latin classical ocean / coordinate descriptor,coordinate-bounded classical maritime construction,installed:in_game/map_data/location_templates.txt;GEO-PROXY;https://www.perseus.tufts.edu/hopper/text?doc=Perseus%3Atext%3A1999.01.0239%3Abook%3D2,medium,The coordinate-bounded cell replaces a modern current index with a classical Atlantic frame.,false
location,atlantic_north_equatorial_current12,atlantic_north_equatorial_province,sea,Current Saltwind Seaway,Latin classical ocean / coordinate descriptor,coordinate-bounded classical maritime construction,installed:in_game/map_data/location_templates.txt;GEO-PROXY;https://www.perseus.tufts.edu/hopper/text?doc=Perseus%3Atext%3A1999.01.0239%3Abook%3D2,medium,The coordinate-bounded cell replaces a modern current index with a classical Atlantic frame.,false
location,atlantic_north_equatorial_current13,atlantic_north_equatorial_province,sea,Current Reefward,Latin classical ocean / coordinate descriptor,coordinate-bounded classical maritime construction,installed:in_game/map_data/location_templates.txt;GEO-PROXY;https://www.perseus.tufts.edu/hopper/text?doc=Perseus%3Atext%3A1999.01.0239%3Abook%3D2,medium,The coordinate-bounded cell replaces a modern current index with a classical Atlantic frame.,false
location,atlantic_north_equatorial_current14,atlantic_north_equatorial_province,sea,Current Deepwater Offing,Latin classical ocean / coordinate descriptor,coordinate-bounded classical maritime construction,installed:in_game/map_data/location_templates.txt;GEO-PROXY;https://www.perseus.tufts.edu/hopper/text?doc=Perseus%3Atext%3A1999.01.0239%3Abook%3D2,medium,The coordinate-bounded cell replaces a modern current index with a classical Atlantic frame.,false
location,atlantic_north_equatorial_current15,atlantic_north_equatorial_province,sea,Oceanus Shallow,Latin classical ocean / coordinate descriptor,coordinate-bounded classical maritime construction,installed:in_game/map_data/location_templates.txt;GEO-PROXY;https://www.perseus.tufts.edu/hopper/text?doc=Perseus%3Atext%3A1999.01.0239%3Abook%3D2,medium,The coordinate-bounded cell replaces a modern current index with a classical Atlantic frame.,false
location,atlantic_north_equatorial_current16,atlantic_north_equatorial_province,sea,Current Pearl Offing,Latin classical ocean / coordinate descriptor,coordinate-bounded classical maritime construction,installed:in_game/map_data/location_templates.txt;GEO-PROXY;https://www.perseus.tufts.edu/hopper/text?doc=Perseus%3Atext%3A1999.01.0239%3Abook%3D2,medium,The coordinate-bounded cell replaces a modern current index with a classical Atlantic frame.,false
location,atlantic_north_equatorial_current17,atlantic_north_equatorial_province,sea,Current Coral Offing,Latin classical ocean / coordinate descriptor,coordinate-bounded classical maritime construction,installed:in_game/map_data/location_templates.txt;GEO-PROXY;https://www.perseus.tufts.edu/hopper/text?doc=Perseus%3Atext%3A1999.01.0239%3Abook%3D2,medium,The coordinate-bounded cell replaces a modern current index with a classical Atlantic frame.,false
location,atlantic_north_equatorial_current18,atlantic_north_equatorial_province,sea,Current Oceanus Sound,Latin classical ocean / coordinate descriptor,coordinate-bounded classical maritime construction,installed:in_game/map_data/location_templates.txt;GEO-PROXY;https://www.perseus.tufts.edu/hopper/text?doc=Perseus%3Atext%3A1999.01.0239%3Abook%3D2,medium,The coordinate-bounded cell replaces a modern current index with a classical Atlantic frame.,false
location,atlantic_north_equatorial_current19,atlantic_north_equatorial_province,sea,Oceanus Tidal Sound,Latin classical ocean / coordinate descriptor,coordinate-bounded classical maritime construction,installed:in_game/map_data/location_templates.txt;GEO-PROXY;https://www.perseus.tufts.edu/hopper/text?doc=Perseus%3Atext%3A1999.01.0239%3Abook%3D2,medium,The coordinate-bounded cell replaces a modern current index with a classical Atlantic frame.,false
location,atlantic_north_equatorial_current2,atlantic_north_equatorial_province,sea,Current Saltwind Fairway,Latin classical ocean / coordinate descriptor,coordinate-bounded classical maritime construction,installed:in_game/map_data/location_templates.txt;GEO-PROXY;https://www.perseus.tufts.edu/hopper/text?doc=Perseus%3Atext%3A1999.01.0239%3Abook%3D2,medium,The coordinate-bounded cell replaces a modern current index with a classical Atlantic frame.,false
location,atlantic_north_equatorial_current20,atlantic_north_equatorial_province,sea,Windward Current Roads,Latin classical ocean / coordinate descriptor,coordinate-bounded classical maritime construction,installed:in_game/map_data/location_templates.txt;GEO-PROXY;https://www.perseus.tufts.edu/hopper/text?doc=Perseus%3Atext%3A1999.01.0239%3Abook%3D2,medium,The coordinate-bounded cell replaces a modern current index with a classical Atlantic frame.,false
location,atlantic_north_equatorial_current21,atlantic_north_equatorial_province,sea,Windward Current Oceanus,Latin classical ocean / coordinate descriptor,coordinate-bounded classical maritime construction,installed:in_game/map_data/location_templates.txt;GEO-PROXY;https://www.perseus.tufts.edu/hopper/text?doc=Perseus%3Atext%3A1999.01.0239%3Abook%3D2,medium,The coordinate-bounded cell replaces a modern current index with a classical Atlantic frame.,false
location,atlantic_north_equatorial_current22,atlantic_north_equatorial_province,sea,Leeward Oceanus,Latin classical ocean / coordinate descriptor,coordinate-bounded classical maritime construction,installed:in_game/map_data/location_templates.txt;GEO-PROXY;https://www.perseus.tufts.edu/hopper/text?doc=Perseus%3Atext%3A1999.01.0239%3Abook%3D2,medium,The coordinate-bounded cell replaces a modern current index with a classical Atlantic frame.,false
location,atlantic_north_equatorial_current23,atlantic_north_equatorial_province,sea,Current Sheltered Offing,Latin classical ocean / coordinate descriptor,coordinate-bounded classical maritime construction,installed:in_game/map_data/location_templates.txt;GEO-PROXY;https://www.perseus.tufts.edu/hopper/text?doc=Perseus%3Atext%3A1999.01.0239%3Abook%3D2,medium,The coordinate-bounded cell replaces a modern current index with a classical Atlantic frame.,false
location,atlantic_north_equatorial_current24,atlantic_north_equatorial_province,sea,Current Oceanus Seaway,Latin classical ocean / coordinate descriptor,coordinate-bounded classical maritime construction,installed:in_game/map_data/location_templates.txt;GEO-PROXY;https://www.perseus.tufts.edu/hopper/text?doc=Perseus%3Atext%3A1999.01.0239%3Abook%3D2,medium,The coordinate-bounded cell replaces a modern current index with a classical Atlantic frame.,false
location,atlantic_north_equatorial_current25,atlantic_north_equatorial_province,sea,Current Oceanus Fairway,Latin classical ocean / coordinate descriptor,coordinate-bounded classical maritime construction,installed:in_game/map_data/location_templates.txt;GEO-PROXY;https://www.perseus.tufts.edu/hopper/text?doc=Perseus%3Atext%3A1999.01.0239%3Abook%3D2,medium,The coordinate-bounded cell replaces a modern current index with a classical Atlantic frame.,false
location,atlantic_north_equatorial_current26,atlantic_north_equatorial_province,sea,Current Oceanus Passage,Latin classical ocean / coordinate descriptor,coordinate-bounded classical maritime construction,installed:in_game/map_data/location_templates.txt;GEO-PROXY;https://www.perseus.tufts.edu/hopper/text?doc=Perseus%3Atext%3A1999.01.0239%3Abook%3D2,medium,The coordinate-bounded cell replaces a modern current index with a classical Atlantic frame.,false
location,atlantic_north_equatorial_current27,atlantic_north_equatorial_province,sea,Current Oceanus Offing,Latin classical ocean / coordinate descriptor,coordinate-bounded classical maritime construction,installed:in_game/map_data/location_templates.txt;GEO-PROXY;https://www.perseus.tufts.edu/hopper/text?doc=Perseus%3Atext%3A1999.01.0239%3Abook%3D2,medium,The coordinate-bounded cell replaces a modern current index with a classical Atlantic frame.,false
location,atlantic_north_equatorial_current28,atlantic_north_equatorial_province,sea,Current Oceanus Crossing,Latin classical ocean / coordinate descriptor,coordinate-bounded classical maritime construction,installed:in_game/map_data/location_templates.txt;GEO-PROXY;https://www.perseus.tufts.edu/hopper/text?doc=Perseus%3Atext%3A1999.01.0239%3Abook%3D2,medium,The coordinate-bounded cell replaces a modern current index with a classical Atlantic frame.,false
location,atlantic_north_equatorial_current29,atlantic_north_equatorial_province,sea,Current Estuarine Offing,Latin classical ocean / coordinate descriptor,coordinate-bounded classical maritime construction,installed:in_game/map_data/location_templates.txt;GEO-PROXY;https://www.perseus.tufts.edu/hopper/text?doc=Perseus%3Atext%3A1999.01.0239%3Abook%3D2,medium,The coordinate-bounded cell replaces a modern current index with a classical Atlantic frame.,false
location,atlantic_north_equatorial_current3,atlantic_north_equatorial_province,sea,Current Pearl Passage,Latin classical ocean / coordinate descriptor,coordinate-bounded classical maritime construction,installed:in_game/map_data/location_templates.txt;GEO-PROXY;https://www.perseus.tufts.edu/hopper/text?doc=Perseus%3Atext%3A1999.01.0239%3Abook%3D2,medium,The coordinate-bounded cell replaces a modern current index with a classical Atlantic frame.,false
location,atlantic_north_equatorial_current30,atlantic_north_equatorial_province,sea,Current Saltwind Passage,Latin classical ocean / coordinate descriptor,coordinate-bounded classical maritime construction,installed:in_game/map_data/location_templates.txt;GEO-PROXY;https://www.perseus.tufts.edu/hopper/text?doc=Perseus%3Atext%3A1999.01.0239%3Abook%3D2,medium,The coordinate-bounded cell replaces a modern current index with a classical Atlantic frame.,false
location,atlantic_north_equatorial_current31,atlantic_north_equatorial_province,sea,Windward Current Aequinoctial,Latin classical ocean / coordinate descriptor,coordinate-bounded classical maritime construction,installed:in_game/map_data/location_templates.txt;GEO-PROXY;https://www.perseus.tufts.edu/hopper/text?doc=Perseus%3Atext%3A1999.01.0239%3Abook%3D2,medium,The coordinate-bounded cell replaces a modern current index with a classical Atlantic frame.,false
location,atlantic_north_equatorial_current32,atlantic_north_equatorial_province,sea,Current Shallow Passage,Latin classical ocean / coordinate descriptor,coordinate-bounded classical maritime construction,installed:in_game/map_data/location_templates.txt;GEO-PROXY;https://www.perseus.tufts.edu/hopper/text?doc=Perseus%3Atext%3A1999.01.0239%3Abook%3D2,medium,The coordinate-bounded cell replaces a modern current index with a classical Atlantic frame.,false
location,atlantic_north_equatorial_current33,atlantic_north_equatorial_province,sea,Oceanus Swell,Latin classical ocean / coordinate descriptor,coordinate-bounded classical maritime construction,installed:in_game/map_data/location_templates.txt;GEO-PROXY;https://www.perseus.tufts.edu/hopper/text?doc=Perseus%3Atext%3A1999.01.0239%3Abook%3D2,medium,The coordinate-bounded cell replaces a modern current index with a classical Atlantic frame.,false
location,atlantic_north_equatorial_current34,atlantic_north_equatorial_province,sea,Current Shoals,Latin classical ocean / coordinate descriptor,coordinate-bounded classical maritime construction,installed:in_game/map_data/location_templates.txt;GEO-PROXY;https://www.perseus.tufts.edu/hopper/text?doc=Perseus%3Atext%3A1999.01.0239%3Abook%3D2,medium,The coordinate-bounded cell replaces a modern current index with a classical Atlantic frame.,false
location,atlantic_north_equatorial_current35,atlantic_north_equatorial_province,sea,Oceanus Strait,Latin classical ocean / coordinate descriptor,coordinate-bounded classical maritime construction,installed:in_game/map_data/location_templates.txt;GEO-PROXY;https://www.perseus.tufts.edu/hopper/text?doc=Perseus%3Atext%3A1999.01.0239%3Abook%3D2,medium,The coordinate-bounded cell replaces a modern current index with a classical Atlantic frame.,false
location,atlantic_north_equatorial_current36,atlantic_north_equatorial_province,sea,Current Shallow Offing,Latin classical ocean / coordinate descriptor,coordinate-bounded classical maritime construction,installed:in_game/map_data/location_templates.txt;GEO-PROXY;https://www.perseus.tufts.edu/hopper/text?doc=Perseus%3Atext%3A1999.01.0239%3Abook%3D2,medium,The coordinate-bounded cell replaces a modern current index with a classical Atlantic frame.,false
location,atlantic_north_equatorial_current37,atlantic_north_equatorial_province,sea,Current Deepwater Passage,Latin classical ocean / coordinate descriptor,coordinate-bounded classical maritime construction,installed:in_game/map_data/location_templates.txt;GEO-PROXY;https://www.perseus.tufts.edu/hopper/text?doc=Perseus%3Atext%3A1999.01.0239%3Abook%3D2,medium,The coordinate-bounded cell replaces a modern current index with a classical Atlantic frame.,false
location,atlantic_north_equatorial_current38,atlantic_north_equatorial_province,sea,Windward Oceanus Windward,Latin classical ocean / coordinate descriptor,coordinate-bounded classical maritime construction,installed:in_game/map_data/location_templates.txt;GEO-PROXY;https://www.perseus.tufts.edu/hopper/text?doc=Perseus%3Atext%3A1999.01.0239%3Abook%3D2,medium,The coordinate-bounded cell replaces a modern current index with a classical Atlantic frame.,false
location,atlantic_north_equatorial_current39,atlantic_north_equatorial_province,sea,Tidal Strait,Latin classical ocean / coordinate descriptor,coordinate-bounded classical maritime construction,installed:in_game/map_data/location_templates.txt;GEO-PROXY;https://www.perseus.tufts.edu/hopper/text?doc=Perseus%3Atext%3A1999.01.0239%3Abook%3D2,medium,The coordinate-bounded cell replaces a modern current index with a classical Atlantic frame.,false
location,atlantic_north_equatorial_current4,atlantic_north_equatorial_province,sea,Windward Aequinoctial Oceanus,Latin classical ocean / coordinate descriptor,coordinate-bounded classical maritime construction,installed:in_game/map_data/location_templates.txt;GEO-PROXY;https://www.perseus.tufts.edu/hopper/text?doc=Perseus%3Atext%3A1999.01.0239%3Abook%3D2,medium,The coordinate-bounded cell replaces a modern current index with a classical Atlantic frame.,false
location,atlantic_north_equatorial_current5,atlantic_north_equatorial_province,sea,Oceanus Pearl,Latin classical ocean / coordinate descriptor,coordinate-bounded classical maritime construction,installed:in_game/map_data/location_templates.txt;GEO-PROXY;https://www.perseus.tufts.edu/hopper/text?doc=Perseus%3Atext%3A1999.01.0239%3Abook%3D2,medium,The coordinate-bounded cell replaces a modern current index with a classical Atlantic frame.,false
location,atlantic_north_equatorial_current6,atlantic_north_equatorial_province,sea,Current Tidal,Latin classical ocean / coordinate descriptor,coordinate-bounded classical maritime construction,installed:in_game/map_data/location_templates.txt;GEO-PROXY;https://www.perseus.tufts.edu/hopper/text?doc=Perseus%3Atext%3A1999.01.0239%3Abook%3D2,medium,The coordinate-bounded cell replaces a modern current index with a classical Atlantic frame.,false
location,atlantic_north_equatorial_current7,atlantic_north_equatorial_province,sea,Monsoon Roads,Latin classical ocean / coordinate descriptor,coordinate-bounded classical maritime construction,installed:in_game/map_data/location_templates.txt;GEO-PROXY;https://www.perseus.tufts.edu/hopper/text?doc=Perseus%3Atext%3A1999.01.0239%3Abook%3D2,medium,The coordinate-bounded cell replaces a modern current index with a classical Atlantic frame.,false
location,atlantic_north_equatorial_current8,atlantic_north_equatorial_province,sea,Oceanus Roads,Latin classical ocean / coordinate descriptor,coordinate-bounded classical maritime construction,installed:in_game/map_data/location_templates.txt;GEO-PROXY;https://www.perseus.tufts.edu/hopper/text?doc=Perseus%3Atext%3A1999.01.0239%3Abook%3D2,medium,The coordinate-bounded cell replaces a modern current index with a classical Atlantic frame.,false
location,atlantic_north_equatorial_current9,atlantic_north_equatorial_province,sea,Current Oceanus,Latin classical ocean / coordinate descriptor,coordinate-bounded classical maritime construction,installed:in_game/map_data/location_templates.txt;GEO-PROXY;https://www.perseus.tufts.edu/hopper/text?doc=Perseus%3Atext%3A1999.01.0239%3Abook%3D2,medium,The coordinate-bounded cell replaces a modern current index with a classical Atlantic frame.,false
location,atlantic_sainthelenacurrent1,saint_helena_current_province,sea,Remote Monsoon Seaway,Latin classical ocean / coordinate descriptor,coordinate-bounded classical maritime construction,installed:in_game/map_data/location_templates.txt;GEO-PROXY;https://www.perseus.tufts.edu/hopper/text?doc=Perseus%3Atext%3A1999.01.0239%3Abook%3D2,medium,The coordinate-bounded cell replaces a modern current index with a classical Atlantic frame.,false
location,atlantic_sainthelenacurrent2,saint_helena_current_province,sea,Westward Remote Passage,Latin classical ocean / coordinate descriptor,coordinate-bounded classical maritime construction,installed:in_game/map_data/location_templates.txt;GEO-PROXY;https://www.perseus.tufts.edu/hopper/text?doc=Perseus%3Atext%3A1999.01.0239%3Abook%3D2,medium,The coordinate-bounded cell replaces a modern current index with a classical Atlantic frame.,false
location,atlantic_sainthelenacurrent3,saint_helena_current_province,sea,Westward Remote Aethiopian,Latin classical ocean / coordinate descriptor,coordinate-bounded classical maritime construction,installed:in_game/map_data/location_templates.txt;GEO-PROXY;https://www.perseus.tufts.edu/hopper/text?doc=Perseus%3Atext%3A1999.01.0239%3Abook%3D2,medium,The coordinate-bounded cell replaces a modern current index with a classical Atlantic frame.,false
location,atlantic_sainthelenacurrent4,saint_helena_current_province,sea,Remote Tidal Crossing,Latin classical ocean / coordinate descriptor,coordinate-bounded classical maritime construction,installed:in_game/map_data/location_templates.txt;GEO-PROXY;https://www.perseus.tufts.edu/hopper/text?doc=Perseus%3Atext%3A1999.01.0239%3Abook%3D2,medium,The coordinate-bounded cell replaces a modern current index with a classical Atlantic frame.,false
location,atlantic_sainthelenacurrent5,atlantic_south_equatorial_province,sea,Leeward Equatorial,Latin classical ocean / coordinate descriptor,coordinate-bounded classical maritime construction,installed:in_game/map_data/location_templates.txt;GEO-PROXY;https://www.perseus.tufts.edu/hopper/text?doc=Perseus%3Atext%3A1999.01.0239%3Abook%3D2,medium,The coordinate-bounded cell replaces a modern current index with a classical Atlantic frame.,false
location,atlantic_south_sainthelenacurrent1,saint_helena_current_province,sea,Westward Remote,Latin classical ocean / coordinate descriptor,coordinate-bounded classical maritime construction,installed:in_game/map_data/location_templates.txt;GEO-PROXY;https://www.perseus.tufts.edu/hopper/text?doc=Perseus%3Atext%3A1999.01.0239%3Abook%3D2,medium,The coordinate-bounded cell replaces a modern current index with a classical Atlantic frame.,false
location,atlantic_south_sainthelenacurrent10,saint_helena_current_province,sea,Leeward Strait,Latin classical ocean / coordinate descriptor,coordinate-bounded classical maritime construction,installed:in_game/map_data/location_templates.txt;GEO-PROXY;https://www.perseus.tufts.edu/hopper/text?doc=Perseus%3Atext%3A1999.01.0239%3Abook%3D2,medium,The coordinate-bounded cell replaces a modern current index with a classical Atlantic frame.,false
location,atlantic_south_sainthelenacurrent11,saint_helena_current_province,sea,Westward Remote Bight,Latin classical ocean / coordinate descriptor,coordinate-bounded classical maritime construction,installed:in_game/map_data/location_templates.txt;GEO-PROXY;https://www.perseus.tufts.edu/hopper/text?doc=Perseus%3Atext%3A1999.01.0239%3Abook%3D2,medium,The coordinate-bounded cell replaces a modern current index with a classical Atlantic frame.,false
location,atlantic_south_sainthelenacurrent2,saint_helena_current_province,sea,Remote Channel,Latin classical ocean / coordinate descriptor,coordinate-bounded classical maritime construction,installed:in_game/map_data/location_templates.txt;GEO-PROXY;https://www.perseus.tufts.edu/hopper/text?doc=Perseus%3Atext%3A1999.01.0239%3Abook%3D2,medium,The coordinate-bounded cell replaces a modern current index with a classical Atlantic frame.,false
location,atlantic_south_sainthelenacurrent3,saint_helena_current_province,sea,Remote Tidal Seaway,Latin classical ocean / coordinate descriptor,coordinate-bounded classical maritime construction,installed:in_game/map_data/location_templates.txt;GEO-PROXY;https://www.perseus.tufts.edu/hopper/text?doc=Perseus%3Atext%3A1999.01.0239%3Abook%3D2,medium,The coordinate-bounded cell replaces a modern current index with a classical Atlantic frame.,false
location,atlantic_south_sainthelenacurrent4,saint_helena_current_province,sea,Remote Shoals,Latin classical ocean / coordinate descriptor,coordinate-bounded classical maritime construction,installed:in_game/map_data/location_templates.txt;GEO-PROXY;https://www.perseus.tufts.edu/hopper/text?doc=Perseus%3Atext%3A1999.01.0239%3Abook%3D2,medium,The coordinate-bounded cell replaces a modern current index with a classical Atlantic frame.,false
location,atlantic_south_sainthelenacurrent5,saint_helena_current_province,sea,Remote Coral,Latin classical ocean / coordinate descriptor,coordinate-bounded classical maritime construction,installed:in_game/map_data/location_templates.txt;GEO-PROXY;https://www.perseus.tufts.edu/hopper/text?doc=Perseus%3Atext%3A1999.01.0239%3Abook%3D2,medium,The coordinate-bounded cell replaces a modern current index with a classical Atlantic frame.,false
location,atlantic_south_sainthelenacurrent6,saint_helena_current_province,sea,Remote Sheltered Bight,Latin classical ocean / coordinate descriptor,coordinate-bounded classical maritime construction,installed:in_game/map_data/location_templates.txt;GEO-PROXY;https://www.perseus.tufts.edu/hopper/text?doc=Perseus%3Atext%3A1999.01.0239%3Abook%3D2,medium,The coordinate-bounded cell replaces a modern current index with a classical Atlantic frame.,false
location,atlantic_south_sainthelenacurrent7,saint_helena_current_province,sea,Westward Remote Crossing,Latin classical ocean / coordinate descriptor,coordinate-bounded classical maritime construction,installed:in_game/map_data/location_templates.txt;GEO-PROXY;https://www.perseus.tufts.edu/hopper/text?doc=Perseus%3Atext%3A1999.01.0239%3Abook%3D2,medium,The coordinate-bounded cell replaces a modern current index with a classical Atlantic frame.,false
location,atlantic_south_sainthelenacurrent8,saint_helena_current_province,sea,Remote Coral Sound,Latin classical ocean / coordinate descriptor,coordinate-bounded classical maritime construction,installed:in_game/map_data/location_templates.txt;GEO-PROXY;https://www.perseus.tufts.edu/hopper/text?doc=Perseus%3Atext%3A1999.01.0239%3Abook%3D2,medium,The coordinate-bounded cell replaces a modern current index with a classical Atlantic frame.,false
location,atlantic_south_sainthelenacurrent9,saint_helena_current_province,sea,Remote Pelagic,Latin classical ocean / coordinate descriptor,coordinate-bounded classical maritime construction,installed:in_game/map_data/location_templates.txt;GEO-PROXY;https://www.perseus.tufts.edu/hopper/text?doc=Perseus%3Atext%3A1999.01.0239%3Abook%3D2,medium,The coordinate-bounded cell replaces a modern current index with a classical Atlantic frame.,false
location,atlantic_southcurrent1,atlantic_south_province,sea,Remote Pearl Passage,Latin classical ocean / coordinate descriptor,coordinate-bounded classical maritime construction,installed:in_game/map_data/location_templates.txt;GEO-PROXY;https://www.perseus.tufts.edu/hopper/text?doc=Perseus%3Atext%3A1999.01.0239%3Abook%3D2,medium,The coordinate-bounded cell replaces a modern current index with a classical Atlantic frame.,false
location,atlantic_southcurrent10,atlantic_south_province,sea,Remote Aethiopian Inshore,Latin classical ocean / coordinate descriptor,coordinate-bounded classical maritime construction,installed:in_game/map_data/location_templates.txt;GEO-PROXY;https://www.perseus.tufts.edu/hopper/text?doc=Perseus%3Atext%3A1999.01.0239%3Abook%3D2,medium,The coordinate-bounded cell replaces a modern current index with a classical Atlantic frame.,false
location,atlantic_southcurrent11,atlantic_south_province,sea,Tidal Swell,Latin classical ocean / coordinate descriptor,coordinate-bounded classical maritime construction,installed:in_game/map_data/location_templates.txt;GEO-PROXY;https://www.perseus.tufts.edu/hopper/text?doc=Perseus%3Atext%3A1999.01.0239%3Abook%3D2,medium,The coordinate-bounded cell replaces a modern current index with a classical Atlantic frame.,false
location,atlantic_southcurrent12,atlantic_south_province,sea,Windward Stormward,Latin classical ocean / coordinate descriptor,coordinate-bounded classical maritime construction,installed:in_game/map_data/location_templates.txt;GEO-PROXY;https://www.perseus.tufts.edu/hopper/text?doc=Perseus%3Atext%3A1999.01.0239%3Abook%3D2,medium,The coordinate-bounded cell replaces a modern current index with a classical Atlantic frame.,false
location,atlantic_southcurrent13,atlantic_south_province,sea,Remote Inshore Sound,Latin classical ocean / coordinate descriptor,coordinate-bounded classical maritime construction,installed:in_game/map_data/location_templates.txt;GEO-PROXY;https://www.perseus.tufts.edu/hopper/text?doc=Perseus%3Atext%3A1999.01.0239%3Abook%3D2,medium,The coordinate-bounded cell replaces a modern current index with a classical Atlantic frame.,false
location,atlantic_southcurrent14,atlantic_south_province,sea,Remote Inshore Bight,Latin classical ocean / coordinate descriptor,coordinate-bounded classical maritime construction,installed:in_game/map_data/location_templates.txt;GEO-PROXY;https://www.perseus.tufts.edu/hopper/text?doc=Perseus%3Atext%3A1999.01.0239%3Abook%3D2,medium,The coordinate-bounded cell replaces a modern current index with a classical Atlantic frame.,false
location,atlantic_southcurrent15,atlantic_south_province,sea,Remote Strait,Latin classical ocean / coordinate descriptor,coordinate-bounded classical maritime construction,installed:in_game/map_data/location_templates.txt;GEO-PROXY;https://www.perseus.tufts.edu/hopper/text?doc=Perseus%3Atext%3A1999.01.0239%3Abook%3D2,medium,The coordinate-bounded cell replaces a modern current index with a classical Atlantic frame.,false
location,atlantic_southcurrent16,atlantic_south_province,sea,Pearl Strait,Latin classical ocean / coordinate descriptor,coordinate-bounded classical maritime construction,installed:in_game/map_data/location_templates.txt;GEO-PROXY;https://www.perseus.tufts.edu/hopper/text?doc=Perseus%3Atext%3A1999.01.0239%3Abook%3D2,medium,The coordinate-bounded cell replaces a modern current index with a classical Atlantic frame.,false
location,atlantic_southcurrent17,atlantic_south_province,sea,Remote Aethiopian Nearshore,Latin classical ocean / coordinate descriptor,coordinate-bounded classical maritime construction,installed:in_game/map_data/location_templates.txt;GEO-PROXY;https://www.perseus.tufts.edu/hopper/text?doc=Perseus%3Atext%3A1999.01.0239%3Abook%3D2,medium,The coordinate-bounded cell replaces a modern current index with a classical Atlantic frame.,false
location,atlantic_southcurrent18,atlantic_south_province,sea,Remote Saltwind Passage,Latin classical ocean / coordinate descriptor,coordinate-bounded classical maritime construction,installed:in_game/map_data/location_templates.txt;GEO-PROXY;https://www.perseus.tufts.edu/hopper/text?doc=Perseus%3Atext%3A1999.01.0239%3Abook%3D2,medium,The coordinate-bounded cell replaces a modern current index with a classical Atlantic frame.,false
location,atlantic_southcurrent19,atlantic_south_province,sea,Remote Tidal Sound,Latin classical ocean / coordinate descriptor,coordinate-bounded classical maritime construction,installed:in_game/map_data/location_templates.txt;GEO-PROXY;https://www.perseus.tufts.edu/hopper/text?doc=Perseus%3Atext%3A1999.01.0239%3Abook%3D2,medium,The coordinate-bounded cell replaces a modern current index with a classical Atlantic frame.,false
location,atlantic_southcurrent2,atlantic_south_province,sea,Remote Coral Seaway,Latin classical ocean / coordinate descriptor,coordinate-bounded classical maritime construction,installed:in_game/map_data/location_templates.txt;GEO-PROXY;https://www.perseus.tufts.edu/hopper/text?doc=Perseus%3Atext%3A1999.01.0239%3Abook%3D2,medium,The coordinate-bounded cell replaces a modern current index with a classical Atlantic frame.,false
location,atlantic_southcurrent20,atlantic_south_province,sea,Windward Nearshore,Latin classical ocean / coordinate descriptor,coordinate-bounded classical maritime construction,installed:in_game/map_data/location_templates.txt;GEO-PROXY;https://www.perseus.tufts.edu/hopper/text?doc=Perseus%3Atext%3A1999.01.0239%3Abook%3D2,medium,The coordinate-bounded cell replaces a modern current index with a classical Atlantic frame.,false
location,atlantic_southcurrent21,atlantic_south_province,sea,Remote Roads,Latin classical ocean / coordinate descriptor,coordinate-bounded classical maritime construction,installed:in_game/map_data/location_templates.txt;GEO-PROXY;https://www.perseus.tufts.edu/hopper/text?doc=Perseus%3Atext%3A1999.01.0239%3Abook%3D2,medium,The coordinate-bounded cell replaces a modern current index with a classical Atlantic frame.,false
location,atlantic_southcurrent22,atlantic_south_province,sea,Remote Pearl Crossing,Latin classical ocean / coordinate descriptor,coordinate-bounded classical maritime construction,installed:in_game/map_data/location_templates.txt;GEO-PROXY;https://www.perseus.tufts.edu/hopper/text?doc=Perseus%3Atext%3A1999.01.0239%3Abook%3D2,medium,The coordinate-bounded cell replaces a modern current index with a classical Atlantic frame.,false
location,atlantic_southcurrent23,atlantic_south_province,sea,Windward Swell,Latin classical ocean / coordinate descriptor,coordinate-bounded classical maritime construction,installed:in_game/map_data/location_templates.txt;GEO-PROXY;https://www.perseus.tufts.edu/hopper/text?doc=Perseus%3Atext%3A1999.01.0239%3Abook%3D2,medium,The coordinate-bounded cell replaces a modern current index with a classical Atlantic frame.,false
location,atlantic_southcurrent24,atlantic_south_province,sea,Remote Reefward Sound,Latin classical ocean / coordinate descriptor,coordinate-bounded classical maritime construction,installed:in_game/map_data/location_templates.txt;GEO-PROXY;https://www.perseus.tufts.edu/hopper/text?doc=Perseus%3Atext%3A1999.01.0239%3Abook%3D2,medium,The coordinate-bounded cell replaces a modern current index with a classical Atlantic frame.,false
location,atlantic_southcurrent25,atlantic_south_province,sea,Remote Aethiopian Midwater,Latin classical ocean / coordinate descriptor,coordinate-bounded classical maritime construction,installed:in_game/map_data/location_templates.txt;GEO-PROXY;https://www.perseus.tufts.edu/hopper/text?doc=Perseus%3Atext%3A1999.01.0239%3Abook%3D2,medium,The coordinate-bounded cell replaces a modern current index with a classical Atlantic frame.,false
location,atlantic_southcurrent26,atlantic_south_province,sea,Remote Pearl Fairway,Latin classical ocean / coordinate descriptor,coordinate-bounded classical maritime construction,installed:in_game/map_data/location_templates.txt;GEO-PROXY;https://www.perseus.tufts.edu/hopper/text?doc=Perseus%3Atext%3A1999.01.0239%3Abook%3D2,medium,The coordinate-bounded cell replaces a modern current index with a classical Atlantic frame.,false
location,atlantic_southcurrent27,atlantic_south_province,sea,Remote Offshore Seaway,Latin classical ocean / coordinate descriptor,coordinate-bounded classical maritime construction,installed:in_game/map_data/location_templates.txt;GEO-PROXY;https://www.perseus.tufts.edu/hopper/text?doc=Perseus%3Atext%3A1999.01.0239%3Abook%3D2,medium,The coordinate-bounded cell replaces a modern current index with a classical Atlantic frame.,false
location,atlantic_southcurrent28,atlantic_south_province,sea,Remote Aethiopian Bluewater,Latin classical ocean / coordinate descriptor,coordinate-bounded classical maritime construction,installed:in_game/map_data/location_templates.txt;GEO-PROXY;https://www.perseus.tufts.edu/hopper/text?doc=Perseus%3Atext%3A1999.01.0239%3Abook%3D2,medium,The coordinate-bounded cell replaces a modern current index with a classical Atlantic frame.,false
location,atlantic_southcurrent29,atlantic_south_province,sea,Remote Shelfward Bight,Latin classical ocean / coordinate descriptor,coordinate-bounded classical maritime construction,installed:in_game/map_data/location_templates.txt;GEO-PROXY;https://www.perseus.tufts.edu/hopper/text?doc=Perseus%3Atext%3A1999.01.0239%3Abook%3D2,medium,The coordinate-bounded cell replaces a modern current index with a classical Atlantic frame.,false
location,atlantic_southcurrent3,atlantic_south_province,sea,Remote Aethiopian Shelfward,Latin classical ocean / coordinate descriptor,coordinate-bounded classical maritime construction,installed:in_game/map_data/location_templates.txt;GEO-PROXY;https://www.perseus.tufts.edu/hopper/text?doc=Perseus%3Atext%3A1999.01.0239%3Abook%3D2,medium,The coordinate-bounded cell replaces a modern current index with a classical Atlantic frame.,false
location,atlantic_southcurrent30,atlantic_south_province,sea,Northeastern Ocean,Latin classical ocean / coordinate descriptor,coordinate-bounded classical maritime construction,installed:in_game/map_data/location_templates.txt;GEO-PROXY;https://www.perseus.tufts.edu/hopper/text?doc=Perseus%3Atext%3A1999.01.0239%3Abook%3D2,medium,The coordinate-bounded cell replaces a modern current index with a classical Atlantic frame.,false
location,atlantic_southcurrent31,atlantic_south_province,sea,Windward Bluewater,Latin classical ocean / coordinate descriptor,coordinate-bounded classical maritime construction,installed:in_game/map_data/location_templates.txt;GEO-PROXY;https://www.perseus.tufts.edu/hopper/text?doc=Perseus%3Atext%3A1999.01.0239%3Abook%3D2,medium,The coordinate-bounded cell replaces a modern current index with a classical Atlantic frame.,false
location,atlantic_southcurrent32,atlantic_south_province,sea,Leeward Midwater,Latin classical ocean / coordinate descriptor,coordinate-bounded classical maritime construction,installed:in_game/map_data/location_templates.txt;GEO-PROXY;https://www.perseus.tufts.edu/hopper/text?doc=Perseus%3Atext%3A1999.01.0239%3Abook%3D2,medium,The coordinate-bounded cell replaces a modern current index with a classical Atlantic frame.,false
location,atlantic_southcurrent33,atlantic_south_province,sea,Aethiopian Oceanward Seaway,Latin classical ocean / coordinate descriptor,coordinate-bounded classical maritime construction,installed:in_game/map_data/location_templates.txt;GEO-PROXY;https://www.perseus.tufts.edu/hopper/text?doc=Perseus%3Atext%3A1999.01.0239%3Abook%3D2,medium,The coordinate-bounded cell replaces a modern current index with a classical Atlantic frame.,false
location,atlantic_southcurrent34,atlantic_south_province,sea,Bluewater Roads,Latin classical ocean / coordinate descriptor,coordinate-bounded classical maritime construction,installed:in_game/map_data/location_templates.txt;GEO-PROXY;https://www.perseus.tufts.edu/hopper/text?doc=Perseus%3Atext%3A1999.01.0239%3Abook%3D2,medium,The coordinate-bounded cell replaces a modern current index with a classical Atlantic frame.,false
location,atlantic_southcurrent35,atlantic_south_province,sea,Remote Shallow,Latin classical ocean / coordinate descriptor,coordinate-bounded classical maritime construction,installed:in_game/map_data/location_templates.txt;GEO-PROXY;https://www.perseus.tufts.edu/hopper/text?doc=Perseus%3Atext%3A1999.01.0239%3Abook%3D2,medium,The coordinate-bounded cell replaces a modern current index with a classical Atlantic frame.,false
location,atlantic_southcurrent36,atlantic_south_province,sea,Northwestern Ocean,Latin classical ocean / coordinate descriptor,coordinate-bounded classical maritime construction,installed:in_game/map_data/location_templates.txt;GEO-PROXY;https://www.perseus.tufts.edu/hopper/text?doc=Perseus%3Atext%3A1999.01.0239%3Abook%3D2,medium,The coordinate-bounded cell replaces a modern current index with a classical Atlantic frame.,false
location,atlantic_southcurrent37,atlantic_south_province,sea,Remote Shallow Sound,Latin classical ocean / coordinate descriptor,coordinate-bounded classical maritime construction,installed:in_game/map_data/location_templates.txt;GEO-PROXY;https://www.perseus.tufts.edu/hopper/text?doc=Perseus%3Atext%3A1999.01.0239%3Abook%3D2,medium,The coordinate-bounded cell replaces a modern current index with a classical Atlantic frame.,false
location,atlantic_southcurrent38,atlantic_south_province,sea,Remote Midwater,Latin classical ocean / coordinate descriptor,coordinate-bounded classical maritime construction,installed:in_game/map_data/location_templates.txt;GEO-PROXY;https://www.perseus.tufts.edu/hopper/text?doc=Perseus%3Atext%3A1999.01.0239%3Abook%3D2,medium,The coordinate-bounded cell replaces a modern current index with a classical Atlantic frame.,false
location,atlantic_southcurrent39,atlantic_south_province,sea,Remote Aethiopian Offshore,Latin classical ocean / coordinate descriptor,coordinate-bounded classical maritime construction,installed:in_game/map_data/location_templates.txt;GEO-PROXY;https://www.perseus.tufts.edu/hopper/text?doc=Perseus%3Atext%3A1999.01.0239%3Abook%3D2,medium,The coordinate-bounded cell replaces a modern current index with a classical Atlantic frame.,false
location,atlantic_southcurrent4,atlantic_south_province,sea,Leeward Remote,Latin classical ocean / coordinate descriptor,coordinate-bounded classical maritime construction,installed:in_game/map_data/location_templates.txt;GEO-PROXY;https://www.perseus.tufts.edu/hopper/text?doc=Perseus%3Atext%3A1999.01.0239%3Abook%3D2,medium,The coordinate-bounded cell replaces a modern current index with a classical Atlantic frame.,false
location,atlantic_southcurrent40,atlantic_south_province,sea,Remote Coral Crossing,Latin classical ocean / coordinate descriptor,coordinate-bounded classical maritime construction,installed:in_game/map_data/location_templates.txt;GEO-PROXY;https://www.perseus.tufts.edu/hopper/text?doc=Perseus%3Atext%3A1999.01.0239%3Abook%3D2,medium,The coordinate-bounded cell replaces a modern current index with a classical Atlantic frame.,false
location,atlantic_southcurrent41,atlantic_south_province,sea,Inshore Roads,Latin classical ocean / coordinate descriptor,coordinate-bounded classical maritime construction,installed:in_game/map_data/location_templates.txt;GEO-PROXY;https://www.perseus.tufts.edu/hopper/text?doc=Perseus%3Atext%3A1999.01.0239%3Abook%3D2,medium,The coordinate-bounded cell replaces a modern current index with a classical Atlantic frame.,false
location,atlantic_southcurrent42,atlantic_south_province,sea,Remote Pearl Bight,Latin classical ocean / coordinate descriptor,coordinate-bounded classical maritime construction,installed:in_game/map_data/location_templates.txt;GEO-PROXY;https://www.perseus.tufts.edu/hopper/text?doc=Perseus%3Atext%3A1999.01.0239%3Abook%3D2,medium,The coordinate-bounded cell replaces a modern current index with a classical Atlantic frame.,false
location,atlantic_southcurrent43,atlantic_south_province,sea,Pearl Shoals,Latin classical ocean / coordinate descriptor,coordinate-bounded classical maritime construction,installed:in_game/map_data/location_templates.txt;GEO-PROXY;https://www.perseus.tufts.edu/hopper/text?doc=Perseus%3Atext%3A1999.01.0239%3Abook%3D2,medium,The coordinate-bounded cell replaces a modern current index with a classical Atlantic frame.,false
location,atlantic_southcurrent44,atlantic_south_province,sea,Windward Offshore,Latin classical ocean / coordinate descriptor,coordinate-bounded classical maritime construction,installed:in_game/map_data/location_templates.txt;GEO-PROXY;https://www.perseus.tufts.edu/hopper/text?doc=Perseus%3Atext%3A1999.01.0239%3Abook%3D2,medium,The coordinate-bounded cell replaces a modern current index with a classical Atlantic frame.,false
location,atlantic_southcurrent45,atlantic_south_province,sea,Remote Saltwind Seaway,Latin classical ocean / coordinate descriptor,coordinate-bounded classical maritime construction,installed:in_game/map_data/location_templates.txt;GEO-PROXY;https://www.perseus.tufts.edu/hopper/text?doc=Perseus%3Atext%3A1999.01.0239%3Abook%3D2,medium,The coordinate-bounded cell replaces a modern current index with a classical Atlantic frame.,false
location,atlantic_southcurrent46,atlantic_south_province,sea,Remote Offshore Passage,Latin classical ocean / coordinate descriptor,coordinate-bounded classical maritime construction,installed:in_game/map_data/location_templates.txt;GEO-PROXY;https://www.perseus.tufts.edu/hopper/text?doc=Perseus%3Atext%3A1999.01.0239%3Abook%3D2,medium,The coordinate-bounded cell replaces a modern current index with a classical Atlantic frame.,false
location,atlantic_southcurrent47,atlantic_south_province,sea,Remote Monsoon,Latin classical ocean / coordinate descriptor,coordinate-bounded classical maritime construction,installed:in_game/map_data/location_templates.txt;GEO-PROXY;https://www.perseus.tufts.edu/hopper/text?doc=Perseus%3Atext%3A1999.01.0239%3Abook%3D2,medium,The coordinate-bounded cell replaces a modern current index with a classical Atlantic frame.,false
location,atlantic_southcurrent48,atlantic_south_province,sea,Remote Reefward Bight,Latin classical ocean / coordinate descriptor,coordinate-bounded classical maritime construction,installed:in_game/map_data/location_templates.txt;GEO-PROXY;https://www.perseus.tufts.edu/hopper/text?doc=Perseus%3Atext%3A1999.01.0239%3Abook%3D2,medium,The coordinate-bounded cell replaces a modern current index with a classical Atlantic frame.,false
location,atlantic_southcurrent49,atlantic_south_province,sea,Remote Aethiopian Windward,Latin classical ocean / coordinate descriptor,coordinate-bounded classical maritime construction,installed:in_game/map_data/location_templates.txt;GEO-PROXY;https://www.perseus.tufts.edu/hopper/text?doc=Perseus%3Atext%3A1999.01.0239%3Abook%3D2,medium,The coordinate-bounded cell replaces a modern current index with a classical Atlantic frame.,false
location,atlantic_southcurrent5,atlantic_south_province,sea,Remote Bluewater Bight,Latin classical ocean / coordinate descriptor,coordinate-bounded classical maritime construction,installed:in_game/map_data/location_templates.txt;GEO-PROXY;https://www.perseus.tufts.edu/hopper/text?doc=Perseus%3Atext%3A1999.01.0239%3Abook%3D2,medium,The coordinate-bounded cell replaces a modern current index with a classical Atlantic frame.,false
location,atlantic_southcurrent50,atlantic_south_province,sea,Leeward Bluewater,Latin classical ocean / coordinate descriptor,coordinate-bounded classical maritime construction,installed:in_game/map_data/location_templates.txt;GEO-PROXY;https://www.perseus.tufts.edu/hopper/text?doc=Perseus%3Atext%3A1999.01.0239%3Abook%3D2,medium,The coordinate-bounded cell replaces a modern current index with a classical Atlantic frame.,false
location,atlantic_southcurrent51,atlantic_south_province,sea,Remote Monsoon Fairway,Latin classical ocean / coordinate descriptor,coordinate-bounded classical maritime construction,installed:in_game/map_data/location_templates.txt;GEO-PROXY;https://www.perseus.tufts.edu/hopper/text?doc=Perseus%3Atext%3A1999.01.0239%3Abook%3D2,medium,The coordinate-bounded cell replaces a modern current index with a classical Atlantic frame.,false
location,atlantic_southcurrent52,atlantic_south_province,sea,Western Southern Ocean,Latin classical ocean / coordinate descriptor,coordinate-bounded classical maritime construction,installed:in_game/map_data/location_templates.txt;GEO-PROXY;https://www.perseus.tufts.edu/hopper/text?doc=Perseus%3Atext%3A1999.01.0239%3Abook%3D2,medium,The coordinate-bounded cell replaces a modern current index with a classical Atlantic frame.,false
location,atlantic_southcurrent53,atlantic_south_province,sea,Remote Aethiopian,Latin classical ocean / coordinate descriptor,coordinate-bounded classical maritime construction,installed:in_game/map_data/location_templates.txt;GEO-PROXY;https://www.perseus.tufts.edu/hopper/text?doc=Perseus%3Atext%3A1999.01.0239%3Abook%3D2,medium,The coordinate-bounded cell replaces a modern current index with a classical Atlantic frame.,false
location,atlantic_southcurrent54,atlantic_south_province,sea,Windward Remote,Latin classical ocean / coordinate descriptor,coordinate-bounded classical maritime construction,installed:in_game/map_data/location_templates.txt;GEO-PROXY;https://www.perseus.tufts.edu/hopper/text?doc=Perseus%3Atext%3A1999.01.0239%3Abook%3D2,medium,The coordinate-bounded cell replaces a modern current index with a classical Atlantic frame.,false
location,atlantic_southcurrent55,atlantic_south_province,sea,Aethiopian Stormward Shoals,Latin classical ocean / coordinate descriptor,coordinate-bounded classical maritime construction,installed:in_game/map_data/location_templates.txt;GEO-PROXY;https://www.perseus.tufts.edu/hopper/text?doc=Perseus%3Atext%3A1999.01.0239%3Abook%3D2,medium,The coordinate-bounded cell replaces a modern current index with a classical Atlantic frame.,false
location,atlantic_southcurrent56,atlantic_south_province,sea,Windward Aethiopian,Latin classical ocean / coordinate descriptor,coordinate-bounded classical maritime construction,installed:in_game/map_data/location_templates.txt;GEO-PROXY;https://www.perseus.tufts.edu/hopper/text?doc=Perseus%3Atext%3A1999.01.0239%3Abook%3D2,medium,The coordinate-bounded cell replaces a modern current index with a classical Atlantic frame.,false
location,atlantic_southcurrent57,atlantic_south_province,sea,Remote Aethiopian Current,Latin classical ocean / coordinate descriptor,coordinate-bounded classical maritime construction,installed:in_game/map_data/location_templates.txt;GEO-PROXY;https://www.perseus.tufts.edu/hopper/text?doc=Perseus%3Atext%3A1999.01.0239%3Abook%3D2,medium,The coordinate-bounded cell replaces a modern current index with a classical Atlantic frame.,false
location,atlantic_southcurrent58,atlantic_south_province,sea,Remote Swell,Latin classical ocean / coordinate descriptor,coordinate-bounded classical maritime construction,installed:in_game/map_data/location_templates.txt;GEO-PROXY;https://www.perseus.tufts.edu/hopper/text?doc=Perseus%3Atext%3A1999.01.0239%3Abook%3D2,medium,The coordinate-bounded cell replaces a modern current index with a classical Atlantic frame.,false
location,atlantic_southcurrent59,atlantic_south_province,sea,Windward Pearl,Latin classical ocean / coordinate descriptor,coordinate-bounded classical maritime construction,installed:in_game/map_data/location_templates.txt;GEO-PROXY;https://www.perseus.tufts.edu/hopper/text?doc=Perseus%3Atext%3A1999.01.0239%3Abook%3D2,medium,The coordinate-bounded cell replaces a modern current index with a classical Atlantic frame.,false
location,atlantic_southcurrent6,atlantic_south_province,sea,Windward Deepwater,Latin classical ocean / coordinate descriptor,coordinate-bounded classical maritime construction,installed:in_game/map_data/location_templates.txt;GEO-PROXY;https://www.perseus.tufts.edu/hopper/text?doc=Perseus%3Atext%3A1999.01.0239%3Abook%3D2,medium,The coordinate-bounded cell replaces a modern current index with a classical Atlantic frame.,false
location,atlantic_southcurrent60,atlantic_south_province,sea,Leeward Sheltered,Latin classical ocean / coordinate descriptor,coordinate-bounded classical maritime construction,installed:in_game/map_data/location_templates.txt;GEO-PROXY;https://www.perseus.tufts.edu/hopper/text?doc=Perseus%3Atext%3A1999.01.0239%3Abook%3D2,medium,The coordinate-bounded cell replaces a modern current index with a classical Atlantic frame.,false
location,atlantic_southcurrent61,atlantic_south_province,sea,Windward Inshore,Latin classical ocean / coordinate descriptor,coordinate-bounded classical maritime construction,installed:in_game/map_data/location_templates.txt;GEO-PROXY;https://www.perseus.tufts.edu/hopper/text?doc=Perseus%3Atext%3A1999.01.0239%3Abook%3D2,medium,The coordinate-bounded cell replaces a modern current index with a classical Atlantic frame.,false
location,atlantic_southcurrent62,atlantic_south_province,sea,Remote Coral Offing,Latin classical ocean / coordinate descriptor,coordinate-bounded classical maritime construction,installed:in_game/map_data/location_templates.txt;GEO-PROXY;https://www.perseus.tufts.edu/hopper/text?doc=Perseus%3Atext%3A1999.01.0239%3Abook%3D2,medium,The coordinate-bounded cell replaces a modern current index with a classical Atlantic frame.,false
location,atlantic_southcurrent7,atlantic_south_province,sea,Remote Aethiopian Leeward,Latin classical ocean / coordinate descriptor,coordinate-bounded classical maritime construction,installed:in_game/map_data/location_templates.txt;GEO-PROXY;https://www.perseus.tufts.edu/hopper/text?doc=Perseus%3Atext%3A1999.01.0239%3Abook%3D2,medium,The coordinate-bounded cell replaces a modern current index with a classical Atlantic frame.,false
location,atlantic_southcurrent8,atlantic_south_province,sea,Leeward Monsoon,Latin classical ocean / coordinate descriptor,coordinate-bounded classical maritime construction,installed:in_game/map_data/location_templates.txt;GEO-PROXY;https://www.perseus.tufts.edu/hopper/text?doc=Perseus%3Atext%3A1999.01.0239%3Abook%3D2,medium,The coordinate-bounded cell replaces a modern current index with a classical Atlantic frame.,false
location,atlantic_southcurrent9,atlantic_south_province,sea,Pearl Swell,Latin classical ocean / coordinate descriptor,coordinate-bounded classical maritime construction,installed:in_game/map_data/location_templates.txt;GEO-PROXY;https://www.perseus.tufts.edu/hopper/text?doc=Perseus%3Atext%3A1999.01.0239%3Abook%3D2,medium,The coordinate-bounded cell replaces a modern current index with a classical Atlantic frame.,false
location,atlantic_southequatorialcurrent1,atlantic_south_equatorial_province,sea,Coral Strait,Latin classical ocean / coordinate descriptor,coordinate-bounded classical maritime construction,installed:in_game/map_data/location_templates.txt;GEO-PROXY;https://www.perseus.tufts.edu/hopper/text?doc=Perseus%3Atext%3A1999.01.0239%3Abook%3D2,medium,The coordinate-bounded cell replaces a modern current index with a classical Atlantic frame.,false
location,atlantic_southequatorialcurrent10,atlantic_south_equatorial_province,sea,Current Channel,Latin classical ocean / coordinate descriptor,coordinate-bounded classical maritime construction,installed:in_game/map_data/location_templates.txt;GEO-PROXY;https://www.perseus.tufts.edu/hopper/text?doc=Perseus%3Atext%3A1999.01.0239%3Abook%3D2,medium,The coordinate-bounded cell replaces a modern current index with a classical Atlantic frame.,false
location,atlantic_southequatorialcurrent11,atlantic_south_equatorial_province,sea,Current Pelagic Seaway,Latin classical ocean / coordinate descriptor,coordinate-bounded classical maritime construction,installed:in_game/map_data/location_templates.txt;GEO-PROXY;https://www.perseus.tufts.edu/hopper/text?doc=Perseus%3Atext%3A1999.01.0239%3Abook%3D2,medium,The coordinate-bounded cell replaces a modern current index with a classical Atlantic frame.,false
location,atlantic_southequatorialcurrent12,atlantic_south_equatorial_province,sea,Current Estuarine,Latin classical ocean / coordinate descriptor,coordinate-bounded classical maritime construction,installed:in_game/map_data/location_templates.txt;GEO-PROXY;https://www.perseus.tufts.edu/hopper/text?doc=Perseus%3Atext%3A1999.01.0239%3Abook%3D2,medium,The coordinate-bounded cell replaces a modern current index with a classical Atlantic frame.,false
location,atlantic_southequatorialcurrent13,atlantic_south_equatorial_province,sea,Equatorial Current,Latin classical ocean / coordinate descriptor,coordinate-bounded classical maritime construction,installed:in_game/map_data/location_templates.txt;GEO-PROXY;https://www.perseus.tufts.edu/hopper/text?doc=Perseus%3Atext%3A1999.01.0239%3Abook%3D2,medium,The coordinate-bounded cell replaces a modern current index with a classical Atlantic frame.,false
location,atlantic_southequatorialcurrent14,atlantic_south_equatorial_province,sea,Reefward Roads,Latin classical ocean / coordinate descriptor,coordinate-bounded classical maritime construction,installed:in_game/map_data/location_templates.txt;GEO-PROXY;https://www.perseus.tufts.edu/hopper/text?doc=Perseus%3Atext%3A1999.01.0239%3Abook%3D2,medium,The coordinate-bounded cell replaces a modern current index with a classical Atlantic frame.,false
location,atlantic_southequatorialcurrent15,atlantic_south_equatorial_province,sea,Windward Current,Latin classical ocean / coordinate descriptor,coordinate-bounded classical maritime construction,installed:in_game/map_data/location_templates.txt;GEO-PROXY;https://www.perseus.tufts.edu/hopper/text?doc=Perseus%3Atext%3A1999.01.0239%3Abook%3D2,medium,The coordinate-bounded cell replaces a modern current index with a classical Atlantic frame.,false
location,atlantic_southequatorialcurrent16,atlantic_south_equatorial_province,sea,Windward Aequinoctial,Latin classical ocean / coordinate descriptor,coordinate-bounded classical maritime construction,installed:in_game/map_data/location_templates.txt;GEO-PROXY;https://www.perseus.tufts.edu/hopper/text?doc=Perseus%3Atext%3A1999.01.0239%3Abook%3D2,medium,The coordinate-bounded cell replaces a modern current index with a classical Atlantic frame.,false
location,atlantic_southequatorialcurrent17,atlantic_south_equatorial_province,sea,Windward Roads,Latin classical ocean / coordinate descriptor,coordinate-bounded classical maritime construction,installed:in_game/map_data/location_templates.txt;GEO-PROXY;https://www.perseus.tufts.edu/hopper/text?doc=Perseus%3Atext%3A1999.01.0239%3Abook%3D2,medium,The coordinate-bounded cell replaces a modern current index with a classical Atlantic frame.,false
location,atlantic_southequatorialcurrent18,atlantic_south_equatorial_province,sea,West Current,Latin classical ocean / coordinate descriptor,coordinate-bounded classical maritime construction,installed:in_game/map_data/location_templates.txt;GEO-PROXY;https://www.perseus.tufts.edu/hopper/text?doc=Perseus%3Atext%3A1999.01.0239%3Abook%3D2,medium,The coordinate-bounded cell replaces a modern current index with a classical Atlantic frame.,false
location,atlantic_southequatorialcurrent19,atlantic_south_equatorial_province,sea,Current Approaches,Latin classical ocean / coordinate descriptor,coordinate-bounded classical maritime construction,installed:in_game/map_data/location_templates.txt;GEO-PROXY;https://www.perseus.tufts.edu/hopper/text?doc=Perseus%3Atext%3A1999.01.0239%3Abook%3D2,medium,The coordinate-bounded cell replaces a modern current index with a classical Atlantic frame.,false
location,atlantic_southequatorialcurrent2,atlantic_south_equatorial_province,sea,Current Estuarine Bight,Latin classical ocean / coordinate descriptor,coordinate-bounded classical maritime construction,installed:in_game/map_data/location_templates.txt;GEO-PROXY;https://www.perseus.tufts.edu/hopper/text?doc=Perseus%3Atext%3A1999.01.0239%3Abook%3D2,medium,The coordinate-bounded cell replaces a modern current index with a classical Atlantic frame.,false
location,atlantic_southequatorialcurrent20,atlantic_south_equatorial_province,sea,Current Deepwater Crossing,Latin classical ocean / coordinate descriptor,coordinate-bounded classical maritime construction,installed:in_game/map_data/location_templates.txt;GEO-PROXY;https://www.perseus.tufts.edu/hopper/text?doc=Perseus%3Atext%3A1999.01.0239%3Abook%3D2,medium,The coordinate-bounded cell replaces a modern current index with a classical Atlantic frame.,false
location,atlantic_southequatorialcurrent21,atlantic_south_equatorial_province,sea,Current Pearl Crossing,Latin classical ocean / coordinate descriptor,coordinate-bounded classical maritime construction,installed:in_game/map_data/location_templates.txt;GEO-PROXY;https://www.perseus.tufts.edu/hopper/text?doc=Perseus%3Atext%3A1999.01.0239%3Abook%3D2,medium,The coordinate-bounded cell replaces a modern current index with a classical Atlantic frame.,false
location,atlantic_southequatorialcurrent22,atlantic_south_equatorial_province,sea,Current Strait,Latin classical ocean / coordinate descriptor,coordinate-bounded classical maritime construction,installed:in_game/map_data/location_templates.txt;GEO-PROXY;https://www.perseus.tufts.edu/hopper/text?doc=Perseus%3Atext%3A1999.01.0239%3Abook%3D2,medium,The coordinate-bounded cell replaces a modern current index with a classical Atlantic frame.,false
location,atlantic_southequatorialcurrent23,atlantic_south_equatorial_province,sea,Pelagic Shoals,Latin classical ocean / coordinate descriptor,coordinate-bounded classical maritime construction,installed:in_game/map_data/location_templates.txt;GEO-PROXY;https://www.perseus.tufts.edu/hopper/text?doc=Perseus%3Atext%3A1999.01.0239%3Abook%3D2,medium,The coordinate-bounded cell replaces a modern current index with a classical Atlantic frame.,false
location,atlantic_southequatorialcurrent24,atlantic_south_equatorial_province,sea,Leeward Current,Latin classical ocean / coordinate descriptor,coordinate-bounded classical maritime construction,installed:in_game/map_data/location_templates.txt;GEO-PROXY;https://www.perseus.tufts.edu/hopper/text?doc=Perseus%3Atext%3A1999.01.0239%3Abook%3D2,medium,The coordinate-bounded cell replaces a modern current index with a classical Atlantic frame.,false
location,atlantic_southequatorialcurrent25,atlantic_south_equatorial_province,sea,Current Islandward Passage,Latin classical ocean / coordinate descriptor,coordinate-bounded classical maritime construction,installed:in_game/map_data/location_templates.txt;GEO-PROXY;https://www.perseus.tufts.edu/hopper/text?doc=Perseus%3Atext%3A1999.01.0239%3Abook%3D2,medium,The coordinate-bounded cell replaces a modern current index with a classical Atlantic frame.,false
location,atlantic_southequatorialcurrent26,atlantic_south_equatorial_province,sea,Current Islandward Seaway,Latin classical ocean / coordinate descriptor,coordinate-bounded classical maritime construction,installed:in_game/map_data/location_templates.txt;GEO-PROXY;https://www.perseus.tufts.edu/hopper/text?doc=Perseus%3Atext%3A1999.01.0239%3Abook%3D2,medium,The coordinate-bounded cell replaces a modern current index with a classical Atlantic frame.,false
location,atlantic_southequatorialcurrent27,atlantic_south_equatorial_province,sea,Current Tidal Sound,Latin classical ocean / coordinate descriptor,coordinate-bounded classical maritime construction,installed:in_game/map_data/location_templates.txt;GEO-PROXY;https://www.perseus.tufts.edu/hopper/text?doc=Perseus%3Atext%3A1999.01.0239%3Abook%3D2,medium,The coordinate-bounded cell replaces a modern current index with a classical Atlantic frame.,false
location,atlantic_southequatorialcurrent28,atlantic_south_equatorial_province,sea,Current Anchorage,Latin classical ocean / coordinate descriptor,coordinate-bounded classical maritime construction,installed:in_game/map_data/location_templates.txt;GEO-PROXY;https://www.perseus.tufts.edu/hopper/text?doc=Perseus%3Atext%3A1999.01.0239%3Abook%3D2,medium,The coordinate-bounded cell replaces a modern current index with a classical Atlantic frame.,false
location,atlantic_southequatorialcurrent29,atlantic_south_equatorial_province,sea,Current Roads,Latin classical ocean / coordinate descriptor,coordinate-bounded classical maritime construction,installed:in_game/map_data/location_templates.txt;GEO-PROXY;https://www.perseus.tufts.edu/hopper/text?doc=Perseus%3Atext%3A1999.01.0239%3Abook%3D2,medium,The coordinate-bounded cell replaces a modern current index with a classical Atlantic frame.,false
location,atlantic_southequatorialcurrent3,atlantic_south_equatorial_province,sea,Windward Equatorial Current,Latin classical ocean / coordinate descriptor,coordinate-bounded classical maritime construction,installed:in_game/map_data/location_templates.txt;GEO-PROXY;https://www.perseus.tufts.edu/hopper/text?doc=Perseus%3Atext%3A1999.01.0239%3Abook%3D2,medium,The coordinate-bounded cell replaces a modern current index with a classical Atlantic frame.,false
location,atlantic_southequatorialcurrent30,atlantic_south_equatorial_province,sea,Current Pearl Fairway,Latin classical ocean / coordinate descriptor,coordinate-bounded classical maritime construction,installed:in_game/map_data/location_templates.txt;GEO-PROXY;https://www.perseus.tufts.edu/hopper/text?doc=Perseus%3Atext%3A1999.01.0239%3Abook%3D2,medium,The coordinate-bounded cell replaces a modern current index with a classical Atlantic frame.,false
location,atlantic_southequatorialcurrent31,atlantic_south_equatorial_province,sea,Coral Swell,Latin classical ocean / coordinate descriptor,coordinate-bounded classical maritime construction,installed:in_game/map_data/location_templates.txt;GEO-PROXY;https://www.perseus.tufts.edu/hopper/text?doc=Perseus%3Atext%3A1999.01.0239%3Abook%3D2,medium,The coordinate-bounded cell replaces a modern current index with a classical Atlantic frame.,false
location,atlantic_southequatorialcurrent32,atlantic_south_equatorial_province,sea,Current Shallow,Latin classical ocean / coordinate descriptor,coordinate-bounded classical maritime construction,installed:in_game/map_data/location_templates.txt;GEO-PROXY;https://www.perseus.tufts.edu/hopper/text?doc=Perseus%3Atext%3A1999.01.0239%3Abook%3D2,medium,The coordinate-bounded cell replaces a modern current index with a classical Atlantic frame.,false
location,atlantic_southequatorialcurrent33,atlantic_south_equatorial_province,sea,Current Swell,Latin classical ocean / coordinate descriptor,coordinate-bounded classical maritime construction,installed:in_game/map_data/location_templates.txt;GEO-PROXY;https://www.perseus.tufts.edu/hopper/text?doc=Perseus%3Atext%3A1999.01.0239%3Abook%3D2,medium,The coordinate-bounded cell replaces a modern current index with a classical Atlantic frame.,false
location,atlantic_southequatorialcurrent34,atlantic_south_equatorial_province,sea,Current Sheltered Seaway,Latin classical ocean / coordinate descriptor,coordinate-bounded classical maritime construction,installed:in_game/map_data/location_templates.txt;GEO-PROXY;https://www.perseus.tufts.edu/hopper/text?doc=Perseus%3Atext%3A1999.01.0239%3Abook%3D2,medium,The coordinate-bounded cell replaces a modern current index with a classical Atlantic frame.,false
location,atlantic_southequatorialcurrent35,atlantic_south_equatorial_province,sea,Current Islandward Offing,Latin classical ocean / coordinate descriptor,coordinate-bounded classical maritime construction,installed:in_game/map_data/location_templates.txt;GEO-PROXY;https://www.perseus.tufts.edu/hopper/text?doc=Perseus%3Atext%3A1999.01.0239%3Abook%3D2,medium,The coordinate-bounded cell replaces a modern current index with a classical Atlantic frame.,false
location,atlantic_southequatorialcurrent36,atlantic_south_equatorial_province,sea,Current Monsoon Crossing,Latin classical ocean / coordinate descriptor,coordinate-bounded classical maritime construction,installed:in_game/map_data/location_templates.txt;GEO-PROXY;https://www.perseus.tufts.edu/hopper/text?doc=Perseus%3Atext%3A1999.01.0239%3Abook%3D2,medium,The coordinate-bounded cell replaces a modern current index with a classical Atlantic frame.,false
location,atlantic_southequatorialcurrent37,atlantic_south_equatorial_province,sea,Coral Shoals,Latin classical ocean / coordinate descriptor,coordinate-bounded classical maritime construction,installed:in_game/map_data/location_templates.txt;GEO-PROXY;https://www.perseus.tufts.edu/hopper/text?doc=Perseus%3Atext%3A1999.01.0239%3Abook%3D2,medium,The coordinate-bounded cell replaces a modern current index with a classical Atlantic frame.,false
location,atlantic_southequatorialcurrent38,atlantic_south_equatorial_province,sea,Current Pearl,Latin classical ocean / coordinate descriptor,coordinate-bounded classical maritime construction,installed:in_game/map_data/location_templates.txt;GEO-PROXY;https://www.perseus.tufts.edu/hopper/text?doc=Perseus%3Atext%3A1999.01.0239%3Abook%3D2,medium,The coordinate-bounded cell replaces a modern current index with a classical Atlantic frame.,false
location,atlantic_southequatorialcurrent39,atlantic_south_equatorial_province,sea,Current Coral Sound,Latin classical ocean / coordinate descriptor,coordinate-bounded classical maritime construction,installed:in_game/map_data/location_templates.txt;GEO-PROXY;https://www.perseus.tufts.edu/hopper/text?doc=Perseus%3Atext%3A1999.01.0239%3Abook%3D2,medium,The coordinate-bounded cell replaces a modern current index with a classical Atlantic frame.,false
location,atlantic_southequatorialcurrent4,atlantic_south_equatorial_province,sea,Shallow Anchorage,Latin classical ocean / coordinate descriptor,coordinate-bounded classical maritime construction,installed:in_game/map_data/location_templates.txt;GEO-PROXY;https://www.perseus.tufts.edu/hopper/text?doc=Perseus%3Atext%3A1999.01.0239%3Abook%3D2,medium,The coordinate-bounded cell replaces a modern current index with a classical Atlantic frame.,false
location,atlantic_southequatorialcurrent40,atlantic_south_equatorial_province,sea,Current Coral Bight,Latin classical ocean / coordinate descriptor,coordinate-bounded classical maritime construction,installed:in_game/map_data/location_templates.txt;GEO-PROXY;https://www.perseus.tufts.edu/hopper/text?doc=Perseus%3Atext%3A1999.01.0239%3Abook%3D2,medium,The coordinate-bounded cell replaces a modern current index with a classical Atlantic frame.,false
location,atlantic_southequatorialcurrent5,atlantic_south_equatorial_province,sea,Current Estuarine Sound,Latin classical ocean / coordinate descriptor,coordinate-bounded classical maritime construction,installed:in_game/map_data/location_templates.txt;GEO-PROXY;https://www.perseus.tufts.edu/hopper/text?doc=Perseus%3Atext%3A1999.01.0239%3Abook%3D2,medium,The coordinate-bounded cell replaces a modern current index with a classical Atlantic frame.,false
location,atlantic_southequatorialcurrent6,atlantic_south_equatorial_province,sea,Reefward Swell,Latin classical ocean / coordinate descriptor,coordinate-bounded classical maritime construction,installed:in_game/map_data/location_templates.txt;GEO-PROXY;https://www.perseus.tufts.edu/hopper/text?doc=Perseus%3Atext%3A1999.01.0239%3Abook%3D2,medium,The coordinate-bounded cell replaces a modern current index with a classical Atlantic frame.,false
location,atlantic_southequatorialcurrent7,atlantic_south_equatorial_province,sea,Current Deepwater,Latin classical ocean / coordinate descriptor,coordinate-bounded classical maritime construction,installed:in_game/map_data/location_templates.txt;GEO-PROXY;https://www.perseus.tufts.edu/hopper/text?doc=Perseus%3Atext%3A1999.01.0239%3Abook%3D2,medium,The coordinate-bounded cell replaces a modern current index with a classical Atlantic frame.,false
location,atlantic_southequatorialcurrent8,atlantic_south_equatorial_province,sea,Leeward Aequinoctial,Latin classical ocean / coordinate descriptor,coordinate-bounded classical maritime construction,installed:in_game/map_data/location_templates.txt;GEO-PROXY;https://www.perseus.tufts.edu/hopper/text?doc=Perseus%3Atext%3A1999.01.0239%3Abook%3D2,medium,The coordinate-bounded cell replaces a modern current index with a classical Atlantic frame.,false
location,atlantic_southequatorialcurrent9,atlantic_south_equatorial_province,sea,Current Deepwater Bight,Latin classical ocean / coordinate descriptor,coordinate-bounded classical maritime construction,installed:in_game/map_data/location_templates.txt;GEO-PROXY;https://www.perseus.tufts.edu/hopper/text?doc=Perseus%3Atext%3A1999.01.0239%3Abook%3D2,medium,The coordinate-bounded cell replaces a modern current index with a classical Atlantic frame.,false
location,atnatuu,athna_province,land,Atnatuu Ahtna River,ancient or local names / English,source-led local construction,installed:in_game/map_data/location_templates.txt;https://www.britannica.com/place/Copper-River-Alaska,medium,The label uses a local or ancient anchor within the researched AD 1 province frame.,false
location,atocpan,tlapacoya_province,land,Atocpan–Tlapacoya,ancient or local names / English,source-led local construction,installed:in_game/map_data/location_templates.txt;GEO-PROXY;https://www.britannica.com/place/Teotihuacan,medium,The label uses a local or ancient anchor within the researched AD 1 province frame.,false
location,atoj_wasin,ashca_province,land,Atoj-Wasin Andean Pastures,ancient or local names / English,source-led local construction,installed:in_game/map_data/location_templates.txt;GEO-PROXY;https://www.britannica.com/place/Gran-Chaco,medium,The label uses a local or ancient anchor within the researched AD 1 province frame.,false
location,atpazari,kocaeli_province,land,Sangarios Bithynian Fields,ancient or local names / English,source-led local construction,installed:in_game/map_data/location_templates.txt;GEO-PROXY;STR-ANA,medium,The label uses a local or ancient anchor within the researched AD 1 province frame.,false
location,atrakwaye,wyoming_province,land,Atrakwaye–Susquehanna,ancient or local names / English,source-led local construction,installed:in_game/map_data/location_templates.txt;NYSM-POINT;OAS-POINT,medium,The label uses a local or ancient anchor within the researched AD 1 province frame.,false
location,atrat,simbirsk_province,land,Sura–Atrat Gorodets Lands,ancient or local names / English,source-led local construction,installed:in_game/map_data/location_templates.txt;GEO-PROXY;ENC-NEEU,medium,The label uses a local or ancient anchor within the researched AD 1 province frame.,false
location,atri,abruzzo_ultra_province,land,Hatria Praetutian City,ancient or local names / English,source-led local construction,installed:in_game/map_data/location_templates.txt;https://www.perseus.tufts.edu/hopper/text?doc=Strab.+5.4&fromdoc=Perseus%3Atext%3A1999.01.0239;PLE;GEO-PROXY,medium,The label uses a local or ancient anchor within the researched AD 1 province frame.,false
location,atsa_kudok_wa,humboldt_province,land,Atsa-Kudok-Wa Humboldt,ancient or local names / English,source-led local construction,installed:in_game/map_data/location_templates.txt;GEO-PROXY;https://www.nps.gov/grba/learn/historyculture/index.htm,medium,The label uses a local or ancient anchor within the researched AD 1 province frame.,false
location,atsugewi,maidu_province,land,Atsugewi Pit-River Lands,ancient or local names / English,source-led local construction,installed:in_game/map_data/location_templates.txt;GEO-PROXY;https://www.nps.gov/labe/learn/historyculture/native-americans.htm,medium,The label uses a local or ancient anchor within the researched AD 1 province frame.,false
location,atsuta,ishikari_province,land,Ishikari–Atsuta Epi-Jōmon,ancient or local names / English,source-led local construction,installed:in_game/map_data/location_templates.txt;GEO-PROXY;https://www.britannica.com/topic/Jomon-culture,medium,The label uses a local or ancient anchor within the researched AD 1 province frame.,false
location,attaock,tesinigh_province,land,Attaock–Susquehanna Woodland,ancient or local names / English,source-led local construction,installed:in_game/map_data/location_templates.txt;GEO-PROXY;NYSM-POINT,medium,The label uses a local or ancient anchor within the researched AD 1 province frame.,false
location,attaqua,khari_karoo_province,land,Attaqua–Karoo Pastoral Lands,ancient or local names / English,source-led local construction,installed:in_game/map_data/location_templates.txt;GEO-PROXY;OUP-SOUTH-AFRICA,medium,The label uses a local or ancient anchor within the researched AD 1 province frame.,false
location,attawapiskat,attawapiskat_province,land,Attawapiskat Laurel River,ancient or local names / English,source-led local construction,installed:in_game/map_data/location_templates.txt;https://www.britannica.com/place/James-Bay,medium,The label uses a local or ancient anchor within the researched AD 1 province frame.,false
location,attawapiskat_lake,winisk_province,lake,Attawapiskat Laurel Lake,ancient or local names / English,source-led local lake construction,installed:in_game/map_data/location_templates.txt;GEO-PROXY;OAS-POINT,medium,The label uses a local or ancient anchor within the researched AD 1 province frame.,false
location,attawapiskat_lowlands,attawapiskat_province,land,Attawapiskat–Ekwan Lowlands,ancient or local names / English,source-led local construction,installed:in_game/map_data/location_templates.txt;https://www.britannica.com/place/James-Bay,medium,The label uses a local or ancient anchor within the researched AD 1 province frame.,false
location,attendorn,sauerland_province,land,Sugambrer–Lippe Germanic,ancient or local names / English,source-led local construction,installed:in_game/map_data/location_templates.txt;GEO-PROXY;TAC-GER;TAC-ANN-II,medium,The label uses a local or ancient anchor within the researched AD 1 province frame.,false
location,attequa,gouriqua_province,land,Attequa–Gouritz Pastoral,ancient or local names / English,source-led local construction,installed:in_game/map_data/location_templates.txt;OUP-SOUTH-AFRICA;GEO-PROXY,medium,The label uses a local or ancient anchor within the researched AD 1 province frame.,false
location,attikamagen,michikamau_province,land,Attikamagen Shield Wetlands,ancient or local names / English,source-led local construction,installed:in_game/map_data/location_templates.txt;GEO-PROXY;https://www.heritage.nf.ca/articles/aboriginal/recent-indian.php,medium,The label uses a local or ancient anchor within the researched AD 1 province frame.,false
location,attikamagen_lake,michikamau_province,lake,Attikamagen Shield Lake,ancient or local names / English,source-led local lake construction,installed:in_game/map_data/location_templates.txt;GEO-PROXY;https://www.heritage.nf.ca/articles/aboriginal/recent-indian.php,medium,The label uses a local or ancient anchor within the researched AD 1 province frame.,false
location,attock,peshawar_province,land,Indus–Taxila Ford,ancient or local names / English,source-led local construction,installed:in_game/map_data/location_templates.txt;GEO-PROXY;IRAN-GANDHARA,medium,The label uses a local or ancient anchor within the researched AD 1 province frame.,false
location,atuel,mamullmapu_province,land,Atuel–Mendoza Hunter-Pastoral,ancient or local names / English,source-led local construction,installed:in_game/map_data/location_templates.txt;GEO-PROXY;https://www.britannica.com/place/Patagonia-region-Argentina,medium,The label uses a local or ancient anchor within the researched AD 1 province frame.,false
location,atzaccan,coatzacoalco_province,land,Atzaccan Epi Lands,ancient or local names / English,source-led local construction,installed:in_game/map_data/location_templates.txt;GEO-PROXY;https://www.metmuseum.org/toah/hd/olmec/hd_olmec.htm,medium,The label uses a local or ancient anchor within the researched AD 1 province frame.,false
location,atzhaksy,upper_emba_province,land,Atzhaksy–Emba Sarmatian Plain,ancient or local names / English,source-led local construction,installed:in_game/map_data/location_templates.txt;GEO-PROXY;HAN-WR,medium,The label uses a local or ancient anchor within the researched AD 1 province frame.,false
location,au_sable_point,lake_superior_province,sea,Animikie–Au-Sable Freshwater,ancient or local names / English,source-led local maritime construction,installed:in_game/map_data/location_templates.txt;GEO-PROXY;https://www.britannica.com/place/Lake-Superior,medium,The label uses a local or ancient anchor within the researched AD 1 province frame.,false
location,aubusson,la_marche_province,land,Vienne–Lemovices Uplands,ancient or local names / English,source-led local construction,installed:in_game/map_data/location_templates.txt;GEO-PROXY;https://www.perseus.tufts.edu/hopper/text?doc=Strab.+4.2&fromdoc=Perseus%3Atext%3A1999.01.0239,medium,The label uses a local or ancient anchor within the researched AD 1 province frame.,false
location,aucanquilcha_volcano,uyuni_province,land,Aucanquilcha–Uyuni Heights,ancient or local names / English,source-led local construction,installed:in_game/map_data/location_templates.txt;GEO-PROXY;PER,medium,The label uses a local or ancient anchor within the researched AD 1 province frame.,false
location,auccapana,huaman_karpa_province,land,Auccapana–Huarpa Highland,ancient or local names / English,source-led local construction,installed:in_game/map_data/location_templates.txt;GEO-PROXY;https://www.metmuseum.org/toah/hd/huar/hd_huar.htm,medium,The label uses a local or ancient anchor within the researched AD 1 province frame.,false
location,auch,armagnac_province,land,Elimberris of the Ausci,ancient or local names / English,source-led local construction,installed:in_game/map_data/location_templates.txt;GEO-PROXY;STR-GAL;OCD-GAL,medium,The label uses a local or ancient anchor within the researched AD 1 province frame.,false
location,augsburg,eastern_upper_swabia_province,land,Augusta Vindelicum,ancient or local names / English,source-led local construction,installed:in_game/map_data/location_templates.txt;GEO-PROXY;https://www.perseus.tufts.edu/hopper/text?doc=Strab.+4.6&fromdoc=Perseus%3Atext%3A1999.01.0239,medium,The label uses a local or ancient anchor within the researched AD 1 province frame.,false
location,augustus,yawuru_warwa_province_coast,sea,Yawuru–Worrorra Augustus,ancient or local names / English,source-led local maritime construction,installed:in_game/map_data/location_templates.txt;https://aiatsis.gov.au/explore/map-indigenous-australia,medium,The label uses a local or ancient anchor within the researched AD 1 province frame.,false
location,aukwatowa,nama_province,land,Aukwatowa Nama Pastoral Lands,ancient or local names / English,source-led local construction,installed:in_game/map_data/location_templates.txt;OUP-SOUTH-AFRICA;CAM-SA-2024,medium,The label uses a local or ancient anchor within the researched AD 1 province frame.,false
location,aukwatowa_coast,nama_coast_province,sea,Aukwatowa Nama Coastal Waters,ancient or local names / English,source-led local maritime construction,installed:in_game/map_data/location_templates.txt;GEO-PROXY;OUP-SOUTH-AFRICA,medium,The label uses a local or ancient anchor within the researched AD 1 province frame.,false
location,aulatsivik,nunatsiavut_province,land,Aulatsivik Dorset Coastal,ancient or local names / English,source-led local construction,installed:in_game/map_data/location_templates.txt;GEO-PROXY;https://www.heritage.nf.ca/articles/aboriginal/palaeoeskimo-cultures.php,medium,The label uses a local or ancient anchor within the researched AD 1 province frame.,false
location,aulatsivik_island,labrador_coast_province,sea,Aulatsivik Dorset Island,ancient or local names / English,source-led local maritime construction,installed:in_game/map_data/location_templates.txt;GEO-PROXY;https://www.heritage.nf.ca/articles/aboriginal/palaeoeskimo-cultures.php,medium,The label uses a local or ancient anchor within the researched AD 1 province frame.,false
location,auleta,macaclita_province,land,Auleta–Meta Ceramic Lands,ancient or local names / English,source-led local construction,installed:in_game/map_data/location_templates.txt;GEO-PROXY;https://www.britannica.com/place/Gran-Chaco,medium,The label uses a local or ancient anchor within the researched AD 1 province frame.,false
location,aullagas,uyuni_province,land,Aullagas Poopó Pastures,ancient or local names / English,source-led local construction,installed:in_game/map_data/location_templates.txt;GEO-PROXY;PER,medium,The label uses a local or ancient anchor within the researched AD 1 province frame.,false
location,aulnay,upper_poitou_province,land,Lemonum–Pictones Northern,ancient or local names / English,source-led local construction,installed:in_game/map_data/location_templates.txt;GEO-PROXY;PER,medium,The label uses a local or ancient anchor within the researched AD 1 province frame.,false
location,aumale,caux_province,land,Caletes–Bresle Uplands,ancient or local names / English,source-led local construction,installed:in_game/map_data/location_templates.txt;https://www.perseus.tufts.edu/hopper/text?doc=Perseus%3Atext%3A1999.01.0239%3Abook%3D4,medium,The label uses a local or ancient anchor within the researched AD 1 province frame.,false
location,aundh,southern_desh,land,Karha–Sātavāhana Fields,ancient or local names / English,source-led local construction,installed:in_game/map_data/location_templates.txt;GEO-PROXY;https://www.britannica.com/place/Maharashtra/History,medium,The label uses a local or ancient anchor within the researched AD 1 province frame.,false
location,auneau,chartrain_province,land,Carnutes–Autura Fields,ancient or local names / English,source-led local construction,installed:in_game/map_data/location_templates.txt;https://www.perseus.tufts.edu/hopper/text?doc=Perseus%3Atext%3A1999.01.0239%3Abook%3D4,medium,The label uses a local or ancient anchor within the researched AD 1 province frame.,false
location,aunona,stadacona_province,land,Aunona–Stadacona Laurentian,ancient or local names / English,source-led local construction,installed:in_game/map_data/location_templates.txt;GEO-PROXY;https://scholarlypress.si.edu/store/all/subsistence-economies-of-indigenous-north-american-societies-a-handbook/,medium,The label uses a local or ancient anchor within the researched AD 1 province frame.,false
location,aupouri,northland_province,land,Aotearoa Plain,ancient or local names / English,source-led local construction,installed:in_game/map_data/location_templates.txt;GEO-PROXY;https://www.britannica.com/place/New-Zealand/History,medium,The label uses a local or ancient anchor within the researched AD 1 province frame.,false
location,aupuhkirakanewe,meskousing_province,land,Aupuhkirakanewe–Wisconsin,ancient or local names / English,source-led local construction,installed:in_game/map_data/location_templates.txt;GEO-PROXY;https://www.wisconsinhistory.org/Records/Article/CS383,medium,The label uses a local or ancient anchor within the researched AD 1 province frame.,false
location,auqajikuna,ashca_province,land,Auqajikuna Andean Pastures,ancient or local names / English,source-led local construction,installed:in_game/map_data/location_templates.txt;GEO-PROXY;https://www.britannica.com/place/Gran-Chaco,medium,The label uses a local or ancient anchor within the researched AD 1 province frame.,false
location,aur_atoll,ratak_province,land,Aur–Ratak Island Settlements,ancient or local names / English,source-led local construction,installed:in_game/map_data/location_templates.txt;GEO-PROXY;CAM-LAP,medium,The label uses a local or ancient anchor within the researched AD 1 province frame.,false
location,aur_coast,mili_sea_zones_province,sea,Aur-Mili Reef Passage,ancient or local names / English,source-led local maritime construction,installed:in_game/map_data/location_templates.txt;GEO-PROXY;https://www.britannica.com/place/Ratak-Chain,medium,The label uses a local or ancient anchor within the researched AD 1 province frame.,false
location,aurich,east_friesland_province,land,Amisia–Chauci Marshes,ancient or local names / English,source-led local construction,installed:in_game/map_data/location_templates.txt;GEO-PROXY;TAC-GER,medium,The label uses a local or ancient anchor within the researched AD 1 province frame.,false
location,aurillac,upper_auvergne_province,land,Arverni Upper-Cere Lands,ancient or local names / English,source-led local construction,installed:in_game/map_data/location_templates.txt;GEO-PROXY;https://www.perseus.tufts.edu/hopper/text?doc=Strab.+4.2&fromdoc=Perseus%3Atext%3A1999.01.0239,medium,The label uses a local or ancient anchor within the researched AD 1 province frame.,false
location,aurland,sogn_province,land,Aurland–Sogn Fjord Farms,ancient or local names / English,source-led local construction,installed:in_game/map_data/location_templates.txt;GEO-PROXY;https://www.britannica.com/place/Norway/Settlement,medium,The label uses a local or ancient anchor within the researched AD 1 province frame.,false
location,aurukun_coast,yadhaigana_province_coast,sea,Yadhaigana-Aurukun Bight,ancient or local names / English,source-led local maritime construction,installed:in_game/map_data/location_templates.txt;https://aiatsis.gov.au/explore/map-indigenous-australia,medium,The label uses a local or ancient anchor within the researched AD 1 province frame.,false
location,ausa,lower_marathwada,land,Aśmaka–Godavari Sātavāhana,ancient or local names / English,source-led local construction,installed:in_game/map_data/location_templates.txt;GEO-PROXY;https://www.britannica.com/topic/Satavahana-dynasty,medium,The label uses a local or ancient anchor within the researched AD 1 province frame.,false
location,austen_harbour,andaman_coast_province,sea,Southern Andaman Reef Passage,ancient or local names / English,source-led local maritime construction,installed:in_game/map_data/location_templates.txt;GEO-PROXY;https://www.britannica.com/place/Andaman-Sea,medium,The label uses a local or ancient anchor within the researched AD 1 province frame.,false
location,australia_highseas_1,yawuru_warwa_province_coast,sea,Yawuru–Worrorra Wilinggin,ancient continental name / coordinate descriptor,coordinate-bounded maritime construction,installed:in_game/map_data/location_templates.txt;GEO-PROXY,medium,The coordinate-bounded cell replaces a numbered high-sea placeholder with a Sahul maritime frame.,false
location,australia_highseas_10,ngalakan_province_coast,sea,Southeast Yolngu,ancient continental name / coordinate descriptor,coordinate-bounded maritime construction,installed:in_game/map_data/location_templates.txt;GEO-PROXY,medium,The coordinate-bounded cell replaces a numbered high-sea placeholder with a Sahul maritime frame.,false
location,australia_highseas_12,kukatj_province_coast,sea,Northwestern Kukatj Gulf,ancient continental name / coordinate descriptor,coordinate-bounded maritime construction,installed:in_game/map_data/location_templates.txt;GEO-PROXY,medium,The coordinate-bounded cell replaces a numbered high-sea placeholder with a Sahul maritime frame.,false
location,australia_highseas_13,yadhaigana_province_coast,sea,Yadhaigana–Torres Sahul Sea,ancient continental name / coordinate descriptor,coordinate-bounded maritime construction,installed:in_game/map_data/location_templates.txt;GEO-PROXY,medium,The coordinate-bounded cell replaces a numbered high-sea placeholder with a Sahul maritime frame.,false
location,australia_highseas_14,yupangathi_umbindhamu_province_coast,sea,Northwest Reef,ancient continental name / coordinate descriptor,coordinate-bounded maritime construction,installed:in_game/map_data/location_templates.txt;GEO-PROXY,medium,The coordinate-bounded cell replaces a numbered high-sea placeholder with a Sahul maritime frame.,false
location,australia_highseas_15,yupangathi_umbindhamu_province_coast,sea,Northeast Reef,ancient continental name / coordinate descriptor,coordinate-bounded maritime construction,installed:in_game/map_data/location_templates.txt;GEO-PROXY,medium,The coordinate-bounded cell replaces a numbered high-sea placeholder with a Sahul maritime frame.,false
location,australia_highseas_16,yupangathi_umbindhamu_province_coast,sea,Southeast Reef,ancient continental name / coordinate descriptor,coordinate-bounded maritime construction,installed:in_game/map_data/location_templates.txt;GEO-PROXY,medium,The coordinate-bounded cell replaces a numbered high-sea placeholder with a Sahul maritime frame.,false
location,australia_highseas_17,djabuganjdji_bindal_province_coast,sea,Gugu-Badhun–Ngaro,ancient continental name / coordinate descriptor,coordinate-bounded maritime construction,installed:in_game/map_data/location_templates.txt;GEO-PROXY,medium,The coordinate-bounded cell replaces a numbered high-sea placeholder with a Sahul maritime frame.,false
location,australia_highseas_18,djabuganjdji_bindal_province_coast,sea,Gugu,ancient continental name / coordinate descriptor,coordinate-bounded maritime construction,installed:in_game/map_data/location_templates.txt;GEO-PROXY,medium,The coordinate-bounded cell replaces a numbered high-sea placeholder with a Sahul maritime frame.,false
location,australia_highseas_19,djabuganjdji_bindal_province_coast,sea,Ngaro,ancient continental name / coordinate descriptor,coordinate-bounded maritime construction,installed:in_game/map_data/location_templates.txt;GEO-PROXY,medium,The coordinate-bounded cell replaces a numbered high-sea placeholder with a Sahul maritime frame.,false
location,australia_highseas_2,ngarinyin_jaminjung_province_coast,sea,Northwest Timor,ancient continental name / coordinate descriptor,coordinate-bounded maritime construction,installed:in_game/map_data/location_templates.txt;GEO-PROXY,medium,The coordinate-bounded cell replaces a numbered high-sea placeholder with a Sahul maritime frame.,false
location,australia_highseas_20,djabuganjdji_bindal_province_coast,sea,Gugu-Badhun–Ngaro Channel,ancient continental name / coordinate descriptor,coordinate-bounded maritime construction,installed:in_game/map_data/location_templates.txt;GEO-PROXY,medium,The coordinate-bounded cell replaces a numbered high-sea placeholder with a Sahul maritime frame.,false
