granularity,key,parent,kind,ad1_name,language,method,source,confidence,note,unchanged_verified
location,bife,suki_province,land,Fly Kiwai Early Alder Swale,local geographic stem / AD 1 archaeological-horizon label / English,horizon-landform reconstruction,installed:in_game/map_data/location_templates.txt;GEO-PROXY,medium,The geographic stem is placed in an AD 1 cultural horizon and physical setting without projecting a later town.,false
location,big_balkhan,uzboy_province,land,Chorasmia Uzboy Dahae Limestone Piedmont,ancient or indigenous name / English,reviewed ancient anchor or period landscape reconstruction,GEO-PROXY,medium,"A reviewed ancient settlement, people, archaeological horizon, or physical landscape replaces the later map label.",false
location,big_island,hudson_strait_sea_zones_province,sea,Northeastern Dorset Ungava Passage,ancient or indigenous name / English,reviewed ancient anchor or period landscape reconstruction,GEO-PROXY,medium,"A reviewed ancient settlement, people, archaeological horizon, or physical landscape replaces the later map label.",false
location,big_trout_lake,washeo_province,lake,Washoe Sierra Lake Country,ancient or indigenous name / English,reviewed ancient anchor or period landscape reconstruction,GEO-PROXY,medium,"A reviewed ancient settlement, people, archaeological horizon, or physical landscape replaces the later map label.",false
location,biga,biga_province,land,Troas Granicus Lands,ancient or indigenous name / English,reviewed ancient anchor or period landscape reconstruction,GEO-PROXY,medium,"A reviewed ancient settlement, people, archaeological horizon, or physical landscape replaces the later map label.",false
location,bigadic,karasi_province,land,Mysian Makestos Plain,ancient or indigenous name / English,reviewed ancient anchor or period landscape reconstruction,GEO-PROXY,medium,"A reviewed ancient settlement, people, archaeological horizon, or physical landscape replaces the later map label.",false
location,bigambul,wakgun_province,land,Condamine Balonne Hunter Flint Heath,local geographic stem / AD 1 archaeological-horizon label / English,horizon-landform reconstruction,installed:in_game/map_data/location_templates.txt;GEO-PROXY,medium,The geographic stem is placed in an AD 1 cultural horizon and physical setting without projecting a later town.,false
location,bigan,samtoy_province,land,Lingayen Ilocos Metal Karst Ridge,local geographic stem / AD 1 archaeological-horizon label / English,horizon-landform reconstruction,installed:in_game/map_data/location_templates.txt;GEO-PROXY,medium,The geographic stem is placed in an AD 1 cultural horizon and physical setting without projecting a later town.,false
location,bigan_gulf,bohol_coast_sea_province,sea,Philippine Inter Yavadvipa Saltwind Shoals,local geographic stem / AD 1 archaeological-horizon label / English,horizon-landform reconstruction,installed:in_game/map_data/location_templates.txt;GEO-PROXY,medium,The geographic stem is placed in an AD 1 cultural horizon and physical setting without projecting a later town.,false
location,biger,valley_of_the_lakes_province,land,Xiongnu Baidrag Orog Lava Shelf,local geographic stem / AD 1 archaeological-horizon label / English,horizon-landform reconstruction,installed:in_game/map_data/location_templates.txt;GEO-PROXY,medium,The geographic stem is placed in an AD 1 cultural horizon and physical setting without projecting a later town.,false
location,bigge,yawuru_warwa_province_coast,sea,Yawuru Worrorra Wilinggin Monsoon Passage,local maritime stem / English,physical-reach AD 1 reconstruction,GEO-PROXY,medium,"The water cell is distinguished by coastal, island, or open-water geography rather than a later jurisdiction.",false
location,bighorn_mountains,iisaxpuatahcheeaashe_province,land,Besant Badlands Interior Granite Foothills,ancient or indigenous name / English,reviewed ancient anchor or period landscape reconstruction,GEO-PROXY,medium,"A reviewed ancient settlement, people, archaeological horizon, or physical landscape replaces the later map label.",false
location,bight_ayodhya,ayodhya_coast_sea_province,sea,Chryse Chersonesus Kra Pearl Seaway,local geographic stem / AD 1 archaeological-horizon label / English,horizon-landform reconstruction,installed:in_game/map_data/location_templates.txt;GEO-PROXY,medium,The geographic stem is placed in an AD 1 cultural horizon and physical setting without projecting a later town.,false
location,bigo_bya_mugenyi,katonga_province,land,Nalubaale Katonga Urewe Limestone Shelf,local geographic stem / AD 1 archaeological-horizon label / English,horizon-landform reconstruction,installed:in_game/map_data/location_templates.txt;GEO-PROXY,medium,The geographic stem is placed in an AD 1 cultural horizon and physical setting without projecting a later town.,false
location,bih,tiz_province,land,Iranian Bih Hills,local geographic stem / AD 1 archaeological-horizon label / English,horizon-landform reconstruction,installed:in_game/map_data/location_templates.txt;GEO-PROXY,medium,The geographic stem is placed in an AD 1 cultural horizon and physical setting without projecting a later town.,false
location,bihac,una_sana_province,land,Iapodes Una Sana Fern Timberline,local geographic stem / AD 1 archaeological-horizon label / English,horizon-landform reconstruction,installed:in_game/map_data/location_templates.txt;GEO-PROXY,medium,The geographic stem is placed in an AD 1 cultural horizon and physical setting without projecting a later town.,false
location,bihar,bihar_province,land,Criș Tisza Dacian Flint Ridge,local geographic stem / AD 1 archaeological-horizon label / English,horizon-landform reconstruction,installed:in_game/map_data/location_templates.txt;GEO-PROXY,medium,The geographic stem is placed in an AD 1 cultural horizon and physical setting without projecting a later town.,false
location,bihar_sharif,patna_province,land,Pataliputra Magadha Videha Cypress Moor,local geographic stem / AD 1 archaeological-horizon label / English,horizon-landform reconstruction,installed:in_game/map_data/location_templates.txt;GEO-PROXY,medium,The geographic stem is placed in an AD 1 cultural horizon and physical setting without projecting a later town.,false
location,bihariganj,purnia_province,land,Kosi Mahānandā Videha Willow Thicket,local geographic stem / AD 1 archaeological-horizon label / English,horizon-landform reconstruction,installed:in_game/map_data/location_templates.txt;GEO-PROXY,medium,The geographic stem is placed in an AD 1 cultural horizon and physical setting without projecting a later town.,false
location,bii,greater_yenisei_province,land,Bii Woodlands,local geographic stem / AD 1 archaeological-horizon label / English,horizon-landform reconstruction,installed:in_game/map_data/location_templates.txt;GEO-PROXY,medium,The geographic stem is placed in an AD 1 cultural horizon and physical setting without projecting a later town.,false
location,bijagarh,nimar,land,Māhiṣmatī Narmadā Anupa Lava Foothills,local geographic stem / AD 1 archaeological-horizon label / English,horizon-landform reconstruction,installed:in_game/map_data/location_templates.txt;GEO-PROXY,medium,The geographic stem is placed in an AD 1 cultural horizon and physical setting without projecting a later town.,false
location,bijapur,kalyana_karnakassala,land,Sātavāhana Karnata Asmaka Granite Breaks,local geographic stem / AD 1 archaeological-horizon label / English,horizon-landform reconstruction,installed:in_game/map_data/location_templates.txt;GEO-PROXY,medium,The geographic stem is placed in an AD 1 cultural horizon and physical setting without projecting a later town.,false
location,bijar,bijar_province,land,Median Zagros Gurūs Sandstone Breaks,local geographic stem / AD 1 archaeological-horizon label / English,horizon-landform reconstruction,installed:in_game/map_data/location_templates.txt;GEO-PROXY,medium,The geographic stem is placed in an AD 1 cultural horizon and physical setting without projecting a later town.,false
location,bijni,baro_bhuyan_province,land,Prāgjyotiṣa Brahmaputra Ambari Cypress Thicket,local geographic stem / AD 1 archaeological-horizon label / English,horizon-landform reconstruction,installed:in_game/map_data/location_templates.txt;GEO-PROXY,medium,The geographic stem is placed in an AD 1 cultural horizon and physical setting without projecting a later town.,false
location,bijnot,cholistan_province,land,Sauvira Hakra Oases Oak Escarpment,local geographic stem / AD 1 archaeological-horizon label / English,horizon-landform reconstruction,installed:in_game/map_data/location_templates.txt;GEO-PROXY,medium,The geographic stem is placed in an AD 1 cultural horizon and physical setting without projecting a later town.,false
location,bikar_atoll,ratak_province,land,Majel Rat ak Reed Meadow,ancient or indigenous name / English,reviewed ancient anchor or period landscape reconstruction,GEO-PROXY,medium,"A reviewed ancient settlement, people, archaeological horizon, or physical landscape replaces the later map label.",false
location,bikar_coast_1,ratak_sea_zones_province,sea,Majel Rat ak Leeward Roads,local maritime stem / English,physical-reach AD 1 reconstruction,GEO-PROXY,medium,"The water cell is distinguished by coastal, island, or open-water geography rather than a later jurisdiction.",false
location,bikini_atoll,ralik_province,land,Rālik Oceanic Archipelagos Cypress Swale,ancient or indigenous name / English,reviewed ancient anchor or period landscape reconstruction,GEO-PROXY,medium,"A reviewed ancient settlement, people, archaeological horizon, or physical landscape replaces the later map label.",false
location,bikini_coast_1,ralik_sea_zones_province,sea,Rālik Ocean,local maritime stem / English,physical-reach AD 1 reconstruction,GEO-PROXY,medium,"The water cell is distinguished by coastal, island, or open-water geography rather than a later jurisdiction.",false
location,bikinka,greater_ussuri_province,land,Bikin Ussuri Yilou Juniper Hollow,local geographic stem / AD 1 archaeological-horizon label / English,horizon-landform reconstruction,installed:in_game/map_data/location_templates.txt;GEO-PROXY,medium,The geographic stem is placed in an AD 1 cultural horizon and physical setting without projecting a later town.,false
location,bikoro,bandundu_province,land,Kwango Kasai Ngovo Sage Shelf,local geographic stem / AD 1 archaeological-horizon label / English,horizon-landform reconstruction,installed:in_game/map_data/location_templates.txt;GEO-PROXY,medium,The geographic stem is placed in an AD 1 cultural horizon and physical setting without projecting a later town.,false
location,bikrampur,sonargaon_province,land,Gangaridai Meghna Brahmaputra Reed Moor,local geographic stem / AD 1 archaeological-horizon label / English,horizon-landform reconstruction,installed:in_game/map_data/location_templates.txt;GEO-PROXY,medium,The geographic stem is placed in an AD 1 cultural horizon and physical setting without projecting a later town.,false
location,bila,nuomin_province,land,Xianbei Yilou Nen Granite Shelf,local geographic stem / AD 1 archaeological-horizon label / English,horizon-landform reconstruction,installed:in_game/map_data/location_templates.txt;GEO-PROXY,medium,The geographic stem is placed in an AD 1 cultural horizon and physical setting without projecting a later town.,false
location,bila_tserkva,porossia_province,land,Ros Dnieper Zarubintsy Salt Fields,local geographic stem / AD 1 archaeological-horizon label / English,horizon-landform reconstruction,installed:in_game/map_data/location_templates.txt;GEO-PROXY,medium,The geographic stem is placed in an AD 1 cultural horizon and physical setting without projecting a later town.,false
location,bilah,pannai_province,land,Toba Barumun Batak Juniper Piedmont,local geographic stem / AD 1 archaeological-horizon label / English,horizon-landform reconstruction,installed:in_game/map_data/location_templates.txt;GEO-PROXY,medium,The geographic stem is placed in an AD 1 cultural horizon and physical setting without projecting a later town.,false
location,bilanga,boussouma_province,land,White Volta Nakambé Cedar Reach,local geographic stem / AD 1 archaeological-horizon label / English,horizon-landform reconstruction,installed:in_game/map_data/location_templates.txt;GEO-PROXY,medium,The geographic stem is placed in an AD 1 cultural horizon and physical setting without projecting a later town.,false
location,bilasuvar,mughan_province,land,Caspiane Mughan Albanian Peat Moor,local geographic stem / AD 1 archaeological-horizon label / English,horizon-landform reconstruction,installed:in_game/map_data/location_templates.txt;GEO-PROXY,medium,The geographic stem is placed in an AD 1 cultural horizon and physical setting without projecting a later town.,false
location,bilauktaung_range1,martaban_province,land,Salween Pyu Irrawaddy Basalt Foothills,local geographic stem / AD 1 archaeological-horizon label / English,horizon-landform reconstruction,installed:in_game/map_data/location_templates.txt;GEO-PROXY,medium,The geographic stem is placed in an AD 1 cultural horizon and physical setting without projecting a later town.,false
location,bilauktaung_range2,tenasserim_province,land,Northeastern Tavoy–Mergui Pyu Hills,local geographic stem / AD 1 archaeological-horizon label / English,horizon-landform reconstruction,installed:in_game/map_data/location_templates.txt;GEO-PROXY,medium,The geographic stem is placed in an AD 1 cultural horizon and physical setting without projecting a later town.,false
location,bilauktaung_range3,tenasserim_province,land,Southeastern Tavoy–Mergui Pyu Hills,local geographic stem / AD 1 archaeological-horizon label / English,horizon-landform reconstruction,installed:in_game/map_data/location_templates.txt;GEO-PROXY,medium,The geographic stem is placed in an AD 1 cultural horizon and physical setting without projecting a later town.,false
location,bilbao,biscay_province,land,Caristii Nervion Lands,ancient or indigenous name / English,reviewed ancient anchor or period landscape reconstruction,GEO-PROXY,medium,"A reviewed ancient settlement, people, archaeological horizon, or physical landscape replaces the later map label.",false
location,bilbeis,sharqiyya_province,land,Heliopolitan Eastern-Delta Lands,ancient or indigenous name / English,reviewed ancient anchor or period landscape reconstruction,GEO-PROXY,medium,"A reviewed ancient settlement, people, archaeological horizon, or physical landscape replaces the later map label.",false
location,bilecik,sultanonu_province,land,Bithynian Sangarius Uplands,ancient or indigenous name / English,reviewed ancient anchor or period landscape reconstruction,GEO-PROXY,medium,"A reviewed ancient settlement, people, archaeological horizon, or physical landscape replaces the later map label.",false
location,bilghah,al_hisu_province,land,Najd Basalt Arabian Basalt Escarpment,local geographic stem / AD 1 archaeological-horizon label / English,horizon-landform reconstruction,installed:in_game/map_data/location_templates.txt;GEO-PROXY,medium,The geographic stem is placed in an AD 1 cultural horizon and physical setting without projecting a later town.,false
location,bilgram,lucknow_province,land,Kosala Gomati Heartland Peat Reach,local geographic stem / AD 1 archaeological-horizon label / English,horizon-landform reconstruction,installed:in_game/map_data/location_templates.txt;GEO-PROXY,medium,The geographic stem is placed in an AD 1 cultural horizon and physical setting without projecting a later town.,false
location,biligiriranga,baramahal,land,Kongu Dharmapuri Tamilakam Lava Foothills,local geographic stem / AD 1 archaeological-horizon label / English,horizon-landform reconstruction,installed:in_game/map_data/location_templates.txt;GEO-PROXY,medium,The geographic stem is placed in an AD 1 cultural horizon and physical setting without projecting a later town.,false
location,bilikol_lake,akkol_province,lake,Wusun Karatau Seven Lava Floodwater,local hydronym / AD 1 horizon / English,horizon lake-country reconstruction,installed:in_game/map_data/location_templates.txt;GEO-PROXY,medium,The lake is placed in its AD 1 cultural and ecological landscape rather than treated as a later settlement.,false
location,bilinara,doolboong_province,land,Jaminjung Tanami Wilinggin Loess Piedmont,local geographic stem / AD 1 archaeological-horizon label / English,horizon-landform reconstruction,installed:in_game/map_data/location_templates.txt;GEO-PROXY,medium,The geographic stem is placed in an AD 1 cultural horizon and physical setting without projecting a later town.,false
location,billingham,northumberland_province,land,Brigantian Tees Marshlands,ancient or indigenous name / English,reviewed ancient anchor or period landscape reconstruction,GEO-PROXY,medium,"A reviewed ancient settlement, people, archaeological horizon, or physical landscape replaces the later map label.",false
location,bilma,kawar_province,land,Kawar Oasis Tibesti Amber Ridge,local geographic stem / AD 1 archaeological-horizon label / English,horizon-landform reconstruction,installed:in_game/map_data/location_templates.txt;GEO-PROXY,medium,The geographic stem is placed in an AD 1 cultural horizon and physical setting without projecting a later town.,false
location,bilo,damot_province,land,Omo Gibe Blue Granite Breaks,local geographic stem / AD 1 archaeological-horizon label / English,horizon-landform reconstruction,installed:in_game/map_data/location_templates.txt;GEO-PROXY,medium,The geographic stem is placed in an AD 1 cultural horizon and physical setting without projecting a later town.,false
location,bilodeau_point,anticosti_coast_sea_zones_province,sea,Innu Notiskuan Western Passage,ancient or indigenous name / English,reviewed ancient anchor or period landscape reconstruction,GEO-PROXY,medium,"A reviewed ancient settlement, people, archaeological horizon, or physical landscape replaces the later map label.",false
location,bilokorovychi,ovruch_province,land,Milograd Ubort Woodlands,ancient or indigenous name / English,reviewed ancient anchor or period landscape reconstruction,GEO-PROXY,medium,"A reviewed ancient settlement, people, archaeological horizon, or physical landscape replaces the later map label.",false
location,bilovodsk,bielska_sloboda_province,land,Scythian Aidar Steppe,ancient or indigenous name / English,reviewed ancient anchor or period landscape reconstruction,GEO-PROXY,medium,"A reviewed ancient settlement, people, archaeological horizon, or physical landscape replaces the later map label.",false
location,biloxi,oklafalaya_province,land,Hopewellian Pascagoula Coastlands,ancient or indigenous name / English,reviewed ancient anchor or period landscape reconstruction,GEO-PROXY,medium,"A reviewed ancient settlement, people, archaeological horizon, or physical landscape replaces the later map label.",false
location,biloxi_bay,eastern_gulf_coast_province,sea,Hopewellian Pascagoula Bay,ancient or indigenous name / English,reviewed ancient anchor or period landscape reconstruction,GEO-PROXY,medium,"A reviewed ancient settlement, people, archaeological horizon, or physical landscape replaces the later map label.",false
location,bilyar,bolghar_province,land,Volga Kama Pyanobor Amber Piedmont,local geographic stem / AD 1 archaeological-horizon label / English,horizon-landform reconstruction,installed:in_game/map_data/location_templates.txt;GEO-PROXY,medium,The geographic stem is placed in an AD 1 cultural horizon and physical setting without projecting a later town.,false
location,bima,sumbawa_province,land,Sumba Sumbawa Isles Granite Terraces,local geographic stem / AD 1 archaeological-horizon label / English,horizon-landform reconstruction,installed:in_game/map_data/location_templates.txt;GEO-PROXY,medium,The geographic stem is placed in an AD 1 cultural horizon and physical setting without projecting a later town.,false
location,bimbia,cameroon_province,land,Wouri Sanaga Coast Chalk Glen,local geographic stem / AD 1 archaeological-horizon label / English,horizon-landform reconstruction,installed:in_game/map_data/location_templates.txt;GEO-PROXY,medium,The geographic stem is placed in an AD 1 cultural horizon and physical setting without projecting a later town.,false
location,bimbilla,mamprusi_province,land,Oti White Volta Bracken Fields,local geographic stem / AD 1 archaeological-horizon label / English,horizon-landform reconstruction,installed:in_game/map_data/location_templates.txt;GEO-PROXY,medium,The geographic stem is placed in an AD 1 cultural horizon and physical setting without projecting a later town.,false
location,bimini_channel,bahamans_sea_zone,sea,Lucayan Bahama-Channel Waters,ancient or indigenous name / English,reviewed ancient anchor or period landscape reconstruction,GEO-PROXY,medium,"A reviewed ancient settlement, people, archaeological horizon, or physical landscape replaces the later map label.",false
location,binalatongan,samtoy_province,land,Pangasinan Agno Plain,ancient or indigenous name / English,reviewed ancient anchor or period landscape reconstruction,GEO-PROXY,medium,"A reviewed ancient settlement, people, archaeological horizon, or physical landscape replaces the later map label.",false
location,binalbagan,buglas_province,land,Tañjay Ilog Metal Oak Heath,local geographic stem / AD 1 archaeological-horizon label / English,horizon-landform reconstruction,installed:in_game/map_data/location_templates.txt;GEO-PROXY,medium,The geographic stem is placed in an AD 1 cultural horizon and physical setting without projecting a later town.,false
location,binandere,baruga_province,land,Oro Shores Massim Oak Bench,local geographic stem / AD 1 archaeological-horizon label / English,horizon-landform reconstruction,installed:in_game/map_data/location_templates.txt;GEO-PROXY,medium,The geographic stem is placed in an AD 1 cultural horizon and physical setting without projecting a later town.,false
location,binangonan,katagalugan_province,land,Manila Laguna Austronesian Lava Ridge,local geographic stem / AD 1 archaeological-horizon label / English,horizon-landform reconstruction,installed:in_game/map_data/location_templates.txt;GEO-PROXY,medium,The geographic stem is placed in an AD 1 cultural horizon and physical setting without projecting a later town.,false
location,binawangan,ibalong_province,land,Kalanay Bicol Luzon Limestone Piedmont,local geographic stem / AD 1 archaeological-horizon label / English,horizon-landform reconstruction,installed:in_game/map_data/location_templates.txt;GEO-PROXY,medium,The geographic stem is placed in an AD 1 cultural horizon and physical setting without projecting a later town.,false
location,binayakpur,gorakhpur_province,land,Malla Śākya Borderlands Spruce Springhead,local geographic stem / AD 1 archaeological-horizon label / English,horizon-landform reconstruction,installed:in_game/map_data/location_templates.txt;GEO-PROXY,medium,The geographic stem is placed in an AD 1 cultural horizon and physical setting without projecting a later town.,false
location,binchuan,dali_province,land,Dian Erhai Lingnan Basalt Bench,local geographic stem / AD 1 archaeological-horizon label / English,horizon-landform reconstruction,installed:in_game/map_data/location_templates.txt;GEO-PROXY,medium,The geographic stem is placed in an AD 1 cultural horizon and physical setting without projecting a later town.,false
location,bindal,bindal_province,land,Gugu Badhun Ngaro Hazel Grove,local geographic stem / AD 1 archaeological-horizon label / English,horizon-landform reconstruction,installed:in_game/map_data/location_templates.txt;GEO-PROXY,medium,The geographic stem is placed in an AD 1 cultural horizon and physical setting without projecting a later town.,false
location,bindals_fjord,nordland_coast_province,sea,Norwegian Scandian Atlantic Pelagic Fairway,ancient or indigenous name / English,reviewed ancient anchor or period landscape reconstruction,GEO-PROXY,medium,"A reviewed ancient settlement, people, archaeological horizon, or physical landscape replaces the later map label.",false
location,binder,masa_province,land,Chari Logone Iron Heather Scrub,local geographic stem / AD 1 archaeological-horizon label / English,horizon-landform reconstruction,installed:in_game/map_data/location_templates.txt;GEO-PROXY,medium,The geographic stem is placed in an AD 1 cultural horizon and physical setting without projecting a later town.,false
location,bindjali,karta_pintingga_province,land,Millewa Coorong Lutruwita Basalt Reach,local geographic stem / AD 1 archaeological-horizon label / English,horizon-landform reconstruction,installed:in_game/map_data/location_templates.txt;GEO-PROXY,medium,The geographic stem is placed in an AD 1 cultural horizon and physical setting without projecting a later town.,false
location,bingin,upper_musi_province,land,Musi Lakitan Metal Cedar Moor,local geographic stem / AD 1 archaeological-horizon label / English,horizon-landform reconstruction,installed:in_game/map_data/location_templates.txt;GEO-PROXY,medium,The geographic stem is placed in an AD 1 cultural horizon and physical setting without projecting a later town.,false
location,bingol,harput_province,land,Sophene Taron Gordyene Basalt Bench,local geographic stem / AD 1 archaeological-horizon label / English,horizon-landform reconstruction,installed:in_game/map_data/location_templates.txt;GEO-PROXY,medium,The geographic stem is placed in an AD 1 cultural horizon and physical setting without projecting a later town.,false
location,binh_lam,tuyen_hoa_province,land,Jiaozhi Yelang Lô Chalk Piedmont,local geographic stem / AD 1 archaeological-horizon label / English,horizon-landform reconstruction,installed:in_game/map_data/location_templates.txt;GEO-PROXY,medium,The geographic stem is placed in an AD 1 cultural horizon and physical setting without projecting a later town.,false
location,binh_nguyen,tuyen_hoa_province,land,Jiaozhi Yelang Lô Limestone Escarpment,local geographic stem / AD 1 archaeological-horizon label / English,horizon-landform reconstruction,installed:in_game/map_data/location_templates.txt;GEO-PROXY,medium,The geographic stem is placed in an AD 1 cultural horizon and physical setting without projecting a later town.,false
location,binmatshua,aashise_province,land,Missouri Besant Yellowstone Chalk Terraces,local geographic stem / AD 1 archaeological-horizon label / English,horizon-landform reconstruction,installed:in_game/map_data/location_templates.txt;GEO-PROXY,medium,The geographic stem is placed in an AD 1 cultural horizon and physical setting without projecting a later town.,false
location,binongko_island,butung_coast_sea_province,sea,Buton Wakatobi Yavadvipa Islandward Approaches,local maritime stem / English,physical-reach AD 1 reconstruction,GEO-PROXY,medium,"The water cell is distinguished by coastal, island, or open-water geography rather than a later jurisdiction.",false
location,bintang,casamance_province,land,Gambia Casamance Estuaries Oak Timberline,local geographic stem / AD 1 archaeological-horizon label / English,horizon-landform reconstruction,installed:in_game/map_data/location_templates.txt;GEO-PROXY,medium,The geographic stem is placed in an AD 1 cultural horizon and physical setting without projecting a later town.,false
location,biobio,pikunmapu_province,land,Bato Maule Bío Birch Glen,local geographic stem / AD 1 archaeological-horizon label / English,horizon-landform reconstruction,installed:in_game/map_data/location_templates.txt;GEO-PROXY,medium,The geographic stem is placed in an AD 1 cultural horizon and physical setting without projecting a later town.,false
location,bir,upper_marathwada,land,Indic Bir Uplands,local geographic stem / AD 1 archaeological-horizon label / English,horizon-landform reconstruction,installed:in_game/map_data/location_templates.txt;GEO-PROXY,medium,The geographic stem is placed in an AD 1 cultural horizon and physical setting without projecting a later town.,false
location,bir_al_qurr,duba_province,land,Leuke Kome Madian Granite Escarpment,local geographic stem / AD 1 archaeological-horizon label / English,horizon-landform reconstruction,installed:in_game/map_data/location_templates.txt;GEO-PROXY,medium,The geographic stem is placed in an AD 1 cultural horizon and physical setting without projecting a later town.,false
location,bir_amur,humar_province,land,Zeya Pol tse Limestone Moor,local geographic stem / AD 1 archaeological-horizon label / English,horizon-landform reconstruction,installed:in_game/map_data/location_templates.txt;GEO-PROXY,medium,The geographic stem is placed in an AD 1 cultural horizon and physical setting without projecting a later town.,false
location,bir_el_alter,aures_province,land,Aurasion Gaetulian Musulamian Flint Foothills,local geographic stem / AD 1 archaeological-horizon label / English,horizon-landform reconstruction,installed:in_game/map_data/location_templates.txt;GEO-PROXY,medium,The geographic stem is placed in an AD 1 cultural horizon and physical setting without projecting a later town.,false
location,bir_fajr,sirhan_province,land,Nabataean Sirhan Dumat Sandstone Piedmont,local geographic stem / AD 1 archaeological-horizon label / English,horizon-landform reconstruction,installed:in_game/map_data/location_templates.txt;GEO-PROXY,medium,The geographic stem is placed in an AD 1 cultural horizon and physical setting without projecting a later town.,false
location,bir_fajr_basithah_corridor,sirhan_province,land,Nabataean Sirhan Dumat Sandstone Ridge,local geographic stem / AD 1 archaeological-horizon label / English,horizon-landform reconstruction,installed:in_game/map_data/location_templates.txt;GEO-PROXY,medium,The geographic stem is placed in an AD 1 cultural horizon and physical setting without projecting a later town.,false
location,bir_fajr_tayma_corridor,nafud_province,land,Nafud Caravan Duma Sandstone Ridge,local geographic stem / AD 1 archaeological-horizon label / English,horizon-landform reconstruction,installed:in_game/map_data/location_templates.txt;GEO-PROXY,medium,The geographic stem is placed in an AD 1 cultural horizon and physical setting without projecting a later town.,false
location,bir_ibn_hermas,tabuk_province,land,Tabuk Ḥismā Arabian Sandstone Ridge,local geographic stem / AD 1 archaeological-horizon label / English,horizon-landform reconstruction,installed:in_game/map_data/location_templates.txt;GEO-PROXY,medium,The geographic stem is placed in an AD 1 cultural horizon and physical setting without projecting a later town.,false
location,bira,tunguska_province,land,Yilou Urmi Pol Reed Moor,local geographic stem / AD 1 archaeological-horizon label / English,horizon-landform reconstruction,installed:in_game/map_data/location_templates.txt;GEO-PROXY,medium,The geographic stem is placed in an AD 1 cultural horizon and physical setting without projecting a later town.,false
location,birali,birali_province,land,Hadramaut Cana Sabota Granite Breaks,local geographic stem / AD 1 archaeological-horizon label / English,horizon-landform reconstruction,installed:in_game/map_data/location_templates.txt;GEO-PROXY,medium,The geographic stem is placed in an AD 1 cultural horizon and physical setting without projecting a later town.,false
location,biram,hadejia_province,land,Komadugu Dutse Iron Fern Heath,local geographic stem / AD 1 archaeological-horizon label / English,horizon-landform reconstruction,installed:in_game/map_data/location_templates.txt;GEO-PROXY,medium,The geographic stem is placed in an AD 1 cultural horizon and physical setting without projecting a later town.,false
location,birampur,bogra_province,land,Pundravardhana Karatoya Vanga Sandstone Piedmont,local geographic stem / AD 1 archaeological-horizon label / English,horizon-landform reconstruction,installed:in_game/map_data/location_templates.txt;GEO-PROXY,medium,The geographic stem is placed in an AD 1 cultural horizon and physical setting without projecting a later town.,false
location,birao,sarh_province,land,Sudanic Salamat Chari Lava Bench,local geographic stem / AD 1 archaeological-horizon label / English,horizon-landform reconstruction,installed:in_game/map_data/location_templates.txt;GEO-PROXY,medium,The geographic stem is placed in an AD 1 cultural horizon and physical setting without projecting a later town.,false
location,birch_creek,gwichin_province,land,Porcupine Kwiguk Athabascan Limestone Terraces,local geographic stem / AD 1 archaeological-horizon label / English,horizon-landform reconstruction,installed:in_game/map_data/location_templates.txt;GEO-PROXY,medium,The geographic stem is placed in an AD 1 cultural horizon and physical setting without projecting a later town.,false
location,birch_mountains,thilane_hot_ine_province,land,Taltheilei Athabasca Shield Granite Bench,local geographic stem / AD 1 archaeological-horizon label / English,horizon-landform reconstruction,installed:in_game/map_data/location_templates.txt;GEO-PROXY,medium,The geographic stem is placed in an AD 1 cultural horizon and physical setting without projecting a later town.,false
location,birches,west_dennaakke_province,land,Kwiguk Koyukuk Dene Fern Barrens,local geographic stem / AD 1 archaeological-horizon label / English,horizon-landform reconstruction,installed:in_game/map_data/location_templates.txt;GEO-PROXY,medium,The geographic stem is placed in an AD 1 cultural horizon and physical setting without projecting a later town.,false
location,birecik,ar_ruha_province,land,Caphrena,ancient or indigenous name / English,reviewed ancient anchor or period landscape reconstruction,https://pleiades.stoa.org/places/658424,medium,"A reviewed ancient settlement, people, archaeological horizon, or physical landscape replaces the later map label.",false
location,birgi,aydin_province,land,Dios Hieron,ancient or indigenous name / English,reviewed ancient anchor or period landscape reconstruction,https://pleiades.stoa.org/places/550515,medium,"A reviewed ancient settlement, people, archaeological horizon, or physical landscape replaces the later map label.",false
location,biria,bindal_province,land,Gugu Badhun Ngaro Karst Terraces,local geographic stem / AD 1 archaeological-horizon label / English,horizon-landform reconstruction,installed:in_game/map_data/location_templates.txt;GEO-PROXY,medium,The geographic stem is placed in an AD 1 cultural horizon and physical setting without projecting a later town.,false
location,biripi,burugardi_province,land,Gumbaynggirr Coast Rain Juniper Thicket,local geographic stem / AD 1 archaeological-horizon label / English,horizon-landform reconstruction,installed:in_game/map_data/location_templates.txt;GEO-PROXY,medium,The geographic stem is placed in an AD 1 cultural horizon and physical setting without projecting a later town.,false
location,biriri,nguru_province,land,Komadugu Nguru Settlements Salt Bench,local geographic stem / AD 1 archaeological-horizon label / English,horizon-landform reconstruction,installed:in_game/map_data/location_templates.txt;GEO-PROXY,medium,The geographic stem is placed in an AD 1 cultural horizon and physical setting without projecting a later town.,false
location,birjand,birjand_province,land,Drangian Carmanian March Flint Terraces,local geographic stem / AD 1 archaeological-horizon label / English,horizon-landform reconstruction,installed:in_game/map_data/location_templates.txt;GEO-PROXY,medium,The geographic stem is placed in an AD 1 cultural horizon and physical setting without projecting a later town.,false
location,birkala,satakunta_province,land,Finnic Kokemäki Pyhäjärvi Oak Thicket,local geographic stem / AD 1 archaeological-horizon label / English,horizon-landform reconstruction,installed:in_game/map_data/location_templates.txt;GEO-PROXY,medium,The geographic stem is placed in an AD 1 cultural horizon and physical setting without projecting a later town.,false
location,birkenfeld,hunsruck_province,land,Belginum,ancient or indigenous name / English,reviewed ancient anchor or period landscape reconstruction,https://pleiades.stoa.org/places/108802,medium,"A reviewed ancient settlement, people, archaeological horizon, or physical landscape replaces the later map label.",false
location,birma,lower_zeya_province,land,Zeya Amur Yilou Cypress Swale,local geographic stem / AD 1 archaeological-horizon label / English,horizon-landform reconstruction,installed:in_game/map_data/location_templates.txt;GEO-PROXY,medium,The geographic stem is placed in an AD 1 cultural horizon and physical setting without projecting a later town.,false
location,birmingham,warwickshire_province,land,Manduessedum,ancient or indigenous name / English,reviewed ancient anchor or period landscape reconstruction,https://pleiades.stoa.org/places/79592,medium,"A reviewed ancient settlement, people, archaeological horizon, or physical landscape replaces the later map label.",false
location,birndal,nordland_province,land,Helgeland Lofoten Maritime Flint Shelf,local geographic stem / AD 1 archaeological-horizon label / English,horizon-landform reconstruction,installed:in_game/map_data/location_templates.txt;GEO-PROXY,medium,The geographic stem is placed in an AD 1 cultural horizon and physical setting without projecting a later town.,false
location,birni_ader,ader_province,land,Tarka Tahoua Sahel Fern Moor,local geographic stem / AD 1 archaeological-horizon label / English,horizon-landform reconstruction,installed:in_game/map_data/location_templates.txt;GEO-PROXY,medium,The geographic stem is placed in an AD 1 cultural horizon and physical setting without projecting a later town.,false
location,birni_lalle,gobir_province,land,Rima Maradi Ironworking Alder Piedmont,local geographic stem / AD 1 archaeological-horizon label / English,horizon-landform reconstruction,installed:in_game/map_data/location_templates.txt;GEO-PROXY,medium,The geographic stem is placed in an AD 1 cultural horizon and physical setting without projecting a later town.,false
location,birni_nkonni,gobir_province,land,Rima Maradi Ironworking Fern Shelf,local geographic stem / AD 1 archaeological-horizon label / English,horizon-landform reconstruction,installed:in_game/map_data/location_templates.txt;GEO-PROXY,medium,The geographic stem is placed in an AD 1 cultural horizon and physical setting without projecting a later town.,false
location,birnin_gwari,zazzau_province,land,Late Nok Kaduna Amber Thicket,local geographic stem / AD 1 archaeological-horizon label / English,horizon-landform reconstruction,installed:in_game/map_data/location_templates.txt;GEO-PROXY,medium,The geographic stem is placed in an AD 1 cultural horizon and physical setting without projecting a later town.,false
location,birnin_kebbi,kebbi_province,land,Middle Niger Rima Alder Breaks,local geographic stem / AD 1 archaeological-horizon label / English,horizon-landform reconstruction,installed:in_game/map_data/location_templates.txt;GEO-PROXY,medium,The geographic stem is placed in an AD 1 cultural horizon and physical setting without projecting a later town.,false
location,birnin_kudu,hadejia_province,land,Komadugu Dutse Iron Granite Escarpment,local geographic stem / AD 1 archaeological-horizon label / English,horizon-landform reconstruction,installed:in_game/map_data/location_templates.txt;GEO-PROXY,medium,The geographic stem is placed in an AD 1 cultural horizon and physical setting without projecting a later town.,false
location,birnin_zamfara,zamfara_province,land,Rima Sokoto Hausa Basalt Fields,local geographic stem / AD 1 archaeological-horizon label / English,horizon-landform reconstruction,installed:in_game/map_data/location_templates.txt;GEO-PROXY,medium,The geographic stem is placed in an AD 1 cultural horizon and physical setting without projecting a later town.,false
location,birpara,jalpaiguri_province,land,Karatoya Duars Pundra Spruce Grove,local geographic stem / AD 1 archaeological-horizon label / English,horizon-landform reconstruction,installed:in_game/map_data/location_templates.txt;GEO-PROXY,medium,The geographic stem is placed in an AD 1 cultural horizon and physical setting without projecting a later town.,false
location,biru,nubhor_province,land,Qiangic Salween Valleys Sandstone Piedmont,local geographic stem / AD 1 archaeological-horizon label / English,horizon-landform reconstruction,installed:in_game/map_data/location_templates.txt;GEO-PROXY,medium,The geographic stem is placed in an AD 1 cultural horizon and physical setting without projecting a later town.,false
location,birugarh,raigadh_garjats,land,Mahākāntāra Mahanadī Kalinga Birch Terraces,local geographic stem / AD 1 archaeological-horizon label / English,horizon-landform reconstruction,installed:in_game/map_data/location_templates.txt;GEO-PROXY,medium,The geographic stem is placed in an AD 1 cultural horizon and physical setting without projecting a later town.,false
location,biryuk_uplands,biryuk_province,land,Middle Lena Taiga Birch Grove,local geographic stem / AD 1 archaeological-horizon label / English,horizon-landform reconstruction,installed:in_game/map_data/location_templates.txt;GEO-PROXY,medium,The geographic stem is placed in an AD 1 cultural horizon and physical setting without projecting a later town.,false
location,biryusa,kansk_province,land,Middle Kan Yenisei Cypress Timberline,local geographic stem / AD 1 archaeological-horizon label / English,horizon-landform reconstruction,installed:in_game/map_data/location_templates.txt;GEO-PROXY,medium,The geographic stem is placed in an AD 1 cultural horizon and physical setting without projecting a later town.,false
location,birzai,upyte_province,land,Baltic Lielupe Nevėžis Oak Bench,local geographic stem / AD 1 archaeological-horizon label / English,horizon-landform reconstruction,installed:in_game/map_data/location_templates.txt;GEO-PROXY,medium,The geographic stem is placed in an AD 1 cultural horizon and physical setting without projecting a later town.,false
location,bisa,muchinga_province,land,Luangwa Muchinga Lualaba Cypress Grove,local geographic stem / AD 1 archaeological-horizon label / English,horizon-landform reconstruction,installed:in_game/map_data/location_templates.txt;GEO-PROXY,medium,The geographic stem is placed in an AD 1 cultural horizon and physical setting without projecting a later town.,false
location,biscayne_bay,east_florida_coast_province,sea,Glades-Culture Tequesta Bay,ancient or indigenous name / English,reviewed ancient anchor or period landscape reconstruction,GEO-PROXY,medium,"A reviewed ancient settlement, people, archaeological horizon, or physical landscape replaces the later map label.",false
location,bischofshofen,pongau_province,land,Taurisci Salzach Valley,ancient or indigenous name / English,reviewed ancient anchor or period landscape reconstruction,GEO-PROXY,medium,"A reviewed ancient settlement, people, archaeological horizon, or physical landscape replaces the later map label.",false
location,bisert,bisert_province,land,Sylva Chusovaya Glyadenovo Cypress Barrens,local geographic stem / AD 1 archaeological-horizon label / English,horizon-landform reconstruction,installed:in_game/map_data/location_templates.txt;GEO-PROXY,medium,The geographic stem is placed in an AD 1 cultural horizon and physical setting without projecting a later town.,false
location,bishan,chongqing_province,land,Ba Jiangzhou Qin Granite Ridge,local geographic stem / AD 1 archaeological-horizon label / English,horizon-landform reconstruction,installed:in_game/map_data/location_templates.txt;GEO-PROXY,medium,The geographic stem is placed in an AD 1 cultural horizon and physical setting without projecting a later town.,false
location,bishnupur,bishnupur_province,land,Rāḍha Suhma Vanga Oak Springhead,local geographic stem / AD 1 archaeological-horizon label / English,horizon-landform reconstruction,installed:in_game/map_data/location_templates.txt;GEO-PROXY,medium,The geographic stem is placed in an AD 1 cultural horizon and physical setting without projecting a later town.,false
location,bishreit,sharangad_province,land,Xiongnu Gobi Pastures Lava Ridge,local geographic stem / AD 1 archaeological-horizon label / English,horizon-landform reconstruction,installed:in_game/map_data/location_templates.txt;GEO-PROXY,medium,The geographic stem is placed in an AD 1 cultural horizon and physical setting without projecting a later town.,false
location,biskra,aures_province,land,Thabudeos,ancient or indigenous name / English,reviewed ancient anchor or period landscape reconstruction,https://pleiades.stoa.org/places/334632,medium,"A reviewed ancient settlement, people, archaeological horizon, or physical landscape replaces the later map label.",false
location,bislig,agusan_province,land,Agusan Surigao Metal Lava Ridge,local geographic stem / AD 1 archaeological-horizon label / English,horizon-landform reconstruction,installed:in_game/map_data/location_templates.txt;GEO-PROXY,medium,The geographic stem is placed in an AD 1 cultural horizon and physical setting without projecting a later town.,false
location,bismarck_archipelago_wasteland,patpatar_province,land,Lapita-Descendant New-Britain Highlands,ancient or indigenous name / English,reviewed ancient anchor or period landscape reconstruction,GEO-PROXY,medium,"A reviewed ancient settlement, people, archaeological horizon, or physical landscape replaces the later map label.",false
location,bismarck_range,melpa_province,land,Melpa Wahgi Highlands,ancient or indigenous name / English,reviewed ancient anchor or period landscape reconstruction,GEO-PROXY,medium,"A reviewed ancient settlement, people, archaeological horizon, or physical landscape replaces the later map label.",false
location,bismuna_lagoon,imabite_coast_sea_zones_province,sea,Mesoamerican Antillean Saladoid Reefward Seaway,local maritime stem / English,physical-reach AD 1 reconstruction,GEO-PROXY,medium,"The water cell is distinguished by coastal, island, or open-water geography rather than a later jurisdiction.",false
location,bisotun,nahavand_province,land,Laodikeia Bagistana Median Chalk Escarpment,local geographic stem / AD 1 archaeological-horizon label / English,horizon-landform reconstruction,installed:in_game/map_data/location_templates.txt;GEO-PROXY,medium,The geographic stem is placed in an AD 1 cultural horizon and physical setting without projecting a later town.,false
location,bissagos,guinean_coast_province,land,Bijago Coastal Settlements,ancient or indigenous name / English,reviewed ancient anchor or period landscape reconstruction,GEO-PROXY,medium,"A reviewed ancient settlement, people, archaeological horizon, or physical landscape replaces the later map label.",false
location,bissagos_islands,upper_guinea_coastline,sea,Bijago Island Waters,ancient or indigenous name / English,reviewed ancient anchor or period landscape reconstruction,GEO-PROXY,medium,"A reviewed ancient settlement, people, archaeological horizon, or physical landscape replaces the later map label.",false
location,bissam_cuttack,kalahandi_garjat,land,Mahākāntāra Kalinga Vanga Sandstone Breaks,local geographic stem / AD 1 archaeological-horizon label / English,horizon-landform reconstruction,installed:in_game/map_data/location_templates.txt;GEO-PROXY,medium,The geographic stem is placed in an AD 1 cultural horizon and physical setting without projecting a later town.,false
location,bissau,kaabu_province,land,Lower-Guinean Geba Estuary,ancient or indigenous name / English,reviewed ancient anchor or period landscape reconstruction,GEO-PROXY,medium,"A reviewed ancient settlement, people, archaeological horizon, or physical landscape replaces the later map label.",false
location,bistrita,doboka_province,land,Dacian Samus Marisus Sage Barrens,ancient or indigenous name / English,reviewed ancient anchor or period landscape reconstruction,GEO-PROXY,medium,"A reviewed ancient settlement, people, archaeological horizon, or physical landscape replaces the later map label.",false
location,biswan,khairabad_province,land,Kosala Gomati Aryavarta Oak Foothills,local geographic stem / AD 1 archaeological-horizon label / English,horizon-landform reconstruction,installed:in_game/map_data/location_templates.txt;GEO-PROXY,medium,The geographic stem is placed in an AD 1 cultural horizon and physical setting without projecting a later town.,false
location,bitburg,eifel_province,land,Beda,ancient or indigenous name / English,reviewed ancient anchor or period landscape reconstruction,https://pleiades.stoa.org/places/108798,medium,"A reviewed ancient settlement, people, archaeological horizon, or physical landscape replaces the later map label.",false
location,bitche,sarregueminois_province,land,Mediomatrici Vosges Passes,ancient or indigenous name / English,reviewed ancient anchor or period landscape reconstruction,GEO-PROXY,medium,"A reviewed ancient settlement, people, archaeological horizon, or physical landscape replaces the later map label.",false
location,bitki,gorin_province,land,Urartian Van Highlands,ancient or indigenous name / English,reviewed ancient anchor or period landscape reconstruction,GEO-PROXY,medium,"A reviewed ancient settlement, people, archaeological horizon, or physical landscape replaces the later map label.",false
location,bitlis,bitlis_province,land,Bałałēš,ancient or indigenous name / English,reviewed ancient anchor or period landscape reconstruction,https://pleiades.stoa.org/places/874438,medium,"A reviewed ancient settlement, people, archaeological horizon, or physical landscape replaces the later map label.",false
location,bitola,prilep_province,land,Pelagonian Heraclea Lands,ancient or indigenous name / English,reviewed ancient anchor or period landscape reconstruction,GEO-PROXY,medium,"A reviewed ancient settlement, people, archaeological horizon, or physical landscape replaces the later map label.",false
location,bitov,znojemsko_province,land,Rugian Pomeranian Woodlands,ancient or indigenous name / English,reviewed ancient anchor or period landscape reconstruction,GEO-PROXY,medium,"A reviewed ancient settlement, people, archaeological horizon, or physical landscape replaces the later map label.",false
location,bitterfeld,flaming_province,land,Semnonian Mulde Lands,ancient or indigenous name / English,reviewed ancient anchor or period landscape reconstruction,GEO-PROXY,medium,"A reviewed ancient settlement, people, archaeological horizon, or physical landscape replaces the later map label.",false
location,bitterroot,south_selish_province,land,Pithouse Clark Fork Flint Terraces,ancient or indigenous name / English,reviewed ancient anchor or period landscape reconstruction,GEO-PROXY,medium,"A reviewed ancient settlement, people, archaeological horizon, or physical landscape replaces the later map label.",false
location,bitti,logudoro_province,land,Nuragic Barbagia Highlands,ancient or indigenous name / English,reviewed ancient anchor or period landscape reconstruction,GEO-PROXY,medium,"A reviewed ancient settlement, people, archaeological horizon, or physical landscape replaces the later map label.",false
location,bitur,suki_province,land,Fly Kiwai Early Basalt Meadow,local geographic stem / AD 1 archaeological-horizon label / English,horizon-landform reconstruction,installed:in_game/map_data/location_templates.txt;GEO-PROXY,medium,The geographic stem is placed in an AD 1 cultural horizon and physical setting without projecting a later town.,false
location,biu,biu_province,land,Biu Hills,local geographic stem / AD 1 archaeological-horizon label / English,horizon-landform reconstruction,installed:in_game/map_data/location_templates.txt;GEO-PROXY,medium,The geographic stem is placed in an AD 1 cultural horizon and physical setting without projecting a later town.,false
location,bivona,girgenti_province,land,Sicanian Sicani Highlands,ancient or indigenous name / English,reviewed ancient anchor or period landscape reconstruction,GEO-PROXY,medium,"A reviewed ancient settlement, people, archaeological horizon, or physical landscape replaces the later map label.",false
location,biyang,nanyang_province,land,Wan Nanyang Han Fern Shelf,local geographic stem / AD 1 archaeological-horizon label / English,horizon-landform reconstruction,installed:in_game/map_data/location_templates.txt;GEO-PROXY,medium,The geographic stem is placed in an AD 1 cultural horizon and physical setting without projecting a later town.,false
location,biysk,altayskoye_province,land,Altai Kulay Xiongnu Hazel Heath,local geographic stem / AD 1 archaeological-horizon label / English,horizon-landform reconstruction,installed:in_game/map_data/location_templates.txt;GEO-PROXY,medium,The geographic stem is placed in an AD 1 cultural horizon and physical setting without projecting a later town.,false
location,bizerte,bizerte_province,land,Hippo Diarrhytus,ancient or indigenous name / English,reviewed ancient anchor or period landscape reconstruction,GEO-PROXY,high,"A reviewed ancient settlement, people, archaeological horizon, or physical landscape replaces the later map label.",false
location,bizhbulyak,chishmy_province,land,Kara Abyz Belaya Bracken Escarpment,local geographic stem / AD 1 archaeological-horizon label / English,horizon-landform reconstruction,installed:in_game/map_data/location_templates.txt;GEO-PROXY,medium,The geographic stem is placed in an AD 1 cultural horizon and physical setting without projecting a later town.,false
location,bjelovar,bjelovar_province,land,Pannonian Bilogora Lands,ancient or indigenous name / English,reviewed ancient anchor or period landscape reconstruction,GEO-PROXY,medium,"A reviewed ancient settlement, people, archaeological horizon, or physical landscape replaces the later map label.",false
location,bjni,yerevan_province,land,Armenia Artaxata Sevan Limestone Terraces,local geographic stem / AD 1 archaeological-horizon label / English,horizon-landform reconstruction,installed:in_game/map_data/location_templates.txt;GEO-PROXY,medium,The geographic stem is placed in an AD 1 cultural horizon and physical setting without projecting a later town.,false
location,bjorna_fjord,south_norwegian_coast,sea,Sogne Hardanger Scandian Saltwind Bight,local maritime stem / English,physical-reach AD 1 reconstruction,GEO-PROXY,medium,"The water cell is distinguished by coastal, island, or open-water geography rather than a later jurisdiction.",false
location,bjorneborg,satakunta_province,land,Fenni Kokemäki Coastlands,ancient or indigenous name / English,reviewed ancient anchor or period landscape reconstruction,GEO-PROXY,medium,"A reviewed ancient settlement, people, archaeological horizon, or physical landscape replaces the later map label.",false
location,bkwejanong,ganatchio_province,land,Erie St Clair Pine Heath,local geographic stem / AD 1 archaeological-horizon label / English,horizon-landform reconstruction,installed:in_game/map_data/location_templates.txt;GEO-PROXY,medium,The geographic stem is placed in an AD 1 cultural horizon and physical setting without projecting a later town.,false
location,bla,bambara_province,land,Bla Country,local geographic stem / AD 1 archaeological-horizon label / English,horizon-landform reconstruction,installed:in_game/map_data/location_templates.txt;GEO-PROXY,medium,The geographic stem is placed in an AD 1 cultural horizon and physical setting without projecting a later town.,false
location,black_bay,west_lake_superior_province,sea,Anishinaabe Superior Bay,ancient or indigenous name / English,reviewed ancient anchor or period landscape reconstruction,GEO-PROXY,medium,"A reviewed ancient settlement, people, archaeological horizon, or physical landscape replaces the later map label.",false
location,black_bear_bay,labrador_coast_province,sea,Innu Bay,ancient or indigenous name / English,reviewed ancient anchor or period landscape reconstruction,GEO-PROXY,medium,"A reviewed ancient settlement, people, archaeological horizon, or physical landscape replaces the later map label.",false
location,black_lake,gani_koe_province,lake,Dene Gani-Koe Lake Country,ancient or indigenous name / English,reviewed ancient anchor or period landscape reconstruction,GEO-PROXY,medium,"A reviewed ancient settlement, people, archaeological horizon, or physical landscape replaces the later map label.",false
location,black_sea1,georgia_coast_sea_province,sea,Colchian Pontus Euxinus Passage,ancient or indigenous name / English,reviewed ancient anchor or period landscape reconstruction,GEO-PROXY,medium,"A reviewed ancient settlement, people, archaeological horizon, or physical landscape replaces the later map label.",false
location,black_sea2,matrega_coast_sea_province,sea,Maeotian Pontus Euxinus Passage,ancient or indigenous name / English,reviewed ancient anchor or period landscape reconstruction,GEO-PROXY,medium,"A reviewed ancient settlement, people, archaeological horizon, or physical landscape replaces the later map label.",false
location,black_sea3,matrega_coast_sea_province,sea,Sindian Pontus Euxinus Passage,ancient or indigenous name / English,reviewed ancient anchor or period landscape reconstruction,GEO-PROXY,medium,"A reviewed ancient settlement, people, archaeological horizon, or physical landscape replaces the later map label.",false
location,black_sea4,black_sea_province,sea,Central Pontus Euxinus Waters,ancient or indigenous name / English,reviewed ancient anchor or period landscape reconstruction,GEO-PROXY,medium,"A reviewed ancient settlement, people, archaeological horizon, or physical landscape replaces the later map label.",false
location,black_sea5,bulgaria_coast_sea_province,sea,Thracian Pontus Euxinus Passage,ancient or indigenous name / English,reviewed ancient anchor or period landscape reconstruction,GEO-PROXY,medium,"A reviewed ancient settlement, people, archaeological horizon, or physical landscape replaces the later map label.",false
location,black_sea6,crimea_coast_sea_province,sea,Tauric Pontus Euxinus Passage,ancient or indigenous name / English,reviewed ancient anchor or period landscape reconstruction,GEO-PROXY,medium,"A reviewed ancient settlement, people, archaeological horizon, or physical landscape replaces the later map label.",false
location,blackburn,lancashire_province,land,Brigantian Ribble Uplands,ancient or indigenous name / English,reviewed ancient anchor or period landscape reconstruction,GEO-PROXY,medium,"A reviewed ancient settlement, people, archaeological horizon, or physical landscape replaces the later map label.",false
location,blackwater,mackenzie_sahtu_province,land,Great-Bear–Dehcho Tundra Plain,ancient or indigenous name / English,reviewed ancient anchor or period landscape reconstruction,GEO-PROXY,medium,"A reviewed ancient settlement, people, archaeological horizon, or physical landscape replaces the later map label.",false
location,blackwater_lake,south_sahtu_province,lake,Dene Sahtu Lake Country,ancient or indigenous name / English,reviewed ancient anchor or period landscape reconstruction,GEO-PROXY,medium,"A reviewed ancient settlement, people, archaeological horizon, or physical landscape replaces the later map label.",false
location,blagodarnoye,majar_province,land,Caucasian Siraces Aorsi Cypress Moor,local geographic stem / AD 1 archaeological-horizon label / English,horizon-landform reconstruction,installed:in_game/map_data/location_templates.txt;GEO-PROXY,medium,The geographic stem is placed in an AD 1 cultural horizon and physical setting without projecting a later town.,false
location,blain,nantais_province,land,Armorican Vilaine Lands,ancient or indigenous name / English,reviewed ancient anchor or period landscape reconstruction,GEO-PROXY,medium,"A reviewed ancient settlement, people, archaeological horizon, or physical landscape replaces the later map label.",false
location,blanca_bay,puelmapu_sea_zones_province,sea,Puelmapu–Patagonian Atlantic Sea,ancient or indigenous name / English,reviewed ancient anchor or period landscape reconstruction,GEO-PROXY,medium,"A reviewed ancient settlement, people, archaeological horizon, or physical landscape replaces the later map label.",false
location,blanca_lagoon,aonikenk_province,lake,Aónikenk Steppe Kawésqar Spring Mere,ancient or indigenous name / English,reviewed ancient anchor or period landscape reconstruction,GEO-PROXY,medium,"A reviewed ancient settlement, people, archaeological horizon, or physical landscape replaces the later map label.",false
location,blanche_lake,iningai_province,lake,Iningai Inland Lake Country,ancient or indigenous name / English,reviewed ancient anchor or period landscape reconstruction,GEO-PROXY,medium,"A reviewed ancient settlement, people, archaeological horizon, or physical landscape replaces the later map label.",false
location,blanco_cape,nekokiaw_coast_sea_zones_province,sea,Nekokiaw Atlantic Offing,ancient or indigenous name / English,reviewed ancient anchor or period landscape reconstruction,GEO-PROXY,medium,"A reviewed ancient settlement, people, archaeological horizon, or physical landscape replaces the later map label.",false
location,blanco_cape_plata,patagonia_sea_zones_province,sea,Aónikenk Southern-Atlantic Offing,ancient or indigenous name / English,reviewed ancient anchor or period landscape reconstruction,GEO-PROXY,medium,"A reviewed ancient settlement, people, archaeological horizon, or physical landscape replaces the later map label.",false
location,blanco_lake,karukinka_province,lake,Selk'nam Karukinka Lake Country,ancient or indigenous name / English,reviewed ancient anchor or period landscape reconstruction,GEO-PROXY,medium,"A reviewed ancient settlement, people, archaeological horizon, or physical landscape replaces the later map label.",false
location,bland,mosopeleacipi_province,land,New Clinch Chesapeake Birch Glen,local geographic stem / AD 1 archaeological-horizon label / English,horizon-landform reconstruction,installed:in_game/map_data/location_templates.txt;GEO-PROXY,medium,The geographic stem is placed in an AD 1 cultural horizon and physical setting without projecting a later town.,false
location,blankenburg,harz_province,land,Cherusci Hermunduri Harz Karst Foothills,local geographic stem / AD 1 archaeological-horizon label / English,horizon-landform reconstruction,installed:in_game/map_data/location_templates.txt;GEO-PROXY,medium,The geographic stem is placed in an AD 1 cultural horizon and physical setting without projecting a later town.,false
location,blanquilla_island,venezuela_sea_zones_province,sea,Saladoid Paria Margarita Sheltered Channel,ancient or indigenous name / English,reviewed ancient anchor or period landscape reconstruction,GEO-PROXY,medium,"A reviewed ancient settlement, people, archaeological horizon, or physical landscape replaces the later map label.",false
location,bled,upper_carniola_province,land,Tauriscan Julian-Alps Lake Country,ancient or indigenous name / English,reviewed ancient anchor or period landscape reconstruction,GEO-PROXY,medium,"A reviewed ancient settlement, people, archaeological horizon, or physical landscape replaces the later map label.",false
location,bledsoe,kaskinampo_province,land,Middle-Woodland Cumberland,ancient or indigenous name / English,reviewed ancient anchor or period landscape reconstruction,GEO-PROXY,medium,"A reviewed ancient settlement, people, archaeological horizon, or physical landscape replaces the later map label.",false
location,blekinge_kust,south_baltic_sea,sea,Skåne Suebicum Scandia Pelagic Crossing,ancient or indigenous name / English,reviewed ancient anchor or period landscape reconstruction,GEO-PROXY,medium,"A reviewed ancient settlement, people, archaeological horizon, or physical landscape replaces the later map label.",false
location,block_channel,long_island_coast_province,sea,Niantic Island-Channel Waters,ancient or indigenous name / English,reviewed ancient anchor or period landscape reconstruction,GEO-PROXY,medium,"A reviewed ancient settlement, people, archaeological horizon, or physical landscape replaces the later map label.",false
location,blois,blois_province,land,Blesum,ancient or indigenous name / English,reviewed ancient anchor or period landscape reconstruction,GEO-PROXY,medium,"A reviewed ancient settlement, people, archaeological horizon, or physical landscape replaces the later map label.",false
location,blonduos,north_farthing,land,North-Atlantic Húnaflói Coastlands,ancient or indigenous name / English,reviewed ancient anchor or period landscape reconstruction,GEO-PROXY,medium,"A reviewed ancient settlement, people, archaeological horizon, or physical landscape replaces the later map label.",false
location,bloobarra_point,grain_coast,sea,Lawal Lakwaia Offing,ancient or indigenous name / English,reviewed ancient anchor or period landscape reconstruction,GEO-PROXY,medium,"A reviewed ancient settlement, people, archaeological horizon, or physical landscape replaces the later map label.",false
location,bloody_foreland,ulster_coastal_sea_zones_province,sea,Ulaid Northwestern Offing,ancient or indigenous name / English,reviewed ancient anchor or period landscape reconstruction,GEO-PROXY,medium,"A reviewed ancient settlement, people, archaeological horizon, or physical landscape replaces the later map label.",false
location,blossom_bay,lawal_lakwaia_sea_zones_province,sea,Lawal Lakwaia Island Bay,ancient or indigenous name / English,reviewed ancient anchor or period landscape reconstruction,GEO-PROXY,medium,"A reviewed ancient settlement, people, archaeological horizon, or physical landscape replaces the later map label.",false
location,bludenz,vorarlberg_province,land,Brigantian Alpine Valley,ancient or indigenous name / English,reviewed ancient anchor or period landscape reconstruction,GEO-PROXY,medium,"A reviewed ancient settlement, people, archaeological horizon, or physical landscape replaces the later map label.",false
location,blue_mountains,dharug_province,land,Dharug Sandstone Highlands,ancient or indigenous name / English,reviewed ancient anchor or period landscape reconstruction,GEO-PROXY,medium,"A reviewed ancient settlement, people, archaeological horizon, or physical landscape replaces the later map label.",false
location,blue_point,southern_lake_huron_province,sea,Anishinaabe Huron Shore,ancient or indigenous name / English,reviewed ancient anchor or period landscape reconstruction,GEO-PROXY,medium,"A reviewed ancient settlement, people, archaeological horizon, or physical landscape replaces the later map label.",false
location,blue_ridge_mountains,kituwa_province,land,Cherokee Kituwah Highlands,ancient or indigenous name / English,reviewed ancient anchor or period landscape reconstruction,GEO-PROXY,medium,"A reviewed ancient settlement, people, archaeological horizon, or physical landscape replaces the later map label.",false
location,blue_ridge_mountains_2,shenandoah_province,land,Shenandoah Woodland,ancient or indigenous name / English,reviewed ancient anchor or period landscape reconstruction,GEO-PROXY,medium,"A reviewed ancient settlement, people, archaeological horizon, or physical landscape replaces the later map label.",false
location,bo_hai_khau,thien_truong_province,land,Jiaozhi Red Suvarnabhumi Willow Fen,local geographic stem / AD 1 archaeological-horizon label / English,horizon-landform reconstruction,installed:in_game/map_data/location_templates.txt;GEO-PROXY,medium,The geographic stem is placed in an AD 1 cultural horizon and physical setting without projecting a later town.,false
location,boa_ogoi,bear_river_province,land,Bear Weber Bonneville Bracken Heath,local geographic stem / AD 1 archaeological-horizon label / English,horizon-landform reconstruction,installed:in_game/map_data/location_templates.txt;GEO-PROXY,medium,The geographic stem is placed in an AD 1 cultural horizon and physical setting without projecting a later town.,false
location,boa_vista,cape_verde_province,land,Eastern-Atlantic Desert Island,ancient or indigenous name / English,reviewed ancient anchor or period landscape reconstruction,GEO-PROXY,medium,"A reviewed ancient settlement, people, archaeological horizon, or physical landscape replaces the later map label.",false
location,boai,guangnan_province,land,Juding Karst Dian Flint Foothills,local geographic stem / AD 1 archaeological-horizon label / English,horizon-landform reconstruction,installed:in_game/map_data/location_templates.txt;GEO-PROXY,medium,The geographic stem is placed in an AD 1 cultural horizon and physical setting without projecting a later town.,false
location,boala,boussouma_province,land,White Volta Nakambé Loess Barrens,local geographic stem / AD 1 archaeological-horizon label / English,horizon-landform reconstruction,installed:in_game/map_data/location_templates.txt;GEO-PROXY,medium,The geographic stem is placed in an AD 1 cultural horizon and physical setting without projecting a later town.,false
location,boalemo,gorontalo_province,land,Limboto Tomini Metal Heather Piedmont,local geographic stem / AD 1 archaeological-horizon label / English,horizon-landform reconstruction,installed:in_game/map_data/location_templates.txt;GEO-PROXY,medium,The geographic stem is placed in an AD 1 cultural horizon and physical setting without projecting a later town.,false
location,boali,boali_province,land,Ubangi Sangha Uele Palm Glen,local geographic stem / AD 1 archaeological-horizon label / English,horizon-landform reconstruction,installed:in_game/map_data/location_templates.txt;GEO-PROXY,medium,The geographic stem is placed in an AD 1 cultural horizon and physical setting without projecting a later town.,false
location,boanawari,narangga_province,land,Narungga Kaurna Narangga Flint Escarpment,local geographic stem / AD 1 archaeological-horizon label / English,horizon-landform reconstruction,installed:in_game/map_data/location_templates.txt;GEO-PROXY,medium,The geographic stem is placed in an AD 1 cultural horizon and physical setting without projecting a later town.,false
location,boandik,wirrai_durhai_province,land,Murrumbidgee Wiradjuri Lutruwita Fern Thicket,local geographic stem / AD 1 archaeological-horizon label / English,horizon-landform reconstruction,installed:in_game/map_data/location_templates.txt;GEO-PROXY,medium,The geographic stem is placed in an AD 1 cultural horizon and physical setting without projecting a later town.,false
location,boas,mayangna_province,land,Coco Escondido Early Granite Fields,local geographic stem / AD 1 archaeological-horizon label / English,horizon-landform reconstruction,installed:in_game/map_data/location_templates.txt;GEO-PROXY,medium,The geographic stem is placed in an AD 1 cultural horizon and physical setting without projecting a later town.,false
location,bobai,yulin_guangxi_province,land,Hepu Nanliu Lingnan Limestone Breaks,local geographic stem / AD 1 archaeological-horizon label / English,horizon-landform reconstruction,installed:in_game/map_data/location_templates.txt;GEO-PROXY,medium,The geographic stem is placed in an AD 1 cultural horizon and physical setting without projecting a later town.,false
location,bobaka,north_sangha_province,land,Sangha Ubangi Congo Cypress Escarpment,local geographic stem / AD 1 archaeological-horizon label / English,horizon-landform reconstruction,installed:in_game/map_data/location_templates.txt;GEO-PROXY,medium,The geographic stem is placed in an AD 1 cultural horizon and physical setting without projecting a later town.,false
location,bobangi,north_sangha_province,land,Sangha Ubangi Congo Cypress Meadow,local geographic stem / AD 1 archaeological-horizon label / English,horizon-landform reconstruction,installed:in_game/map_data/location_templates.txt;GEO-PROXY,medium,The geographic stem is placed in an AD 1 cultural horizon and physical setting without projecting a later town.,false
location,bobbili,kalingandhra,land,Sippara,ancient or indigenous name / English,reviewed ancient anchor or period landscape reconstruction,https://pleiades.stoa.org/places/50271,medium,"A reviewed ancient settlement, people, archaeological horizon, or physical landscape replaces the later map label.",false
location,bobbio,piacenza_province,land,Placentia Veleia Boii Chalk Terraces,local geographic stem / AD 1 archaeological-horizon label / English,horizon-landform reconstruction,installed:in_game/map_data/location_templates.txt;GEO-PROXY,medium,The geographic stem is placed in an AD 1 cultural horizon and physical setting without projecting a later town.,false
location,bobo_island,kerema_coastal_sea_zones_province,sea,Papuan Malagasy Post Monsoon Crossing,local maritime stem / English,physical-reach AD 1 reconstruction,GEO-PROXY,medium,"The water cell is distinguished by coastal, island, or open-water geography rather than a later jurisdiction.",false
location,bobole,tonkawa_province,land,Llano Guadalupe Red Basalt Terraces,local geographic stem / AD 1 archaeological-horizon label / English,horizon-landform reconstruction,installed:in_game/map_data/location_templates.txt;GEO-PROXY,medium,The geographic stem is placed in an AD 1 cultural horizon and physical setting without projecting a later town.,false
location,bobolice,koslin_province,land,Pomerania,ancient or indigenous name / English,reviewed ancient anchor or period landscape reconstruction,GEO-PROXY,high,"A reviewed ancient settlement, people, archaeological horizon, or physical landscape replaces the later map label.",false
location,bobr,barysaw_province,land,Berezina Lukoml Dnieper Granite Springhead,local geographic stem / AD 1 archaeological-horizon label / English,horizon-landform reconstruction,installed:in_game/map_data/location_templates.txt;GEO-PROXY,medium,The geographic stem is placed in an AD 1 cultural horizon and physical setting without projecting a later town.,false
location,bocaiuva,bocaiuva_province,land,Jê Espinhaço Uplands,ancient or indigenous name / English,reviewed ancient anchor or period landscape reconstruction,GEO-PROXY,medium,"A reviewed ancient settlement, people, archaeological horizon, or physical landscape replaces the later map label.",false
location,bocaiuva_do_sul,paranagua_province,land,Tupian Iguaçu Woodlands,ancient or indigenous name / English,reviewed ancient anchor or period landscape reconstruction,GEO-PROXY,medium,"A reviewed ancient settlement, people, archaeological horizon, or physical landscape replaces the later map label.",false
location,bocaiuva_forest,paranagua_province,land,Tupian Serra-do-Mar Forest,ancient or indigenous name / English,reviewed ancient anchor or period landscape reconstruction,GEO-PROXY,medium,"A reviewed ancient settlement, people, archaeological horizon, or physical landscape replaces the later map label.",false
location,bocheikovo,polotsk_province,land,Dnieper Dvina Pripet Juniper Savanna,local geographic stem / AD 1 archaeological-horizon label / English,horizon-landform reconstruction,installed:in_game/map_data/location_templates.txt;GEO-PROXY,medium,The geographic stem is placed in an AD 1 cultural horizon and physical setting without projecting a later town.,false
location,bochuan,zhenan_province,land,Yelang Wu Dalou Chalk Shelf,local geographic stem / AD 1 archaeological-horizon label / English,horizon-landform reconstruction,installed:in_game/map_data/location_templates.txt;GEO-PROXY,medium,The geographic stem is placed in an AD 1 cultural horizon and physical setting without projecting a later town.,false
location,bochum,ruhr_province,land,Marsi Ruhr Uplands,ancient or indigenous name / English,reviewed ancient anchor or period landscape reconstruction,GEO-PROXY,medium,"A reviewed ancient settlement, people, archaeological horizon, or physical landscape replaces the later map label.",false
location,bocto,nekokiaw_province,land,Diquís Reventazón Ceramic Limestone Glen,local geographic stem / AD 1 archaeological-horizon label / English,horizon-landform reconstruction,installed:in_game/map_data/location_templates.txt;GEO-PROXY,medium,The geographic stem is placed in an AD 1 cultural horizon and physical setting without projecting a later town.,false
location,bodaybo,konkudera_province,land,Olyokma Taiga Amur Alder Glen,local geographic stem / AD 1 archaeological-horizon label / English,horizon-landform reconstruction,installed:in_game/map_data/location_templates.txt;GEO-PROXY,medium,The geographic stem is placed in an AD 1 cultural horizon and physical setting without projecting a later town.,false
location,bodbe,hereti_province,land,Caucasian Albania Alazani Flint Moor,local geographic stem / AD 1 archaeological-horizon label / English,horizon-landform reconstruction,installed:in_game/map_data/location_templates.txt;GEO-PROXY,medium,The geographic stem is placed in an AD 1 cultural horizon and physical setting without projecting a later town.,false
location,bodebyn,vasterbotten_province,land,Sámi Bothnian Torne Birch Heath,local geographic stem / AD 1 archaeological-horizon label / English,horizon-landform reconstruction,installed:in_game/map_data/location_templates.txt;GEO-PROXY,medium,The geographic stem is placed in an AD 1 cultural horizon and physical setting without projecting a later town.,false
location,bodga_shan,beshbalik_province,land,Jushi Tianshan Oases Flint Escarpment,local geographic stem / AD 1 archaeological-horizon label / English,horizon-landform reconstruction,installed:in_game/map_data/location_templates.txt;GEO-PROXY,medium,The geographic stem is placed in an AD 1 cultural horizon and physical setting without projecting a later town.,false
location,bodmin,cornwall_province,land,Dumnonii Cornish Uplands,ancient or indigenous name / English,reviewed ancient anchor or period landscape reconstruction,GEO-PROXY,medium,"A reviewed ancient settlement, people, archaeological horizon, or physical landscape replaces the later map label.",false
location,bodo,nordland_province,land,Helgeland Lofoten Maritime Karst Foothills,local geographic stem / AD 1 archaeological-horizon label / English,horizon-landform reconstruction,installed:in_game/map_data/location_templates.txt;GEO-PROXY,medium,The geographic stem is placed in an AD 1 cultural horizon and physical setting without projecting a later town.,false
location,bodonch,altay_province,land,Altai Xiongnu Contact Basalt Breaks,local geographic stem / AD 1 archaeological-horizon label / English,horizon-landform reconstruction,installed:in_game/map_data/location_templates.txt;GEO-PROXY,medium,The geographic stem is placed in an AD 1 cultural horizon and physical setting without projecting a later town.,false
location,bodonitsa,neopatras_province,land,Hypata Oitaian Hellas Limestone Bench,local geographic stem / AD 1 archaeological-horizon label / English,horizon-landform reconstruction,installed:in_game/map_data/location_templates.txt;GEO-PROXY,medium,The geographic stem is placed in an AD 1 cultural horizon and physical setting without projecting a later town.,false
location,bodou_sailay,kanem_province,land,Chad Daima Iron Cedar Savanna,local geographic stem / AD 1 archaeological-horizon label / English,horizon-landform reconstruction,installed:in_game/map_data/location_templates.txt;GEO-PROXY,medium,The geographic stem is placed in an AD 1 cultural horizon and physical setting without projecting a later town.,false
location,bodrog,bacs_province,land,Ad Novas,ancient or indigenous name / English,reviewed ancient anchor or period landscape reconstruction,https://pleiades.stoa.org/places/197077,medium,"A reviewed ancient settlement, people, archaeological horizon, or physical landscape replaces the later map label.",false
location,bodrum,mugla_province,land,Halicarnassus,ancient or indigenous name / English,reviewed ancient anchor or period landscape reconstruction,https://pleiades.stoa.org/places/599636,high,"A reviewed ancient settlement, people, archaeological horizon, or physical landscape replaces the later map label.",false
location,boduna,lalin_province,land,Yilou Songhua Fuyu Spruce Downs,local geographic stem / AD 1 archaeological-horizon label / English,horizon-landform reconstruction,installed:in_game/map_data/location_templates.txt;GEO-PROXY,medium,The geographic stem is placed in an AD 1 cultural horizon and physical setting without projecting a later town.,false
location,boe,upper_araguaia_province,land,Boe Uplands,local geographic stem / AD 1 archaeological-horizon label / English,horizon-landform reconstruction,installed:in_game/map_data/location_templates.txt;GEO-PROXY,medium,The geographic stem is placed in an AD 1 cultural horizon and physical setting without projecting a later town.,false
location,boeny,iboina_province,land,Betsiboka Malagasy Great Spruce Timberline,local geographic stem / AD 1 archaeological-horizon label / English,horizon-landform reconstruction,installed:in_game/map_data/location_templates.txt;GEO-PROXY,medium,The geographic stem is placed in an AD 1 cultural horizon and physical setting without projecting a later town.,false
location,bogatoye,sorochinskaya_province,land,Sarmatian Samara Buzuluk Palm Escarpment,local geographic stem / AD 1 archaeological-horizon label / English,horizon-landform reconstruction,installed:in_game/map_data/location_templates.txt;GEO-PROXY,medium,The geographic stem is placed in an AD 1 cultural horizon and physical setting without projecting a later town.,false
location,bogatye_saby,kazan_province,land,Volga Kama Pyanobor Peat Foothills,local geographic stem / AD 1 archaeological-horizon label / English,horizon-landform reconstruction,installed:in_game/map_data/location_templates.txt;GEO-PROXY,medium,The geographic stem is placed in an AD 1 cultural horizon and physical setting without projecting a later town.,false
location,bogazliyan,kayseri_province,land,Kamoulianai,ancient or indigenous name / English,reviewed ancient anchor or period landscape reconstruction,https://pleiades.stoa.org/places/619177,medium,"A reviewed ancient settlement, people, archaeological horizon, or physical landscape replaces the later map label.",false
location,bogd,ulaan_province,land,Xiongnu Gobi Altai Lava Bench,local geographic stem / AD 1 archaeological-horizon label / English,horizon-landform reconstruction,installed:in_game/map_data/location_templates.txt;GEO-PROXY,medium,The geographic stem is placed in an AD 1 cultural horizon and physical setting without projecting a later town.,false
location,bogesund,vastergotland_province,land,North-Germanic Roslagen Coastlands,ancient or indigenous name / English,reviewed ancient anchor or period landscape reconstruction,GEO-PROXY,medium,"A reviewed ancient settlement, people, archaeological horizon, or physical landscape replaces the later map label.",false
location,bogiston,chach_province,land,Chach Fanakat Sogdiana Limestone Piedmont,local geographic stem / AD 1 archaeological-horizon label / English,horizon-landform reconstruction,installed:in_game/map_data/location_templates.txt;GEO-PROXY,medium,The geographic stem is placed in an AD 1 cultural horizon and physical setting without projecting a later town.,false
location,bogoroditsk,tula_russia_province,land,Zarubintsy Upper-Don Lands,ancient or indigenous name / English,reviewed ancient anchor or period landscape reconstruction,GEO-PROXY,medium,"A reviewed ancient settlement, people, archaeological horizon, or physical landscape replaces the later map label.",false
location,bogorodskoye,novosil_province,land,Zarubintsy Oka-Don Woodlands,ancient or indigenous name / English,reviewed ancient anchor or period landscape reconstruction,GEO-PROXY,medium,"A reviewed ancient settlement, people, archaeological horizon, or physical landscape replaces the later map label.",false
location,bogorodskoye_pereyaslavl,pereyaslavl_province,land,Finnic Upper-Volga Woodlands,ancient or indigenous name / English,reviewed ancient anchor or period landscape reconstruction,GEO-PROXY,medium,"A reviewed ancient settlement, people, archaeological horizon, or physical landscape replaces the later map label.",false
location,bogra,bogra_province,land,Pundravardhana Karatoya Vanga Pine Shelf,local geographic stem / AD 1 archaeological-horizon label / English,horizon-landform reconstruction,installed:in_game/map_data/location_templates.txt;GEO-PROXY,medium,The geographic stem is placed in an AD 1 cultural horizon and physical setting without projecting a later town.,false
location,boguchany,manzaya_province,land,Chuna Angara Taiga Juniper Glen,local geographic stem / AD 1 archaeological-horizon label / English,horizon-landform reconstruction,installed:in_game/map_data/location_templates.txt;GEO-PROXY,medium,The geographic stem is placed in an AD 1 cultural horizon and physical setting without projecting a later town.,false
location,boguchar,kashary_province,land,Tanais Aorsi Steppe Hazel Glen,local geographic stem / AD 1 archaeological-horizon label / English,horizon-landform reconstruction,installed:in_game/map_data/location_templates.txt;GEO-PROXY,medium,The geographic stem is placed in an AD 1 cultural horizon and physical setting without projecting a later town.,false
location,bogue_chitto,bulbancha_province,land,Tchefuncte Marksville Interior Fern Heath,ancient or indigenous name / English,reviewed ancient anchor or period landscape reconstruction,GEO-PROXY,medium,"A reviewed ancient settlement, people, archaeological horizon, or physical landscape replaces the later map label.",false
location,bohai,binzhou_province,land,Qiansheng Coast Qi Willow Fen,local geographic stem / AD 1 archaeological-horizon label / English,horizon-landform reconstruction,installed:in_game/map_data/location_templates.txt;GEO-PROXY,medium,The geographic stem is placed in an AD 1 cultural horizon and physical setting without projecting a later town.,false
location,bohai_sea,bohai_sea_province,sea,Bó Hǎi Yān Pearl Seaway,local maritime stem / English,physical-reach AD 1 reconstruction,GEO-PROXY,medium,"The water cell is distinguished by coastal, island, or open-water geography rather than a later jurisdiction.",false
location,bohai_strait,bohai_strait_province,sea,Liaodong Shandong Zhongyuan Monsoon Anchorage,local geographic stem / AD 1 archaeological-horizon label / English,horizon-landform reconstruction,installed:in_game/map_data/location_templates.txt;GEO-PROXY,medium,The geographic stem is placed in an AD 1 cultural horizon and physical setting without projecting a later town.,false
location,bohan,la_plata_province,land,Paraná Mound Uruguay Alder Meadow,local geographic stem / AD 1 archaeological-horizon label / English,horizon-landform reconstruction,installed:in_game/map_data/location_templates.txt;GEO-PROXY,medium,The geographic stem is placed in an AD 1 cultural horizon and physical setting without projecting a later town.,false
location,bohio,magua_province,land,Cibao Saladoid Greater Granite Escarpment,local geographic stem / AD 1 archaeological-horizon label / English,horizon-landform reconstruction,installed:in_game/map_data/location_templates.txt;GEO-PROXY,medium,The geographic stem is placed in an AD 1 cultural horizon and physical setting without projecting a later town.,false
location,bohol_sea,bohol_coast_sea_province,sea,Philippine Inter Yavadvipa Islandward Swell,local geographic stem / AD 1 archaeological-horizon label / English,horizon-landform reconstruction,installed:in_game/map_data/location_templates.txt;GEO-PROXY,medium,The geographic stem is placed in an AD 1 cultural horizon and physical setting without projecting a later town.,false
location,bohol_strait,bohol_coast_sea_province,sea,Philippine Inter Yavadvipa Monsoon Crossing,local geographic stem / AD 1 archaeological-horizon label / English,horizon-landform reconstruction,installed:in_game/map_data/location_templates.txt;GEO-PROXY,medium,The geographic stem is placed in an AD 1 cultural horizon and physical setting without projecting a later town.,false
location,bohorodchany,halych_province,land,Dniester Prut Lipița Palm Glen,local geographic stem / AD 1 archaeological-horizon label / English,horizon-landform reconstruction,installed:in_game/map_data/location_templates.txt;GEO-PROXY,medium,The geographic stem is placed in an AD 1 cultural horizon and physical setting without projecting a later town.,false
location,bohuslav,porossia_province,land,Ros Dnieper Zarubintsy Limestone Barrens,local geographic stem / AD 1 archaeological-horizon label / English,horizon-landform reconstruction,installed:in_game/map_data/location_templates.txt;GEO-PROXY,medium,The geographic stem is placed in an AD 1 cultural horizon and physical setting without projecting a later town.,false
location,boi,gurgueia_province,land,Boi Uplands,local geographic stem / AD 1 archaeological-horizon label / English,horizon-landform reconstruction,installed:in_game/map_data/location_templates.txt;GEO-PROXY,medium,The geographic stem is placed in an AD 1 cultural horizon and physical setting without projecting a later town.,false
location,boi_point,guaratuba_coastal_sea_zones_province,sea,Boi Offing,local maritime stem / English,physical-reach AD 1 reconstruction,GEO-PROXY,medium,"The water cell is distinguished by coastal, island, or open-water geography rather than a later jurisdiction.",false
location,boiaca,boiaca_province,land,Herrera Cordillera Orinoco Granite Escarpment,local geographic stem / AD 1 archaeological-horizon label / English,horizon-landform reconstruction,installed:in_game/map_data/location_templates.txt;GEO-PROXY,medium,The geographic stem is placed in an AD 1 cultural horizon and physical setting without projecting a later town.,false
location,boigu_island,kerema_coastal_sea_zones_province,sea,Papuan Malagasy Post Sheltered Anchorage,local maritime stem / English,physical-reach AD 1 reconstruction,GEO-PROXY,medium,"The water cell is distinguished by coastal, island, or open-water geography rather than a later jurisdiction.",false
location,boiken,banaro_province,land,Sepik Chambri Huon Oak Meadow,local geographic stem / AD 1 archaeological-horizon label / English,horizon-landform reconstruction,installed:in_game/map_data/location_templates.txt;GEO-PROXY,medium,The geographic stem is placed in an AD 1 cultural horizon and physical setting without projecting a later town.,false
location,boisvert_point,saint_lawrence_coast_sea_zones_province,sea,Innu Gaspé Estuary,ancient or indigenous name / English,reviewed ancient anchor or period landscape reconstruction,GEO-PROXY,medium,"A reviewed ancient settlement, people, archaeological horizon, or physical landscape replaces the later map label.",false
location,bojador,saguia_el_hamra_province,land,Gaetulian Atlantic Cape,ancient or indigenous name / English,reviewed ancient anchor or period landscape reconstruction,GEO-PROXY,medium,"A reviewed ancient settlement, people, archaeological horizon, or physical landscape replaces the later map label.",false
location,bojamba,bena_province,land,Lulua Kasai Lukenie Lava Terraces,local geographic stem / AD 1 archaeological-horizon label / English,horizon-landform reconstruction,installed:in_game/map_data/location_templates.txt;GEO-PROXY,medium,The geographic stem is placed in an AD 1 cultural horizon and physical setting without projecting a later town.,false
location,bojano,molise_province,land,Pomeranian Noteć Woodlands,ancient or indigenous name / English,reviewed ancient anchor or period landscape reconstruction,GEO-PROXY,medium,"A reviewed ancient settlement, people, archaeological horizon, or physical landscape replaces the later map label.",false
location,bojaya,kuna_province,land,Atrato Urabá Early Cypress Glen,local geographic stem / AD 1 archaeological-horizon label / English,horizon-landform reconstruction,installed:in_game/map_data/location_templates.txt;GEO-PROXY,medium,The geographic stem is placed in an AD 1 cultural horizon and physical setting without projecting a later town.,false
location,bojnord,bojnurd_province,land,Aparni Parthian Kopet Chalk Breaks,local geographic stem / AD 1 archaeological-horizon label / English,horizon-landform reconstruction,installed:in_game/map_data/location_templates.txt;GEO-PROXY,medium,The geographic stem is placed in an AD 1 cultural horizon and physical setting without projecting a later town.,false
location,boke,guinean_coast_province,land,Rio Grande Nunez Limestone Escarpment,local geographic stem / AD 1 archaeological-horizon label / English,horizon-landform reconstruction,installed:in_game/map_data/location_templates.txt;GEO-PROXY,medium,The geographic stem is placed in an AD 1 cultural horizon and physical setting without projecting a later town.,false
location,bokey,bolkhuny_province,land,Rha Caspian Sarmatian Hazel Downs,local geographic stem / AD 1 archaeological-horizon label / English,horizon-landform reconstruction,installed:in_game/map_data/location_templates.txt;GEO-PROXY,medium,The geographic stem is placed in an AD 1 cultural horizon and physical setting without projecting a later town.,false
location,bokna_fjord,south_norwegian_coast,sea,Sogne Hardanger Scandian Windward Passage,local geographic stem / AD 1 archaeological-horizon label / English,horizon-landform reconstruction,installed:in_game/map_data/location_templates.txt;GEO-PROXY,medium,The geographic stem is placed in an AD 1 cultural horizon and physical setting without projecting a later town.,false
location,bokoni,ntsoana_tsatsi_province,land,Vaal Caledon Hunter Karst Piedmont,local geographic stem / AD 1 archaeological-horizon label / English,horizon-landform reconstruction,installed:in_game/map_data/location_templates.txt;GEO-PROXY,medium,The geographic stem is placed in an AD 1 cultural horizon and physical setting without projecting a later town.,false
location,bokoro,sao_province,land,Sao Logone Chari Cedar Moor,local geographic stem / AD 1 archaeological-horizon label / English,horizon-landform reconstruction,installed:in_game/map_data/location_templates.txt;GEO-PROXY,medium,The geographic stem is placed in an AD 1 cultural horizon and physical setting without projecting a later town.,false
location,bokovskaya,kashary_province,land,Tanais Aorsi Steppe Spruce Downs,local geographic stem / AD 1 archaeological-horizon label / English,horizon-landform reconstruction,installed:in_game/map_data/location_templates.txt;GEO-PROXY,medium,The geographic stem is placed in an AD 1 cultural horizon and physical setting without projecting a later town.,false
location,bol_shaya_martynovka,semikarakorsk_province,land,Sarmatian Tanais Manych Limestone Terraces,local geographic stem / AD 1 archaeological-horizon label / English,horizon-landform reconstruction,installed:in_game/map_data/location_templates.txt;GEO-PROXY,medium,The geographic stem is placed in an AD 1 cultural horizon and physical setting without projecting a later town.,false
location,bol_shoy_uran,sorochinskaya_province,land,Sarmatian Samara Buzuluk Salt Moor,local geographic stem / AD 1 archaeological-horizon label / English,horizon-landform reconstruction,installed:in_game/map_data/location_templates.txt;GEO-PROXY,medium,The geographic stem is placed in an AD 1 cultural horizon and physical setting without projecting a later town.,false
location,bola,lamogai_province,land,Muso Nakanai Post Oak Breaks,local geographic stem / AD 1 archaeological-horizon label / English,horizon-landform reconstruction,installed:in_game/map_data/location_templates.txt;GEO-PROXY,medium,The geographic stem is placed in an AD 1 cultural horizon and physical setting without projecting a later town.,false
location,boldyzh,trubchevsk_province,land,Zarubintsy Desna Seym Birch Thicket,local geographic stem / AD 1 archaeological-horizon label / English,horizon-landform reconstruction,installed:in_game/map_data/location_templates.txt;GEO-PROXY,medium,The geographic stem is placed in an AD 1 cultural horizon and physical setting without projecting a later town.,false
location,bole,dagbon_province,land,Volta Oti Savannas Peat Hollow,local geographic stem / AD 1 archaeological-horizon label / English,horizon-landform reconstruction,installed:in_game/map_data/location_templates.txt;GEO-PROXY,medium,The geographic stem is placed in an AD 1 cultural horizon and physical setting without projecting a later town.,false
location,bolekhiv,zhydachiv_province,land,Przeworsk Dniester Stryi Spruce Escarpment,local geographic stem / AD 1 archaeological-horizon label / English,horizon-landform reconstruction,installed:in_game/map_data/location_templates.txt;GEO-PROXY,medium,The geographic stem is placed in an AD 1 cultural horizon and physical setting without projecting a later town.,false
location,boleslawiec,legnica_province,land,Oder Kaczawa Przeworsk Basalt Springhead,local geographic stem / AD 1 archaeological-horizon label / English,horizon-landform reconstruction,installed:in_game/map_data/location_templates.txt;GEO-PROXY,medium,The geographic stem is placed in an AD 1 cultural horizon and physical setting without projecting a later town.,false
location,bolgan_ana,sarysu_province,land,Kangju Sarysu Aral Hazel Meadow,local geographic stem / AD 1 archaeological-horizon label / English,horizon-landform reconstruction,installed:in_game/map_data/location_templates.txt;GEO-PROXY,medium,The geographic stem is placed in an AD 1 cultural horizon and physical setting without projecting a later town.,false
location,bolghar,bolghar_province,land,Volga Kama Pyanobor Oak Glen,local geographic stem / AD 1 archaeological-horizon label / English,horizon-landform reconstruction,installed:in_game/map_data/location_templates.txt;GEO-PROXY,medium,The geographic stem is placed in an AD 1 cultural horizon and physical setting without projecting a later town.,false
location,boli,bolon_province,land,Amur Sungari Pol Willow Carr,local geographic stem / AD 1 archaeological-horizon label / English,horizon-landform reconstruction,installed:in_game/map_data/location_templates.txt;GEO-PROXY,medium,The geographic stem is placed in an AD 1 cultural horizon and physical setting without projecting a later town.,false
location,bolikham,muang_phuan_province,land,Xiangkhouang Mekong Mun Karst Terraces,local geographic stem / AD 1 archaeological-horizon label / English,horizon-landform reconstruction,installed:in_game/map_data/location_templates.txt;GEO-PROXY,medium,The geographic stem is placed in an AD 1 cultural horizon and physical setting without projecting a later town.,false
location,bolinao,samtoy_province,land,Lingayen Ilocos Metal Hazel Bench,local geographic stem / AD 1 archaeological-horizon label / English,horizon-landform reconstruction,installed:in_game/map_data/location_templates.txt;GEO-PROXY,medium,The geographic stem is placed in an AD 1 cultural horizon and physical setting without projecting a later town.,false
location,bolkhov,karachev_province,land,Oka Desna Gorodets Sage Scrub,local geographic stem / AD 1 archaeological-horizon label / English,horizon-landform reconstruction,installed:in_game/map_data/location_templates.txt;GEO-PROXY,medium,The geographic stem is placed in an AD 1 cultural horizon and physical setting without projecting a later town.,false
location,bolkhuny,bolkhuny_province,land,Rha Caspian Sarmatian Fern Breaks,local geographic stem / AD 1 archaeological-horizon label / English,horizon-landform reconstruction,installed:in_game/map_data/location_templates.txt;GEO-PROXY,medium,The geographic stem is placed in an AD 1 cultural horizon and physical setting without projecting a later town.,false
location,bolling,western_jutland_province,land,Ambrones Charudes Coast Alder Moor,local geographic stem / AD 1 archaeological-horizon label / English,horizon-landform reconstruction,installed:in_game/map_data/location_templates.txt;GEO-PROXY,medium,The geographic stem is placed in an AD 1 cultural horizon and physical setting without projecting a later town.,false
location,bolo,upper_cagayan_province,land,Cagayan Valley Luzon Cypress Shelf,local geographic stem / AD 1 archaeological-horizon label / English,horizon-landform reconstruction,installed:in_game/map_data/location_templates.txt;GEO-PROXY,medium,The geographic stem is placed in an AD 1 cultural horizon and physical setting without projecting a later town.,false
location,bolodek,chumikan_province,land,Uda Maya Taiga Cedar Glen,local geographic stem / AD 1 archaeological-horizon label / English,horizon-landform reconstruction,installed:in_game/map_data/location_templates.txt;GEO-PROXY,medium,The geographic stem is placed in an AD 1 cultural horizon and physical setting without projecting a later town.,false
location,bologna,bologna_province,land,Bononia,ancient or indigenous name / English,reviewed ancient anchor or period landscape reconstruction,GEO-PROXY,high,"A reviewed ancient settlement, people, archaeological horizon, or physical landscape replaces the later map label.",false
location,bologoye,yazhelbitskaya_province,land,Valdai Msta Late Juniper Savanna,local geographic stem / AD 1 archaeological-horizon label / English,horizon-landform reconstruction,installed:in_game/map_data/location_templates.txt;GEO-PROXY,medium,The geographic stem is placed in an AD 1 cultural horizon and physical setting without projecting a later town.,false
location,bolotnye,krivoshchekovo_province,land,Sargat Ob Baraba Elm Heath,local geographic stem / AD 1 archaeological-horizon label / English,horizon-landform reconstruction,installed:in_game/map_data/location_templates.txt;GEO-PROXY,medium,The geographic stem is placed in an AD 1 cultural horizon and physical setting without projecting a later town.,false
location,bolshaya_gribanovka,borisoglebsk_province,land,Aorsi Tanais Khoper Oak Meadow,local geographic stem / AD 1 archaeological-horizon label / English,horizon-landform reconstruction,installed:in_game/map_data/location_templates.txt;GEO-PROXY,medium,The geographic stem is placed in an AD 1 cultural horizon and physical setting without projecting a later town.,false
location,bolshaya_laptyuga,ust_sysola_province,land,Permic Sysola Vychegda Willow Grove,local geographic stem / AD 1 archaeological-horizon label / English,horizon-landform reconstruction,installed:in_game/map_data/location_templates.txt;GEO-PROXY,medium,The geographic stem is placed in an AD 1 cultural horizon and physical setting without projecting a later town.,false
location,bolshaya_yakshanga,orlov_province,land,Glyadenovo Vyatka Vokhma Alder Heath,local geographic stem / AD 1 archaeological-horizon label / English,horizon-landform reconstruction,installed:in_game/map_data/location_templates.txt;GEO-PROXY,medium,The geographic stem is placed in an AD 1 cultural horizon and physical setting without projecting a later town.,false
location,bolshevo,bely_province,land,Dvina Mezha Dnieper Pine Barrens,local geographic stem / AD 1 archaeological-horizon label / English,horizon-landform reconstruction,installed:in_game/map_data/location_templates.txt;GEO-PROXY,medium,The geographic stem is placed in an AD 1 cultural horizon and physical setting without projecting a later town.,false
location,bolshie_krugovichi,kletsk_province,land,Pripet Neman Striated Pine Glen,local geographic stem / AD 1 archaeological-horizon label / English,horizon-landform reconstruction,installed:in_game/map_data/location_templates.txt;GEO-PROXY,medium,The geographic stem is placed in an AD 1 cultural horizon and physical setting without projecting a later town.,false
location,bolshoy_balyk,surgut_province,land,Middle Ob Yugan Willow Grove,local geographic stem / AD 1 archaeological-horizon label / English,horizon-landform reconstruction,installed:in_game/map_data/location_templates.txt;GEO-PROXY,medium,The geographic stem is placed in an AD 1 cultural horizon and physical setting without projecting a later town.,false
location,bolshoy_cheremshan,sergiyevsk_province,land,Gorodets Samara Pyanobor Palm Springhead,local geographic stem / AD 1 archaeological-horizon label / English,horizon-landform reconstruction,installed:in_game/map_data/location_templates.txt;GEO-PROXY,medium,The geographic stem is placed in an AD 1 cultural horizon and physical setting without projecting a later town.,false
location,bolshoy_gashun,semikarakorsk_province,land,Sarmatian Tanais Manych Basalt Moor,local geographic stem / AD 1 archaeological-horizon label / English,horizon-landform reconstruction,installed:in_game/map_data/location_templates.txt;GEO-PROXY,medium,The geographic stem is placed in an AD 1 cultural horizon and physical setting without projecting a later town.,false
location,bolshoy_ik,krasnaya_gorka_province,land,Sarmatian Belaya Ufa Willow Timberline,local geographic stem / AD 1 archaeological-horizon label / English,horizon-landform reconstruction,installed:in_game/map_data/location_templates.txt;GEO-PROXY,medium,The geographic stem is placed in an AD 1 cultural horizon and physical setting without projecting a later town.,false
location,bolshoy_kosogol,novosyolovo_province,lake,Tashtyk Chulym Yenisei Spring Mere,local hydronym / AD 1 horizon / English,horizon lake-country reconstruction,installed:in_game/map_data/location_templates.txt;GEO-PROXY,medium,The lake is placed in its AD 1 cultural and ecological landscape rather than treated as a later settlement.,false
location,bolshoy_uluy,bolshoy_uluy_province,land,Middle Chulym Ket Juniper Heath,local geographic stem / AD 1 archaeological-horizon label / English,horizon-landform reconstruction,installed:in_game/map_data/location_templates.txt;GEO-PROXY,medium,The geographic stem is placed in an AD 1 cultural horizon and physical setting without projecting a later town.,false
location,bolshoy_uvat,tobolsk_province,lake,Sargat Tobol Irtysh Willow Saltpan,local hydronym / AD 1 horizon / English,horizon lake-country reconstruction,installed:in_game/map_data/location_templates.txt;GEO-PROXY,medium,The lake is placed in its AD 1 cultural and ecological landscape rather than treated as a later settlement.,false
location,bolshoy_yugan,surgut_province,land,Middle Ob Kulay Alder Timberline,local geographic stem / AD 1 archaeological-horizon label / English,horizon-landform reconstruction,installed:in_game/map_data/location_templates.txt;GEO-PROXY,medium,The geographic stem is placed in an AD 1 cultural horizon and physical setting without projecting a later town.,false
location,bolshoye_boldino,sarov_province,land,Gorodets Moksha Sura Flint Ridge,local geographic stem / AD 1 archaeological-horizon label / English,horizon-landform reconstruction,installed:in_game/map_data/location_templates.txt;GEO-PROXY,medium,The geographic stem is placed in an AD 1 cultural horizon and physical setting without projecting a later town.,false
location,bolshoye_murashkino,alatyr_province,land,Gorodets Sura Oka Cypress Ridge,local geographic stem / AD 1 archaeological-horizon label / English,horizon-landform reconstruction,installed:in_game/map_data/location_templates.txt;GEO-PROXY,medium,The geographic stem is placed in an AD 1 cultural horizon and physical setting without projecting a later town.,false
location,bolshoye_selo,yaroslavl_province,land,Kotorosl Volga Dyakovo Cedar Ridge,local geographic stem / AD 1 archaeological-horizon label / English,horizon-landform reconstruction,installed:in_game/map_data/location_templates.txt;GEO-PROXY,medium,The geographic stem is placed in an AD 1 cultural horizon and physical setting without projecting a later town.,false
location,bolshoye_topolnoye,bursol_province,lake,Kulunda Salt Steppe Reed Lagoon,local hydronym / AD 1 horizon / English,horizon lake-country reconstruction,installed:in_game/map_data/location_templates.txt;GEO-PROXY,medium,The lake is placed in its AD 1 cultural and ecological landscape rather than treated as a later settlement.,false
location,bolshoye_yarovoye,bursol_province,lake,Kulunda Salt Steppe Peat Saltpan,local hydronym / AD 1 horizon / English,horizon lake-country reconstruction,installed:in_game/map_data/location_templates.txt;GEO-PROXY,medium,The lake is placed in its AD 1 cultural and ecological landscape rather than treated as a later settlement.,false
location,bolu,bolu_province,land,Bithynion,ancient or indigenous name / English,reviewed ancient anchor or period landscape reconstruction,https://pleiades.stoa.org/places/844879,medium,"A reviewed ancient settlement, people, archaeological horizon, or physical landscape replaces the later map label.",false
location,boluo,huizhou_guangdong_province,land,Nanhai Lingnan Dian Hazel Heath,local geographic stem / AD 1 archaeological-horizon label / English,horizon-landform reconstruction,installed:in_game/map_data/location_templates.txt;GEO-PROXY,medium,The geographic stem is placed in an AD 1 cultural horizon and physical setting without projecting a later town.,false
location,boluohe,southern_sakhalin_province,land,Susuya Pol tse Cypress Barrens,local geographic stem / AD 1 archaeological-horizon label / English,horizon-landform reconstruction,installed:in_game/map_data/location_templates.txt;GEO-PROXY,medium,The geographic stem is placed in an AD 1 cultural horizon and physical setting without projecting a later town.,false
location,bolvadin,beysehir_province,land,Orondeis Pisidian Phrygia Basalt Shelf,local geographic stem / AD 1 archaeological-horizon label / English,horizon-landform reconstruction,installed:in_game/map_data/location_templates.txt;GEO-PROXY,medium,The geographic stem is placed in an AD 1 cultural horizon and physical setting without projecting a later town.,false
location,bolzano,south_tirol_province,land,Raetian Athesis Isarcus Oak Timberline,local geographic stem / AD 1 archaeological-horizon label / English,horizon-landform reconstruction,installed:in_game/map_data/location_templates.txt;GEO-PROXY,medium,The geographic stem is placed in an AD 1 cultural horizon and physical setting without projecting a later town.,false
location,boma,east_lekumu_province,land,Mai Ndombe Fimi Reed Fen,local geographic stem / AD 1 archaeological-horizon label / English,horizon-landform reconstruction,installed:in_game/map_data/location_templates.txt;GEO-PROXY,medium,The geographic stem is placed in an AD 1 cultural horizon and physical setting without projecting a later town.,false
location,bombay,north_konkan,land,Dounga,ancient or indigenous name / English,reviewed ancient anchor or period landscape reconstruction,https://pleiades.stoa.org/places/49968,medium,"A reviewed ancient settlement, people, archaeological horizon, or physical landscape replaces the later map label.",false
location,bombetoka_bay,iboina_coast_sea_province,sea,Western-Malagasy Betsiboka Bay,ancient or indigenous name / English,reviewed ancient anchor or period landscape reconstruction,GEO-PROXY,medium,"A reviewed ancient settlement, people, archaeological horizon, or physical landscape replaces the later map label.",false
location,bombwi,upper_zambezi_province,land,Zambezi Cuando Farmer Limestone Foothills,local geographic stem / AD 1 archaeological-horizon label / English,horizon-landform reconstruction,installed:in_game/map_data/location_templates.txt;GEO-PROXY,medium,The geographic stem is placed in an AD 1 cultural horizon and physical setting without projecting a later town.,false
location,bomdila,itanagar_province,land,Subansiri Kameng Himalayan Willow Barrens,local geographic stem / AD 1 archaeological-horizon label / English,horizon-landform reconstruction,installed:in_game/map_data/location_templates.txt;GEO-PROXY,medium,The geographic stem is placed in an AD 1 cultural horizon and physical setting without projecting a later town.,false
location,bomokandi,bomokandi_province,land,Uele Ubangi Chad Palm Thicket,local geographic stem / AD 1 archaeological-horizon label / English,horizon-landform reconstruction,installed:in_game/map_data/location_templates.txt;GEO-PROXY,medium,The geographic stem is placed in an AD 1 cultural horizon and physical setting without projecting a later town.,false
location,bomoping,fangzhou_province,land,Hanzhong Fangling Gorge Pine Glen,local geographic stem / AD 1 archaeological-horizon label / English,horizon-landform reconstruction,installed:in_game/map_data/location_templates.txt;GEO-PROXY,medium,The geographic stem is placed in an AD 1 cultural horizon and physical setting without projecting a later town.,false
location,bon_irau_jungle,doberai_province,land,Doberai Maybrat Bird Hazel Hollow,local geographic stem / AD 1 archaeological-horizon label / English,horizon-landform reconstruction,installed:in_game/map_data/location_templates.txt;GEO-PROXY,medium,The geographic stem is placed in an AD 1 cultural horizon and physical setting without projecting a later town.,false
location,bonaigarh,raigadh_garjats,land,Mahākāntāra Mahanadī Kalinga Flint Foothills,local geographic stem / AD 1 archaeological-horizon label / English,horizon-landform reconstruction,installed:in_game/map_data/location_templates.txt;GEO-PROXY,medium,The geographic stem is placed in an AD 1 cultural horizon and physical setting without projecting a later town.,false
location,bonaire_coast,venezuela_sea_zones_province,sea,Saladoid Paria Margarita Pelagic Swell,local maritime stem / English,physical-reach AD 1 reconstruction,GEO-PROXY,medium,"The water cell is distinguished by coastal, island, or open-water geography rather than a later jurisdiction.",false
location,bonanza,han_hwechin_province,land,Okjeo Hamgyong Highlands,ancient or indigenous name / English,reviewed ancient anchor or period landscape reconstruction,GEO-PROXY,medium,"A reviewed ancient settlement, people, archaeological horizon, or physical landscape replaces the later map label.",false
location,bonavista_bay,newfoundland_coast_province,sea,Beothuk Eastern-Island Bay,ancient or indigenous name / English,reviewed ancient anchor or period landscape reconstruction,GEO-PROXY,medium,"A reviewed ancient settlement, people, archaeological horizon, or physical landscape replaces the later map label.",false
location,bondari,tambov_province,land,Tsna Vorona Gorodets Pine Heath,local geographic stem / AD 1 archaeological-horizon label / English,horizon-landform reconstruction,installed:in_game/map_data/location_templates.txt;GEO-PROXY,medium,The geographic stem is placed in an AD 1 cultural horizon and physical setting without projecting a later town.,false
location,bondelswarts,khomani_province,land,Orange Auob Aridland Sandstone Terraces,local geographic stem / AD 1 archaeological-horizon label / English,horizon-landform reconstruction,installed:in_game/map_data/location_templates.txt;GEO-PROXY,medium,The geographic stem is placed in an AD 1 cultural horizon and physical setting without projecting a later town.,false
location,bondo,malanji_province,land,Middle Kwanza Kassanje Karst Ridge,local geographic stem / AD 1 archaeological-horizon label / English,horizon-landform reconstruction,installed:in_game/map_data/location_templates.txt;GEO-PROXY,medium,The geographic stem is placed in an AD 1 cultural horizon and physical setting without projecting a later town.,false
location,bondoukou,bono_province,land,Black Volta Tano Cypress Hollow,local geographic stem / AD 1 archaeological-horizon label / English,horizon-landform reconstruction,installed:in_game/map_data/location_templates.txt;GEO-PROXY,medium,The geographic stem is placed in an AD 1 cultural horizon and physical setting without projecting a later town.,false
location,bone,bone_province,land,Sulawesi Metal Yavadvipa Spruce Glen,local geographic stem / AD 1 archaeological-horizon label / English,horizon-landform reconstruction,installed:in_game/map_data/location_templates.txt;GEO-PROXY,medium,The geographic stem is placed in an AD 1 cultural horizon and physical setting without projecting a later town.,false
location,bone_bay,butung_coast_sea_province,sea,Buton Wakatobi Yavadvipa Stormward Crossing,local geographic stem / AD 1 archaeological-horizon label / English,horizon-landform reconstruction,installed:in_game/map_data/location_templates.txt;GEO-PROXY,medium,The geographic stem is placed in an AD 1 cultural horizon and physical setting without projecting a later town.,false
location,bong_son,vijaya_province,land,Sa Huynh Amaravati Granite Shelf,local geographic stem / AD 1 archaeological-horizon label / English,horizon-landform reconstruction,installed:in_game/map_data/location_templates.txt;GEO-PROXY,medium,The geographic stem is placed in an AD 1 cultural horizon and physical setting without projecting a later town.,false
location,bonga,sidamo_province,land,Omo Gibe Blue Karst Breaks,local geographic stem / AD 1 archaeological-horizon label / English,horizon-landform reconstruction,installed:in_game/map_data/location_templates.txt;GEO-PROXY,medium,The geographic stem is placed in an AD 1 cultural horizon and physical setting without projecting a later town.,false
location,bongao,sulu_province,land,Basilan Maritime Agusan Granite Glen,local geographic stem / AD 1 archaeological-horizon label / English,horizon-landform reconstruction,installed:in_game/map_data/location_templates.txt;GEO-PROXY,medium,The geographic stem is placed in an AD 1 cultural horizon and physical setting without projecting a later town.,false
location,bonghwa,andong_province,land,Jinhan Inland Byeonhan Chalk Piedmont,local geographic stem / AD 1 archaeological-horizon label / English,horizon-landform reconstruction,installed:in_game/map_data/location_templates.txt;GEO-PROXY,medium,The geographic stem is placed in an AD 1 cultural horizon and physical setting without projecting a later town.,false
location,bongju,hwangju_province,land,Lelang Mahan Borderlands Karst Ridge,local geographic stem / AD 1 archaeological-horizon label / English,horizon-landform reconstruction,installed:in_game/map_data/location_templates.txt;GEO-PROXY,medium,The geographic stem is placed in an AD 1 cultural horizon and physical setting without projecting a later town.,false
location,bongor,masa_province,land,Chari Logone Iron Alder Moor,local geographic stem / AD 1 archaeological-horizon label / English,horizon-landform reconstruction,installed:in_game/map_data/location_templates.txt;GEO-PROXY,medium,The geographic stem is placed in an AD 1 cultural horizon and physical setting without projecting a later town.,false
location,bonifacio,pumonte_province,land,Fretum Gallicum,ancient or indigenous name / English,reviewed ancient anchor or period landscape reconstruction,GEO-PROXY,medium,"A reviewed ancient settlement, people, archaeological horizon, or physical landscape replaces the later map label.",false
location,bonn,koln_bucht_province,land,Bonna,ancient or indigenous name / English,reviewed ancient anchor or period landscape reconstruction,GEO-PROXY,high,"A reviewed ancient settlement, people, archaeological horizon, or physical landscape replaces the later map label.",false
location,bonndorf,schwarzwald_province,land,Tenedo,ancient or indigenous name / English,reviewed ancient anchor or period landscape reconstruction,https://pleiades.stoa.org/places/177639,medium,"A reviewed ancient settlement, people, archaeological horizon, or physical landscape replaces the later map label.",false
location,bonny,bonny_province,land,Niger-Delta Estuary,ancient or indigenous name / English,reviewed ancient anchor or period landscape reconstruction,GEO-PROXY,medium,"A reviewed ancient settlement, people, archaeological horizon, or physical landscape replaces the later map label.",false
location,bono_manso,bono_province,land,Black Volta Tano Hazel Thicket,local geographic stem / AD 1 archaeological-horizon label / English,horizon-landform reconstruction,installed:in_game/map_data/location_templates.txt;GEO-PROXY,medium,The geographic stem is placed in an AD 1 cultural horizon and physical setting without projecting a later town.,false
location,boojwiikwedong,boojwiikwedong_province,land,Green Winnebago Great Palm Timberline,local geographic stem / AD 1 archaeological-horizon label / English,horizon-landform reconstruction,installed:in_game/map_data/location_templates.txt;GEO-PROXY,medium,The geographic stem is placed in an AD 1 cultural horizon and physical setting without projecting a later town.,false
location,bookabie,tidni_province,land,Wirangu Coastal Plain,ancient or indigenous name / English,reviewed ancient anchor or period landscape reconstruction,GEO-PROXY,medium,"A reviewed ancient settlement, people, archaeological horizon, or physical landscape replaces the later map label.",false
location,bool,central_visayas_province,land,Cebu Bohol Networks Salt Piedmont,local geographic stem / AD 1 archaeological-horizon label / English,horizon-landform reconstruction,installed:in_game/map_data/location_templates.txt;GEO-PROXY,medium,The geographic stem is placed in an AD 1 cultural horizon and physical setting without projecting a later town.,false
location,boon_wurrung,braiakalung_province,land,Gunai Lutruwita Millewa Sage Piedmont,local geographic stem / AD 1 archaeological-horizon label / English,horizon-landform reconstruction,installed:in_game/map_data/location_templates.txt;GEO-PROXY,medium,The geographic stem is placed in an AD 1 cultural horizon and physical setting without projecting a later town.,false
location,boontsagaan,valley_of_the_lakes_province,land,Xiongnu Böön-Tsagaan Lake Country,ancient or indigenous name / English,reviewed ancient anchor or period landscape reconstruction,GEO-PROXY,medium,"A reviewed ancient settlement, people, archaeological horizon, or physical landscape replaces the later map label.",false
location,boorj,lower_onon_province,land,Xiongnu Onon Valleys Chalk Escarpment,local geographic stem / AD 1 archaeological-horizon label / English,horizon-landform reconstruction,installed:in_game/map_data/location_templates.txt;GEO-PROXY,medium,The geographic stem is placed in an AD 1 cultural horizon and physical setting without projecting a later town.,false
location,boowe,moyen_ogoowe_province,land,Ogooué Ivindo Chad Juniper Springhead,local geographic stem / AD 1 archaeological-horizon label / English,horizon-landform reconstruction,installed:in_game/map_data/location_templates.txt;GEO-PROXY,medium,The geographic stem is placed in an AD 1 cultural horizon and physical setting without projecting a later town.,false
location,bopolu,kpelle_province,land,St Paul Cavally Limestone Terraces,local geographic stem / AD 1 archaeological-horizon label / English,horizon-landform reconstruction,installed:in_game/map_data/location_templates.txt;GEO-PROXY,medium,The geographic stem is placed in an AD 1 cultural horizon and physical setting without projecting a later town.,false
location,bor,equatoria_province,land,Bor Marshlands,local geographic stem / AD 1 archaeological-horizon label / English,horizon-landform reconstruction,installed:in_game/map_data/location_templates.txt;GEO-PROXY,medium,The geographic stem is placed in an AD 1 cultural horizon and physical setting without projecting a later town.,false
location,bor_tur,nigde_province,land,Tyana,ancient or indigenous name / English,reviewed ancient anchor or period landscape reconstruction,GEO-PROXY,high,"A reviewed ancient settlement, people, archaeological horizon, or physical landscape replaces the later map label.",false
location,bor_volgo,rzhev_province,land,Dyakovo Volga Ilmen Flint Scrub,ancient or indigenous name / English,reviewed ancient anchor or period landscape reconstruction,GEO-PROXY,medium,"A reviewed ancient settlement, people, archaeological horizon, or physical landscape replaces the later map label.",false
location,borac,bosnia_province,land,Daesitiates Bosna Drina Cypress Hollow,local geographic stem / AD 1 archaeological-horizon label / English,horizon-landform reconstruction,installed:in_game/map_data/location_templates.txt;GEO-PROXY,medium,The geographic stem is placed in an AD 1 cultural horizon and physical setting without projecting a later town.,false
location,borazjan,kazerun_province,land,Taoke,ancient or indigenous name / English,reviewed ancient anchor or period landscape reconstruction,https://pleiades.stoa.org/places/922626,medium,"A reviewed ancient settlement, people, archaeological horizon, or physical landscape replaces the later map label.",false
location,borborud,borujerd_province,land,Elymaian Median Zagros Granite Ridge,local geographic stem / AD 1 archaeological-horizon label / English,horizon-landform reconstruction,installed:in_game/map_data/location_templates.txt;GEO-PROXY,medium,The geographic stem is placed in an AD 1 cultural horizon and physical setting without projecting a later town.,false
location,bordeaux,bordelais_province,land,Burdigala,ancient or indigenous name / English,reviewed ancient anchor or period landscape reconstruction,https://pleiades.stoa.org/places/138248,high,"A reviewed ancient settlement, people, archaeological horizon, or physical landscape replaces the later map label.",false
location,bordj_bou_arreridj,kabylia_province,land,Sitifis Numidian Tell Flint Shelf,local geographic stem / AD 1 archaeological-horizon label / English,horizon-landform reconstruction,installed:in_game/map_data/location_templates.txt;GEO-PROXY,medium,The geographic stem is placed in an AD 1 cultural horizon and physical setting without projecting a later town.,false
location,bordowa,baro_bhuyan_province,land,Prāgjyotiṣa Brahmaputra Ambari Elm Hollow,local geographic stem / AD 1 archaeological-horizon label / English,horizon-landform reconstruction,installed:in_game/map_data/location_templates.txt;GEO-PROXY,medium,The geographic stem is placed in an AD 1 cultural horizon and physical setting without projecting a later town.,false
location,bore,hayre_province,land,Niger Bend Bandiagara Lava Escarpment,local geographic stem / AD 1 archaeological-horizon label / English,horizon-landform reconstruction,installed:in_game/map_data/location_templates.txt;GEO-PROXY,medium,The geographic stem is placed in an AD 1 cultural horizon and physical setting without projecting a later town.,false
location,borenta,hombori_province,land,Gourma Niger Bend Birch Scrub,local geographic stem / AD 1 archaeological-horizon label / English,horizon-landform reconstruction,installed:in_game/map_data/location_templates.txt;GEO-PROXY,medium,The geographic stem is placed in an AD 1 cultural horizon and physical setting without projecting a later town.,false
location,borg,ostfold_province,land,Foldafjord Early Germanic Hazel Timberline,local geographic stem / AD 1 archaeological-horizon label / English,horizon-landform reconstruction,installed:in_game/map_data/location_templates.txt;GEO-PROXY,medium,The geographic stem is placed in an AD 1 cultural horizon and physical setting without projecting a later town.,false
location,borgarnes,west_farthing,land,North-Atlantic Borgarfjörður Coastlands,ancient or indigenous name / English,reviewed ancient anchor or period landscape reconstruction,GEO-PROXY,medium,"A reviewed ancient settlement, people, archaeological horizon, or physical landscape replaces the later map label.",false
location,borgloon,loon_province,land,Eburones Hesbaye Plain,ancient or indigenous name / English,reviewed ancient anchor or period landscape reconstruction,GEO-PROXY,medium,"A reviewed ancient settlement, people, archaeological horizon, or physical landscape replaces the later map label.",false
location,borgund,romsdalen_province,land,North-Germanic Sogne Fjordlands,ancient or indigenous name / English,reviewed ancient anchor or period landscape reconstruction,GEO-PROXY,medium,"A reviewed ancient settlement, people, archaeological horizon, or physical landscape replaces the later map label.",false
location,borisogleb,rostov_province,land,Merya Nero-Lake Woodlands,ancient or indigenous name / English,reviewed ancient anchor or period landscape reconstruction,GEO-PROXY,medium,"A reviewed ancient settlement, people, archaeological horizon, or physical landscape replaces the later map label.",false
location,borisoglebsk,borisoglebsk_province,land,Sarmatian Khoper Riverlands,ancient or indigenous name / English,reviewed ancient anchor or period landscape reconstruction,GEO-PROXY,medium,"A reviewed ancient settlement, people, archaeological horizon, or physical landscape replaces the later map label.",false
location,bormio,valtellina_province,land,Aquae Bormiae,ancient or indigenous name / English,reviewed ancient anchor or period landscape reconstruction,https://pleiades.stoa.org/places/187289,medium,"A reviewed ancient settlement, people, archaeological horizon, or physical landscape replaces the later map label.",false
location,borneo_jungle1,borneo_impassable_jungle_province,land,Southwestern Equatorial Lowlands,ancient or indigenous name / English,reviewed ancient anchor or period landscape reconstruction,GEO-PROXY,medium,"A reviewed ancient settlement, people, archaeological horizon, or physical landscape replaces the later map label.",false
location,borneo_jungle10,borneo_impassable_jungle_province,land,Southwestern Equatorial Highlands,ancient or indigenous name / English,reviewed ancient anchor or period landscape reconstruction,GEO-PROXY,medium,"A reviewed ancient settlement, people, archaeological horizon, or physical landscape replaces the later map label.",false
location,borneo_jungle11,borneo_impassable_jungle_province,land,Headwater Northeastern Equatorial of the Island,ancient or indigenous name / English,reviewed ancient anchor or period landscape reconstruction,GEO-PROXY,medium,"A reviewed ancient settlement, people, archaeological horizon, or physical landscape replaces the later map label.",false
location,borneo_jungle12,borneo_impassable_jungle_province,land,Southeastern Equatorial Highlands,ancient or indigenous name / English,reviewed ancient anchor or period landscape reconstruction,GEO-PROXY,medium,"A reviewed ancient settlement, people, archaeological horizon, or physical landscape replaces the later map label.",false
location,borneo_jungle13,borneo_impassable_jungle_province,land,Southwestern Equatorial Forest,ancient or indigenous name / English,reviewed ancient anchor or period landscape reconstruction,GEO-PROXY,medium,"A reviewed ancient settlement, people, archaeological horizon, or physical landscape replaces the later map label.",false
location,borneo_jungle14,borneo_impassable_jungle_province,land,Southwestern Lower Equatorial Forest,ancient or indigenous name / English,reviewed ancient anchor or period landscape reconstruction,GEO-PROXY,medium,"A reviewed ancient settlement, people, archaeological horizon, or physical landscape replaces the later map label.",false
location,borneo_jungle2,borneo_impassable_jungle_province,land,Southeastern Equatorial Hills,ancient or indigenous name / English,reviewed ancient anchor or period landscape reconstruction,GEO-PROXY,medium,"A reviewed ancient settlement, people, archaeological horizon, or physical landscape replaces the later map label.",false
location,borneo_jungle3,borneo_impassable_jungle_province,land,Southwestern Inner Equatorial Forest,ancient or indigenous name / English,reviewed ancient anchor or period landscape reconstruction,GEO-PROXY,medium,"A reviewed ancient settlement, people, archaeological horizon, or physical landscape replaces the later map label.",false
location,borneo_jungle4,borneo_impassable_jungle_province,land,Northern Equatorial Open Country,ancient or indigenous name / English,reviewed ancient anchor or period landscape reconstruction,GEO-PROXY,medium,"A reviewed ancient settlement, people, archaeological horizon, or physical landscape replaces the later map label.",false
location,borneo_jungle5,borneo_impassable_jungle_province,land,Foothill Northeastern Equatorial of the Island,ancient or indigenous name / English,reviewed ancient anchor or period landscape reconstruction,GEO-PROXY,medium,"A reviewed ancient settlement, people, archaeological horizon, or physical landscape replaces the later map label.",false
location,borneo_jungle6,borneo_impassable_jungle_province,land,Riverward Northeastern Equatorial Highlands,ancient or indigenous name / English,reviewed ancient anchor or period landscape reconstruction,GEO-PROXY,medium,"A reviewed ancient settlement, people, archaeological horizon, or physical landscape replaces the later map label.",false
location,borneo_jungle7,borneo_impassable_jungle_province,land,Eastern Equatorial Forest,ancient or indigenous name / English,reviewed ancient anchor or period landscape reconstruction,GEO-PROXY,medium,"A reviewed ancient settlement, people, archaeological horizon, or physical landscape replaces the later map label.",false
location,borneo_jungle8,borneo_impassable_jungle_province,land,Northeastern Equatorial of the Island,ancient or indigenous name / English,reviewed ancient anchor or period landscape reconstruction,GEO-PROXY,medium,"A reviewed ancient settlement, people, archaeological horizon, or physical landscape replaces the later map label.",false
location,borneo_jungle9,borneo_impassable_jungle_province,land,Coastward Northeastern Equatorial Highlands,ancient or indigenous name / English,reviewed ancient anchor or period landscape reconstruction,GEO-PROXY,medium,"A reviewed ancient settlement, people, archaeological horizon, or physical landscape replaces the later map label.",false
location,bornuur,kharaa_province,land,Xiongnu Kharaa Eroo Sandstone Escarpment,local geographic stem / AD 1 archaeological-horizon label / English,horizon-landform reconstruction,installed:in_game/map_data/location_templates.txt;GEO-PROXY,medium,The geographic stem is placed in an AD 1 cultural horizon and physical setting without projecting a later town.,false
location,borobudur,mataram_province,land,Kedu Plain Settlements,ancient or indigenous name / English,reviewed ancient anchor or period landscape reconstruction,GEO-PROXY,medium,"A reviewed ancient settlement, people, archaeological horizon, or physical landscape replaces the later map label.",false
location,borohoro1,bortala_province,land,Wusun of the Borohoro–Ebi Highlands,local geographic stem / AD 1 archaeological-horizon label / English,horizon-landform reconstruction,installed:in_game/map_data/location_templates.txt;GEO-PROXY,medium,The geographic stem is placed in an AD 1 cultural horizon and physical setting without projecting a later town.,false
location,borohoro2,almaliq_province,land,Northeastern Ili Wusun Highlands,local geographic stem / AD 1 archaeological-horizon label / English,horizon-landform reconstruction,installed:in_game/map_data/location_templates.txt;GEO-PROXY,medium,The geographic stem is placed in an AD 1 cultural horizon and physical setting without projecting a later town.,false
location,borohoro3,yangjibaliq_province,land,Jushi–Bogda Xiongnu March Highlands,local geographic stem / AD 1 archaeological-horizon label / English,horizon-landform reconstruction,installed:in_game/map_data/location_templates.txt;GEO-PROXY,medium,The geographic stem is placed in an AD 1 cultural horizon and physical setting without projecting a later town.,false
location,boromo,mouhoun_province,land,Mouhoun Black Volta Fern Heath,local geographic stem / AD 1 archaeological-horizon label / English,horizon-landform reconstruction,installed:in_game/map_data/location_templates.txt;GEO-PROXY,medium,The geographic stem is placed in an AD 1 cultural horizon and physical setting without projecting a later town.,false
location,borongan,samar_province,land,Kalanay Horizon Samar Granite Breaks,local geographic stem / AD 1 archaeological-horizon label / English,horizon-landform reconstruction,installed:in_game/map_data/location_templates.txt;GEO-PROXY,medium,The geographic stem is placed in an AD 1 cultural horizon and physical setting without projecting a later town.,false
location,boronuk,bagatai_province,land,Batagay Yana Sartang Cypress Heath,local geographic stem / AD 1 archaeological-horizon label / English,horizon-landform reconstruction,installed:in_game/map_data/location_templates.txt;GEO-PROXY,medium,The geographic stem is placed in an AD 1 cultural horizon and physical setting without projecting a later town.,false
location,boror,ucungo_province,land,Early Bantu Zambezi Cypress Thicket,local geographic stem / AD 1 archaeological-horizon label / English,horizon-landform reconstruction,installed:in_game/map_data/location_templates.txt;GEO-PROXY,medium,The geographic stem is placed in an AD 1 cultural horizon and physical setting without projecting a later town.,false
location,bororos,uberaba_province,land,Macro Jê Paranaíba Flint Terraces,local geographic stem / AD 1 archaeological-horizon label / English,horizon-landform reconstruction,installed:in_game/map_data/location_templates.txt;GEO-PROXY,medium,The geographic stem is placed in an AD 1 cultural horizon and physical setting without projecting a later town.,false
location,borovichi,bezhetskaya_province,land,Finnic Msta Woodlands,ancient or indigenous name / English,reviewed ancient anchor or period landscape reconstruction,GEO-PROXY,medium,"A reviewed ancient settlement, people, archaeological horizon, or physical landscape replaces the later map label.",false
